image,score_new_minus_old,old_crack_epe_px,new_crack_epe_px,delta_crack_epe_px_positive_is_better,old_global_epe_px,new_global_epe_px,delta_global_epe_px_positive_is_better,old_warp_crack_dice,new_warp_crack_dice,delta_warp_crack_dice_positive_is_better,old_crack_edge_fidelity,new_crack_edge_fidelity,delta_crack_edge_fidelity_positive_is_better,old_global_edge_fidelity,new_global_edge_fidelity,delta_global_edge_fidelity_positive_is_better,old_folding_rate,new_folding_rate,delta_folding_rate_positive_is_better,old_crack_ratio,new_crack_ratio,joint_failure_score
crack0001_00.png,2.8008872985839846,105.11248779296875,103.69632720947266,1.4161605834960938,112.90878295898438,111.36714172363281,1.5416412353515625,0.21573001146316528,0.2241707444190979,0.008440732955932617,0.4635399580001831,0.4596741795539856,-0.0038657784461975098,0.4394819736480713,0.4442957043647766,0.004813730716705322,0.5915186405181885,0.5853325724601746,0.006186068058013916,0.20257893204689026,0.20257893204689026,115.12135243415833
crack0001_01.png,4.251120519638062,124.08488464355469,120.95796203613281,3.126922607421875,110.99090576171875,109.30804443359375,1.682861328125,0.23274919390678406,0.23913730680942535,0.006388112902641296,0.37164413928985596,0.3663533926010132,-0.0052907466888427734,0.36784452199935913,0.3695753216743469,0.001730799674987793,0.5829911828041077,0.5792003273963928,0.0037908554077148438,0.22484156489372253,0.22484156489372253,131.876119017601
crack0001_02.png,2.794484758377075,106.05683898925781,104.26822662353516,1.7886123657226562,113.3348388671875,111.60386657714844,1.7309722900390625,0.21118983626365662,0.2112094908952713,1.965463161468506e-05,0.2543529272079468,0.2584213614463806,0.004068434238433838,0.30864423513412476,0.32458096742630005,0.015936732292175293,0.5852556824684143,0.5815263390541077,0.0037293434143066406,0.1662106215953827,0.1662106215953827,115.90136992931366
crack0001_03.png,3.4004657745361326,105.71255493164062,104.33460235595703,1.3779525756835938,113.80814361572266,112.82159423828125,0.9865493774414062,0.26468774676322937,0.2798067331314087,0.015118986368179321,0.40097755193710327,0.41195589303970337,0.010978341102600098,0.3867253065109253,0.3990703821182251,0.012345075607299805,0.5836332440376282,0.5841522216796875,-0.0005189776420593262,0.2581266462802887,0.2581266164779663,112.50840270519257
crack0001_04.png,5.029782009124756,99.86181640625,97.72021484375,2.1416015625,111.44498443603516,109.40235900878906,2.0426254272460938,0.2318219691514969,0.24368415772914886,0.011862188577651978,0.37728583812713623,0.3967468738555908,0.01946103572845459,0.3902434706687927,0.4107455015182495,0.020502030849456787,0.5897731781005859,0.5811803340911865,0.008592844009399414,0.19837027788162231,0.19837027788162231,108.47262459993362
crack0001_05.png,4.860856246948242,112.34788513183594,109.86163330078125,2.4862518310546875,107.69940185546875,106.6009521484375,1.09844970703125,0.28030091524124146,0.2919003963470459,0.011599481105804443,0.3971909284591675,0.4175129532814026,0.020322024822235107,0.36685556173324585,0.38633930683135986,0.019483745098114014,0.5866358876228333,0.5817762613296509,0.004859626293182373,0.2655094861984253,0.2655094861984253,117.75213980674744
crack0001_06.png,3.388650321960449,114.69264221191406,113.01659393310547,1.6760482788085938,112.12110137939453,110.97888946533203,1.1422119140625,0.24545219540596008,0.2508547008037567,0.005402505397796631,0.46735942363739014,0.4828492999076843,0.01548987627029419,0.47952765226364136,0.4878727197647095,0.008345067501068115,0.5838639140129089,0.578765869140625,0.0050980448722839355,0.15343789756298065,0.15343788266181946,122.48204290866852
crack0001_07.png,4.779287815093994,100.24010467529297,97.57301330566406,2.6670913696289062,112.30039978027344,110.76856994628906,1.531829833984375,0.25193068385124207,0.26238173246383667,0.010451048612594604,0.4574372172355652,0.46449846029281616,0.0070612430572509766,0.40758049488067627,0.4197429418563843,0.012162446975708008,0.594429075717926,0.5849058032035828,0.009523272514343262,0.24245218932628632,0.24245217442512512,107.56788098812103
crack0001_08.png,3.5795523643493654,113.27913665771484,110.84813690185547,2.430999755859375,111.60435485839844,110.34400939941406,1.260345458984375,0.3166045844554901,0.31629401445388794,-0.00031057000160217285,0.4971941113471985,0.5104154348373413,0.013221323490142822,0.47632330656051636,0.4880565404891968,0.01173323392868042,0.5854978561401367,0.5819876790046692,0.0035101771354675293,0.16685649752616882,0.16685649752616882,116.50591015815735
crack0001_09.png,1.8952829360961916,99.91950988769531,98.32418823242188,1.5953216552734375,110.819580078125,109.40416717529297,1.4154129028320312,0.28160855174064636,0.27421835064888,-0.007390201091766357,0.42635631561279297,0.43156349658966064,0.005207180976867676,0.4464038610458374,0.4540407657623291,0.007636904716491699,0.5858669877052307,0.5829488635063171,0.0029181241989135742,0.2565203905105591,0.2565203905105591,106.10342752933502
crack0002_00.png,1.7667991638183593,108.9613265991211,110.051025390625,-1.0896987915039062,112.73411560058594,111.7319107055664,1.0022048950195312,0.2866629660129547,0.30579036474227905,0.01912739872932434,0.20272690057754517,0.22449761629104614,0.021770715713500977,0.27159368991851807,0.28530657291412354,0.013712882995605469,0.5813494920730591,0.5799846053123474,0.00136488676071167,0.10501857101917267,0.10501857101917267,115.56037771701813
crack0002_01.png,-2.312038707733154,129.69857788085938,131.3587188720703,-1.6601409912109375,121.67079162597656,120.61087036132812,1.0599212646484375,0.2845332622528076,0.28026053309440613,-0.004272729158401489,0.30174756050109863,0.2794017195701599,-0.02234584093093872,0.38799935579299927,0.3888041377067566,0.0008047819137573242,0.5886428356170654,0.5846481919288635,0.003994643688201904,0.13827738165855408,0.13827736675739288,137.2587298154831
crack0002_02.png,-1.2197175025939941,118.56031036376953,120.3826904296875,-1.8223800659179688,117.03117370605469,116.33537292480469,0.69580078125,0.348377525806427,0.3488636016845703,0.00048607587814331055,0.3455347418785095,0.34785759449005127,0.002322852611541748,0.3584787845611572,0.3598060607910156,0.0013272762298583984,0.5877009034156799,0.5828873515129089,0.004813551902770996,0.1288696974515915,0.1288696974515915,122.07688498497009
crack0002_03.png,1.5205782890319823,117.66973876953125,118.84197235107422,-1.1722335815429688,117.95265197753906,116.27745056152344,1.675201416015625,0.3073754906654358,0.31269487738609314,0.005319386720657349,0.31485164165496826,0.34922558069229126,0.034373939037323,0.4143281579017639,0.4247429370880127,0.01041477918624878,0.5905075073242188,0.5849519371986389,0.005555570125579834,0.11817693710327148,0.11817693710327148,123.43362641334534
crack0002_04.png,-2.4933847427368163,133.88668823242188,135.96273803710938,-2.0760498046875,122.9302978515625,121.70259094238281,1.2277069091796875,0.3160398006439209,0.30911022424697876,-0.006929576396942139,0.29645633697509766,0.2852751612663269,-0.011181175708770752,0.3525583744049072,0.347059428691864,-0.005498945713043213,0.5856055617332458,0.5832756757736206,0.002329885959625244,0.14195916056632996,0.14195916056632996,139.80232214927673
crack0002_05.png,-1.8007620811462401,130.72930908203125,132.9886932373047,-2.2593841552734375,121.78825378417969,120.84607696533203,0.9421768188476562,0.3350234627723694,0.33398935198783875,-0.0010341107845306396,0.40302228927612305,0.4065537452697754,0.0035314559936523438,0.4148852825164795,0.4144206643104553,-0.0004646182060241699,0.57760089635849,0.5770203471183777,0.0005805492401123047,0.11589434742927551,0.11589434742927551,134.92367589473724
crack0002_06.png,3.264147186279297,140.13937377929688,138.3202667236328,1.8191070556640625,126.72463989257812,124.9716567993164,1.7529830932617188,0.2808542251586914,0.27505922317504883,-0.005795001983642578,0.26459068059921265,0.2886984348297119,0.024107754230499268,0.3382929563522339,0.35840368270874023,0.020110726356506348,0.5911188125610352,0.5850403904914856,0.0060784220695495605,0.1280955970287323,0.1280955970287323,146.37101936340332
crack0002_07.png,-9.460408687591553,103.96971893310547,111.64998626708984,-7.680267333984375,113.14178466796875,111.47613525390625,1.6656494140625,0.3559333384037018,0.3420487940311432,-0.013884544372558594,0.34462231397628784,0.3069944977760315,-0.03762781620025635,0.36036360263824463,0.36598581075668335,0.005622208118438721,0.5829373598098755,0.5787004828453064,0.004236876964569092,0.09904506802558899,0.09904506802558899,110.60441935062408
crack0002_08.png,-1.590742015838623,120.55265808105469,122.81170654296875,-2.2590484619140625,112.18904113769531,110.73111724853516,1.4579238891601562,0.3710670471191406,0.37811049818992615,0.0070434510707855225,0.3404307961463928,0.32833391427993774,-0.012096881866455078,0.37801504135131836,0.375545859336853,-0.002469182014465332,0.5792964100837708,0.5791580080986023,0.00013840198516845703,0.11995213478803635,0.11995213478803635,122.59001588821411
crack0002_09.png,-3.0847440719604493,107.2802505493164,110.95545196533203,-3.675201416015625,111.38658142089844,110.13313293457031,1.253448486328125,0.3917103111743927,0.3952348232269287,0.0035245120525360107,0.2574291229248047,0.2527570128440857,-0.004672110080718994,0.3726502060890198,0.37233966588974,-0.00031054019927978516,0.5822529792785645,0.5824029445648193,-0.0001499652862548828,0.11696051806211472,0.11696052551269531,108.91135036945343
crack0003_00.png,-0.6647248268127441,118.5287094116211,119.2645034790039,-0.7357940673828125,114.88045501708984,113.34812927246094,1.5323257446289062,0.17872759699821472,0.17052987217903137,-0.00819772481918335,0.0,0.0,0.0,0.0,0.0,0.0,0.5875893831253052,0.5847404599189758,0.0028489232063293457,0.11957511305809021,0.11957510560750961,132.16838943958282
crack0003_01.png,2.291298246383667,119.55508422851562,118.8611068725586,0.6939773559570312,117.23561096191406,115.96895599365234,1.2666549682617188,0.19808830320835114,0.20816904306411743,0.010080739855766296,0.0,0.0,0.0,0.0,0.0,0.0,0.586747407913208,0.5796424150466919,0.007104992866516113,0.09913885593414307,0.09913885593414307,130.79269367456436
crack0003_02.png,0.9998277664184569,95.99278259277344,94.94429779052734,1.0484848022460938,108.56333923339844,108.0037841796875,0.5595550537109375,0.18884854018688202,0.1834067851305008,-0.005441755056381226,0.0,0.0,0.0,0.0,0.03201061487197876,0.03201061487197876,0.5842329859733582,0.580161452293396,0.004071533679962158,0.10084910690784454,0.10084911435842514,107.83345252275467
crack0003_03.png,2.5007817268371584,111.52953338623047,110.8617935180664,0.6677398681640625,107.78446197509766,106.78775024414062,0.9967117309570312,0.27215704321861267,0.28785276412963867,0.015695720911026,0.0,0.0,0.0,0.0,0.0,0.0,0.5865051746368408,0.5820376873016357,0.004467487335205078,0.10439929366111755,0.10439929366111755,118.32644784450531
crack0003_04.png,-2.8548392772674562,97.96394348144531,97.23365783691406,0.73028564453125,109.78701782226562,110.07080078125,-0.283782958984375,0.22495336830615997,0.1796358823776245,-0.04531748592853546,0.0,0.0,0.0,0.0,0.05873221158981323,0.05873221158981323,0.5883814096450806,0.5845367312431335,0.0038446784019470215,0.09947497397661209,0.09947497397661209,110.35590410232544
crack0003_05.png,8.007946586608886,120.00901794433594,116.25480651855469,3.75421142578125,116.34391021728516,113.14869689941406,3.1952133178710938,0.242853581905365,0.2769119441509247,0.03405836224555969,0.0,0.0,0.0,0.0,0.0,0.0,0.5961092114448547,0.5898346900939941,0.006274521350860596,0.1173633337020874,0.1173633337020874,127.4050657749176
crack0003_06.png,-5.587128639221191,110.0146713256836,110.46871185302734,-0.45404052734375,111.18412780761719,110.73239135742188,0.4517364501953125,0.1976596862077713,0.1298264116048813,-0.06783327460289001,0.0,0.0,0.0,0.0,0.0,0.0,0.5897846817970276,0.5869626998901367,0.002821981906890869,0.09991790354251862,0.09991791844367981,126.0434941649437
crack0003_07.png,0.20553836822509775,95.8340072631836,94.16952514648438,1.6644821166992188,107.42680358886719,108.4427490234375,-1.0159454345703125,0.21433834731578827,0.20055459439754486,-0.013783752918243408,0.0,0.0,0.0,0.0,0.0,0.0,0.586551308631897,0.5852979421615601,0.001253366470336914,0.10389700531959534,0.10389700531959534,106.43054288625717
crack0003_08.png,1.4104907989501951,102.67050170898438,98.99168395996094,3.6788177490234375,111.10072326660156,111.50871276855469,-0.407989501953125,0.2015152871608734,0.17365175485610962,-0.027863532304763794,0.0,0.0,0.0,0.0,0.0,0.0,0.588623583316803,0.5855247974395752,0.003098785877227783,0.09292099624872208,0.09292098879814148,113.9569308757782
crack0003_09.png,5.046432971954346,110.72332000732422,107.10958862304688,3.6137313842773438,115.79045867919922,111.71563720703125,4.074821472167969,0.18171526491641998,0.17725451290607452,-0.004460752010345459,0.0,0.0,0.0,0.0,0.0,0.0,0.5796578526496887,0.5756670236587524,0.003990828990936279,0.09756283462047577,0.09756283462047577,121.46749764680862
crack0004_00.png,-1.040310001373291,108.1438980102539,107.37300109863281,0.7708969116210938,106.5792236328125,105.0640869140625,1.51513671875,0.3726769983768463,0.3059733808040619,-0.06670361757278442,0.0,0.06791990995407104,0.06791990995407104,0.18657296895980835,0.224196195602417,0.03762322664260864,0.5897501111030579,0.5846943259239197,0.005055785179138184,0.10235156863927841,0.10235156863927841,112.99005115032196
crack0004_01.png,1.1376580238342284,109.50314331054688,109.767333984375,-0.264190673828125,105.67957305908203,105.32131958007812,0.35825347900390625,0.2573026418685913,0.25807908177375793,0.000776439905166626,0.2638859748840332,0.2970185875892639,0.03313261270523071,0.2197224497795105,0.22662270069122314,0.0069002509117126465,0.5746520757675171,0.5778738856315613,-0.0032218098640441895,0.13342131674289703,0.13342133164405823,117.31203556060791
crack0004_02.png,1.5954565048217773,108.36791229248047,108.55716705322266,-0.1892547607421875,106.5941162109375,105.54109191894531,1.0530242919921875,0.26063501834869385,0.27146655321121216,0.01083153486251831,0.0952380895614624,0.10834687948226929,0.013108789920806885,0.22748512029647827,0.2564176321029663,0.028932511806488037,0.5826413035392761,0.5833256244659424,-0.0006843209266662598,0.13177454471588135,0.13177454471588135,116.15746355056763
crack0004_03.png,1.171790313720703,100.49300384521484,100.42163848876953,0.0713653564453125,104.78680419921875,104.13673400878906,0.6500701904296875,0.31548041105270386,0.30512845516204834,-0.010351955890655518,0.15219080448150635,0.18781083822250366,0.035620033740997314,0.267659068107605,0.2608069181442261,-0.006852149963378906,0.5853710174560547,0.5792772173881531,0.006093800067901611,0.11057727038860321,0.11057726293802261,105.56445455551147
crack0004_04.png,-1.4503162860870362,122.0857162475586,123.53089904785156,-1.4451828002929688,117.06182861328125,117.06517028808594,-0.0033416748046875,0.21137124300003052,0.19489921629428864,-0.016472026705741882,0.1971462368965149,0.22432833909988403,0.02718210220336914,0.243821918964386,0.23257744312286377,-0.011244475841522217,0.5945367217063904,0.5888696908950806,0.0056670308113098145,0.1537206768989563,0.1537206768989563,134.89582353830338
crack0004_05.png,3.9761404991149902,111.88920593261719,110.27348327636719,1.61572265625,109.51646423339844,108.25055694580078,1.2659072875976562,0.34035852551460266,0.33805957436561584,-0.0022989511489868164,0.32908564805984497,0.3747138977050781,0.045628249645233154,0.3704124689102173,0.37574076652526855,0.0053282976150512695,0.5804460048675537,0.575124979019165,0.005321025848388672,0.15855690836906433,0.15855690836906433,114.01561033725739
crack0004_06.png,1.7263986587524414,109.1454849243164,110.15632629394531,-1.0108413696289062,110.2984848022461,109.6465072631836,0.6519775390625,0.3017287850379944,0.30549225211143494,0.0037634670734405518,0.1533554196357727,0.20563286542892456,0.052277445793151855,0.2003498673439026,0.24822711944580078,0.04787725210189819,0.5863744616508484,0.5842676162719727,0.0021068453788757324,0.15409721434116364,0.15409721434116364,115.00215697288513
crack0004_07.png,0.3646989822387696,100.00489044189453,98.06360626220703,1.9412841796875,106.44837951660156,105.08666229248047,1.3617172241210938,0.4458271563053131,0.4144285321235657,-0.031398624181747437,0.0,0.0,0.0,0.18377381563186646,0.17387068271636963,-0.009903132915496826,0.5947750806808472,0.5850096344947815,0.009765446186065674,0.12383512407541275,0.12383513152599335,97.95953965187073
crack0004_08.png,4.383850383758545,106.56880950927734,105.82852172851562,0.7402877807617188,109.34175109863281,107.75205993652344,1.589691162109375,0.32394182682037354,0.31902942061424255,-0.0049124062061309814,0.14149367809295654,0.22616076469421387,0.08466708660125732,0.14526325464248657,0.19898992776870728,0.0537266731262207,0.5816878080368042,0.5813379287719727,0.00034987926483154297,0.17653876543045044,0.17653878033161163,110.3244127035141
crack0004_09.png,-4.4747314453125,102.45501708984375,103.11186218261719,-0.6568450927734375,103.20420837402344,103.33978271484375,-0.1355743408203125,0.3617521822452545,0.3176184594631195,-0.04413372278213501,0.03863042593002319,0.032891035079956055,-0.005739390850067139,0.07620656490325928,0.03701221942901611,-0.039194345474243164,0.5852710604667664,0.5853556394577026,-8.45789909362793e-05,0.12279215455055237,0.12279215455055237,107.1405576467514
crack0005_00.png,5.131637048721314,98.74579620361328,95.87139129638672,2.8744049072265625,104.89411926269531,103.3171157836914,1.5770034790039062,0.24313105642795563,0.25173622369766235,0.008605167269706726,0.49795717000961304,0.5231876969337463,0.0252305269241333,0.4015016555786133,0.43983572721481323,0.03833407163619995,0.5795962810516357,0.5813763737678528,-0.001780092716217041,0.20253926515579224,0.20253926515579224,105.97578531503677
crack0005_01.png,1.5088172912597657,101.3587646484375,99.46343231201172,1.8953323364257812,112.5764389038086,111.13026428222656,1.4461746215820312,0.2770244777202606,0.27158045768737793,-0.00544402003288269,0.34547269344329834,0.33371245861053467,-0.011760234832763672,0.35085874795913696,0.3558824062347412,0.005023658275604248,0.5851210951805115,0.5865974426269531,-0.0014763474464416504,0.21761998534202576,0.21761998534202576,107.58016872406006
crack0005_02.png,3.276746225357056,92.3839340209961,91.00049591064453,1.3834381103515625,109.33186340332031,108.78242492675781,0.5494384765625,0.2271953523159027,0.24054591357707977,0.013350561261177063,0.36368948221206665,0.37459754943847656,0.010908067226409912,0.33105772733688354,0.36126744747161865,0.030209720134735107,0.5930449962615967,0.5888158679008484,0.004229128360748291,0.25102299451828003,0.25102299451828003,101.78229367733002
crack0005_03.png,2.304352951049805,97.72752380371094,96.15253448486328,1.5749893188476562,108.52157592773438,107.55740356445312,0.96417236328125,0.213979110121727,0.21443875133991241,0.0004596412181854248,0.41057878732681274,0.4187363386154175,0.008157551288604736,0.33203017711639404,0.3449940085411072,0.012963831424713135,0.5821337699890137,0.582618236541748,-0.000484466552734375,0.21311336755752563,0.21311336755752563,107.40601199865341
crack0005_04.png,2.991812753677368,92.44231414794922,90.53173065185547,1.91058349609375,101.29521179199219,100.26361083984375,1.0316009521484375,0.22093825042247772,0.23038464784622192,0.009446397423744202,0.4704208970069885,0.46442508697509766,-0.005995810031890869,0.4289189577102661,0.43570226430892944,0.00678330659866333,0.5838754177093506,0.580057680606842,0.003817737102508545,0.22032934427261353,0.22032934427261353,101.5857440829277
crack0005_05.png,3.0235951423645018,102.07063293457031,100.14169311523438,1.9289398193359375,115.95122528076172,115.39447784423828,0.5567474365234375,0.26519498229026794,0.26113656163215637,-0.004058420658111572,0.44026756286621094,0.4663655161857605,0.02609795331954956,0.35719412565231323,0.38075774908065796,0.023563623428344727,0.5978008508682251,0.5939830541610718,0.0038177967071533203,0.24577471613883972,0.24577471613883972,109.35000336170197
crack0005_06.png,2.8454457759857177,92.43196105957031,90.78440856933594,1.647552490234375,108.55366516113281,107.36491394042969,1.188751220703125,0.22469602525234222,0.22922417521476746,0.004528149962425232,0.37680578231811523,0.3807458281517029,0.0039400458335876465,0.3321419358253479,0.35631394386291504,0.02417200803756714,0.5818454623222351,0.5767819881439209,0.005063474178314209,0.19751125574111938,0.19751125574111938,101.400241792202
crack0005_07.png,6.8374124526977536,94.78166961669922,91.27300262451172,3.5086669921875,112.44764709472656,109.71599578857422,2.7316513061523438,0.2675803601741791,0.28001099824905396,0.012430638074874878,0.44170480966567993,0.46725547313690186,0.025550663471221924,0.37616968154907227,0.4098636507987976,0.03369396924972534,0.5854286551475525,0.5799384713172913,0.0054901838302612305,0.22634294629096985,0.22634294629096985,100.38966071605682
crack0005_08.png,1.997045564651489,98.02428436279297,95.88837432861328,2.1359100341796875,105.51042938232422,104.1414566040039,1.3689727783203125,0.23513145744800568,0.2241228222846985,-0.01100863516330719,0.45820528268814087,0.45690208673477173,-0.0013031959533691406,0.40114063024520874,0.3984113931655884,-0.0027292370796203613,0.5865205526351929,0.5803614258766174,0.0061591267585754395,0.2256229817867279,0.2256229817867279,106.96978211402893
crack0005_09.png,2.5146047592163088,94.44403076171875,93.52177429199219,0.9222564697265625,106.27208709716797,105.7149429321289,0.5571441650390625,0.20912139117717743,0.2240145355463028,0.014893144369125366,0.27688705921173096,0.27953487634658813,0.0026478171348571777,0.266584575176239,0.2933275103569031,0.026742935180664062,0.5802037715911865,0.5784006118774414,0.0018031597137451172,0.20035973191261292,0.20035973191261292,104.64376991987228
crack0006_00.png,1.0842374801635741,100.29034423828125,100.99468231201172,-0.7043380737304688,109.57968139648438,109.52145385742188,0.0582275390625,0.3320518434047699,0.333151251077652,0.00109940767288208,0.22866320610046387,0.27201515436172485,0.043351948261260986,0.2560874819755554,0.29726457595825195,0.04117709398269653,0.5795155763626099,0.5809342265129089,-0.0014186501502990723,0.15768983960151672,0.15768983960151672,103.95677173137665
crack0006_01.png,-5.699297142028809,102.02997589111328,102.92801666259766,-0.898040771484375,104.6923828125,105.06600189208984,-0.37361907958984375,0.23195210099220276,0.17208468914031982,-0.059867411851882935,0.3319087028503418,0.3315843939781189,-0.0003243088722229004,0.2901307940483093,0.2557418942451477,-0.03438889980316162,0.5800384283065796,0.5762745141983032,0.003763914108276367,0.16798068583011627,0.16798070073127747,115.35545206069946
crack0006_02.png,0.11290235519409181,92.61661529541016,92.90596771240234,-0.2893524169921875,106.18339538574219,105.89846801757812,0.2849273681640625,0.2781687080860138,0.28009703755378723,0.0019283294677734375,0.24740707874298096,0.24445992708206177,-0.0029471516609191895,0.22505474090576172,0.23502075672149658,0.009966015815734863,0.5934794545173645,0.5871818661689758,0.006297588348388672,0.14102491736412048,0.14102491736412048,99.81034719944
crack0006_03.png,2.532275104522705,93.08424377441406,93.47523498535156,-0.3909912109375,105.81858825683594,105.71527099609375,0.1033172607421875,0.3791135549545288,0.40167924761772156,0.02256569266319275,0.3431820273399353,0.37390923500061035,0.03072720766067505,0.31038105487823486,0.33198559284210205,0.021604537963867188,0.5752825736999512,0.5790926814079285,-0.003810107707977295,0.12309841066598892,0.12309841066598892,93.69663333892822
crack0006_04.png,1.2578950881958009,92.5797348022461,92.88127899169922,-0.301544189453125,112.68704986572266,112.17410278320312,0.5129470825195312,0.3596736490726471,0.3606911301612854,0.0010174810886383057,0.24396741390228271,0.2705332636833191,0.026565849781036377,0.29836446046829224,0.311603844165802,0.013239383697509766,0.5871280431747437,0.5818723440170288,0.005255699157714844,0.16034792363643646,0.16034793853759766,94.63520967960358
crack0006_05.png,-1.1166858673095703,87.24639892578125,88.18263244628906,-0.9362335205078125,109.33122253417969,108.35725402832031,0.973968505859375,0.29047298431396484,0.28237470984458923,-0.00809827446937561,0.31715381145477295,0.3177037835121155,0.0005499720573425293,0.31202709674835205,0.32319527864456177,0.011168181896209717,0.5871472358703613,0.5857516527175903,0.001395583152770996,0.1692425012588501,0.1692425012588501,94.25792253017426
crack0006_06.png,0.6555849075317384,86.14112091064453,87.1803207397461,-1.0391998291015625,109.69458770751953,108.93254089355469,0.7620468139648438,0.317537397146225,0.32755300402641296,0.010015606880187988,0.3016941547393799,0.3120983839035034,0.010404229164123535,0.3037858009338379,0.32757991552352905,0.023794114589691162,0.5887312293052673,0.5844175219535828,0.00431370735168457,0.1729971468448639,0.17299717664718628,91.15772616863251
crack0006_07.png,0.8757408142089844,93.06745147705078,94.2397689819336,-1.1723175048828125,107.87141418457031,107.82286071777344,0.048553466796875,0.3320090174674988,0.3460766673088074,0.014067649841308594,0.22638589143753052,0.24758243560791016,0.02119654417037964,0.29989707469940186,0.3365635275840759,0.03666645288467407,0.5800691843032837,0.5786851048469543,0.0013840794563293457,0.11012320965528488,0.11012321710586548,96.93583655357361
crack0006_08.png,3.787046718597412,94.48970794677734,93.19136810302734,1.29833984375,111.30186462402344,110.028564453125,1.2733001708984375,0.18516680598258972,0.18942716717720032,0.004260361194610596,0.15429586172103882,0.18675154447555542,0.0324556827545166,0.09029030799865723,0.11782586574554443,0.027535557746887207,0.596193790435791,0.5876855254173279,0.008508265018463135,0.16916029155254364,0.16916029155254364,106.5782812833786
crack0006_09.png,0.3656344413757324,108.86882019042969,108.36377716064453,0.5050430297851562,114.23086547851562,113.69425201416016,0.5366134643554688,0.38023850321769714,0.3787436783313751,-0.0014948248863220215,0.3871157169342041,0.37440282106399536,-0.01271289587020874,0.38105857372283936,0.37977516651153564,-0.001283407211303711,0.5959054231643677,0.5890542268753052,0.0068511962890625,0.21978279948234558,0.21978282928466797,109.72789490222931
crack0007_00.png,5.838865470886231,110.20877075195312,106.81446075439453,3.3943099975585938,104.23404693603516,103.54037475585938,0.6936721801757812,0.24700605869293213,0.2565431594848633,0.009537100791931152,0.37527382373809814,0.405459463596344,0.03018563985824585,0.24072468280792236,0.2684410810470581,0.027716398239135742,0.5930026769638062,0.5880853533744812,0.004917323589324951,0.16673919558525085,0.16673919558525085,117.41135931015015
crack0007_01.png,1.2578313827514647,97.42003631591797,95.51583099365234,1.904205322265625,102.67872619628906,101.18905639648438,1.4896697998046875,0.3022792935371399,0.2858136296272278,-0.01646566390991211,0.34564340114593506,0.3493833541870117,0.00373995304107666,0.26294106245040894,0.25151878595352173,-0.011422276496887207,0.5794655680656433,0.5813302397727966,-0.0018646717071533203,0.17278946936130524,0.17278948426246643,102.57232546806335
crack0007_02.png,4.222467136383057,100.38581085205078,97.20809173583984,3.1777191162109375,106.64205932617188,105.6017074584961,1.0403518676757812,0.3144952356815338,0.31257668137550354,-0.0019185543060302734,0.4524427056312561,0.4655243754386902,0.013081669807434082,0.3409518599510193,0.34873896837234497,0.007787108421325684,0.5886505246162415,0.5821799039840698,0.006470620632171631,0.17905372381210327,0.17905370891094208,103.58837139606476
crack0007_03.png,5.6673585891723635,101.43093872070312,98.27118682861328,3.1597518920898438,103.27999877929688,102.43911743164062,0.84088134765625,0.3181416392326355,0.3424263596534729,0.024284720420837402,0.5019593238830566,0.5060218572616577,0.004062533378601074,0.4105578064918518,0.4216412901878357,0.011083483695983887,0.5811342000961304,0.5794848203659058,0.0016493797302246094,0.1474006175994873,0.1474006325006485,104.00793242454529
crack0007_04.png,3.8969098091125485,110.69410705566406,107.5508804321289,3.1432266235351562,108.38530731201172,106.2196044921875,2.1657028198242188,0.29849973320961,0.3019273281097412,0.0034275949001312256,0.4561614394187927,0.43876349925994873,-0.017397940158843994,0.3662991523742676,0.35730838775634766,-0.008990764617919922,0.5867935419082642,0.57906574010849,0.00772780179977417,0.19055411219596863,0.19055411219596863,114.68425142765045
crack0007_05.png,7.954185056686401,110.4266357421875,106.51459503173828,3.9120407104492188,108.67010498046875,108.0036849975586,0.6664199829101562,0.23756901919841766,0.26759573817253113,0.030026718974113464,0.2945448160171509,0.32303690910339355,0.028492093086242676,0.14903277158737183,0.18656080961227417,0.037528038024902344,0.5936139822006226,0.5877701044082642,0.0058438777923583984,0.20079153776168823,0.20079153776168823,117.96103352308273
crack0007_06.png,5.155318546295166,119.65396118164062,116.3407974243164,3.3131637573242188,109.72224426269531,108.48075866699219,1.241485595703125,0.3080417215824127,0.3134782314300537,0.005436509847640991,0.4412519931793213,0.45732438564300537,0.016072392463684082,0.35752570629119873,0.37502384185791016,0.017498135566711426,0.5837870240211487,0.5770934224128723,0.006693601608276367,0.18690380454063416,0.18690380454063416,122.8663569688797
crack0007_07.png,7.389795970916748,113.608154296875,108.76422119140625,4.84393310546875,106.29010009765625,103.83495330810547,2.4551467895507812,0.26128441095352173,0.26773619651794434,0.006451785564422607,0.39472436904907227,0.41254985332489014,0.01782548427581787,0.33333468437194824,0.3434385657310486,0.010103881359100342,0.5980507731437683,0.5896847248077393,0.008366048336029053,0.23206445574760437,0.23206444084644318,119.43115401268005
crack0007_08.png,6.073520374298096,97.33541870117188,94.7395248413086,2.5958938598632812,104.21043395996094,103.85661315917969,0.35382080078125,0.31481805443763733,0.3462294638156891,0.03141140937805176,0.4260043501853943,0.441270649433136,0.0152662992477417,0.34292352199554443,0.3641303777694702,0.02120685577392578,0.5845559239387512,0.5792425870895386,0.0053133368492126465,0.12504097819328308,0.12504097819328308,100.53062546253204
crack0007_09.png,5.246467399597168,109.73169708251953,106.72615814208984,3.0055389404296875,104.97002410888672,104.31878662109375,0.6512374877929688,0.33552291989326477,0.3404074013233185,0.004884481430053711,0.3632645010948181,0.39734315872192383,0.03407865762710571,0.30107444524765015,0.32386940717697144,0.02279496192932129,0.5868550539016724,0.5811918377876282,0.0056632161140441895,0.18638603389263153,0.18638603389263153,111.5717545747757
crack0008_00.png,5.3329252243042,103.89558410644531,101.76309204101562,2.1324920654296875,101.214599609375,99.96160888671875,1.25299072265625,0.29277682304382324,0.30763766169548035,0.014860838651657104,0.3427011966705322,0.37968766689300537,0.036986470222473145,0.37612128257751465,0.40129661560058594,0.02517533302307129,0.5768973231315613,0.5761245489120483,0.0007727742195129395,0.14815375208854675,0.14815375208854675,108.33862161636353
crack0008_01.png,3.751460075378418,104.90093994140625,103.47108459472656,1.4298553466796875,101.0661849975586,99.35990905761719,1.7062759399414062,0.2927577793598175,0.3022603392601013,0.009502559900283813,0.3688676953315735,0.3868568539619446,0.017989158630371094,0.35228830575942993,0.37495899200439453,0.0226706862449646,0.5793310403823853,0.5753479599952698,0.0039830803871154785,0.16408318281173706,0.16408318281173706,109.79378712177277
crack0008_02.png,2.5215625762939453,110.08284759521484,108.42306518554688,1.6597824096679688,105.3421630859375,103.80972290039062,1.532440185546875,0.27928993105888367,0.2884577810764313,0.009167850017547607,0.40747886896133423,0.39313334226608276,-0.014345526695251465,0.4010230302810669,0.41064560413360596,0.009622573852539062,0.58259516954422,0.5803652405738831,0.002229928970336914,0.15786784887313843,0.15786784887313843,115.79936730861664
crack0008_03.png,2.274637794494629,113.0569839477539,111.62123107910156,1.4357528686523438,105.46549987792969,104.85569763183594,0.60980224609375,0.27388453483581543,0.27883368730545044,0.00494915246963501,0.31836438179016113,0.3201836943626404,0.001819312572479248,0.3577381372451782,0.361452579498291,0.003714442253112793,0.5906535983085632,0.5874971151351929,0.0031564831733703613,0.2196296751499176,0.2196296751499176,119.53217935562134
crack0008_04.png,1.190408706665039,124.6352310180664,122.61457061767578,2.020660400390625,105.58512878417969,103.66297912597656,1.922149658203125,0.27870917320251465,0.26206639409065247,-0.016642779111862183,0.47332143783569336,0.45941656827926636,-0.013904869556427002,0.40386199951171875,0.3948756456375122,-0.008986353874206543,0.582129955291748,0.5749173164367676,0.007212638854980469,0.20230171084403992,0.20230171084403992,131.18611538410187
crack0008_05.png,2.7779486656188963,119.93882751464844,117.34939575195312,2.5894317626953125,105.02792358398438,103.83869934082031,1.1892242431640625,0.27546483278274536,0.2817310392856598,0.006266206502914429,0.3606081008911133,0.3325880169868469,-0.028020083904266357,0.40386492013931274,0.4065433740615845,0.0026784539222717285,0.5895655751228333,0.5812572240829468,0.008308351039886475,0.13863840699195862,0.1386384218931198,125.69884467124939
crack0008_06.png,-0.4201656341552735,120.29667663574219,117.4886703491211,2.8080062866210938,102.94136047363281,101.88124084472656,1.06011962890625,0.2742515504360199,0.26989832520484924,-0.004353225231170654,0.2964637875556946,0.20580244064331055,-0.09066134691238403,0.3484789729118347,0.3066587448120117,-0.041820228099823,0.5926720499992371,0.5846097469329834,0.008062303066253662,0.16472041606903076,0.16472041606903076,126.40565598011017
crack0008_07.png,2.084753227233887,122.53353881835938,120.2391357421875,2.294403076171875,109.80068969726562,108.23959350585938,1.56109619140625,0.23594407737255096,0.23236145079135895,-0.0035826265811920166,0.4248504042625427,0.4032588005065918,-0.021591603755950928,0.4414040446281433,0.423400342464447,-0.01800370216369629,0.5926143527030945,0.5847097039222717,0.007904648780822754,0.2001877725124359,0.2001877725124359,131.14922434091568
crack0008_08.png,2.5823504447937013,122.1744155883789,120.29676818847656,1.8776473999023438,103.20767211914062,102.0230484008789,1.1846237182617188,0.26601919531822205,0.25938889384269714,-0.006630301475524902,0.5162914991378784,0.5262500047683716,0.009958505630493164,0.42425787448883057,0.4582325220108032,0.033974647521972656,0.5854940414428711,0.5764206051826477,0.009073436260223389,0.16731321811676025,0.16731321811676025,129.09201991558075
crack0008_09.png,7.049010944366455,115.39739227294922,112.12106323242188,3.2763290405273438,105.33738708496094,104.63116455078125,0.7062225341796875,0.2778171896934509,0.30280089378356934,0.024983704090118408,0.4266203045845032,0.4577024579048157,0.0310821533203125,0.4266146421432495,0.45691871643066406,0.03030407428741455,0.5795270800590515,0.5733218193054199,0.006205260753631592,0.1539730280637741,0.15397301316261292,120.27127957344055
crack0009_00.png,3.981334924697876,106.15599822998047,103.95711517333984,2.198883056640625,104.79283142089844,104.06212615966797,0.7307052612304688,0.19456467032432556,0.19792868196964264,0.0033640116453170776,0.47347360849380493,0.4964373707771301,0.022963762283325195,0.3193371295928955,0.3256577253341675,0.006320595741271973,0.5925720930099487,0.5850096344947815,0.007562458515167236,0.15424567461013794,0.15424567461013794,117.08556020259857
crack0009_01.png,2.5552905082702635,113.24440002441406,111.31694030761719,1.927459716796875,104.97055053710938,103.82275390625,1.147796630859375,0.2931991517543793,0.28885698318481445,-0.004342168569564819,0.4868844747543335,0.4949115514755249,0.008027076721191406,0.3588997721672058,0.3592630624771118,0.00036329030990600586,0.5862168669700623,0.5813418030738831,0.004875063896179199,0.23164796829223633,0.23164799809455872,118.39792585372925
crack0009_02.png,3.932288932800293,110.9599609375,108.65847778320312,2.301483154296875,105.49687194824219,104.47007751464844,1.02679443359375,0.2236613780260086,0.22672854363918304,0.0030671656131744385,0.41829121112823486,0.43185555934906006,0.013564348220825195,0.2525143027305603,0.27502626180648804,0.022511959075927734,0.5954786539077759,0.584675133228302,0.010803520679473877,0.1622130274772644,0.1622130274772644,120.20868283510208
crack0009_03.png,3.435967445373535,109.13640594482422,106.97639465332031,2.1600112915039062,107.36261749267578,106.56851196289062,0.7941055297851562,0.19635652005672455,0.20885957777500153,0.012503057718276978,0.38999879360198975,0.38280290365219116,-0.007195889949798584,0.30108582973480225,0.2965965270996094,-0.004489302635192871,0.5926720499992371,0.5865244269371033,0.006147623062133789,0.18843068182468414,0.18843068182468414,119.98189109563828
crack0009_04.png,1.505059051513672,107.5519790649414,106.07698822021484,1.4749908447265625,103.52466583251953,102.72427368164062,0.8003921508789062,0.22026264667510986,0.21253475546836853,-0.007727891206741333,0.4718589186668396,0.47802096605300903,0.006162047386169434,0.350233793258667,0.3604356050491333,0.010201811790466309,0.5846481919288635,0.5826066732406616,0.0020415186882019043,0.18430732190608978,0.1843073070049286,117.44832599163055
crack0009_05.png,1.1558645248413086,106.87097930908203,105.70577239990234,1.1652069091796875,108.88928985595703,108.19113159179688,0.6981582641601562,0.2605542540550232,0.2565077841281891,-0.0040464699268341064,0.5270580053329468,0.5221072435379028,-0.004950761795043945,0.3797711133956909,0.37257254123687744,-0.0071985721588134766,0.5896424651145935,0.5838139057159424,0.005828559398651123,0.21499629318714142,0.21499629318714142,114.48360741138458
crack0009_06.png,2.7095590114593504,113.76045989990234,112.61307525634766,1.1473846435546875,112.92965698242188,111.71685791015625,1.212799072265625,0.20286786556243896,0.2032894641160965,0.00042159855365753174,0.36887598037719727,0.3936980962753296,0.024822115898132324,0.30374014377593994,0.32661354541778564,0.022873401641845703,0.5942599177360535,0.5929988622665405,0.0012610554695129395,0.1847282499074936,0.1847282499074936,124.7850923538208
crack0009_07.png,2.8396982192993163,109.62190246582031,107.14889526367188,2.4730072021484375,104.85484313964844,103.67524719238281,1.179595947265625,0.2207891047000885,0.21821129322052002,-0.0025778114795684814,0.49606794118881226,0.49156296253204346,-0.004504978656768799,0.3170454502105713,0.30477458238601685,-0.012270867824554443,0.5891695618629456,0.5821376442909241,0.007031917572021484,0.1509304940700531,0.1509305089712143,118.85950374603271
crack0009_08.png,3.1261497020721434,103.08518981933594,101.09213256835938,1.9930572509765625,100.32807159423828,99.06758880615234,1.2604827880859375,0.24259446561336517,0.24818739295005798,0.00559292733669281,0.5086380839347839,0.510160505771637,0.0015224218368530273,0.38220125436782837,0.37262392044067383,-0.009577333927154541,0.5865859389305115,0.58357173204422,0.003014206886291504,0.19634543359279633,0.19634544849395752,110.9964308142662
crack0009_09.png,3.088769245147705,112.51592254638672,111.24993896484375,1.2659835815429688,111.64047241210938,110.33108520507812,1.30938720703125,0.1946791112422943,0.19966676831245422,0.004987657070159912,0.4587596654891968,0.4718906283378601,0.01313096284866333,0.2973420023918152,0.2878440022468567,-0.009498000144958496,0.5892695188522339,0.5799000263214111,0.009369492530822754,0.1642390787601471,0.16423910856246948,123.77296483516693
crack0010_00.png,-1.4589702606201171,95.67967224121094,96.68641662597656,-1.006744384765625,107.11541748046875,107.1051254272461,0.01029205322265625,0.4050097167491913,0.402084082365036,-0.0029256343841552734,0.10057878494262695,0.09367203712463379,-0.006906747817993164,0.2364339828491211,0.2368457317352295,0.00041174888610839844,0.5846405029296875,0.5832910537719727,0.0013494491577148438,0.09764929115772247,0.09764928370714188,95.44361960887909
crack0010_01.png,1.1324393272399902,92.06082153320312,92.927001953125,-0.866180419921875,113.54717254638672,112.4989242553711,1.048248291015625,0.40369096398353577,0.39726343750953674,-0.0064275264739990234,0.18743157386779785,0.23679769039154053,0.049366116523742676,0.2727811336517334,0.29570746421813965,0.02292633056640625,0.5868358612060547,0.5838639140129089,0.002971947193145752,0.10672260820865631,0.10672260820865631,92.13153994083405
crack0010_02.png,3.51517333984375,104.09494018554688,106.02045440673828,-1.9255142211914062,111.25074768066406,109.109619140625,2.1411285400390625,0.429830402135849,0.4316648244857788,0.0018344223499298096,0.03194302320480347,0.1364479660987854,0.10450494289398193,0.12110549211502075,0.16885870695114136,0.047753214836120605,0.5887004733085632,0.5822683572769165,0.0064321160316467285,0.09935634583234787,0.09935635328292847,102.81589210033417
crack0010_03.png,0.9646075248718262,97.1561050415039,98.57715606689453,-1.421051025390625,112.47928619384766,108.73631286621094,3.7429733276367188,0.382315069437027,0.3824847638607025,0.0001696944236755371,0.0,0.016001522541046143,0.016001522541046143,0.1562177538871765,0.19802582263946533,0.04180806875228882,0.5892733335494995,0.5834025144577026,0.005870819091796875,0.10766187310218811,0.10766187310218811,98.49865972995758
crack0010_04.png,0.7651177406311036,89.46452331542969,91.22587585449219,-1.7613525390625,108.34371185302734,106.43351745605469,1.9101943969726562,0.44279706478118896,0.4574141502380371,0.014617085456848145,0.2616695165634155,0.2761107087135315,0.014441192150115967,0.2960817813873291,0.30780792236328125,0.011726140975952148,0.5818569660186768,0.5814725160598755,0.00038444995880126953,0.11525531858205795,0.11525531858205795,87.05165433883667
crack0010_05.png,0.9726012229919434,87.76524353027344,90.03131866455078,-2.2660751342773438,111.76589965820312,110.25780487060547,1.5080947875976562,0.4081706404685974,0.4073294997215271,-0.0008411407470703125,0.2180640697479248,0.2783427834510803,0.06027871370315552,0.24657213687896729,0.2841498851776123,0.03757774829864502,0.5917993187904358,0.5845097899436951,0.007289528846740723,0.1024579256772995,0.1024579256772995,88.13048386573792
crack0010_06.png,-0.06554822921752912,89.7574691772461,92.23902893066406,-2.4815597534179688,108.521240234375,108.07525634765625,0.44598388671875,0.3742839992046356,0.3824602961540222,0.008176296949386597,0.05463939905166626,0.09188973903656006,0.0372503399848938,0.19365113973617554,0.21405065059661865,0.020399510860443115,0.5866358876228333,0.5842983722686768,0.002337515354156494,0.1039733812212944,0.103973388671875,92.00664460659027
crack0010_07.png,-0.4629420280456542,69.00249481201172,72.084228515625,-3.0817337036132812,108.15840148925781,107.50358581542969,0.654815673828125,0.39013877511024475,0.4195765256881714,0.029437750577926636,0.0,0.0,0.0,0.1661776900291443,0.17663002014160156,0.010452330112457275,0.5812572240829468,0.5812110900878906,4.6133995056152344e-05,0.09766608476638794,0.09766608476638794,70.38532412052155
crack0010_08.png,4.650773239135742,81.78716278076172,81.04122924804688,0.7459335327148438,109.41815185546875,108.72909545898438,0.689056396484375,0.4595434069633484,0.46408483386039734,0.00454142689704895,0.18569260835647583,0.2637031078338623,0.07801049947738647,0.30576109886169434,0.3403332829475403,0.03457218408584595,0.58882737159729,0.5851902961730957,0.003637075424194336,0.10851509869098663,0.10851509869098663,77.394686460495
crack0010_09.png,-0.6407168388366697,95.78550720214844,97.19026184082031,-1.404754638671875,108.05486297607422,106.95370483398438,1.1011581420898438,0.383163183927536,0.3700898289680481,-0.013073354959487915,0.0,0.03121417760848999,0.03121417760848999,0.09076875448226929,0.127144455909729,0.03637570142745972,0.5808727145195007,0.5778508186340332,0.0030218958854675293,0.10994493961334229,0.10994493961334229,97.51740336418152
crack0011_00.png,2.039248561859131,112.25569915771484,110.72062683105469,1.5350723266601562,106.46595001220703,105.32018280029297,1.1457672119140625,0.31551694869995117,0.30376577377319336,-0.011751174926757812,0.4027377963066101,0.4186171889305115,0.015879392623901367,0.38423585891723633,0.40267395973205566,0.018438100814819336,0.5854824781417847,0.5767127871513367,0.008769690990447998,0.23416699469089508,0.2341669648885727,116.68151569366455
crack0011_01.png,1.4993611335754395,106.80462646484375,104.59346771240234,2.2111587524414062,104.57099914550781,103.77030944824219,0.800689697265625,0.3650102913379669,0.34896308183670044,-0.01604720950126648,0.49068599939346313,0.49170368909835815,0.0010176897048950195,0.4163627624511719,0.41427743434906006,-0.0020853281021118164,0.591057300567627,0.5857824087142944,0.0052748918533325195,0.19024324417114258,0.19024324417114258,108.4035542011261
crack0011_02.png,5.865808486938477,123.57008361816406,120.14897155761719,3.421112060546875,105.84032440185547,104.5419921875,1.2983322143554688,0.29689788818359375,0.3048267662525177,0.00792887806892395,0.4106360673904419,0.4414360523223877,0.0307999849319458,0.3261014223098755,0.35681599378585815,0.030714571475982666,0.5769972801208496,0.575520932674408,0.0014763474464416504,0.21566715836524963,0.21566717326641083,127.12554550170898
crack0011_03.png,6.472055339813233,119.24687957763672,116.03824615478516,3.2086334228515625,106.2645034790039,105.19419860839844,1.0703048706054688,0.2628633379936218,0.27582722902297974,0.01296389102935791,0.2765164375305176,0.31524658203125,0.03873014450073242,0.176733136177063,0.22407293319702148,0.047339797019958496,0.59235680103302,0.5861322283744812,0.006224572658538818,0.19331002235412598,0.19331002235412598,125.56503462791443
crack0011_04.png,5.7230016708374025,134.261962890625,131.18882751464844,3.0731353759765625,107.47219848632812,105.51704406738281,1.9551544189453125,0.2796882688999176,0.288089394569397,0.00840112566947937,0.4401417374610901,0.46221840381622314,0.022076666355133057,0.3572049140930176,0.38047075271606445,0.023265838623046875,0.591964602470398,0.5841484069824219,0.007816195487976074,0.19496068358421326,0.19496065378189087,139.62268316745758
crack0011_05.png,12.390869331359863,106.57756042480469,104.4166030883789,2.1609573364257812,101.57450103759766,101.23872375488281,0.33577728271484375,0.3193165063858032,0.38297566771507263,0.06365916132926941,0.41145235300064087,0.5303649306297302,0.11891257762908936,0.3024072051048279,0.4459938406944275,0.1435866355895996,0.5789619088172913,0.5728027820587158,0.0061591267585754395,0.16335754096508026,0.16335754096508026,109.49656772613525
crack0011_06.png,3.4334582328796386,122.7156753540039,120.75119018554688,1.9644851684570312,107.28821563720703,106.24331665039062,1.0448989868164062,0.2536007761955261,0.2706526815891266,0.017051905393600464,0.5477162599563599,0.5392918586730957,-0.00842440128326416,0.49467331171035767,0.49071282148361206,-0.0039604902267456055,0.5802652835845947,0.5796693563461304,0.0005959272384643555,0.17245766520500183,0.17245768010616302,129.7279975414276
crack0011_07.png,4.646083641052246,109.92436218261719,106.96263122558594,2.96173095703125,101.0851058959961,99.86631774902344,1.2187881469726562,0.2768176794052124,0.2841438949108124,0.007326215505599976,0.5391035676002502,0.5455601215362549,0.006456553936004639,0.40499264001846313,0.43196165561676025,0.02696901559829712,0.5846789479255676,0.5758669972419739,0.00881195068359375,0.19714726507663727,0.19714726507663727,115.22159385681152
crack0011_08.png,6.004572010040283,116.38945007324219,113.2551498413086,3.1343002319335938,104.6197509765625,103.84435272216797,0.7753982543945312,0.31836995482444763,0.337726354598999,0.01935639977455139,0.441386342048645,0.46086323261260986,0.019476890563964844,0.4038242697715759,0.43622690439224243,0.032402634620666504,0.5902729630470276,0.5844598412513733,0.005813121795654297,0.20495091378688812,0.20495091378688812,119.33102118968964
crack0011_09.png,4.827702808380127,111.1100845336914,108.86505126953125,2.2450332641601562,106.81794738769531,105.93595886230469,0.881988525390625,0.32402554154396057,0.3496655225753784,0.025639981031417847,0.37035298347473145,0.37450456619262695,0.004151582717895508,0.33685022592544556,0.3546656370162964,0.01781541109085083,0.5837178230285645,0.5834025144577026,0.0003153085708618164,0.2164498269557953,0.2164498120546341,113.89474833011627
crack0012_00.png,2.749766445159912,114.24615478515625,112.4182357788086,1.8279190063476562,103.78485107421875,102.96943664550781,0.8154144287109375,0.3306596875190735,0.33351200819015503,0.002852320671081543,0.4916905164718628,0.49201589822769165,0.0003253817558288574,0.42687153816223145,0.43292874097824097,0.0060572028160095215,0.5956055521965027,0.5867435336112976,0.008862018585205078,0.25187522172927856,0.25187522172927856,117.31683611869812
crack0012_01.png,0.834622287750244,101.95365905761719,100.50230407714844,1.45135498046875,105.50338745117188,104.43106079101562,1.07232666015625,0.3299858868122101,0.3163031041622162,-0.013682782649993896,0.5376508235931396,0.5377483367919922,9.751319885253906e-05,0.4756808280944824,0.47395992279052734,-0.0017209053039550781,0.586063027381897,0.5849365592002869,0.0011264681816101074,0.26358863711357117,0.26358863711357117,105.69231641292572
crack0012_02.png,1.7342485427856444,110.53931427001953,108.51993560791016,2.019378662109375,104.251708984375,103.16496276855469,1.0867462158203125,0.18124333024024963,0.17483067512512207,-0.0064126551151275635,0.36949020624160767,0.35918718576431274,-0.010303020477294922,0.298491895198822,0.31093931198120117,0.01244741678237915,0.5847327709197998,0.5796001553535461,0.005132615566253662,0.1418209969997406,0.1418209969997406,122.42909526824951
crack0012_03.png,0.14919571876525883,96.87720489501953,96.40618133544922,0.4710235595703125,102.48884582519531,101.82276916503906,0.66607666015625,0.22391118109226227,0.20808276534080505,-0.015828415751457214,0.4738699793815613,0.48690265417099,0.013032674789428711,0.43022000789642334,0.4350500702857971,0.004830062389373779,0.5818185210227966,0.5779008269309998,0.003917694091796875,0.2448882907629013,0.2448883056640625,107.42946803569794
crack0012_04.png,1.8574595928192137,112.27359771728516,110.46318817138672,1.8104095458984375,101.80770874023438,100.68829345703125,1.119415283203125,0.21045264601707458,0.2027749866247177,-0.0076776593923568726,0.4766417145729065,0.4739399552345276,-0.0027017593383789062,0.42483025789260864,0.42708468437194824,0.0022544264793395996,0.5904421210289001,0.5824029445648193,0.00803917646408081,0.192421555519104,0.192421555519104,122.81957858800888
crack0012_05.png,4.759675455093384,112.52465057373047,109.69776916503906,2.8268814086914062,108.39230346679688,105.76332092285156,2.6289825439453125,0.22148674726486206,0.22323991358280182,0.0017531663179397583,0.4445202350616455,0.4537475109100342,0.009227275848388672,0.370699942111969,0.3930971622467041,0.022397220134735107,0.599338710308075,0.5900422930717468,0.009296417236328125,0.16087327897548676,0.16087329387664795,121.79555344581604
crack0012_06.png,4.480444478988647,109.02404022216797,106.68965911865234,2.334381103515625,106.13414001464844,104.71832275390625,1.4158172607421875,0.2176169604063034,0.22661420702934265,0.008997246623039246,0.44476908445358276,0.4536997675895691,0.008930683135986328,0.38806575536727905,0.3979136347770691,0.009847879409790039,0.5960822701454163,0.5835140347480774,0.012568235397338867,0.15036845207214355,0.15036845207214355,118.6431228518486
crack0012_07.png,2.353595018386841,117.87351989746094,115.84192657470703,2.0315933227539062,110.96084594726562,109.7137451171875,1.247100830078125,0.2043631374835968,0.21019716560840607,0.005834028124809265,0.4481733441352844,0.432445764541626,-0.015727579593658447,0.3760039806365967,0.3760387897491455,3.4809112548828125e-05,0.5807112455368042,0.5810726881027222,-0.00036144256591796875,0.17274045944213867,0.17274045944213867,127.83884251117706
crack0012_08.png,5.4190010070800785,120.91615295410156,117.5580062866211,3.3581466674804688,122.70671844482422,119.5419921875,3.1647262573242188,0.29674071073532104,0.2989732325077057,0.0022325217723846436,0.44495803117752075,0.4507054090499878,0.005747377872467041,0.4301331639289856,0.4399409294128418,0.009807765483856201,0.6036062836647034,0.5939446091651917,0.009661674499511719,0.27050256729125977,0.27050256729125977,125.5768883228302
crack0012_09.png,4.185157108306885,111.77032470703125,109.5050048828125,2.26531982421875,105.40805053710938,103.5845947265625,1.823455810546875,0.23945152759552002,0.24776118993759155,0.008309662342071533,0.47225356101989746,0.47888273000717163,0.00662916898727417,0.4234687089920044,0.4387902021408081,0.015321493148803711,0.5854517221450806,0.5789388418197632,0.006512880325317383,0.25514987111091614,0.2551499009132385,119.6886420249939
crack0013_00.png,-2.163509178161621,80.39825439453125,83.89878845214844,-3.5005340576171875,107.44125366210938,106.39701080322266,1.0442428588867188,0.37282198667526245,0.38123026490211487,0.008408278226852417,0.18550574779510498,0.18261820077896118,-0.002887547016143799,0.4224698543548584,0.42702460289001465,0.00455474853515625,0.5895386338233948,0.5804844498634338,0.009054183959960938,0.10094471275806427,0.10094471275806427,83.36074757575989
crack0013_01.png,0.9514306068420411,79.67011260986328,80.59712982177734,-0.9270172119140625,110.02249145507812,109.0947265625,0.927764892578125,0.3439328372478485,0.3415597975254059,-0.002373039722442627,0.22182315587997437,0.26516395807266235,0.04334080219268799,0.3598405718803406,0.38410598039627075,0.024265408515930176,0.5722914338111877,0.5732026100158691,-0.0009111762046813965,0.09691870957612991,0.09691870212554932,82.56813776493073
crack0013_02.png,1.718168067932129,71.95220947265625,71.8427963256836,0.10941314697265625,103.69898986816406,102.91011810302734,0.7888717651367188,0.39534494280815125,0.4098251163959503,0.014480173587799072,0.22807663679122925,0.22769790887832642,-0.00037872791290283203,0.3921815752983093,0.38393205404281616,-0.008249521255493164,0.5847366452217102,0.5809881091117859,0.0037485361099243164,0.10789728909730911,0.10789728909730911,71.56627213954926
crack0013_03.png,-0.19237184524536133,108.015380859375,110.7210693359375,-2.7056884765625,110.83991241455078,110.30924987792969,0.5306625366210938,0.4007829427719116,0.3994910418987274,-0.001291900873184204,0.15683192014694214,0.21477746963500977,0.05794554948806763,0.3014395236968994,0.3320225477218628,0.03058302402496338,0.587354838848114,0.5851902961730957,0.0021645426750183105,0.1255423128604889,0.1255423128604889,108.89295613765717
crack0013_04.png,3.7906496047973635,75.02360534667969,75.75179290771484,-0.7281875610351562,105.55792999267578,105.44668579101562,0.11124420166015625,0.3641381561756134,0.41901010274887085,0.054871946573257446,0.060902297496795654,0.05713069438934326,-0.0037716031074523926,0.35852617025375366,0.3469187021255493,-0.011607468128204346,0.5821491479873657,0.5762629508972168,0.005886197090148926,0.09438194334506989,0.09438194334506989,76.82537567615509
crack0013_05.png,-1.994285297393799,100.36750793457031,102.8878173828125,-2.5203094482421875,110.09001159667969,109.80403137207031,0.285980224609375,0.4461759030818939,0.4235440492630005,-0.022631853818893433,0.23919236660003662,0.2914673686027527,0.052275002002716064,0.39019501209259033,0.3888435959815979,-0.0013514161109924316,0.5859208106994629,0.5826413035392761,0.0032795071601867676,0.10202902555465698,0.10202901065349579,99.65185213088989
crack0013_06.png,1.6874751091003417,80.97073364257812,81.32984161376953,-0.35910797119140625,110.06388854980469,109.53157043457031,0.532318115234375,0.37024953961372375,0.37254661321640015,0.0022970736026763916,0.14921587705612183,0.18986719846725464,0.04065132141113281,0.3494289517402649,0.351667582988739,0.002238631248474121,0.5908535122871399,0.5902575850486755,0.0005959272384643555,0.1129446029663086,0.112944595515728,82.569455742836
crack0013_07.png,1.485252857208252,87.99016571044922,88.8174819946289,-0.8273162841796875,108.16278839111328,107.53214263916016,0.630645751953125,0.4145033657550812,0.4337902367115021,0.0192868709564209,0.12333619594573975,0.13279849290847778,0.009462296962738037,0.3939489722251892,0.40346062183380127,0.00951164960861206,0.5916839838027954,0.588212251663208,0.0034717321395874023,0.1018623486161232,0.1018623486161232,87.20098125934601
crack0013_08.png,0.25292854309082036,90.85394287109375,91.52748107910156,-0.6735382080078125,111.60433197021484,111.08462524414062,0.5197067260742188,0.40050220489501953,0.3967234492301941,-0.0037787556648254395,0.2436327338218689,0.26416826248168945,0.020535528659820557,0.380587637424469,0.3891335725784302,0.008545935153961182,0.5934563875198364,0.5884698033332825,0.004986584186553955,0.09609287977218628,0.09609287977218628,91.12556052207947
crack0013_09.png,-1.2305648803710936,76.66038513183594,77.6146469116211,-0.9542617797851562,107.54783630371094,106.54963684082031,0.998199462890625,0.4407367408275604,0.4208356738090515,-0.01990106701850891,0.1950310468673706,0.21560990810394287,0.020578861236572266,0.38640928268432617,0.38663291931152344,0.00022363662719726562,0.5846136212348938,0.5822799205780029,0.002333700656890869,0.10504218190908432,0.10504217445850372,75.27192044258118
crack0014_00.png,3.3351782798767093,116.5562973022461,114.30414581298828,2.2521514892578125,108.2156982421875,107.28176879882812,0.933929443359375,0.20137126743793488,0.2387172430753708,0.03734597563743591,0.3687847852706909,0.3054162859916687,-0.06336849927902222,0.28569698333740234,0.25901228189468384,-0.026684701442718506,0.5986236333847046,0.5922107100486755,0.006412923336029053,0.1702074408531189,0.1702074259519577,127.29289084672928
crack0014_01.png,2.4873798370361326,110.838623046875,109.49597930908203,1.3426437377929688,103.70291900634766,103.13087463378906,0.5720443725585938,0.30696937441825867,0.30963462591171265,0.0026652514934539795,0.430966317653656,0.4403676986694336,0.009401381015777588,0.4117366671562195,0.4316856861114502,0.019949018955230713,0.5878584980964661,0.5796924233436584,0.008166074752807617,0.19547829031944275,0.19547829031944275,115.26347863674164
crack0014_02.png,2.5654169082641602,114.86790466308594,113.47608947753906,1.391815185546875,102.97691345214844,101.83759307861328,1.1393203735351562,0.22640353441238403,0.23494186997413635,0.00853833556175232,0.40307188034057617,0.4033730626106262,0.00030118227005004883,0.33097463846206665,0.34107285737991333,0.01009821891784668,0.5825605392456055,0.5819915533065796,0.0005689859390258789,0.1943245232105255,0.1943245232105255,123.89020657539368
crack0014_03.png,3.386309194564819,114.30167388916016,113.02566528320312,1.2760086059570312,104.46966552734375,103.65657043457031,0.8130950927734375,0.20403070747852325,0.21081218123435974,0.006781473755836487,0.39941221475601196,0.4264158606529236,0.02700364589691162,0.32755428552627563,0.35243356227874756,0.024879276752471924,0.5904767513275146,0.5864167809486389,0.004059970378875732,0.20897427201271057,0.20897427201271057,125.04089719057083
crack0014_04.png,4.28391695022583,114.58656311035156,112.8142318725586,1.7723312377929688,107.93633270263672,107.13883209228516,0.7975006103515625,0.2789495885372162,0.2963508367538452,0.01740124821662903,0.13839972019195557,0.15580898523330688,0.01740926504135132,0.07630950212478638,0.09443849325180054,0.01812899112701416,0.5906382203102112,0.5880353450775146,0.002602875232696533,0.1538362205028534,0.1538362205028534,120.58895099163055
crack0014_05.png,2.1114187240600586,111.38378143310547,110.45515441894531,0.9286270141601562,104.30842590332031,103.9350814819336,0.37334442138671875,0.20739269256591797,0.20979568362236023,0.0024029910564422607,0.4024971127510071,0.42018646001815796,0.01768934726715088,0.35709160566329956,0.3709203600883484,0.013828754425048828,0.5837947130203247,0.5804536938667297,0.0033410191535949707,0.19275358319282532,0.19275358319282532,121.8276948928833
crack0014_06.png,1.6345934867858887,112.0650405883789,110.72484588623047,1.3401947021484375,104.27513122558594,103.01963806152344,1.2554931640625,0.2738960087299347,0.25731390714645386,-0.016582101583480835,0.22694116830825806,0.2509773373603821,0.024036169052124023,0.2072690725326538,0.2638505697250366,0.05658149719238281,0.5866051316261292,0.5826720595359802,0.003933072090148926,0.1463649570941925,0.1463649570941925,119.42031407356262
crack0014_07.png,3.604245662689209,118.10502624511719,116.57036590576172,1.5346603393554688,104.07202911376953,103.27742767333984,0.7946014404296875,0.2541258931159973,0.26442235708236694,0.010296463966369629,0.30461788177490234,0.32798004150390625,0.023362159729003906,0.27150803804397583,0.3049582242965698,0.033450186252593994,0.5864821076393127,0.5866435766220093,-0.0001614689826965332,0.17890013754367828,0.17890013754367828,125.55588555335999
crack0014_08.png,2.4195082664489744,108.65265655517578,107.60169219970703,1.05096435546875,100.78712463378906,99.92184448242188,0.8652801513671875,0.25569412112236023,0.26028135418891907,0.004587233066558838,0.40553808212280273,0.4182027578353882,0.01266467571258545,0.3520188331604004,0.38090580701828003,0.02888697385787964,0.5830065608024597,0.5792849063873291,0.0037216544151306152,0.20440971851348877,0.20440971851348877,116.10578954219818
crack0014_09.png,-1.544461154937744,124.15319061279297,124.17537689208984,-0.022186279296875,109.66752624511719,109.37846374511719,0.2890625,0.3085007071495056,0.29493197798728943,-0.013568729162216187,0.3322058916091919,0.3123827576637268,-0.019823133945465088,0.24063986539840698,0.2480602264404297,0.007420361042022705,0.5899115800857544,0.5838984847068787,0.006013095378875732,0.16389895975589752,0.16389895975589752,130.06482827663422
crack0015_00.png,-0.30317344665527335,125.98690795898438,125.85274505615234,0.13416290283203125,111.68629455566406,109.53268432617188,2.1536102294921875,0.2544710636138916,0.2547205984592438,0.00024953484535217285,0.21199119091033936,0.1714024543762207,-0.04058873653411865,0.11876755952835083,0.07868760824203491,-0.04007995128631592,0.5905613303184509,0.5829411745071411,0.0076201558113098145,0.1625521183013916,0.1625521183013916,134.2740159034729
crack0015_01.png,0.11419820785522461,119.33332824707031,118.83135223388672,0.5019760131835938,110.35063171386719,109.23509979248047,1.1155319213867188,0.2919563353061676,0.2865261733531952,-0.005430161952972412,0.3067074418067932,0.293784499168396,-0.012922942638397217,0.3417549133300781,0.33922040462493896,-0.00253450870513916,0.5868550539016724,0.5839215517044067,0.002933502197265625,0.1878308653831482,0.1878308653831482,125.3649719953537
crack0015_02.png,0.7691959381103515,121.38629913330078,121.01490020751953,0.37139892578125,108.96167755126953,108.4167709350586,0.5449066162109375,0.2779838442802429,0.2861533761024475,0.00816953182220459,0.2654714584350586,0.2508600950241089,-0.014611363410949707,0.27327656745910645,0.27619433403015137,0.002917766571044922,0.5941022634506226,0.5913341045379639,0.0027681589126586914,0.19222614169120789,0.19222614169120789,128.28565955162048
crack0015_03.png,0.950645112991333,116.68128967285156,116.17276763916016,0.5085220336914062,108.96552276611328,108.02339172363281,0.9421310424804688,0.24164333939552307,0.23899410665035248,-0.0026492327451705933,0.34779369831085205,0.34635788202285767,-0.0014358162879943848,0.31186383962631226,0.3333866000175476,0.02152276039123535,0.5986620783805847,0.5902960300445557,0.008366048336029053,0.17165735363960266,0.17165735363960266,126.0338653922081
crack0015_04.png,5.685101509094238,119.65815734863281,118.68798065185547,0.9701766967773438,107.08108520507812,105.40292358398438,1.67816162109375,0.25633785128593445,0.2849418818950653,0.02860403060913086,0.18149322271347046,0.2255535125732422,0.04406028985977173,0.1633981466293335,0.22327440977096558,0.05987626314163208,0.5815724730491638,0.5817493200302124,-0.00017684698104858398,0.155663400888443,0.155663400888443,127.06277072429657
crack0015_05.png,2.8603053092956543,134.72808837890625,132.8240966796875,1.90399169921875,118.68418884277344,116.05834197998047,2.6258468627929688,0.2554472088813782,0.25600796937942505,0.000560760498046875,0.25589269399642944,0.24578464031219482,-0.01010805368423462,0.2551472783088684,0.274427592754364,0.019280314445495605,0.5931180119514465,0.5864821076393127,0.006635904312133789,0.18564508855342865,0.18564510345458984,142.17398047447205
crack0015_06.png,2.0307130813598633,116.3860855102539,115.20165252685547,1.1844329833984375,114.71284484863281,113.40005493164062,1.3127899169921875,0.25708580017089844,0.2644301652908325,0.007344365119934082,0.3395882844924927,0.32781141996383667,-0.011776864528656006,0.25584161281585693,0.2664344906806946,0.010592877864837646,0.5876355171203613,0.5825182795524597,0.005117237567901611,0.2047463357448578,0.2047463357448578,123.87414169311523
crack0015_07.png,2.0563249588012695,114.9947738647461,113.26017761230469,1.7345962524414062,109.18144226074219,107.14088439941406,2.040557861328125,0.3145870268344879,0.3039076328277588,-0.010679394006729126,0.3442729711532593,0.34790992736816406,0.003636956214904785,0.3550645709037781,0.3570706844329834,0.0020061135292053223,0.5904921293258667,0.5851326584815979,0.005359470844268799,0.2306896448135376,0.2306896299123764,119.51270294189453
crack0015_08.png,0.14569196701049814,119.82392883300781,119.31867980957031,0.5052490234375,107.48432159423828,106.5859375,0.8983840942382812,0.2678925096988678,0.26378387212753296,-0.004108637571334839,0.3059871792793274,0.28649312257766724,-0.019494056701660156,0.32045990228652954,0.30140984058380127,-0.01905006170272827,0.5966781973838806,0.5869396328926086,0.009738564491271973,0.1560850590467453,0.1560850590467453,127.61139988899231
crack0015_09.png,-0.02435569763183587,127.04304504394531,126.96129608154297,0.08174896240234375,109.49500274658203,107.5797119140625,1.9152908325195312,0.29969701170921326,0.29831093549728394,-0.0013860762119293213,0.31208157539367676,0.29437845945358276,-0.017703115940093994,0.35010820627212524,0.344897985458374,-0.005210220813751221,0.5908573865890503,0.5921876430511475,-0.001330256462097168,0.21089133620262146,0.21089133620262146,132.791020154953
crack0016_00.png,3.7460068702697753,107.81925201416016,106.16510772705078,1.654144287109375,101.09005737304688,100.12728881835938,0.9627685546875,0.32190024852752686,0.33202797174453735,0.010127723217010498,0.532223641872406,0.5513729453086853,0.019149303436279297,0.48512333631515503,0.5012817978858948,0.016158461570739746,0.585959255695343,0.5826951265335083,0.003264129161834717,0.15900637209415436,0.15900637209415436,111.11653518676758
crack0016_01.png,3.4953768730163572,104.64305114746094,103.53115844726562,1.1118927001953125,104.02403259277344,103.10374450683594,0.9202880859375,0.30441704392433167,0.3222920894622803,0.01787504553794861,0.48161619901657104,0.48973745107650757,0.008121252059936523,0.4252815246582031,0.43656986951828003,0.011288344860076904,0.5784775018692017,0.5719646215438843,0.006512880325317383,0.14610785245895386,0.14610785245895386,108.96118223667145
crack0016_02.png,3.5692876815795898,108.34869384765625,105.69232177734375,2.6563720703125,102.2886734008789,101.20738220214844,1.0812911987304688,0.361928254365921,0.36159396171569824,-0.0003342926502227783,0.47154372930526733,0.48013538122177124,0.008591651916503906,0.4534490704536438,0.4708428978919983,0.017393827438354492,0.5931757092475891,0.5890887975692749,0.004086911678314209,0.21572068333625793,0.21572068333625793,109.05189847946167
crack0016_03.png,5.337810039520264,107.45988464355469,104.46969604492188,2.9901885986328125,107.45479583740234,106.10069274902344,1.3541030883789062,0.2963256537914276,0.30732452869415283,0.01099887490272522,0.43179595470428467,0.4462625980377197,0.014466643333435059,0.39775651693344116,0.40890198945999146,0.011145472526550293,0.5946828126907349,0.5859977006912231,0.008685111999511719,0.16205313801765442,0.16205313801765442,111.97256362438202
crack0016_04.png,1.135810375213623,110.23837280273438,108.23480224609375,2.003570556640625,102.42296600341797,101.00599670410156,1.4169692993164062,0.34293919801712036,0.33129701018333435,-0.01164218783378601,0.4258805513381958,0.4106137752532959,-0.015266776084899902,0.3985852003097534,0.38923484086990356,-0.009350359439849854,0.5857055187225342,0.5830180644989014,0.0026874542236328125,0.14767709374427795,0.14767709374427795,112.78698766231537
crack0016_05.png,2.975070667266846,114.67544555664062,112.88784790039062,1.78759765625,102.5828628540039,101.74285888671875,0.8400039672851562,0.30758437514305115,0.31212061643600464,0.004536241292953491,0.49005717039108276,0.495097279548645,0.005040109157562256,0.4473607540130615,0.4561995267868042,0.008838772773742676,0.591576337814331,0.5844021439552307,0.007174193859100342,0.13956837356090546,0.13956837356090546,118.9896377325058
crack0016_06.png,-0.6007528305053711,172.9086456298828,173.78770446777344,-0.879058837890625,179.03575134277344,181.2242431640625,-2.1884918212890625,0.2863377630710602,0.2929317057132721,0.006593942642211914,0.4206923842430115,0.4277811050415039,0.007088720798492432,0.43607205152511597,0.44385862350463867,0.007786571979522705,0.5992233753204346,0.5906574130058289,0.008565962314605713,0.17489761114120483,0.17489761114120483,180.1368442773819
crack0016_07.png,3.708046722412109,104.89610290527344,103.54310607910156,1.352996826171875,103.90460968017578,102.8944091796875,1.0102005004882812,0.32175618410110474,0.3400527238845825,0.018296539783477783,0.5187193155288696,0.5215463638305664,0.0028270483016967773,0.4620640277862549,0.48045486211776733,0.01839083433151245,0.5944828987121582,0.5851287841796875,0.009354114532470703,0.15230026841163635,0.15230026841163635,108.69354939460754
crack0016_08.png,4.627315998077393,110.62007904052734,108.22713470458984,2.3929443359375,108.46676635742188,107.1018295288086,1.3649368286132812,0.33057573437690735,0.34495481848716736,0.01437908411026001,0.44705021381378174,0.4524281620979309,0.00537794828414917,0.4333997964859009,0.4413977861404419,0.007997989654541016,0.5900346040725708,0.5819607973098755,0.008073806762695312,0.16214808821678162,0.1621481031179428,113.19044697284698
crack0016_09.png,4.031330299377442,103.07469940185547,102.5118179321289,0.5628814697265625,102.84965515136719,101.65721130371094,1.19244384765625,0.3006708323955536,0.3348132073879242,0.034142374992370605,0.5583493709564209,0.5619909763336182,0.0036416053771972656,0.4886888861656189,0.5057098865509033,0.017021000385284424,0.5847635269165039,0.5819031000137329,0.002860426902770996,0.15242375433444977,0.15242376923561096,108.14354979991913
crack0017_00.png,3.1645132064819337,102.99138641357422,100.18053436279297,2.81085205078125,101.10848999023438,100.28998565673828,0.8185043334960938,0.22409291565418243,0.22372014820575714,-0.00037276744842529297,0.429639995098114,0.4274395704269409,-0.0022004246711730957,0.40690523386001587,0.42113322019577026,0.014227986335754395,0.5868012309074402,0.5831987857818604,0.003602445125579834,0.1544521152973175,0.1544521152973175,111.63480073213577
crack0017_01.png,2.9678444385528566,108.70579528808594,105.24676513671875,3.4590301513671875,101.55361938476562,100.330810546875,1.222808837890625,0.2714982330799103,0.24661026895046234,-0.024887964129447937,0.3998050093650818,0.4176645278930664,0.01785951852798462,0.37851792573928833,0.38797271251678467,0.009454786777496338,0.5888350605964661,0.5814263820648193,0.0074086785316467285,0.12672239542007446,0.12672239542007446,115.73306649923325
crack0017_02.png,1.8814215660095215,104.78288269042969,103.29531860351562,1.4875640869140625,99.86166381835938,99.48641204833984,0.37525177001953125,0.2923220992088318,0.2881428301334381,-0.004179269075393677,0.39995336532592773,0.415305495262146,0.015352129936218262,0.4404910206794739,0.453352153301239,0.012861132621765137,0.5860092043876648,0.5869088768959045,-0.0008996725082397461,0.22253568470478058,0.22253566980361938,110.22688591480255
crack0017_03.png,4.555780220031738,101.43814849853516,97.69337463378906,3.7447738647460938,103.42733764648438,102.77980041503906,0.6475372314453125,0.28841280937194824,0.29374584555625916,0.005333036184310913,0.4005400538444519,0.4029509425163269,0.002410888671875,0.36874377727508545,0.37291795015335083,0.004174172878265381,0.5788120031356812,0.57808917760849,0.0007228255271911621,0.14131730794906616,0.14131729304790497,105.41347312927246
crack0017_04.png,4.082689189910889,114.33023834228516,111.50199127197266,2.8282470703125,102.41938781738281,101.29731750488281,1.1220703125,0.33847638964653015,0.3466751277446747,0.008198738098144531,0.47851788997650146,0.479850172996521,0.0013322830200195312,0.48999255895614624,0.496162474155426,0.006169915199279785,0.5852979421615601,0.5828873515129089,0.002410590648651123,0.21408280730247498,0.21408280730247498,116.0194491147995
crack0017_05.png,2.4162102699279786,110.84691619873047,109.07367706298828,1.7732391357421875,102.91136169433594,102.5168228149414,0.39453887939453125,0.21666327118873596,0.22251352667808533,0.005850255489349365,0.4057105779647827,0.4048702120780945,-0.0008403658866882324,0.38088351488113403,0.38295918703079224,0.002075672149658203,0.5857900977134705,0.5845213532447815,0.0012687444686889648,0.18766558170318604,0.18766558170318604,120.39210426807404
crack0017_06.png,6.580617046356201,110.13813781738281,106.67096710205078,3.4671707153320312,106.9142837524414,105.55210876464844,1.3621749877929688,0.26228901743888855,0.2880692780017853,0.02578026056289673,0.3794681429862976,0.3856898546218872,0.0062217116355896,0.3994932770729065,0.4060342311859131,0.006540954113006592,0.5905613303184509,0.5841291546821594,0.006432175636291504,0.1863136887550354,0.1863136887550354,116.28966462612152
crack0017_07.png,1.585336685180664,100.85047912597656,98.60333251953125,2.2471466064453125,105.04327392578125,104.06167602539062,0.981597900390625,0.35276392102241516,0.34445345401763916,-0.008310467004776001,0.4108114242553711,0.3969457745552063,-0.013865649700164795,0.39358609914779663,0.38845765590667725,-0.005128443241119385,0.5831680297851562,0.5790426731109619,0.004125356674194336,0.23061805963516235,0.23061804473400116,102.3864197731018
crack0017_08.png,4.075542449951172,111.32506561279297,108.17808532714844,3.1469802856445312,102.18388366699219,101.21121215820312,0.9726715087890625,0.2776546776294708,0.28909993171691895,0.01144525408744812,0.43079161643981934,0.4187086820602417,-0.012082934379577637,0.4368544816970825,0.4294888973236084,-0.007365584373474121,0.5883967876434326,0.5857170224189758,0.002679765224456787,0.2113173007965088,0.2113173007965088,116.62816631793976
crack0017_09.png,5.5668305397033695,135.33396911621094,129.86517333984375,5.4687957763671875,145.37701416015625,140.93218994140625,4.44482421875,0.21871231496334076,0.19254948198795319,-0.026162832975387573,0.4234386086463928,0.4241475462913513,0.0007089376449584961,0.39327991008758545,0.3965035080909729,0.003223598003387451,0.5988273620605469,0.5892080068588257,0.009619355201721191,0.24188439548015594,0.24188438057899475,144.99969679117203
crack0018_00.png,1.0376562118530273,91.39958190917969,91.24415588378906,0.155426025390625,111.66841125488281,109.99778747558594,1.670623779296875,0.29967600107192993,0.29870864748954773,-0.0009673535823822021,0.31082361936569214,0.31582409143447876,0.005000472068786621,0.3374537229537964,0.3519498109817505,0.014496088027954102,0.5786736011505127,0.5763898491859436,0.002283751964569092,0.14619851112365723,0.14619851112365723,96.54629409313202
crack0018_01.png,1.870672082901001,99.41775512695312,98.43589782714844,0.9818572998046875,105.56907653808594,104.98887634277344,0.5802001953125,0.24624504148960114,0.23902186751365662,-0.007223173975944519,0.35906827449798584,0.3842275142669678,0.025159239768981934,0.4623628258705139,0.46117085218429565,-0.0011919736862182617,0.589127242565155,0.5834217667579651,0.005705475807189941,0.12442351132631302,0.12442351132631302,108.15060412883759
crack0018_02.png,7.340848302841186,105.139892578125,102.58289337158203,2.5569992065429688,113.56161499023438,111.25137329101562,2.31024169921875,0.24347235262393951,0.2629479467868805,0.01947559416294098,0.28670185804367065,0.3395732045173645,0.05287134647369385,0.35187357664108276,0.3910529613494873,0.03917938470840454,0.586439847946167,0.5817685723304749,0.004671275615692139,0.19186043739318848,0.19186043739318848,112.71064573526382
crack0018_03.png,3.2396360874176025,96.24373626708984,94.94506072998047,1.298675537109375,106.12594604492188,104.77220916748047,1.3537368774414062,0.21647486090660095,0.2120489925146103,-0.004425868391990662,0.26542145013809204,0.3027392625808716,0.03731781244277954,0.36292344331741333,0.40273869037628174,0.03981524705886841,0.5909419655799866,0.5844213962554932,0.006520569324493408,0.1261560022830963,0.1261560022830963,106.509137570858
crack0018_04.png,4.174741268157959,97.9623031616211,94.72952270507812,3.2327804565429688,107.17695617675781,105.82846069335938,1.3484954833984375,0.22484704852104187,0.2314428985118866,0.0065958499908447266,0.395607590675354,0.38632845878601074,-0.009279131889343262,0.4387410879135132,0.44720834493637085,0.008467257022857666,0.5909611582756042,0.5848096609115601,0.0061514973640441895,0.12395729869604111,0.12395729869604111,106.49353635311127
crack0018_05.png,6.409509897232056,97.99671173095703,95.67655181884766,2.320159912109375,109.20735168457031,108.21141052246094,0.995941162109375,0.24074499309062958,0.26451820135116577,0.023773208260536194,0.17760181427001953,0.21397143602371216,0.03636962175369263,0.3693636655807495,0.3751344680786133,0.0057708024978637695,0.5926681756973267,0.5843098759651184,0.008358299732208252,0.13639995455741882,0.13639993965625763,106.09865921735764
crack0018_06.png,4.853269481658936,94.24950408935547,92.62712097167969,1.6223831176757812,103.97908020019531,103.14189147949219,0.837188720703125,0.27693527936935425,0.3016755282878876,0.024740248918533325,0.4237053394317627,0.44524872303009033,0.021543383598327637,0.4699207544326782,0.48109471797943115,0.01117396354675293,0.5774086713790894,0.576032280921936,0.0013763904571533203,0.1395157277584076,0.1395157128572464,99.9185426235199
crack0018_07.png,0.8316584110260008,92.7079086303711,91.22050476074219,1.4874038696289062,106.25335693359375,104.60224914550781,1.6511077880859375,0.2532215714454651,0.20977263152599335,-0.04344893991947174,0.3408935070037842,0.3890274167060852,0.048133909702301025,0.3881494402885437,0.43877655267715454,0.05062711238861084,0.585778534412384,0.5799192786216736,0.005859255790710449,0.1337127387523651,0.1337127387523651,102.8089901804924
crack0018_08.png,2.65356764793396,99.4684829711914,98.26531982421875,1.2031631469726562,109.13522338867188,108.2738037109375,0.861419677734375,0.244182288646698,0.24366886913776398,-0.000513419508934021,0.3500657081604004,0.3659164309501648,0.015850722789764404,0.40516549348831177,0.4135534167289734,0.008387923240661621,0.5992810726165771,0.5864590406417847,0.01282203197479248,0.18085625767707825,0.18085624277591705,108.21801215410233
crack0018_09.png,2.2971870422363283,100.1349868774414,97.25704193115234,2.8779449462890625,110.17503356933594,108.05966186523438,2.1153717041015625,0.32187989354133606,0.2962888479232788,-0.02559104561805725,0.41148221492767334,0.4238467216491699,0.012364506721496582,0.46257472038269043,0.4717978239059448,0.009223103523254395,0.588623583316803,0.585478663444519,0.0031449198722839355,0.18280339241027832,0.18280339241027832,104.46362686157227
crack0019_00.png,-4.4582267761230465,104.66688537597656,105.47679138183594,-0.809906005859375,111.26507568359375,111.73438262939453,-0.46930694580078125,0.3111022114753723,0.26575520634651184,-0.045347005128860474,0.4602651596069336,0.459280788898468,-0.0009843707084655762,0.425062358379364,0.41090404987335205,-0.014158308506011963,0.600315272808075,0.5951518416404724,0.005163431167602539,0.19028222560882568,0.19028222560882568,113.13913691043854
crack0019_01.png,4.62946720123291,103.09739685058594,101.60687255859375,1.4905242919921875,101.94400024414062,99.59673309326172,2.3472671508789062,0.3310770094394684,0.34302961826324463,0.011952608823776245,0.34866470098495483,0.3768883943557739,0.028223693370819092,0.3887096643447876,0.40817075967788696,0.019461095333099365,0.5868589282035828,0.5839869379997253,0.002871990203857422,0.15745767951011658,0.15745766460895538,105.96187126636505
crack0019_02.png,3.2353243827819824,110.8039779663086,109.78927612304688,1.0147018432617188,109.74263763427734,108.30606079101562,1.4365768432617188,0.3938092291355133,0.41122573614120483,0.01741650700569153,0.2879617214202881,0.29208701848983765,0.0041252970695495605,0.32930058240890503,0.3479674458503723,0.018666863441467285,0.5917762517929077,0.5895847678184509,0.002191483974456787,0.17946380376815796,0.17946380376815796,110.33912336826324
crack0019_03.png,1.707571029663086,94.66590118408203,93.93893432617188,0.7269668579101562,104.44416809082031,103.14686584472656,1.29730224609375,0.32023993134498596,0.30889755487442017,-0.011342376470565796,0.2824826240539551,0.3083319067955017,0.02584928274154663,0.35561496019363403,0.37699222564697266,0.021377265453338623,0.5909919142723083,0.5826143622398376,0.008377552032470703,0.15950024127960205,0.15950024127960205,99.40824103355408
crack0019_04.png,1.5765491008758545,97.41521453857422,96.35223388671875,1.0629806518554688,109.88923645019531,108.61284637451172,1.2763900756835938,0.22386136651039124,0.21003739535808563,-0.013823971152305603,0.21796190738677979,0.2389799952507019,0.02101808786392212,0.291903018951416,0.31722456216812134,0.025321543216705322,0.5901768803596497,0.5834717154502869,0.006705164909362793,0.15188774466514587,0.15188774466514587,107.88855570554733
crack0019_05.png,5.123354816436768,93.38214874267578,91.89404296875,1.4881057739257812,110.40786743164062,108.78446960449219,1.6233978271484375,0.34421104192733765,0.33161118626594543,-0.012599855661392212,0.11315202713012695,0.20700126886367798,0.09384924173355103,0.13615572452545166,0.19554662704467773,0.059390902519226074,0.5927374362945557,0.586739718914032,0.005997717380523682,0.13174039125442505,0.13174039125442505,96.45092213153839
crack0019_06.png,2.067579460144043,120.45988464355469,119.3013687133789,1.1585159301757812,111.84664916992188,110.66374206542969,1.1829071044921875,0.26833269000053406,0.27417925000190735,0.005846560001373291,0.44690465927124023,0.43947315216064453,-0.007431507110595703,0.4011528491973877,0.39558565616607666,-0.005567193031311035,0.5995693802833557,0.5929334759712219,0.006635904312133789,0.15945516526699066,0.15945516526699066,127.76344048976898
crack0019_07.png,0.393623161315918,100.4948959350586,99.77517700195312,0.7197189331054688,105.4359130859375,105.320068359375,0.1158447265625,0.31169408559799194,0.30205368995666504,-0.009640395641326904,0.11860638856887817,0.11984503269195557,0.0012386441230773926,0.2177470326423645,0.24250298738479614,0.02475595474243164,0.5889312028884888,0.5801998972892761,0.008731305599212646,0.14532892405986786,0.14532890915870667,105.56906318664551
crack0019_08.png,2.7670127868652346,106.96318817138672,105.60340881347656,1.3597793579101562,107.03422546386719,105.11225891113281,1.921966552734375,0.39672839641571045,0.39309751987457275,-0.0036308765411376953,0.24006778001785278,0.2543056607246399,0.01423788070678711,0.3321044445037842,0.3447430729866028,0.012638628482818604,0.5914994478225708,0.5825144052505493,0.008985042572021484,0.19391176104545593,0.19391176104545593,106.35742521286011
crack0019_09.png,1.2998338699340821,98.3205337524414,97.8570327758789,0.4635009765625,104.96417999267578,104.01509857177734,0.9490814208984375,0.3629714548587799,0.3649916648864746,0.002020210027694702,0.07984381914138794,0.08764386177062988,0.007800042629241943,0.23578667640686035,0.2429695725440979,0.007182896137237549,0.5878892540931702,0.5883122086524963,-0.0004229545593261719,0.15869075059890747,0.15869075059890747,99.84298431873322
crack0020_00.png,4.175198888778686,93.76148223876953,92.38455963134766,1.376922607421875,106.21558380126953,104.80004119873047,1.4155426025390625,0.22703224420547485,0.2416578084230423,0.014625564217567444,0.35662543773651123,0.38120347261428833,0.0245780348777771,0.40837252140045166,0.42879199981689453,0.02041947841644287,0.5858285427093506,0.5838562250137329,0.0019723176956176758,0.20758336782455444,0.20758336782455444,102.88422799110413
crack0020_01.png,4.400533056259155,96.93529510498047,94.82554626464844,2.1097488403320312,107.63519287109375,106.33634185791016,1.2988510131835938,0.20499713718891144,0.2160947322845459,0.01109759509563446,0.39257264137268066,0.40887999534606934,0.016307353973388672,0.38008004426956177,0.4003375172615051,0.02025747299194336,0.5871241688728333,0.5813456177711487,0.00577855110168457,0.22322764992713928,0.2232276350259781,107.0655592083931
crack0020_02.png,3.5314067363739015,96.9035873413086,94.96372985839844,1.9398574829101562,104.24847412109375,103.15069580078125,1.0977783203125,0.20435726642608643,0.21902061998844147,0.014663353562355042,0.5486171245574951,0.548578143119812,-3.898143768310547e-05,0.4172361493110657,0.44945764541625977,0.03222149610519409,0.57857745885849,0.5790542364120483,-0.0004767775535583496,0.21587076783180237,0.21587076783180237,106.83439207077026
crack0020_03.png,0.9342051982879638,100.80175018310547,99.89820861816406,0.9035415649414062,106.57020568847656,105.71501159667969,0.855194091796875,0.22095784544944763,0.21392805874347687,-0.007029786705970764,0.35808122158050537,0.364751398563385,0.006670176982879639,0.34840232133865356,0.3563123345375061,0.007910013198852539,0.5822722315788269,0.5826681852340698,-0.0003959536552429199,0.24486911296844482,0.24486911296844482,110.82102328538895
crack0020_04.png,1.585416316986084,98.21615600585938,97.30265045166016,0.9135055541992188,103.12303161621094,102.14715576171875,0.9758758544921875,0.2708297371864319,0.2676418125629425,-0.00318792462348938,0.4294564127922058,0.4405760169029236,0.011119604110717773,0.3333813548088074,0.3433675169944763,0.009986162185668945,0.5866397619247437,0.5843445062637329,0.002295255661010742,0.21628917753696442,0.21628916263580322,105.16648495197296
crack0020_05.png,0.9270647525787354,95.97440338134766,95.48452758789062,0.48987579345703125,106.8518295288086,105.45639038085938,1.3954391479492188,0.20597216486930847,0.19959576427936554,-0.006376400589942932,0.3925589323043823,0.3940325379371643,0.0014736056327819824,0.36878758668899536,0.3831934332847595,0.01440584659576416,0.5878700613975525,0.5796155333518982,0.008254528045654297,0.1650812327861786,0.1650812327861786,107.26852208375931
crack0020_06.png,2.364899444580078,98.64323425292969,97.62185668945312,1.0213775634765625,108.97979736328125,107.86961364746094,1.1101837158203125,0.21589410305023193,0.216292142868042,0.0003980398178100586,0.4282914996147156,0.44984322786331177,0.02155172824859619,0.3943658471107483,0.41388291120529175,0.019517064094543457,0.5831218957901001,0.5829834938049316,0.00013840198516845703,0.2192775011062622,0.2192775011062622,108.5037751197815
crack0020_07.png,1.208738374710083,87.14720916748047,86.31433868408203,0.8328704833984375,104.43021392822266,102.92082214355469,1.5093917846679688,0.23243235051631927,0.2135583460330963,-0.01887400448322296,0.3817962408065796,0.40783780813217163,0.02604156732559204,0.3608546853065491,0.35989272594451904,-0.0009619593620300293,0.5883890986442566,0.5823798775672913,0.006009221076965332,0.2295682430267334,0.2295682281255722,97.45283710956573
crack0020_08.png,1.6115014553070068,85.87138366699219,84.92440795898438,0.9469757080078125,103.56306457519531,102.494873046875,1.0681915283203125,0.2595759928226471,0.2460997849702835,-0.013476207852363586,0.3598724603652954,0.3903532028198242,0.03048074245452881,0.3412131071090698,0.36678749322891235,0.02557438611984253,0.583517849445343,0.5811149477958679,0.0024029016494750977,0.22429610788822174,0.22429610788822174,93.97262269258499
crack0020_09.png,1.0169076919555664,96.0115966796875,94.9457015991211,1.0658950805664062,105.8073501586914,104.83982849121094,0.9675216674804688,0.2659784257411957,0.2557813227176666,-0.010197103023529053,0.3828153610229492,0.38863033056259155,0.005814969539642334,0.3708460330963135,0.37362968921661377,0.002783656120300293,0.5859900116920471,0.582310676574707,0.003679335117340088,0.24879249930381775,0.24879249930381775,103.57137024402618
crack0021_00.png,3.4097010612487795,95.32190704345703,92.34456634521484,2.9773406982421875,100.13225555419922,98.85195922851562,1.2802963256835938,0.32773879170417786,0.34786131978034973,0.020122528076171875,0.10673195123672485,0.06338953971862793,-0.043342411518096924,0.23685330152511597,0.21554267406463623,-0.021310627460479736,0.5812225937843323,0.5801191926002502,0.0011034011840820312,0.13109058141708374,0.13109058141708374,97.41781294345856
crack0021_01.png,5.598244333267212,122.21438598632812,117.5158920288086,4.698493957519531,108.85838317871094,107.77178955078125,1.0865936279296875,0.21039870381355286,0.23298557102680206,0.022586867213249207,0.14674127101898193,0.10243409872055054,-0.044307172298431396,0.22018766403198242,0.20865017175674438,-0.011537492275238037,0.5899730920791626,0.5792118310928345,0.010761260986328125,0.0970100611448288,0.0970100611448288,130.8401404619217
crack0021_02.png,6.618245840072632,112.666748046875,110.92508697509766,1.7416610717773438,114.0993881225586,111.34952545166016,2.7498626708984375,0.2483677715063095,0.27086806297302246,0.02250029146671295,0.05560809373855591,0.10183626413345337,0.04622817039489746,0.1941661834716797,0.2581173777580261,0.06395119428634644,0.5935140252113342,0.5903267860412598,0.003187239170074463,0.13712643086910248,0.13712641596794128,120.63441222906113
crack0021_03.png,6.93625774383545,106.23211669921875,101.73861694335938,4.493499755859375,112.90770721435547,109.78150939941406,3.1261978149414062,0.20563697814941406,0.21925616264343262,0.013619184494018555,0.25443363189697266,0.24725979566574097,-0.0071738362312316895,0.2537258267402649,0.2569817900657654,0.0032559633255004883,0.5932833552360535,0.5835409164428711,0.009742438793182373,0.11184997856616974,0.11184997856616974,115.37848234176636
crack0021_04.png,4.650136852264405,107.35060119628906,103.90736389160156,3.4432373046875,106.06239318847656,105.59290313720703,0.46949005126953125,0.26410967111587524,0.2800785303115845,0.01596885919570923,0.18938380479812622,0.1721893548965454,-0.01719444990158081,0.13816052675247192,0.17088615894317627,0.032725632190704346,0.5944713354110718,0.5837370157241821,0.010734319686889648,0.11026939749717712,0.11026939004659653,113.56125569343567
crack0021_05.png,3.7346065521240233,99.3389892578125,96.05634307861328,3.2826461791992188,102.69354248046875,102.97991943359375,-0.286376953125,0.33251333236694336,0.3084276020526886,-0.02408573031425476,0.0,0.05700552463531494,0.05700552463531494,0.18369591236114502,0.20506834983825684,0.021372437477111816,0.5871818661689758,0.5818531513214111,0.005328714847564697,0.10660408437252045,0.10660409927368164,102.67928469181061
crack0021_06.png,1.9313313484191896,100.04766845703125,98.21868896484375,1.8289794921875,101.423583984375,101.02291870117188,0.400665283203125,0.3018687665462494,0.312410831451416,0.010542064905166626,0.21887534856796265,0.19061869382858276,-0.028256654739379883,0.3195987343788147,0.3229252099990845,0.0033264756202697754,0.5802306532859802,0.5745059847831726,0.005724668502807617,0.11679533123970032,0.11679532378911972,104.23027884960175
crack0021_07.png,4.228517818450928,105.37493896484375,102.40669250488281,2.9682464599609375,105.13597106933594,104.46340942382812,0.6725616455078125,0.24821680784225464,0.26019060611724854,0.011973798274993896,0.197523832321167,0.19681954383850098,-0.0007042884826660156,0.2666473984718323,0.26640504598617554,-0.00024235248565673828,0.5861437916755676,0.5846059322357178,0.0015378594398498535,0.1144898533821106,0.1144898533821106,112.44355893135071
crack0021_08.png,6.270520210266113,111.75233459472656,108.5584716796875,3.1938629150390625,103.51960754394531,103.18223571777344,0.337371826171875,0.2696402966976166,0.3037241995334625,0.03408390283584595,0.0,0.0,0.0,0.13353729248046875,0.14818352460861206,0.01464623212814331,0.58101886510849,0.5756439566612244,0.005374908447265625,0.13537797331809998,0.13537797331809998,117.21773993968964
crack0021_09.png,9.306327962875367,111.1351089477539,107.0513916015625,4.083717346191406,114.964599609375,113.80762481689453,1.1569747924804688,0.209096297621727,0.23740941286087036,0.02831311523914337,0.006018877029418945,0.060694992542266846,0.0546761155128479,0.0,0.07179057598114014,0.07179057598114014,0.5981853008270264,0.5904921293258667,0.007693171501159668,0.10912487655878067,0.10912486910820007,120.47488445043564
crack0022_00.png,0.13720834255218506,75.56097412109375,76.2089614868164,-0.6479873657226562,119.17640686035156,118.55125427246094,0.625152587890625,0.07334546744823456,0.07907349616289139,0.00572802871465683,0.0,0.0,0.0,0.0,0.0,0.0,0.586243748664856,0.5843214392662048,0.001922309398651123,0.09779324382543564,0.09779324382543564,94.93398970365524
crack0022_01.png,5.194667005538941,83.97018432617188,80.79257202148438,3.1776123046875,130.44973754882812,127.51488494873047,2.9348526000976562,0.0915023535490036,0.09771409630775452,0.0062117427587509155,0.0,0.0,0.0,0.0,0.0,0.0,0.5881122350692749,0.5794578790664673,0.008654356002807617,0.09776483476161957,0.09776483476161957,100.4157263636589
crack0022_02.png,0.8660108089447022,86.89260864257812,86.4363784790039,0.45623016357421875,128.06692504882812,127.34494018554688,0.72198486328125,0.1047259271144867,0.10084609687328339,-0.003879830241203308,0.0,0.0,0.0,0.0,0.0,0.0,0.5935255885124207,0.5827412605285645,0.010784327983856201,0.0901244580745697,0.0901244580745697,104.35475128889084
crack0022_03.png,2.6255598306655883,77.68090057373047,76.34364318847656,1.3372573852539062,132.9239959716797,130.53842163085938,2.3855743408203125,0.08825115114450455,0.09231750667095184,0.004066355526447296,0.0,0.0,0.0,0.0,0.0,0.0,0.5813456177711487,0.5811265110969543,0.00021910667419433594,0.09369558840990067,0.09369558840990067,94.97102752327919
crack0022_04.png,3.886826968193054,69.56696319580078,66.7834701538086,2.7834930419921875,121.88426208496094,118.71868896484375,3.1655731201171875,0.10136139392852783,0.09618603438138962,-0.005175359547138214,0.0,0.0,0.0,0.0,0.0,0.0,0.5831410884857178,0.5768627524375916,0.006278336048126221,0.1068890243768692,0.1068890318274498,85.72969815135002
crack0022_05.png,-1.1285852193832397,74.41603088378906,75.90754699707031,-1.49151611328125,123.19094848632812,121.88288879394531,1.3080596923828125,0.11566531658172607,0.11009377986192703,-0.005571536719799042,0.0,0.0,0.0,0.0,0.0,0.0,0.5916224718093872,0.584486722946167,0.007135748863220215,0.09852537512779236,0.09852537512779236,92.22106102108955
crack0022_06.png,0.7364597082138062,95.64838409423828,95.91277313232422,-0.2643890380859375,119.6514892578125,118.70706176757812,0.944427490234375,0.1134563684463501,0.1149318739771843,0.001475505530834198,0.0,0.0,0.0,0.0,0.0,0.0,0.5989696383476257,0.5863437056541443,0.012625932693481445,0.08986804634332657,0.08986804634332657,112.93198204040527
crack0022_07.png,2.6656627893447875,105.72366333007812,102.4958267211914,3.2278366088867188,115.15035247802734,114.57695007324219,0.5734024047851562,0.11406223475933075,0.09869899600744247,-0.015363238751888275,0.0,0.0,0.0,0.0,0.0,0.0,0.5970549583435059,0.5861168503761292,0.010938107967376709,0.09941942989826202,0.09941942989826202,122.07000359892845
crack0022_08.png,0.5999667167663576,88.54996490478516,87.59556579589844,0.9543991088867188,127.482666015625,126.17402648925781,1.3086395263671875,0.09992644190788269,0.08587712049484253,-0.014049321413040161,0.0,0.0,0.0,0.0,0.0,0.0,0.5932256579399109,0.5870742201805115,0.006151437759399414,0.10054288059473038,0.10054287314414978,106.64916443824768
crack0022_09.png,1.833596181869507,79.85103607177734,78.12457275390625,1.7264633178710938,124.1668701171875,123.08406066894531,1.0828094482421875,0.09391824156045914,0.09072377532720566,-0.003194466233253479,0.0,0.0,0.0,0.0,0.0,0.0,0.5817108750343323,0.5834717154502869,-0.0017608404159545898,0.10233398526906967,0.10233398526906967,96.88324651122093
crack0023_00.png,2.62973313331604,122.18293762207031,120.63379669189453,1.5491409301757812,124.20309448242188,121.5888900756836,2.6142044067382812,0.13895413279533386,0.1340048760175705,-0.004949256777763367,0.17041385173797607,0.17167723178863525,0.0012633800506591797,0.3512529730796814,0.33811116218566895,-0.013141810894012451,0.59648597240448,0.5869780778884888,0.009507894515991211,0.10234898328781128,0.10234898328781128,137.2275134921074
crack0023_01.png,0.8901204586029055,121.2261734008789,120.12916564941406,1.0970077514648438,114.58158874511719,113.086181640625,1.4954071044921875,0.25458478927612305,0.24180926382541656,-0.012775525450706482,0.0,0.0,0.0,0.2097213864326477,0.2212764024734497,0.011555016040802002,0.5950441956520081,0.5896193981170654,0.005424797534942627,0.11272838711738586,0.11272838711738586,129.9708815217018
crack0023_02.png,0.5110886573791504,98.0615005493164,98.52796173095703,-0.466461181640625,109.0809326171875,107.60728454589844,1.4736480712890625,0.341631680727005,0.3428938090801239,0.0012621283531188965,0.0,0.0,0.0,0.17838937044143677,0.18474560976028442,0.006356239318847656,0.5897693037986755,0.5825912952423096,0.007178008556365967,0.15962162613868713,0.15962162613868713,101.38760244846344
crack0023_03.png,-0.1889426231384277,113.97904205322266,114.59523010253906,-0.6161880493164062,110.05463409423828,108.9052734375,1.1493606567382812,0.26485681533813477,0.2618570327758789,-0.0029997825622558594,0.0,0.001780688762664795,0.001780688762664795,0.28672516345977783,0.30485814809799194,0.01813298463821411,0.5882006883621216,0.584794282913208,0.0034064054489135742,0.11624127626419067,0.11624127626419067,122.10374164581299
crack0023_04.png,0.09266057014465334,121.36327362060547,121.71304321289062,-0.34976959228515625,112.81806945800781,111.43240356445312,1.3856658935546875,0.23417697846889496,0.22407016158103943,-0.01010681688785553,0.0,0.013284683227539062,0.013284683227539062,0.2931739091873169,0.29163187742233276,-0.0015420317649841309,0.5890311598777771,0.5848981142044067,0.004133045673370361,0.11426049470901489,0.11426049470901489,131.65519511699677
crack0023_05.png,3.383859920501709,120.04454803466797,118.52001190185547,1.5245361328125,109.79559326171875,107.89958190917969,1.8960113525390625,0.18212281167507172,0.17755718529224396,-0.004565626382827759,0.07557600736618042,0.10504841804504395,0.029472410678863525,0.2865269184112549,0.26038897037506104,-0.026137948036193848,0.5899922847747803,0.5828104615211487,0.007181823253631592,0.10278402268886566,0.10278402268886566,132.2285402417183
crack0023_06.png,-0.673979377746582,106.36363983154297,107.25169372558594,-0.8880538940429688,113.69987487792969,111.58243560791016,2.1174392700195312,0.22042140364646912,0.20896729826927185,-0.011454105377197266,0.0,0.0,0.0,0.20490777492523193,0.22162002325057983,0.0167122483253479,0.5899999737739563,0.5829142928123474,0.007085680961608887,0.10755792260169983,0.10755792260169983,117.8696278333664
crack0023_07.png,0.3788103580474853,115.46478271484375,113.79166412353516,1.6731185913085938,112.22492980957031,111.45416259765625,0.7707672119140625,0.2403949499130249,0.2197701781988144,-0.02062477171421051,0.0,0.0,0.0,0.1848241090774536,0.2152116894721985,0.030387580394744873,0.5908035635948181,0.5896193981170654,0.0011841654777526855,0.10235977917909622,0.10235977917909622,125.07415527105331
crack0023_08.png,-0.3308091163635254,115.91395568847656,116.70355224609375,-0.7895965576171875,110.3329086303711,109.60884094238281,0.7240676879882812,0.2695986032485962,0.274669349193573,0.005070745944976807,0.22464871406555176,0.21608340740203857,-0.008565306663513184,0.3156081438064575,0.3208122253417969,0.0052040815353393555,0.584675133228302,0.5820223093032837,0.0026528239250183105,0.13949650526046753,0.13949649035930634,123.51984310150146
crack0023_09.png,-0.33118352890014646,120.07377624511719,119.7459487915039,0.32782745361328125,110.2533187866211,109.18412017822266,1.0691986083984375,0.2652316987514496,0.25078877806663513,-0.014442920684814453,0.0,0.0,0.0,0.23937982320785522,0.23751741647720337,-0.0018624067306518555,0.5888235569000244,0.5871049761772156,0.0017185807228088379,0.11315422505140305,0.11315421760082245,128.41547811031342
crack0024_00.png,2.896556043624878,142.35801696777344,140.16770935058594,2.1903076171875,121.26033020019531,121.97251892089844,-0.712188720703125,0.239209845662117,0.24816754460334778,0.008957698941230774,0.0,0.0,0.0,0.03285014629364014,0.04727590084075928,0.01442575454711914,0.592483639717102,0.5856209397315979,0.00686269998550415,0.13291366398334503,0.13291366398334503,150.60961800813675
crack0024_01.png,8.150316524505616,127.24007415771484,122.18799591064453,5.0520782470703125,139.93057250976562,132.50721740722656,7.4233551025390625,0.317999929189682,0.31649309396743774,-0.0015068352222442627,0.0,0.0,0.0,0.0,0.0,0.0,0.5985966920852661,0.5923606157302856,0.006236076354980469,0.11948484182357788,0.11948484182357788,129.66831707954407
crack0024_02.png,8.237269163131714,120.16950988769531,116.41230010986328,3.7572097778320312,116.577880859375,112.86106872558594,3.7168121337890625,0.2060990184545517,0.24199512600898743,0.03589610755443573,0.0,0.0,0.0,0.0,0.0,0.0,0.5950057506561279,0.591964602470398,0.0030411481857299805,0.13093602657318115,0.13093602657318115,129.7251939177513
crack0024_03.png,6.650514841079712,141.75608825683594,136.23587036132812,5.5202178955078125,121.68172454833984,117.45156860351562,4.230155944824219,0.19462096691131592,0.18546126782894135,-0.009159699082374573,0.0,0.0,0.0,0.0,0.0,0.0,0.5991234183311462,0.5948481559753418,0.004275262355804443,0.11186271160840988,0.11186271160840988,151.8332399725914
crack0024_04.png,7.556775045394897,163.2042236328125,157.59132385253906,5.6128997802734375,172.3372802734375,165.222900390625,7.1143798828125,0.22114776074886322,0.20996463298797607,-0.011183127760887146,0.0,0.0,0.0,0.0,0.0,0.0,0.5896347761154175,0.5898154377937317,-0.00018066167831420898,0.125923290848732,0.125923290848732,171.39251327514648
crack0024_05.png,9.15154447555542,137.02330017089844,130.49700927734375,6.5262908935546875,127.96143341064453,124.12501525878906,3.8364181518554688,0.27101340889930725,0.283287912607193,0.012274503707885742,0.0,0.0,0.0,0.0,0.0,0.0,0.5965205430984497,0.5938023924827576,0.0027181506156921387,0.1307234913110733,0.1307235062122345,141.36017191410065
crack0024_06.png,4.528110074996948,125.27857971191406,122.05809783935547,3.2204818725585938,118.31000518798828,118.75320434570312,-0.44319915771484375,0.22651658952236176,0.2427942156791687,0.016277626156806946,0.0,0.0,0.0,0.1400926113128662,0.1743977665901184,0.0343051552772522,0.5876816511154175,0.5831142067909241,0.004567444324493408,0.15798741579055786,0.15798741579055786,133.58460944890976
crack0024_07.png,2.1947882652282713,136.7303009033203,134.43116760253906,2.29913330078125,116.44818878173828,115.41815185546875,1.0300369262695312,0.2438998520374298,0.23505204916000366,-0.008847802877426147,0.0,0.0,0.0,0.10893213748931885,0.11159706115722656,0.002664923667907715,0.59246826171875,0.5876816511154175,0.0047866106033325195,0.15042062103748322,0.15042062103748322,145.17634177207947
crack0024_08.png,1.3404042720794678,176.4910888671875,177.54400634765625,-1.05291748046875,178.125732421875,170.7959442138672,7.3297882080078125,0.21149984002113342,0.2054440826177597,-0.006055757403373718,0.0,0.0,0.0,0.07701665163040161,0.07988238334655762,0.002865731716156006,0.5937485694885254,0.5951018929481506,-0.0013533234596252441,0.15024936199188232,0.15024936199188232,188.49497836828232
crack0024_09.png,7.36543025970459,135.96031188964844,132.94949340820312,3.0108184814453125,127.01759338378906,125.12281799316406,1.894775390625,0.23632606863975525,0.2804563045501709,0.04413023591041565,0.0,0.0,0.0,0.010313570499420166,0.010292887687683105,-2.0682811737060547e-05,0.5894579291343689,0.5878008604049683,0.0016570687294006348,0.1682913899421692,0.168291375041008,143.85365569591522
crack0025_00.png,5.012290954589844,123.29656982421875,121.0775146484375,2.21905517578125,115.41986846923828,113.68303680419922,1.7368316650390625,0.30182480812072754,0.3127034604549408,0.010878652334213257,0.33221590518951416,0.3590956926345825,0.02687978744506836,0.30073583126068115,0.3275933861732483,0.02685755491256714,0.5858439207077026,0.5820184350013733,0.0038254857063293457,0.19321534037590027,0.19321534037590027,127.51131057739258
crack0025_01.png,2.3825045585632325,112.02494812011719,110.33707427978516,1.6878738403320312,106.50222778320312,105.99748229980469,0.5047454833984375,0.3109273314476013,0.31872987747192383,0.00780254602432251,0.4234148859977722,0.4193437695503235,-0.0040711164474487305,0.44044435024261475,0.4460332989692688,0.005588948726654053,0.5895001888275146,0.5887158513069153,0.0007843375205993652,0.17178452014923096,0.17178452014923096,116.10537886619568
crack0025_02.png,6.492226028442383,117.17549896240234,113.88898468017578,3.2865142822265625,117.24555969238281,112.72661590576172,4.518943786621094,0.2852568030357361,0.2921522557735443,0.0068954527378082275,0.3813227415084839,0.3961760401725769,0.014853298664093018,0.3124312162399292,0.33583974838256836,0.02340853214263916,0.5976393818855286,0.5913302302360535,0.006309151649475098,0.2132054567337036,0.2132054567337036,122.32240891456604
crack0025_03.png,3.494401454925537,115.87516021728516,114.52181243896484,1.3533477783203125,106.77787017822266,105.43490600585938,1.3429641723632812,0.289737343788147,0.3044804632663727,0.014743119478225708,0.36081916093826294,0.3698418140411377,0.009022653102874756,0.3446853756904602,0.3537933826446533,0.009108006954193115,0.5789465308189392,0.5773587226867676,0.0015878081321716309,0.2183837890625,0.2183838039636612,120.97210693359375
crack0025_04.png,3.778183650970459,115.83476257324219,114.47635650634766,1.3584060668945312,108.90254211425781,107.85272979736328,1.0498123168945312,0.3727448582649231,0.38799306750297546,0.015248209238052368,0.44884657859802246,0.4631023406982422,0.014255762100219727,0.38774704933166504,0.40524524450302124,0.0174981951713562,0.587835431098938,0.5825912952423096,0.005244135856628418,0.24001821875572205,0.24001824855804443,116.30428528785706
crack0025_05.png,5.528801822662354,118.74545288085938,115.5458755493164,3.1995773315429688,115.3779525756836,113.08053588867188,2.2974166870117188,0.1969800889492035,0.20426493883132935,0.0072848498821258545,0.4459648132324219,0.463725745677948,0.017760932445526123,0.3949624300003052,0.4210556149482727,0.02609318494796753,0.5882545113563538,0.5853286981582642,0.0029258131980895996,0.16336816549301147,0.16336816549301147,128.85703933238983
crack0025_06.png,4.864557218551636,117.15457153320312,116.43517303466797,0.7193984985351562,121.91331481933594,120.51838684082031,1.394927978515625,0.20278818905353546,0.23314663767814636,0.0303584486246109,0.4397500157356262,0.4564175605773926,0.016667544841766357,0.36575639247894287,0.4028869867324829,0.03713059425354004,0.5997923612594604,0.5874971151351929,0.012295246124267578,0.20559129118919373,0.20559129118919373,128.61927539110184
crack0025_07.png,1.0852022171020508,98.518310546875,98.50291442871094,0.0153961181640625,106.04581451416016,104.9642333984375,1.0815811157226562,0.353252649307251,0.35497549176216125,0.0017228424549102783,0.44297105073928833,0.4486842751502991,0.005713224411010742,0.43647873401641846,0.4446517825126648,0.008173048496246338,0.591191828250885,0.5844213962554932,0.006770431995391846,0.19939856231212616,0.19939856231212616,100.96312665939331
crack0025_08.png,2.4968823432922362,108.17295837402344,106.94013214111328,1.2328262329101562,107.79541015625,106.96894073486328,0.8264694213867188,0.366050660610199,0.375806987285614,0.009756326675415039,0.4468557834625244,0.4465276002883911,-0.0003281831741333008,0.43715900182724,0.4434294104576111,0.006270408630371094,0.5867050886154175,0.5825528502464294,0.004152238368988037,0.19730620086193085,0.19730621576309204,109.06170916557312
crack0025_09.png,4.016544151306152,123.24835205078125,120.81098175048828,2.4373703002929688,103.10722351074219,102.35813903808594,0.74908447265625,0.28095725178718567,0.28708428144454956,0.006127029657363892,0.4754648804664612,0.4920235872268677,0.016558706760406494,0.3317108154296875,0.35567420721054077,0.02396339178085327,0.5832910537719727,0.5801153182983398,0.0031757354736328125,0.15856242179870605,0.15856242179870605,128.50387394428253
crack0026_00.png,-1.591339921951294,94.36685943603516,96.0274887084961,-1.6606292724609375,123.32083129882812,122.22256469726562,1.0982666015625,0.17432399094104767,0.16590985655784607,-0.008414134383201599,0.0,0.0,0.0,0.0,0.0,0.0,0.5953056216239929,0.5877277851104736,0.007577836513519287,0.10572037100791931,0.10572037100791931,109.05480754375458
crack0026_01.png,2.242218494415283,91.97186279296875,91.25452423095703,0.7173385620117188,122.56047058105469,120.83012390136719,1.7303466796875,0.17363949120044708,0.1815996915102005,0.007960200309753418,0.0,0.0,0.0,0.0,0.0,0.0,0.5953479409217834,0.5904498100280762,0.004898130893707275,0.10066191852092743,0.10066191852092743,105.0087416768074
crack0026_02.png,-1.1817936897277832,80.37554931640625,81.25582885742188,-0.880279541015625,122.03572845458984,121.35263061523438,0.6830978393554688,0.1615092009305954,0.15252737700939178,-0.008981823921203613,0.0,0.0,0.0,0.0,0.0,0.0,0.5946789979934692,0.5910841822624207,0.003594815731048584,0.10061944276094437,0.10061945021152496,95.45120638608932
crack0026_03.png,-0.7287359714508057,96.15702056884766,96.3795394897461,-0.2225189208984375,121.97856903076172,121.38838958740234,0.590179443359375,0.15694189071655273,0.14442412555217743,-0.012517765164375305,0.0,0.0,0.0,0.0,0.0,0.0,0.5930526852607727,0.586574375629425,0.006478309631347656,0.09839978814125061,0.09839978814125061,111.32493990659714
crack0026_04.png,-0.5969746589660645,71.1650390625,72.09078979492188,-0.925750732421875,117.64336395263672,116.86511993408203,0.7782440185546875,0.15067952871322632,0.15000411868095398,-0.0006754100322723389,0.0,0.0,0.0,0.0,0.014937758445739746,0.014937758445739746,0.5969550013542175,0.5951672196388245,0.0017877817153930664,0.09744466841220856,0.09744466841220856,86.5058673620224
crack0026_05.png,-2.2898066997528077,81.2489242553711,82.99085235595703,-1.7419281005859375,116.86225891113281,116.15328216552734,0.7089767456054688,0.18407104909420013,0.17082110047340393,-0.013249948620796204,0.0,0.0,0.0,0.0,0.0,0.0,0.592452883720398,0.586739718914032,0.005713164806365967,0.10009300708770752,0.10009300708770752,95.56873762607574
crack0026_06.png,4.611537313461303,120.80985260009766,119.88726043701172,0.9225921630859375,122.42608642578125,119.7853012084961,2.6407852172851562,0.20104102790355682,0.23182472586631775,0.030783697962760925,0.0,0.0,0.0,0.0,0.0,0.0,0.592364490032196,0.5881161093711853,0.004248380661010742,0.09782159328460693,0.09782157838344574,131.98067444562912
crack0026_07.png,-1.5668206214904785,81.3753662109375,82.90937042236328,-1.5340042114257812,124.10543060302734,122.01280212402344,2.0926284790039062,0.15612603724002838,0.14215581119060516,-0.013970226049423218,0.0,0.0,0.0,0.0,0.0,0.0,0.5855324864387512,0.5793387293815613,0.006193757057189941,0.1127258762717247,0.1127258762717247,97.03431910276413
crack0026_08.png,-2.1073092460632323,64.77879333496094,67.4475326538086,-2.6687393188476562,124.57205963134766,123.50773620605469,1.0643234252929688,0.15173375606536865,0.15043500065803528,-0.001298755407333374,0.0,0.0,0.0,0.0,0.0,0.0,0.5884659886360168,0.5824759602546692,0.005990028381347656,0.09711403399705887,0.09711402654647827,80.62570250034332
crack0026_09.png,-0.8003182411193848,63.36060333251953,65.37278747558594,-2.0121841430664062,130.34097290039062,127.91211700439453,2.4288558959960938,0.15700718760490417,0.15841570496559143,0.0014085173606872559,0.0,0.0,0.0,0.0,0.0,0.0,0.593948483467102,0.590757429599762,0.003191053867340088,0.09416142106056213,0.09416142106056213,78.70420348644257
crack0027_00.png,3.941934680938721,118.8526382446289,117.71998596191406,1.1326522827148438,105.43255615234375,104.96908569335938,0.463470458984375,0.3241938650608063,0.35200685262680054,0.027812987565994263,0.2450873851776123,0.24909567832946777,0.004008293151855469,0.365089476108551,0.37290728092193604,0.00781780481338501,0.5838062167167664,0.5778431296348572,0.00596308708190918,0.14353108406066895,0.14353108406066895,122.18692886829376
crack0027_01.png,3.559108638763428,115.62816619873047,113.42119598388672,2.20697021484375,103.46456909179688,102.4112777709961,1.0532913208007812,0.27381306886672974,0.2961612045764923,0.022348135709762573,0.3898742198944092,0.3591673970222473,-0.030706822872161865,0.4396132230758667,0.4166102409362793,-0.023002982139587402,0.5920723080635071,0.5827912092208862,0.00928109884262085,0.13811570405960083,0.13811570405960083,121.77878928184509
crack0027_02.png,4.669418907165527,96.82945251464844,94.57814025878906,2.251312255859375,103.55061340332031,102.33831787109375,1.2122955322265625,0.3568402826786041,0.3816775977611542,0.02483731508255005,0.42956000566482544,0.4270848035812378,-0.0024752020835876465,0.4456126093864441,0.4454959034919739,-0.00011670589447021484,0.5781737565994263,0.5770434737205505,0.0011302828788757324,0.19102506339550018,0.19102506339550018,97.42032968997955
crack0027_03.png,3.543854236602783,116.79554748535156,114.823486328125,1.9720611572265625,108.42034912109375,107.40861511230469,1.0117340087890625,0.25314733386039734,0.2601426839828491,0.006995350122451782,0.2510518431663513,0.25941044092178345,0.008358597755432129,0.44082480669021606,0.4411531686782837,0.00032836198806762695,0.5790004134178162,0.572172224521637,0.006828188896179199,0.10246765613555908,0.10246765613555908,123.78069341182709
crack0027_04.png,3.6778764724731445,122.37653350830078,119.7360610961914,2.640472412109375,107.6058349609375,107.253662109375,0.3521728515625,0.22953270375728607,0.24525399506092072,0.015721291303634644,0.409732460975647,0.39169520139694214,-0.018037259578704834,0.44259512424468994,0.43746137619018555,-0.0051337480545043945,0.5931872129440308,0.584179162979126,0.009008049964904785,0.14276111125946045,0.14276112616062164,131.01182359457016
crack0027_05.png,0.45901231765747075,115.9384994506836,114.80167388916016,1.1368255615234375,103.24930572509766,102.45005798339844,0.7992477416992188,0.3580120801925659,0.3467930257320404,-0.011219054460525513,0.36109721660614014,0.35696738958358765,-0.00412982702255249,0.45320749282836914,0.4584205150604248,0.005213022232055664,0.5727220177650452,0.571091890335083,0.0016301274299621582,0.10731207579374313,0.10731207579374313,117.47138583660126
crack0027_06.png,0.4610302925109864,110.95073699951172,109.98761749267578,0.9631195068359375,104.33960723876953,103.53807067871094,0.8015365600585938,0.3065037131309509,0.3028429448604584,-0.0036607682704925537,0.4497827887535095,0.43885892629623413,-0.01092386245727539,0.49138951301574707,0.4849705100059509,-0.006419003009796143,0.573771595954895,0.5760937929153442,-0.0023221969604492188,0.1259549856185913,0.1259549856185913,115.34235227108002
crack0027_07.png,2.597856140136719,108.80460357666016,107.00959014892578,1.795013427734375,105.2029800415039,104.31634521484375,0.8866348266601562,0.2912442684173584,0.3015464246273041,0.010302156209945679,0.3245147466659546,0.3080832362174988,-0.01643151044845581,0.3969891667366028,0.384543240070343,-0.012445926666259766,0.5844636559486389,0.5774317383766174,0.007031917572021484,0.1290547251701355,0.12905475497245789,113.81098699569702
crack0027_08.png,2.1568150520324707,116.01044464111328,114.80315399169922,1.2072906494140625,104.30345153808594,103.35393524169922,0.9495162963867188,0.32226860523223877,0.3202088475227356,-0.002059757709503174,0.33986276388168335,0.35488802194595337,0.01502525806427002,0.42328786849975586,0.425400972366333,0.0021131038665771484,0.5829642415046692,0.5796270370483398,0.0033372044563293457,0.1270390748977661,0.1270390748977661,119.51283812522888
crack0027_09.png,2.779438304901123,105.4512939453125,103.69149017333984,1.7598037719726562,102.69918823242188,101.73579406738281,0.9633941650390625,0.36183181405067444,0.36838775873184204,0.0065559446811676025,0.44697219133377075,0.4494365453720093,0.0024643540382385254,0.45373421907424927,0.4565134644508362,0.002779245376586914,0.5772241353988647,0.5769434571266174,0.00028067827224731445,0.22728751599788666,0.22728751599788666,105.9504486322403
crack0028_00.png,1.9419297218322753,92.18230438232422,91.0977554321289,1.0845489501953125,99.04904174804688,98.0116195678711,1.0374221801757812,0.5234376788139343,0.5097182989120483,-0.013719379901885986,0.0,0.038045406341552734,0.038045406341552734,0.32305771112442017,0.33230066299438477,0.0092429518699646,0.5795732140541077,0.5791195631027222,0.00045365095138549805,0.11024355888366699,0.11024355888366699,84.23986053466797
crack0028_01.png,3.183159828186035,98.57388305664062,97.18657684326172,1.3873062133789062,103.92195129394531,103.10697937011719,0.814971923828125,0.42965176701545715,0.4453607201576233,0.015708953142166138,0.0,0.0,0.0,0.0,0.07943445444107056,0.07943445444107056,0.5741752982139587,0.568846583366394,0.005328714847564697,0.10156865417957306,0.10156865417957306,95.06813585758209
crack0028_02.png,1.1326968193054199,100.17507934570312,98.8785629272461,1.2965164184570312,103.52428436279297,102.78224182128906,0.7420425415039062,0.4951183795928955,0.48659804463386536,-0.008520334959030151,0.0,0.0,0.0,0.25885385274887085,0.28820735216140747,0.02935349941253662,0.5806881785392761,0.5751634240150452,0.005524754524230957,0.11559105664491653,0.11559105664491653,93.55846560001373
crack0028_03.png,-0.5885059356689453,98.96786499023438,98.92317199707031,0.0446929931640625,106.53947448730469,105.49478912353516,1.0446853637695312,0.4431249797344208,0.4286370873451233,-0.014487892389297485,0.0,0.0,0.0,0.21552664041519165,0.2313786745071411,0.015852034091949463,0.5864282846450806,0.5837293267250061,0.002698957920074463,0.11039721220731735,0.11039721220731735,96.68442463874817
crack0028_04.png,-0.21824998855590816,99.20426940917969,99.12191009521484,0.08235931396484375,101.65804290771484,100.72634887695312,0.9316940307617188,0.5045408606529236,0.4946695566177368,-0.009871304035186768,0.0,0.0,0.0,0.20625734329223633,0.223338782787323,0.01708143949508667,0.5855555534362793,0.5826451182365417,0.002910435199737549,0.10411306470632553,0.10411307215690613,92.90513849258423
crack0028_05.png,2.884177303314209,101.91290283203125,100.94004821777344,0.9728546142578125,104.01461791992188,103.03536224365234,0.9792556762695312,0.4323076009750366,0.44536954164505005,0.013061940670013428,0.0,0.008917748928070068,0.008917748928070068,0.2051069736480713,0.20375186204910278,-0.0013551115989685059,0.5765359401702881,0.5735870599746704,0.0029488801956176758,0.09631698578596115,0.09631698578596115,98.54945707321167
crack0028_06.png,-0.6943721771240234,97.81270599365234,96.86726379394531,0.9454421997070312,99.3037109375,98.87074279785156,0.4329681396484375,0.5479060411453247,0.5236845016479492,-0.02422153949737549,0.0,0.0,0.0,0.17312192916870117,0.20536655187606812,0.03224462270736694,0.5719031095504761,0.5687850713729858,0.0031180381774902344,0.10669681429862976,0.10669682919979095,88.79503917694092
crack0028_07.png,0.8256870269775392,105.0433120727539,105.22586059570312,-0.18254852294921875,107.09046936035156,105.92478942871094,1.165679931640625,0.34445127844810486,0.3484173119068146,0.003966033458709717,0.0,0.0,0.0,0.019772052764892578,0.13229739665985107,0.1125253438949585,0.582729697227478,0.5771126747131348,0.005617022514343262,0.09564971923828125,0.09564971923828125,107.77669751644135
crack0028_08.png,1.4455841064453125,105.9281005859375,105.1632308959961,0.7648696899414062,106.78489685058594,105.42805480957031,1.356842041015625,0.4495922327041626,0.43115800619125366,-0.018434226512908936,0.06011909246444702,0.09977954626083374,0.03966045379638672,0.24984192848205566,0.29593533277511597,0.0460934042930603,0.5706997513771057,0.5700423121452332,0.0006574392318725586,0.1146741434931755,0.1146741434931755,102.5041754245758
crack0028_09.png,-2.319471740722656,97.46468353271484,97.91371154785156,-0.44902801513671875,102.946533203125,102.05528259277344,0.8912506103515625,0.49108123779296875,0.46203723549842834,-0.029044002294540405,0.0,0.0,0.0,0.20328235626220703,0.19868767261505127,-0.004594683647155762,0.5886005163192749,0.5861861109733582,0.002414405345916748,0.12011030316352844,0.12011027336120605,93.5109840631485
crack0029_00.png,3.623875045776367,109.78054809570312,109.64543151855469,0.1351165771484375,112.1331787109375,111.51319885253906,0.6199798583984375,0.2929118573665619,0.29502445459365845,0.0021125972270965576,0.23133206367492676,0.29900258779525757,0.06767052412033081,0.2447914481163025,0.2995324730873108,0.0547410249710083,0.5960092544555664,0.5868858098983765,0.009123444557189941,0.19730636477470398,0.19730636477470398,115.97864854335785
crack0029_01.png,1.9777973175048826,100.79203796386719,100.60128021240234,0.19075775146484375,102.4321517944336,101.9665756225586,0.465576171875,0.29343947768211365,0.2947469651699066,0.0013074874877929688,0.26007819175720215,0.2987329363822937,0.03865474462509155,0.25356078147888184,0.2913341522216797,0.03777337074279785,0.5781391859054565,0.5793886780738831,-0.0012494921684265137,0.2465083748102188,0.2465083748102188,106.26583755016327
crack0029_02.png,0.03126492500305167,100.3773422241211,99.66907501220703,0.7082672119140625,105.72320556640625,104.95018005371094,0.7730255126953125,0.20828621089458466,0.19287702441215515,-0.015409186482429504,0.0,0.0,0.0,0.0,0.0,0.0,0.5869819521903992,0.5808188915252686,0.006163060665130615,0.20594516396522522,0.20594516396522522,111.92986524105072
crack0029_03.png,6.6430432319641115,102.20923614501953,102.81861877441406,-0.6093826293945312,102.13589477539062,101.5463638305664,0.5895309448242188,0.3453851640224457,0.3682120442390442,0.02282688021659851,0.04285550117492676,0.16840332746505737,0.12554782629013062,0.15251445770263672,0.24131149053573608,0.08879703283309937,0.5835486054420471,0.5793348550796509,0.00421375036239624,0.199369877576828,0.199369877576828,105.13276183605194
crack0029_04.png,12.187278604507446,105.7640151977539,105.71884155273438,0.04517364501953125,112.02760314941406,111.26429748535156,0.7633056640625,0.16802243888378143,0.2188466191291809,0.050824180245399475,0.05800366401672363,0.24359744787216187,0.18559378385543823,0.0,0.1977090835571289,0.1977090835571289,0.5938946604728699,0.5852172374725342,0.008677423000335693,0.1947961002588272,0.1947961151599884,119.41586846113205
crack0029_05.png,5.53817720413208,101.083984375,100.55205535888672,0.5319290161132812,104.997802734375,103.96206665039062,1.035736083984375,0.31751948595046997,0.32219287753105164,0.004673391580581665,0.33842241764068604,0.44029510021209717,0.10187268257141113,0.34528619050979614,0.4185394048690796,0.07325321435928345,0.5872087478637695,0.5836293697357178,0.003579378128051758,0.21188408136367798,0.21188408136367798,105.25520062446594
crack0029_06.png,8.69069962501526,105.92903137207031,106.02721405029297,-0.09818267822265625,107.97653198242188,106.56193542480469,1.4145965576171875,0.22776560485363007,0.2552522122859955,0.027486607432365417,0.0,0.13683122396469116,0.13683122396469116,0.0,0.13819903135299683,0.13819903135299683,0.5968050956726074,0.5830334424972534,0.013771653175354004,0.15635430812835693,0.15635430812835693,116.18439024686813
crack0029_07.png,11.765080165863036,92.39744567871094,92.67179107666016,-0.27434539794921875,109.68689727783203,109.0438461303711,0.6430511474609375,0.16774781048297882,0.2103521078824997,0.042604297399520874,0.14350074529647827,0.34471577405929565,0.20121502876281738,0.04498690366744995,0.2834685444831848,0.23848164081573486,0.5965936183929443,0.5884621143341064,0.00813150405883789,0.19056645035743713,0.19056643545627594,106.33349448442459
crack0029_08.png,5.845892429351807,106.11157989501953,106.5801010131836,-0.4685211181640625,103.70118713378906,103.28958129882812,0.4116058349609375,0.26393571496009827,0.2644270956516266,0.0004913806915283203,0.20632338523864746,0.3572933077812195,0.15096992254257202,0.1329471468925476,0.26889145374298096,0.13594430685043335,0.5866589546203613,0.5848673582077026,0.0017915964126586914,0.23122218251228333,0.23122215270996094,113.97605574131012
crack0029_09.png,7.275561666488647,95.84085083007812,96.29721069335938,-0.45635986328125,106.76365661621094,105.48422241210938,1.2794342041015625,0.18506480753421783,0.20483896136283875,0.01977415382862091,0.10251355171203613,0.23369193077087402,0.1311783790588379,0.03120589256286621,0.16935306787490845,0.13814717531204224,0.5931333899497986,0.5833563804626465,0.0097770094871521,0.17071771621704102,0.17071771621704102,108.69047790765762
crack0030_00.png,3.1892489433288573,186.7419891357422,184.73289489746094,2.00909423828125,117.47451782226562,116.68608093261719,0.7884368896484375,0.17644762992858887,0.1801837980747223,0.003736168146133423,0.27487999200820923,0.2861436605453491,0.011263668537139893,0.267061710357666,0.2950631380081177,0.02800142765045166,0.5800884366035461,0.5772049427032471,0.0028834939002990723,0.12978169322013855,0.12978169322013855,198.35412168502808
crack0030_01.png,4.275211143493652,187.90853881835938,184.5002899169922,3.4082489013671875,126.69329071044922,125.00151824951172,1.6917724609375,0.1849028766155243,0.18670624494552612,0.001803368330001831,0.0,0.0,0.0,0.0,0.0,0.0,0.5866166949272156,0.5854671001434326,0.001149594783782959,0.12323646992444992,0.12323646992444992,198.57490956783295
crack0030_02.png,2.954176354408264,197.31112670898438,195.4724884033203,1.8386383056640625,131.22933959960938,129.67489624023438,1.554443359375,0.1211005225777626,0.1253117471933365,0.004211224615573883,0.0,0.0,0.0,0.0,0.0,0.0,0.586243748664856,0.5823221802711487,0.003921568393707275,0.11551937460899353,0.11551937460899353,212.57552614808083
crack0030_03.png,1.7685425758361817,185.2361602783203,184.75555419921875,0.4806060791015625,115.86024475097656,115.31112670898438,0.5491180419921875,0.20382094383239746,0.20238915085792542,-0.001431792974472046,0.08055323362350464,0.11046624183654785,0.029913008213043213,0.25607913732528687,0.26131105422973633,0.005231916904449463,0.576205313205719,0.5765475034713745,-0.0003421902656555176,0.1327868402004242,0.132786825299263,195.914408326149
crack0030_04.png,1.5165674686431885,193.45751953125,192.48660278320312,0.970916748046875,122.85086059570312,121.49435424804688,1.35650634765625,0.2411576509475708,0.24033452570438385,-0.0008231252431869507,0.0,0.0,0.0,0.08116179704666138,0.08530443906784058,0.004142642021179199,0.5786120891571045,0.5768896341323853,0.0017224550247192383,0.10515876114368439,0.10515876114368439,201.6964731812477
crack0030_05.png,3.687130832672119,198.25955200195312,196.5550994873047,1.7044525146484375,123.20381164550781,121.78396606445312,1.4198455810546875,0.19626949727535248,0.21366538107395172,0.017395883798599243,0.0,0.0,0.0,0.055248796939849854,0.05019325017929077,-0.005055546760559082,0.5841330289840698,0.5835562944412231,0.0005767345428466797,0.12229064106941223,0.12229064106941223,208.99647706747055
crack0030_06.png,0.8280990123748779,177.6326446533203,177.20933532714844,0.423309326171875,131.835693359375,130.5747833251953,1.2609100341796875,0.1608857810497284,0.16935570538043976,0.008469924330711365,0.02408123016357422,0.0,-0.02408123016357422,0.0,0.0,0.0,0.5945174694061279,0.5898654460906982,0.0046520233154296875,0.12786975502967834,0.12786975502967834,191.5485419034958
crack0030_07.png,2.735189914703369,180.7436065673828,178.30679321289062,2.4368133544921875,115.72062683105469,114.46223449707031,1.258392333984375,0.20163479447364807,0.21153801679611206,0.00990322232246399,0.06803977489471436,0.045615553855895996,-0.02242422103881836,0.2571049928665161,0.2623940706253052,0.0052890777587890625,0.5801230072975159,0.5826297402381897,-0.002506732940673828,0.13400495052337646,0.13400495052337646,190.73230183124542
crack0030_08.png,2.125374364852905,204.06617736816406,202.46319580078125,1.6029815673828125,128.2080078125,127.78446960449219,0.4235382080078125,0.1550891399383545,0.16291062533855438,0.00782148540019989,0.27881312370300293,0.2684575319290161,-0.010355591773986816,0.13822484016418457,0.16697651147842407,0.028751671314239502,0.5867819786071777,0.5832449197769165,0.0035370588302612305,0.12979012727737427,0.12979014217853546,217.4306173324585
crack0030_09.png,2.5108170986175535,180.87850952148438,179.14547729492188,1.7330322265625,116.73577117919922,115.64912414550781,1.0866470336914062,0.21103383600711823,0.21560359001159668,0.004569754004478455,0.0,0.0,0.0,0.1383170485496521,0.13411152362823486,-0.004205524921417236,0.5834640264511108,0.5840253829956055,-0.0005613565444946289,0.14239126443862915,0.14239126443862915,190.71097856760025
crack0031_00.png,5.798662376403809,102.99527740478516,101.28409576416016,1.711181640625,105.537841796875,104.86793518066406,0.6699066162109375,0.24534854292869568,0.25214752554893494,0.006798982620239258,0.13996922969818115,0.2139430046081543,0.07397377490997314,0.1378772258758545,0.21216124296188354,0.07428401708602905,0.5908227562904358,0.5829065442085266,0.00791621208190918,0.2508903443813324,0.2508903443813324,111.05168426036835
crack0031_01.png,0.030291223526001,82.42467498779297,82.02802276611328,0.3966522216796875,103.95836639404297,103.00448608398438,0.9538803100585938,0.18734371662139893,0.1663299947977066,-0.021013721823692322,0.34614914655685425,0.3685406446456909,0.02239149808883667,0.2347804307937622,0.2652691602706909,0.03048872947692871,0.5862206816673279,0.585282564163208,0.000938117504119873,0.20922335982322693,0.20922335982322693,95.69537645578384
crack0031_02.png,4.277771091461181,101.73235321044922,99.60308074951172,2.1292724609375,105.127197265625,104.29206085205078,0.8351364135742188,0.21113774180412292,0.22844716906547546,0.01730942726135254,0.0,0.011791884899139404,0.011791884899139404,0.0,0.03435486555099487,0.03435486555099487,0.58319491147995,0.5842445492744446,-0.001049637794494629,0.26686638593673706,0.26686638593673706,111.36923444271088
crack0031_03.png,4.222242784500122,105.78328704833984,103.6567611694336,2.12652587890625,105.07546997070312,104.06613159179688,1.00933837890625,0.23955874145030975,0.2389170527458191,-0.0006416887044906616,0.11413145065307617,0.14925223588943481,0.03512078523635864,0.06261473894119263,0.10867065191268921,0.04605591297149658,0.5917224287986755,0.5832602977752686,0.008462131023406982,0.2634718716144562,0.2634718716144562,114.0538980960846
crack0031_04.png,6.35521183013916,106.9460220336914,103.99359893798828,2.952423095703125,117.54694366455078,115.01251220703125,2.5344314575195312,0.17083139717578888,0.17021380364894867,-0.00061759352684021,0.2821134924888611,0.33782607316970825,0.05571258068084717,0.1390131711959839,0.22519296407699585,0.08617979288101196,0.593640923500061,0.5883929133415222,0.005248010158538818,0.15802283585071564,0.15802285075187683,119.00261920690536
crack0031_05.png,7.164379215240478,111.75948333740234,109.49575805664062,2.2637252807617188,107.93738555908203,106.65272521972656,1.2846603393554688,0.1468941867351532,0.177973210811615,0.031079024076461792,0.1472940444946289,0.19094949960708618,0.043655455112457275,0.08788293600082397,0.12063127756118774,0.03274834156036377,0.5886043906211853,0.5847481489181519,0.0038562417030334473,0.18495340645313263,0.18495342135429382,125.3581451177597
crack0031_06.png,3.170909070968628,113.48728942871094,111.25899505615234,2.2282943725585938,110.44338989257812,109.67173767089844,0.7716522216796875,0.18447257578372955,0.15298503637313843,-0.031487539410591125,0.23725861310958862,0.30898141860961914,0.07172280550003052,0.1695268154144287,0.24547362327575684,0.07594680786132812,0.595390260219574,0.5882891416549683,0.007101118564605713,0.1704685240983963,0.1704685389995575,127.0096504688263
crack0031_07.png,5.970306062698365,106.68509674072266,104.60719299316406,2.0779037475585938,110.34835815429688,108.58320617675781,1.7651519775390625,0.16335821151733398,0.1691610962152481,0.0058028846979141235,0.17484229803085327,0.23450982570648193,0.05966752767562866,0.10706818103790283,0.1860855221748352,0.07901734113693237,0.590765118598938,0.5823798775672913,0.008385241031646729,0.19216370582580566,0.19216370582580566,119.47525691986084
crack0031_08.png,6.419345569610596,103.28331756591797,100.19277954101562,3.0905380249023438,113.53846740722656,111.9568099975586,1.5816574096679688,0.18243922293186188,0.18309949338436127,0.0006602704524993896,0.19300377368927002,0.250774621963501,0.05777084827423096,0.11809360980987549,0.17839235067367554,0.06029874086380005,0.5967051386833191,0.5883929133415222,0.008312225341796875,0.16380174458026886,0.16380172967910767,114.65990072488785
crack0031_09.png,9.662056589126587,107.76874542236328,105.14315795898438,2.6255874633789062,106.65363311767578,105.20555877685547,1.4480743408203125,0.2170013040304184,0.24385163187980652,0.026850327849388123,0.17363375425338745,0.27616220712661743,0.10252845287322998,0.15556484460830688,0.2440740466117859,0.088509202003479,0.5897424221038818,0.5845405459403992,0.005201876163482666,0.17623062431812286,0.17623062431812286,117.025570333004
crack0032_00.png,4.016826629638672,104.2701644897461,102.46624755859375,1.8039169311523438,106.36807250976562,105.17029571533203,1.1977767944335938,0.20797866582870483,0.21779164671897888,0.009812980890274048,0.30080169439315796,0.3143669366836548,0.013565242290496826,0.2406291961669922,0.2542787194252014,0.013649523258209229,0.5885813236236572,0.5784275531768799,0.010153770446777344,0.16101855039596558,0.16101855039596558,114.43273901939392
crack0032_01.png,4.874992370605469,102.99098205566406,101.0677261352539,1.9232559204101562,108.82217407226562,106.90452575683594,1.9176483154296875,0.2034236341714859,0.22461576759815216,0.02119213342666626,0.3537142276763916,0.36245977878570557,0.008745551109313965,0.20822960138320923,0.22055429220199585,0.012324690818786621,0.5892271995544434,0.5857400894165039,0.003487110137939453,0.14929404854774475,0.14929404854774475,113.39302402734756
crack0032_02.png,4.044834470748901,92.56658172607422,91.78055572509766,0.7860260009765625,108.26261901855469,107.27363586425781,0.988983154296875,0.16390258073806763,0.18371538817882538,0.01981280744075775,0.5411492586135864,0.5666334629058838,0.025484204292297363,0.36823928356170654,0.4182586669921875,0.05001938343048096,0.581941545009613,0.5754709839820862,0.0064705610275268555,0.1570822298526764,0.15708225965499878,105.6170756816864
crack0032_03.png,3.4017671585083007,106.95720672607422,105.39692687988281,1.5602798461914062,110.0294418334961,109.14926147460938,0.8801803588867188,0.2454465627670288,0.2531416416168213,0.0076950788497924805,0.3257593512535095,0.3420143723487854,0.01625502109527588,0.2147161364555359,0.2498912215232849,0.03517508506774902,0.5895578861236572,0.5839676856994629,0.005590200424194336,0.19226929545402527,0.19226931035518646,115.03258848190308
crack0032_04.png,4.8158464431762695,100.76436614990234,99.27141571044922,1.492950439453125,108.01007843017578,106.70568084716797,1.3043975830078125,0.30868905782699585,0.3112863302230835,0.0025972723960876465,0.28397828340530396,0.3428221344947815,0.05884385108947754,0.17129164934158325,0.22383546829223633,0.052543818950653076,0.5817301273345947,0.5757400989532471,0.005990028381347656,0.20856119692325592,0.20856119692325592,104.76575255393982
crack0032_05.png,1.6990050315856933,94.69152069091797,93.42786407470703,1.2636566162109375,106.65480041503906,105.37220764160156,1.2825927734375,0.2342480570077896,0.22840602695941925,-0.005842030048370361,0.42564624547958374,0.43043994903564453,0.004793703556060791,0.24633020162582397,0.2755610942840576,0.029230892658233643,0.5869050621986389,0.5819569230079651,0.004948139190673828,0.16383399069309235,0.16383399069309235,103.8315332531929
crack0032_06.png,0.5336135387420655,99.63829803466797,98.04092407226562,1.5973739624023438,102.27001953125,101.6131820678711,0.6568374633789062,0.26409944891929626,0.23801939189434052,-0.02608005702495575,0.4062800407409668,0.41655415296554565,0.010274112224578857,0.28824836015701294,0.31902503967285156,0.030776679515838623,0.589008092880249,0.5802844762802124,0.008723616600036621,0.19262754917144775,0.19262754917144775,108.11877125501633
crack0032_07.png,3.6468944549560547,101.98393249511719,100.39923858642578,1.5846939086914062,101.9869613647461,100.70487976074219,1.2820816040039062,0.27318263053894043,0.2775009572505951,0.004318326711654663,0.243316650390625,0.2696194648742676,0.026302814483642578,0.1506977677345276,0.19233393669128418,0.04163616895675659,0.5831987857818604,0.5794040560722351,0.003794729709625244,0.21477806568145752,0.21477806568145752,108.12857913970947
crack0032_08.png,5.060240364074707,103.9801025390625,101.4716567993164,2.5084457397460938,108.35353088378906,106.93783569335938,1.4156951904296875,0.25440868735313416,0.25664904713630676,0.0022403597831726074,0.45059365034103394,0.4857662320137024,0.03517258167266846,0.35081350803375244,0.38560718297958374,0.0347936749458313,0.5869165658950806,0.5769319534301758,0.009984612464904785,0.16366873681545258,0.16366873681545258,110.93802106380463
crack0032_09.png,1.8079781532287598,108.05875396728516,106.30049133300781,1.7582626342773438,105.07192993164062,104.05538940429688,1.01654052734375,0.28943511843681335,0.2826054096221924,-0.006829708814620972,0.3421880006790161,0.3477861285209656,0.005598127841949463,0.27716416120529175,0.2783469557762146,0.0011827945709228516,0.5830026865005493,0.5838639140129089,-0.0008612275123596191,0.22406518459320068,0.22406518459320068,113.5778546333313
crack0033_00.png,4.318160057067871,154.57595825195312,150.27381896972656,4.3021392822265625,108.6285400390625,107.92839050292969,0.7001495361328125,0.21541127562522888,0.21125921607017517,-0.004152059555053711,0.0,0.0,0.0,0.07095539569854736,0.08416295051574707,0.013207554817199707,0.5868050456047058,0.5851019024848938,0.0017031431198120117,0.09418472647666931,0.09418471902608871,163.22153747081757
crack0033_01.png,3.1051921367645265,138.51345825195312,135.0459442138672,3.4675140380859375,108.84091186523438,108.5660171508789,0.27489471435546875,0.17784345149993896,0.17027519643306732,-0.007568255066871643,0.0,0.0,0.0,0.25726670026779175,0.2289089560508728,-0.028357744216918945,0.5886120796203613,0.585282564163208,0.0033295154571533203,0.10372082889080048,0.10372082889080048,150.10767263174057
crack0033_02.png,1.7717415332794189,163.92279052734375,162.07144165039062,1.851348876953125,107.95506286621094,107.999755859375,-0.0446929931640625,0.2234286367893219,0.2237258106470108,0.0002971738576889038,0.0,0.0,0.0,0.13094055652618408,0.13611674308776855,0.005176186561584473,0.5804152488708496,0.5825528502464294,-0.002137601375579834,0.08771365880966187,0.08771365880966187,172.89351189136505
crack0033_03.png,3.485724687576294,137.41802978515625,133.7501983642578,3.6678314208984375,107.13848876953125,106.3367919921875,0.80169677734375,0.22609959542751312,0.22191780805587769,-0.004181787371635437,0.0,0.0,0.0,0.190343976020813,0.20354729890823364,0.013203322887420654,0.5807151198387146,0.5849211812019348,-0.004206061363220215,0.1110895574092865,0.11108957231044769,145.66589283943176
crack0033_04.png,3.3411014556884764,125.19810485839844,123.07955932617188,2.1185455322265625,105.87146759033203,105.38449096679688,0.48697662353515625,0.22205328941345215,0.23446589708328247,0.012412607669830322,0.0,0.0,0.0,0.15079110860824585,0.15413910150527954,0.0033479928970336914,0.584690511226654,0.5838215947151184,0.0008689165115356445,0.10198361426591873,0.10198362171649933,134.2032551765442
crack0033_05.png,5.292900228500367,161.71974182128906,157.04920959472656,4.6705322265625,113.41429138183594,113.567626953125,-0.1533355712890625,0.14589260518550873,0.15147849917411804,0.005585893988609314,0.0,0.0,0.0,0.0,0.0,0.0,0.5878661870956421,0.5819454193115234,0.005920767784118652,0.08826491236686707,0.08826491236686707,174.14556688070297
crack0033_06.png,3.9416614055633543,151.92041015625,148.31320190429688,3.607208251953125,111.73072814941406,111.82938385009766,-0.09865570068359375,0.15449729561805725,0.15547455847263336,0.0009772628545761108,0.0,0.0,0.0,0.2198786735534668,0.18301677703857422,-0.03686189651489258,0.5908189415931702,0.5834255814552307,0.007393360137939453,0.09648236632347107,0.09648235142230988,164.4797259569168
crack0033_07.png,3.0577559947967528,151.08416748046875,148.78744506835938,2.296722412109375,107.6263427734375,106.99116516113281,0.6351776123046875,0.17822256684303284,0.18274490535259247,0.004522338509559631,0.0,0.0,0.0,0.0,0.05085521936416626,0.05085521936416626,0.5851210951805115,0.5814917087554932,0.0036293864250183105,0.09586767107248306,0.09586767107248306,162.64729607105255
crack0033_08.png,4.745185136795044,152.1443328857422,149.83885192871094,2.30548095703125,110.3119125366211,110.49848937988281,-0.18657684326171875,0.16150569915771484,0.19051851332187653,0.029012814164161682,0.0,0.0,0.0,0.09794259071350098,0.08227640390396118,-0.015666186809539795,0.5845982432365417,0.5797654986381531,0.004832744598388672,0.09181816875934601,0.09181816875934601,164.68518018722534
crack0033_09.png,1.077733039855957,145.58425903320312,144.3592987060547,1.2249603271484375,110.06733703613281,110.2286605834961,-0.16132354736328125,0.16716043651103973,0.16436968743801117,-0.0027907490730285645,0.0,0.0,0.0,0.11996227502822876,0.10352915525436401,-0.016433119773864746,0.5876163244247437,0.5841022729873657,0.0035140514373779297,0.10215051472187042,0.10215051472187042,158.61425060033798
crack0034_00.png,1.6676191329956054,111.3372573852539,110.61090087890625,0.7263565063476562,105.75470733642578,104.7606201171875,0.9940872192382812,0.2792726457118988,0.2825658619403839,0.0032932162284851074,0.43882495164871216,0.4403582215309143,0.0015332698822021484,0.40488147735595703,0.41053450107574463,0.005653023719787598,0.5821684002876282,0.5766974091529846,0.005470991134643555,0.22250333428382874,0.22250333428382874,117.50445640087128
crack0034_01.png,2.3684396743774414,95.98857116699219,96.12796020507812,-0.1393890380859375,103.26268768310547,102.8570327758789,0.4056549072265625,0.24501222372055054,0.26599761843681335,0.020985394716262817,0.48360949754714966,0.4966023564338684,0.01299285888671875,0.36580586433410645,0.3871529698371887,0.021347105503082275,0.581122636795044,0.5774471163749695,0.003675520420074463,0.14429888129234314,0.14429888129234314,104.60243773460388
crack0034_02.png,2.773860549926758,99.61637115478516,99.032958984375,0.5834121704101562,102.58428955078125,101.67648315429688,0.907806396484375,0.2356870472431183,0.25113922357559204,0.015452176332473755,0.48119819164276123,0.48919880390167236,0.008000612258911133,0.42165154218673706,0.43896251916885376,0.0173109769821167,0.5919915437698364,0.5852133631706238,0.0067781805992126465,0.14727440476417542,0.14727438986301422,108.86310398578644
crack0034_03.png,7.032037353515625,124.50314331054688,120.92908477783203,3.5740585327148438,123.699462890625,120.15791320800781,3.5415496826171875,0.255723774433136,0.27552616596221924,0.019802391529083252,0.5021572113037109,0.5074002742767334,0.005243062973022461,0.45723479986190796,0.46778231859207153,0.010547518730163574,0.5993887186050415,0.5932025909423828,0.006186127662658691,0.23594218492507935,0.23594218492507935,131.34823632240295
crack0034_04.png,2.0629844665527344,112.01593017578125,111.11231994628906,0.9036102294921875,105.85057067871094,105.19436645507812,0.6562042236328125,0.2929483652114868,0.2987697720527649,0.005821406841278076,0.5063961148262024,0.5098130702972412,0.0034169554710388184,0.435916006565094,0.4408347010612488,0.004918694496154785,0.5896655321121216,0.582302987575531,0.007362544536590576,0.18142712116241455,0.18142712116241455,117.57384443283081
crack0034_05.png,4.126265048980713,101.666748046875,100.59043884277344,1.0763092041015625,102.8182373046875,101.88066101074219,0.9375762939453125,0.2323383092880249,0.2538621127605438,0.02152380347251892,0.36681652069091797,0.385905385017395,0.01908886432647705,0.3347012996673584,0.3633439540863037,0.028642654418945312,0.5882430076599121,0.5835063457489014,0.004736661911010742,0.17116719484329224,0.17116719484329224,110.71801519393921
crack0034_06.png,2.3892478942871094,100.61278533935547,99.87837982177734,0.734405517578125,104.93083953857422,103.65623474121094,1.2746047973632812,0.26554036140441895,0.27335837483406067,0.007818013429641724,0.4553873538970947,0.4680456519126892,0.012658298015594482,0.3744574189186096,0.39615869522094727,0.021701276302337646,0.5830296277999878,0.5826989412307739,0.0003306865692138672,0.16501128673553467,0.16501128673553467,107.63434600830078
crack0034_07.png,1.956934356689453,107.89617156982422,106.87516784667969,1.0210037231445312,106.83737182617188,106.12789916992188,0.70947265625,0.31068557500839233,0.31200286746025085,0.0013172924518585205,0.44502580165863037,0.45684927701950073,0.011823475360870361,0.40508216619491577,0.41710036993026733,0.012018203735351562,0.5853710174560547,0.583525538444519,0.0018454790115356445,0.2507583498954773,0.2507583498954773,112.1593759059906
crack0034_08.png,2.7678685188293457,105.15774536132812,104.30138397216797,0.8563613891601562,103.84677124023438,103.12396240234375,0.722808837890625,0.28646087646484375,0.29870492219924927,0.012244045734405518,0.5275631546974182,0.5390787124633789,0.011515557765960693,0.464946448802948,0.47986888885498047,0.01492244005203247,0.589907705783844,0.5853517651557922,0.004555940628051758,0.23043422400951385,0.23043420910835266,111.13822031021118
crack0034_09.png,2.190713310241699,103.0718994140625,102.33493041992188,0.736968994140625,104.69708251953125,103.70238494873047,0.9946975708007812,0.3195083439350128,0.3313034176826477,0.011795073747634888,0.49548280239105225,0.4950020909309387,-0.0004807114601135254,0.4229000210762024,0.4328470230102539,0.009947001934051514,0.5889965295791626,0.5857093334197998,0.003287196159362793,0.24353060126304626,0.24353061616420746,107.09277546405792
crack0035_00.png,2.298807144165039,110.65847778320312,109.49639129638672,1.1620864868164062,107.30949401855469,105.36922454833984,1.9402694702148438,0.3103606700897217,0.3060745298862457,-0.004286140203475952,0.5417078733444214,0.5564427375793457,0.014734864234924316,0.3620105981826782,0.391132116317749,0.0291215181350708,0.5838446617126465,0.5809919238090515,0.0028527379035949707,0.16254298388957977,0.16254298388957977,115.06674921512604
crack0035_01.png,1.146261215209961,118.23329162597656,117.30284881591797,0.9304428100585938,109.48214721679688,108.34033203125,1.141815185546875,0.34382572770118713,0.34367474913597107,-0.00015097856521606445,0.5189497470855713,0.5127676725387573,-0.006182074546813965,0.4249138832092285,0.41908758878707886,-0.005826294422149658,0.581633985042572,0.5811726450920105,0.00046133995056152344,0.23117069900035858,0.23117069900035858,120.41294467449188
crack0035_02.png,1.6809096336364746,102.81818389892578,101.54849243164062,1.2696914672851562,105.7518310546875,105.28125,0.4705810546875,0.31854358315467834,0.3168051242828369,-0.0017384588718414307,0.5100359916687012,0.5145277380943298,0.004491746425628662,0.43565845489501953,0.43994390964508057,0.004285454750061035,0.5835447907447815,0.5789849758148193,0.004559814929962158,0.21095967292785645,0.21095967292785645,106.51682233810425
crack0035_03.png,0.24022073745727535,118.983642578125,118.39399719238281,0.5896453857421875,106.65583801269531,105.64375305175781,1.0120849609375,0.4284404218196869,0.41900479793548584,-0.00943562388420105,0.6069791316986084,0.6021726727485657,-0.004806458950042725,0.47064560651779175,0.47015535831451416,-0.0004902482032775879,0.5818685293197632,0.5770472884178162,0.0048212409019470215,0.15865503251552582,0.15865501761436462,116.82327318191528
crack0035_04.png,4.676174449920654,115.2870864868164,113.54554748535156,1.7415390014648438,109.03923034667969,106.9669418334961,2.0722885131835938,0.33551785349845886,0.3597402274608612,0.024222373962402344,0.563748300075531,0.562317967414856,-0.0014303326606750488,0.4427764415740967,0.46599191427230835,0.02321547269821167,0.5910918712615967,0.585463285446167,0.0056285858154296875,0.2175413817167282,0.2175413817167282,117.92892062664032
crack0035_05.png,1.1383737564086913,109.7927474975586,109.23661041259766,0.5561370849609375,104.3191909790039,103.5843505859375,0.7348403930664062,0.3970947861671448,0.39990806579589844,0.002813279628753662,0.5485103130340576,0.5458544492721558,-0.0026558637619018555,0.46181362867355347,0.46069568395614624,-0.0011179447174072266,0.5807689428329468,0.5765321254730225,0.004236817359924316,0.23273316025733948,0.23273316025733948,108.91974949836731
crack0035_06.png,0.9220683097839355,100.88125610351562,99.91027069091797,0.9709854125976562,105.34085083007812,104.61296081542969,0.7278900146484375,0.3264734745025635,0.31862202286720276,-0.007851451635360718,0.5154005289077759,0.5172152519226074,0.001814723014831543,0.46841317415237427,0.46964144706726074,0.0012282729148864746,0.5845789909362793,0.5791926383972168,0.0053863525390625,0.2784891426563263,0.2784891724586487,104.6616016626358
crack0035_07.png,1.0814577102661134,106.62987518310547,105.5285415649414,1.1013336181640625,102.8804931640625,102.20225524902344,0.6782379150390625,0.36780256032943726,0.3627893328666687,-0.005013227462768555,0.5910985469818115,0.5913851857185364,0.0002866387367248535,0.41265690326690674,0.43022584915161133,0.01756894588470459,0.5781968235969543,0.5757362842559814,0.0024605393409729004,0.1590650975704193,0.1590650975704193,107.43972134590149
crack0035_08.png,0.14474000930786124,106.5735855102539,105.67269897460938,0.9008865356445312,102.63906860351562,101.78898620605469,0.8500823974609375,0.44633013010025024,0.4339039921760559,-0.012426137924194336,0.5492358803749084,0.5439462661743164,-0.005289614200592041,0.4737653136253357,0.4639158844947815,-0.0098494291305542,0.5802998542785645,0.5775624513626099,0.00273740291595459,0.20254111289978027,0.20254109799861908,103.30089688301086
crack0035_09.png,0.6027851104736328,99.85921478271484,100.03927612304688,-0.18006134033203125,103.05368041992188,102.11225128173828,0.9414291381835938,0.45785754919052124,0.46628791093826294,0.0084303617477417,0.5532314777374268,0.5444015264511108,-0.008829951286315918,0.48491203784942627,0.4859802722930908,0.0010682344436645508,0.5813148617744446,0.5791887640953064,0.0021260976791381836,0.210706889629364,0.210706889629364,95.73038697242737
crack0036_00.png,2.293719673156738,106.01399230957031,104.82720184326172,1.1867904663085938,107.69601440429688,106.94133758544922,0.7546768188476562,0.3295156955718994,0.3213399350643158,-0.008175760507583618,0.19320017099380493,0.2208085060119629,0.02760833501815796,0.33855587244033813,0.3443983793258667,0.0058425068855285645,0.5891772508621216,0.5803076028823853,0.008869647979736328,0.118601493537426,0.118601493537426,109.70729100704193
crack0036_01.png,2.529900550842285,106.23831939697266,105.30615234375,0.9321670532226562,107.2530746459961,106.4697265625,0.7833480834960938,0.30028754472732544,0.29820454120635986,-0.002083003520965576,0.07475119829177856,0.10085403919219971,0.026102840900421143,0.27082937955856323,0.27457648515701294,0.003747105598449707,0.5869857668876648,0.576812744140625,0.010173022747039795,0.09613677859306335,0.09613677859306335,111.35939407348633
crack0036_02.png,2.3291342735290526,109.1259994506836,107.41722106933594,1.7087783813476562,103.71585083007812,103.06598663330078,0.6498641967773438,0.31404995918273926,0.31635594367980957,0.0023059844970703125,0.0,0.0,0.0,0.21204739809036255,0.23336917161941528,0.021321773529052734,0.5838062167167664,0.5794079303741455,0.00439828634262085,0.10459883511066437,0.10459883511066437,112.78086137771606
crack0036_03.png,0.3075861930847168,95.26624298095703,94.7033462524414,0.562896728515625,105.09586334228516,104.03823852539062,1.0576248168945312,0.28907203674316406,0.2794906795024872,-0.00958135724067688,0.32814842462539673,0.3242928981781006,-0.0038555264472961426,0.43664103746414185,0.4431849718093872,0.006543934345245361,0.5830373167991638,0.5769780874252319,0.006059229373931885,0.13393425941467285,0.13393425941467285,101.53684651851654
crack0036_04.png,2.700793743133545,104.47575378417969,103.38019561767578,1.0955581665039062,104.89334106445312,104.06959533691406,0.8237457275390625,0.29206517338752747,0.30246976017951965,0.010404586791992188,0.20609349012374878,0.2131716012954712,0.007078111171722412,0.35267776250839233,0.36178576946258545,0.009108006954193115,0.5815224647521973,0.5775163173675537,0.004006147384643555,0.11920495331287384,0.11920495331287384,109.66496288776398
crack0036_05.png,0.6612656593322754,112.9651870727539,112.7424545288086,0.2227325439453125,105.7532958984375,105.37522888183594,0.3780670166015625,0.2092311978340149,0.19037634134292603,-0.018854856491088867,0.17657959461212158,0.2193150520324707,0.04273545742034912,0.33677345514297485,0.3532371520996094,0.01646369695663452,0.5829296708106995,0.5807727575302124,0.0021569132804870605,0.10994775593280792,0.10994776338338852,124.74842715263367
crack0036_06.png,-0.4984448432922364,120.67754364013672,121.1052474975586,-0.427703857421875,110.83784484863281,110.23084259033203,0.6070022583007812,0.2950511574745178,0.2785051465034485,-0.016546010971069336,0.3114163875579834,0.33357107639312744,0.022154688835144043,0.35525304079055786,0.38676947355270386,0.031516432762145996,0.5925682187080383,0.5894694328308105,0.003098785877227783,0.1479015052318573,0.1479015201330185,127.88381552696228
crack0036_07.png,2.864233875274658,132.78221130371094,131.22593688964844,1.5562744140625,104.79303741455078,104.1700439453125,0.6229934692382812,0.3112729489803314,0.3048431873321533,-0.006429761648178101,0.33070671558380127,0.3594355583190918,0.028728842735290527,0.40256476402282715,0.4037961959838867,0.0012314319610595703,0.5972702503204346,0.5866705179214478,0.010599732398986816,0.11669644713401794,0.11669643968343735,137.60429286956787
crack0036_08.png,0.43834686279296875,106.87320709228516,106.2442626953125,0.6289443969726562,102.8544921875,102.25886535644531,0.5956268310546875,0.29386377334594727,0.29083025455474854,-0.0030335187911987305,0.39421141147613525,0.3892381191253662,-0.004973292350769043,0.42059510946273804,0.42396605014801025,0.003370940685272217,0.5797923803329468,0.5794732570648193,0.0003191232681274414,0.1513681560754776,0.1513681411743164,112.30061483383179
crack0036_09.png,2.372054195404053,101.95917510986328,101.53661346435547,0.4225616455078125,104.23936462402344,102.91854095458984,1.3208236694335938,0.2493644654750824,0.261624813079834,0.012260347604751587,0.3559597134590149,0.36089736223220825,0.004937648773193359,0.40872490406036377,0.4331018328666687,0.02437692880630493,0.5854747891426086,0.5794040560722351,0.006070733070373535,0.12368201464414597,0.12368201464414597,110.20501792430878
crack0037_00.png,1.8441905498504638,112.84536743164062,111.34754943847656,1.4978179931640625,107.24333190917969,105.99664306640625,1.2466888427734375,0.20266495645046234,0.1898362636566162,-0.01282869279384613,0.18438035249710083,0.19519591331481934,0.010815560817718506,0.1905384659767151,0.23043406009674072,0.039895594120025635,0.5886966586112976,0.5776624083518982,0.011034250259399414,0.10527747869491577,0.10527747869491577,124.25414896011353
crack0037_01.png,1.5345390796661378,125.65330505371094,125.07128143310547,0.5820236206054688,111.01319885253906,110.73836517333984,0.27483367919921875,0.24433372914791107,0.24104803800582886,-0.0032856911420822144,0.298009991645813,0.3210669159889221,0.02305692434310913,0.31410932540893555,0.32369494438171387,0.00958561897277832,0.5880007743835449,0.5834217667579651,0.004579007625579834,0.14155736565589905,0.14155736565589905,134.41944193840027
crack0037_02.png,2.5116710662841797,107.01831817626953,105.62004852294922,1.3982696533203125,100.83818054199219,100.52476501464844,0.31341552734375,0.21518085896968842,0.20174618065357208,-0.013434678316116333,0.02323240041732788,0.07268422842025757,0.04945182800292969,0.2522351145744324,0.2870672345161438,0.034832119941711426,0.5842560529708862,0.5821376442909241,0.002118408679962158,0.1294323354959488,0.1294323354959488,117.5846546292305
crack0037_03.png,2.4582136154174803,114.3113021850586,112.24842071533203,2.0628814697265625,105.05933380126953,104.23521423339844,0.8241195678710938,0.25458577275276184,0.2387322187423706,-0.015853554010391235,0.1423804759979248,0.16886693239212036,0.026486456394195557,0.2735605239868164,0.2835514545440674,0.009990930557250977,0.5867243409156799,0.579861581325531,0.006862759590148926,0.16702967882156372,0.16702966392040253,122.42490196228027
crack0037_04.png,2.5226651191711427,109.51441192626953,108.97056579589844,0.5438461303710938,104.55022430419922,103.93031311035156,0.6199111938476562,0.20504643023014069,0.21906055510044098,0.014014124870300293,0.10156893730163574,0.11651217937469482,0.014943242073059082,0.3059852123260498,0.3230833411216736,0.01709812879562378,0.5801268815994263,0.5798270106315613,0.00029987096786499023,0.1507730484008789,0.1507730484008789,120.1447783112526
crack0037_05.png,2.975395679473877,117.3202133178711,115.46487426757812,1.8553390502929688,109.88772583007812,109.24449157714844,0.6432342529296875,0.1983335018157959,0.20406997203826904,0.0057364702224731445,0.0,0.0,0.0,0.1935591697692871,0.2111295461654663,0.0175703763961792,0.5972203016281128,0.5871241688728333,0.010096132755279541,0.1220109611749649,0.1220109611749649,128.38134574890137
crack0037_06.png,2.1841479778289794,100.37364196777344,100.67335510253906,-0.299713134765625,105.80986022949219,105.87957763671875,-0.0697174072265625,0.1854214072227478,0.1913975328207016,0.005976125597953796,0.14373010396957397,0.19531744718551636,0.05158734321594238,0.20504766702651978,0.23156952857971191,0.02652186155319214,0.5786543488502502,0.5794002413749695,-0.0007458925247192383,0.12146870791912079,0.12146870791912079,112.57422375679016
crack0037_07.png,3.064050531387329,114.54296112060547,112.53433227539062,2.0086288452148438,101.86676025390625,101.3216552734375,0.54510498046875,0.2224317491054535,0.22215516865253448,-0.00027658045291900635,0.32172882556915283,0.3409096598625183,0.01918083429336548,0.30464744567871094,0.32761305570602417,0.022965610027313232,0.58053058385849,0.5782237648963928,0.002306818962097168,0.14769555628299713,0.14769557118415833,123.43055993318558
crack0037_08.png,4.795223760604858,129.41836547851562,127.76659393310547,1.6517715454101562,100.2839126586914,99.82585144042969,0.45806121826171875,0.18249641358852386,0.1869538426399231,0.004457429051399231,0.2595568895339966,0.3207184672355652,0.061161577701568604,0.25860369205474854,0.30272573232650757,0.04412204027175903,0.5791465044021606,0.5752172470092773,0.003929257392883301,0.11620599031448364,0.11620599031448364,140.80855506658554
crack0037_09.png,3.079471063613892,120.86990356445312,119.61006164550781,1.2598419189453125,104.3905029296875,104.25030517578125,0.14019775390625,0.19436921179294586,0.19353163242340088,-0.0008375793695449829,0.20258307456970215,0.24168413877487183,0.03910106420516968,0.3198084831237793,0.34270256757736206,0.022894084453582764,0.5914302468299866,0.5847674012184143,0.006662845611572266,0.11482194066047668,0.11482194066047668,132.28529453277588
crack0038_00.png,0.8934678077697754,120.56817626953125,120.93399047851562,-0.365814208984375,108.12176513671875,107.46432495117188,0.657440185546875,0.44913193583488464,0.4579698443412781,0.008837908506393433,0.0,0.0,0.0,0.01288837194442749,0.06932210922241211,0.05643373727798462,0.587731659412384,0.5804998278617859,0.0072318315505981445,0.10755221545696259,0.10755220800638199,117.31243360042572
crack0038_01.png,-0.38142547607421873,113.6599349975586,114.55033874511719,-0.8904037475585938,104.74021911621094,103.8736572265625,0.8665618896484375,0.3053431212902069,0.3054828941822052,0.00013977289199829102,0.0,0.0,0.0,0.17094659805297852,0.17385607957839966,0.0029094815254211426,0.5804728865623474,0.576693594455719,0.003779292106628418,0.11243848502635956,0.11243849247694016,119.00346505641937
crack0038_02.png,-0.15212116241455076,118.49707794189453,119.62609100341797,-1.1290130615234375,106.130615234375,105.74459075927734,0.38602447509765625,0.44610562920570374,0.45462965965270996,0.008524030447006226,0.0,0.0,0.0,0.1325777769088745,0.15121275186538696,0.01863497495651245,0.5838600397109985,0.5803460478782654,0.0035139918327331543,0.13948309421539307,0.13948309421539307,115.64964830875397
crack0038_03.png,2.55546236038208,123.009765625,121.43544006347656,1.5743255615234375,109.12124633789062,108.36292266845703,0.7583236694335938,0.2252015620470047,0.23025621473789215,0.005054652690887451,0.0,0.0,0.0,0.2621575593948364,0.27406126260757446,0.011903703212738037,0.5922799110412598,0.5854440331459045,0.006835877895355225,0.1170341819524765,0.1170341819524765,132.4017055630684
crack0038_04.png,-0.879166030883789,111.60650634765625,111.45758056640625,0.14892578125,107.79751586914062,107.86451721191406,-0.0670013427734375,0.45413926243782043,0.4390798509120941,-0.015059411525726318,0.0,0.0,0.0,0.10078436136245728,0.09320414066314697,-0.007580220699310303,0.5868666172027588,0.5817800760269165,0.005086541175842285,0.11476988345384598,0.11476989090442657,108.66191709041595
crack0038_05.png,-0.7076117515563964,106.44715881347656,106.6196060180664,-0.17244720458984375,105.95877075195312,105.43559265136719,0.5231781005859375,0.3774538040161133,0.3638250231742859,-0.013628780841827393,0.0,0.0,0.0,0.10538685321807861,0.11545568704605103,0.010068833827972412,0.5870895981788635,0.5784429311752319,0.008646667003631592,0.11717191338539124,0.11717191338539124,108.18746495246887
crack0038_06.png,2.8259124755859375,118.20441436767578,117.00081634521484,1.2035980224609375,114.21662902832031,112.19712829589844,2.019500732421875,0.370116263628006,0.379286527633667,0.00917026400566101,0.0,0.0,0.0,0.0,0.0,0.0,0.5864782929420471,0.5844559669494629,0.0020223259925842285,0.11296015977859497,0.11296015977859497,118.85477125644684
crack0038_07.png,-1.9903325080871581,115.3144760131836,115.79084014892578,-0.4763641357421875,109.90629577636719,110.14842987060547,-0.24213409423828125,0.43939805030822754,0.4198175370693207,-0.01958051323890686,0.0,0.0,0.0,0.08714854717254639,0.0706486701965332,-0.016499876976013184,0.588031530380249,0.5842983722686768,0.0037331581115722656,0.11079336702823639,0.11079336702823639,113.88486707210541
crack0038_08.png,-0.5898289680480957,119.95072937011719,120.16438293457031,-0.213653564453125,110.71900939941406,110.16954040527344,0.549468994140625,0.5000560879707336,0.49241048097610474,-0.007645606994628906,0.0,0.0,0.0,0.12961453199386597,0.17422503232955933,0.04461050033569336,0.5871933698654175,0.5868012309074402,0.0003921389579772949,0.11951066553592682,0.11951066553592682,114.00066208839417
crack0038_09.png,-4.638776779174805,119.5016860961914,121.58837890625,-2.0866928100585938,108.8699951171875,107.55522155761719,1.3147735595703125,0.3882676362991333,0.3483932614326477,-0.039874374866485596,0.0,0.0,0.0,0.1253567934036255,0.12244611978530884,-0.0029106736183166504,0.5871357321739197,0.5843368172645569,0.002798914909362793,0.11498669534921646,0.11498670279979706,123.12686610221863
crack0039_00.png,5.392836380004883,121.56243133544922,119.52350616455078,2.0389251708984375,108.55120849609375,106.06197357177734,2.4892349243164062,0.1871998906135559,0.19128009676933289,0.0040802061557769775,0.266323983669281,0.3106253743171692,0.044301390647888184,0.319640576839447,0.3548564314842224,0.03521585464477539,0.5912379622459412,0.5847443342208862,0.006493628025054932,0.13280394673347473,0.13280394673347473,132.9604938030243
crack0039_01.png,5.611804389953614,111.85111236572266,110.83441162109375,1.0167007446289062,101.8631362915039,101.59517669677734,0.2679595947265625,0.15210342407226562,0.19380807876586914,0.041704654693603516,0.3722386956214905,0.3936071991920471,0.02136850357055664,0.4130589962005615,0.4267703890800476,0.013711392879486084,0.5853978991508484,0.57797771692276,0.007420182228088379,0.13863733410835266,0.13863733410835266,125.6324725151062
crack0039_02.png,3.334529733657837,106.59358978271484,104.8768310546875,1.7167587280273438,103.0982666015625,102.10317993164062,0.995086669921875,0.21494311094284058,0.21065177023410797,-0.004291340708732605,0.2870638966560364,0.3184660077095032,0.0314021110534668,0.3928338289260864,0.42173755168914795,0.028903722763061523,0.5851826071739197,0.5775086283683777,0.007673978805541992,0.12235701829195023,0.12235701829195023,116.50340849161148
crack0039_03.png,0.3962665796279907,138.32781982421875,136.44639587402344,1.8814239501953125,112.3022232055664,110.01153564453125,2.2906875610351562,0.15684659779071808,0.12398513406515121,-0.032861463725566864,0.258563756942749,0.25775718688964844,-0.0008065700531005859,0.28963929414749146,0.32462090253829956,0.034981608390808105,0.5817839503288269,0.5752902626991272,0.006493687629699707,0.10853826999664307,0.10853826999664307,153.2193578183651
crack0039_04.png,0.2869041919708253,125.03041076660156,124.0099868774414,1.0204238891601562,109.24421691894531,109.0676498413086,0.17656707763671875,0.1453128159046173,0.13906683027744293,-0.0062459856271743774,0.15868425369262695,0.14949238300323486,-0.00919187068939209,0.2691592574119568,0.22897952795028687,-0.04017972946166992,0.5808996558189392,0.5793194770812988,0.0015801787376403809,0.1161927729845047,0.1161927729845047,139.41217523813248
crack0039_05.png,0.9563211441040038,122.7276840209961,121.27918243408203,1.4485015869140625,108.55162048339844,106.36254119873047,2.1890792846679688,0.24425102770328522,0.222492054104805,-0.021758973598480225,0.22780334949493408,0.23395031690597534,0.00614696741104126,0.2852656841278076,0.2999311089515686,0.014665424823760986,0.5860168933868408,0.5828412175178528,0.003175675868988037,0.11277500540018082,0.11277499794960022,132.0945857167244
crack0039_06.png,4.434646344184875,134.18365478515625,132.04234313964844,2.1413116455078125,106.31280517578125,104.83733367919922,1.4754714965820312,0.10060940682888031,0.10621815174818039,0.005608744919300079,0.1969285011291504,0.22339153289794922,0.026463031768798828,0.31860876083374023,0.33996134996414185,0.02135258913040161,0.5799077153205872,0.5750095844268799,0.004898130893707275,0.10320296883583069,0.10320296883583069,150.272743165493
crack0039_07.png,0.13513991832733163,135.72142028808594,134.4830780029297,1.23834228515625,108.5597152709961,108.90503692626953,-0.3453216552734375,0.09896469116210938,0.08823218196630478,-0.010732509195804596,0.27063095569610596,0.2632670998573303,-0.007363855838775635,0.26907068490982056,0.23344236612319946,-0.035628318786621094,0.581318736076355,0.5766167044639587,0.00470203161239624,0.09413475543260574,0.09413475543260574,153.06106767058372
crack0039_08.png,3.9076311588287354,129.0816650390625,128.46536254882812,0.616302490234375,109.86266326904297,107.9954833984375,1.8671798706054688,0.19058355689048767,0.19695229828357697,0.006368741393089294,0.15479063987731934,0.1989094614982605,0.04411882162094116,0.3189684748649597,0.3480951189994812,0.029126644134521484,0.5959784984588623,0.5892233848571777,0.00675511360168457,0.12097904086112976,0.12097904086112976,141.17764031887054
crack0039_09.png,3.334861469268799,122.28549194335938,119.84014129638672,2.4453506469726562,115.74879455566406,113.72112274169922,2.0276718139648438,0.1799228936433792,0.17700634896755219,-0.0029165446758270264,0.3345925807952881,0.34244436025619507,0.007851779460906982,0.37379688024520874,0.3873482346534729,0.01355135440826416,0.5747981667518616,0.5748558044433594,-5.7637691497802734e-05,0.11194059997797012,0.11194061487913132,133.4366678595543
crack0040_00.png,3.4072262763977053,98.23054504394531,95.14875793457031,3.081787109375,114.06729888916016,114.08438110351562,-0.01708221435546875,0.26201823353767395,0.266436904668808,0.004418671131134033,0.0,0.0,0.0,0.0,0.0,0.0,0.5789657831192017,0.5794963240623474,-0.000530540943145752,0.12604273855686188,0.12604273855686188,104.14841043949127
crack0040_01.png,1.7997614383697509,129.2022247314453,127.33650970458984,1.8657150268554688,112.23135375976562,111.93150329589844,0.2998504638671875,0.23250696063041687,0.22935090959072113,-0.0031560510396957397,0.0,0.0,0.0,0.14718413352966309,0.1385708451271057,-0.008613288402557373,0.5781776309013367,0.57651287317276,0.0016647577285766602,0.11820685118436813,0.11820683628320694,137.63541787862778
crack0040_02.png,-0.7559596061706543,119.8041000366211,120.86589813232422,-1.061798095703125,113.50041198730469,112.45494079589844,1.04547119140625,0.2726721465587616,0.270466148853302,-0.0022059977054595947,0.0,0.0,0.0,0.0,0.0,0.0,0.5828181505203247,0.5812149047851562,0.001603245735168457,0.11923162639141083,0.11923162639141083,127.41975617408752
crack0040_03.png,-0.7653712272644042,114.188720703125,114.28080749511719,-0.0920867919921875,115.39518737792969,114.29679870605469,1.098388671875,0.28852397203445435,0.27228227257728577,-0.01624169945716858,0.0,0.0,0.0,0.0,0.0,0.0,0.5846020579338074,0.5799346566200256,0.004667401313781738,0.10536836832761765,0.10536836832761765,121.28191006183624
crack0040_04.png,3.846101188659668,107.54496002197266,104.6885986328125,2.8563613891601562,115.76820373535156,113.78145599365234,1.9867477416992188,0.2544616162776947,0.25721681118011475,0.002755194902420044,0.0,0.0,0.0,0.01991480588912964,0.0,-0.01991480588912964,0.5759553909301758,0.5765897631645203,-0.0006343722343444824,0.12367172539234161,0.12367172539234161,113.9126728773117
crack0040_05.png,0.4957850456237791,109.9907455444336,108.61117553710938,1.3795700073242188,117.23731994628906,115.63591766357422,1.6014022827148438,0.31864145398139954,0.29809537529945374,-0.0205460786819458,0.0,0.0,0.0,0.10147231817245483,0.08723008632659912,-0.014242231845855713,0.5816839933395386,0.5787004828453064,0.0029835104942321777,0.11376836895942688,0.11376836895942688,114.6825977563858
crack0040_06.png,-1.193001079559326,98.21515655517578,97.31671905517578,0.8984375,113.30271911621094,111.12825775146484,2.1744613647460938,0.35864904522895813,0.3192058503627777,-0.03944319486618042,0.0,0.0,0.0,0.21798652410507202,0.20297914743423462,-0.015007376670837402,0.5924567580223083,0.5876009464263916,0.004855811595916748,0.11402051895856857,0.11402052640914917,102.31185710430145
crack0040_07.png,-1.8182744979858398,105.60751342773438,105.40510559082031,0.2024078369140625,114.27903747558594,113.28355407714844,0.9954833984375,0.326542466878891,0.29613351821899414,-0.03040894865989685,0.0,0.0,0.0,0.015351593494415283,0.019859790802001953,0.00450819730758667,0.5829411745071411,0.58259516954422,0.0003460049629211426,0.1198132261633873,0.1198132261633873,111.05594539642334
crack0040_08.png,1.7608087539672852,120.62450408935547,120.51290130615234,0.111602783203125,107.33027648925781,106.25850677490234,1.0717697143554688,0.3205549120903015,0.33397912979125977,0.013424217700958252,0.0,0.0,0.0,0.1263849139213562,0.08656805753707886,-0.039816856384277344,0.5831987857818604,0.5795347690582275,0.0036640167236328125,0.10471250116825104,0.10471250116825104,124.66335940361023
crack0040_09.png,3.747221660614014,119.2732162475586,114.49091339111328,4.7823028564453125,114.71719360351562,113.90835571289062,0.808837890625,0.26494449377059937,0.24702367186546326,-0.01792082190513611,0.0,0.0,0.0,0.14253181219100952,0.07935076951980591,-0.06318104267120361,0.5800884366035461,0.5782122015953064,0.001876235008239746,0.12727394700050354,0.12727394700050354,125.26418197154999
crack0041_00.png,-0.2984609603881836,121.88755798339844,123.23664093017578,-1.3490829467773438,105.5660171508789,105.13812255859375,0.42789459228515625,0.16517452895641327,0.1607869416475296,-0.004387587308883667,0.32042086124420166,0.3531472682952881,0.032726407051086426,0.3092281222343445,0.33000361919403076,0.02077549695968628,0.5809304118156433,0.582895040512085,-0.0019646286964416504,0.16117748618125916,0.16117748618125916,136.23068457841873
crack0041_01.png,1.910914707183838,121.33977508544922,120.93637084960938,0.40340423583984375,113.79515838623047,113.11347961425781,0.6816787719726562,0.20649085938930511,0.20725993812084198,0.0007690787315368652,0.3904799222946167,0.4124155640602112,0.021935641765594482,0.3370218276977539,0.3629187345504761,0.025896906852722168,0.5934986472129822,0.5861014723777771,0.007397174835205078,0.18158859014511108,0.18158859014511108,132.48856729269028
crack0041_02.png,1.09854416847229,120.44292449951172,120.87977600097656,-0.43685150146484375,107.6008529663086,107.28858947753906,0.31226348876953125,0.19499775767326355,0.1973486691713333,0.002350911498069763,0.30929774045944214,0.340334951877594,0.031037211418151855,0.39986228942871094,0.4188244342803955,0.01896214485168457,0.5787158608436584,0.5791926383972168,-0.0004767775535583496,0.1570153832435608,0.1570153832435608,132.129190325737
crack0041_03.png,1.167576789855957,122.9558334350586,122.92352294921875,0.03231048583984375,108.20744323730469,106.9431381225586,1.2643051147460938,0.21030846238136292,0.2137623131275177,0.003453850746154785,0.4074246883392334,0.4156058430671692,0.008181154727935791,0.35218435525894165,0.3683600425720215,0.016175687313079834,0.5804882645606995,0.5798385143280029,0.0006497502326965332,0.17578567564487457,0.17578566074371338,133.54070103168488
crack0041_04.png,2.6898240089416503,125.1014175415039,124.8480453491211,0.2533721923828125,111.31626892089844,110.63548278808594,0.6807861328125,0.16536743938922882,0.17972134053707123,0.014353901147842407,0.3228474259376526,0.3495118021965027,0.026664376258850098,0.3884075880050659,0.3974153995513916,0.009007811546325684,0.5733640789985657,0.5746328234672546,-0.0012687444686889648,0.149347186088562,0.149347186088562,138.03799802064896
crack0041_05.png,0.5361631393432618,120.20203399658203,120.47142028808594,-0.26938629150390625,112.57931518554688,111.87825775146484,0.7010574340820312,0.17140549421310425,0.16889461874961853,-0.0025108754634857178,0.36205530166625977,0.3764258623123169,0.014370560646057129,0.37411433458328247,0.3834981322288513,0.009383797645568848,0.5832218527793884,0.5794425010681152,0.0037793517112731934,0.1580473929643631,0.1580473780632019,133.5319241285324
crack0041_06.png,0.8722597599029541,121.1026840209961,121.58057403564453,-0.4778900146484375,110.70181274414062,109.43695831298828,1.2648544311523438,0.17755234241485596,0.17552848160266876,-0.002023860812187195,0.306911826133728,0.32572484016418457,0.018813014030456543,0.29574257135391235,0.3107846975326538,0.015042126178741455,0.5853171944618225,0.5789772868156433,0.006339907646179199,0.13707032799720764,0.13707032799720764,134.2226079106331
crack0041_07.png,0.2958463191986085,112.40731811523438,111.79010009765625,0.617218017578125,108.51026916503906,106.83830261230469,1.671966552734375,0.24914149940013885,0.2356640100479126,-0.013477489352226257,0.3824801445007324,0.38463884592056274,0.0021587014198303223,0.3487863540649414,0.35779380798339844,0.009007453918457031,0.5798654556274414,0.5798231363296509,4.2319297790527344e-05,0.1931370198726654,0.1931370198726654,121.15348672866821
crack0041_08.png,0.3166085243225098,111.19828033447266,111.06554412841797,0.1327362060546875,103.89936828613281,103.26011657714844,0.639251708984375,0.21918675303459167,0.2191872000694275,4.470348358154297e-07,0.4408562183380127,0.43564164638519287,-0.005214571952819824,0.4015966057777405,0.3995910882949829,-0.0020055174827575684,0.5784198641777039,0.5750018954277039,0.00341796875,0.20102760195732117,0.20102760195732117,121.11750161647797
crack0041_09.png,1.9064087390899658,122.59144592285156,122.60296630859375,-0.0115203857421875,106.87423706054688,106.15534973144531,0.7188873291015625,0.18149599432945251,0.18596477806568146,0.004468783736228943,0.4294431209564209,0.4503498673439026,0.02090674638748169,0.4053492546081543,0.4200173020362854,0.014668047428131104,0.5908573865890503,0.5799423456192017,0.010915040969848633,0.1569211184978485,0.1569211184978485,135.34174191951752
crack0042_00.png,1.8564894676208497,107.9618911743164,107.29911041259766,0.66278076171875,113.38259887695312,113.25843811035156,0.1241607666015625,0.32239830493927,0.33535706996917725,0.012958765029907227,0.0,0.0,0.0,0.26225531101226807,0.27799558639526367,0.015740275382995605,0.5825029015541077,0.5798193216323853,0.002683579921722412,0.12427066266536713,0.12427066266536713,111.58671855926514
crack0042_01.png,4.819213104248047,120.18000030517578,120.18073272705078,-0.000732421875,111.6895751953125,109.52583312988281,2.1637420654296875,0.30480360984802246,0.35370364785194397,0.04890003800392151,0.0,0.0,0.0,0.23112612962722778,0.27971434593200684,0.04858821630477905,0.5852095484733582,0.5841484069824219,0.0010611414909362793,0.11316028237342834,0.11316026747226715,125.30053186416626
crack0042_02.png,1.3644625663757326,122.01583099365234,121.24832916259766,0.7675018310546875,106.79708099365234,105.20184326171875,1.5952377319335938,0.3203955590724945,0.3165576457977295,-0.0038379132747650146,0.0,0.0,0.0,0.29848700761795044,0.28411996364593506,-0.01436704397201538,0.582295298576355,0.5756478309631348,0.006647467613220215,0.10549889504909515,0.10549889504909515,125.93043327331543
crack0042_03.png,6.806606101989746,115.41424560546875,113.54092407226562,1.873321533203125,109.13231658935547,107.72195434570312,1.4103622436523438,0.3789512813091278,0.43085309863090515,0.051901817321777344,0.0,0.0,0.0,0.32105255126953125,0.3417205214500427,0.020667970180511475,0.5895001888275146,0.5840753316879272,0.005424857139587402,0.11379143595695496,0.11379143595695496,115.3205155134201
crack0042_04.png,4.345383739471435,106.25079345703125,105.71880340576172,0.5319900512695312,106.68959045410156,105.12969970703125,1.5598907470703125,0.3413015604019165,0.3806389570236206,0.0393373966217041,0.0,0.0,0.0,0.2520524859428406,0.2662539482116699,0.014201462268829346,0.583075761795044,0.5820146203041077,0.0010611414909362793,0.09825006872415543,0.09825006872415543,108.82973527908325
crack0042_05.png,3.685502052307129,109.12115478515625,108.97128295898438,0.149871826171875,110.72296142578125,108.69651794433594,2.0264434814453125,0.46532779932022095,0.4976416230201721,0.03231382369995117,0.0,0.0,0.0,0.31384479999542236,0.36754029989242554,0.053695499897003174,0.5909073352813721,0.5874086618423462,0.003498673439025879,0.10675480961799622,0.10675482451915741,104.76284432411194
crack0042_06.png,3.648914337158203,118.64493560791016,118.67060852050781,-0.02567291259765625,110.18876647949219,108.50957489013672,1.6791915893554688,0.3242022693157196,0.34727799892425537,0.023075729608535767,0.09569191932678223,0.11972278356552124,0.024030864238739014,0.36441951990127563,0.3797348141670227,0.01531529426574707,0.5888927578926086,0.5840023159980774,0.00489044189453125,0.1210491955280304,0.1210491955280304,122.76134622097015
crack0042_07.png,5.132321548461914,130.54684448242188,129.45005798339844,1.0967864990234375,114.09813690185547,111.75163269042969,2.3465042114257812,0.2726505994796753,0.309915691614151,0.03726509213447571,0.010721683502197266,0.013880133628845215,0.0031584501266479492,0.30159318447113037,0.32090961933135986,0.019316434860229492,0.5854402184486389,0.5857055187225342,-0.00026530027389526367,0.11739662289619446,0.11739662289619446,137.067636013031
crack0042_08.png,1.5391901969909667,108.8950424194336,107.28865051269531,1.6063919067382812,110.38932037353516,109.17222595214844,1.2170944213867188,0.31414148211479187,0.3061106204986572,-0.008030861616134644,0.0,0.0,0.0,0.2922912836074829,0.30967074632644653,0.017379462718963623,0.582287609577179,0.5800768733024597,0.0022107362747192383,0.12742185592651367,0.12742185592651367,113.01671361923218
crack0042_09.png,2.512676811218262,125.1204833984375,123.96222686767578,1.1582565307617188,109.81025695800781,108.92854309082031,0.8817138671875,0.2924226224422455,0.30001404881477356,0.007591426372528076,0.04693782329559326,0.05845540761947632,0.011517584323883057,0.29895561933517456,0.3173685669898987,0.01841294765472412,0.5761399269104004,0.577796995639801,-0.0016570687294006348,0.13619425892829895,0.13619424402713776,130.10787761211395
crack0043_00.png,-1.7878169536590578,92.94081115722656,94.94718933105469,-2.006378173828125,108.25940704345703,110.26594543457031,-2.0065383911132812,0.11388690769672394,0.10272526741027832,-0.011161640286445618,0.18381649255752563,0.2261981964111328,0.04238170385360718,0.0018987059593200684,0.06093943119049072,0.059040725231170654,0.5775355696678162,0.5720645785331726,0.005470991134643555,0.10275302827358246,0.10275302827358246,110.88190698623657
crack0043_01.png,0.10150399208068839,76.28345489501953,76.23410034179688,0.04935455322265625,116.0339126586914,116.66313171386719,-0.6292190551757812,0.07027581334114075,0.06212349236011505,-0.008152320981025696,0.07797586917877197,0.09188032150268555,0.013904452323913574,0.0,0.0,0.0,0.5821183919906616,0.5721222758293152,0.009996116161346436,0.10121063888072968,0.10121063888072968,95.81610375642776
crack0043_02.png,-0.920028567314148,81.22284698486328,81.82272338867188,-0.5998764038085938,113.48479461669922,114.33306884765625,-0.8482742309570312,0.1112610399723053,0.0979781225323677,-0.013282917439937592,0.10665380954742432,0.13061517477035522,0.023961365222930908,0.0,0.0,0.0,0.5797923803329468,0.576708972454071,0.0030834078788757324,0.10321442782878876,0.10321442782878876,98.83579304814339
crack0043_03.png,-4.13730103969574,96.93267059326172,96.57006072998047,0.36260986328125,108.19099426269531,111.42666625976562,-3.2356719970703125,0.14011980593204498,0.10810380429029465,-0.032016001641750336,0.2091304063796997,0.19156807661056519,-0.01756232976913452,0.1466798186302185,0.08169496059417725,-0.06498485803604126,0.5776777863502502,0.5762245059013367,0.0014532804489135742,0.10400072485208511,0.10400072485208511,113.37224885821342
crack0043_04.png,4.39506721496582,96.1339111328125,96.66272735595703,-0.5288162231445312,116.481201171875,116.0533447265625,0.4278564453125,0.08015389740467072,0.11481861770153046,0.03466472029685974,0.10926616191864014,0.1521615982055664,0.04289543628692627,0.0,0.0,0.0,0.5825413465499878,0.5759477019309998,0.006593644618988037,0.11878247559070587,0.11878247559070587,114.89073926210403
crack0043_05.png,-1.7261339902877806,103.0569076538086,106.05777740478516,-3.0008697509765625,114.72632598876953,115.42780303955078,-0.70147705078125,0.09749270230531693,0.0917244404554367,-0.0057682618498802185,0.29341042041778564,0.341231107711792,0.04782068729400635,0.12758880853652954,0.23088312149047852,0.10329431295394897,0.5806305408477783,0.5780315399169922,0.002599000930786133,0.11106685549020767,0.11106684803962708,122.2790977358818
crack0043_06.png,-3.9897368907928463,87.20169067382812,89.2569580078125,-2.055267333984375,118.1330795288086,118.82623291015625,-0.6931533813476562,0.12296070903539658,0.09715718775987625,-0.025803521275520325,0.0,0.0,0.0,0.0,0.0,0.0,0.5861591696739197,0.5759823322296143,0.01017683744430542,0.0941099300980568,0.0941099226474762,105.84625986218452
crack0043_07.png,-0.3927289724349974,87.54717254638672,89.47040557861328,-1.9232330322265625,114.33446502685547,113.61248779296875,0.7219772338867188,0.13258226215839386,0.11481960862874985,-0.017762653529644012,0.0,0.05960923433303833,0.05960923433303833,0.0,0.03840154409408569,0.03840154409408569,0.5833371877670288,0.5763782858848572,0.006958901882171631,0.10803796350955963,0.10803796350955963,104.95310005545616
crack0043_08.png,-0.6821490764617919,85.7264404296875,87.9682388305664,-2.2417984008789062,112.16544342041016,113.46432495117188,-1.2988815307617188,0.1532396823167801,0.15039175748825073,-0.002847924828529358,0.22420668601989746,0.27701908349990845,0.052812397480010986,0.192391037940979,0.25575917959213257,0.06336814165115356,0.5809265375137329,0.5760630369186401,0.0048635005950927734,0.10570892691612244,0.10570892691612244,101.06089568138123
crack0043_09.png,0.3108402132987975,103.72184753417969,104.3227310180664,-0.6008834838867188,117.57250213623047,119.44271850585938,-1.8702163696289062,0.06956932693719864,0.05694562569260597,-0.012623701244592667,0.1263858675956726,0.19024115800857544,0.06385529041290283,0.0,0.0,0.0,0.5803306698799133,0.5774433016777039,0.0028873682022094727,0.11604486405849457,0.11604486405849457,123.81877852976322
crack0044_00.png,0.32977504730224627,98.25141906738281,96.57195281982422,1.6794662475585938,107.54439544677734,106.45956420898438,1.0848312377929688,0.2500858008861542,0.22506913542747498,-0.0250166654586792,0.44977492094039917,0.44880473613739014,-0.0009701848030090332,0.4000982642173767,0.3982727527618408,-0.0018255114555358887,0.5852056741714478,0.5787927508354187,0.006412923336029053,0.25766119360923767,0.25766119360923767,107.31576478481293
crack0044_01.png,1.7013186454772948,100.41320037841797,99.24314880371094,1.1700515747070312,104.45806884765625,103.96900939941406,0.4890594482421875,0.2893451154232025,0.29142576456069946,0.0020806491374969482,0.48925358057022095,0.49320656061172485,0.003952980041503906,0.46544063091278076,0.47032642364501953,0.0048857927322387695,0.585951566696167,0.5856747627258301,0.00027680397033691406,0.19269351661205292,0.1926935315132141,105.90553033351898
crack0044_02.png,2.625404453277588,102.25504302978516,100.56173706054688,1.6933059692382812,106.35385131835938,105.40934753417969,0.9445037841796875,0.23481148481369019,0.2449817657470703,0.010170280933380127,0.557020902633667,0.5469891428947449,-0.01003175973892212,0.456481397151947,0.4542858600616455,-0.0021955370903015137,0.5812726020812988,0.5777239799499512,0.0035486221313476562,0.17710644006729126,0.17710644006729126,110.57060503959656
crack0044_03.png,2.1609824657440186,93.65968322753906,90.62700653076172,3.0326766967773438,102.26156616210938,100.42442321777344,1.8371429443359375,0.19613537192344666,0.17808373272418976,-0.018051639199256897,0.36474525928497314,0.3566093444824219,-0.00813591480255127,0.3962469696998596,0.39291584491729736,-0.003331124782562256,0.5810034871101379,0.5769280791282654,0.004075407981872559,0.15981429815292358,0.15981429815292358,104.69846040010452
crack0044_04.png,5.398730039596558,123.55950927734375,121.03834533691406,2.5211639404296875,112.53399658203125,111.14495086669922,1.3890457153320312,0.23154090344905853,0.2796922028064728,0.048151299357414246,0.21690863370895386,0.17288774251937866,-0.044020891189575195,0.17729419469833374,0.16687500476837158,-0.010419189929962158,0.5985121130943298,0.5927451252937317,0.0057669878005981445,0.1923048496246338,0.1923048496246338,132.3469576239586
crack0044_05.png,0.3604753017425537,103.81454467773438,103.73820495605469,0.0763397216796875,105.74021911621094,105.40322875976562,0.3369903564453125,0.24861212074756622,0.24485361576080322,-0.0037585049867630005,0.42117840051651,0.43321704864501953,0.012038648128509521,0.3848685026168823,0.3970664143562317,0.012197911739349365,0.5802652835845947,0.5810534358024597,-0.0007881522178649902,0.24687610566616058,0.2468760907649994,112.32729530334473
crack0044_06.png,5.203146362304688,100.93107604980469,99.21378326416016,1.7172927856445312,110.08180236816406,109.21791076660156,0.8638916015625,0.2713511288166046,0.3026391863822937,0.03128805756568909,0.4315814971923828,0.43920832872390747,0.007626831531524658,0.3856821060180664,0.40832966566085815,0.022647559642791748,0.5942637324333191,0.585959255695343,0.008304476737976074,0.2074676901102066,0.2074677050113678,107.56191122531891
crack0044_07.png,4.215066862106323,100.44993591308594,98.06521606445312,2.3847198486328125,110.48062133789062,108.84559631347656,1.6350250244140625,0.20221398770809174,0.21027764678001404,0.008063659071922302,0.4611186981201172,0.46824830770492554,0.00712960958480835,0.4030469059944153,0.41672754287719727,0.013680636882781982,0.5893848538398743,0.5832333564758301,0.0061514973640441895,0.2580581307411194,0.2580581307411194,110.700130879879
crack0044_08.png,2.467318820953369,97.9977798461914,96.47860717773438,1.5191726684570312,107.94078063964844,107.19123840332031,0.749542236328125,0.2687303125858307,0.273505836725235,0.004775524139404297,0.4876076579093933,0.4860103130340576,-0.0015973448753356934,0.4172974228858948,0.4169192910194397,-0.0003781318664550781,0.5889196395874023,0.580665111541748,0.008254528045654297,0.2399924099445343,0.23999238014221191,104.67116034030914
crack0044_09.png,1.6911309719085694,117.91521453857422,114.9558334350586,2.959381103515625,118.87062072753906,116.41507720947266,2.4555435180664062,0.2268495261669159,0.20964090526103973,-0.01720862090587616,0.5338723063468933,0.5050574541091919,-0.028814852237701416,0.4647729992866516,0.44867396354675293,-0.01609903573989868,0.601922333240509,0.5949519276618958,0.006970405578613281,0.2708546221256256,0.270854651927948,127.93396300077438
crack0045_00.png,0.9458718299865723,138.70645141601562,138.8654327392578,-0.1589813232421875,116.0489501953125,113.89116668701172,2.1577835083007812,0.20849162340164185,0.21295282244682312,0.004461199045181274,0.13203543424606323,0.1285298466682434,-0.0035055875778198242,0.3173733949661255,0.3173646330833435,-8.761882781982422e-06,0.5813840627670288,0.5807573795318604,0.000626683235168457,0.11071042716503143,0.11071042716503143,149.53180718421936
crack0045_01.png,-0.8745147228240966,119.62969207763672,121.15084838867188,-1.5211563110351562,110.65511322021484,109.80281066894531,0.8523025512695312,0.260082870721817,0.24420355260372162,-0.015879318118095398,0.21029669046401978,0.25232815742492676,0.04203146696090698,0.3534925580024719,0.3446199297904968,-0.008872628211975098,0.5783275365829468,0.5809573531150818,-0.0026298165321350098,0.12907199561595917,0.12907198071479797,128.97635120153427
crack0045_02.png,-0.6884859085083008,135.4933624267578,135.32736206054688,0.1660003662109375,114.1380844116211,113.3647232055664,0.7733612060546875,0.243009552359581,0.2306760996580124,-0.012333452701568604,0.1518915295600891,0.1408536434173584,-0.011037886142730713,0.30296921730041504,0.26764482259750366,-0.03532439470291138,0.5848942995071411,0.578285276889801,0.006609022617340088,0.14874225854873657,0.14874225854873657,144.96556824445724
crack0045_03.png,-0.0014068126678465909,123.87506103515625,125.4131088256836,-1.5380477905273438,117.64745330810547,116.59747314453125,1.0499801635742188,0.20425547659397125,0.19739612936973572,-0.006859347224235535,0.21114158630371094,0.2469748854637146,0.03583329916000366,0.27008306980133057,0.3130178451538086,0.04293477535247803,0.5897693037986755,0.5839676856994629,0.0058016180992126465,0.14713534712791443,0.14713534712791443,136.3910893201828
crack0045_04.png,-0.9919819355010986,102.81179809570312,105.01614379882812,-2.204345703125,109.19589233398438,108.36982727050781,0.8260650634765625,0.15788045525550842,0.16709266602993011,0.009212210774421692,0.27648603916168213,0.27623075246810913,-0.00025528669357299805,0.3171313405036926,0.33544260263442993,0.018311262130737305,0.588204562664032,0.5843252539634705,0.0038793087005615234,0.13998082280158997,0.13998082280158997,117.9693261384964
crack0045_05.png,1.8124948024749756,124.95040893554688,124.87802124023438,0.0723876953125,108.57875061035156,107.01133728027344,1.567413330078125,0.16520915925502777,0.16759943962097168,0.0023902803659439087,0.23382169008255005,0.25076818466186523,0.016946494579315186,0.3428569436073303,0.35621005296707153,0.013353109359741211,0.5855324864387512,0.5794309973716736,0.006101489067077637,0.14807525277137756,0.14807522296905518,138.422964990139
crack0045_06.png,-0.28317184448242183,114.95588684082031,116.0916519165039,-1.1357650756835938,108.3277359008789,107.55976867675781,0.7679672241210938,0.27090901136398315,0.26850569248199463,-0.0024033188819885254,0.2241278886795044,0.23684877157211304,0.012720882892608643,0.3357490301132202,0.3416407108306885,0.005891680717468262,0.5855363607406616,0.5798154473304749,0.005720913410186768,0.16703791916370392,0.16703791916370392,122.8348822593689
crack0045_07.png,0.18163394927978516,138.6986541748047,139.39866638183594,-0.70001220703125,113.92408752441406,112.53065490722656,1.3934326171875,0.24362759292125702,0.24475671350955963,0.0011291205883026123,0.2067202925682068,0.20934700965881348,0.0026267170906066895,0.2937566637992859,0.2964569926261902,0.002700328826904297,0.5837716460227966,0.5805497765541077,0.003221869468688965,0.14006274938583374,0.14006274938583374,147.78187054395676
crack0045_08.png,-0.3292745590209961,119.58712768554688,119.8622055053711,-0.27507781982421875,106.80169677734375,105.30856323242188,1.493133544921875,0.19000618159770966,0.17805062234401703,-0.011955559253692627,0.2901466488838196,0.29603368043899536,0.005887031555175781,0.3944283723831177,0.3964516520500183,0.0020232796669006348,0.5787120461463928,0.5769742131233215,0.001737833023071289,0.14428144693374634,0.14428144693374634,132.19011110067368
crack0045_09.png,1.4909693241119384,123.2519302368164,123.01250457763672,0.2394256591796875,114.86483764648438,112.84432983398438,2.0205078125,0.1706254482269287,0.16639284789562225,-0.0042326003313064575,0.12679356336593628,0.14381247758865356,0.017018914222717285,0.19897204637527466,0.20984148979187012,0.010869443416595459,0.5851902961730957,0.5826604962348938,0.0025297999382019043,0.152633935213089,0.1526339203119278,136.55625838041306
crack0046_00.png,1.4251238822937013,69.732666015625,68.00364685058594,1.7290191650390625,118.88561248779297,117.0058364868164,1.8797760009765625,0.17831264436244965,0.1639232188463211,-0.01438942551612854,0.0,0.0,0.0,0.0,0.0,0.0,0.5779085159301758,0.5755248069763184,0.002383708953857422,0.10412738472223282,0.10412738472223282,82.14910393953323
crack0046_01.png,-0.2377130508422851,68.04817962646484,69.55410766601562,-1.5059280395507812,124.38026428222656,122.13597106933594,2.244293212890625,0.14648932218551636,0.14909246563911438,0.0026031434535980225,0.0,0.0,0.0,0.0,0.0,0.0,0.5831680297851562,0.5791118741035461,0.004056155681610107,0.12165742367506027,0.12165743112564087,83.3385055065155
crack0046_02.png,4.902418231964111,69.21052551269531,67.38749694824219,1.823028564453125,127.45206451416016,124.20565795898438,3.2464065551757812,0.16136431694030762,0.18290185928344727,0.02153754234313965,0.0,0.0,0.0,0.0,0.0,0.0,0.5807035565376282,0.5792579650878906,0.0014455914497375488,0.11497074365615845,0.11497074365615845,81.84529447555542
crack0046_03.png,1.3905380725860597,85.18731689453125,85.70773315429688,-0.520416259765625,122.11093139648438,120.74848937988281,1.3624420166015625,0.18462027609348297,0.2012317180633545,0.01661144196987152,0.0,0.0,0.0,0.0,0.0,0.0,0.5846213102340698,0.5836947560310364,0.0009265542030334473,0.12271523475646973,0.12271523475646973,97.75516086816788
crack0046_04.png,2.6790997982025146,83.91554260253906,82.49494934082031,1.42059326171875,122.73672485351562,119.53253173828125,3.204193115234375,0.19143109023571014,0.1898900270462036,-0.0015410631895065308,0.0,0.0,0.0,0.0,0.0,0.0,0.5811841487884521,0.5786812901496887,0.0025028586387634277,0.10470691323280334,0.10470691323280334,95.05921030044556
crack0046_05.png,5.013674068450928,95.38923645019531,94.18018341064453,1.2090530395507812,123.2424087524414,120.9356689453125,2.3067398071289062,0.17823489010334015,0.21360920369625092,0.03537431359291077,0.0,0.0,0.0,0.0,0.0,0.0,0.5825374722480774,0.5812379717826843,0.0012995004653930664,0.10732534527778625,0.10732533782720566,107.39211541414261
crack0046_06.png,0.05808224678039542,68.98299407958984,71.0837631225586,-2.10076904296875,125.28475952148438,119.7131118774414,5.571647644042969,0.15783365070819855,0.15451008081436157,-0.003323569893836975,0.0,0.0,0.0,0.0,0.0,0.0,0.5791426301002502,0.5742406845092773,0.0049019455909729,0.12525232136249542,0.12525233626365662,83.92847895622253
crack0046_07.png,-0.8851668357849121,75.03277587890625,78.07513427734375,-3.0423583984375,118.65669250488281,115.35565185546875,3.3010406494140625,0.22822804749011993,0.23325712978839874,0.005029082298278809,0.0,0.0,0.0,0.0,0.0,0.0,0.5922222137451172,0.5813609957695007,0.010861217975616455,0.1058574765920639,0.1058574765920639,86.54916077852249
crack0046_08.png,4.519880199432373,66.83042907714844,63.13607406616211,3.694355010986328,121.22038269042969,123.86196899414062,-2.6415863037109375,0.17114712297916412,0.1934400051832199,0.022292882204055786,0.0,0.0,0.0,0.0,0.0,0.0,0.5814763307571411,0.5790081024169922,0.0024682283401489258,0.10992326587438583,0.10992327332496643,77.97347742319107
crack0046_09.png,-0.7132936477661131,67.82097625732422,69.0871353149414,-1.2661590576171875,123.81392669677734,120.55673217773438,3.2571945190429688,0.2460300326347351,0.23776793479919434,-0.008262097835540771,0.0,0.0,0.0,0.0,0.0,0.0,0.577593207359314,0.5798193216323853,-0.002226114273071289,0.11411724984645844,0.11411724984645844,77.38075256347656
crack0047_00.png,1.1652593612670898,138.3038330078125,138.777587890625,-0.4737548828125,104.54418182373047,103.10752868652344,1.4366531372070312,0.26072895526885986,0.2578156590461731,-0.0029132962226867676,0.08254879713058472,0.11572623252868652,0.03317743539810181,0.2602854371070862,0.2973182201385498,0.03703278303146362,0.5758131742477417,0.5765551924705505,-0.0007420182228088379,0.1107284277677536,0.1107284277677536,146.13397860527039
crack0047_01.png,1.5172426223754885,150.2222137451172,149.8126983642578,0.409515380859375,108.06902313232422,106.61569213867188,1.4533309936523438,0.2758079171180725,0.27632758021354675,0.0005196630954742432,0.23928338289260864,0.25180763006210327,0.012524247169494629,0.42654693126678467,0.43308621644973755,0.006539285182952881,0.5741791725158691,0.5745828747749329,-0.0004037022590637207,0.11977816373109818,0.11977816373109818,156.45229601860046
crack0047_02.png,0.41611590385437014,156.60609436035156,156.8184814453125,-0.2123870849609375,109.67353820800781,108.43553924560547,1.2379989624023438,0.24457266926765442,0.24102582037448883,-0.0035468488931655884,0.11159950494766235,0.12158751487731934,0.009988009929656982,0.3128173351287842,0.3126368522644043,-0.0001804828643798828,0.5794425010681152,0.5790042281150818,0.00043827295303344727,0.11401143670082092,0.11401143670082092,165.4284387230873
crack0047_03.png,1.737668514251709,153.84886169433594,152.98983764648438,0.8590240478515625,107.01539611816406,106.2105712890625,0.8048248291015625,0.22241532802581787,0.22280046343803406,0.0003851354122161865,0.14797192811965942,0.16123104095458984,0.01325911283493042,0.33520692586898804,0.3509790301322937,0.015772104263305664,0.5755055546760559,0.5756170749664307,-0.00011152029037475586,0.10558788478374481,0.10558788478374481,163.0991129875183
crack0047_04.png,1.5187836647033692,148.25730895996094,148.53555297851562,-0.2782440185546875,114.61442565917969,112.75366973876953,1.8607559204101562,0.2638530731201172,0.2735404074192047,0.009687334299087524,0.0,0.0,0.0,0.22299158573150635,0.2304874062538147,0.00749582052230835,0.580334484577179,0.5733910202980042,0.006943464279174805,0.10666801035404205,0.10666801035404205,155.7786259651184
crack0047_05.png,-2.046499490737915,156.1813507080078,157.22195434570312,-1.0406036376953125,106.84855651855469,106.44847106933594,0.40008544921875,0.24900352954864502,0.23177681863307953,-0.01722671091556549,0.002172708511352539,0.0,-0.002172708511352539,0.2340499758720398,0.23424726724624634,0.00019729137420654297,0.5815109610557556,0.5740330815315247,0.007477879524230957,0.09991727769374847,0.09991727769374847,166.05548185110092
crack0047_06.png,0.9489471912384033,159.46078491210938,159.04458618164062,0.41619873046875,109.720458984375,109.11369323730469,0.6067657470703125,0.2135894000530243,0.21964268386363983,0.0060532838106155396,0.13120681047439575,0.12688952684402466,-0.004317283630371094,0.3555533289909363,0.35998910665512085,0.00443577766418457,0.5815494060516357,0.5820876359939575,-0.0005382299423217773,0.10161793231964111,0.10161793231964111,169.72082698345184
crack0047_07.png,0.4843913078308105,136.71388244628906,136.57212829589844,0.141754150390625,105.11348724365234,104.68263244628906,0.43085479736328125,0.285724937915802,0.2898915410041809,0.004166603088378906,0.0102042555809021,0.0,-0.0102042555809021,0.3081423044204712,0.30918383598327637,0.0010415315628051758,0.5865782499313354,0.5804498195648193,0.006128430366516113,0.10719369351863861,0.10719369351863861,142.96263909339905
crack0047_08.png,-0.7043724060058594,155.16246032714844,155.84225463867188,-0.6797943115234375,116.786865234375,115.21681213378906,1.5700531005859375,0.21641500294208527,0.2078961879014969,-0.008518815040588379,0.24304062128067017,0.2354741096496582,-0.007566511631011963,0.3642333149909973,0.3691551685333252,0.004921853542327881,0.587708592414856,0.5794194340705872,0.008289158344268799,0.10761433839797974,0.10761434584856033,166.53692990541458
crack0047_09.png,2.3042381763458253,161.98052978515625,161.85865783691406,0.1218719482421875,119.30492401123047,116.62370300292969,2.6812210083007812,0.17611342668533325,0.1776716262102127,0.0015581995248794556,0.2074483036994934,0.23105615377426147,0.023607850074768066,0.3697109818458557,0.37240177392959595,0.0026907920837402344,0.5829681158065796,0.5819454193115234,0.0010226964950561523,0.10535380989313126,0.10535380244255066,174.67151284217834
crack0048_00.png,1.5799992084503174,77.49650573730469,76.74772644042969,0.748779296875,116.26200103759766,114.89706420898438,1.3649368286132812,0.15835992991924286,0.155925452709198,-0.002434477210044861,0.0,0.011223435401916504,0.011223435401916504,0.10879385471343994,0.15057051181793213,0.04177665710449219,0.5836024880409241,0.5828258395195007,0.0007766485214233398,0.13731983304023743,0.13731984794139862,91.11068844795227
crack0048_01.png,0.9028175354003907,71.80797576904297,72.03016662597656,-0.22219085693359375,111.21763610839844,109.78045654296875,1.4371795654296875,0.16386009752750397,0.16900672018527985,0.005146622657775879,0.0,0.0,0.0,0.07509595155715942,0.06043821573257446,-0.014657735824584961,0.5911687612533569,0.587708592414856,0.0034601688385009766,0.11340188980102539,0.11340188980102539,85.7342157959938
crack0048_02.png,1.3361389636993408,75.42994689941406,76.9085922241211,-1.4786453247070312,113.2964859008789,112.47903442382812,0.8174514770507812,0.18451233208179474,0.1954432725906372,0.010930940508842468,0.0,0.0358964204788208,0.0358964204788208,0.11537891626358032,0.16430282592773438,0.04892390966415405,0.5888850688934326,0.5844482779502869,0.004436790943145752,0.1475643515586853,0.1475643515586853,88.6539323925972
crack0048_03.png,1.7588812351226806,70.46137237548828,70.09327697753906,0.36809539794921875,115.98391723632812,114.67500305175781,1.3089141845703125,0.18013282120227814,0.1846742033958435,0.004541382193565369,0.0,0.008011043071746826,0.008011043071746826,0.06810891628265381,0.08910655975341797,0.02099764347076416,0.5966436266899109,0.592056930065155,0.004586696624755859,0.1343851387500763,0.1343851387500763,83.33510047197342
crack0048_04.png,-1.0693672180175782,69.54064178466797,70.84860229492188,-1.3079605102539062,112.18045043945312,111.7978286743164,0.38262176513671875,0.1802869588136673,0.17863424122333527,-0.0016527175903320312,0.0,0.0,0.0,0.059413373470306396,0.03850996494293213,-0.020903408527374268,0.5951710939407349,0.5897270441055298,0.005444049835205078,0.11356669664382935,0.11356669664382935,83.2834113240242
crack0048_05.png,2.8996932029724123,69.61276245117188,68.72503662109375,0.887725830078125,122.78923797607422,120.69286346435547,2.09637451171875,0.16146297752857208,0.17202074825763702,0.010557770729064941,0.0,0.0,0.0,0.0,0.0,0.0,0.5983890891075134,0.5901691913604736,0.008219897747039795,0.10281916707754135,0.10281917452812195,83.41668444871902
crack0048_06.png,-0.5046499729156494,60.57862091064453,60.497432708740234,0.08118820190429688,115.68119812011719,115.36784362792969,0.3133544921875,0.17006856203079224,0.15966786444187164,-0.010400697588920593,0.0,0.0,0.0,0.0,0.047539710998535156,0.047539710998535156,0.588039219379425,0.5850173234939575,0.0030218958854675293,0.13001374900341034,0.13001374900341034,74.47952371835709
crack0048_07.png,-1.6622985363006593,74.3033676147461,75.48172760009766,-1.1783599853515625,113.37751007080078,112.77626037597656,0.6012496948242188,0.17095282673835754,0.16332758963108063,-0.0076252371072769165,0.0,0.0,0.0,0.03677809238433838,0.10405278205871582,0.06727468967437744,0.5775701403617859,0.5804306268692017,-0.0028604865074157715,0.11123140156269073,0.11123140901327133,88.3101173043251
crack0048_08.png,-0.08368539810180664,55.969112396240234,56.98460388183594,-1.0154914855957031,111.14785766601562,110.99366760253906,0.1541900634765625,0.1648036241531372,0.17700281739234924,0.012199193239212036,0.0,0.0,0.0,0.028255045413970947,0.07652479410171509,0.04826974868774414,0.583106517791748,0.5857516527175903,-0.002645134925842285,0.11305082589387894,0.11305083334445953,70.01870679855347
crack0048_09.png,0.9690817832946778,76.94451904296875,76.78546142578125,0.1590576171875,107.87256622314453,107.33303833007812,0.5395278930664062,0.17008894681930542,0.16131985187530518,-0.008769094944000244,0.17064648866653442,0.19897234439849854,0.02832585573196411,0.2682318091392517,0.290228009223938,0.02199620008468628,0.5950403809547424,0.5909727215766907,0.004067659378051758,0.15551979839801788,0.15551979839801788,90.98741436004639
crack0049_00.png,0.674616527557373,84.86631774902344,85.88365936279297,-1.0173416137695312,110.50753021240234,109.67607116699219,0.8314590454101562,0.37416571378707886,0.37272515892982483,-0.0014405548572540283,0.22516357898712158,0.25827282667160034,0.03310924768447876,0.20459496974945068,0.23551976680755615,0.03092479705810547,0.5853210091590881,0.5815647840499878,0.003756225109100342,0.11142250150442123,0.11142250895500183,86.42431938648224
crack0049_01.png,3.494762325286865,86.1531982421875,85.6343765258789,0.5188217163085938,110.4765396118164,108.99066162109375,1.4858779907226562,0.3055993318557739,0.3136208951473236,0.008021563291549683,0.271986722946167,0.3107120990753174,0.03872537612915039,0.2675589919090271,0.2905392050743103,0.022980213165283203,0.5839138627052307,0.5791426301002502,0.004771232604980469,0.13197965919971466,0.13197967410087585,90.914381980896
crack0049_02.png,7.72456922531128,97.647705078125,93.30382537841797,4.343879699707031,116.05366516113281,113.6009521484375,2.4527130126953125,0.2903018295764923,0.2891887426376343,-0.0011130869388580322,0.21742403507232666,0.26897132396698,0.05154728889465332,0.22840368747711182,0.24342328310012817,0.015019595623016357,0.5979892611503601,0.5873202681541443,0.01066899299621582,0.1097642108798027,0.1097642108798027,102.04401111602783
crack0049_03.png,-0.0476841926574707,69.39926147460938,70.22124481201172,-0.8219833374023438,102.56494903564453,102.63956451416016,-0.074615478515625,0.33291181921958923,0.34056520462036133,0.007653385400772095,0.3213830590248108,0.32029372453689575,-0.001089334487915039,0.261292040348053,0.2581115961074829,-0.0031804442405700684,0.5862706899642944,0.5803844928741455,0.005886197090148926,0.11725929379463196,0.11725929379463196,73.28637158870697
crack0049_04.png,6.617028427124024,99.35163116455078,95.5890884399414,3.762542724609375,117.18318176269531,114.02090454101562,3.1622772216796875,0.26628538966178894,0.27633023262023926,0.010044842958450317,0.22749018669128418,0.242853045463562,0.015362858772277832,0.19756942987442017,0.2282106876373291,0.030641257762908936,0.5964398384094238,0.592153012752533,0.004286825656890869,0.13694436848163605,0.13694436848163605,105.35082995891571
crack0049_05.png,-2.3595558166503903,76.85700225830078,79.62738800048828,-2.7703857421875,107.76193237304688,107.57232666015625,0.189605712890625,0.2900005877017975,0.27156391739845276,-0.018436670303344727,0.21552133560180664,0.2542910575866699,0.03876972198486328,0.15799838304519653,0.21001189947128296,0.052013516426086426,0.5889004468917847,0.582422137260437,0.006478309631347656,0.1096375361084938,0.1096375361084938,85.50437796115875
crack0049_06.png,2.67464075088501,87.16514587402344,86.74079132080078,0.42435455322265625,117.49176025390625,115.18312072753906,2.3086395263671875,0.26950693130493164,0.2785584628582001,0.009051531553268433,0.21308761835098267,0.21903574466705322,0.005948126316070557,0.17023307085037231,0.1900152564048767,0.019782185554504395,0.5896270871162415,0.5805075168609619,0.009119570255279541,0.10785672068595886,0.10785672068595886,94.36763620376587
crack0049_07.png,4.862226295471191,87.91077423095703,87.07144927978516,0.839324951171875,117.06159973144531,115.08021545410156,1.98138427734375,0.2675332725048065,0.2854996621608734,0.017966389656066895,0.23308098316192627,0.2711556553840637,0.03807467222213745,0.21481317281723022,0.2549251914024353,0.04011201858520508,0.5898461937904358,0.5830949544906616,0.00675123929977417,0.11036068201065063,0.11036068201065063,95.03296315670013
crack0049_08.png,2.293460559844971,77.74118041992188,80.04679870605469,-2.3056182861328125,110.24317169189453,108.92869567871094,1.3144760131835938,0.36448934674263,0.3905096650123596,0.026020318269729614,0.31584012508392334,0.36014533042907715,0.04430520534515381,0.21107685565948486,0.24719923734664917,0.03612238168716431,0.5898346900939941,0.5843483209609985,0.0054863691329956055,0.10781364142894745,0.10781364142894745,80.61801636219025
crack0049_09.png,-1.3156399250030517,85.32273864746094,86.21984100341797,-0.8971023559570312,116.03937530517578,114.76008605957031,1.2792892456054688,0.2550390362739563,0.24450825154781342,-0.010530784726142883,0.132121741771698,0.122683584690094,-0.009438157081604004,0.16055530309677124,0.17193758487701416,0.01138228178024292,0.5876163244247437,0.5803729295730591,0.00724339485168457,0.1086392030119896,0.10863921046257019,94.6054477095604
crack0050_00.png,3.1972461223602293,75.6075439453125,75.14750671386719,0.4600372314453125,104.19352722167969,103.43303680419922,0.7604904174804688,0.21488803625106812,0.21510468423366547,0.00021664798259735107,0.2506411075592041,0.2981035113334656,0.047462403774261475,0.3268941640853882,0.3443145751953125,0.017420411109924316,0.5836447477340698,0.5707151293754578,0.01292961835861206,0.1108076348900795,0.1108076348900795,85.83003306388855
crack0050_01.png,4.975062131881714,62.25425720214844,62.21714401245117,0.037113189697265625,101.92683410644531,101.20486450195312,0.7219696044921875,0.16208496689796448,0.18842075765132904,0.026335790753364563,0.28710418939590454,0.34177273511886597,0.054668545722961426,0.26803135871887207,0.28330177068710327,0.015270411968231201,0.5921645760536194,0.5832756757736206,0.00888890027999878,0.1152789369225502,0.1152789369225502,76.19718563556671
crack0050_02.png,0.7741554260253907,69.29180908203125,68.42997741699219,0.8618316650390625,106.52894592285156,105.79031372070312,0.7386322021484375,0.2167830616235733,0.21742688119411469,0.0006438195705413818,0.0674285888671875,0.050622642040252686,-0.016805946826934814,0.10128098726272583,0.10588860511779785,0.0046076178550720215,0.5920799970626831,0.5861399173736572,0.005940079689025879,0.13868296146392822,0.13868296146392822,79.53710943460464
crack0050_03.png,-0.5716281414031983,72.426025390625,72.71326446533203,-0.28723907470703125,103.86210632324219,104.27572631835938,-0.4136199951171875,0.16479727625846863,0.17535553872585297,0.010558262467384338,0.26421475410461426,0.236872136592865,-0.027342617511749268,0.24835258722305298,0.22553116083145142,-0.022821426391601562,0.5856631994247437,0.5824106335639954,0.003252565860748291,0.14475572109222412,0.14475572109222412,86.10833632946014
crack0050_04.png,1.0330325603485107,80.90968322753906,81.15567016601562,-0.2459869384765625,106.24581909179688,105.91758728027344,0.3282318115234375,0.2057894766330719,0.2097015231847763,0.003912046551704407,0.4021942615509033,0.41760003566741943,0.015405774116516113,0.2855260968208313,0.3198762536048889,0.03435015678405762,0.5881507396697998,0.5826874375343323,0.005463302135467529,0.13502147793769836,0.13502147793769836,92.21133768558502
crack0050_05.png,2.721538019180298,72.03315734863281,70.44068908691406,1.59246826171875,106.04890441894531,104.90444946289062,1.1444549560546875,0.15668272972106934,0.16542671620845795,0.00874398648738861,0.31839561462402344,0.3095468282699585,-0.008848786354064941,0.30085694789886475,0.2984743118286133,-0.002382636070251465,0.5860168933868408,0.5778738856315613,0.008143007755279541,0.12250868231058121,0.1225086897611618,85.27663516998291
crack0050_06.png,1.2807403087615967,67.93257141113281,66.8686752319336,1.0638961791992188,110.04609680175781,109.01453399658203,1.0315628051757812,0.22368189692497253,0.20813734829425812,-0.015544548630714417,0.2715613842010498,0.2894706726074219,0.01790928840637207,0.3028237819671631,0.30906790494918823,0.0062441229820251465,0.59246826171875,0.5841829776763916,0.008285284042358398,0.15184777975082397,0.15184777975082397,78.61111289262772
crack0050_07.png,2.7033654689788817,66.11612701416016,65.55862426757812,0.5575027465820312,103.41998291015625,103.00130462646484,0.41867828369140625,0.15310518443584442,0.16942185163497925,0.016316667199134827,0.3344469666481018,0.34462982416152954,0.010182857513427734,0.31347405910491943,0.32118749618530273,0.007713437080383301,0.5863091349601746,0.5796655416488647,0.0066435933113098145,0.1306588351726532,0.1306588351726532,80.10342997312546
crack0050_08.png,2.4813446044921874,76.40782928466797,75.23919677734375,1.1686325073242188,104.89649200439453,103.4901123046875,1.4063796997070312,0.20070838928222656,0.18285945057868958,-0.017848938703536987,0.26028984785079956,0.3071407675743103,0.04685091972351074,0.29560387134552,0.32520031929016113,0.029596447944641113,0.5896655321121216,0.5820645689964294,0.007600963115692139,0.13882854580879211,0.13882854580879211,88.43856728076935
crack0050_09.png,4.1269255638122555,65.69046783447266,64.7445068359375,0.9459609985351562,104.27320861816406,102.86933898925781,1.40386962890625,0.18718945980072021,0.19596749544143677,0.008778035640716553,0.04036521911621094,0.08463829755783081,0.04427307844161987,0.07874339818954468,0.11119848489761353,0.03245508670806885,0.585463285446167,0.581807017326355,0.0036562681198120117,0.12091895937919617,0.12091896682977676,77.40465116500854
crack0051_00.png,-1.2696659088134767,90.79148864746094,93.34939575195312,-2.5579071044921875,109.32725524902344,108.50397491455078,0.8232803344726562,0.3480914235115051,0.36606886982917786,0.01797744631767273,0.34702247381210327,0.32944685220718384,-0.017575621604919434,0.3487011194229126,0.3516087532043457,0.0029076337814331055,0.5859938263893127,0.5803998708724976,0.0055939555168151855,0.1594030112028122,0.1594030112028122,94.62470984458923
crack0051_01.png,-0.5247894287109375,95.67395782470703,95.96153259277344,-0.28757476806640625,109.58158874511719,108.74058532714844,0.84100341796875,0.32658132910728455,0.3251603841781616,-0.0014209449291229248,0.4062638282775879,0.3943731188774109,-0.011890709400177002,0.4131205677986145,0.4191259741783142,0.006005406379699707,0.5803921818733215,0.5799999833106995,0.0003921985626220703,0.17284634709358215,0.17284636199474335,99.5238094329834
crack0051_02.png,-0.3131155014038085,85.83506774902344,87.44950866699219,-1.61444091796875,113.16014862060547,112.55858612060547,0.6015625,0.304010272026062,0.3100617825984955,0.006051510572433472,0.13181591033935547,0.140424907207489,0.008608996868133545,0.15768128633499146,0.1874644160270691,0.029783129692077637,0.5905075073242188,0.5847020149230957,0.005805492401123047,0.14524365961551666,0.14524367451667786,92.02197217941284
crack0051_03.png,-1.4566015243530273,96.73592376708984,98.15841674804688,-1.4224929809570312,104.4909439086914,104.36846923828125,0.12247467041015625,0.3100293278694153,0.3177802562713623,0.0077509284019470215,0.29071199893951416,0.2726559638977051,-0.018056035041809082,0.25662660598754883,0.26748156547546387,0.010854959487915039,0.5789849758148193,0.5785082578659058,0.0004767179489135742,0.13314928114414215,0.13314928114414215,102.00480961799622
crack0051_04.png,-0.45602893829345703,86.59484100341797,87.95111083984375,-1.3562698364257812,105.55984497070312,104.47547912597656,1.0843658447265625,0.3369460999965668,0.3231469392776489,-0.013799160718917847,0.13381367921829224,0.15795326232910156,0.024139583110809326,0.24795907735824585,0.25641560554504395,0.008456528186798096,0.5975548028945923,0.5824337005615234,0.015121102333068848,0.1553853452205658,0.1553853452205658,91.78635168075562
crack0051_05.png,-2.955483818054199,81.46511840820312,84.10174560546875,-2.636627197265625,102.351318359375,101.74971771240234,0.6016006469726562,0.32250624895095825,0.33312660455703735,0.010620355606079102,0.3656863570213318,0.33002376556396484,-0.03566259145736694,0.3626106381416321,0.34010523557662964,-0.02250540256500244,0.5864052176475525,0.5859707593917847,0.00043445825576782227,0.1448998749256134,0.1448998749256134,86.88926577568054
crack0051_06.png,0.606898021697998,87.02550506591797,87.00965118408203,0.0158538818359375,109.20092010498047,108.3992919921875,0.8016281127929688,0.3272816836833954,0.33296751976013184,0.00568583607673645,0.39359647035598755,0.3845555782318115,-0.009040892124176025,0.35806119441986084,0.3610383868217468,0.0029771924018859863,0.5847020149230957,0.5802729725837708,0.004429042339324951,0.1549270749092102,0.1549270749092102,90.7687577009201
crack0051_07.png,15.114833736419678,141.64108276367188,132.29563903808594,9.345443725585938,139.151611328125,132.08486938476562,7.066741943359375,0.2512226700782776,0.2749556303024292,0.02373296022415161,0.19727522134780884,0.21752506494522095,0.02024984359741211,0.27771687507629395,0.3089301586151123,0.03121328353881836,0.5934140682220459,0.5875625014305115,0.005851566791534424,0.18831858038902283,0.18831858038902283,145.6315634250641
crack0051_08.png,-0.16543521881103507,92.92152404785156,93.93524932861328,-1.0137252807617188,111.56494140625,110.22588348388672,1.3390579223632812,0.38495010137557983,0.3551919758319855,-0.02975812554359436,0.07058966159820557,0.13260924816131592,0.06201958656311035,0.1914796233177185,0.211270272731781,0.0197906494140625,0.589600145816803,0.5842868089675903,0.0053133368492126465,0.17483831942081451,0.17483831942081451,95.70087397098541
crack0051_09.png,-0.8209866523742675,98.36808013916016,100.20706176757812,-1.8389816284179688,109.34010314941406,108.63062286376953,0.7094802856445312,0.2893712520599365,0.3009611964225769,0.01158994436264038,0.3340420126914978,0.32577234506607056,-0.008269667625427246,0.3482317328453064,0.33485233783721924,-0.013379395008087158,0.5821991562843323,0.5787543058395386,0.003444850444793701,0.14525684714317322,0.14525684714317322,105.21326208114624
crack0052_00.png,-0.35012979507446285,131.38046264648438,128.97671508789062,2.40374755859375,124.3538818359375,125.44943237304688,-1.095550537109375,0.22365215420722961,0.19258609414100647,-0.031066060066223145,0.0,0.0,0.0,0.11654144525527954,0.1363145112991333,0.01977306604385376,0.5904844403266907,0.586243748664856,0.004240691661834717,0.1221269890666008,0.1221269965171814,142.24280083179474
crack0052_01.png,-1.1912590503692626,126.46751403808594,126.2441177368164,0.22339630126953125,126.41504669189453,128.64593505859375,-2.2308883666992188,0.1920572817325592,0.19814758002758026,0.006090298295021057,0.02882516384124756,0.0,-0.02882516384124756,0.21460038423538208,0.19297587871551514,-0.021624505519866943,0.5860438346862793,0.5824567675590515,0.003587067127227783,0.13129542768001556,0.13129542768001556,138.2741323709488
crack0052_02.png,0.398827600479126,137.7210693359375,136.7388916015625,0.982177734375,122.96846008300781,123.36309814453125,-0.3946380615234375,0.2154000699520111,0.2060675472021103,-0.009332522749900818,0.0,0.0,0.0,0.0,0.0,0.0,0.5959208011627197,0.5878931283950806,0.00802767276763916,0.10013425350189209,0.1001342386007309,148.70275968313217
crack0052_03.png,7.43055305480957,148.2363739013672,142.46507263183594,5.77130126953125,149.1778106689453,146.3111572265625,2.8666534423828125,0.26254475116729736,0.26421356201171875,0.0016688108444213867,0.0,0.0,0.0,0.0,0.01869070529937744,0.01869070529937744,0.5978162288665771,0.58833909034729,0.00947713851928711,0.11207370460033417,0.11207370460033417,153.5106873512268
crack0052_04.png,1.9163868427276611,136.9495849609375,134.13377380371094,2.8158111572265625,138.1320343017578,135.13848876953125,2.9935455322265625,0.2698013484477997,0.2411840409040451,-0.028617307543754578,0.0,0.0,0.0,0.0,0.0,0.0,0.5951864719390869,0.5903729200363159,0.004813551902770996,0.10266714543104172,0.10266714543104172,144.878095805645
crack0052_05.png,0.20164904594421373,131.3182373046875,129.16624450683594,2.1519927978515625,123.11080932617188,125.98085021972656,-2.8700408935546875,0.20561373233795166,0.17932136356830597,-0.02629236876964569,0.07974809408187866,0.10724198818206787,0.02749389410018921,0.13060259819030762,0.15694499015808105,0.026342391967773438,0.588331401348114,0.5832987427711487,0.005032658576965332,0.11142157763242722,0.11142157763242722,143.01621514558792
crack0052_06.png,-2.449884366989136,135.28009033203125,135.8918914794922,-0.6118011474609375,120.32308959960938,124.95101165771484,-4.627922058105469,0.19674567878246307,0.19478124380111694,-0.0019644349813461304,0.0,0.0,0.0,0.1916748285293579,0.17350733280181885,-0.018167495727539062,0.5813917517662048,0.5771357417106628,0.004256010055541992,0.11059202998876572,0.11059200763702393,147.1547863483429
crack0052_07.png,-0.3164403915405274,131.817138671875,130.59425354003906,1.2228851318359375,122.89033508300781,123.1727294921875,-0.2823944091796875,0.22092358767986298,0.19958828389644623,-0.021335303783416748,0.0015429854393005371,0.0,-0.0015429854393005371,0.08623236417770386,0.08360153436660767,-0.0026308298110961914,0.5957362651824951,0.5871818661689758,0.008554399013519287,0.1146358922123909,0.1146358922123909,143.05984967947006
crack0052_08.png,3.333046245574951,140.83731079101562,138.49606323242188,2.34124755859375,124.50389099121094,126.46171569824219,-1.95782470703125,0.1764335036277771,0.21216273307800293,0.03572922945022583,0.03339046239852905,0.0,-0.03339046239852905,0.1851477026939392,0.137192964553833,-0.0479547381401062,0.5944867134094238,0.5881814956665039,0.006305217742919922,0.11571667343378067,0.11571666598320007,152.86014533042908
crack0052_09.png,5.203359079360962,131.74615478515625,125.99598693847656,5.7501678466796875,127.8451156616211,127.09876251220703,0.7463531494140625,0.20550507307052612,0.1919412761926651,-0.013563796877861023,0.0,0.0,0.0,0.10218822956085205,0.10079288482666016,-0.0013953447341918945,0.5891733765602112,0.5831795334815979,0.005993843078613281,0.12004446983337402,0.12004446983337402,140.92152935266495
crack0053_00.png,5.204647541046143,104.86870574951172,104.07646942138672,0.792236328125,126.02124786376953,125.10682678222656,0.9144210815429688,0.24667945504188538,0.2568401098251343,0.010160654783248901,0.14531391859054565,0.2255358099937439,0.08022189140319824,0.17600542306900024,0.2507765293121338,0.07477110624313354,0.5922952890396118,0.591672420501709,0.000622868537902832,0.1913907825946808,0.1913907825946808,113.36363184452057
crack0053_01.png,1.4057236671447755,83.6985092163086,85.04468536376953,-1.3461761474609375,114.57405853271484,113.91622924804688,0.6578292846679688,0.29659515619277954,0.29555222392082214,-0.0010429322719573975,0.0831446647644043,0.14405101537704468,0.06090635061264038,0.2163347601890564,0.256428062915802,0.040093302726745605,0.5937101244926453,0.5903114080429077,0.003398716449737549,0.13689425587654114,0.13689427077770233,90.38686883449554
crack0053_02.png,-0.35794973373413086,104.78499603271484,106.30470275878906,-1.5197067260742188,126.19525146484375,124.40280151367188,1.792449951171875,0.26100149750709534,0.2639496922492981,0.002948194742202759,0.37671059370040894,0.381183922290802,0.004473328590393066,0.36065369844436646,0.37051624059677124,0.009862542152404785,0.5877739191055298,0.5870242118835449,0.0007497072219848633,0.17864513397216797,0.17864513397216797,113.39571630954742
crack0053_03.png,14.607806253433228,166.9727020263672,156.1196746826172,10.85302734375,161.6669464111328,153.12115478515625,8.545791625976562,0.2579297721385956,0.24098257720470428,-0.016947194933891296,0.10036218166351318,0.14058047533035278,0.0402182936668396,0.10801124572753906,0.12073773145675659,0.01272648572921753,0.5892348885536194,0.5871472358703613,0.0020876526832580566,0.17171522974967957,0.17171522974967957,170.6566292643547
crack0053_04.png,-1.974096488952637,115.20219421386719,115.0368881225586,0.16530609130859375,121.8336181640625,120.80415344238281,1.0294647216796875,0.21167773008346558,0.20145142078399658,-0.010226309299468994,0.22151309251785278,0.17590230703353882,-0.045610785484313965,0.21206796169281006,0.1973913311958313,-0.01467663049697876,0.5880814790725708,0.5857977867126465,0.0022836923599243164,0.1452067792415619,0.1452067792415619,126.55571508407593
crack0053_05.png,10.5805739402771,168.64895629882812,165.61709594726562,3.0318603515625,152.89219665527344,147.51361083984375,5.3785858154296875,0.1574477255344391,0.17119911313056946,0.013751387596130371,0.17188072204589844,0.26875633001327515,0.09687560796737671,0.04547429084777832,0.09797042608261108,0.052496135234832764,0.5982160568237305,0.5876624584197998,0.010553598403930664,0.13138458132743835,0.13138458132743835,181.61480486392975
crack0053_06.png,-1.250659465789795,111.09912872314453,112.91183471679688,-1.8127059936523438,126.11125183105469,124.89928436279297,1.2119674682617188,0.26942333579063416,0.27463680505752563,0.0052134692668914795,0.2591663599014282,0.24910610914230347,-0.010060250759124756,0.19713133573532104,0.21225488185882568,0.015123546123504639,0.5863052606582642,0.5847404599189758,0.00156480073928833,0.15551286935806274,0.15551285445690155,119.29229199886322
crack0053_07.png,-1.9224434852600099,102.12213897705078,103.09254455566406,-0.9704055786132812,119.42202758789062,119.48735809326172,-0.06533050537109375,0.2868026793003082,0.2851419746875763,-0.0016607046127319336,0.3594285845756531,0.3393985629081726,-0.02003002166748047,0.2851927876472473,0.2904355525970459,0.005242764949798584,0.586266815662384,0.586063027381897,0.00020378828048706055,0.1654158979654312,0.1654158979654312,108.9494959115982
crack0053_08.png,-1.415572166442871,91.3214111328125,93.20245361328125,-1.88104248046875,118.51138305664062,117.43769836425781,1.0736846923828125,0.25740841031074524,0.2556326389312744,-0.0017757713794708252,0.33767926692962646,0.33962780237197876,0.001948535442352295,0.2913590669631958,0.3137736916542053,0.02241462469100952,0.5872818231582642,0.584778904914856,0.002502918243408203,0.1532180905342102,0.1532180905342102,100.41524696350098
crack0053_09.png,0.9325186252593994,94.6751708984375,95.15586853027344,-0.4806976318359375,115.21208190917969,113.88104248046875,1.3310394287109375,0.23448193073272705,0.2283867448568344,-0.006095185875892639,0.17120414972305298,0.2021196484565735,0.030915498733520508,0.22835898399353027,0.24704772233963013,0.018688738346099854,0.5954748392105103,0.5921799540519714,0.0032948851585388184,0.1429348587989807,0.1429348587989807,105.03130859136581
crack0054_00.png,2.850407028198242,94.8151626586914,94.31391143798828,0.501251220703125,104.87809753417969,103.98307800292969,0.89501953125,0.27328768372535706,0.28121790289878845,0.007930219173431396,0.39528095722198486,0.42150986194610596,0.026228904724121094,0.4200228452682495,0.4382981061935425,0.01827526092529297,0.5794002413749695,0.5717108845710754,0.007689356803894043,0.1471952199935913,0.1471952199935913,101.3432856798172
crack0054_01.png,-0.9298118591308594,101.44646453857422,101.13453674316406,0.31192779541015625,108.99658203125,108.43400573730469,0.5625762939453125,0.2897127568721771,0.2737603187561035,-0.01595243811607361,0.4044921398162842,0.40117335319519043,-0.00331878662109375,0.3968132734298706,0.3899040222167969,-0.0069092512130737305,0.5766628384590149,0.5781084299087524,-0.0014455914497375488,0.21398842334747314,0.21398842334747314,107.98921871185303
crack0054_02.png,1.4973275184631347,88.38301849365234,87.38233947753906,1.0006790161132812,103.80867004394531,103.43318176269531,0.37548828125,0.19628483057022095,0.20119205117225647,0.0049072206020355225,0.47604644298553467,0.4727479815483093,-0.003298461437225342,0.41977936029434204,0.4165423512458801,-0.003237009048461914,0.5783583521842957,0.576213002204895,0.0021453499794006348,0.17496246099472046,0.17496246099472046,99.23992323875427
crack0054_03.png,2.646968460083008,88.5990982055664,87.9102783203125,0.6888198852539062,98.62825012207031,98.04961395263672,0.5786361694335938,0.29360052943229675,0.30105021595954895,0.007449686527252197,0.3936156630516052,0.4183657765388489,0.024750113487243652,0.4242016673088074,0.454359233379364,0.03015756607055664,0.5768089294433594,0.5732910633087158,0.0035178661346435547,0.1450170874595642,0.1450170874595642,93.71101367473602
crack0054_04.png,1.832434844970703,101.27152252197266,100.0330581665039,1.23846435546875,102.99803924560547,102.32893371582031,0.6691055297851562,0.2056780755519867,0.205211341381073,-0.0004667341709136963,0.5142056941986084,0.5139240026473999,-0.0002816915512084961,0.45764875411987305,0.4550389051437378,-0.002609848976135254,0.5876470804214478,0.5782737135887146,0.009373366832733154,0.21593201160430908,0.21593201160430908,111.84549307823181
crack0054_05.png,0.6035654067993164,100.34281158447266,99.25445556640625,1.0883560180664062,107.6014404296875,106.90021514892578,0.7012252807617188,0.23166818916797638,0.22044847905635834,-0.011219710111618042,0.4662240147590637,0.4650292992591858,-0.0011947154998779297,0.4431923031806946,0.4481087923049927,0.004916489124298096,0.5935217142105103,0.5890195965766907,0.00450211763381958,0.2081020176410675,0.2081020176410675,110.31259340047836
crack0054_06.png,1.4147756099700928,91.08917236328125,90.58434295654297,0.5048294067382812,102.1034927368164,100.86604309082031,1.2374496459960938,0.1907394379377365,0.18560323119163513,-0.005136206746101379,0.3938136100769043,0.40717071294784546,0.013357102870941162,0.37886184453964233,0.40032440423965454,0.021462559700012207,0.5867666006088257,0.5794771313667297,0.007289469242095947,0.15128196775913239,0.15128196775913239,103.17122781276703
crack0054_07.png,0.23341088294982915,85.84872436523438,85.81954193115234,0.02918243408203125,99.179443359375,98.48628234863281,0.6931610107421875,0.25046461820602417,0.22838552296161652,-0.022079095244407654,0.3952696919441223,0.43466460704803467,0.039394915103912354,0.36675190925598145,0.38379448652267456,0.017042577266693115,0.5759669542312622,0.5730295777320862,0.0029373764991760254,0.13269445300102234,0.13269445300102234,95.16967993974686
crack0054_08.png,-0.05196609497070315,97.41582489013672,97.7913589477539,-0.3755340576171875,107.84159851074219,107.65957641601562,0.1820220947265625,0.30192798376083374,0.29548880457878113,-0.006439179182052612,0.46341168880462646,0.4802752733230591,0.016863584518432617,0.4229426980018616,0.4349549412727356,0.012012243270874023,0.5769780874252319,0.5746943354606628,0.002283751964569092,0.19405196607112885,0.19405195116996765,102.95338714122772
crack0054_09.png,-0.4330906867980957,95.05406951904297,94.55525207519531,0.49881744384765625,99.39776611328125,98.34010314941406,1.0576629638671875,0.22296299040317535,0.207606241106987,-0.015356749296188354,0.40262603759765625,0.3932253122329712,-0.009400725364685059,0.3650854825973511,0.3709925413131714,0.0059070587158203125,0.5775663256645203,0.5713264346122742,0.006239891052246094,0.16122114658355713,0.16122114658355713,105.45093935728073
crack0055_00.png,-1.5556058406829834,103.23515319824219,103.9822769165039,-0.7471237182617188,114.28868865966797,112.81690979003906,1.4717788696289062,0.23691914975643158,0.21544423699378967,-0.021474912762641907,0.0,0.0,0.0,0.0,0.029947757720947266,0.029947757720947266,0.5804921388626099,0.5724721550941467,0.008019983768463135,0.1481524407863617,0.1481524407863617,113.90174639225006
crack0055_01.png,-3.4271994590759274,96.03623962402344,98.96380615234375,-2.9275665283203125,115.0053939819336,114.57572937011719,0.42966461181640625,0.26950305700302124,0.23474422097206116,-0.03475883603096008,0.0,0.05017733573913574,0.05017733573913574,0.21671980619430542,0.2539769411087036,0.03725713491439819,0.5831218957901001,0.5805690288543701,0.0025528669357299805,0.15289011597633362,0.1528901606798172,106.74024546146393
crack0055_02.png,-0.6134296417236329,116.16199493408203,117.25040435791016,-1.088409423828125,103.42306518554688,102.80789184570312,0.61517333984375,0.2837044298648834,0.25183096528053284,-0.031873464584350586,0.03755331039428711,0.1077880859375,0.07023477554321289,0.24296438694000244,0.27953946590423584,0.0365750789642334,0.5752403140068054,0.5760053992271423,-0.0007650852203369141,0.13135972619056702,0.13135972619056702,124.63655769824982
crack0055_03.png,-1.5162785530090332,112.80433654785156,113.91497802734375,-1.1106414794921875,102.4376220703125,101.6480484008789,0.7895736694335938,0.2935989797115326,0.28318119049072266,-0.010417789220809937,0.0,0.0,0.0,0.07939624786376953,0.15974020957946777,0.08034396171569824,0.5756862759590149,0.5728873610496521,0.002798914909362793,0.14517280459403992,0.14517280459403992,119.39623689651489
crack0055_04.png,-0.23650331497192378,85.69595336914062,86.7491455078125,-1.053192138671875,114.94953918457031,113.58193969726562,1.3675994873046875,0.26148319244384766,0.26267769932746887,0.0011945068836212158,0.0,0.0,0.0,0.00856482982635498,0.09600561857223511,0.08744078874588013,0.5800269246101379,0.5756747126579285,0.004352211952209473,0.12368130683898926,0.12368130683898926,93.73463487625122
crack0055_05.png,-5.083648681640625,109.8952865600586,112.45594024658203,-2.5606536865234375,113.82115936279297,112.95701599121094,0.8641433715820312,0.20724168419837952,0.20501431822776794,-0.0022273659706115723,0.36052101850509644,0.29093343019485474,-0.0695875883102417,0.3686639070510864,0.36750221252441406,-0.0011616945266723633,0.5717531442642212,0.5694271326065063,0.0023260116577148438,0.11199603974819183,0.11199603974819183,121.74488008022308
crack0055_06.png,0.3161242961883546,119.663818359375,121.30644226074219,-1.6426239013671875,111.96676635742188,110.56510925292969,1.4016571044921875,0.12817120552062988,0.12120632827281952,-0.006964877247810364,0.16645675897598267,0.20894110202789307,0.0424843430519104,0.22976064682006836,0.25339651107788086,0.0236358642578125,0.5871434211730957,0.5807458758354187,0.006397545337677002,0.15917181968688965,0.15917181968688965,136.69848746061325
crack0055_07.png,-0.4459991455078125,94.9959945678711,95.17903900146484,-0.18304443359375,104.75048828125,104.40995025634766,0.34053802490234375,0.28012675046920776,0.27437204122543335,-0.005754709243774414,0.0,0.0,0.0,0.12507712841033936,0.14721357822418213,0.022136449813842773,0.5770203471183777,0.5754901766777039,0.0015301704406738281,0.12792518734931946,0.12792518734931946,101.70600819587708
crack0055_08.png,1.6668268203735352,85.39122772216797,86.36509704589844,-0.9738693237304688,108.50891876220703,107.39763641357422,1.1112823486328125,0.1859813630580902,0.17156252264976501,-0.014418840408325195,0.02421492338180542,0.10160189867019653,0.07738697528839111,0.2291143536567688,0.2660955786705017,0.03698122501373291,0.5772126317024231,0.5708573460578918,0.00635528564453125,0.13175874948501587,0.13175874948501587,98.67291629314423
crack0055_09.png,-0.3289977550506592,113.20093536376953,113.42211151123047,-0.2211761474609375,111.02360534667969,109.64533233642578,1.3782730102539062,0.215081587433815,0.20354562997817993,-0.01153595745563507,0.0,0.0,0.0,0.14290642738342285,0.12496113777160645,-0.017945289611816406,0.5886274576187134,0.5820338129997253,0.006593644618988037,0.19633886218070984,0.19633883237838745,124.64388394355774
crack0056_00.png,-2.3036407470703124,102.75466918945312,103.70012664794922,-0.9454574584960938,118.45152282714844,117.70584106445312,0.7456817626953125,0.39018306136131287,0.36834123730659485,-0.021841824054718018,0.0,0.0,0.0,0.10906827449798584,0.07990419864654541,-0.02916407585144043,0.5844060182571411,0.5821337699890137,0.0022722482681274414,0.09969661384820938,0.09969660639762878,104.50316441059113
crack0056_01.png,-1.341443157196045,112.65794372558594,114.74202728271484,-2.0840835571289062,121.343994140625,120.92756652832031,0.4164276123046875,0.42285609245300293,0.4282230734825134,0.005366981029510498,0.0,0.0,0.0,0.05834227800369263,0.09177380800247192,0.0334315299987793,0.5833179354667664,0.5796501636505127,0.003667771816253662,0.09474453330039978,0.09474453330039978,111.66133737564087
crack0056_02.png,-0.7197511672973633,84.1865005493164,85.68114471435547,-1.4946441650390625,115.11026763916016,115.932861328125,-0.8225936889648438,0.4214968979358673,0.43199923634529114,0.010502338409423828,0.0,0.0,0.0,0.0943765640258789,0.041036009788513184,-0.05334055423736572,0.5890734195709229,0.5824798345565796,0.006593585014343262,0.09475114941596985,0.09475114941596985,83.20694553852081
crack0056_03.png,-1.5762950897216799,87.4073257446289,89.9384765625,-2.5311508178710938,113.97969055175781,113.1426773071289,0.8370132446289062,0.4503610134124756,0.4560893476009369,0.005728334188461304,0.0,0.0,0.0,0.037452518939971924,0.013549387454986572,-0.02390313148498535,0.586259126663208,0.5822145342826843,0.004044592380523682,0.10096940398216248,0.10096940398216248,85.10160541534424
crack0056_04.png,1.79321231842041,110.45942687988281,109.04204559326172,1.4173812866210938,116.62667846679688,115.7309341430664,0.8957443237304688,0.40145155787467957,0.4002097249031067,-0.001241832971572876,0.0,0.0,0.0,0.04530072212219238,0.05061537027359009,0.005314648151397705,0.5908573865890503,0.5879353880882263,0.0029219985008239746,0.10556571930646896,0.10556571930646896,109.37244820594788
crack0056_05.png,0.47453107833862296,90.44840240478516,92.22473907470703,-1.776336669921875,111.90172576904297,110.4825668334961,1.419158935546875,0.4160440266132355,0.43199947476387024,0.015955448150634766,0.0,0.0,0.0,0.027951180934906006,0.07735687494277954,0.049405694007873535,0.592056930065155,0.5818877220153809,0.01016920804977417,0.0933544784784317,0.0933544784784317,90.05620634555817
crack0056_06.png,-0.648147964477539,93.63048553466797,94.94229125976562,-1.3118057250976562,114.21420288085938,113.16929626464844,1.0449066162109375,0.43266406655311584,0.4342377483844757,0.0015736818313598633,0.0,0.0,0.0,0.0,0.011983156204223633,0.011983156204223633,0.5889811515808105,0.5859861373901367,0.002995014190673828,0.09509885311126709,0.09509885311126709,91.88579046726227
crack0056_07.png,-3.6150561332702633,112.58468627929688,118.24247741699219,-5.6577911376953125,126.75062561035156,124.50856018066406,2.2420654296875,0.3586457669734955,0.36860015988349915,0.009954392910003662,0.0,0.0,0.0,0.027015864849090576,0.1484256386756897,0.12140977382659912,0.5887120366096497,0.5799731016159058,0.008738934993743896,0.09341248124837875,0.09341247379779816,117.44331729412079
crack0056_08.png,2.624532413482666,107.33829498291016,105.98416900634766,1.3541259765625,118.32736206054688,117.17314147949219,1.1542205810546875,0.3905073404312134,0.39919570088386536,0.008688360452651978,0.0,0.0,0.0,0.022160232067108154,0.011406242847442627,-0.010753989219665527,0.5928796529769897,0.5900384187698364,0.0028412342071533203,0.10211107134819031,0.10211107134819031,106.9459776878357
crack0056_09.png,-0.9691924095153808,96.32117462158203,98.89986419677734,-2.5786895751953125,121.4216537475586,122.01679992675781,-0.5951461791992188,0.4235735237598419,0.44434961676597595,0.020776093006134033,0.0,0.0,0.0,0.0,0.0,0.0,0.5825259685516357,0.5778892636299133,0.004636704921722412,0.09165389835834503,0.09165389835834503,95.4971467256546
crack0057_00.png,-0.5369133234024048,114.97606658935547,115.51356506347656,-0.5374984741210938,110.91653442382812,110.15316772460938,0.76336669921875,0.11215340346097946,0.11524401605129242,0.0030906125903129578,0.2420825958251953,0.22815930843353271,-0.013923287391662598,0.26581090688705444,0.26508843898773193,-0.0007224678993225098,0.5823068022727966,0.5821837782859802,0.00012302398681640625,0.16707733273506165,0.16707733273506165,131.8078837096691
crack0057_01.png,0.7815451145172119,123.33233642578125,123.44476318359375,-0.1124267578125,108.43325805664062,107.62022399902344,0.8130340576171875,0.1122494637966156,0.12006424367427826,0.007814779877662659,0.2867469787597656,0.28281038999557495,-0.003936588764190674,0.3061991333961487,0.3082786798477173,0.0020795464515686035,0.576213002204895,0.5736870169639587,0.0025259852409362793,0.15566369891166687,0.15566369891166687,139.70210206508636
crack0057_02.png,-1.4150394678115845,138.8021240234375,140.3990020751953,-1.5968780517578125,107.16181945800781,106.2344970703125,0.9273223876953125,0.0785331130027771,0.08178796619176865,0.0032548531889915466,0.3676164746284485,0.35652172565460205,-0.011094748973846436,0.4002624750137329,0.3958843946456909,-0.004378080368041992,0.5798039436340332,0.5799461603164673,-0.00014221668243408203,0.13833153247833252,0.13833150267601013,158.08642268180847
crack0057_03.png,0.42251224517822267,122.19818115234375,122.4172134399414,-0.21903228759765625,105.14628601074219,103.99366760253906,1.152618408203125,0.10534020513296127,0.10787125676870346,0.0025310516357421875,0.43621909618377686,0.4353119134902954,-0.0009071826934814453,0.416858971118927,0.42735642194747925,0.010497450828552246,0.5788619518280029,0.5785044431686401,0.00035750865936279297,0.1461758315563202,0.146175816655159,139.14176306128502
crack0057_04.png,-0.9141830444335937,120.04718780517578,120.6407699584961,-0.5935821533203125,101.24275207519531,100.86064910888672,0.38210296630859375,0.11028100550174713,0.10394762456417084,-0.006333380937576294,0.27952712774276733,0.2752021551132202,-0.004324972629547119,0.2792971134185791,0.31456172466278076,0.03526461124420166,0.5757785439491272,0.5706228613853455,0.005155682563781738,0.1261599212884903,0.1261599063873291,137.13826316595078
crack0057_05.png,1.3843201875686646,140.4475860595703,139.68556213378906,0.76202392578125,106.60305786132812,105.73922729492188,0.86383056640625,0.08562130481004715,0.09009392559528351,0.004472620785236359,0.2646467685699463,0.2560001015663147,-0.008646667003631592,0.313682496547699,0.3113659620285034,-0.0023165345191955566,0.5788350701332092,0.5722145438194275,0.006620526313781738,0.1532713770866394,0.1532713770866394,158.08269861340523
crack0057_06.png,1.7278704881668094,143.49050903320312,141.27439880371094,2.2161102294921875,117.2453842163086,115.27664184570312,1.9687423706054688,0.08977781981229782,0.11369562149047852,0.023917801678180695,0.2942390441894531,0.21138429641723633,-0.0828547477722168,0.2969561219215393,0.25781816244125366,-0.039137959480285645,0.58465975522995,0.5815340280532837,0.0031257271766662598,0.15897732973098755,0.15897732973098755,160.38217493891716
crack0057_07.png,-2.67004280090332,128.44691467285156,130.22349548339844,-1.776580810546875,115.42517852783203,115.13014221191406,0.29503631591796875,0.11322974413633347,0.1031593605875969,-0.010070383548736572,0.27335435152053833,0.26588600873947144,-0.0074683427810668945,0.28004878759384155,0.2990840673446655,0.019035279750823975,0.582918107509613,0.5805959105491638,0.0023221969604492188,0.13903434574604034,0.13903433084487915,146.4623677432537
crack0057_08.png,-0.5750888109207153,123.41017150878906,124.6627197265625,-1.2525482177734375,104.77151489257812,103.68284606933594,1.0886688232421875,0.08481322973966599,0.08449585735797882,-0.0003173723816871643,0.3594135046005249,0.36376434564590454,0.004350841045379639,0.3421210050582886,0.3820282220840454,0.039907217025756836,0.582114577293396,0.5797808766365051,0.002333700656890869,0.14151480793952942,0.14151477813720703,142.2512772679329
crack0057_09.png,1.4437040328979491,116.54454040527344,117.51102447509766,-0.9664840698242188,103.3955078125,102.51567077636719,0.8798370361328125,0.16077151894569397,0.16571441292762756,0.004942893981933594,0.2215721607208252,0.2593402862548828,0.03776812553405762,0.2995912432670593,0.3203939199447632,0.020802676677703857,0.5777854919433594,0.5739830732345581,0.0038024187088012695,0.1412540078163147,0.1412540078163147,130.49291098117828
crack0058_00.png,3.4194847106933595,125.86683654785156,124.9719009399414,0.8949356079101562,115.94590759277344,113.60301208496094,2.3428955078125,0.3767112195491791,0.3918861448764801,0.015174925327301025,0.0,0.0,0.0,0.2511250376701355,0.28485143184661865,0.033726394176483154,0.5927758812904358,0.5834409594535828,0.009334921836853027,0.08855094760656357,0.08855094760656357,126.52773082256317
crack0058_01.png,-0.01355152130126952,170.22113037109375,170.8897705078125,-0.66864013671875,120.84989166259766,119.81793212890625,1.0319595336914062,0.30279213190078735,0.3029778003692627,0.0001856684684753418,0.0,0.0,0.0,0.20527827739715576,0.22597241401672363,0.02069413661956787,0.5846443772315979,0.5789580941200256,0.005686283111572266,0.08720401674509048,0.08720401674509048,175.7736976146698
crack0058_02.png,-0.18375778198242188,142.2324981689453,143.33616638183594,-1.103668212890625,123.88429260253906,122.17240905761719,1.711883544921875,0.35040509700775146,0.35116273164749146,0.0007576346397399902,0.0,0.0,0.0,0.20893573760986328,0.22381705045700073,0.014881312847137451,0.586078405380249,0.5817147493362427,0.004363656044006348,0.0918157696723938,0.0918157696723938,145.2031626701355
crack0058_03.png,0.07434387207031257,153.5420684814453,153.65716552734375,-0.1150970458984375,121.07136535644531,119.43656921386719,1.634796142578125,0.3284941017627716,0.3218846023082733,-0.006609499454498291,0.0,0.0,0.0,0.20686125755310059,0.22091585397720337,0.014054596424102783,0.5831333994865417,0.5815263390541077,0.001607060432434082,0.09643399715423584,0.09643399715423584,157.6118768453598
crack0058_04.png,-1.3157919883728026,161.9950408935547,161.88697814941406,0.108062744140625,124.22782897949219,122.4273452758789,1.8004837036132812,0.336577445268631,0.30798330903053284,-0.028594136238098145,0.0,0.0,0.0,0.23866015672683716,0.207430899143219,-0.031229257583618164,0.5900230407714844,0.5864359736442566,0.003587067127227783,0.09183710068464279,0.09183710068464279,167.06293261051178
crack0058_05.png,-0.349455451965332,122.67334747314453,124.24407958984375,-1.5707321166992188,112.69873809814453,110.30328369140625,2.3954544067382812,0.29386624693870544,0.3109471797943115,0.01708093285560608,0.02812659740447998,0.0,-0.02812659740447998,0.3349528908729553,0.3352438807487488,0.00029098987579345703,0.5895425081253052,0.589000403881073,0.0005421042442321777,0.08741968870162964,0.08741968870162964,129.40843904018402
crack0058_06.png,1.8963458061218263,169.99778747558594,168.95411682128906,1.043670654296875,122.92132568359375,121.59117126464844,1.3301544189453125,0.3496231436729431,0.3517930805683136,0.0021699368953704834,0.0,0.0,0.0,0.29165661334991455,0.29396140575408936,0.0023047924041748047,0.5866205096244812,0.5829450488090515,0.0036754608154296875,0.09589288383722305,0.09589288383722305,171.96338391304016
crack0058_07.png,-0.9099678993225098,166.6573944091797,167.8770294189453,-1.219635009765625,122.60871124267578,120.97308349609375,1.6356277465820312,0.30661189556121826,0.3027467429637909,-0.003865152597427368,0.0,0.0,0.0,0.27743977308273315,0.284848153591156,0.0074083805084228516,0.5834832787513733,0.584367573261261,-0.0008842945098876953,0.09714149683713913,0.09714148938655853,172.4771102666855
crack0058_08.png,0.7759124755859376,158.88348388671875,159.1536102294922,-0.2701263427734375,119.57476806640625,118.19830322265625,1.37646484375,0.3285626471042633,0.3351210355758667,0.0065583884716033936,0.0,0.0,0.0,0.2611883282661438,0.2633959650993347,0.002207636833190918,0.5824029445648193,0.5831333994865417,-0.0007304549217224121,0.09420793503522873,0.09420793503522873,162.63012421131134
crack0058_09.png,0.07590751647949223,155.1826934814453,155.4611358642578,-0.2784423828125,118.88414001464844,118.13414001464844,0.75,0.28892579674720764,0.2889765501022339,5.075335502624512e-05,0.0,0.0,0.0,0.31707102060317993,0.3289126753807068,0.011841654777526855,0.586755096912384,0.5854978561401367,0.0012572407722473145,0.09076611697673798,0.09076611697673798,161.45657074451447
crack0059_00.png,0.5885613441467286,101.6462631225586,101.48886108398438,0.15740203857421875,105.97589874267578,104.70164489746094,1.2742538452148438,0.30932188034057617,0.30474036931991577,-0.0045815110206604,0.3891500234603882,0.3928854465484619,0.0037354230880737305,0.3297816514968872,0.3354130983352661,0.005631446838378906,0.5765743851661682,0.5731103420257568,0.003464043140411377,0.1704489290714264,0.1704489290714264,106.34611535072327
crack0059_01.png,3.065521240234375,106.30621337890625,104.86185455322266,1.4443588256835938,106.92546844482422,105.62267303466797,1.30279541015625,0.3688696622848511,0.38084083795547485,0.01197117567062378,0.17618632316589355,0.17820721864700317,0.002020895481109619,0.20828354358673096,0.2239890694618225,0.015705525875091553,0.5763782858848572,0.5748404264450073,0.0015378594398498535,0.16093288362026215,0.16093288362026215,106.50698566436768
crack0059_02.png,2.118367624282837,94.91873931884766,94.50885772705078,0.409881591796875,110.39912414550781,108.92538452148438,1.4737396240234375,0.24344287812709808,0.25212109088897705,0.008678212761878967,0.2907852530479431,0.29512906074523926,0.004343807697296143,0.3496079444885254,0.35913926362991333,0.00953131914138794,0.5801883935928345,0.5739138722419739,0.006274521350860596,0.1872509866952896,0.1872510015964508,103.31476157903671
crack0059_03.png,2.373625373840332,101.77505493164062,100.84697723388672,0.9280776977539062,113.64823913574219,112.28343200683594,1.36480712890625,0.2300187349319458,0.22882825136184692,-0.001190483570098877,0.32420945167541504,0.34505563974380493,0.020846188068389893,0.3080364465713501,0.35376816987991333,0.04573172330856323,0.5840100049972534,0.5799846053123474,0.004025399684906006,0.1497000753879547,0.1497000753879547,110.941721200943
crack0059_04.png,-1.7608872413635255,109.5118637084961,111.26948547363281,-1.7576217651367188,110.07455444335938,109.36092376708984,0.7136306762695312,0.2443642020225525,0.24147790670394897,-0.0028862953186035156,0.27213799953460693,0.26569074392318726,-0.006447255611419678,0.3595079183578491,0.3624580502510071,0.002950131893157959,0.5866166949272156,0.5816147923469543,0.0050019025802612305,0.17058447003364563,0.17058447003364563,119.36666798591614
crack0059_05.png,0.1831101417541503,102.23538208007812,102.60665130615234,-0.37126922607421875,113.37109375,112.02944946289062,1.341644287109375,0.25639986991882324,0.26686543226242065,0.010465562343597412,0.18606287240982056,0.16191470623016357,-0.024148166179656982,0.25885552167892456,0.22851252555847168,-0.03034299612045288,0.5744059681892395,0.5707458853721619,0.0036600828170776367,0.13764458894729614,0.13764458894729614,110.01326322555542
crack0059_06.png,-2.618089962005615,97.22209930419922,99.2812271118164,-2.0591278076171875,110.87661743164062,109.75623321533203,1.1203842163085938,0.28621038794517517,0.2896038293838501,0.0033934414386749268,0.341574490070343,0.3078950047492981,-0.03367948532104492,0.34072840213775635,0.31913143396377563,-0.021596968173980713,0.5761476159095764,0.574432909488678,0.0017147064208984375,0.18063582479953766,0.18063582479953766,104.12494456768036
crack0059_07.png,2.936593532562256,103.74403381347656,103.53522491455078,0.20880889892578125,117.75067138671875,116.64185333251953,1.1088180541992188,0.27365702390670776,0.28263816237449646,0.008981138467788696,0.1378929615020752,0.17357689142227173,0.03568392992019653,0.25401151180267334,0.2899848222732544,0.035973310470581055,0.5827720165252686,0.5793117880821228,0.003460228443145752,0.15005925297737122,0.15005925297737122,110.53108859062195
crack0059_08.png,3.56874475479126,109.34069061279297,109.0284652709961,0.312225341796875,117.50703430175781,115.77662658691406,1.73040771484375,0.22979459166526794,0.2581040561199188,0.02830946445465088,0.2950451970100403,0.2982599139213562,0.003214716911315918,0.3671070337295532,0.375938355922699,0.008831322193145752,0.5861245393753052,0.5818492770195007,0.004275262355804443,0.13844357430934906,0.13844358921051025,118.84188401699066
crack0059_09.png,-0.40983982086181636,101.41465759277344,102.63377380371094,-1.2191162109375,116.24772644042969,115.10977172851562,1.1379547119140625,0.2666618824005127,0.26280245184898376,-0.0038594305515289307,0.21015357971191406,0.2232915163040161,0.01313793659210205,0.29383236169815063,0.3025939464569092,0.008761584758758545,0.5824913382530212,0.579058051109314,0.0034332871437072754,0.14365914463996887,0.14365914463996887,109.55572211742401
crack0060_00.png,-0.3162824630737304,118.99940490722656,118.47759246826172,0.5218124389648438,112.66109466552734,111.11988830566406,1.5412063598632812,0.3080080449581146,0.2943257987499237,-0.013682246208190918,0.0939754843711853,0.07723236083984375,-0.016743123531341553,0.19865185022354126,0.18458330631256104,-0.014068543910980225,0.59502112865448,0.5872779488563538,0.007743179798126221,0.1227245032787323,0.12272448092699051,124.87979590892792
crack0060_01.png,2.0298828125,106.55866241455078,105.33587646484375,1.2227859497070312,107.27676391601562,107.0844497680664,0.19231414794921875,0.24095997214317322,0.2512081265449524,0.010248154401779175,0.19736921787261963,0.1888219118118286,-0.008547306060791016,0.19948136806488037,0.1810852289199829,-0.01839613914489746,0.5879123210906982,0.5816070437431335,0.006305277347564697,0.12343297898769379,0.12343297898769379,115.0061639547348
crack0060_02.png,3.9028064727783205,115.19696807861328,112.7132797241211,2.4836883544921875,109.09307861328125,107.72760009765625,1.365478515625,0.1848398596048355,0.19405357539653778,0.00921371579170227,0.23302525281906128,0.22774356603622437,-0.005281686782836914,0.29157644510269165,0.28543412685394287,-0.006142318248748779,0.595517098903656,0.5868396759033203,0.008677423000335693,0.10654997080564499,0.10654997825622559,126.6854162812233
crack0060_03.png,3.1840734481811523,115.82071685791016,114.12837982177734,1.6923370361328125,111.90184020996094,110.17973327636719,1.72210693359375,0.2588958740234375,0.2663611173629761,0.007465243339538574,0.17492443323135376,0.1767522096633911,0.0018277764320373535,0.2054024338722229,0.2031908631324768,-0.0022115707397460938,0.5904190540313721,0.5871049761772156,0.003314077854156494,0.13557150959968567,0.13557150959968567,123.05755805969238
crack0060_04.png,2.6974791049957276,112.47868347167969,111.06189727783203,1.4167861938476562,111.63318634033203,110.95269775390625,0.6804885864257812,0.2179960310459137,0.22719432413578033,0.009198293089866638,0.056067705154418945,0.0562669038772583,0.00019919872283935547,0.0,0.0,0.0,0.5851749181747437,0.5785582661628723,0.006616652011871338,0.1090487539768219,0.1090487539768219,122.09752523899078
crack0060_05.png,3.037570095062256,115.83879852294922,113.06812286376953,2.7706756591796875,105.79624938964844,104.66986083984375,1.1263885498046875,0.28852716088294983,0.27487775683403015,-0.013649404048919678,0.0494350790977478,0.06326884031295776,0.013833761215209961,0.1768752932548523,0.1777293086051941,0.0008540153503417969,0.5923990607261658,0.583525538444519,0.008873522281646729,0.12135475128889084,0.12135475128889084,121.6567577123642
crack0060_06.png,2.011729335784912,118.25862121582031,117.41521453857422,0.8434066772460938,112.26177978515625,112.41804504394531,-0.1562652587890625,0.26825979351997375,0.2708803713321686,0.0026205778121948242,0.16196995973587036,0.18571943044662476,0.023749470710754395,0.245566725730896,0.25201207399368286,0.006445348262786865,0.5833371877670288,0.5815570950508118,0.001780092716217041,0.13528254628181458,0.13528254628181458,125.07481777667999
crack0060_07.png,1.3117499351501465,110.53426361083984,110.93016052246094,-0.39589691162109375,110.33135986328125,109.80817413330078,0.5231857299804688,0.2554815411567688,0.27021148800849915,0.014729946851730347,0.16991478204727173,0.16999799013137817,8.320808410644531e-05,0.15708744525909424,0.1649044156074524,0.007816970348358154,0.5871664881706238,0.5792502760887146,0.00791621208190918,0.12170270830392838,0.12170270830392838,118.88997912406921
crack0060_08.png,2.0793391704559325,109.27603149414062,107.36529541015625,1.910736083984375,107.12003326416016,106.73385620117188,0.38617706298828125,0.25845134258270264,0.24110494554042816,-0.017346397042274475,0.2618621587753296,0.289641797542572,0.02777963876724243,0.28885239362716675,0.3189053535461426,0.03005295991897583,0.5907920002937317,0.583525538444519,0.0072664618492126465,0.13358506560325623,0.13358505070209503,117.48604673147202
crack0060_09.png,3.380493640899658,113.3550796508789,111.48590087890625,1.8691787719726562,106.38688659667969,105.37538146972656,1.011505126953125,0.22658289968967438,0.24191482365131378,0.015331923961639404,0.18932747840881348,0.183144211769104,-0.006183266639709473,0.19805514812469482,0.18850713968276978,-0.009548008441925049,0.5819146633148193,0.5787274241447449,0.003187239170074463,0.11264131218194962,0.11264131218194962,122.10210281610489
crack0061_00.png,2.2544883251190186,98.40061950683594,97.9525146484375,0.4481048583984375,110.768798828125,110.40477752685547,0.36402130126953125,0.1890595704317093,0.20218247175216675,0.013122901320457458,0.43968796730041504,0.4499480724334717,0.01026010513305664,0.3755982518196106,0.38412630558013916,0.008528053760528564,0.58833909034729,0.5833256244659424,0.005013465881347656,0.1689995974302292,0.1689995974302292,110.36655646562576
crack0061_01.png,0.9466944217681883,101.2857666015625,100.4758529663086,0.8099136352539062,112.94808959960938,111.46353149414062,1.48455810546875,0.23742561042308807,0.24631628394126892,0.008890673518180847,0.20050734281539917,0.16860097646713257,-0.0319063663482666,0.23320502042770386,0.24233120679855347,0.00912618637084961,0.5825297832489014,0.5798308253288269,0.002698957920074463,0.11145859956741333,0.11145861446857452,109.93646448850632
crack0061_02.png,-2.409922885894775,89.42062377929688,90.1856689453125,-0.765045166015625,109.93646240234375,108.1778793334961,1.7585830688476562,0.26818156242370605,0.235540509223938,-0.032641053199768066,0.3689504861831665,0.36990004777908325,0.000949561595916748,0.3545458912849426,0.35324615240097046,-0.001299738883972168,0.5867935419082642,0.5811687707901001,0.0056247711181640625,0.1438511610031128,0.1438511461019516,99.14245748519897
crack0061_03.png,2.0516348361968992,86.30435180664062,84.94769287109375,1.356658935546875,109.44888305664062,107.81631469726562,1.632568359375,0.18277668952941895,0.19684912264347076,0.014072433114051819,0.2185322642326355,0.1863880753517151,-0.03214418888092041,0.2537357807159424,0.23669081926345825,-0.01704496145248413,0.5862360596656799,0.5811880230903625,0.005048036575317383,0.12008385360240936,0.12008385360240936,98.10886335372925
crack0061_04.png,0.8586424350738526,97.89615631103516,97.22262573242188,0.6735305786132812,119.66165161132812,117.36277770996094,2.2988739013671875,0.22045473754405975,0.20654883980751038,-0.013905897736549377,0.3340316414833069,0.3399377465248108,0.005906105041503906,0.3317270874977112,0.3415600657463074,0.009832978248596191,0.5920030474662781,0.5884582996368408,0.003544747829437256,0.16175615787506104,0.16175615787506104,108.84658253192902
crack0061_05.png,0.5762407302856445,74.93072509765625,74.90696716308594,0.0237579345703125,105.20143127441406,104.21200561523438,0.9894256591796875,0.16970913112163544,0.16312138736248016,-0.0065877437591552734,0.4264082908630371,0.4425404667854309,0.0161321759223938,0.30541664361953735,0.30876386165618896,0.0033472180366516113,0.5782045125961304,0.5772433876991272,0.0009611248970031738,0.1358231008052826,0.1358231008052826,88.2597433924675
crack0061_06.png,-1.9288476943969726,87.36441802978516,88.57856750488281,-1.2141494750976562,106.626220703125,105.93669128417969,0.6895294189453125,0.25318557024002075,0.22949767112731934,-0.023687899112701416,0.44413840770721436,0.46083444356918335,0.016696035861968994,0.31424880027770996,0.3291926980018616,0.014943897724151611,0.5875086784362793,0.5815916657447815,0.005917012691497803,0.15266145765781403,0.15266145765781403,97.701979637146
crack0061_07.png,2.326088809967041,95.97137451171875,95.45452880859375,0.516845703125,113.34759521484375,112.870361328125,0.47723388671875,0.26921650767326355,0.2843453586101532,0.015128850936889648,0.34511691331863403,0.35174238681793213,0.006625473499298096,0.32618385553359985,0.3383188247680664,0.012134969234466553,0.5890887975692749,0.5855132341384888,0.003575563430786133,0.1882626861333847,0.1882626861333847,103.12351310253143
crack0061_08.png,-0.5538434982299805,110.4972915649414,110.92375183105469,-0.42646026611328125,112.50440979003906,111.52140045166016,0.9830093383789062,0.16870903968811035,0.17632445693016052,0.007615417242050171,0.4247356057167053,0.3890737295150757,-0.03566187620162964,0.394018292427063,0.37684351205825806,-0.01717478036880493,0.5897385478019714,0.5823221802711487,0.007416367530822754,0.12944373488426208,0.1294437199831009,124.17752122879028
crack0061_09.png,-0.1430245161056518,89.28362274169922,89.1277847290039,0.1558380126953125,104.84514617919922,104.17987060546875,0.6652755737304688,0.1365986317396164,0.12152951210737228,-0.01506911963224411,0.3812910318374634,0.39558637142181396,0.014295339584350586,0.3442692756652832,0.35230106115341187,0.008031785488128662,0.5820453763008118,0.5803267955780029,0.0017185807228088379,0.14931327104568481,0.14931327104568481,105.1957480609417
crack0062_00.png,-1.297065830230713,108.56049346923828,109.6515121459961,-1.0910186767578125,106.6546859741211,106.24821472167969,0.40647125244140625,0.33407777547836304,0.32442960143089294,-0.009648174047470093,0.5330986976623535,0.5419257879257202,0.0088270902633667,0.48824501037597656,0.5095021724700928,0.02125716209411621,0.5814648270606995,0.5802114605903625,0.001253366470336914,0.13484975695610046,0.13484975695610046,112.89881980419159
crack0062_01.png,0.37472839355468757,109.35391998291016,110.46805572509766,-1.1141357421875,109.50039672851562,108.2223129272461,1.2780838012695312,0.36824530363082886,0.37719300389289856,0.008947700262069702,0.4876593351364136,0.4950428009033203,0.007383465766906738,0.4644331932067871,0.47709912061691284,0.012665927410125732,0.5831142067909241,0.5839523077011108,-0.0008381009101867676,0.15323269367218018,0.1532326638698578,111.17436194419861
crack0062_02.png,0.30083332061767587,114.3155517578125,116.4728775024414,-2.1573257446289062,112.0691909790039,110.77323913574219,1.2959518432617188,0.3738248944282532,0.3909914493560791,0.017166554927825928,0.5458343029022217,0.556585431098938,0.010751128196716309,0.478204607963562,0.48862725496292114,0.01042264699935913,0.5817723870277405,0.5783621668815613,0.0034102201461791992,0.1309087574481964,0.1309087574481964,116.23561644554138
crack0062_03.png,1.5605175018310549,107.80491638183594,107.82168579101562,-0.0167694091796875,110.41312408447266,109.12786865234375,1.2852554321289062,0.3115796744823456,0.3183738589286804,0.006794184446334839,0.4515427350997925,0.4607277512550354,0.00918501615524292,0.416238009929657,0.4241492748260498,0.007911264896392822,0.5814648270606995,0.5776585936546326,0.0038062334060668945,0.15827657282352448,0.15827657282352448,112.37711369991302
crack0062_04.png,0.11973772048950204,115.2475357055664,116.00930786132812,-0.7617721557617188,113.84333038330078,112.64671325683594,1.1966171264648438,0.43282952904701233,0.42344608902931213,-0.009383440017700195,0.4661070704460144,0.48699092864990234,0.02088385820388794,0.44846951961517334,0.4629857540130615,0.014516234397888184,0.5963590741157532,0.5884044766426086,0.007954597473144531,0.17064610123634338,0.17064610123634338,114.07601940631866
crack0062_05.png,2.0638668060302736,113.01615142822266,113.85448455810547,-0.8383331298828125,112.46085357666016,110.54552459716797,1.9153289794921875,0.20953921973705292,0.22983764111995697,0.020298421382904053,0.4910387396812439,0.5040858387947083,0.013047099113464355,0.4310433268547058,0.4587964415550232,0.027753114700317383,0.5799615383148193,0.5802037715911865,-0.0002422332763671875,0.12238278239965439,0.12238278985023499,124.07111567258835
crack0062_06.png,0.08471860885620108,107.1843032836914,108.53681182861328,-1.352508544921875,111.07626342773438,110.42057800292969,0.6556854248046875,0.3024709224700928,0.31384384632110596,0.011372923851013184,0.5036224126815796,0.5037413835525513,0.00011897087097167969,0.48653674125671387,0.4890677332878113,0.002530992031097412,0.5922529697418213,0.5857439637184143,0.006509006023406982,0.14846667647361755,0.14846667647361755,113.40242099761963
crack0062_07.png,-1.3426387786865233,114.66461944580078,115.281005859375,-0.6163864135742188,117.5380859375,116.01521301269531,1.5228729248046875,0.3183879256248474,0.30013710260391235,-0.01825082302093506,0.49107927083969116,0.49028199911117554,-0.000797271728515625,0.4896296262741089,0.49375206232070923,0.004122436046600342,0.582129955291748,0.5782160758972168,0.00391387939453125,0.17164647579193115,0.17164647579193115,120.24978470802307
crack0062_08.png,-0.7413590431213379,106.3035659790039,107.2367935180664,-0.9332275390625,111.26532745361328,110.26480102539062,1.0005264282226562,0.33238935470581055,0.32126566767692566,-0.011123687028884888,0.47193223237991333,0.4876254200935364,0.015693187713623047,0.4393423795700073,0.45772433280944824,0.018381953239440918,0.5843021869659424,0.5829565525054932,0.0013456344604492188,0.17673081159591675,0.17673081159591675,110.86632716655731
crack0062_09.png,-0.8738418579101562,113.76707458496094,113.37483215332031,0.392242431640625,114.98757934570312,113.66966247558594,1.3179168701171875,0.3578490614891052,0.3340432047843933,-0.023805856704711914,0.4700695872306824,0.47338443994522095,0.0033148527145385742,0.4517650008201599,0.46137529611587524,0.009610295295715332,0.5809688568115234,0.5815032720565796,-0.0005344152450561523,0.17180417478084564,0.17180415987968445,116.78849196434021
crack0063_00.png,2.391587162017822,112.55789947509766,110.7591552734375,1.7987442016601562,109.42350769042969,108.04364013671875,1.3798675537109375,0.3081180155277252,0.30031582713127136,-0.007802188396453857,0.305942177772522,0.3174055218696594,0.011463344097137451,0.25702863931655884,0.277324378490448,0.02029573917388916,0.5943675637245178,0.5892041325569153,0.005163431167602539,0.15597298741340637,0.15597298741340637,117.41428029537201
crack0063_01.png,1.4909597396850587,100.32164764404297,97.99567413330078,2.3259735107421875,111.57237243652344,110.92671203613281,0.645660400390625,0.2639576196670532,0.25025975704193115,-0.01369786262512207,0.3329354524612427,0.33033865690231323,-0.0025967955589294434,0.20784783363342285,0.24153536558151245,0.0336875319480896,0.5901384353637695,0.5874778628349304,0.0026605725288391113,0.1891382336616516,0.1891382336616516,107.74861288070679
crack0063_02.png,4.186762762069702,111.70650482177734,109.99942779541016,1.7070770263671875,113.31294250488281,112.45130920410156,0.86163330078125,0.20739291608333588,0.22951647639274597,0.022123560309410095,0.27798372507095337,0.2890462875366211,0.011062562465667725,0.26102209091186523,0.2637898921966553,0.002767801284790039,0.5823375582695007,0.5842714309692383,-0.0019338726997375488,0.1389225423336029,0.1389225423336029,121.78024858236313
crack0063_03.png,0.9720102310180664,123.04313659667969,123.00093841552734,0.04219818115234375,111.12903594970703,111.48820495605469,-0.35916900634765625,0.2936965227127075,0.29572921991348267,0.0020326972007751465,0.09101128578186035,0.11231034994125366,0.02129906415939331,0.010996460914611816,0.06311619281768799,0.05211973190307617,0.588023841381073,0.586551308631897,0.0014725327491760254,0.14864420890808105,0.14864419400691986,128.92119979858398
crack0063_04.png,1.9340909957885741,109.80966186523438,108.06246948242188,1.7471923828125,105.90855407714844,105.0215835571289,0.8869705200195312,0.24742023646831512,0.2433287352323532,-0.004091501235961914,0.2471110224723816,0.25063544511795044,0.0035244226455688477,0.1726183295249939,0.1610884666442871,-0.011529862880706787,0.5869242548942566,0.5864629149436951,0.00046133995056152344,0.14880096912384033,0.14880099892616272,117.8133117556572
crack0063_05.png,13.16772165298462,228.1826934814453,218.02565002441406,10.15704345703125,193.4544677734375,188.88421630859375,4.57025146484375,0.11225412786006927,0.1276688128709793,0.015414685010910034,0.0,0.0,0.0,0.0,0.003101050853729248,0.003101050853729248,0.5925528407096863,0.5938177704811096,-0.0012649297714233398,0.16991664469242096,0.16991661489009857,240.12163490056992
crack0063_06.png,3.738582897186279,110.27520751953125,108.53484344482422,1.7403640747070312,111.18101501464844,110.26225280761719,0.91876220703125,0.2837638258934021,0.2978048026561737,0.014040976762771606,0.27841466665267944,0.2933458685874939,0.014931201934814453,0.3027772307395935,0.3064992427825928,0.0037220120429992676,0.5864897966384888,0.5887351036071777,-0.002245306968688965,0.18904849886894226,0.18904849886894226,115.92860007286072
crack0063_07.png,12.705848217010498,155.19435119628906,147.53155517578125,7.6627960205078125,143.87677001953125,137.11270141601562,6.764068603515625,0.31324413418769836,0.3420928418636322,0.028848707675933838,0.0,0.0,0.0,0.0,0.03345257043838501,0.03345257043838501,0.5938100814819336,0.5930718779563904,0.0007382035255432129,0.18813607096672058,0.18813607096672058,156.3207083940506
crack0063_08.png,4.91685848236084,117.95686340332031,113.44891357421875,4.5079498291015625,113.14854431152344,110.06417846679688,3.0843658447265625,0.29144617915153503,0.2705099284648895,-0.020936250686645508,0.2434396743774414,0.25513333082199097,0.01169365644454956,0.14392191171646118,0.1453191041946411,0.0013971924781799316,0.5998923778533936,0.5903344750404358,0.009557902812957764,0.13706496357917786,0.13706496357917786,123.4679878950119
crack0063_09.png,2.90382661819458,114.47750091552734,112.64278411865234,1.834716796875,108.74777221679688,108.13782501220703,0.6099472045898438,0.1861603558063507,0.20616352558135986,0.020003169775009155,0.31533122062683105,0.2923545241355896,-0.022976696491241455,0.2653670310974121,0.2523813247680664,-0.012985706329345703,0.5890772938728333,0.585478663444519,0.003598630428314209,0.1393287479877472,0.1393287479877472,125.95361292362213
crack0064_00.png,2.862385368347168,109.70594024658203,106.12225341796875,3.5836868286132812,106.33935546875,105.63605499267578,0.7033004760742188,0.30227240920066833,0.29014912247657776,-0.012123286724090576,0.0,0.0,0.0,0.0,0.0,0.0,0.5802690982818604,0.5810880661010742,-0.0008189678192138672,0.1057000607252121,0.1057000607252121,113.7486721277237
crack0064_01.png,3.0106359481811524,117.43340301513672,114.61884307861328,2.8145599365234375,103.2242431640625,103.36055755615234,-0.13631439208984375,0.21402347087860107,0.21527594327926636,0.0012524724006652832,0.0,0.0,0.0,0.0,0.02570629119873047,0.02570629119873047,0.5792579650878906,0.5754978656768799,0.003760099411010742,0.13111965358257294,0.13111965358257294,126.35503339767456
crack0064_02.png,2.603708028793335,84.28119659423828,82.35885620117188,1.9223403930664062,102.96170043945312,102.16778564453125,0.793914794921875,0.24361325800418854,0.24683627486228943,0.003223016858100891,0.0,0.0,0.0,0.0,0.0,0.0,0.5838100910186768,0.5811610817909241,0.0026490092277526855,0.13528594374656677,0.13528594374656677,92.05563455820084
crack0064_03.png,3.6209263801574707,100.2514877319336,98.10957336425781,2.1419143676757812,107.72459411621094,107.57585906982422,0.14873504638671875,0.22532905638217926,0.24263282120227814,0.017303764820098877,0.0,0.0,0.0,0.0,0.0,0.0,0.5853363871574402,0.5844559669494629,0.0008804202079772949,0.12938076257705688,0.12938076257705688,109.07424265146255
crack0064_04.png,-0.18777999877929696,108.56539154052734,106.97404479980469,1.5913467407226562,108.20767211914062,108.3238525390625,-0.116180419921875,0.23590977489948273,0.20999746024608612,-0.025912314653396606,0.0,0.0,0.0,0.0,0.0,0.0,0.5923875570297241,0.583879292011261,0.008508265018463135,0.11533595621585846,0.11533595621585846,118.86537283658981
crack0064_05.png,3.67482590675354,103.71949768066406,101.22283935546875,2.4966583251953125,104.16436004638672,103.49861907958984,0.665740966796875,0.23606546223163605,0.24199864268302917,0.0059331804513931274,0.0,0.0,0.0,0.0,0.0,0.0,0.5893771648406982,0.5784467458724976,0.010930418968200684,0.1114705502986908,0.1114705502986908,111.88232737779617
crack0064_06.png,3.1550907135009765,128.0899658203125,125.40489196777344,2.6850738525390625,104.16488647460938,104.27294158935547,-0.10805511474609375,0.2881275415420532,0.2912481427192688,0.003120601177215576,0.0,0.0,0.0,0.0,0.0,0.0,0.5927950739860535,0.5862053036689758,0.006589770317077637,0.11630871891975403,0.11630871891975403,133.1715793609619
crack0064_07.png,0.7125248432159423,92.0193099975586,90.78780364990234,1.23150634765625,107.25788879394531,106.58004760742188,0.6778411865234375,0.20637626945972443,0.19432562589645386,-0.012050643563270569,0.0,0.0,0.0,0.0,0.0,0.0,0.5853633284568787,0.5810149908065796,0.004348337650299072,0.10692232847213745,0.10692232847213745,103.15855240821838
crack0064_08.png,2.9422844886779784,105.65678405761719,102.4040756225586,3.2527084350585938,102.35508728027344,102.0396728515625,0.3154144287109375,0.2314385324716568,0.22312842309474945,-0.008310109376907349,0.0,0.0,0.0,0.0,0.0,0.0,0.5804498195648193,0.5747443437576294,0.005705475807189941,0.10253222286701202,0.10253222286701202,113.8607172369957
crack0064_09.png,3.2162750244140623,111.36474609375,109.24523162841797,2.1195144653320312,104.03368377685547,103.90361022949219,0.13007354736328125,0.28355276584625244,0.29058346152305603,0.007030695676803589,0.0,0.0,0.0,0.12073302268981934,0.13492220640182495,0.014189183712005615,0.5904921293258667,0.5784352421760559,0.012056887149810791,0.10901565849781036,0.10901565849781036,116.9115080833435
crack0065_00.png,0.9607605934143066,91.96925354003906,90.5645980834961,1.4046554565429688,103.77021026611328,102.78125,0.9889602661132812,0.34220272302627563,0.327883780002594,-0.01431894302368164,0.0,0.0,0.0,0.22052288055419922,0.23830461502075195,0.017781734466552734,0.5942522287368774,0.5866013169288635,0.007650911808013916,0.16977302730083466,0.16977302730083466,95.36398816108704
crack0065_01.png,0.37911424636840824,95.95599365234375,96.09455871582031,-0.1385650634765625,105.28550720214844,104.5326919555664,0.7528152465820312,0.13831619918346405,0.1395525187253952,0.0012363195419311523,0.0,0.0,0.0,0.0,0.0,0.0,0.5885505676269531,0.5856093764305115,0.0029411911964416504,0.14008349180221558,0.14008349180221558,111.26832693815231
crack0065_02.png,3.32357177734375,97.22472381591797,97.02344512939453,0.2012786865234375,109.38746643066406,107.89372253417969,1.493743896484375,0.29094645380973816,0.30018752813339233,0.009241074323654175,0.009484648704528809,0.05106586217880249,0.04158121347427368,0.10784280300140381,0.1459549069404602,0.038112103939056396,0.5850250124931335,0.5819684863090515,0.0030565261840820312,0.2562011480331421,0.2562011480331421,103.0682977437973
crack0065_03.png,2.4163816928863526,101.77824401855469,100.98433685302734,0.7939071655273438,107.84164428710938,107.07135772705078,0.7702865600585938,0.1543022245168686,0.16805389523506165,0.013751670718193054,0.0,0.0,0.0,0.0,0.0,0.0,0.5837485790252686,0.5783929228782654,0.005355656147003174,0.15640142560005188,0.15640142560005188,115.47310012578964
crack0065_04.png,1.8436619758605957,101.1474609375,100.3499526977539,0.7975082397460938,112.02320098876953,111.17266845703125,0.8505325317382812,0.2778056263923645,0.28541114926338196,0.007605522871017456,0.0,0.0,0.0,0.170396089553833,0.1196521520614624,-0.050743937492370605,0.5828296542167664,0.5803921818733215,0.0024374723434448242,0.2003212720155716,0.2003212869167328,107.39355540275574
crack0065_05.png,-0.5051637649536133,96.93177032470703,97.6381607055664,-0.706390380859375,105.1683349609375,104.49292755126953,0.6754074096679688,0.32244041562080383,0.320846289396286,-0.0015941262245178223,0.0,0.0,0.0,0.16561156511306763,0.15173518657684326,-0.013876378536224365,0.5817570090293884,0.5802921652793884,0.00146484375,0.1844850331544876,0.1844850331544876,101.3044685125351
crack0065_06.png,-0.34059352874755855,95.7427749633789,95.28482818603516,0.45794677734375,107.19725036621094,106.66995239257812,0.5272979736328125,0.32343006134033203,0.31021973490715027,-0.013210326433181763,0.0,0.0,0.0,0.11104434728622437,0.12252426147460938,0.01147991418838501,0.5870857238769531,0.5859015583992004,0.0011841654777526855,0.21376949548721313,0.21376951038837433,100.38404643535614
crack0065_07.png,1.265372371673584,106.15766906738281,104.61021423339844,1.547454833984375,106.60269165039062,105.75550079345703,0.8471908569335938,0.26823437213897705,0.2592517137527466,-0.008982658386230469,0.0,0.0,0.0,0.0,0.0,0.0,0.5772702693939209,0.5748289227485657,0.0024413466453552246,0.1386987268924713,0.1386987268924713,112.91964960098267
crack0065_08.png,1.8440903663635253,98.7686767578125,97.02912139892578,1.7395553588867188,106.05867004394531,104.98390197753906,1.07476806640625,0.2615464925765991,0.2575889229774475,-0.003957569599151611,0.0,0.0,0.0,0.0,0.0,0.0,0.5807843208312988,0.5810034871101379,-0.00021916627883911133,0.15920878946781158,0.15920880436897278,105.68370318412781
crack0065_09.png,2.2825942039489746,107.5748519897461,107.63455200195312,-0.05970001220703125,109.02125549316406,108.94053649902344,0.080718994140625,0.1873466819524765,0.21396107971668243,0.026614397764205933,0.0,0.0,0.0,0.0,0.0,0.0,0.5902153253555298,0.5856939554214478,0.004521369934082031,0.16055269539356232,0.16055268049240112,119.97251409292221
crack0066_00.png,2.258980321884155,135.82598876953125,135.00408935546875,0.8218994140625,118.87264251708984,117.46014404296875,1.4124984741210938,0.23412293195724487,0.23718376457691193,0.0030608326196670532,0.06964737176895142,0.0788840651512146,0.009236693382263184,0.24343949556350708,0.28749406337738037,0.04405456781387329,0.5947981476783752,0.5883544683456421,0.006443679332733154,0.127351313829422,0.127351313829422,145.15958905220032
crack0066_01.png,-0.3702244758605957,106.69304656982422,107.74861907958984,-1.055572509765625,117.10562133789062,115.39808654785156,1.7075347900390625,0.24280251562595367,0.23056642711162567,-0.012236088514328003,0.2724173665046692,0.2922881245613098,0.019870758056640625,0.3628131151199341,0.37828898429870605,0.015475869178771973,0.5862399339675903,0.5815801620483398,0.004659771919250488,0.16142308712005615,0.16142310202121735,116.8364445567131
crack0066_02.png,2.1676432609558107,100.88289642333984,101.38113403320312,-0.49823760986328125,111.00421142578125,109.00289916992188,2.001312255859375,0.20958708226680756,0.2060760110616684,-0.00351107120513916,0.006717026233673096,0.05452919006347656,0.04781216382980347,0.2750297784805298,0.3124290704727173,0.0373992919921875,0.5902575850486755,0.5844137072563171,0.0058438777923583984,0.12243487685918808,0.12243488430976868,112.3777579665184
crack0066_03.png,-0.06857233047485356,104.13203430175781,105.65509796142578,-1.5230636596679688,109.26322937011719,108.28326416015625,0.9799652099609375,0.23941272497177124,0.23943960666656494,2.6881694793701172e-05,0.16804319620132446,0.18937712907791138,0.021333932876586914,0.34017205238342285,0.3660127520561218,0.025840699672698975,0.5861207246780396,0.5809457898139954,0.0051749348640441895,0.1330152153968811,0.1330152153968811,113.9736316204071
crack0066_04.png,1.9802115917205811,137.3993377685547,136.84832763671875,0.5510101318359375,116.93175506591797,115.84500122070312,1.0867538452148438,0.17287762463092804,0.1738438904285431,0.0009662657976150513,0.27700483798980713,0.29236459732055664,0.015359759330749512,0.34963876008987427,0.3702794909477234,0.02064073085784912,0.589496374130249,0.581926167011261,0.007570207118988037,0.1267601102590561,0.1267601102590561,150.331030189991
crack0066_05.png,-2.83638334274292,108.85584259033203,111.24803161621094,-2.3921890258789062,112.74551391601562,111.87171936035156,0.8737945556640625,0.2758582830429077,0.26509490609169006,-0.010763376951217651,0.0,0.0,0.0,0.16752392053604126,0.14833909273147583,-0.01918482780456543,0.5791118741035461,0.5774279236793518,0.001683950424194336,0.11652204394340515,0.11652203649282455,117.31071770191193
crack0066_06.png,-0.9698912620544433,102.58108520507812,103.68840026855469,-1.1073150634765625,111.11091613769531,109.47499084472656,1.63592529296875,0.24825480580329895,0.23933815956115723,-0.008916646242141724,0.0,0.0,0.0,0.03546828031539917,0.08834969997406006,0.05288141965866089,0.586266815662384,0.5813571810722351,0.004909634590148926,0.10958243161439896,0.10958243906497955,112.22512578964233
crack0066_07.png,1.7257016181945801,113.10001373291016,112.18247985839844,0.9175338745117188,120.15153503417969,117.92181396484375,2.2297210693359375,0.25006726384162903,0.24653515219688416,-0.003532111644744873,0.0,0.0,0.0,0.10651242733001709,0.14042788743972778,0.03391546010971069,0.5922107100486755,0.5872395038604736,0.004971206188201904,0.12190040946006775,0.12190039455890656,121.53756606578827
crack0066_08.png,-2.160843086242676,108.92090606689453,111.90728759765625,-2.9863815307617188,110.67201232910156,109.55572509765625,1.1162872314453125,0.21162040531635284,0.2028357833623886,-0.008784621953964233,0.16033899784088135,0.184292733669281,0.023953735828399658,0.32351207733154297,0.3440053462982178,0.020493268966674805,0.5844636559486389,0.5813725590705872,0.003091096878051758,0.14106371998786926,0.14106371998786926,121.62249606847763
crack0066_09.png,0.5342758655548097,109.23103332519531,109.82777404785156,-0.59674072265625,114.0772705078125,113.12506103515625,0.95220947265625,0.18978141248226166,0.18606114387512207,-0.0037202686071395874,0.08942103385925293,0.10709124803543091,0.01767021417617798,0.2635018825531006,0.28626829385757446,0.022766411304473877,0.5950518846511841,0.5865282416343689,0.008523643016815186,0.13129043579101562,0.13129043579101562,122.16781044006348
crack0067_00.png,0.8744914054870605,124.43197631835938,123.65354919433594,0.7784271240234375,103.9678955078125,103.65184020996094,0.3160552978515625,0.19412367045879364,0.18203319609165192,-0.012090474367141724,0.30717557668685913,0.3243231177330017,0.017147541046142578,0.44985538721084595,0.46434640884399414,0.014491021633148193,0.5861014723777771,0.5798270106315613,0.00627446174621582,0.11632649600505829,0.11632649600505829,136.56482988595963
crack0067_01.png,1.1037702083587646,112.40972137451172,113.05853271484375,-0.6488113403320312,109.69661712646484,108.58012390136719,1.1164932250976562,0.24847741425037384,0.2661437690258026,0.017666354775428772,0.36391735076904297,0.35964637994766235,-0.004270970821380615,0.4266226291656494,0.44728100299835205,0.020658373832702637,0.5874432921409607,0.5858554244041443,0.0015878677368164062,0.15459060668945312,0.15459060668945312,121.32321387529373
crack0067_02.png,2.272727680206299,113.48320007324219,111.82988739013672,1.6533126831054688,102.67251586914062,102.2840576171875,0.388458251953125,0.31081846356391907,0.32124170660972595,0.010423243045806885,0.2606024742126465,0.248615562915802,-0.011986911296844482,0.40204381942749023,0.3943663239479065,-0.00767749547958374,0.5825067162513733,0.5797654986381531,0.002741217613220215,0.1620991826057434,0.1620992124080658,117.30770456790924
crack0067_03.png,2.560014009475708,119.68721008300781,116.8841552734375,2.8030548095703125,104.76367950439453,103.44047546386719,1.3232040405273438,0.2582727372646332,0.23301421105861664,-0.02525852620601654,0.2657011151313782,0.2948070764541626,0.029105961322784424,0.39802873134613037,0.4124845266342163,0.014455795288085938,0.5760746002197266,0.5739715695381165,0.0021030306816101074,0.12374517321586609,0.12374517321586609,127.34781402349472
crack0067_04.png,1.4839266777038573,123.39035034179688,122.66348266601562,0.72686767578125,104.60572052001953,104.27230072021484,0.3334197998046875,0.30624210834503174,0.309314489364624,0.003072381019592285,0.20889616012573242,0.21829372644424438,0.009397566318511963,0.3701292872428894,0.3897511959075928,0.01962190866470337,0.58368319272995,0.5836332440376282,4.9948692321777344e-05,0.1310989260673523,0.13109895586967468,127.99971771240234
crack0067_05.png,4.856693744659424,124.04271697998047,121.96747589111328,2.0752410888671875,106.99514770507812,106.81063079833984,0.18451690673828125,0.22289951145648956,0.24371103942394257,0.020811527967453003,0.1818445324897766,0.1993005871772766,0.0174560546875,0.3266160488128662,0.3364444375038147,0.009828388690948486,0.5916570425033569,0.5830450057983398,0.00861203670501709,0.12368305027484894,0.12368304282426834,133.29740744829178
crack0067_06.png,4.420609712600708,139.69711303710938,137.69435119628906,2.0027618408203125,108.73858642578125,107.49171447753906,1.2468719482421875,0.1660178005695343,0.1567099243402481,-0.009307876229286194,0.2606450319290161,0.32519668340682983,0.06455165147781372,0.40220630168914795,0.41947245597839355,0.017266154289245605,0.5855978727340698,0.5835562944412231,0.0020415782928466797,0.1147880107164383,0.1147880107164383,152.71705156564713
crack0067_07.png,1.3012481212615967,110.52245330810547,109.31558990478516,1.2068634033203125,102.22616577148438,101.28607940673828,0.9400863647460938,0.22501052916049957,0.21096718311309814,-0.014043346047401428,0.2790813446044922,0.29959237575531006,0.02051103115081787,0.4181669354438782,0.42746150493621826,0.009294569492340088,0.5828642845153809,0.5823298692703247,0.0005344152450561523,0.12383198738098145,0.12383198738098145,120.57556200027466
crack0067_08.png,6.7231292724609375,116.91439819335938,115.13735961914062,1.77703857421875,101.70603942871094,100.61495971679688,1.0910797119140625,0.3138474225997925,0.3506324589252472,0.03678503632545471,0.19473135471343994,0.2301926612854004,0.03546130657196045,0.35703569650650024,0.3767511248588562,0.019715428352355957,0.58319491147995,0.5794848203659058,0.0037100911140441895,0.16230374574661255,0.16230374574661255,120.52283000946045
crack0067_09.png,0.8165634155273438,126.31948852539062,125.00260925292969,1.3168792724609375,101.84981536865234,101.45694732666016,0.3928680419921875,0.26178592443466187,0.2549666464328766,-0.006819278001785278,0.17229044437408447,0.16941553354263306,-0.002874910831451416,0.34020572900772095,0.3531178832054138,0.012912154197692871,0.5810457468032837,0.5809688568115234,7.68899917602539e-05,0.10964419692754745,0.10964419692754745,133.6048799753189
crack0068_00.png,1.5369317054748535,114.15018463134766,113.33662414550781,0.8135604858398438,110.10963439941406,109.08847045898438,1.0211639404296875,0.25952666997909546,0.2559428811073303,-0.0035837888717651367,0.47242116928100586,0.4815136790275574,0.009092509746551514,0.4321827292442322,0.43778496980667114,0.005602240562438965,0.5862975716590881,0.580349862575531,0.005947709083557129,0.17198505997657776,0.17198505997657776,121.83873438835144
crack0068_01.png,3.296597385406494,110.41899108886719,108.5320816040039,1.8869094848632812,108.92779541015625,106.71826934814453,2.2095260620117188,0.24621433019638062,0.24348744750022888,-0.0027268826961517334,0.4055750370025635,0.4170515537261963,0.011476516723632812,0.3749997615814209,0.39181381464004517,0.016814053058624268,0.5938023924827576,0.5866782069206238,0.007124185562133789,0.1656772494316101,0.1656772494316101,118.61838519573212
crack0068_02.png,0.13688440322875972,109.73656463623047,109.90206146240234,-0.165496826171875,105.28773498535156,104.84793090820312,0.4398040771484375,0.273634135723114,0.26448434591293335,-0.009149789810180664,0.45544689893722534,0.4760044813156128,0.02055758237838745,0.4475821852684021,0.4475538730621338,-2.8312206268310547e-05,0.587243378162384,0.5863398909568787,0.0009034872055053711,0.18394359946250916,0.18394359946250916,117.43998742103577
crack0068_03.png,-0.0997762680053711,116.52447509765625,116.31803894042969,0.2064361572265625,109.4051513671875,108.50839233398438,0.896759033203125,0.25670284032821655,0.2514995038509369,-0.005203336477279663,0.4388235807418823,0.429731547832489,-0.00909203290939331,0.450067937374115,0.4446180462837219,-0.005449891090393066,0.5938215851783752,0.5909457802772522,0.002875804901123047,0.1810351014137268,0.1810351014137268,125.08415019512177
crack0068_04.png,0.12055864334106448,123.14437103271484,123.38858032226562,-0.24420928955078125,106.51581573486328,105.29574584960938,1.2200698852539062,0.25458860397338867,0.25084444880485535,-0.003744155168533325,0.41351139545440674,0.4154652953147888,0.00195389986038208,0.41936612129211426,0.4130297303199768,-0.006336390972137451,0.5800807476043701,0.5776278376579285,0.0024529099464416504,0.1636948585510254,0.16369487345218658,131.41903865337372
crack0068_05.png,2.1388020515441895,139.92869567871094,138.7327423095703,1.195953369140625,119.4149398803711,117.96245574951172,1.452484130859375,0.21761460602283478,0.21779902279376984,0.0001844167709350586,0.33735066652297974,0.33848875761032104,0.0011380910873413086,0.349791944026947,0.3487028479576111,-0.0010890960693359375,0.5896501541137695,0.5821107029914856,0.0075394511222839355,0.13876783847808838,0.13876783847808838,149.85984879732132
crack0068_06.png,0.5607336521148683,138.38665771484375,137.2388458251953,1.1478118896484375,120.05218505859375,117.77677154541016,2.2754135131835938,0.2237444519996643,0.2030322402715683,-0.02071221172809601,0.47946518659591675,0.47659194469451904,-0.002873241901397705,0.45558691024780273,0.44827163219451904,-0.007315278053283691,0.5861130356788635,0.579246461391449,0.006866574287414551,0.15039141476154327,0.15039142966270447,149.07533878087997
crack0068_07.png,1.5869417190551758,129.0729522705078,128.11758422851562,0.9553680419921875,117.71160888671875,115.6919937133789,2.0196151733398438,0.2525607645511627,0.2524784505367279,-8.231401443481445e-05,0.3981776237487793,0.3906559348106384,-0.007521688938140869,0.36758333444595337,0.35556697845458984,-0.012016355991363525,0.5884390473365784,0.5851595401763916,0.0032795071601867676,0.17055994272232056,0.17055994272232056,136.98412311077118
crack0068_08.png,3.8492522716522215,129.8325653076172,127.9648208618164,1.8677444458007812,114.44371032714844,112.8558120727539,1.5878982543945312,0.2376861870288849,0.2484007626771927,0.0107145756483078,0.3575183153152466,0.36395394802093506,0.0064356327056884766,0.3631536364555359,0.36319512128829956,4.1484832763671875e-05,0.5942791104316711,0.5884851813316345,0.005793929100036621,0.17752787470817566,0.17752787470817566,138.40868628025055
crack0068_09.png,-1.0430081367492676,120.1001968383789,121.0103759765625,-0.9101791381835938,111.99598693847656,111.47954559326172,0.5164413452148438,0.2229912132024765,0.22091518342494965,-0.0020760297775268555,0.4024201035499573,0.3944576382637024,-0.007962465286254883,0.3758966326713562,0.37534523010253906,-0.0005514025688171387,0.5842406749725342,0.5806112885475159,0.0036293864250183105,0.1745554804801941,0.1745554804801941,130.6700024008751
crack0069_00.png,-1.3861039638519288,118.13336181640625,120.90673065185547,-2.7733688354492188,111.18840789794922,109.06303405761719,2.1253738403320312,0.22730599343776703,0.23218601942062378,0.0048800259828567505,0.0,0.0,0.0,0.20405006408691406,0.23465687036514282,0.03060680627822876,0.5937024354934692,0.5900346040725708,0.0036678314208984375,0.10762615501880646,0.10762615501880646,129.6297840476036
crack0069_01.png,-3.938562440872192,114.08662414550781,118.45924377441406,-4.37261962890625,110.81857299804688,109.93145751953125,0.887115478515625,0.21934638917446136,0.2032979428768158,-0.01604844629764557,0.14610230922698975,0.18200570344924927,0.03590339422225952,0.3510635495185852,0.3823786973953247,0.0313151478767395,0.5807843208312988,0.582610547542572,-0.0018262267112731934,0.10248066484928131,0.10248066484928131,127.37947928905487
crack0069_02.png,-2.4752101421356203,132.18328857421875,134.95175170898438,-2.768463134765625,107.41902160644531,106.362548828125,1.0564727783203125,0.19774144887924194,0.19261755049228668,-0.005123898386955261,0.1603747010231018,0.16081851720809937,0.0004438161849975586,0.3512513041496277,0.3642256259918213,0.012974321842193604,0.5839100480079651,0.5773394703865051,0.006570577621459961,0.10698117315769196,0.10698117315769196,145.36686903238297
crack0069_03.png,-3.353342628479004,120.25271606445312,124.34651947021484,-4.093803405761719,105.64888000488281,104.9811782836914,0.6677017211914062,0.24575155973434448,0.2542935907840729,0.008542031049728394,0.1296679973602295,0.12394171953201294,-0.005726277828216553,0.36143434047698975,0.3755216598510742,0.014087319374084473,0.5793271660804749,0.5788504481315613,0.0004767179489135742,0.10339104384183884,0.10339105129241943,130.7276108264923
crack0069_04.png,-2.3655440330505373,114.58979034423828,117.79183197021484,-3.2020416259765625,105.1208267211914,103.56169128417969,1.5591354370117188,0.27326828241348267,0.2771149277687073,0.0038466453552246094,0.0,0.0,0.0,0.24675631523132324,0.26912951469421387,0.022373199462890625,0.5746943354606628,0.5770665407180786,-0.0023722052574157715,0.09426037222146988,0.09426037222146988,122.87737584114075
crack0069_05.png,-1.2125913143157958,122.62264251708984,123.94791412353516,-1.3252716064453125,120.12838745117188,118.80168914794922,1.3266983032226562,0.23312661051750183,0.22651873528957367,-0.006607875227928162,0.3154599666595459,0.3172299861907959,0.00177001953125,0.3434910774230957,0.35219377279281616,0.008702695369720459,0.5804651975631714,0.5794694423675537,0.0009957551956176758,0.13773605227470398,0.13773605227470398,132.91276210546494
crack0069_06.png,-1.2352065086364745,118.23060607910156,120.48714447021484,-2.2565383911132812,106.13573455810547,105.2187728881836,0.916961669921875,0.15620677173137665,0.1585572510957718,0.0023504793643951416,0.17093175649642944,0.18232154846191406,0.01138979196548462,0.3088003993034363,0.33104830980300903,0.022247910499572754,0.5807804465293884,0.5805075168609619,0.00027292966842651367,0.12345391511917114,0.12345391511917114,133.21768683195114
crack0069_07.png,-1.1177066326141358,112.34412384033203,115.56211853027344,-3.2179946899414062,111.27619171142578,109.14551544189453,2.13067626953125,0.2117045819759369,0.21515144407749176,0.0034468621015548706,0.14607089757919312,0.1686590313911438,0.022588133811950684,0.31951409578323364,0.35077768564224243,0.03126358985900879,0.5821530222892761,0.5804344415664673,0.0017185807228088379,0.10851873457431793,0.10851873457431793,124.53696715831757
crack0069_08.png,1.615234375,124.13270568847656,125.55733489990234,-1.4246292114257812,115.10246276855469,113.09791564941406,2.004547119140625,0.24153979122638702,0.2434951812028885,0.001955389976501465,0.0,0.05046403408050537,0.05046403408050537,0.33529889583587646,0.3568745255470276,0.021575629711151123,0.5789849758148193,0.5774086713790894,0.0015763044357299805,0.09932678937911987,0.09932678937911987,133.512031853199
crack0069_09.png,-1.8395657539367676,118.24365997314453,121.13101196289062,-2.8873519897460938,111.41851806640625,110.51496887207031,0.9035491943359375,0.20684027671813965,0.20819419622421265,0.001353919506072998,0.20225071907043457,0.21856671571731567,0.016315996646881104,0.2846539616584778,0.32264548540115356,0.03799152374267578,0.5826259255409241,0.5844905972480774,-0.0018646717071533203,0.11882707476615906,0.11882707476615906,130.6565432548523
crack0070_00.png,-0.9364746570587159,125.341064453125,124.10308837890625,1.23797607421875,113.64270782470703,113.44249725341797,0.2002105712890625,0.2664995789527893,0.23788918554782867,-0.028610393404960632,0.0,0.0,0.0,0.0,0.0,0.0,0.582302987575531,0.581445574760437,0.0008574128150939941,0.0929703339934349,0.0929703339934349,133.74084478616714
crack0070_01.png,-2.8181519508361816,122.67353820800781,121.60598754882812,1.0675506591796875,105.72449493408203,105.98110961914062,-0.25661468505859375,0.32431432604789734,0.2754209637641907,-0.048893362283706665,0.0,0.0,0.0,0.0,0.0,0.0,0.5845905542373657,0.5813802480697632,0.003210306167602539,0.09318257868289948,0.09318257868289948,128.99812722206116
crack0070_02.png,1.4004158973693848,119.24380493164062,117.0578384399414,2.1859664916992188,109.01065826416016,108.63536834716797,0.3752899169921875,0.2633194029331207,0.2473425269126892,-0.01597687602043152,0.0,0.0,0.0,0.0,0.0,0.0,0.5821645259857178,0.5736024379730225,0.008562088012695312,0.0891578197479248,0.0891578197479248,126.59685111045837
crack0070_03.png,-5.841628170013427,121.23906707763672,121.13455200195312,0.10451507568359375,107.28399658203125,108.23696899414062,-0.952972412109375,0.3280208110809326,0.25690561532974243,-0.07111519575119019,0.0,0.0,0.0,0.0,0.0,0.0,0.5787966251373291,0.5756900906562805,0.003106534481048584,0.08928963541984558,0.08928964287042618,128.92433762550354
crack0070_04.png,-4.381355285644531,119.73180389404297,121.00739288330078,-1.2755889892578125,107.12380981445312,106.91522216796875,0.208587646484375,0.36310622096061707,0.3219378590583801,-0.04116836190223694,0.0,0.0,0.0,0.0,0.0,0.0,0.5798346996307373,0.5772280097007751,0.002606689929962158,0.09469710290431976,0.09469710290431976,124.24671483039856
crack0070_05.png,1.1415047645568848,129.9317626953125,126.6773681640625,3.25439453125,113.54058837890625,114.4381103515625,-0.89752197265625,0.21699415147304535,0.18964196741580963,-0.027352184057235718,0.0,0.0,0.0,0.0,0.0,0.0,0.5894617438316345,0.5786044001579285,0.010857343673706055,0.08965452015399933,0.08965452015399933,140.5045171380043
crack0070_06.png,-1.061511516571045,120.15023803710938,119.2729263305664,0.8773117065429688,108.5828857421875,108.29739379882812,0.285491943359375,0.4321766197681427,0.4035150110721588,-0.028661608695983887,0.0,0.0,0.0,0.0,0.0,0.0,0.5914033055305481,0.5854055881500244,0.005997717380523682,0.09480579942464828,0.09480580687522888,119.15681374073029
crack0070_07.png,-0.6527396202087402,114.0765609741211,114.86754608154297,-0.790985107421875,107.43428039550781,106.82536315917969,0.608917236328125,0.26161259412765503,0.25827184319496155,-0.0033407509326934814,0.0,0.0,0.0,0.0,0.0,0.0,0.5817916393280029,0.5777431726455688,0.004048466682434082,0.08920380473136902,0.08920381218194962,122.24740850925446
crack0070_08.png,-5.213045978546143,124.89441680908203,124.1963882446289,0.698028564453125,106.92761993408203,107.61225891113281,-0.6846389770507812,0.36423459649086,0.2906397879123688,-0.07359480857849121,0.0,0.0,0.0,0.0,0.0,0.0,0.581822395324707,0.5755632519721985,0.006259143352508545,0.09187768399715424,0.09187768399715424,130.37991106510162
crack0070_09.png,-0.2027523040771484,128.68814086914062,127.95556640625,0.732574462890625,109.80154418945312,108.83502197265625,0.966522216796875,0.3132193386554718,0.2935444116592407,-0.01967492699623108,0.0,0.0,0.0,0.0,0.0,0.0,0.5920799970626831,0.585778534412384,0.006301462650299072,0.09104660898447037,0.09104660898447037,134.3923888206482
crack0071_00.png,4.253481912612915,130.37399291992188,126.92577362060547,3.4482192993164062,118.21199035644531,117.37692260742188,0.8350677490234375,0.19629745185375214,0.20083457231521606,0.004537120461463928,0.0,0.0,0.0,0.0,0.0,0.0,0.5859092473983765,0.583202600479126,0.0027066469192504883,0.09117661416530609,0.09117661416530609,140.3084060549736
crack0071_01.png,7.212554931640625,143.79608154296875,139.32998657226562,4.466094970703125,123.66462707519531,120.05718231201172,3.6074447631835938,0.16943645477294922,0.18445929884910583,0.015022844076156616,0.0,0.0,0.0,0.0,0.0,0.0,0.5888620018959045,0.5863206386566162,0.00254136323928833,0.09329341351985931,0.09329342097043991,154.95132684707642
crack0071_02.png,4.361646723747254,145.67323303222656,141.7235565185547,3.949676513671875,117.73262023925781,117.24024963378906,0.49237060546875,0.11779195070266724,0.11659466475248337,-0.0011972859501838684,0.0,0.0,0.0,0.0,0.0,0.0,0.5925105810165405,0.5847404599189758,0.007770121097564697,0.08960679918527603,0.08960679918527603,160.40313813090324
crack0071_03.png,1.6566339015960692,154.61802673339844,154.15797424316406,0.460052490234375,123.37117004394531,119.2938003540039,4.077369689941406,0.17448192834854126,0.1688351184129715,-0.005646809935569763,0.0,0.0,0.0,0.0,0.0,0.0,0.5834217667579651,0.5829873085021973,0.00043445825576782227,0.08884935826063156,0.08884935826063156,167.59476405382156
crack0071_04.png,1.9616062164306642,142.2588653564453,138.60693359375,3.6519317626953125,120.03719329833984,117.88523864746094,2.1519546508789062,0.2165258377790451,0.18083269894123077,-0.03569313883781433,0.0,0.0,0.0,0.0,0.0,0.0,0.5899192690849304,0.582310676574707,0.007608592510223389,0.08938324451446533,0.08938324451446533,153.17970830202103
crack0071_05.png,0.029796695709228493,136.38246154785156,136.03805541992188,0.3444061279296875,115.03418731689453,114.84281921386719,0.19136810302734375,0.22568291425704956,0.22073578834533691,-0.0049471259117126465,0.0,0.0,0.0,0.0,0.0,0.0,0.5797539353370667,0.5796386003494263,0.00011533498764038086,0.09053736925125122,0.09053736925125122,146.15626859664917
crack0071_06.png,7.600205731391907,161.19207763671875,156.00973510742188,5.182342529296875,117.58099365234375,115.34530639648438,2.235687255859375,0.08634748309850693,0.10070759057998657,0.014360107481479645,0.0,0.0,0.0,0.0,0.0,0.0,0.5957516431808472,0.5863821506500244,0.009369492530822754,0.08841351419687271,0.08841351419687271,177.25012311339378
crack0071_07.png,-3.8412821292877197,130.17184448242188,132.8480987548828,-2.6762542724609375,121.02019500732422,118.07349395751953,2.9467010498046875,0.14434756338596344,0.11310002207756042,-0.031247541308403015,0.0,0.0,0.0,0.0,0.0,0.0,0.5855094194412231,0.5816070437431335,0.0039023756980895996,0.09236839413642883,0.09236839413642883,148.14434707164764
crack0071_08.png,1.3351977348327635,137.95018005371094,136.1037139892578,1.846466064453125,121.31327819824219,120.68359375,0.6296844482421875,0.22332412004470825,0.2084503471851349,-0.014873772859573364,0.0,0.0,0.0,0.0,0.0,0.0,0.5894924998283386,0.5788235068321228,0.01066899299621582,0.09277866780757904,0.09277866780757904,148.09962618350983
crack0071_09.png,4.451330327987671,122.804443359375,122.09144592285156,0.7129974365234375,117.11750793457031,113.65313720703125,3.4643707275390625,0.18783541023731232,0.21628347039222717,0.028448060154914856,0.0,0.0,0.0,0.0,0.0,0.0,0.5823836922645569,0.5804651975631714,0.001918494701385498,0.09516450762748718,0.09516450762748718,134.47316771745682
crack0072_00.png,2.700250244140625,116.56714630126953,115.00448608398438,1.5626602172851562,110.0545425415039,108.81645965576172,1.2380828857421875,0.30485329031944275,0.30511030554771423,0.0002570152282714844,0.5205804705619812,0.5284436941146851,0.007863223552703857,0.4785270094871521,0.4868919849395752,0.008364975452423096,0.5937639474868774,0.5860822796821594,0.007681667804718018,0.1973726600408554,0.1973726600408554,121.24517667293549
crack0072_01.png,2.4528572082519533,112.10758972167969,109.54264068603516,2.5649490356445312,106.99667358398438,106.15647888183594,0.8401947021484375,0.3526923656463623,0.33542564511299133,-0.01726672053337097,0.538382887840271,0.5538727641105652,0.01548987627029419,0.4921155571937561,0.5042077302932739,0.012092173099517822,0.5897347331047058,0.5818954110145569,0.007839322090148926,0.18889354169368744,0.18889355659484863,114.28896582126617
crack0072_02.png,1.08548002243042,113.15227508544922,112.19822692871094,0.9540481567382812,105.54443359375,105.24090576171875,0.30352783203125,0.28328731656074524,0.2886696755886078,0.005382359027862549,0.546959638595581,0.5338733792304993,-0.013086259365081787,0.5175471305847168,0.5116742849349976,-0.005872845649719238,0.5858169794082642,0.5832449197769165,0.0025720596313476562,0.16502349078655243,0.16502347588539124,119.11069118976593
crack0072_03.png,1.1289523124694822,110.5183334350586,109.23101806640625,1.2873153686523438,113.49755096435547,111.6268310546875,1.8707199096679688,0.25433745980262756,0.2445165514945984,-0.009820908308029175,0.5298458337783813,0.5221500992774963,-0.00769573450088501,0.45949751138687134,0.4670445919036865,0.0075470805168151855,0.5890234708786011,0.5843521952629089,0.004671275615692139,0.15579535067081451,0.15579535067081451,118.76462149620056
crack0072_04.png,2.833495330810547,111.79776000976562,109.80570220947266,1.9920578002929688,103.30965423583984,102.32781982421875,0.9818344116210938,0.23642994463443756,0.24028916656970978,0.003859221935272217,0.49757587909698486,0.4933549165725708,-0.0042209625244140625,0.46475595235824585,0.4628711938858032,-0.001884758472442627,0.5893233418464661,0.5816032290458679,0.0077201128005981445,0.1598973125219345,0.1598973125219345,120.18886810541153
crack0072_05.png,3.735033416748047,118.43074035644531,115.9671859741211,2.4635543823242188,101.60209655761719,101.03651428222656,0.565582275390625,0.2694337069988251,0.2752739191055298,0.005840212106704712,0.4699159264564514,0.47922247648239136,0.009306550025939941,0.4640243649482727,0.4755616784095764,0.011537313461303711,0.5874509811401367,0.5823068022727966,0.005144178867340088,0.21360689401626587,0.21360686421394348,124.53097999095917
crack0072_06.png,4.109863948822022,122.7326889038086,120.22965240478516,2.5030364990234375,114.51272583007812,110.11456298828125,4.398162841796875,0.26429489254951477,0.26134154200553894,-0.00295335054397583,0.49900543689727783,0.5001592636108398,0.0011538267135620117,0.4766380190849304,0.48411256074905396,0.007474541664123535,0.5853671431541443,0.5844252109527588,0.000941932201385498,0.18629969656467438,0.18629968166351318,129.2153638601303
crack0072_07.png,10.008264970779418,137.5455780029297,130.6342315673828,6.911346435546875,125.58067321777344,119.96524047851562,5.6154327392578125,0.24121762812137604,0.2501288950443268,0.008911266922950745,0.5461888909339905,0.5385969281196594,-0.007591962814331055,0.5228679776191711,0.5301096439361572,0.007241666316986084,0.6034794449806213,0.5924413800239563,0.011038064956665039,0.17512401938438416,0.17512401938438416,143.75602489709854
crack0072_08.png,1.1227676391601564,105.8753662109375,104.31867980957031,1.5566864013671875,107.00538635253906,106.00382995605469,1.001556396484375,0.38137897849082947,0.38774651288986206,0.006367534399032593,0.491415798664093,0.45316898822784424,-0.03824681043624878,0.49213242530822754,0.47143983840942383,-0.02069258689880371,0.585959255695343,0.581311047077179,0.0046482086181640625,0.1874488741159439,0.1874488741159439,105.65265452861786
crack0072_09.png,0.30252046585083003,104.78437805175781,103.84520721435547,0.9391708374023438,107.30071258544922,106.855224609375,0.44548797607421875,0.3453739881515503,0.33390557765960693,-0.01146841049194336,0.5348947048187256,0.532577633857727,-0.002317070960998535,0.4885828495025635,0.4849807620048523,-0.0036020874977111816,0.5929988622665405,0.5881161093711853,0.004882752895355225,0.1872614026069641,0.1872614175081253,108.00041246414185
crack0073_00.png,1.8540379524230957,100.43281555175781,98.79408264160156,1.63873291015625,102.2269058227539,101.52735900878906,0.6995468139648438,0.36995023488998413,0.3703077733516693,0.00035753846168518066,0.4482309818267822,0.4418931007385254,-0.006337881088256836,0.4864044785499573,0.48418116569519043,-0.0022233128547668457,0.5820184350013733,0.5780084729194641,0.00400996208190918,0.2245386391878128,0.224538654088974,100.69717240333557
crack0073_01.png,1.5153515815734862,115.2853012084961,113.34690856933594,1.9383926391601562,112.39704895019531,111.58643341064453,0.8106155395507812,0.21527531743049622,0.20457962155342102,-0.010695695877075195,0.37055617570877075,0.3660835027694702,-0.004472672939300537,0.31936734914779663,0.3175202012062073,-0.0018471479415893555,0.5929834842681885,0.5858016014099121,0.007181882858276367,0.22010314464569092,0.22010314464569092,125.7606669664383
crack0073_02.png,3.518472766876221,123.2767105102539,120.31302642822266,2.96368408203125,108.95002746582031,107.76874542236328,1.1812820434570312,0.16952012479305267,0.1665623039007187,-0.0029578208923339844,0.3648833632469177,0.3692765235900879,0.004393160343170166,0.2940026521682739,0.29815757274627686,0.00415492057800293,0.5880007743835449,0.5844213962554932,0.003579378128051758,0.13190746307373047,0.13190746307373047,135.32116121053696
crack0073_03.png,2.094208526611328,118.88151550292969,117.34376525878906,1.537750244140625,105.89421844482422,105.89586639404297,-0.00164794921875,0.25039613246917725,0.2519170939922333,0.0015209615230560303,0.4245438575744629,0.43188512325286865,0.007341265678405762,0.44576209783554077,0.4496389627456665,0.0038768649101257324,0.5840522646903992,0.5805075168609619,0.003544747829437256,0.19915568828582764,0.19915570318698883,126.4509630203247
crack0073_04.png,2.1224597454071046,117.26309967041016,115.62611389160156,1.6369857788085938,111.087158203125,109.8798599243164,1.2072982788085938,0.23619116842746735,0.2241603434085846,-0.012030825018882751,0.2899617552757263,0.3105617165565491,0.020599961280822754,0.20617783069610596,0.23909401893615723,0.03291618824005127,0.5907419919967651,0.5872164368629456,0.00352555513381958,0.16376402974128723,0.16376399993896484,126.62466585636139
crack0073_05.png,4.2679033279418945,124.3404541015625,121.00169372558594,3.3387603759765625,105.9320068359375,104.52316284179688,1.408843994140625,0.3238726258277893,0.32387658953666687,3.9637088775634766e-06,0.4067191481590271,0.40866565704345703,0.0019465088844299316,0.4608941674232483,0.46881818771362305,0.007924020290374756,0.5910226702690125,0.5838369727134705,0.007185697555541992,0.15981093049049377,0.15981093049049377,126.87962317466736
crack0073_06.png,2.8156392097473146,114.61869812011719,112.2977066040039,2.3209915161132812,106.67259979248047,105.59417724609375,1.0784225463867188,0.2620021402835846,0.25519004464149475,-0.006812095642089844,0.3477449417114258,0.35727250576019287,0.00952756404876709,0.3437792658805847,0.3572670817375183,0.013487815856933594,0.5864744186401367,0.5807958245277405,0.00567859411239624,0.1777040809392929,0.1777040660381317,121.60577642917633
crack0073_07.png,3.5722628593444825,113.03221130371094,110.71421813964844,2.3179931640625,105.02272033691406,104.2288589477539,0.7938613891601562,0.21438166499137878,0.21984216570854187,0.005460500717163086,0.4274347424507141,0.4370521903038025,0.009617447853088379,0.4141874313354492,0.42516714334487915,0.010979712009429932,0.5900653600692749,0.5871856808662415,0.0028796792030334473,0.15759572386741638,0.15759573876857758,122.61292922496796
crack0073_08.png,3.5208876609802244,117.40003204345703,114.79983520507812,2.6001968383789062,101.67147827148438,100.78361511230469,0.8878631591796875,0.3003729581832886,0.30736735463142395,0.006994396448135376,0.28215593099594116,0.2819213271141052,-0.0002346038818359375,0.33930450677871704,0.3398163914680481,0.0005118846893310547,0.5849442481994629,0.5845597982406616,0.00038444995880126953,0.14721465110778809,0.14721466600894928,121.47532606124878
crack0073_09.png,1.9967284202575684,116.03787994384766,113.95333099365234,2.0845489501953125,97.88079833984375,97.46915435791016,0.41164398193359375,0.2676571309566498,0.264195054769516,-0.003462076187133789,0.37150901556015015,0.3626518249511719,-0.008857190608978271,0.4024955630302429,0.41038453578948975,0.007888972759246826,0.5892348885536194,0.5797654986381531,0.009469389915466309,0.1392020434141159,0.1392020434141159,122.71329772472382
crack0074_00.png,0.7190596580505371,118.8035659790039,118.55731964111328,0.246246337890625,110.43772888183594,109.50960540771484,0.9281234741210938,0.30724745988845825,0.300104022026062,-0.00714343786239624,0.47780120372772217,0.4901711940765381,0.012369990348815918,0.390586256980896,0.3967747092247009,0.006188452243804932,0.5850788354873657,0.5806228518486023,0.004455983638763428,0.21571511030197144,0.21571511030197144,124.0773549079895
crack0074_01.png,1.8330536842346192,107.6820297241211,107.40087890625,0.28115081787109375,105.2501449584961,103.88289642333984,1.36724853515625,0.32506945729255676,0.334280401468277,0.009210944175720215,0.33087217807769775,0.3319314122200012,0.0010592341423034668,0.36027592420578003,0.3687015175819397,0.008425593376159668,0.5920761227607727,0.586432158946991,0.005643963813781738,0.18947833776474,0.18947833776474,111.72033178806305
crack0074_02.png,4.475629901885986,111.60076141357422,110.27146911621094,1.3292922973632812,110.0166015625,107.85299682617188,2.163604736328125,0.34019750356674194,0.3595743775367737,0.01937687397003174,0.3820990324020386,0.3978263735771179,0.015727341175079346,0.38304901123046875,0.3992570638656616,0.01620805263519287,0.5885697603225708,0.5860284566879272,0.0025413036346435547,0.20457357168197632,0.20457357168197632,114.0670554637909
crack0074_03.png,1.54765625,108.8887939453125,108.16820526123047,0.7205886840820312,106.20262908935547,105.24932861328125,0.9533004760742188,0.3121173083782196,0.3136192858219147,0.0015019774436950684,0.3824613094329834,0.38613736629486084,0.0036760568618774414,0.36643850803375244,0.3675804138183594,0.0011419057846069336,0.5909534692764282,0.5864897966384888,0.004463672637939453,0.17842456698417664,0.17842456698417664,113.43959987163544
crack0074_04.png,-0.39478073120117196,101.1268081665039,100.3845443725586,0.7422637939453125,103.50405883789062,102.39888763427734,1.1051712036132812,0.3209993541240692,0.3051339387893677,-0.015865415334701538,0.26470744609832764,0.25232380628585815,-0.012383639812469482,0.3632623553276062,0.35645657777786255,-0.006805777549743652,0.5889196395874023,0.5842829942703247,0.004636645317077637,0.18909123539924622,0.18909123539924622,106.00442552566528
crack0074_05.png,-0.9909777641296387,106.68683624267578,105.62708282470703,1.05975341796875,114.91236877441406,113.2213134765625,1.6910552978515625,0.31206393241882324,0.2999723553657532,-0.012091577053070068,0.33119910955429077,0.2819439172744751,-0.049255192279815674,0.26288866996765137,0.256070077419281,-0.006818592548370361,0.592656672000885,0.5873971581459045,0.005259513854980469,0.13342323899269104,0.13342325389385223,111.86488509178162
crack0074_06.png,1.0971414566040039,100.78973388671875,100.02379608154297,0.7659378051757812,106.80455780029297,105.68898010253906,1.1155776977539062,0.33877575397491455,0.3371307849884033,-0.0016449689865112305,0.32079774141311646,0.3193780779838562,-0.001419663429260254,0.2859231233596802,0.2845489978790283,-0.0013741254806518555,0.5876624584197998,0.5858285427093506,0.0018339157104492188,0.17109766602516174,0.17109766602516174,103.68541622161865
crack0074_07.png,4.183242893218994,100.79013061523438,99.10153198242188,1.6885986328125,104.78079986572266,103.11157989501953,1.669219970703125,0.3831857442855835,0.3916785418987274,0.008492797613143921,0.4139047861099243,0.43797945976257324,0.024074673652648926,0.41451358795166016,0.4352053999900818,0.02069181203842163,0.5893233418464661,0.5847097039222717,0.004613637924194336,0.201755553483963,0.2017555832862854,100.52762031555176
crack0074_08.png,3.592736339569092,111.77519226074219,110.46102905273438,1.3141632080078125,112.91188049316406,111.16758728027344,1.744293212890625,0.30034053325653076,0.31245535612106323,0.01211482286453247,0.31945133209228516,0.33011025190353394,0.01065891981124878,0.3147275447845459,0.3359931707382202,0.021265625953674316,0.595390260219574,0.590757429599762,0.004632830619812012,0.18207916617393494,0.18207915127277374,116.9132890701294
crack0074_09.png,1.1199611663818358,82.00537872314453,80.44818878173828,1.55718994140625,107.38020324707031,105.66258239746094,1.717620849609375,0.2935541272163391,0.2702707350254059,-0.023283392190933228,0.3770654797554016,0.38821274042129517,0.011147260665893555,0.2973368167877197,0.3137105703353882,0.016373753547668457,0.5881007313728333,0.5807881355285645,0.007312595844268799,0.15298081934452057,0.15298081934452057,88.53456890583038
crack0075_00.png,-0.31001996994018555,114.74295806884766,114.80542755126953,-0.062469482421875,106.18992614746094,105.30560302734375,0.8843231201171875,0.40002915263175964,0.38963350653648376,-0.010395646095275879,0.0,0.0,0.0,0.14415401220321655,0.15697968006134033,0.01282566785812378,0.5831487774848938,0.5773894786834717,0.005759298801422119,0.11406776309013367,0.11406776309013367,114.72213351726532
crack0075_01.png,1.8903481483459472,117.58152770996094,117.65628051757812,-0.0747528076171875,105.32691192626953,104.45612335205078,0.87078857421875,0.3198811709880829,0.33775341510772705,0.017872244119644165,0.0,0.0,0.0,0.0,0.0,0.0,0.5884582996368408,0.5837831497192383,0.004675149917602539,0.1139579713344574,0.11395798623561859,121.96436583995819
crack0075_02.png,1.4960946083068847,111.65311431884766,110.81297302246094,0.8401412963867188,107.48411560058594,106.6041259765625,0.8799896240234375,0.4370880424976349,0.4378213882446289,0.0007333457469940186,0.0,0.0,0.0,0.19911199808120728,0.2017006278038025,0.002588629722595215,0.5857477784156799,0.5796155333518982,0.006132245063781738,0.11742189526557922,0.11742188781499863,108.4376722574234
crack0075_03.png,3.5089550971984864,116.57149505615234,115.64786529541016,0.9236297607421875,111.20490264892578,108.85262298583984,2.3522796630859375,0.2981971800327301,0.31051105260849,0.012313872575759888,0.07770538330078125,0.08384960889816284,0.006144225597381592,0.15937405824661255,0.19129037857055664,0.03191632032394409,0.5942368507385254,0.5838984847068787,0.010338366031646729,0.12712231278419495,0.12712231278419495,121.98732340335846
crack0075_04.png,-1.5858637809753418,113.85179901123047,113.95599365234375,-0.10419464111328125,105.35316467285156,104.7795181274414,0.5736465454101562,0.39941495656967163,0.3747444152832031,-0.024670541286468506,0.0,0.0,0.0,0.05895954370498657,0.0970526933670044,0.03809314966201782,0.586747407913208,0.5801845192909241,0.0065628886222839355,0.10492110997438431,0.1049211174249649,114.88912773132324
crack0075_05.png,1.5522238731384277,115.82725524902344,115.10118865966797,0.7260665893554688,104.98686218261719,104.03478240966797,0.9520797729492188,0.3542037606239319,0.357638418674469,0.0034346580505371094,0.21517831087112427,0.21964585781097412,0.0044675469398498535,0.31760305166244507,0.3411023020744324,0.023499250411987305,0.583594799041748,0.5837985277175903,-0.00020372867584228516,0.15347734093666077,0.15347734093666077,117.5639374256134
crack0075_06.png,2.685489368438721,122.0421371459961,119.97510528564453,2.0670318603515625,107.01802825927734,105.87498474121094,1.1430435180664062,0.3393690586090088,0.3496575951576233,0.010288536548614502,0.09883129596710205,0.07842129468917847,-0.020410001277923584,0.28115755319595337,0.28221070766448975,0.001053154468536377,0.5849250555038452,0.5810611248016357,0.0038639307022094727,0.13118785619735718,0.13118785619735718,124.0434799194336
crack0075_07.png,1.8767941474914551,107.18879699707031,106.21898651123047,0.9698104858398438,105.26080322265625,104.24354553222656,1.0172576904296875,0.4028738737106323,0.4078715145587921,0.00499764084815979,0.0,0.0,0.0,0.0027456283569335938,0.031612277030944824,0.02886664867401123,0.5865974426269531,0.5840907096862793,0.002506732940673828,0.11594834178686142,0.11594834178686142,105.99535703659058
crack0075_08.png,0.9550199508666992,117.8279037475586,117.31874084472656,0.5091629028320312,103.635009765625,102.56918334960938,1.065826416015625,0.4000794589519501,0.40929222106933594,0.009212762117385864,0.1355409026145935,0.12007564306259155,-0.015465259552001953,0.30166155099868774,0.3054698705673218,0.003808319568634033,0.5743867754936218,0.5768588781356812,-0.002472102642059326,0.14996811747550964,0.14996814727783203,116.64290988445282
crack0075_09.png,2.461866760253906,114.3003158569336,113.45733642578125,0.8429794311523438,106.4399642944336,105.57630157470703,0.8636627197265625,0.38699424266815186,0.40144336223602295,0.014449119567871094,0.0,0.0,0.0,0.2518630027770996,0.24585437774658203,-0.006008625030517578,0.580169141292572,0.5772318243980408,0.00293731689453125,0.10911169648170471,0.10911169648170471,113.86593723297119
crack0076_00.png,3.280336999893189,94.62376403808594,93.90892791748047,0.7148361206054688,127.858642578125,121.41712951660156,6.4415130615234375,0.13254010677337646,0.15822641551494598,0.02568630874156952,0.16245710849761963,0.1096227765083313,-0.05283433198928833,0.10584515333175659,0.11570990085601807,0.009864747524261475,0.5958861708641052,0.5947020649909973,0.0011841058731079102,0.10703563690185547,0.10703564435243607,110.14938640594482
crack0076_01.png,2.3813042640686035,89.63262176513672,87.70043182373047,1.93218994140625,107.71355438232422,108.44548034667969,-0.7319259643554688,0.27308809757232666,0.29181280732154846,0.018724709749221802,0.10615760087966919,0.08475238084793091,-0.02140522003173828,0.115445077419281,0.10411173105239868,-0.011333346366882324,0.5881430506706238,0.5856401324272156,0.002502918243408203,0.10336180031299591,0.10336180031299591,95.80696296691895
crack0076_02.png,4.425389242172241,105.88796997070312,103.5735092163086,2.3144607543945312,102.69961547851562,103.2507553100586,-0.5511398315429688,0.15537667274475098,0.18716220557689667,0.03178553283214569,0.20708942413330078,0.19958078861236572,-0.007508635520935059,0.12691909074783325,0.1885104775428772,0.061591386795043945,0.5892656445503235,0.5870434641838074,0.0022221803665161133,0.09635430574417114,0.09635430574417114,118.97876501083374
crack0076_03.png,6.117083120346069,121.64986419677734,116.81832122802734,4.83154296875,114.86063385009766,114.20428466796875,0.6563491821289062,0.19938357174396515,0.1921289563179016,-0.007254615426063538,0.0,0.035382211208343506,0.035382211208343506,0.0,0.014184534549713135,0.014184534549713135,0.5974355936050415,0.5927335619926453,0.00470203161239624,0.0949261337518692,0.0949261337518692,131.6037790775299
crack0076_04.png,-0.6732409000396729,176.8077392578125,179.74253845214844,-2.9347991943359375,211.94717407226562,210.58944702148438,1.35772705078125,0.14124558866024017,0.16178065538406372,0.020535066723823547,0.0,0.0,0.0,0.0,0.0,0.0,0.5889042615890503,0.5870127081871033,0.0018915534019470215,0.11128204315900803,0.11128204315900803,193.35657399892807
crack0076_05.png,10.151014947891236,140.5850067138672,135.93836975097656,4.646636962890625,125.74002838134766,119.9725341796875,5.767494201660156,0.12216052412986755,0.13513128459453583,0.012970760464668274,0.07352995872497559,0.12219810485839844,0.04866814613342285,0.11544519662857056,0.1677912473678589,0.05234605073928833,0.5954478979110718,0.5901230573654175,0.005324840545654297,0.09628836810588837,0.09628835320472717,154.7499727010727
crack0076_06.png,1.7101483821868895,103.59326171875,100.3958740234375,3.1973876953125,111.77081298828125,110.9298324584961,0.8409805297851562,0.23326274752616882,0.22419212758541107,-0.009070619940757751,0.10119855403900146,0.06922382116317749,-0.031974732875823975,0.010532796382904053,0.007199227809906006,-0.003333568572998047,0.5971818566322327,0.592656672000885,0.004525184631347656,0.09488722681999207,0.09488721191883087,112.43031448125839
crack0076_07.png,4.601772594451905,107.47376251220703,105.29444885253906,2.1793136596679688,127.82746887207031,122.33229064941406,5.49517822265625,0.2233668863773346,0.20636075735092163,-0.017006129026412964,0.14635992050170898,0.18299072980880737,0.03663080930709839,0.0953834056854248,0.10069316625595093,0.005309760570526123,0.596013069152832,0.5930219292640686,0.0029911398887634277,0.09981957823038101,0.09981957823038101,117.84298300743103
crack0076_08.png,3.1842915534973146,96.88098907470703,97.7515869140625,-0.8705978393554688,115.61367797851562,114.26483154296875,1.348846435546875,0.26220741868019104,0.2625247836112976,0.0003173649311065674,0.17207205295562744,0.25244683027267456,0.08037477731704712,0.008646488189697266,0.03905075788497925,0.030404269695281982,0.5937562584877014,0.5868819952011108,0.006874263286590576,0.10019947588443756,0.10019948333501816,105.33409321308136
crack0076_09.png,-1.104292869567871,92.1461181640625,92.71129608154297,-0.5651779174804688,109.48323822021484,110.15359497070312,-0.6703567504882812,0.2111758142709732,0.2079283744096756,-0.0032474398612976074,0.17438578605651855,0.17198795080184937,-0.0023978352546691895,0.11986511945724487,0.14679354429244995,0.026928424835205078,0.5876278281211853,0.5855094194412231,0.002118408679962158,0.0998496562242508,0.0998496562242508,103.45811778306961
crack0077_00.png,2.9779751539230346,129.2009735107422,126.88742065429688,2.3135528564453125,103.44140625,103.00426483154297,0.43714141845703125,0.12300307303667068,0.12522584199905396,0.0022227689623832703,0.2597377896308899,0.2641250491142273,0.004387259483337402,0.372647225856781,0.3785831332206726,0.0059359073638916016,0.5728527307510376,0.5694463849067688,0.003406345844268799,0.09440547227859497,0.09440547227859497,143.5781219303608
crack0077_01.png,2.6610257148742678,126.37724304199219,123.80912780761719,2.568115234375,105.43623352050781,104.86619567871094,0.570037841796875,0.173152893781662,0.1683889627456665,-0.004763931035995483,0.26875025033950806,0.2730666399002075,0.004316389560699463,0.36985963582992554,0.3496343493461609,-0.02022528648376465,0.580949604511261,0.5791157484054565,0.0018338561058044434,0.10197828710079193,0.10197828710079193,138.22783184051514
crack0077_02.png,0.7493686199188232,131.12721252441406,131.11851501464844,0.008697509765625,109.75534057617188,109.17805480957031,0.5772857666015625,0.2042519450187683,0.1995515674352646,-0.004700377583503723,0.0,0.017561793327331543,0.017561793327331543,0.18484675884246826,0.13760465383529663,-0.04724210500717163,0.589488685131073,0.5849058032035828,0.004582881927490234,0.08671064674854279,0.08671064674854279,142.7293171286583
crack0077_03.png,2.4057918548583985,124.71768188476562,121.64696502685547,3.0707168579101562,108.41498565673828,107.13299560546875,1.2819900512695312,0.24744606018066406,0.22565165162086487,-0.021794408559799194,0.3086897134780884,0.31732988357543945,0.008640170097351074,0.36609572172164917,0.36906903982162476,0.002973318099975586,0.5889465808868408,0.5834409594535828,0.005505621433258057,0.11632444709539413,0.11632443964481354,133.2010875940323
crack0077_04.png,0.1172117710113525,137.6932373046875,136.67428588867188,1.018951416015625,105.74980163574219,104.74488830566406,1.004913330078125,0.19564038515090942,0.17894615232944489,-0.01669423282146454,0.0,0.0,0.0,0.2614097595214844,0.2638443112373352,0.00243455171585083,0.5882314443588257,0.5874356031417847,0.0007958412170410156,0.09150942414999008,0.09150943160057068,149.97625023126602
crack0077_05.png,0.0039033889770507812,136.05357360839844,139.47946166992188,-3.4258880615234375,109.18197631835938,108.46492767333984,0.7170486450195312,0.21706843376159668,0.23224326968193054,0.015174835920333862,0.0,0.04309201240539551,0.04309201240539551,0.1269305944442749,0.21527522802352905,0.08834463357925415,0.5847097039222717,0.5795770883560181,0.005132615566253662,0.09232378005981445,0.09232378005981445,148.13079977035522
crack0077_06.png,5.712326383590698,133.11402893066406,131.21026611328125,1.9037628173828125,104.83233642578125,103.55076599121094,1.2815704345703125,0.19955556094646454,0.23513531684875488,0.035579755902290344,0.20064330101013184,0.2080836296081543,0.007440328598022461,0.29268282651901245,0.3208431601524353,0.02816033363342285,0.5849365592002869,0.581138014793396,0.003798544406890869,0.09345932304859161,0.09345932304859161,143.58627623319626
crack0077_07.png,3.265675449371338,143.23216247558594,142.17428588867188,1.0578765869140625,106.89751434326172,105.7967300415039,1.1007843017578125,0.21482282876968384,0.21921727061271667,0.004394441843032837,0.19192981719970703,0.22200703620910645,0.030077219009399414,0.289442241191864,0.2627507448196411,-0.0266914963722229,0.5867358446121216,0.5814148187637329,0.005321025848388672,0.103543221950531,0.103543221950531,153.28328824043274
crack0077_08.png,1.4131982803344727,113.69853973388672,113.52180480957031,0.17673492431640625,103.63090515136719,103.35419464111328,0.27671051025390625,0.23876813054084778,0.24115383625030518,0.0023857057094573975,0.19678086042404175,0.21524041891098022,0.018459558486938477,0.310250461101532,0.30023878812789917,-0.010011672973632812,0.5836793780326843,0.578765869140625,0.004913508892059326,0.11651606857776642,0.11651606112718582,122.63125956058502
crack0077_09.png,3.3783476829528807,167.95458984375,165.6182861328125,2.3363037109375,107.79119873046875,107.29727935791016,0.49391937255859375,0.18331459164619446,0.1762673556804657,-0.00704723596572876,0.16055232286453247,0.18914198875427246,0.02858966588973999,0.34242868423461914,0.36472851037979126,0.02229982614517212,0.5916839838027954,0.5850672721862793,0.006616711616516113,0.09343983978033066,0.09343983978033066,179.87775599956512
crack0078_00.png,0.8827425956726074,99.37101745605469,97.99139404296875,1.3796234130859375,108.57217407226562,108.29685974121094,0.2753143310546875,0.45653530955314636,0.44244059920310974,-0.014094710350036621,0.0,0.0,0.0,0.0,0.0,0.0,0.5932372212409973,0.5802229642868042,0.013014256954193115,0.1053386777639389,0.1053386703133583,95.86425864696503
crack0078_01.png,-0.5166761398315429,90.58793640136719,88.93975067138672,1.6481857299804688,108.54263305664062,108.47966003417969,0.0629730224609375,0.47630706429481506,0.44845467805862427,-0.027852386236190796,0.0,0.0,0.0,0.0,0.0,0.0,0.5842599272727966,0.5833064317703247,0.0009534955024719238,0.11250545084476471,0.11250545084476471,86.22695994377136
crack0078_02.png,1.2307423591613769,93.46380615234375,92.28264617919922,1.1811599731445312,112.76268768310547,110.5235595703125,2.2391281127929688,0.47262728214263916,0.45753777027130127,-0.01508951187133789,0.0,0.0,0.0,0.0,0.0,0.0,0.5896732211112976,0.5806459188461304,0.009027302265167236,0.11425267159938812,0.11425265669822693,89.00788879394531
crack0078_03.png,3.2031276702880858,101.8080062866211,100.49293518066406,1.3150711059570312,123.18858337402344,120.49049377441406,2.698089599609375,0.4039011001586914,0.40930163860321045,0.005400538444519043,0.0,0.0,0.0,0.0,0.0,0.0,0.592452883720398,0.5830334424972534,0.009419441223144531,0.1041187196969986,0.104118712246418,100.61452007293701
crack0078_04.png,0.443515682220459,81.76950073242188,81.54395294189453,0.22554779052734375,116.51998901367188,115.97096252441406,0.5490264892578125,0.4426748752593994,0.43776392936706543,-0.004910945892333984,0.0,0.0,0.0,0.0,0.0,0.0,0.5897001028060913,0.5799192786216736,0.009780824184417725,0.10702013969421387,0.10702013224363327,78.97889518737793
crack0078_05.png,1.1931587219238282,95.50785827636719,95.10616302490234,0.40169525146484375,121.34722900390625,118.05035400390625,3.296875,0.5381458401679993,0.5280984044075012,-0.010047435760498047,0.0,0.0,0.0,0.06409436464309692,0.07715874910354614,0.013064384460449219,0.5931180119514465,0.5862053036689758,0.006912708282470703,0.11311125755310059,0.11311127245426178,87.34582686424255
crack0078_06.png,2.7051443099975585,102.73837280273438,101.14427947998047,1.5940933227539062,108.72138977050781,107.11538696289062,1.6060028076171875,0.44012942910194397,0.4413720369338989,0.001242607831954956,0.0,0.0,0.0,0.0,0.012338042259216309,0.012338042259216309,0.5912072062492371,0.5819761753082275,0.009231030941009521,0.10800446569919586,0.10800446569919586,99.18184864521027
crack0078_07.png,-1.2992655754089355,88.17311096191406,87.1902847290039,0.9828262329101562,107.12055969238281,107.3607406616211,-0.24018096923828125,0.4339958131313324,0.40370631217956543,-0.030289500951766968,0.0,0.0,0.0,0.1482830047607422,0.15661919116973877,0.008336186408996582,0.5816916823387146,0.5757631659507751,0.005928516387939453,0.10368189960718155,0.10368189960718155,86.72698640823364
crack0078_08.png,0.017790031433105646,87.50228881835938,86.19322967529297,1.3090591430664062,111.6236801147461,109.96893310546875,1.6547470092773438,0.4717773497104645,0.4455326795578003,-0.026244670152664185,0.0,0.0,0.0,0.0,0.0,0.0,0.5879008173942566,0.5842406749725342,0.003660142421722412,0.11764176934957504,0.11764176189899445,83.63183116912842
crack0078_09.png,0.05175151824951174,99.89248657226562,99.28126525878906,0.6112213134765625,114.87865447998047,115.34376525878906,-0.46511077880859375,0.42946892976760864,0.4243743419647217,-0.005094587802886963,0.0,0.0,0.0,0.0,0.0,0.0,0.581318736076355,0.5804651975631714,0.0008535385131835938,0.1184007078409195,0.1184007078409195,97.37716484069824
crack0079_00.png,4.480608081817627,112.5455551147461,109.78946685791016,2.7560882568359375,109.71479034423828,107.15480041503906,2.5599899291992188,0.29790109395980835,0.3005523085594177,0.002651214599609375,0.0,0.0,0.0,0.0,0.0,0.0,0.5956631898880005,0.5834525227546692,0.012210667133331299,0.11766833066940308,0.11766833066940308,117.11997294425964
crack0079_01.png,1.754228687286377,104.21122741699219,102.54158782958984,1.6696395874023438,103.91583251953125,103.72389221191406,0.1919403076171875,0.3871937394142151,0.3841657042503357,-0.0030280351638793945,0.0,0.0,0.0,0.0,0.0,0.0,0.5821799039840698,0.5759285092353821,0.006251394748687744,0.1287020593881607,0.1287020742893219,103.61366152763367
crack0079_02.png,11.063542938232422,118.9828109741211,111.32769775390625,7.655113220214844,129.19537353515625,123.39994812011719,5.7954254150390625,0.27567222714424133,0.2817283868789673,0.006056159734725952,0.0,0.0,0.0,0.07621490955352783,0.04034984111785889,-0.035865068435668945,0.597108781337738,0.5819646120071411,0.015144169330596924,0.12959221005439758,0.12959221005439758,122.49927198886871
crack0079_03.png,2.7631022453308107,109.02259826660156,107.18673706054688,1.8358612060546875,112.08731842041016,109.71525573730469,2.3720626831054688,0.3033771216869354,0.3013579845428467,-0.002019137144088745,0.0,0.0,0.0,0.050543367862701416,0.04678744077682495,-0.003755927085876465,0.5842099189758301,0.5807112455368042,0.003498673439025879,0.11826884746551514,0.11826886236667633,113.39158535003662
crack0079_04.png,2.5147969245910646,109.36644744873047,106.40934753417969,2.9570999145507812,102.64305114746094,102.25505065917969,0.38800048828125,0.3625720143318176,0.35134121775627136,-0.011230796575546265,0.0,0.0,0.0,0.0,0.0,0.0,0.5782006978988647,0.5706766843795776,0.007524013519287109,0.12117154896259308,0.12117154896259308,109.93545234203339
crack0079_05.png,0.4501619338989258,106.31239318847656,105.22405242919922,1.0883407592773438,105.05740356445312,104.78900146484375,0.268402099609375,0.34887388348579407,0.33857232332229614,-0.010301560163497925,0.0,0.0,0.0,0.0,0.0,0.0,0.5756132006645203,0.5736485719680786,0.0019646286964416504,0.11443409323692322,0.11443409323692322,108.47841143608093
crack0079_06.png,2.559147071838379,107.1353530883789,105.66919708251953,1.466156005859375,108.37327575683594,108.45181274414062,-0.0785369873046875,0.3007203936576843,0.31001386046409607,0.009293466806411743,0.0,0.0,0.0,0.0,0.0,0.0,0.5861552953720093,0.5766320824623108,0.009523212909698486,0.13142140209674835,0.13142140209674835,111.80526328086853
crack0079_07.png,-2.8225035667419434,73.8574447631836,75.32415771484375,-1.4667129516601562,107.55735778808594,108.44015502929688,-0.8827972412109375,0.3538724184036255,0.3418446183204651,-0.0120278000831604,0.0,0.0,0.0,0.0,0.0,0.0,0.5749942064285278,0.5760053992271423,-0.001011192798614502,0.119801826775074,0.11980181932449341,77.12034010887146
crack0079_08.png,3.091527557373047,108.3065185546875,105.8467025756836,2.4598159790039062,111.39715576171875,110.30029296875,1.09686279296875,0.33453166484832764,0.3357115387916565,0.0011798739433288574,0.0,0.0,0.0,0.06569457054138184,0.0921211838722229,0.026426613330841064,0.5789234638214111,0.5764590501785278,0.0024644136428833008,0.12669116258621216,0.12669116258621216,110.16164922714233
crack0079_09.png,14.579973793029785,145.16355895996094,135.0791015625,10.084457397460938,158.27352905273438,149.7369384765625,8.536590576171875,0.2590891122817993,0.2714024782180786,0.012313365936279297,0.0,0.0,0.0,0.0,0.0,0.0,0.5961092114448547,0.5937139391899109,0.0023952722549438477,0.1260964274406433,0.1260964274406433,148.4203519821167
crack0080_00.png,2.7089816093444825,117.92538452148438,116.3670654296875,1.558319091796875,107.05027770996094,105.28290557861328,1.7673721313476562,0.25226882100105286,0.2554577887058258,0.0031889677047729492,0.36260926723480225,0.3566436767578125,-0.005965590476989746,0.2413473129272461,0.24281740188598633,0.0014700889587402344,0.5902498960494995,0.579569399356842,0.01068049669265747,0.14699208736419678,0.14699208736419678,125.62009155750275
crack0080_01.png,4.258086109161377,110.33081817626953,108.33792114257812,1.9928970336914062,106.03500366210938,105.087646484375,0.947357177734375,0.2889988422393799,0.3041316866874695,0.0151328444480896,0.4463648796081543,0.4581342339515686,0.011769354343414307,0.2482929825782776,0.2786160707473755,0.0303230881690979,0.5904344320297241,0.5853133201599121,0.005121111869812012,0.1518687754869461,0.1518687605857849,115.61181640625
crack0080_02.png,1.2828452110290527,107.35026550292969,106.23653411865234,1.1137313842773438,102.97161102294922,102.20111083984375,0.7705001831054688,0.2817727327346802,0.2779475748538971,-0.003825157880783081,0.46876174211502075,0.47107410430908203,0.0023123621940612793,0.30028587579727173,0.28981345891952515,-0.010472416877746582,0.5885390043258667,0.5866782069206238,0.00186079740524292,0.1693829447031021,0.1693829447031021,113.65810549259186
crack0080_03.png,3.074884128570557,115.00199127197266,112.76815795898438,2.2338333129882812,108.52593994140625,107.88544464111328,0.6404953002929688,0.32552358508110046,0.3196801245212555,-0.005843460559844971,0.4354764223098755,0.45426833629608154,0.018791913986206055,0.30337613821029663,0.3186212182044983,0.01524507999420166,0.5923144817352295,0.5847981572151184,0.007516324520111084,0.1684994250535965,0.1684994101524353,118.39684641361237
crack0080_04.png,2.5535990238189696,103.21095275878906,102.50208282470703,0.7088699340820312,100.72999572753906,100.02021789550781,0.70977783203125,0.24644602835178375,0.2597319483757019,0.013285920023918152,0.3734235167503357,0.38184672594070435,0.008423209190368652,0.21468091011047363,0.2217656373977661,0.0070847272872924805,0.5823568105697632,0.5783314108848572,0.004025399684906006,0.16236761212348938,0.16236761212348938,111.36402851343155
crack0080_05.png,2.1221497535705565,96.69385528564453,96.44387817382812,0.24997711181640625,100.23550415039062,100.32817077636719,-0.0926666259765625,0.29062315821647644,0.31006354093551636,0.019440382719039917,0.4683746099472046,0.4720844626426697,0.003709852695465088,0.3067922592163086,0.31148284673690796,0.004690587520599365,0.583391010761261,0.5782506465911865,0.005140364170074463,0.1651114821434021,0.1651114821434021,102.46711766719818
crack0080_06.png,1.4258930206298828,116.48377227783203,115.04690551757812,1.4368667602539062,104.04000854492188,103.67054748535156,0.3694610595703125,0.2672935128211975,0.25619104504585266,-0.011102467775344849,0.29069459438323975,0.304878294467926,0.01418370008468628,0.2083059549331665,0.2022634744644165,-0.00604248046875,0.5877009034156799,0.5836486220359802,0.004052281379699707,0.15667463839054108,0.15667463839054108,123.90191233158112
crack0080_07.png,0.8559618949890138,106.55379486083984,105.71659851074219,0.8371963500976562,101.4364013671875,100.44799041748047,0.9884109497070312,0.3522472381591797,0.3468250036239624,-0.005422234535217285,0.39419931173324585,0.39282989501953125,-0.0013694167137145996,0.1930713653564453,0.2099980115890503,0.01692664623260498,0.5838600397109985,0.5810611248016357,0.002798914909362793,0.150416299700737,0.1504162847995758,108.68009805679321
crack0080_08.png,2.3062844276428223,106.13287353515625,104.89546966552734,1.2374038696289062,106.10072326660156,104.93075561523438,1.1699676513671875,0.30667608976364136,0.2997625470161438,-0.006913542747497559,0.2823496460914612,0.3070545196533203,0.02470487356185913,0.21298009157180786,0.21068042516708374,-0.002299666404724121,0.5912264585494995,0.5870819091796875,0.004144549369812012,0.18797947466373444,0.18797948956489563,111.17747712135315
crack0080_09.png,1.0416706085205076,117.98865509033203,115.69432067871094,2.2943344116210938,106.02107238769531,105.0531005859375,0.9679718017578125,0.24157847464084625,0.24246735870838165,0.0008888840675354004,0.24672138690948486,0.20091772079467773,-0.04580366611480713,0.17942994832992554,0.18388879299163818,0.0044588446617126465,0.5899884700775146,0.5869588851928711,0.0030295848846435547,0.1369883120059967,0.1369883120059967,125.9463182091713
crack0081_00.png,0.9252074241638184,145.64712524414062,144.587158203125,1.059967041015625,103.52107238769531,103.22944641113281,0.2916259765625,0.32357046008110046,0.31557583808898926,-0.007994621992111206,0.0,0.0,0.0,0.06313753128051758,0.0869452953338623,0.023807764053344727,0.5897731781005859,0.5800691843032837,0.009703993797302246,0.12015406787395477,0.12015406787395477,149.7735185623169
crack0081_01.png,2.0134718894958494,141.17617797851562,139.49722290039062,1.678955078125,102.84222412109375,102.50283813476562,0.339385986328125,0.3028033375740051,0.30304256081581116,0.00023922324180603027,0.0,0.0,0.0,0.0,0.0061081647872924805,0.0061081647872924805,0.5852556824684143,0.5807650685310364,0.00449061393737793,0.1250830888748169,0.1250830888748169,145.5787274837494
crack0081_02.png,2.960813045501709,153.6167449951172,151.11961364746094,2.49713134765625,102.21024322509766,102.0838623046875,0.12638092041015625,0.2895567715167999,0.29138949513435364,0.001832723617553711,0.0,0.0,0.0,0.014863014221191406,0.038231074810028076,0.02336806058883667,0.5787235498428345,0.572060763835907,0.00666278600692749,0.10489100217819214,0.10489100217819214,158.14371502399445
crack0081_03.png,5.336008358001709,148.39581298828125,145.4676971435547,2.9281158447265625,104.91853332519531,104.43506622314453,0.48346710205078125,0.2772335708141327,0.2827485203742981,0.005514949560165405,0.0,0.03584754467010498,0.03584754467010498,0.034589529037475586,0.08312636613845825,0.048536837100982666,0.5860745906829834,0.5775893926620483,0.008485198020935059,0.11181730031967163,0.11181729286909103,153.74072444438934
crack0081_04.png,0.39716148376464844,134.09751892089844,133.78326416015625,0.3142547607421875,103.32080078125,103.37252807617188,-0.051727294921875,0.26312583684921265,0.2634558081626892,0.0003299713134765625,0.0,0.0,0.0,0.0,0.013356328010559082,0.013356328010559082,0.5804651975631714,0.5785351991653442,0.0019299983978271484,0.10387218743562698,0.10387218743562698,141.37144923210144
crack0081_05.png,2.0598854064941405,142.93052673339844,140.97549438476562,1.9550323486328125,104.30313110351562,104.25962829589844,0.0435028076171875,0.3021547794342041,0.30154088139533997,-0.0006138980388641357,0.0,0.0,0.0,0.0,0.0,0.0,0.5897578001022339,0.5863437056541443,0.0034140944480895996,0.11472532898187637,0.11472532898187637,147.450869679451
crack0081_06.png,3.4959325790405273,151.84300231933594,148.6076202392578,3.235382080078125,105.00088500976562,104.26609802246094,0.7347869873046875,0.26557761430740356,0.26373419165611267,-0.0018434226512908936,0.0,0.0,0.0,0.0,0.0,0.0,0.5834140777587891,0.5805613398551941,0.0028527379035949707,0.11142060905694962,0.11142060905694962,157.73782289028168
crack0081_07.png,4.780015468597412,149.13751220703125,146.1259002685547,3.0116119384765625,105.3983154296875,104.76114654541016,0.6371688842773438,0.2938879728317261,0.29179367423057556,-0.0020942986011505127,0.08960556983947754,0.1238778829574585,0.03427231311798096,0.11852681636810303,0.16640794277191162,0.047881126403808594,0.5919261574745178,0.58417147397995,0.007754683494567871,0.12689070403575897,0.12689070403575897,153.80113208293915
crack0081_08.png,3.4552729606628416,144.7784423828125,141.7916717529297,2.9867706298828125,104.04620361328125,103.404541015625,0.64166259765625,0.28898483514785767,0.2910657227039337,0.00208088755607605,0.0,0.0,0.0,0.007142007350921631,0.0,-0.007142007350921631,0.5834755897521973,0.5823414325714111,0.0011341571807861328,0.1145155057311058,0.114515520632267,149.28499054908752
crack0081_09.png,3.1748055458068847,143.35093688964844,140.357421875,2.9935150146484375,105.41071319580078,105.00736999511719,0.40334320068359375,0.3195752501487732,0.3124884366989136,-0.007086813449859619,0.05734455585479736,0.06688052415847778,0.00953596830368042,0.11389213800430298,0.13828933238983154,0.024397194385528564,0.5890657305717468,0.5839292407035828,0.0051364898681640625,0.13231217861175537,0.13231217861175537,146.66750240325928
crack0082_00.png,4.605422019958496,124.1606216430664,120.98316192626953,3.177459716796875,110.6380386352539,109.7142333984375,0.9238052368164062,0.4276776909828186,0.43766647577285767,0.009988784790039062,0.3316563367843628,0.3362404704093933,0.004584133625030518,0.22065019607543945,0.22594791650772095,0.005297720432281494,0.5832218527793884,0.5813225507736206,0.0018993020057678223,0.15502309799194336,0.15502309799194336,120.24010443687439
crack0082_01.png,2.019980239868164,122.25447845458984,120.2623062133789,1.9921722412109375,120.2936782836914,117.32196044921875,2.9717178344726562,0.2938964366912842,0.30156996846199036,0.007673531770706177,0.3001866936683655,0.25265347957611084,-0.04753321409225464,0.13650161027908325,0.11821085214614868,-0.01829075813293457,0.5898615717887878,0.5866973996162415,0.0031641721725463867,0.13221296668052673,0.13221296668052673,127.21906900405884
crack0082_02.png,2.1647975921630858,124.12934875488281,123.49647521972656,0.63287353515625,111.02425384521484,109.62724304199219,1.3970108032226562,0.44684433937072754,0.4415256083011627,-0.005318731069564819,0.44622349739074707,0.47571414709091187,0.029490649700164795,0.3079454302787781,0.32895535230636597,0.02100992202758789,0.5882852673530579,0.5828104615211487,0.00547480583190918,0.14177794754505157,0.14177796244621277,120.85278618335724
crack0082_03.png,5.657767391204834,141.1540985107422,136.72923278808594,4.42486572265625,114.41133117675781,113.2270736694336,1.1842575073242188,0.39250126481056213,0.38020363450050354,-0.012297630310058594,0.24598175287246704,0.29017215967178345,0.044190406799316406,0.19779306650161743,0.21530145406723022,0.017508387565612793,0.5779046416282654,0.5785198211669922,-0.0006151795387268066,0.11471986770629883,0.11471986770629883,139.27024042606354
crack0082_04.png,3.7195024490356445,118.91886901855469,117.10840606689453,1.8104629516601562,115.60231018066406,114.07040405273438,1.5319061279296875,0.5033531785011292,0.513294517993927,0.009941339492797852,0.43187689781188965,0.4370924234390259,0.0052155256271362305,0.3522831201553345,0.3598704934120178,0.00758737325668335,0.5975163578987122,0.5902076363563538,0.0073087215423583984,0.1391661912202835,0.1391661912202835,111.71310114860535
crack0082_05.png,2.604337787628174,150.69061279296875,149.1044921875,1.58612060546875,124.60232543945312,122.45878601074219,2.1435394287109375,0.295676052570343,0.30085986852645874,0.005183815956115723,0.36521774530410767,0.355090856552124,-0.010126888751983643,0.10483413934707642,0.130740225315094,0.025906085968017578,0.5876432061195374,0.5838639140129089,0.003779292106628418,0.1271766722202301,0.1271766722202301,155.6627175807953
crack0082_06.png,3.2123930931091307,119.77969360351562,117.99304962158203,1.7866439819335938,107.80057525634766,106.80525207519531,0.9953231811523438,0.41945594549179077,0.4119359850883484,-0.007519960403442383,0.3809472322463989,0.42172765731811523,0.04078042507171631,0.20386773347854614,0.24245482683181763,0.038587093353271484,0.5817493200302124,0.581799328327179,-5.0008296966552734e-05,0.1341257095336914,0.1341257095336914,117.44218564033508
crack0082_07.png,3.9191473960876464,128.98536682128906,125.81206512451172,3.1733016967773438,116.64539337158203,114.84896087646484,1.7964324951171875,0.34527143836021423,0.3435649871826172,-0.001706451177597046,0.33431845903396606,0.33293068408966064,-0.00138777494430542,0.2721935510635376,0.2806837558746338,0.008490204811096191,0.5961284041404724,0.5906459093093872,0.005482494831085205,0.15633755922317505,0.15633755922317505,130.62995290756226
crack0082_08.png,0.40539007186889653,125.13092041015625,124.67965698242188,0.451263427734375,115.35089111328125,114.9921646118164,0.35872650146484375,0.327921599149704,0.32138094305992126,-0.006540656089782715,0.4130013585090637,0.4198184013366699,0.006817042827606201,0.2300703525543213,0.23743534088134766,0.007364988327026367,0.5932948589324951,0.5917646884918213,0.0015301704406738281,0.13020670413970947,0.13020670413970947,129.3542264699936
crack0082_09.png,2.28896484375,116.5787353515625,115.90742492675781,0.6713104248046875,110.96830749511719,110.27595520019531,0.692352294921875,0.4408808946609497,0.434425950050354,-0.006454944610595703,0.3528783917427063,0.3931930661201477,0.040314674377441406,0.2496325969696045,0.2708180546760559,0.021185457706451416,0.588008463382721,0.5818954110145569,0.0061130523681640625,0.12393530458211899,0.12393531203269958,113.69786167144775
crack0083_00.png,2.467680263519287,96.76834869384766,95.16495513916016,1.6033935546875,106.54190063476562,104.77566528320312,1.7662353515625,0.37075069546699524,0.3690953254699707,-0.0016553699970245361,0.3766745924949646,0.3843992352485657,0.007724642753601074,0.3391922116279602,0.3330789804458618,-0.006113231182098389,0.5851749181747437,0.585644006729126,-0.0004690885543823242,0.23411314189434052,0.23411312699317932,97.2466926574707
crack0083_01.png,1.4608768463134765,94.29048156738281,92.84077453613281,1.44970703125,105.50111389160156,103.98719787597656,1.513916015625,0.45344942808151245,0.44679826498031616,-0.006651163101196289,0.37920624017715454,0.37216997146606445,-0.007036268711090088,0.3277258276939392,0.32075637578964233,-0.006969451904296875,0.5876662731170654,0.5821875929832458,0.00547868013381958,0.19021782279014587,0.1902177929878235,90.26438307762146
crack0083_02.png,1.6987905502319336,100.48799133300781,99.29873657226562,1.1892547607421875,104.53792572021484,103.48194122314453,1.0559844970703125,0.35406580567359924,0.3467956483364105,-0.007270157337188721,0.4396584630012512,0.4553200602531433,0.01566159725189209,0.3605191111564636,0.36838698387145996,0.007867872714996338,0.5858246684074402,0.5847674012184143,0.001057267189025879,0.20598915219306946,0.20598916709423065,102.5186117887497
crack0083_03.png,3.8647767066955567,99.4732894897461,97.630615234375,1.8426742553710938,107.2314682006836,105.48408508300781,1.7473831176757812,0.3038270175457001,0.30563750863075256,0.0018104910850524902,0.46151530742645264,0.48306840658187866,0.021553099155426025,0.2949026823043823,0.2932586669921875,-0.0016440153121948242,0.5921376347541809,0.5842329859733582,0.007904648780822754,0.15810513496398926,0.15810513496398926,104.00783669948578
crack0083_04.png,3.3763555526733398,96.37907409667969,95.63593292236328,0.7431411743164062,103.51983642578125,102.31746673583984,1.2023696899414062,0.29259946942329407,0.31981974840164185,0.02722027897834778,0.3731123208999634,0.3663231134414673,-0.006789207458496094,0.24835848808288574,0.25360435247421265,0.005245864391326904,0.5822914242744446,0.5761361122131348,0.0061553120613098145,0.15646833181381226,0.15646833181381226,101.74319231510162
crack0083_05.png,2.3262816429138184,98.38434600830078,96.32402801513672,2.0603179931640625,110.17950439453125,108.18588256835938,1.993621826171875,0.32935652136802673,0.3174680769443512,-0.011888444423675537,0.32540178298950195,0.3306012749671936,0.00519949197769165,0.24384689331054688,0.2487316131591797,0.0048847198486328125,0.5882852673530579,0.5829949975013733,0.00529026985168457,0.16565732657909393,0.16565732657909393,101.83751308917999
crack0083_06.png,0.5631937026977538,103.11283111572266,101.33737182617188,1.7754592895507812,105.20745086669922,104.32963562011719,0.8778152465820312,0.3789738118648529,0.35807377099990845,-0.020900040864944458,0.4042133688926697,0.4036991596221924,-0.0005142092704772949,0.2947661280632019,0.2906048893928528,-0.004161238670349121,0.5880276560783386,0.5847981572151184,0.003229498863220215,0.2267361581325531,0.2267361730337143,104.2617814540863
crack0083_07.png,3.8676779747009276,105.03336334228516,103.18057250976562,1.8527908325195312,108.01016235351562,106.02507781982422,1.9850845336914062,0.3558371067047119,0.34975364804267883,-0.006083458662033081,0.42531871795654297,0.46029841899871826,0.03497970104217529,0.3389124870300293,0.3441210389137268,0.00520855188369751,0.5855247974395752,0.5778162479400635,0.007708549499511719,0.17946366965770721,0.17946365475654602,106.54274094104767
crack0083_08.png,1.7757659912109376,98.23342895507812,97.67897033691406,0.5544586181640625,102.86851501464844,101.8858642578125,0.9826507568359375,0.2878285348415375,0.30235031247138977,0.014521777629852295,0.3774455785751343,0.36867374181747437,-0.008771836757659912,0.29072105884552,0.3114140033721924,0.020692944526672363,0.5780161619186401,0.5775817036628723,0.00043445825576782227,0.18124693632125854,0.18124693632125854,103.80713403224945
crack0083_09.png,1.9128777503967285,95.29625701904297,94.57088470458984,0.725372314453125,108.39944458007812,107.46563720703125,0.933807373046875,0.27773424983024597,0.2828208804130554,0.005086630582809448,0.3193885087966919,0.32865363359451294,0.009265124797821045,0.18384474515914917,0.19379425048828125,0.00994950532913208,0.5782583355903625,0.5773471593856812,0.0009111762046813965,0.15730604529380798,0.15730604529380798,101.39984929561615
crack0084_00.png,0.47771596908569336,106.72933197021484,106.7525405883789,-0.0232086181640625,115.91510772705078,114.7684097290039,1.146697998046875,0.37601184844970703,0.3718004822731018,-0.004211366176605225,0.3720976710319519,0.3741409182548523,0.0020432472229003906,0.3097025752067566,0.3271641135215759,0.017461538314819336,0.5929757952690125,0.5855401754379272,0.007435619831085205,0.1696181297302246,0.1696181297302246,108.15193915367126
crack0084_01.png,3.035963249206543,113.8719711303711,113.03427124023438,0.8376998901367188,121.78663635253906,119.58295440673828,2.2036819458007812,0.33311063051223755,0.3471226990222931,0.014012068510055542,0.32045644521713257,0.3226877450942993,0.002231299877166748,0.339746356010437,0.3479785919189453,0.0082322359085083,0.5863975286483765,0.5837332010269165,0.002664327621459961,0.22528910636901855,0.22528910636901855,116.92238450050354
crack0084_02.png,1.1170479774475097,120.11820983886719,120.01420593261719,0.10400390625,112.34327697753906,111.30078887939453,1.0424880981445312,0.3313848674297333,0.3358156979084015,0.004430830478668213,0.20579439401626587,0.21210306882858276,0.0063086748123168945,0.21069693565368652,0.22587871551513672,0.015181779861450195,0.582895040512085,0.5831641554832458,-0.00026911497116088867,0.1387006938457489,0.1387006938457489,123.50968205928802
crack0084_03.png,8.082505369186402,143.1127166748047,135.7356414794922,7.3770751953125,135.34420776367188,130.30604553222656,5.0381622314453125,0.23062407970428467,0.21281130611896515,-0.01781277358531952,0.0,0.0,0.0,0.0,0.0,0.0,0.5953248739242554,0.5924451947212219,0.0028796792030334473,0.2013077288866043,0.2013077288866043,150.46849566698074
crack0084_04.png,2.9591723442077638,123.56678771972656,122.3398208618164,1.2269668579101562,122.1346206665039,120.4774169921875,1.6572036743164062,0.26102009415626526,0.2675136625766754,0.006493568420410156,0.0,0.011719822883605957,0.011719822883605957,0.05182456970214844,0.09070241451263428,0.03887784481048584,0.5929065942764282,0.5908804535865784,0.0020261406898498535,0.18330229818820953,0.18330231308937073,131.0083624124527
crack0084_05.png,4.2154875755310055,110.98204803466797,109.64698791503906,1.3350601196289062,119.69766235351562,118.53701782226562,1.16064453125,0.3591347336769104,0.3702690899372101,0.011134356260299683,0.3389352560043335,0.3746410012245178,0.035705745220184326,0.28497856855392456,0.3248593807220459,0.03988081216812134,0.5899769067764282,0.5875471234321594,0.002429783344268799,0.18928062915802002,0.18928062915802002,112.36551022529602
crack0084_06.png,-0.3717023849487304,110.06038665771484,111.01023864746094,-0.9498519897460938,110.07537841796875,108.60646057128906,1.4689178466796875,0.3128421902656555,0.31436359882354736,0.0015214085578918457,0.20700109004974365,0.20370745658874512,-0.003293633460998535,0.21230340003967285,0.22661513090133667,0.014311730861663818,0.5893617868423462,0.5893464088439941,1.537799835205078e-05,0.19481316208839417,0.19481316208839417,115.33925271034241
crack0084_07.png,2.9721967697143556,112.29749298095703,112.031982421875,0.26551055908203125,115.6103744506836,114.2196044921875,1.3907699584960938,0.25056102871894836,0.25762826204299927,0.007067233324050903,0.08174562454223633,0.11503845453262329,0.03329282999038696,0.11705327033996582,0.13166016340255737,0.014606893062591553,0.591199517250061,0.5848673582077026,0.0063321590423583984,0.1542603224515915,0.1542603224515915,120.77905666828156
crack0084_08.png,1.6481462478637696,116.3979263305664,116.22229766845703,0.175628662109375,115.9136962890625,113.9867935180664,1.9269027709960938,0.2741157114505768,0.28069427609443665,0.006578564643859863,0.0,0.0,0.0,0.0,0.0,0.0,0.5938946604728699,0.5895078778266907,0.004386782646179199,0.1757432222366333,0.1757432222366333,123.6189557313919
crack0084_09.png,3.2304288864135744,107.84597778320312,105.97285461425781,1.8731231689453125,112.89132690429688,111.10794830322266,1.7833786010742188,0.2687000632286072,0.26903465390205383,0.0003345906734466553,0.25056713819503784,0.2655777335166931,0.015010595321655273,0.26339077949523926,0.2736228108406067,0.010232031345367432,0.5872818231582642,0.5868627429008484,0.0004190802574157715,0.1875666081905365,0.1875666081905365,114.2786853313446
crack0085_00.png,2.0506381034851073,98.09358215332031,97.02056884765625,1.0730133056640625,101.44564056396484,100.46772766113281,0.9779129028320312,0.2937031090259552,0.29735836386680603,0.00365525484085083,0.0,0.0,0.0,0.0,0.0,0.0,0.5834486484527588,0.5760976672172546,0.00735098123550415,0.12425938248634338,0.12425938248634338,103.27283489704132
crack0085_01.png,1.1241724967956543,118.95097351074219,117.86505889892578,1.0859146118164062,107.24078369140625,106.23191833496094,1.0088653564453125,0.3023684620857239,0.2968277335166931,-0.005540728569030762,0.0,0.0,0.0,0.0,0.027200639247894287,0.027200639247894287,0.5803152918815613,0.5783660411834717,0.0019492506980895996,0.13767839968204498,0.13767839968204498,123.81096386909485
crack0085_02.png,0.8023571968078613,110.71585083007812,110.13282775878906,0.5830230712890625,104.41659545898438,103.75260925292969,0.6639862060546875,0.28442350029945374,0.27689409255981445,-0.007529407739639282,0.0,0.0,0.0,0.0,0.0,0.0,0.5892502665519714,0.5753479599952698,0.01390230655670166,0.12031131982803345,0.12031131982803345,117.38070440292358
crack0085_03.png,0.27059268951416016,87.48934173583984,86.3569564819336,1.13238525390625,99.71138000488281,98.73977661132812,0.9716033935546875,0.3415994942188263,0.32420435547828674,-0.01739513874053955,0.0,0.0,0.0,0.0,0.0,0.0,0.578765869140625,0.575236439704895,0.0035294294357299805,0.12646670639514923,0.12646670639514923,90.62152254581451
crack0085_04.png,1.8408665657043457,110.18657684326172,108.86023712158203,1.3263397216796875,107.9949951171875,106.52793884277344,1.4670562744140625,0.26644355058670044,0.26312538981437683,-0.0033181607723236084,0.0,0.0,0.0,0.0,0.0,0.0,0.5881161093711853,0.5832871794700623,0.004828929901123047,0.13680513203144073,0.13680513203144073,117.26052796840668
crack0085_05.png,2.2129130363464355,122.09442138671875,119.77789306640625,2.3165283203125,116.0880126953125,111.17185974121094,4.9161529541015625,0.27235540747642517,0.27843594551086426,0.006080538034439087,0.13353943824768066,0.05938422679901123,-0.07415521144866943,0.07541793584823608,0.025314629077911377,-0.05010330677032471,0.59393310546875,0.583690881729126,0.010242223739624023,0.1269611418247223,0.1269611418247223,128.352156996727
crack0085_06.png,1.4371413230895995,109.41495513916016,108.03523254394531,1.3797225952148438,106.79143524169922,106.50192260742188,0.28951263427734375,0.25614333152770996,0.26264646649360657,0.0065031349658966064,0.035311996936798096,0.016589999198913574,-0.01872199773788452,0.1082453727722168,0.09400069713592529,-0.014244675636291504,0.580545961856842,0.5762898921966553,0.004256069660186768,0.12733697891235352,0.12733697891235352,116.57833242416382
crack0085_07.png,1.2557068824768067,91.37528228759766,90.1064453125,1.2688369750976562,108.18359375,107.15913391113281,1.0244598388671875,0.3502022922039032,0.34427571296691895,-0.005926579236984253,0.0,0.0,0.0,0.0,0.0,0.0,0.5766397714614868,0.5753594636917114,0.0012803077697753906,0.12995636463165283,0.12995636463165283,93.14991188049316
crack0085_08.png,3.0120872497558593,104.1448974609375,101.21440887451172,2.9304885864257812,103.69529724121094,102.40072631835938,1.2945709228515625,0.2905696630477905,0.28325021266937256,-0.007319450378417969,0.0,0.0,0.0,0.0,0.0,0.0,0.5788658261299133,0.5751326680183411,0.0037331581115722656,0.12442027032375336,0.12442027032375336,108.83927345275879
crack0085_09.png,2.6489789962768553,112.92796325683594,111.50099182128906,1.426971435546875,118.06645202636719,113.7621078491211,4.304344177246094,0.29257091879844666,0.2939777076244354,0.0014067888259887695,0.029182255268096924,0.0,-0.029182255268096924,0.004859983921051025,0.0,-0.004859983921051025,0.5965205430984497,0.5826451182365417,0.013875424861907959,0.11754363775253296,0.11754362285137177,118.52104413509369
crack0086_00.png,0.3563544750213623,63.82613754272461,63.4636116027832,0.36252593994140625,115.65873718261719,114.28010559082031,1.378631591796875,0.13875490427017212,0.12948356568813324,-0.00927133858203888,0.0,0.0,0.0,0.0,0.0,0.0,0.5954171419143677,0.5908150672912598,0.00460207462310791,0.11596377193927765,0.11596377193927765,79.69254630804062
crack0086_01.png,6.054217147827148,77.69420623779297,74.25914001464844,3.4350662231445312,120.86976623535156,118.62493896484375,2.2448272705078125,0.19359275698661804,0.21284541487693787,0.019252657890319824,0.0,0.0,0.0,0.0,0.0,0.0,0.5969050526618958,0.5923798680305481,0.004525184631347656,0.11028584837913513,0.11028584092855453,88.23730981349945
crack0086_02.png,-0.2539228439331054,67.58628845214844,66.98023986816406,0.606048583984375,125.26986694335938,124.08404541015625,1.185821533203125,0.1444600373506546,0.1258089691400528,-0.018651068210601807,0.0,0.0,0.0,0.0,0.0,0.0,0.5965936183929443,0.592648983001709,0.0039446353912353516,0.12132826447486877,0.12132826447486877,83.59847074747086
crack0086_03.png,-0.666355562210083,52.09489440917969,52.72476577758789,-0.6298713684082031,120.8509521484375,120.5086669921875,0.34228515625,0.11536072939634323,0.11063269525766373,-0.004728034138679504,0.0,0.0,0.0,0.0,0.0,0.0,0.5932756662368774,0.5881545543670654,0.005121111869812012,0.11812801659107208,0.11812801659107208,69.50289502739906
crack0086_04.png,0.2571703672409058,66.5370864868164,66.72148132324219,-0.18439483642578125,121.95054626464844,120.5753173828125,1.3752288818359375,0.12569254636764526,0.12079503387212753,-0.004897512495517731,0.0,0.0,0.0,0.0,0.0,0.0,0.5958784818649292,0.5887966156005859,0.007081866264343262,0.1139073371887207,0.1139073371887207,83.21672114729881
crack0086_05.png,-1.0884886980056763,75.10823059082031,76.15795135498047,-1.0497207641601562,112.22222900390625,112.0302734375,0.19195556640625,0.12745799124240875,0.12179408222436905,-0.005663909018039703,0.0,0.0,0.0,0.0,0.0,0.0,0.594894289970398,0.586455225944519,0.008439064025878906,0.11843821406364441,0.11843821406364441,92.12121763825417
crack0086_06.png,0.039774513244628995,53.20854187011719,54.44380187988281,-1.235260009765625,120.17843627929688,118.38680267333984,1.7916336059570312,0.14945276081562042,0.15241868793964386,0.0029659271240234375,0.0,0.0,0.0,0.0,0.0,0.0,0.5933448672294617,0.5853171944618225,0.00802767276763916,0.11391273140907288,0.11391273140907288,68.59280091524124
crack0086_07.png,0.24063858985900877,53.821720123291016,53.382850646972656,0.4388694763183594,118.16079711914062,118.55982971191406,-0.3990325927734375,0.18139518797397614,0.17783093452453613,-0.0035642534494400024,0.0,0.0,0.0,0.0,0.0,0.0,0.5908804535865784,0.5847173929214478,0.006163060665130615,0.11022907495498657,0.11022907495498657,66.5676474571228
crack0086_08.png,1.4546696662902834,61.073768615722656,63.4200553894043,-2.3462867736816406,119.36802673339844,117.5802230834961,1.7878036499023438,0.12605424225330353,0.1607421189546585,0.03468787670135498,0.0,0.0,0.0,0.0,0.0,0.0,0.5915302038192749,0.5837600827217102,0.007770121097564697,0.11613498628139496,0.11613498628139496,78.34486562013626
crack0086_09.png,-0.8944725513458252,63.59946823120117,65.251220703125,-1.6517524719238281,125.59768676757812,122.7702407836914,2.8274459838867188,0.19144390523433685,0.1816093623638153,-0.009834542870521545,0.0,0.0022104978561401367,0.0022104978561401367,0.0,0.0,0.0,0.5917301177978516,0.5836139917373657,0.00811612606048584,0.12163390219211578,0.12163390219211578,77.19798743724823
crack0087_00.png,2.1061989784240724,100.58769226074219,100.14924621582031,0.438446044921875,111.25755310058594,109.54722595214844,1.7103271484375,0.20978416502475739,0.2115972489118576,0.0018130838871002197,0.2990986704826355,0.3245689868927002,0.025470316410064697,0.24844205379486084,0.27149319648742676,0.023051142692565918,0.5783583521842957,0.5828642845153809,-0.004505932331085205,0.18019600212574005,0.18019600212574005,111.09599071741104
crack0087_01.png,2.716579818725586,117.16133117675781,116.12639617919922,1.0349349975585938,118.70101928710938,117.203125,1.497894287109375,0.2459753304719925,0.24569733440876007,-0.0002779960632324219,0.18657022714614868,0.21208924055099487,0.02551901340484619,0.15776413679122925,0.17609941959381104,0.018335282802581787,0.5844482779502869,0.5823491215705872,0.002099156379699707,0.20457562804222107,0.20457562804222107,125.27995473146439
crack0087_02.png,1.6596910476684572,100.49260711669922,100.46137237548828,0.0312347412109375,111.91590881347656,110.3281478881836,1.5877609252929688,0.1693347841501236,0.16777591407299042,-0.0015588700771331787,0.21855896711349487,0.24672967195510864,0.02817070484161377,0.08953481912612915,0.09738439321517944,0.007849574089050293,0.5801883935928345,0.5804075598716736,-0.00021916627883911133,0.15970993041992188,0.15970991551876068,113.62673729658127
crack0087_03.png,6.034516716003418,121.04114532470703,116.32369995117188,4.717445373535156,124.16924285888672,119.28324890136719,4.885993957519531,0.239065483212471,0.22537441551685333,-0.013691067695617676,0.19230151176452637,0.20143598318099976,0.009134471416473389,0.12143152952194214,0.12337702512741089,0.00194549560546875,0.5967627763748169,0.5944482684135437,0.0023145079612731934,0.18509790301322937,0.18509790301322937,129.03046876192093
crack0087_04.png,1.683047389984131,100.85511016845703,100.56061553955078,0.29449462890625,108.39375305175781,106.88440704345703,1.5093460083007812,0.2051188200712204,0.20680253207683563,0.0016837120056152344,0.36420345306396484,0.37507766485214233,0.01087421178817749,0.2176656723022461,0.22487127780914307,0.007205605506896973,0.5826336145401001,0.5772548913955688,0.00537872314453125,0.17583203315734863,0.17583203315734863,111.70607823133469
crack0087_05.png,1.7180771350860595,106.35933685302734,105.70931243896484,0.6500244140625,104.4387435913086,104.2430419921875,0.19570159912109375,0.17719373106956482,0.18444468080997467,0.007250949740409851,0.09853249788284302,0.10530698299407959,0.006774485111236572,0.0,0.0,0.0,0.5827720165252686,0.5793040990829468,0.0034679174423217773,0.1729455590248108,0.17294558882713318,118.71358144283295
crack0087_06.png,2.732355260848999,99.00149536132812,98.96299743652344,0.0384979248046875,107.27330780029297,106.44859313964844,0.8247146606445312,0.22144803404808044,0.2343224734067917,0.012874439358711243,0.11184912919998169,0.13751018047332764,0.025661051273345947,0.005550801753997803,0.0315704345703125,0.026019632816314697,0.5923990607261658,0.5847097039222717,0.007689356803894043,0.2013632357120514,0.20136325061321259,109.39132678508759
crack0087_07.png,2.010564184188843,102.14139556884766,101.70528411865234,0.4361114501953125,111.05400085449219,108.86643981933594,2.18756103515625,0.2023923099040985,0.20331750810146332,0.0009251981973648071,0.19280850887298584,0.20506435632705688,0.012255847454071045,0.04905259609222412,0.04253500699996948,-0.006517589092254639,0.587543249130249,0.5841637849807739,0.0033794641494750977,0.17602619528770447,0.17602619528770447,113.28153121471405
crack0087_08.png,1.1659153938293456,93.32352447509766,92.54703521728516,0.7764892578125,115.62445068359375,113.38772583007812,2.236724853515625,0.19092042744159698,0.18428553640842438,-0.006634891033172607,0.0,0.0,0.0,0.0,0.0,0.0,0.5848711729049683,0.5842329859733582,0.0006381869316101074,0.18157833814620972,0.18157833814620972,105.27299457788467
crack0087_09.png,2.5831127166748047,98.40837097167969,97.90729522705078,0.5010757446289062,108.89645385742188,106.64028930664062,2.25616455078125,0.22578993439674377,0.22906261682510376,0.0032726824283599854,0.2453736662864685,0.2674409747123718,0.02206730842590332,0.10172933340072632,0.12334436178207397,0.021615028381347656,0.5814110040664673,0.5805343985557556,0.0008766055107116699,0.16820946335792542,0.16820946335792542,107.8668771982193
crack0088_00.png,-0.62961688041687,138.455322265625,139.35919189453125,-0.90386962890625,109.31871795654297,108.23631286621094,1.0824050903320312,0.16752472519874573,0.1627732366323471,-0.004751488566398621,0.30849653482437134,0.31131356954574585,0.0028170347213745117,0.3724184036254883,0.3607112765312195,-0.011707127094268799,0.5806766748428345,0.5779584646224976,0.002718210220336914,0.11789846420288086,0.11789846420288086,152.36792987585068
crack0088_01.png,-1.8821508407592775,171.53414916992188,172.6817169189453,-1.1475677490234375,114.84379577636719,114.7298583984375,0.1139373779296875,0.10959723591804504,0.10728469491004944,-0.0023125410079956055,0.15224212408065796,0.13334554433822632,-0.01889657974243164,0.2616158723831177,0.24911433458328247,-0.012501537799835205,0.5852787494659424,0.5812610387802124,0.0040177106857299805,0.11391052603721619,0.11391052603721619,189.08200132846832
crack0088_02.png,-0.7018592119216919,157.4614715576172,158.77401733398438,-1.3125457763671875,116.49173736572266,115.13872528076172,1.3530120849609375,0.10850840061903,0.11185608804225922,0.0033476874232292175,0.24309206008911133,0.23355084657669067,-0.009541213512420654,0.2695351243019104,0.266643762588501,-0.002891361713409424,0.5824106335639954,0.5778277516365051,0.004582881927490234,0.10531267523765564,0.10531267523765564,174.9036657512188
crack0088_03.png,-1.1232452392578125,143.8231964111328,145.1311798095703,-1.3079833984375,104.8384017944336,104.23541259765625,0.6029891967773438,0.15364806354045868,0.15703360736370087,0.0033855438232421875,0.2608776092529297,0.2539868950843811,-0.006890714168548584,0.31884437799453735,0.3142492175102234,-0.004595160484313965,0.5782352685928345,0.5795270800590515,-0.001291811466217041,0.11034442484378815,0.11034442484378815,158.4393875002861
crack0088_04.png,-1.0400657176971435,160.947509765625,161.2488250732422,-0.3013153076171875,116.37893676757812,115.45765686035156,0.9212799072265625,0.13965272903442383,0.13575796782970428,-0.0038947612047195435,0.27839452028274536,0.2540541887283325,-0.024340331554412842,0.3280983567237854,0.30212533473968506,-0.025973021984100342,0.5798577666282654,0.575409471988678,0.004448294639587402,0.10762590169906616,0.10762590914964676,176.14700001478195
crack0088_05.png,-0.5073197364807127,143.01766967773438,144.3955535888672,-1.3778839111328125,109.22262573242188,107.93527221679688,1.287353515625,0.2122298926115036,0.20669879019260406,-0.005531102418899536,0.25422316789627075,0.27184993028640747,0.01762676239013672,0.22471702098846436,0.2337348461151123,0.00901782512664795,0.5799615383148193,0.5776355266571045,0.0023260116577148438,0.13739588856697083,0.13739588856697083,154.5031457543373
crack0088_06.png,-1.1042109012603758,150.97764587402344,152.13009643554688,-1.1524505615234375,110.95071411132812,109.52664184570312,1.424072265625,0.13711783289909363,0.13805533945560455,0.0009375065565109253,0.2488558292388916,0.23567235469818115,-0.01318347454071045,0.3161579966545105,0.3306547999382019,0.014496803283691406,0.5752748847007751,0.57700115442276,-0.0017262697219848633,0.12008249759674072,0.12008249759674072,166.40684735774994
crack0088_07.png,-1.4492559432983398,145.02407836914062,145.5917205810547,-0.5676422119140625,109.15604400634766,108.3594970703125,0.7965469360351562,0.14843831956386566,0.1465759128332138,-0.0018624067306518555,0.27540940046310425,0.2519965171813965,-0.023412883281707764,0.31767743825912476,0.3155408501625061,-0.0021365880966186523,0.5804575085639954,0.5833256244659424,-0.0028681159019470215,0.11201305687427521,0.11201305687427521,159.84636968374252
crack0088_08.png,-0.39588012695312497,152.6066131591797,152.76235961914062,-0.1557464599609375,116.51296997070312,115.47050476074219,1.0424652099609375,0.11823311448097229,0.11256983876228333,-0.005663275718688965,0.20750820636749268,0.20021915435791016,-0.0072890520095825195,0.21876633167266846,0.20873427391052246,-0.010032057762145996,0.5849980711936951,0.5828104615211487,0.0021876096725463867,0.11023105680942535,0.11023105680942535,169.33021891117096
crack0088_09.png,-1.7614854335784913,134.1392059326172,135.43331909179688,-1.2941131591796875,107.1347885131836,106.38529968261719,0.7494888305664062,0.16941086947917938,0.1664728820323944,-0.002937987446784973,0.26517027616500854,0.2521323561668396,-0.013037919998168945,0.30933016538619995,0.2896912693977356,-0.019638895988464355,0.5795155763626099,0.5797808766365051,-0.00026530027389526367,0.13831950724124908,0.13831950724124908,147.98912465572357
crack0089_00.png,3.7214550971984863,131.7617950439453,129.53648376464844,2.225311279296875,104.39774322509766,103.48095703125,0.9167861938476562,0.13521797955036163,0.15524603426456451,0.02002805471420288,0.08411556482315063,0.0680045485496521,-0.016111016273498535,0.15802574157714844,0.140974760055542,-0.017050981521606445,0.5797923803329468,0.5755017399787903,0.004290640354156494,0.11920902132987976,0.11920902132987976,145.72775584459305
crack0089_01.png,0.31241393089294434,122.16818237304688,122.35480499267578,-0.18662261962890625,104.81079864501953,104.17340087890625,0.6373977661132812,0.1642078310251236,0.16097506880760193,-0.0032327622175216675,0.0,0.006696641445159912,0.006696641445159912,0.11838686466217041,0.1143154501914978,-0.004071414470672607,0.5849058032035828,0.5790349841117859,0.005870819091796875,0.12101596593856812,0.12101596593856812,135.99922168254852
crack0089_02.png,3.897213363647461,144.37925720214844,142.23092651367188,2.1483306884765625,115.14837646484375,112.89864349365234,2.2497329711914062,0.13499724864959717,0.13204890489578247,-0.0029483437538146973,0.16095387935638428,0.1821390986442566,0.021185219287872314,0.1727427840232849,0.18563956022262573,0.01289677619934082,0.5940138697624207,0.5880776643753052,0.0059362053871154785,0.11233345419168472,0.11233346164226532,159.14271235466003
crack0089_03.png,1.9902231693267822,143.5502471923828,140.84288024902344,2.707366943359375,108.02339172363281,107.61811828613281,0.4052734375,0.12755103409290314,0.13479095697402954,0.007239922881126404,0.050946712493896484,0.004423975944519043,-0.04652273654937744,0.12245011329650879,0.07297736406326294,-0.04947274923324585,0.5966513156890869,0.5865897536277771,0.010061562061309814,0.11471669375896454,0.11471667885780334,158.4095543026924
crack0089_04.png,2.2745923519134523,132.979248046875,131.32521057128906,1.6540374755859375,107.67597198486328,107.60035705566406,0.07561492919921875,0.20514695346355438,0.19790619611740112,-0.007240757346153259,0.06257092952728271,0.08404392004013062,0.0214729905128479,0.21520274877548218,0.21116727590560913,-0.004035472869873047,0.5963860154151917,0.5886197686195374,0.007766246795654297,0.14257200062274933,0.14257200062274933,144.13329815864563
crack0089_05.png,2.302759027481079,128.44090270996094,125.62445831298828,2.8164443969726562,107.28793334960938,106.36700439453125,0.920928955078125,0.17675073444843292,0.17539039254188538,-0.0013603419065475464,0.16332650184631348,0.1340687870979309,-0.02925771474838257,0.2087029218673706,0.16911745071411133,-0.03958547115325928,0.596201479434967,0.5862745046615601,0.009926974773406982,0.13272181153297424,0.13272179663181305,140.35731613636017
crack0089_06.png,-0.16598389148712167,141.6583709716797,138.55999755859375,3.0983734130859375,108.1378173828125,107.32412719726562,0.813690185546875,0.12370353192090988,0.1286759227514267,0.004972390830516815,0.14358597993850708,0.04129248857498169,-0.10229349136352539,0.1558942198753357,0.0922357439994812,-0.06365847587585449,0.5957900881767273,0.5931872129440308,0.002602875232696533,0.11704903095960617,0.11704902350902557,156.51857587695122
crack0089_07.png,5.037320566177368,123.68230438232422,121.36409759521484,2.318206787109375,104.32534790039062,103.65536499023438,0.66998291015625,0.14083044230937958,0.15039271116256714,0.009562268853187561,0.009331583976745605,0.045771896839141846,0.03644031286239624,0.12045592069625854,0.09118866920471191,-0.02926725149154663,0.5831257104873657,0.5774125456809998,0.005713164806365967,0.11497150361537933,0.11497150361537933,137.39840286970139
crack0089_08.png,4.142087364196778,138.9616241455078,135.272216796875,3.6894073486328125,111.24822998046875,110.332763671875,0.91546630859375,0.17165496945381165,0.18883070349693298,0.017175734043121338,0.21438467502593994,0.1776587963104248,-0.03672587871551514,0.22630459070205688,0.21113890409469604,-0.01516568660736084,0.5950480699539185,0.5905113220214844,0.004536747932434082,0.11780021339654922,0.11780022084712982,150.61954510211945
crack0089_09.png,0.834972047805786,136.72604370117188,134.6963653564453,2.0296783447265625,111.63836669921875,110.10820007324219,1.5301666259765625,0.17222538590431213,0.16922731697559357,-0.002998068928718567,0.12424927949905396,0.07993572950363159,-0.04431354999542236,0.1325262188911438,0.1097787618637085,-0.022747457027435303,0.5878700613975525,0.582729697227478,0.005140364170074463,0.13972154259681702,0.13972154259681702,149.07236796617508
crack0090_00.png,2.019075107574463,106.38697814941406,104.58858489990234,1.7983932495117188,105.59182739257812,104.466064453125,1.125762939453125,0.3169429302215576,0.3051553964614868,-0.0117875337600708,0.40282320976257324,0.41811251640319824,0.015289306640625,0.3106820583343506,0.3142927289009094,0.003610670566558838,0.5871664881706238,0.5846213102340698,0.002545177936553955,0.21015268564224243,0.21015268564224243,110.66511726379395
crack0090_01.png,2.0588356971740724,111.59526824951172,110.182861328125,1.4124069213867188,108.87596130371094,107.48362731933594,1.392333984375,0.26517412066459656,0.2611548602581024,-0.004019260406494141,0.2756214141845703,0.28392112255096436,0.008299708366394043,0.20732450485229492,0.20873773097991943,0.0014132261276245117,0.5910496115684509,0.5890734195709229,0.001976191997528076,0.1999601125717163,0.1999601125717163,118.86175763607025
crack0090_02.png,3.968251609802246,102.79377746582031,99.95816040039062,2.8356170654296875,108.2857437133789,106.19596099853516,2.08978271484375,0.2690563201904297,0.26510459184646606,-0.003951728343963623,0.4456924796104431,0.45819586515426636,0.012503385543823242,0.2871142029762268,0.28013360500335693,-0.006980597972869873,0.5811995267868042,0.5783814191818237,0.0028181076049804688,0.14174342155456543,0.14174343645572662,108.71767449378967
crack0090_03.png,1.3571536540985107,105.32605743408203,103.86708068847656,1.4589767456054688,108.95455932617188,107.885986328125,1.068572998046875,0.2338438630104065,0.21768991649150848,-0.01615394651889801,0.45154625177383423,0.4632064700126648,0.011660218238830566,0.31732016801834106,0.3352234363555908,0.017903268337249756,0.5920761227607727,0.58465975522995,0.007416367530822754,0.15598589181900024,0.15598589181900024,115.2182189822197
crack0090_04.png,1.5941244125366212,103.59719848632812,101.89212799072266,1.7050704956054688,104.61431884765625,103.80138397216797,0.8129348754882812,0.2766466438770294,0.2735038697719574,-0.0031427741050720215,0.39506763219833374,0.3874320983886719,-0.007635533809661865,0.34351158142089844,0.33665895462036133,-0.006852626800537109,0.5850634574890137,0.5820453763008118,0.0030180811882019043,0.1893046796321869,0.1893046796321869,109.7369693517685
crack0090_05.png,2.5918300628662108,109.38701629638672,107.31253814697266,2.0744781494140625,109.61772918701172,107.80304718017578,1.8146820068359375,0.3336120545864105,0.32782652974128723,-0.005785524845123291,0.47058165073394775,0.4717071056365967,0.0011254549026489258,0.38574618101119995,0.3888283967971802,0.0030822157859802246,0.5923836827278137,0.5871511101722717,0.005232572555541992,0.2315509170293808,0.2315509170293808,112.375532746315
crack0090_06.png,5.437265491485595,113.059814453125,110.92298126220703,2.1368331909179688,110.78939819335938,109.21173095703125,1.577667236328125,0.26013797521591187,0.2766256630420685,0.016487687826156616,0.3451290726661682,0.3717905879020691,0.02666151523590088,0.2556806206703186,0.30985790491104126,0.054177284240722656,0.5972241163253784,0.5901268720626831,0.0070972442626953125,0.19032958149909973,0.19032958149909973,120.27208399772644
crack0090_07.png,3.7869073390960692,110.6257553100586,108.14631652832031,2.4794387817382812,107.9981918334961,106.04047393798828,1.9577178955078125,0.24016788601875305,0.24560396373271942,0.00543607771396637,0.49500781297683716,0.49242013692855835,-0.0025876760482788086,0.3420117497444153,0.36119091510772705,0.019179165363311768,0.5909380912780762,0.5861130356788635,0.0048250555992126465,0.1833900809288025,0.1833900809288025,118.61348640918732
crack0090_08.png,3.4462762832641602,115.60189056396484,113.70653533935547,1.895355224609375,112.24935913085938,110.49728393554688,1.7520751953125,0.18900524079799652,0.19211317598819733,0.0031079351902008057,0.4790962338447571,0.489665150642395,0.01056891679763794,0.2749205231666565,0.3032252788543701,0.028304755687713623,0.5851287841796875,0.5806612968444824,0.004467487335205078,0.18007920682430267,0.18007922172546387,126.71904987096786
crack0090_09.png,2.29141902923584,111.6292495727539,110.29672241210938,1.3325271606445312,110.4561767578125,109.10134887695312,1.354827880859375,0.23944702744483948,0.23642444610595703,-0.0030225813388824463,0.44995176792144775,0.45762431621551514,0.007672548294067383,0.37709665298461914,0.39500153064727783,0.01790487766265869,0.5967897176742554,0.5879930853843689,0.008796632289886475,0.16067180037498474,0.16067183017730713,120.64910793304443
crack0091_00.png,3.091762065887451,97.43379211425781,94.60350799560547,2.8302841186523438,110.85861206054688,110.05706787109375,0.801544189453125,0.17519614100456238,0.1717732846736908,-0.003422856330871582,0.0,0.0,0.0,0.0,0.0,0.0,0.5888466238975525,0.5834794044494629,0.0053672194480896,0.1312180757522583,0.1312180757522583,109.26611793041229
crack0091_01.png,4.510271310806274,117.01660919189453,114.015625,3.0009841918945312,117.66651153564453,114.62596893310547,3.0405426025390625,0.19591183960437775,0.1960361897945404,0.0001243501901626587,0.0,0.0,0.0,0.007983624935150146,0.028953969478607178,0.02097034454345703,0.5988389253616333,0.5917608737945557,0.007078051567077637,0.13888120651245117,0.13888120651245117,127.71496373414993
crack0091_02.png,3.2615514755249024,85.61837005615234,82.52928161621094,3.0890884399414062,106.80332946777344,107.00239562988281,-0.199066162109375,0.19398297369480133,0.1977723091840744,0.0037893354892730713,0.0,0.0,0.0,0.011497914791107178,0.0,-0.011497914791107178,0.5861130356788635,0.5873894691467285,-0.0012764334678649902,0.13081780076026917,0.13081780076026917,95.9304261803627
crack0091_03.png,3.516106128692627,93.41416931152344,91.28057861328125,2.1335906982421875,108.90437316894531,108.74701690673828,0.15735626220703125,0.17833468317985535,0.19241490960121155,0.014080226421356201,0.0,0.0,0.0,0.0,0.0,0.0,0.5917569994926453,0.586928129196167,0.0048288702964782715,0.12887492775917053,0.12887495756149292,105.31757295131683
crack0091_04.png,4.349849128723145,85.06489562988281,81.53590393066406,3.52899169921875,110.12935638427734,109.71792602539062,0.41143035888671875,0.13754141330718994,0.1403585970401764,0.00281718373298645,0.0,0.0,0.0,0.0,0.0,0.0,0.5935140252113342,0.5827412605285645,0.010772764682769775,0.10681045800447464,0.10681045800447464,98.78847599029541
crack0091_05.png,1.2208768367767333,77.53727722167969,75.3503646850586,2.1869125366210938,108.6400375366211,110.58120727539062,-1.9411697387695312,0.19344696402549744,0.22112758457660675,0.027680620551109314,0.20644980669021606,0.1456073522567749,-0.06084245443344116,0.22451633214950562,0.19617998600006104,-0.02833634614944458,0.5897462368011475,0.5890042185783386,0.0007420182228088379,0.13502013683319092,0.13502013683319092,88.42685258388519
crack0091_06.png,3.667026138305664,94.52352142333984,91.85636901855469,2.6671524047851562,112.03903198242188,111.97419738769531,0.0648345947265625,0.14993122220039368,0.1562480926513672,0.006316870450973511,0.0,0.0,0.0,0.0,0.0,0.0,0.5978469848632812,0.5861322283744812,0.011714756488800049,0.11342005431652069,0.11342005431652069,108.1079512834549
crack0091_07.png,1.760629367828369,98.88158416748047,97.39810943603516,1.4834747314453125,112.18965911865234,111.90957641601562,0.28008270263671875,0.15923912823200226,0.15688945353031158,-0.002349674701690674,0.0,0.0,0.0,0.0,0.0,0.0,0.5988119840621948,0.5899845957756042,0.008827388286590576,0.12179209291934967,0.12179209291934967,112.67895895242691
crack0091_08.png,3.600535249710083,97.34974670410156,94.1954574584961,3.1542892456054688,109.52530670166016,110.34956359863281,-0.8242568969726562,0.12027685344219208,0.12732917070388794,0.007052317261695862,0.0,0.0,0.0,0.0,0.0,0.0,0.590695858001709,0.5854017734527588,0.005294084548950195,0.1147662028670311,0.1147662028670311,112.18382519483566
crack0091_09.png,1.6695161819458009,101.54723358154297,99.02376556396484,2.523468017578125,118.17170715332031,116.937744140625,1.2339630126953125,0.13601438701152802,0.1322626918554306,-0.003751695156097412,0.24262577295303345,0.21017390489578247,-0.03245186805725098,0.24293285608291626,0.2043842077255249,-0.03854864835739136,0.5988850593566895,0.5926182270050049,0.00626683235168457,0.12350823730230331,0.12350823730230331,116.30514043569565
crack0092_00.png,1.8767913341522218,153.5192413330078,152.00132751464844,1.517913818359375,110.31746673583984,109.83175659179688,0.48571014404296875,0.1306641697883606,0.13011296093463898,-0.0005512088537216187,0.0,0.0,0.0,0.0,0.0,0.0,0.5858592987060547,0.58064204454422,0.005217254161834717,0.0933719202876091,0.0933719202876091,168.38787871599197
crack0092_01.png,-1.8950911998748778,133.5850372314453,134.83551025390625,-1.2504730224609375,114.43873596191406,114.59957885742188,-0.1608428955078125,0.16973140835762024,0.16235293447971344,-0.007378473877906799,0.0,0.0,0.0,0.12868964672088623,0.12043607234954834,-0.00825357437133789,0.5766128301620483,0.5763629078865051,0.0002499222755432129,0.10524682700634003,0.10524682700634003,147.5336108803749
crack0092_02.png,-0.09638209342956539,111.22343444824219,110.87054443359375,0.3528900146484375,105.9534683227539,104.94349670410156,1.0099716186523438,0.18456818163394928,0.17677101492881775,-0.007797166705131531,0.19565284252166748,0.18565958738327026,-0.009993255138397217,0.20727956295013428,0.1940898895263672,-0.01318967342376709,0.5821530222892761,0.5778969526290894,0.004256069660186768,0.11939679831266403,0.11939680576324463,123.72684943675995
crack0092_03.png,-2.0880120754241944,133.11410522460938,133.4431915283203,-0.3290863037109375,109.82242584228516,107.72108459472656,2.1013412475585938,0.21348576247692108,0.1889403760433197,-0.02454538643360138,0.01257401704788208,0.0,-0.01257401704788208,0.15619397163391113,0.16376161575317383,0.007567644119262695,0.5739715695381165,0.577293336391449,-0.0033217668533325195,0.10061173141002655,0.10061173886060715,145.03395926952362
crack0092_04.png,4.97119107246399,138.00390625,135.89524841308594,2.1086578369140625,107.17980194091797,105.13087463378906,2.0489273071289062,0.16067911684513092,0.1507425308227539,-0.009936586022377014,0.06967580318450928,0.13704746961593628,0.067371666431427,0.1720094084739685,0.19455355405807495,0.022544145584106445,0.5881237983703613,0.5845482349395752,0.003575563430786133,0.10241815447807312,0.10241815447807312,151.4299774169922
crack0092_05.png,1.787548875808716,132.36398315429688,130.5050048828125,1.858978271484375,110.00653839111328,108.9565200805664,1.050018310546875,0.1911713033914566,0.18211567401885986,-0.00905562937259674,0.051110029220581055,0.052675485610961914,0.0015654563903808594,0.10914599895477295,0.09754043817520142,-0.011605560779571533,0.5833525657653809,0.5790926814079285,0.004259884357452393,0.10477468371391296,0.10477468371391296,143.84165620803833
crack0092_06.png,1.5446199893951418,132.33450317382812,130.70565795898438,1.62884521484375,108.67098999023438,107.67347717285156,0.9975128173828125,0.16667383909225464,0.1582959145307541,-0.00837792456150055,0.0,0.0,0.0,0.0,0.0,0.0,0.5863898396492004,0.5817147493362427,0.004675090312957764,0.10373780131340027,0.10373779386281967,145.47791928052902
crack0092_07.png,2.4387764930725098,136.22543334960938,133.8521270751953,2.3733062744140625,108.0952377319336,106.43229675292969,1.6629409790039062,0.1560744196176529,0.1473420113325119,-0.008732408285140991,0.0,0.0,0.0,0.0,0.0,0.0,0.5834217667579651,0.580949604511261,0.0024721622467041016,0.09909775853157043,0.09909775853157043,149.53513020277023
crack0092_08.png,1.1929183483123778,132.3707275390625,130.89292907714844,1.4777984619140625,107.71160888671875,105.29401397705078,2.4175949096679688,0.160183846950531,0.14185510575771332,-0.018328741192817688,0.0,0.0,0.0,0.0,0.0,0.0,0.5862091779708862,0.5808496475219727,0.005359530448913574,0.09907229244709015,0.09907229244709015,146.56888908147812
crack0092_09.png,4.545646238327026,143.0545196533203,140.26101684570312,2.7935028076171875,110.16378784179688,108.6348648071289,1.5289230346679688,0.15007460117340088,0.14914651215076447,-0.0009280890226364136,0.1092609167098999,0.13203054666519165,0.022769629955291748,0.10734003782272339,0.14156168699264526,0.034221649169921875,0.5886889696121216,0.5810880661010742,0.007600903511047363,0.12372035533189774,0.12372035533189774,156.2565363049507
crack0093_00.png,-0.045512247085571333,140.9347381591797,140.74911499023438,0.1856231689453125,110.22782897949219,111.20381164550781,-0.975982666015625,0.2065732479095459,0.20672814548015594,0.0001548975706100464,0.0,0.0,0.0,0.0,0.0,0.0,0.5911303162574768,0.5874586701393127,0.0036716461181640625,0.11361034214496613,0.11361034214496613,152.09274435043335
crack0093_01.png,3.050357151031494,112.7498550415039,110.61461639404297,2.1352386474609375,115.17866516113281,113.48258209228516,1.6960830688476562,0.2769920229911804,0.278155118227005,0.001163095235824585,0.0,0.0,0.0,0.0014908909797668457,0.0,-0.0014908909797668457,0.5930026769638062,0.589411735534668,0.0035909414291381836,0.138947993516922,0.138947993516922,118.78282141685486
crack0093_02.png,1.8635779857635497,132.83692932128906,132.05142211914062,0.7855072021484375,112.08136749267578,110.79087829589844,1.2904891967773438,0.23854081332683563,0.2426307499408722,0.00408993661403656,0.0,0.0,0.0,0.0,0.0,0.0,0.5947481989860535,0.5888811945915222,0.00586700439453125,0.1110212653875351,0.1110212653875351,141.92165488004684
crack0093_03.png,0.7173950672149658,122.79539489746094,122.09696960449219,0.69842529296875,109.0340805053711,108.14411163330078,0.8899688720703125,0.20627646148204803,0.19925135374069214,-0.007025107741355896,0.0,0.0,0.0,0.0,0.0,0.0,0.5884275436401367,0.5828027725219727,0.0056247711181640625,0.11460284888744354,0.11460284888744354,134.0282027721405
crack0093_04.png,0.17490372657775882,126.0994873046875,126.5664291381836,-0.46694183349609375,107.62733459472656,106.90621948242188,0.7211151123046875,0.2476624697446823,0.24856209754943848,0.0008996278047561646,0.0,0.0,0.0,0.0,0.0,0.0,0.5925797820091248,0.5855440497398376,0.007035732269287109,0.122516930103302,0.122516930103302,135.1764013171196
crack0093_05.png,0.5007763862609864,142.5101318359375,142.64633178710938,-0.136199951171875,104.7491455078125,104.00140380859375,0.74774169921875,0.19008180499076843,0.19302117824554443,0.002939373254776001,0.0,0.0,0.0,0.0,0.0,0.0,0.5820607542991638,0.5794925093650818,0.0025682449340820312,0.10291575640439987,0.10291575640439987,154.45575368404388
crack0093_06.png,2.015356349945068,130.09193420410156,128.92459106445312,1.1673431396484375,111.11918640136719,109.64645385742188,1.4727325439453125,0.25261586904525757,0.25163090229034424,-0.00098496675491333,0.0,0.0,0.0,0.0,0.0,0.0,0.5961553454399109,0.5877124071121216,0.008442938327789307,0.11470794677734375,0.11470795422792435,138.25662231445312
crack0093_07.png,1.9933791637420653,121.1941909790039,119.8523178100586,1.3418731689453125,107.21417236328125,106.9893798828125,0.22479248046875,0.21519093215465546,0.22303932905197144,0.007848396897315979,0.0,0.0,0.0,0.0,0.0,0.0,0.5837908387184143,0.5854479074478149,-0.0016570687294006348,0.124961718916893,0.1249617338180542,131.02971476316452
crack0093_08.png,1.8719542980194093,127.16883850097656,125.97474670410156,1.194091796875,108.4669418334961,107.80804443359375,0.6588973999023438,0.23819682002067566,0.23899270594120026,0.0007958859205245972,0.0,0.0,0.0,0.0052759647369384766,0.009733796119689941,0.004457831382751465,0.5898308157920837,0.5810649991035461,0.008765816688537598,0.11936266720294952,0.11936266720294952,135.87321603298187
crack0093_09.png,0.3411369323730469,122.39409637451172,122.33954620361328,0.0545501708984375,109.21063232421875,108.55381774902344,0.6568145751953125,0.23823648691177368,0.2363913357257843,-0.0018451511859893799,0.0,0.0,0.0,0.06842148303985596,0.0642784833908081,-0.0041429996490478516,0.5917493104934692,0.5874624848365784,0.004286825656890869,0.12556594610214233,0.12556594610214233,131.8533135652542
crack0094_00.png,2.250282382965088,107.3945541381836,106.59131622314453,0.8032379150390625,102.08518981933594,101.59501647949219,0.49017333984375,0.33500880002975464,0.33775070309638977,0.002741903066635132,0.007571399211883545,0.0271797776222229,0.019608378410339355,0.06440937519073486,0.09754616022109985,0.03313678503036499,0.5858861804008484,0.5797039866447449,0.006182193756103516,0.24298977851867676,0.24298977851867676,110.32785439491272
crack0094_01.png,0.36811819076538077,105.34174346923828,105.16828918457031,0.17345428466796875,104.88731384277344,104.31238555908203,0.5749282836914062,0.3416014015674591,0.3235328495502472,-0.018068552017211914,0.040629446506500244,0.07312721014022827,0.03249776363372803,0.02461773157119751,0.0350949764251709,0.010477244853973389,0.5812187790870667,0.5784621238708496,0.002756655216217041,0.2201891988515854,0.2201891988515854,109.09179651737213
crack0094_02.png,0.34300861358642576,99.72195434570312,99.40702056884766,0.31493377685546875,100.8653564453125,100.47169494628906,0.3936614990234375,0.3329851031303406,0.3310985863208771,-0.001886516809463501,0.0,0.0,0.0,0.0,0.0,0.0,0.5845290422439575,0.583990752696991,0.0005382895469665527,0.23150649666786194,0.23150649666786194,103.07973396778107
crack0094_03.png,1.7996499061584472,98.8966064453125,98.33901977539062,0.557586669921875,108.05696105957031,106.941650390625,1.1153106689453125,0.3034278452396393,0.30619972944259644,0.0027718842029571533,0.069183349609375,0.0776364803314209,0.008453130722045898,0.034840941429138184,0.07921218872070312,0.04437124729156494,0.5874009728431702,0.5814993977546692,0.0059015750885009766,0.20158261060714722,0.20158261060714722,103.90818130970001
crack0094_04.png,1.2250595092773438,102.44935607910156,101.88775634765625,0.5615997314453125,107.52218627929688,106.52471923828125,0.997467041015625,0.3047860562801361,0.28675150871276855,-0.018034547567367554,0.0026000142097473145,0.04312789440155029,0.04052788019180298,0.019246995449066162,0.0028145313262939453,-0.016432464122772217,0.5844521522521973,0.5822991132736206,0.00215303897857666,0.2127951979637146,0.2127951979637146,108.34155178070068
crack0094_05.png,0.05539331436157224,99.49861907958984,98.87977600097656,0.6188430786132812,103.66166687011719,103.04068756103516,0.6209793090820312,0.32802844047546387,0.32522645592689514,-0.0028019845485687256,0.04113900661468506,0.02610093355178833,-0.015038073062896729,0.04795569181442261,0.026204407215118408,-0.0217512845993042,0.5818954110145569,0.5815494060516357,0.0003460049629211426,0.217094287276268,0.2170942723751068,102.95142662525177
crack0094_06.png,1.3658152580261231,103.03978729248047,102.33716583251953,0.7026214599609375,106.27517700195312,105.19342041015625,1.081756591796875,0.3126665949821472,0.3093169331550598,-0.0033496618270874023,0.3030872344970703,0.30924737453460693,0.006160140037536621,0.22941994667053223,0.2633993625640869,0.03397941589355469,0.5895117521286011,0.583210289478302,0.006301462650299072,0.24207808077335358,0.24207809567451477,107.70993065834045
crack0094_07.png,2.2736775398254396,97.7956314086914,96.98221588134766,0.81341552734375,106.58988189697266,105.8881607055664,0.70172119140625,0.32268980145454407,0.335929274559021,0.013239473104476929,0.0,0.0,0.0,0.0,0.0,0.0,0.5872510671615601,0.5842406749725342,0.003010392189025879,0.21211686730384827,0.21211686730384827,101.51757824420929
crack0094_08.png,0.5686019897460938,100.53706359863281,100.09771728515625,0.4393463134765625,101.59840393066406,101.10140991210938,0.4969940185546875,0.2862129509449005,0.28403839468955994,-0.002174556255340576,0.0,0.0,0.0,0.0,0.0,0.0,0.5883737206459045,0.585763156414032,0.0026105642318725586,0.18098509311676025,0.18098510801792145,106.81003558635712
crack0094_09.png,1.7877772331237793,110.07341766357422,108.85148620605469,1.2219314575195312,105.27136993408203,104.34181213378906,0.9295578002929688,0.36187219619750977,0.365074098110199,0.003201901912689209,0.0,0.0,0.0,0.10210829973220825,0.11618191003799438,0.014073610305786133,0.5780045986175537,0.5795578360557556,-0.0015532374382019043,0.2097764015197754,0.2097764015197754,110.93243360519409
crack0095_00.png,3.74698166847229,112.16751861572266,112.15497589111328,0.012542724609375,102.6263427734375,101.919677734375,0.7066650390625,0.24912892282009125,0.2655165195465088,0.01638759672641754,0.0010712146759033203,0.04708164930343628,0.04601043462753296,0.14965087175369263,0.21340829133987427,0.06375741958618164,0.5936793684959412,0.5861706733703613,0.007508695125579834,0.14916115999221802,0.14916115999221802,120.96068662405014
crack0095_01.png,-0.20276751518249503,112.83475494384766,113.12732696533203,-0.292572021484375,103.72113037109375,104.2642822265625,-0.54315185546875,0.1894463449716568,0.17881914973258972,-0.010627195239067078,0.12696194648742676,0.1490071415901184,0.02204519510269165,0.16942059993743896,0.18928366899490356,0.0198630690574646,0.5844021439552307,0.5775163173675537,0.006885826587677002,0.1748906373977661,0.1748906373977661,125.62797772884369
crack0095_02.png,1.6294185638427734,123.02874755859375,121.72138214111328,1.3073654174804688,105.50047302246094,105.014892578125,0.4855804443359375,0.2718673050403595,0.25919607281684875,-0.012671232223510742,0.06516474485397339,0.08642476797103882,0.02126002311706543,0.1436033844947815,0.1656893491744995,0.022085964679718018,0.592948853969574,0.5856708884239197,0.007277965545654297,0.1623142808675766,0.1623142808675766,130.54125463962555
crack0095_03.png,0.9460535526275635,98.87879180908203,97.89801025390625,0.9807815551757812,106.47599029541016,105.36393737792969,1.1120529174804688,0.1773683726787567,0.16001050174236298,-0.017357870936393738,0.3712267279624939,0.38362693786621094,0.012400209903717041,0.30753475427627563,0.3317722678184509,0.024237513542175293,0.5939100384712219,0.5835832357406616,0.010326802730560303,0.15745462477207184,0.15745463967323303,112.54417246580124
crack0095_04.png,-0.9962829113006593,102.65558624267578,104.10028076171875,-1.4446945190429688,108.34542846679688,108.60000610351562,-0.25457763671875,0.2059575319290161,0.21213679015636444,0.006179258227348328,0.2103639841079712,0.20176923274993896,-0.008594751358032227,0.23180681467056274,0.2629164457321167,0.031109631061553955,0.5952133536338806,0.5852210521697998,0.00999230146408081,0.1611804962158203,0.1611804962158203,114.82901573181152
crack0095_05.png,2.055539035797119,109.03746795654297,108.76502990722656,0.27243804931640625,103.25383758544922,103.2229995727539,0.0308380126953125,0.22688622772693634,0.2416115254163742,0.014725297689437866,0.3335322141647339,0.3444599509239197,0.010927736759185791,0.2966650724411011,0.32462990283966064,0.02796483039855957,0.5812533497810364,0.5773625373840332,0.003890812397003174,0.17785540223121643,0.17785540223121643,118.53820925951004
crack0095_06.png,0.016961526870727495,111.67213439941406,111.90242767333984,-0.23029327392578125,103.54625701904297,103.103515625,0.44274139404296875,0.20049963891506195,0.1931460201740265,-0.007353618741035461,0.3247324228286743,0.3400440812110901,0.015311658382415771,0.31538647413253784,0.33887946605682373,0.02349299192428589,0.5884928703308105,0.5873433351516724,0.0011495351791381836,0.16364479064941406,0.16364477574825287,123.73823463916779
crack0095_07.png,3.9650458335876464,106.25987243652344,105.38700866699219,0.87286376953125,101.25601196289062,100.51140594482422,0.7446060180664062,0.2557147443294525,0.2645696997642517,0.008854955434799194,0.3116750717163086,0.3637005686759949,0.05202549695968628,0.31927698850631714,0.34680068492889404,0.027523696422576904,0.5836563110351562,0.5835332274436951,0.00012308359146118164,0.16008949279785156,0.16008949279785156,113.82680833339691
crack0095_08.png,4.996980285644531,111.14741516113281,110.50225830078125,0.6451568603515625,104.67024230957031,104.51828002929688,0.1519622802734375,0.20838944613933563,0.2323513776063919,0.023961931467056274,0.2197033166885376,0.2724502682685852,0.05274695158004761,0.22832494974136353,0.26521968841552734,0.03689473867416382,0.5820184350013733,0.5754132866859436,0.0066051483154296875,0.14435184001922607,0.14435184001922607,121.60220736265182
crack0095_09.png,4.456048631668091,105.51392364501953,104.60051727294922,0.9134063720703125,106.56721496582031,106.1087875366211,0.45842742919921875,0.2365676909685135,0.24788019061088562,0.011312499642372131,0.1051446795463562,0.16283750534057617,0.05769282579421997,0.1182394027709961,0.13768941164016724,0.019450008869171143,0.5957900881767273,0.5921261310577393,0.003663957118988037,0.1522151529788971,0.1522151529788971,114.69476252794266
crack0096_00.png,1.2534593105316163,123.67395782470703,121.81893157958984,1.8550262451171875,104.4151382446289,103.79721069335938,0.6179275512695312,0.2468166947364807,0.24195753037929535,-0.004859164357185364,0.12362605333328247,0.10872727632522583,-0.01489877700805664,0.21920019388198853,0.21385103464126587,-0.005349159240722656,0.5845405459403992,0.5811418890953064,0.0033986568450927734,0.11308235675096512,0.11308235675096512,131.61061471700668
crack0096_01.png,2.7491574764251707,122.99987030029297,119.794189453125,3.2056808471679688,104.61502075195312,103.65143585205078,0.9635848999023438,0.20009881258010864,0.20641590654850006,0.0063170939683914185,0.3253777027130127,0.2867041826248169,-0.0386735200881958,0.32140451669692993,0.31326305866241455,-0.00814145803451538,0.588331401348114,0.5833410024642944,0.00499039888381958,0.12043416500091553,0.12043415755033493,132.92435717582703
crack0096_02.png,3.6383289337158207,139.1251678466797,135.10890197753906,4.016265869140625,107.71253967285156,106.81385803222656,0.898681640625,0.21087557077407837,0.22226345539093018,0.011387884616851807,0.23080766201019287,0.18422949314117432,-0.046578168869018555,0.18462032079696655,0.17826420068740845,-0.0063561201095581055,0.5961245894432068,0.590757429599762,0.005367159843444824,0.10235264897346497,0.10235264152288437,148.30948424339294
crack0096_03.png,6.49431962966919,107.94954681396484,104.50891876220703,3.4406280517578125,104.1192626953125,104.13768005371094,-0.0184173583984375,0.25524580478668213,0.2554542124271393,0.00020840764045715332,0.09571903944015503,0.16791480779647827,0.07219576835632324,0.1432121992111206,0.20595985651016235,0.06274765729904175,0.5826528072357178,0.5787389278411865,0.00391387939453125,0.1398462951183319,0.1398462951183319,114.22059679031372
crack0096_04.png,4.836331033706665,124.87218475341797,121.20803833007812,3.6641464233398438,101.75104522705078,101.43147277832031,0.31957244873046875,0.21304921805858612,0.22799015045166016,0.014940932393074036,0.37649792432785034,0.3675538897514343,-0.008944034576416016,0.35472655296325684,0.3678876757621765,0.013161122798919678,0.5887581706047058,0.583587110042572,0.005171060562133789,0.11757313460111618,0.11757314205169678,133.8074852824211
crack0096_05.png,4.040498113632202,119.34222412109375,115.68755340576172,3.6546707153320312,103.81022644042969,102.54864501953125,1.2615814208984375,0.21276167035102844,0.2175084799528122,0.0047468096017837524,0.11335575580596924,0.09837758541107178,-0.014978170394897461,0.14068037271499634,0.12161463499069214,-0.0190657377243042,0.5838177800178528,0.5813033580780029,0.0025144219398498535,0.12099703401327133,0.12099703401327133,128.10189974308014
crack0096_06.png,3.199613618850708,110.38689422607422,107.99263000488281,2.3942642211914062,99.89012145996094,99.35294342041016,0.5371780395507812,0.2180488109588623,0.22535471618175507,0.007305905222892761,0.08326774835586548,0.08240288496017456,-0.000864863395690918,0.23148304224014282,0.2479878067970276,0.016504764556884766,0.5824183225631714,0.5814033150672913,0.001015007495880127,0.11445441842079163,0.11445441842079163,119.40356636047363
crack0096_07.png,3.4337736129760743,101.41671752929688,98.55218505859375,2.864532470703125,100.07925415039062,99.84909057617188,0.23016357421875,0.23747757077217102,0.24438226222991943,0.006904691457748413,0.0,0.0,0.0,0.08544999361038208,0.11635798215866089,0.03090798854827881,0.5790388584136963,0.5809188485145569,-0.0018799901008605957,0.12113125622272491,0.12113125622272491,108.97255098819733
crack0096_08.png,4.286566066741943,118.07927703857422,114.75120544433594,3.3280715942382812,101.12680053710938,100.37626647949219,0.7505340576171875,0.22888924181461334,0.23198483884334564,0.0030955970287323,0.03825640678405762,0.046084702014923096,0.007828295230865479,0.16879898309707642,0.19967836141586304,0.03087937831878662,0.5850826501846313,0.5826451182365417,0.0024375319480895996,0.10704079270362854,0.10704079270362854,126.08519273996353
crack0096_09.png,4.595609903335571,145.7392578125,142.66458129882812,3.074676513671875,105.30633544921875,104.83186340332031,0.4744720458984375,0.20165394246578217,0.2092180848121643,0.007564142346382141,0.244126558303833,0.25749409198760986,0.013367533683776855,0.2511308193206787,0.2757512331008911,0.024620413780212402,0.593640923500061,0.5888581275939941,0.0047827959060668945,0.11072103679180145,0.11072103679180145,155.84831994771957
crack0097_00.png,1.7498108863830566,96.80512237548828,96.92974090576172,-0.1246185302734375,110.17750549316406,109.83566284179688,0.3418426513671875,0.22990021109580994,0.24816381931304932,0.01826360821723938,0.0,0.0032473206520080566,0.0032473206520080566,0.0,0.0,0.0,0.5782198905944824,0.5745521187782288,0.003667771816253662,0.12712401151657104,0.12712401151657104,106.2022145986557
crack0097_01.png,3.6295469284057615,106.16988372802734,103.73080444335938,2.4390792846679688,115.98381042480469,114.20086669921875,1.7829437255859375,0.274472177028656,0.27727991342544556,0.0028077363967895508,0.0,0.0,0.0,0.00582122802734375,0.042771756649017334,0.036950528621673584,0.5920530557632446,0.5857362747192383,0.006316781044006348,0.15482956171035767,0.15482956171035767,112.16413569450378
crack0097_02.png,1.6254085540771483,114.7333755493164,113.34398651123047,1.3893890380859375,126.49081420898438,125.09183502197266,1.3989791870117188,0.35317736864089966,0.3473718464374542,-0.005805522203445435,0.0,0.0,0.0,0.16397327184677124,0.16618305444717407,0.002209782600402832,0.5909957885742188,0.5874740481376648,0.003521740436553955,0.1635495126247406,0.1635495126247406,116.83620178699493
crack0097_03.png,2.6143634796142576,95.78681945800781,94.8488540649414,0.9379653930664062,110.32125854492188,108.82479858398438,1.4964599609375,0.2559865117073059,0.2659066915512085,0.009920179843902588,0.0,0.0,0.0,0.017549514770507812,0.040442824363708496,0.022893309593200684,0.5989696383476257,0.5918646454811096,0.007104992866516113,0.13589462637901306,0.13589462637901306,103.91743159294128
crack0097_04.png,2.445821762084961,109.0401840209961,107.71993255615234,1.32025146484375,118.53145599365234,117.2821044921875,1.2493515014648438,0.27263686060905457,0.2578502297401428,-0.014786630868911743,0.0,0.0399479866027832,0.0399479866027832,0.10072684288024902,0.15061622858047485,0.04988938570022583,0.5932333469390869,0.5879623293876648,0.005271017551422119,0.14853793382644653,0.14853793382644653,116.63837838172913
crack0097_05.png,4.980348348617554,102.57202911376953,101.0705795288086,1.5014495849609375,115.35476684570312,113.08479309082031,2.2699737548828125,0.24312372505664825,0.25609561800956726,0.012971892952919006,0.061490654945373535,0.09615176916122437,0.03466111421585083,0.11452752351760864,0.11138284206390381,-0.003144681453704834,0.5860515236854553,0.5823836922645569,0.0036678314208984375,0.14144274592399597,0.14144274592399597,110.67594176530838
crack0097_06.png,5.600188493728638,91.9100570678711,88.24603271484375,3.6640243530273438,120.47384643554688,118.39468383789062,2.07916259765625,0.2343476265668869,0.24541452527046204,0.011066898703575134,0.0,0.0,0.0,0.0,0.0,0.0,0.5942599177360535,0.5887812376022339,0.00547868013381958,0.13290773332118988,0.1329076886177063,99.78758400678635
crack0097_07.png,3.242388105392456,105.2590560913086,104.60624694824219,0.6528091430664062,114.19705963134766,111.53792572021484,2.6591339111328125,0.24081040918827057,0.2552804946899414,0.014470085501670837,0.0,0.0,0.0,0.03183025121688843,0.10049206018447876,0.06866180896759033,0.5963590741157532,0.5871511101722717,0.009207963943481445,0.13762378692626953,0.13762378692626953,114.33838993310928
crack0097_08.png,2.4313878059387206,99.94338989257812,98.1297378540039,1.8136520385742188,108.68453979492188,107.27560424804688,1.408935546875,0.28973618149757385,0.2900960147380829,0.0003598332405090332,0.0,0.0,0.0,0.0,0.0,0.0,0.5841330289840698,0.5834986567497253,0.0006343722343444824,0.12692129611968994,0.12692129611968994,105.01771414279938
crack0097_09.png,1.5992444038391114,105.89568328857422,104.89713287353516,0.9985504150390625,119.31800842285156,118.0155258178711,1.3024826049804688,0.24334165453910828,0.2395704984664917,-0.003771156072616577,0.0,0.0,0.0,0.07619041204452515,0.09076184034347534,0.014571428298950195,0.595705509185791,0.5861706733703613,0.009534835815429688,0.12709400057792664,0.12709400057792664,114.85039854049683
crack0098_00.png,1.692836046218872,142.63368225097656,141.43441772460938,1.1992645263671875,105.90998840332031,105.08826446533203,0.8217239379882812,0.18329301476478577,0.18431596457958221,0.0010229498147964478,0.0,0.0,0.0,0.0,0.0,0.0,0.5875009894371033,0.5854248404502869,0.0020761489868164062,0.09794633090496063,0.09794633090496063,154.53650867938995
crack0098_01.png,3.5017529010772703,153.6031951904297,150.74305725097656,2.860137939453125,109.83529663085938,109.36174774169922,0.47354888916015625,0.17163582146167755,0.17432400584220886,0.002688184380531311,0.0,0.0,0.0,0.0,0.0,0.0,0.5831757187843323,0.5772472023963928,0.005928516387939453,0.0889417752623558,0.08894176781177521,165.20200568437576
crack0098_02.png,-0.6985241889953613,136.55946350097656,135.62867736816406,0.9307861328125,110.6441879272461,109.97738647460938,0.6668014526367188,0.1928987354040146,0.16731061041355133,-0.025588124990463257,0.0,0.0,0.0,0.0,0.0,0.0,0.5911380052566528,0.58736252784729,0.003775477409362793,0.09667426347732544,0.09667427837848663,149.70095402002335
crack0098_03.png,3.19861421585083,151.30935668945312,149.4886016845703,1.8207550048828125,107.6568603515625,107.76105499267578,-0.10419464111328125,0.19654132425785065,0.21160389482975006,0.015062570571899414,0.0,0.0,0.0,0.0,0.0,0.0,0.5889811515808105,0.5836178660392761,0.005363285541534424,0.09566058218479156,0.09566058218479156,162.1657457947731
crack0098_04.png,2.4240199089050294,139.1193389892578,136.83619689941406,2.28314208984375,106.34152221679688,106.46017456054688,-0.11865234375,0.20574313402175903,0.20508503913879395,-0.0006580948829650879,0.0,0.0,0.0,0.0,0.0,0.0,0.5836178660392761,0.577593207359314,0.006024658679962158,0.09055259823799133,0.09055259823799133,149.01738023757935
crack0098_05.png,1.7844942092895506,121.70130157470703,118.76448059082031,2.9368209838867188,104.61502075195312,104.69853210449219,-0.0835113525390625,0.23107612133026123,0.21684160828590393,-0.0142345130443573,0.0,0.0,0.0,0.0,0.0,0.0,0.5820415019989014,0.5815455317497253,0.0004959702491760254,0.0969662219285965,0.0969662219285965,130.5040546655655
crack0098_06.png,-0.5936048030853271,128.08416748046875,128.10829162597656,-0.0241241455078125,111.52641296386719,111.52030944824219,0.006103515625,0.20252849161624908,0.19237101078033447,-0.010157480835914612,0.0,0.0,0.0,0.0,0.0,0.0,0.5866628289222717,0.5806459188461304,0.006016910076141357,0.09429655969142914,0.09429655969142914,140.02048206329346
crack0098_07.png,1.2201373100280761,131.53662109375,130.8244171142578,0.7122039794921875,109.72162628173828,108.96226501464844,0.7593612670898438,0.20534412562847137,0.2047726958990097,-0.0005714297294616699,0.0,0.0,0.0,0.0,0.0,0.0,0.5836601257324219,0.5774125456809998,0.006247580051422119,0.0941099226474762,0.0941099226474762,142.2405623793602
crack0098_08.png,-0.14763183593749996,143.32522583007812,142.58203125,0.743194580078125,110.34597778320312,110.36738586425781,-0.0214080810546875,0.21029722690582275,0.19676220417022705,-0.013535022735595703,0.0,0.0,0.0,0.0,0.0,0.0,0.5872087478637695,0.5821952819824219,0.005013465881347656,0.0906386524438858,0.0906386524438858,154.63624620437622
crack0098_09.png,2.3613104820251465,120.7857894897461,118.52481079101562,2.2609786987304688,108.61329650878906,107.92577362060547,0.6875228881835938,0.18804821372032166,0.18360024690628052,-0.004447966814041138,0.0,0.0,0.0,0.0,0.0,0.0,0.588623583316803,0.5840945839881897,0.004528999328613281,0.10516753047704697,0.10516752302646637,132.18422865867615
crack0099_00.png,6.508667707443237,127.06599426269531,123.05441284179688,4.0115814208984375,110.75308227539062,110.19991302490234,0.5531692504882812,0.24100817739963531,0.2673874795436859,0.026379302144050598,0.0,0.0,0.0,0.013046979904174805,0.0,-0.013046979904174805,0.5827604532241821,0.5786235928535461,0.004136860370635986,0.12378783524036407,0.12378783524036407,133.91013103723526
crack0099_01.png,1.269247055053711,142.98609924316406,141.03518676757812,1.9509124755859375,110.86185455322266,110.10017395019531,0.7616806030273438,0.346110075712204,0.33193591237068176,-0.014174163341522217,0.1816333532333374,0.1821398138999939,0.0005064606666564941,0.24627143144607544,0.2534560561180115,0.007184624671936035,0.5827028155326843,0.5795193910598755,0.003183424472808838,0.14137254655361176,0.14137254655361176,145.40260088443756
crack0099_02.png,3.3743182182312013,128.21707153320312,126.00048828125,2.216583251953125,114.1832275390625,111.96377563476562,2.219451904296875,0.42460623383522034,0.4300845265388489,0.00547829270362854,0.009856164455413818,0.0037299394607543945,-0.006126224994659424,0.09106475114822388,0.10191380977630615,0.010849058628082275,0.5871741771697998,0.5852556824684143,0.001918494701385498,0.14018823206424713,0.14018823206424713,125.11937296390533
crack0099_03.png,3.5773804664611815,131.6493682861328,129.2703399658203,2.3790283203125,107.69564819335938,106.41815185546875,1.277496337890625,0.36472317576408386,0.3660537302494049,0.001330554485321045,0.2691001892089844,0.276721715927124,0.0076215267181396484,0.24792146682739258,0.26251256465911865,0.014591097831726074,0.5830565094947815,0.5761553049087524,0.006901204586029053,0.11757619678974152,0.11757619678974152,131.8987239599228
crack0099_04.png,3.0917492866516114,123.0218505859375,120.90190887451172,2.1199417114257812,110.54632568359375,110.15731811523438,0.389007568359375,0.3830755054950714,0.3941367566585541,0.011061251163482666,0.1992321014404297,0.19442743062973022,-0.004804670810699463,0.1784706711769104,0.2001209855079651,0.021650314331054688,0.5871164798736572,0.5840291976928711,0.003087282180786133,0.12485808879137039,0.12485808879137039,122.46200859546661
crack0099_05.png,4.57622594833374,135.99734497070312,133.23582458496094,2.7615203857421875,109.16128540039062,107.97563171386719,1.1856536865234375,0.30929937958717346,0.32025042176246643,0.010951042175292969,0.22161149978637695,0.22991794347763062,0.008306443691253662,0.18103879690170288,0.1870417594909668,0.006002962589263916,0.5764898061752319,0.5731872320175171,0.0033025741577148438,0.13598906993865967,0.13598906993865967,139.1182142496109
crack0099_06.png,4.370136833190918,127.38396453857422,125.00492858886719,2.3790359497070312,111.31130981445312,109.80291748046875,1.508392333984375,0.26889118552207947,0.2944791316986084,0.02558794617652893,0.025478839874267578,0.0,-0.025478839874267578,0.006604671478271484,0.008260607719421387,0.0016559362411499023,0.5853056311607361,0.576309084892273,0.008996546268463135,0.1218300461769104,0.121830053627491,133.47320067882538
crack0099_07.png,4.63646125793457,123.84748840332031,121.26134490966797,2.5861434936523438,113.57167053222656,112.57550048828125,0.9961700439453125,0.2848457098007202,0.3046518564224243,0.0198061466217041,0.0,0.0,0.0,0.0007451176643371582,0.05324274301528931,0.05249762535095215,0.5828181505203247,0.5811342000961304,0.001683950424194336,0.12916797399520874,0.12916797399520874,128.77640008926392
crack0099_08.png,3.7102944374084474,135.6177520751953,133.57618713378906,2.04156494140625,111.63121795654297,110.36686706542969,1.2643508911132812,0.319137305021286,0.3258165717124939,0.006679266691207886,0.2857280373573303,0.29744577407836914,0.011717736721038818,0.26362287998199463,0.2563655972480774,-0.007257282733917236,0.5899384617805481,0.5859400033950806,0.003998458385467529,0.11854355037212372,0.11854355037212372,139.04626977443695
crack0099_09.png,2.4706979751586915,135.99307250976562,134.43417358398438,1.55889892578125,104.13055419921875,102.83197021484375,1.298583984375,0.3426022529602051,0.3487713038921356,0.006169050931930542,0.31152212619781494,0.3047870993614197,-0.006735026836395264,0.1387513279914856,0.17634469270706177,0.03759336471557617,0.583871603012085,0.5796655416488647,0.004206061363220215,0.09671176970005035,0.09671176970005035,138.0123519897461
crack0100_00.png,3.1710390567779543,93.14177703857422,91.89772033691406,1.2440567016601562,104.69709014892578,103.41542053222656,1.2816696166992188,0.24402211606502533,0.25266146659851074,0.008639350533485413,0.5110325813293457,0.5257784128189087,0.014745831489562988,0.4715390205383301,0.4863123297691345,0.014773309230804443,0.5786774158477783,0.5753440856933594,0.0033333301544189453,0.15483541786670685,0.15483541786670685,101.02551835775375
crack0100_01.png,3.811587953567505,95.47142791748047,94.36531829833984,1.106109619140625,104.64810180664062,103.87019348144531,0.7779083251953125,0.23066049814224243,0.24027349054813385,0.009612992405891418,0.24159258604049683,0.2763037085533142,0.03471112251281738,0.29125821590423584,0.32428640127182007,0.03302818536758423,0.5843944549560547,0.578473687171936,0.005920767784118652,0.15527501702308655,0.15527501702308655,104.4545214176178
crack0100_02.png,4.026350212097168,92.98971557617188,92.18465423583984,0.8050613403320312,102.79955291748047,101.87646484375,0.9230880737304688,0.2948575019836426,0.3037759065628052,0.008918404579162598,0.339058518409729,0.38926661014556885,0.050208091735839844,0.4033549427986145,0.4446254372596741,0.04127049446105957,0.5808612108230591,0.5776047706604004,0.0032564401626586914,0.15927311778068542,0.15927311778068542,98.13018321990967
crack0100_03.png,5.724445056915283,95.93170928955078,94.75494384765625,1.1767654418945312,109.86050415039062,108.60366821289062,1.2568359375,0.2788444757461548,0.30084389448165894,0.02199941873550415,0.24235761165618896,0.2948533892631531,0.05249577760696411,0.3191678524017334,0.3579818606376648,0.038814008235931396,0.5840638279914856,0.5794348120689392,0.004629015922546387,0.2163465917110443,0.2163465917110443,101.97521114349365
crack0100_04.png,3.216320753097534,99.43123626708984,99.45195007324219,-0.02071380615234375,112.99346923828125,112.083740234375,0.90972900390625,0.20986199378967285,0.2202506810426712,0.010388687252998352,0.2811858654022217,0.33118361234664917,0.04999774694442749,0.35945624113082886,0.4052678942680359,0.04581165313720703,0.5786082148551941,0.5775547623634338,0.001053452491760254,0.15046752989292145,0.15046752989292145,109.99420213699341
crack0100_05.png,1.2919053077697753,78.01512145996094,77.91354370117188,0.1015777587890625,101.8777084350586,101.03178405761719,0.8459243774414062,0.2982375919818878,0.2891125977039337,-0.009124994277954102,0.3539525866508484,0.38944923877716064,0.035496652126312256,0.4067532420158386,0.43729496002197266,0.030541718006134033,0.5821684002876282,0.5781161189079285,0.004052281379699707,0.16130411624908447,0.16130411624908447,83.90431272983551
crack0100_06.png,1.106314754486084,106.17671966552734,105.68968963623047,0.487030029296875,107.47660827636719,106.65108489990234,0.8255233764648438,0.3624191880226135,0.36057278513908386,-0.001846402883529663,0.34609055519104004,0.35762155055999756,0.01153099536895752,0.3844362497329712,0.39559412002563477,0.011157870292663574,0.5823990702629089,0.5830103754997253,-0.0006113052368164062,0.2426871359348297,0.2426871359348297,107.61925256252289
crack0100_07.png,8.408624267578125,99.118408203125,94.59880828857422,4.519599914550781,114.50706481933594,111.01724243164062,3.4898223876953125,0.21290169656276703,0.2324846237897873,0.019582927227020264,0.33325427770614624,0.3486342430114746,0.01537996530532837,0.3261793851852417,0.36027300357818604,0.034093618392944336,0.5998615622520447,0.5920799970626831,0.007781565189361572,0.22981372475624084,0.22981372475624084,108.07896894216537
crack0100_08.png,2.352568531036377,87.0146713256836,86.81793212890625,0.19673919677734375,101.41571044921875,100.80221557617188,0.613494873046875,0.23108482360839844,0.24740886688232422,0.01632404327392578,0.36695337295532227,0.3785097599029541,0.011556386947631836,0.4267804026603699,0.4499545693397522,0.023174166679382324,0.5847135782241821,0.5811572670936584,0.0035563111305236816,0.15893781185150146,0.15893781185150146,96.4397554397583
crack0100_09.png,3.158255910873413,160.4626922607422,158.6471710205078,1.815521240234375,168.65835571289062,164.89776611328125,3.760589599609375,0.252467542886734,0.24790991842746735,-0.004557624459266663,0.4131886959075928,0.41226106882095337,-0.0009276270866394043,0.39378035068511963,0.3968212604522705,0.003040909767150879,0.5977969765663147,0.5917916297912598,0.006005346775054932,0.22592784464359283,0.22592782974243164,168.59221559762955
