image,score_new_minus_old,old_crack_epe_px,new_crack_epe_px,delta_crack_epe_px_positive_is_better,old_global_epe_px,new_global_epe_px,delta_global_epe_px_positive_is_better,old_warp_crack_dice,new_warp_crack_dice,delta_warp_crack_dice_positive_is_better,old_crack_edge_fidelity,new_crack_edge_fidelity,delta_crack_edge_fidelity_positive_is_better,old_global_edge_fidelity,new_global_edge_fidelity,delta_global_edge_fidelity_positive_is_better,old_folding_rate,new_folding_rate,delta_folding_rate_positive_is_better,old_crack_ratio,new_crack_ratio,joint_failure_score
crack0001_00.png,2.950681781768799,104.92806243896484,103.72444915771484,1.20361328125,113.22161865234375,111.49365234375,1.72796630859375,0.2221539318561554,0.22411367297172546,0.0019597411155700684,0.4382210969924927,0.4565349221229553,0.018313825130462646,0.43217992782592773,0.44034314155578613,0.008163213729858398,0.5879969000816345,0.5838331580162048,0.0041637420654296875,0.20257893204689026,0.20257893204689026,114.5168958902359
crack0001_01.png,0.4194830894470215,121.28851318359375,120.9936752319336,0.29483795166015625,109.27802276611328,109.30009460449219,-0.02207183837890625,0.24008293449878693,0.23676051199436188,-0.003322422504425049,0.3661642074584961,0.36927932500839233,0.0031151175498962402,0.37258362770080566,0.37300002574920654,0.0004163980484008789,0.5865628719329834,0.5796962976455688,0.006866574287414551,0.22484156489372253,0.22484156489372253,130.3979783654213
crack0001_02.png,2.3438586235046386,104.99602508544922,104.33987426757812,0.6561508178710938,112.43181610107422,111.73767852783203,0.6941375732421875,0.20532292127609253,0.2121712565422058,0.006848335266113281,0.23041588068008423,0.24472719430923462,0.01431131362915039,0.29219770431518555,0.31899333000183105,0.026795625686645508,0.5855055451393127,0.578262209892273,0.007243335247039795,0.1662106215953827,0.1662106215953827,115.76879620552063
crack0001_03.png,0.169336986541748,103.60978698730469,104.47576904296875,-0.8659820556640625,112.16638946533203,112.85169219970703,-0.685302734375,0.28618475794792175,0.2833058536052704,-0.002878904342651367,0.3742331862449646,0.40856701135635376,0.03433382511138916,0.3734286427497864,0.39563435316085815,0.022205710411071777,0.5850480794906616,0.5808880925178528,0.004159986972808838,0.2581266462802887,0.2581266462802887,110.44634997844696
crack0001_04.png,3.5591335773468016,98.96414947509766,98.07361602783203,0.890533447265625,110.8436508178711,109.65110778808594,1.1925430297851562,0.23053817451000214,0.2420472800731659,0.011509105563163757,0.36763888597488403,0.39598459005355835,0.028345704078674316,0.3838508725166321,0.4101026654243469,0.026251792907714844,0.5855748057365417,0.5821491479873657,0.0034256577491760254,0.19837027788162231,0.19837027788162231,108.10958451032639
crack0001_05.png,0.7987219810485839,109.8824462890625,109.8438949584961,0.03855133056640625,106.82115936279297,106.60081481933594,0.22034454345703125,0.28784051537513733,0.2898433208465576,0.002002805471420288,0.3964560031890869,0.40899360179901123,0.012537598609924316,0.3672596216201782,0.37932002544403076,0.012060403823852539,0.5817839503288269,0.5815263390541077,0.0002576112747192383,0.2655094861984253,0.2655094861984253,115.86409771442413
crack0001_06.png,1.5856814861297608,113.40998840332031,113.00740814208984,0.40258026123046875,111.18537139892578,110.99784851074219,0.18752288818359375,0.24534280598163605,0.2513969838619232,0.00605417788028717,0.45788079500198364,0.47511255741119385,0.017231762409210205,0.47214871644973755,0.48155301809310913,0.009404301643371582,0.5792887210845947,0.5809265375137329,-0.0016378164291381836,0.15343789756298065,0.15343789756298065,121.72519141435623
crack0001_07.png,4.355457401275634,100.52715301513672,97.90674591064453,2.6204071044921875,113.35234069824219,111.06063842773438,2.2917022705078125,0.25980064272880554,0.2592039108276367,-0.0005967319011688232,0.4517303705215454,0.4624180197715759,0.010687649250030518,0.4040447473526001,0.4168524742126465,0.012807726860046387,0.5961322784423828,0.5851672291755676,0.010965049266815186,0.24245218932628632,0.24245218932628632,107.51000595092773
crack0001_08.png,2.496428394317627,111.60331726074219,110.9443359375,0.6589813232421875,110.92808532714844,110.31718444824219,0.61090087890625,0.3173768222332001,0.31824836134910583,0.0008715391159057617,0.46212637424468994,0.502501904964447,0.04037553071975708,0.4605135917663574,0.4812557101249695,0.02074211835861206,0.5775393843650818,0.5798308253288269,-0.002291440963745117,0.16685649752616882,0.16685649752616882,115.42445027828217
crack0001_09.png,2.094890308380127,99.66101837158203,98.4303207397461,1.2306976318359375,111.01256561279297,109.55854797363281,1.4540176391601562,0.27922239899635315,0.27205342054367065,-0.007168978452682495,0.4059939980506897,0.4262431859970093,0.02024918794631958,0.4333456754684448,0.45009005069732666,0.016744375228881836,0.5835524797439575,0.5823990702629089,0.001153409481048584,0.2565203905105591,0.2565203905105591,106.06456351280212
crack0002_00.png,2.249959373474121,111.03477478027344,110.01034545898438,1.0244293212890625,111.39173889160156,111.69956970214844,-0.307830810546875,0.28261712193489075,0.30135661363601685,0.0187394917011261,0.21332824230194092,0.20953887701034546,-0.003789365291595459,0.28227680921554565,0.27691149711608887,-0.005365312099456787,0.5811265110969543,0.5810995697975159,2.6941299438476562e-05,0.10501857101917267,0.10501857101917267,116.81059324741364
crack0002_01.png,-1.5352574348449708,129.45970153808594,130.97987365722656,-1.520172119140625,121.41416931152344,120.61161804199219,0.80255126953125,0.28404420614242554,0.282130628824234,-0.0019135773181915283,0.27990788221359253,0.27219516038894653,-0.007712721824645996,0.380901038646698,0.3858954906463623,0.004994451999664307,0.5871241688728333,0.5839869379997253,0.00313723087310791,0.13827738165855408,0.13827738165855408,136.77691662311554
crack0002_02.png,-0.7273480415344238,119.5029296875,120.56373596191406,-1.0608062744140625,116.395263671875,116.27903747558594,0.1162261962890625,0.34534209966659546,0.34926551580429077,0.0039234161376953125,0.33994120359420776,0.33749234676361084,-0.002448856830596924,0.3495281934738159,0.35832715034484863,0.008798956871032715,0.5851287841796875,0.5833525657653809,0.0017762184143066406,0.1288696974515915,0.1288696974515915,122.7179582118988
crack0002_03.png,-0.5639037132263183,117.33971405029297,118.57321166992188,-1.2334976196289062,117.099609375,116.43685913085938,0.662750244140625,0.3111640512943268,0.31115785241127014,-6.198883056640625e-06,0.3361057639122009,0.3427049517631531,0.0065991878509521484,0.41617804765701294,0.4204680323600769,0.004289984703063965,0.5879161953926086,0.5843906402587891,0.00352555513381958,0.11817693710327148,0.11817693710327148,122.80363953113556
crack0002_04.png,-1.1292744636535645,135.34161376953125,135.6974334716797,-0.3558197021484375,121.0858383178711,121.9548110961914,-0.8689727783203125,0.3135611116886139,0.3074319660663605,-0.006129145622253418,0.2843349575996399,0.28505080938339233,0.0007158517837524414,0.34825193881988525,0.34833914041519165,8.720159530639648e-05,0.5847481489181519,0.5838523507118225,0.0008957982063293457,0.14195916056632996,0.14195916056632996,140.46353161334991
crack0002_05.png,0.6079766273498535,133.31178283691406,133.0172576904297,0.294525146484375,120.50999450683594,120.68843841552734,-0.17844390869140625,0.32735368609428406,0.3334311544895172,0.006077468395233154,0.4087388515472412,0.4040285348892212,-0.0047103166580200195,0.4133150577545166,0.4129409193992615,-0.00037413835525512695,0.5801883935928345,0.5780122876167297,0.0021761059761047363,0.11589434742927551,0.11589434742927551,136.7308348417282
crack0002_06.png,-0.2961244583129883,136.4326171875,138.11376953125,-1.68115234375,125.88209533691406,124.93215942382812,0.9499359130859375,0.2730861008167267,0.2740747630596161,0.0009886622428894043,0.2701564431190491,0.2913946509361267,0.021238207817077637,0.3496330976486206,0.35601890087127686,0.00638580322265625,0.5876585841178894,0.5857477784156799,0.0019108057022094727,0.1280955970287323,0.1280955970287323,144.39437067508698
crack0002_07.png,-5.244967079162597,107.25346374511719,111.33566284179688,-4.0821990966796875,112.13113403320312,111.62422180175781,0.5069122314453125,0.3595311939716339,0.34262505173683167,-0.016906142234802246,0.3178853392601013,0.3125920295715332,-0.005293309688568115,0.3614128828048706,0.35893040895462036,-0.002482473850250244,0.5847173929214478,0.579750120639801,0.0049672722816467285,0.09904506802558899,0.09904506802558899,112.12575590610504
crack0002_08.png,0.9377405166625978,124.00814819335938,122.69071960449219,1.3174285888671875,111.79368591308594,110.97447204589844,0.8192138671875,0.36896824836730957,0.37639304995536804,0.007424801588058472,0.36485910415649414,0.331510066986084,-0.033349037170410156,0.3865307569503784,0.37189847230911255,-0.01463228464126587,0.5806305408477783,0.5798154473304749,0.0008150935173034668,0.11995213478803635,0.11995213478803635,124.43656063079834
crack0002_09.png,0.4008551597595215,110.3043212890625,110.85546875,-0.5511474609375,110.7615966796875,110.11746215820312,0.644134521484375,0.38554322719573975,0.3950824439525604,0.009539216756820679,0.2542877197265625,0.24797362089157104,-0.006314098834991455,0.3707728981971741,0.36887258291244507,-0.001900315284729004,0.5852364301681519,0.58064204454422,0.004594385623931885,0.11696051806211472,0.11696051806211472,110.85675859451294
crack0003_00.png,-1.861244249343872,117.0927505493164,118.76628112792969,-1.6735305786132812,113.53207397460938,113.12690734863281,0.4051666259765625,0.17887984216213226,0.1726333200931549,-0.006246522068977356,0.0,0.0,0.0,0.0,0.0,0.0,0.5875816941261292,0.5838331580162048,0.0037485361099243164,0.11957511305809021,0.11957511305809021,131.07478439807892
crack0003_01.png,-0.5215200424194336,117.9990005493164,118.69480895996094,-0.6958084106445312,116.10419464111328,115.50717163085938,0.5970230102539062,0.20311608910560608,0.19914156198501587,-0.00397452712059021,0.0,0.0,0.0,0.0,0.0,0.0,0.5872510671615601,0.5809150338172913,0.006336033344268799,0.09913885593414307,0.09913885593414307,129.88845372200012
crack0003_02.png,2.0983348369598387,95.97598266601562,95.04503631591797,0.9309463500976562,107.27218627929688,108.12077331542969,-0.8485870361328125,0.17098380625247955,0.18757957220077515,0.016595765948295593,0.0,0.0,0.0,0.0,0.028668999671936035,0.028668999671936035,0.5829758048057556,0.5784967541694641,0.004479050636291504,0.10084910690784454,0.10084910690784454,108.57051330804825
crack0003_03.png,0.6317483901977539,110.68473052978516,110.84121704101562,-0.15648651123046875,107.55598449707031,106.72052001953125,0.8354644775390625,0.28970158100128174,0.2945486605167389,0.004847079515457153,0.0,0.0,0.0,0.0,0.0,0.0,0.585667073726654,0.5840100049972534,0.0016570687294006348,0.10439929366111755,0.10439929366111755,116.80756187438965
crack0003_04.png,-2.9588443279266357,96.31402587890625,96.97915649414062,-0.665130615234375,110.19154357910156,110.13903045654297,0.05251312255859375,0.2143099457025528,0.18059894442558289,-0.03371100127696991,0.0,0.0,0.0,0.0,0.04089885950088501,0.04089885950088501,0.5900038480758667,0.5804498195648193,0.009554028511047363,0.09947497397661209,0.09947497397661209,109.41080844402313
crack0003_05.png,0.5964045524597168,115.10774230957031,116.01329803466797,-0.9055557250976562,114.22502136230469,112.89666748046875,1.3283538818359375,0.2783811092376709,0.2881224751472473,0.009741365909576416,0.0,0.0,0.0,0.0,0.0,0.0,0.5970011353492737,0.5922183990478516,0.004782736301422119,0.1173633337020874,0.1173633337020874,122.73769903182983
crack0003_06.png,-7.080826616287231,108.94054412841797,110.364501953125,-1.4239578247070312,111.22013854980469,110.44886779785156,0.771270751953125,0.211271271109581,0.13583707809448242,-0.07543419301509857,0.0,0.0,0.0,0.0,0.0,0.0,0.5871856808662415,0.5854517221450806,0.0017339587211608887,0.09991790354251862,0.09991790354251862,124.9897255897522
crack0003_07.png,-3.1706684112548826,94.27738189697266,94.49022674560547,-0.2128448486328125,107.02891540527344,108.52869415283203,-1.4997787475585938,0.22481845319271088,0.1951734572649002,-0.02964499592781067,0.0,0.0,0.0,0.0,0.0,0.0,0.5849942564964294,0.5846520662307739,0.0003421902656555176,0.10389700531959534,0.10389700531959534,106.07316714525223
crack0003_08.png,0.776545524597168,101.23162841796875,99.3230972290039,1.9085311889648438,111.24815368652344,111.58338928222656,-0.335235595703125,0.1883624643087387,0.1749161034822464,-0.01344636082649231,0.0,0.0,0.0,0.0,0.0,0.0,0.5887197256088257,0.5867742896080017,0.0019454360008239746,0.09292099624872208,0.09292099624872208,113.33118563890457
crack0003_09.png,2.7817232608795166,109.15467834472656,107.19468688964844,1.959991455078125,113.69702911376953,112.1092758178711,1.5877532958984375,0.1697188913822174,0.17234204709529877,0.00262315571308136,0.0,0.0,0.0,0.0,0.0,0.0,0.5777701139450073,0.5783506631851196,-0.0005805492401123047,0.09756283462047577,0.09756283462047577,121.12557566165924
crack0004_00.png,1.1043101310729981,109.14315032958984,107.3441390991211,1.79901123046875,106.3083267211914,105.1054916381836,1.2028350830078125,0.36183974146842957,0.3132834732532501,-0.04855626821517944,0.0,0.06478315591812134,0.06478315591812134,0.15997129678726196,0.21690642833709717,0.056935131549835205,0.5876393914222717,0.5847058892250061,0.002933502197265625,0.10235156863927841,0.10235156863927841,112.95221197605133
crack0004_01.png,2.1009146690368654,110.1856918334961,109.66970825195312,0.5159835815429688,105.47274780273438,105.34475708007812,0.12799072265625,0.254496306180954,0.2600253224372864,0.0055290162563323975,0.25137072801589966,0.28388869762420654,0.032517969608306885,0.19103926420211792,0.2136666178703308,0.02262735366821289,0.5761014819145203,0.581334114074707,-0.005232632160186768,0.13342131674289703,0.13342131674289703,117.91128623485565
crack0004_02.png,4.711907386779785,111.60331726074219,108.65819549560547,2.9451217651367188,106.17667388916016,105.5430908203125,0.6335830688476562,0.23504245281219482,0.2725455164909363,0.037503063678741455,0.14819121360778809,0.10847753286361694,-0.03971368074417114,0.24831843376159668,0.2531643509864807,0.004845917224884033,0.5836793780326843,0.581138014793396,0.00254136323928833,0.13177454471588135,0.13177454471588135,119.37538433074951
crack0004_03.png,-1.9124728202819825,99.9705810546875,100.52690887451172,-0.5563278198242188,103.97987365722656,104.05424499511719,-0.074371337890625,0.32883402705192566,0.2993159592151642,-0.029518067836761475,0.16229844093322754,0.18064677715301514,0.018348336219787598,0.25988852977752686,0.2478928565979004,-0.011995673179626465,0.5896424651145935,0.582114577293396,0.00752788782119751,0.11057727038860321,0.11057727038860321,105.8754860162735
crack0004_04.png,1.944697380065918,125.42850494384766,123.59422302246094,1.8342819213867188,116.77743530273438,116.91175079345703,-0.13431549072265625,0.21646429598331451,0.1956060379743576,-0.02085825800895691,0.18086522817611694,0.2248936891555786,0.04402846097946167,0.2324967384338379,0.23482155799865723,0.002324819564819336,0.5902191400527954,0.5884275436401367,0.0017915964126586914,0.1537206768989563,0.1537206768989563,136.38376730680466
crack0004_05.png,3.677451515197754,111.2120590209961,110.36226654052734,0.84979248046875,108.92208862304688,108.35353088378906,0.5685577392578125,0.32792696356773376,0.34094130992889404,0.013014346361160278,0.3357486128807068,0.37192302942276,0.03617441654205322,0.3578842878341675,0.3734685182571411,0.015584230422973633,0.5806612968444824,0.5778585076332092,0.0028027892112731934,0.15855690836906433,0.15855690836906433,114.33799684047699
crack0004_06.png,4.16495943069458,111.09062194824219,110.0745620727539,1.0160598754882812,110.65794372558594,109.60115814208984,1.0567855834960938,0.2850055694580078,0.30814704298973083,0.023141473531723022,0.17779606580734253,0.19731485843658447,0.019518792629241943,0.21981596946716309,0.24351811408996582,0.023702144622802734,0.5848481059074402,0.5824952125549316,0.002352893352508545,0.15409721434116364,0.15409721434116364,116.87618207931519
crack0004_07.png,3.8211151123046876,100.8529052734375,98.09797668457031,2.7549285888671875,106.6807861328125,105.27703094482422,1.4037551879882812,0.41012537479400635,0.4124796688556671,0.0023542940616607666,0.0,0.0,0.0,0.16280728578567505,0.16679811477661133,0.003990828990936279,0.5927835702896118,0.5848750472068787,0.007908523082733154,0.12383512407541275,0.12383512407541275,98.579261302948
crack0004_08.png,5.091738891601563,107.65258026123047,105.92147064208984,1.731109619140625,109.03648376464844,107.76610565185547,1.2703781127929688,0.3235633671283722,0.3163217008113861,-0.007241666316986084,0.14524567127227783,0.23039120435714722,0.08514553308486938,0.15314018726348877,0.19828885793685913,0.04514867067337036,0.5806804895401001,0.5800307393074036,0.0006497502326965332,0.17653876543045044,0.17653876543045044,111.034942984581
crack0004_09.png,-2.5050165176391603,102.82120513916016,103.03524780273438,-0.21404266357421875,102.80523681640625,103.32240295410156,-0.5171661376953125,0.33411264419555664,0.3174590766429901,-0.01665356755256653,0.03992491960525513,0.017257750034332275,-0.02266716957092285,0.07062405347824097,0.02211982011795044,-0.04850423336029053,0.586739718914032,0.5828680992126465,0.003871619701385498,0.12279215455055237,0.12279215455055237,107.35027062892914
crack0005_00.png,1.4253793239593506,96.72370910644531,95.98401641845703,0.7396926879882812,104.06524658203125,103.4410171508789,0.6242294311523438,0.24753697216510773,0.2500312924385071,0.002494320273399353,0.5160601735115051,0.5215485095977783,0.005488336086273193,0.4330637454986572,0.43674129247665405,0.003677546977996826,0.5781891345977783,0.5777662396430969,0.0004228949546813965,0.20253926515579224,0.20253926515579224,104.62920981645584
crack0005_01.png,-0.21205873489379884,99.91131591796875,99.79104614257812,0.120269775390625,110.733642578125,111.28834533691406,-0.5547027587890625,0.2782004773616791,0.27401474118232727,-0.004185736179351807,0.3273676633834839,0.33005988597869873,0.0026922225952148438,0.3444066047668457,0.3525093197822571,0.008102715015411377,0.58991539478302,0.5869973301887512,0.002918064594268799,0.21761998534202576,0.21761998534202576,107.0069123506546
crack0005_02.png,1.1908007621765138,93.11895751953125,91.11259460449219,2.0063629150390625,109.81195068359375,108.68586730957031,1.1260833740234375,0.2470720112323761,0.2349814474582672,-0.012090563774108887,0.37465381622314453,0.3690035939216614,-0.005650222301483154,0.34978872537612915,0.35224348306655884,0.0024547576904296875,0.5863245129585266,0.5881430506706238,-0.001818537712097168,0.25102299451828003,0.25102299451828003,101.54261124134064
crack0005_03.png,0.06753201484680171,96.61589050292969,95.47715759277344,1.13873291015625,107.91422271728516,107.01852416992188,0.8956985473632812,0.23231470584869385,0.21328236162662506,-0.019032344222068787,0.4144771099090576,0.41773521900177,0.0032581090927124023,0.3511965274810791,0.33608120679855347,-0.015115320682525635,0.579365611076355,0.5802960395812988,-0.0009304285049438477,0.21311336755752563,0.21311336755752563,106.46142393350601
crack0005_04.png,1.935559940338135,91.79012298583984,90.59878540039062,1.1913375854492188,101.148681640625,100.19011688232422,0.9585647583007812,0.2189786583185196,0.22580237686634064,0.006823718547821045,0.47288793325424194,0.4634737968444824,-0.009414136409759521,0.4340364336967468,0.42909473180770874,-0.004941701889038086,0.5826336145401001,0.5778470039367676,0.0047866106033325195,0.22032934427261353,0.22032934427261353,101.36107927560806
crack0005_05.png,2.4213215827941896,102.49197387695312,100.29411315917969,2.1978607177734375,116.36393737792969,115.46461486816406,0.899322509765625,0.2645682692527771,0.2586359977722168,-0.005932271480560303,0.4534401297569275,0.4599948525428772,0.006554722785949707,0.3664984107017517,0.3725726008415222,0.006074190139770508,0.5962322354316711,0.5943291187286377,0.0019031167030334473,0.24577471613883972,0.24577471613883972,109.72417306900024
crack0005_06.png,0.38016195297241206,91.39736938476562,90.86810302734375,0.529266357421875,107.885986328125,107.35585021972656,0.5301361083984375,0.2323840707540512,0.23008595407009125,-0.002298116683959961,0.38855791091918945,0.3798844814300537,-0.008673429489135742,0.3644220232963562,0.3542996644973755,-0.010122358798980713,0.5822645425796509,0.5780238509178162,0.004240691661834717,0.19751125574111938,0.19751125574111938,100.61816066503525
crack0005_07.png,4.150447940826416,94.34552764892578,91.29903411865234,3.0464935302734375,111.5340347290039,109.72725677490234,1.8067779541015625,0.27367711067199707,0.27620890736579895,0.00253179669380188,0.46395182609558105,0.4622255563735962,-0.0017262697219848633,0.4030330777168274,0.40421080589294434,0.0011777281761169434,0.5875124931335449,0.581318736076355,0.006193757057189941,0.22634294629096985,0.22634294629096985,99.90215396881104
crack0005_08.png,1.5106889247894286,97.21228790283203,95.93647766113281,1.2758102416992188,104.83929443359375,104.10960388183594,0.7296905517578125,0.2246706336736679,0.22787219285964966,0.0032015591859817505,0.45720863342285156,0.4488039016723633,-0.008404731750488281,0.39669764041900635,0.386211633682251,-0.010486006736755371,0.5833025574684143,0.5827258825302124,0.0005766749382019043,0.2256229817867279,0.2256229817867279,106.42624706029892
crack0005_09.png,0.525940990447998,93.89814758300781,93.29792022705078,0.6002273559570312,105.4891586303711,105.56855773925781,-0.07939910888671875,0.22038471698760986,0.2247987985610962,0.004414081573486328,0.2921364903450012,0.2784081697463989,-0.013728320598602295,0.29915326833724976,0.28614574670791626,-0.013007521629333496,0.5814840197563171,0.5776470303535461,0.003836989402770996,0.20035973191261292,0.20035973191261292,103.63431167602539
crack0006_00.png,1.0649386405944825,101.14178466796875,101.15099334716797,-0.00920867919921875,109.00410461425781,109.45581817626953,-0.45171356201171875,0.34158754348754883,0.3405541479587555,-0.001033395528793335,0.22630900144577026,0.2608923316001892,0.034583330154418945,0.27099132537841797,0.29339903593063354,0.022407710552215576,0.5796424150466919,0.5807881355285645,-0.0011457204818725586,0.15768983960151672,0.15768983960151672,103.94466555118561
crack0006_01.png,-3.7249762058258056,103.68953704833984,102.7181625366211,0.97137451171875,104.71119689941406,105.0306167602539,-0.31941986083984375,0.23377244174480438,0.17698952555656433,-0.05678291618824005,0.32140570878982544,0.3219680190086365,0.0005623102188110352,0.28822553157806396,0.24743187427520752,-0.040793657302856445,0.5744367837905884,0.5756478309631348,-0.0012110471725463867,0.16798068583011627,0.16798068583011627,115.610391497612
crack0006_02.png,2.736654281616211,94.18533325195312,92.7654037475586,1.4199295043945312,106.4802017211914,105.86809539794922,0.6121063232421875,0.28288471698760986,0.28123268485069275,-0.0016520321369171143,0.21318352222442627,0.23893630504608154,0.025752782821655273,0.22691982984542847,0.21478277444839478,-0.012137055397033691,0.5888350605964661,0.584486722946167,0.004348337650299072,0.14102491736412048,0.14102491736412048,100.15480983257294
crack0006_03.png,5.1743700981140135,94.84264373779297,93.55149841308594,1.2911453247070312,106.30612182617188,105.88948822021484,0.41663360595703125,0.3815189301967621,0.4023583233356476,0.020839393138885498,0.30674415826797485,0.35571128129959106,0.04896712303161621,0.29571038484573364,0.3186124563217163,0.022902071475982666,0.5804536938667297,0.5781853199005127,0.002268373966217041,0.12309841066598892,0.12309841066598892,94.52408301830292
crack0006_04.png,1.6597536087036133,93.400634765625,92.8665771484375,0.5340576171875,112.00700378417969,112.31939697265625,-0.3123931884765625,0.36407414078712463,0.3641204237937927,4.628300666809082e-05,0.24459069967269897,0.27198517322540283,0.027394473552703857,0.29834115505218506,0.30564624071121216,0.0073050856590271,0.5874894261360168,0.5837101340293884,0.003779292106628418,0.16034792363643646,0.16034792363643646,94.78873455524445
crack0006_05.png,0.3293193817138672,88.015380859375,88.03553009033203,-0.02014923095703125,108.2486572265625,108.38337707519531,-0.1347198486328125,0.2815975844860077,0.2879267632961273,0.006329178810119629,0.3183411955833435,0.3142250180244446,-0.004116177558898926,0.31980133056640625,0.31841498613357544,-0.0013863444328308105,0.5857324004173279,0.5841906666755676,0.001541733741760254,0.1692425012588501,0.1692425012588501,94.55889642238617
crack0006_06.png,1.9337357521057128,87.83283233642578,87.20990753173828,0.6229248046875,109.55193328857422,109.03327178955078,0.5186614990234375,0.3223240077495575,0.33294203877449036,0.010618031024932861,0.3021371364593506,0.3058549761772156,0.0037178397178649902,0.31100207567214966,0.3217849135398865,0.010782837867736816,0.5873894691467285,0.5847597122192383,0.0026297569274902344,0.1729971468448639,0.1729971468448639,91.67750823497772
crack0006_07.png,5.3575944900512695,94.6821517944336,94.26641845703125,0.41573333740234375,107.4416732788086,107.95467376708984,-0.51300048828125,0.3288904130458832,0.3483997583389282,0.019509345293045044,0.17107337713241577,0.25564855337142944,0.08457517623901367,0.2906317710876465,0.3267647624015808,0.036132991313934326,0.5851134061813354,0.5800307393074036,0.005082666873931885,0.11012320965528488,0.11012320965528488,98.14539659023285
crack0006_08.png,2.530772495269775,94.8228988647461,93.52285766601562,1.3000411987304688,111.17449951171875,110.30128479003906,0.8732147216796875,0.18134702742099762,0.1884719878435135,0.007124960422515869,0.18163800239562988,0.18547576665878296,0.003837764263153076,0.11346632242202759,0.11827224493026733,0.004805922508239746,0.5910534262657166,0.5871049761772156,0.0039484500885009766,0.16916029155254364,0.16916029155254364,106.93419367074966
crack0006_09.png,1.9050790786743166,109.54625701904297,108.36542510986328,1.1808319091796875,115.1393051147461,113.84573364257812,1.2935714721679688,0.38090115785598755,0.3792373836040497,-0.0016637742519378662,0.36740219593048096,0.3740432858467102,0.006641089916229248,0.37315595149993896,0.38089263439178467,0.007736682891845703,0.5906574130058289,0.5888004899024963,0.0018569231033325195,0.21978279948234558,0.21978279948234558,109.8278945684433
crack0007_00.png,2.321913146972656,107.2720718383789,106.91023254394531,0.36183929443359375,104.39676666259766,103.62599182128906,0.7707748413085938,0.24322959780693054,0.2552166283130646,0.011987030506134033,0.39209216833114624,0.40464097261428833,0.01254880428314209,0.2394002079963684,0.2649883031845093,0.02558809518814087,0.5907227993011475,0.585951566696167,0.004771232604980469,0.16673919558525085,0.16673919558525085,116.12628829479218
crack0007_01.png,0.5539935111999512,94.63015747070312,95.55854034423828,-0.9283828735351562,101.927734375,101.24586486816406,0.6818695068359375,0.28874632716178894,0.2964852452278137,0.00773891806602478,0.3382302522659302,0.35321611166000366,0.014985859394073486,0.24017012119293213,0.2537025213241577,0.013532400131225586,0.5803460478782654,0.5805690288543701,-0.00022298097610473633,0.17278946936130524,0.17278946936130524,100.99233043193817
crack0007_02.png,2.4042667388916015,98.61653137207031,97.4214859008789,1.1950454711914062,106.95575714111328,105.74385070800781,1.2119064331054688,0.306532084941864,0.30979761481285095,0.0032655298709869385,0.4650813341140747,0.4715905785560608,0.006509244441986084,0.33988362550735474,0.34665828943252563,0.0067746639251708984,0.5884352326393127,0.5833640694618225,0.005071163177490234,0.17905372381210327,0.17905372381210327,103.16449284553528
crack0007_03.png,1.0433382987976074,98.14817810058594,98.17219543457031,-0.024017333984375,102.77013397216797,102.35200500488281,0.41812896728515625,0.3344995677471161,0.33962562680244446,0.005126059055328369,0.4978063106536865,0.5051164031028748,0.007310092449188232,0.4102262258529663,0.4065290093421936,-0.003697216510772705,0.5820761322975159,0.5771357417106628,0.004940390586853027,0.1474006175994873,0.1474006175994873,101.3732579946518
crack0007_04.png,-1.5943586349487304,106.95903778076172,107.49935150146484,-0.540313720703125,106.84344482421875,105.91411590576172,0.9293289184570312,0.30651921033859253,0.29615792632102966,-0.010361284017562866,0.4532475471496582,0.4370992183685303,-0.01614832878112793,0.356597900390625,0.3535439968109131,-0.003053903579711914,0.5829142928123474,0.5816878080368042,0.0012264847755432129,0.19055411219596863,0.19055411219596863,112.7762907743454
crack0007_05.png,3.8254018783569337,107.22693634033203,106.37687683105469,0.8500595092773438,108.98616790771484,107.99211120605469,0.9940567016601562,0.24603217840194702,0.2631828188896179,0.0171506404876709,0.29941892623901367,0.3214445114135742,0.022025585174560547,0.14326763153076172,0.17912167310714722,0.0358540415763855,0.5931680202484131,0.5850518941879272,0.00811612606048584,0.20079153776168823,0.20079153776168823,115.76669669151306
crack0007_06.png,-0.17281541824340818,115.9015121459961,116.3176498413086,-0.4161376953125,108.7012939453125,108.43146514892578,0.26982879638671875,0.31368109583854675,0.31644123792648315,0.0027601420879364014,0.45547276735305786,0.4497808814048767,-0.005691885948181152,0.35626357793807983,0.37010180950164795,0.013838231563568115,0.5823337435722351,0.5787773728370667,0.003556370735168457,0.18690380454063416,0.18690380454063416,120.58206498622894
crack0007_07.png,2.969727897644043,110.27189636230469,108.72960662841797,1.5422897338867188,105.84742736816406,103.90702819824219,1.940399169921875,0.2619566023349762,0.2627090811729431,0.0007524788379669189,0.40076911449432373,0.4092254638671875,0.00845634937286377,0.32772451639175415,0.3408971428871155,0.013172626495361328,0.5970203876495361,0.5906997323036194,0.006320655345916748,0.23206445574760437,0.23206445574760437,117.6641708612442
crack0007_08.png,-0.7464254379272461,93.69918823242188,94.62657928466797,-0.9273910522460938,103.88581848144531,103.75447082519531,0.13134765625,0.3431926667690277,0.34301236271858215,-0.00018030405044555664,0.4345664978027344,0.43340498208999634,-0.0011615157127380371,0.3520953059196472,0.3520358204841614,-5.9485435485839844e-05,0.5841983556747437,0.5794655680656433,0.004732787609100342,0.12504097819328308,0.12504097819328308,96.95007622241974
crack0007_09.png,2.350512409210205,107.38356018066406,106.6590576171875,0.7245025634765625,104.91206359863281,104.26732635498047,0.6447372436523438,0.3328090310096741,0.34285834431648254,0.010049313306808472,0.37687158584594727,0.38788092136383057,0.0110093355178833,0.29620909690856934,0.3182397484779358,0.022030651569366455,0.5861168503761292,0.5830219388008118,0.003094911575317383,0.18638603389263153,0.18638603389263153,110.4974410533905
crack0008_00.png,2.3476834297180176,102.11909484863281,101.79842376708984,0.32067108154296875,100.603271484375,99.92753601074219,0.6757354736328125,0.29620638489723206,0.31417176127433777,0.017965376377105713,0.3482193946838379,0.3562104105949402,0.007991015911102295,0.3745892643928528,0.3935908079147339,0.019001543521881104,0.5761514902114868,0.5761553049087524,-3.814697265625e-06,0.14815375208854675,0.14815375208854675,107.2325884103775
crack0008_01.png,2.1732595443725584,103.80935668945312,103.50264739990234,0.30670928955078125,100.45317077636719,99.55489349365234,0.8982772827148438,0.29839974641799927,0.3003018796443939,0.0019021332263946533,0.3488715887069702,0.3800647258758545,0.031193137168884277,0.3481215834617615,0.37009304761886597,0.021971464157104492,0.5807958245277405,0.5781122446060181,0.002683579921722412,0.16408318281173706,0.16408318281173706,108.9838502407074
crack0008_02.png,1.2514957427978515,108.36827087402344,108.52063751220703,-0.15236663818359375,104.84229278564453,103.86514282226562,0.9771499633789062,0.2862072288990021,0.29485398530960083,0.008646756410598755,0.3995276093482971,0.4047026038169861,0.005174994468688965,0.3873215317726135,0.4102533459663391,0.022931814193725586,0.5800538063049316,0.577197253704071,0.0028565526008605957,0.15786784887313843,0.15786784887313843,114.47417271137238
crack0008_03.png,1.1080389976501466,111.97669219970703,111.63298797607422,0.3437042236328125,105.50082397460938,104.86294555664062,0.63787841796875,0.268489807844162,0.2755107283592224,0.007020920515060425,0.31924450397491455,0.3129957318305969,-0.006248772144317627,0.34938114881515503,0.35077184438705444,0.001390695571899414,0.5899922847747803,0.5850557684898376,0.004936516284942627,0.2196296751499176,0.2196296751499176,119.29514300823212
crack0008_04.png,-0.48321599960327144,122.08555603027344,122.54093933105469,-0.45538330078125,104.16990661621094,103.57058715820312,0.5993194580078125,0.2667090892791748,0.2677474915981293,0.0010384023189544678,0.4701148271560669,0.4548014998435974,-0.015313327312469482,0.3915634751319885,0.38881105184555054,-0.0027524232864379883,0.5816378593444824,0.5750903487205505,0.006547510623931885,0.20230171084403992,0.20230171084403992,129.57621669769287
crack0008_05.png,1.4949859619140624,118.35746002197266,117.54096984863281,0.8164901733398438,104.72511291503906,103.9654769897461,0.7596359252929688,0.2750903069972992,0.28124478459358215,0.006154477596282959,0.33566445112228394,0.3325369954109192,-0.003127455711364746,0.3862505555152893,0.3998705744743347,0.01362001895904541,0.5849058032035828,0.5847212672233582,0.00018453598022460938,0.13863840699195862,0.13863840699195862,124.8400286436081
crack0008_06.png,-0.860577392578125,118.49129486083984,117.54425811767578,0.9470367431640625,102.64185333251953,101.95077514648438,0.6910781860351562,0.27218836545944214,0.26922836899757385,-0.002959996461868286,0.25620532035827637,0.2104739546775818,-0.04573136568069458,0.32627755403518677,0.3089589476585388,-0.01731860637664795,0.5895425081253052,0.5899922847747803,-0.00044977664947509766,0.16472041606903076,0.16472041606903076,125.46376574039459
crack0008_07.png,1.170045518875122,121.5448989868164,120.35888671875,1.1860122680664062,110.0152587890625,108.2934799194336,1.7217788696289062,0.23887582123279572,0.22851240634918213,-0.010363414883613586,0.40226101875305176,0.40231817960739136,5.716085433959961e-05,0.4293895363807678,0.41893255710601807,-0.010456979274749756,0.5897654891014099,0.5867127776145935,0.0030527114868164062,0.2001877725124359,0.2001877725124359,130.83176803588867
crack0008_08.png,0.12670164108276372,120.53306579589844,120.48758697509766,0.04547882080078125,102.52764892578125,102.14641571044922,0.38123321533203125,0.2704610824584961,0.26000529527664185,-0.010455787181854248,0.5103505849838257,0.5210220813751221,0.010671496391296387,0.4264601469039917,0.45152217149734497,0.02506202459335327,0.585470974445343,0.5770126581192017,0.008458316326141357,0.16731321811676025,0.16731321811676025,128.32884764671326
crack0008_09.png,0.7473332405090332,112.45750427246094,112.05465698242188,0.4028472900390625,104.31314086914062,104.60194396972656,-0.2888031005859375,0.2991729974746704,0.2971900701522827,-0.0019829273223876953,0.44593381881713867,0.4563094973564148,0.010375678539276123,0.43363887071609497,0.45095980167388916,0.01732093095779419,0.5786620378494263,0.5735716819763184,0.00509035587310791,0.1539730280637741,0.1539730280637741,117.5711579322815
crack0009_00.png,4.0793601989746096,105.7382583618164,104.091552734375,1.6467056274414062,104.4065933227539,103.99383544921875,0.41275787353515625,0.18962226808071136,0.1990535706281662,0.009431302547454834,0.4651342034339905,0.49669355154037476,0.03155934810638428,0.30702173709869385,0.3192982077598572,0.01227647066116333,0.591064989566803,0.5847981572151184,0.00626683235168457,0.15424567461013794,0.15424567461013794,117.18016904592514
crack0009_01.png,2.9329811096191407,112.71029663085938,111.13831329345703,1.5719833374023438,104.92591857910156,103.76813507080078,1.1577835083007812,0.28891247510910034,0.29095950722694397,0.002047032117843628,0.4761221408843994,0.4935986399650574,0.01747649908065796,0.3386431336402893,0.3589615225791931,0.02031838893890381,0.5859476923942566,0.5850711464881897,0.0008765459060668945,0.23164796829223633,0.23164796829223633,118.02746415138245
crack0009_02.png,3.151138734817505,110.04737854003906,108.7294921875,1.3178863525390625,105.23194885253906,104.4947509765625,0.7371978759765625,0.20169496536254883,0.22885124385356903,0.027156278491020203,0.43219518661499023,0.4144003987312317,-0.017794787883758545,0.2714983820915222,0.2623399496078491,-0.009158432483673096,0.5906151533126831,0.5886735916137695,0.0019415616989135742,0.1622130274772644,0.1622130274772644,120.91134357452393
crack0009_03.png,2.5270313739776613,108.33602905273438,107.29845428466797,1.0375747680664062,107.08684539794922,106.55701446533203,0.5298309326171875,0.20944786071777344,0.20980475842952728,0.0003568977117538452,0.3607333302497864,0.3847680687904358,0.024034738540649414,0.2751702070236206,0.29332637786865234,0.01815617084503174,0.5927297472953796,0.5855401754379272,0.007189571857452393,0.18843068182468414,0.18843068182468414,118.95955991744995
crack0009_04.png,0.4207340717315674,106.20278930664062,106.13333129882812,0.0694580078125,102.88002014160156,102.65104675292969,0.228973388671875,0.2203894853591919,0.20997865498065948,-0.01041083037853241,0.4480135440826416,0.4743046760559082,0.0262911319732666,0.32490015029907227,0.355243980884552,0.030343830585479736,0.5844290852546692,0.583406388759613,0.0010226964950561523,0.18430732190608978,0.18430732190608978,116.94650441408157
crack0009_05.png,0.9632859230041504,106.26417541503906,105.56964874267578,0.6945266723632812,108.22825622558594,108.1419677734375,0.0862884521484375,0.2590735852718353,0.25666964054107666,-0.002403944730758667,0.5215531587600708,0.5286646485328674,0.007111489772796631,0.3645491600036621,0.376468300819397,0.011919140815734863,0.5892772078514099,0.5857247114181519,0.0035524964332580566,0.21499629318714142,0.21499629318714142,114.08782196044922
crack0009_06.png,2.1255573272705077,113.46976470947266,112.76280212402344,0.7069625854492188,112.63101196289062,111.92115783691406,0.7098541259765625,0.19921359419822693,0.20480209589004517,0.005588501691818237,0.36283594369888306,0.38345855474472046,0.020622611045837402,0.2969256639480591,0.3188055157661438,0.021879851818084717,0.5910072922706604,0.5944405794143677,-0.0034332871437072754,0.1847282499074936,0.1847282499074936,124.94109094142914
crack0009_07.png,2.306563949584961,108.64591217041016,107.09455108642578,1.551361083984375,104.65914154052734,103.63494873046875,1.0241928100585938,0.21746638417243958,0.21884027123451233,0.001373887062072754,0.48335325717926025,0.4886130690574646,0.005259811878204346,0.28401023149490356,0.2985118627548218,0.014501631259918213,0.5855517387390137,0.5849211812019348,0.0006305575370788574,0.1509304940700531,0.1509304940700531,118.24431812763214
crack0009_08.png,1.4803481578826905,102.75181579589844,101.26612091064453,1.4856948852539062,99.82318878173828,99.1328125,0.6903762817382812,0.25382447242736816,0.2452549785375595,-0.008569493889808655,0.5009006261825562,0.5059771537780762,0.0050765275955200195,0.3611774444580078,0.3706473112106323,0.009469866752624512,0.5883198976516724,0.5832948684692383,0.005025029182434082,0.19634543359279633,0.19634543359279633,110.82646554708481
crack0009_09.png,1.6559818267822266,111.5320816040039,111.385498046875,0.14658355712890625,110.51138305664062,110.34403991699219,0.1673431396484375,0.19133126735687256,0.19734594225883484,0.00601467490196228,0.4522521495819092,0.46641504764556885,0.014162898063659668,0.27976489067077637,0.2832515239715576,0.00348663330078125,0.5913571715354919,0.5814878940582275,0.009869277477264404,0.1642390787601471,0.1642390787601471,123.63320064544678
crack0010_00.png,-2.0905574798583983,95.5333023071289,96.22027587890625,-0.6869735717773438,106.51322937011719,106.9631118774414,-0.44988250732421875,0.40474340319633484,0.40511849522590637,0.0003750920295715332,0.10964709520339966,0.0769951343536377,-0.03265196084976196,0.24127835035324097,0.22621208429336548,-0.015066266059875488,0.586078405380249,0.5847674012184143,0.0013110041618347168,0.09764929115772247,0.09764929115772247,95.03532111644745
crack0010_01.png,-1.4933743476867676,91.80308532714844,92.84615325927734,-1.0430679321289062,113.46930694580078,112.6134033203125,0.8559036254882812,0.40496161580085754,0.3957309126853943,-0.009230703115463257,0.24414724111557007,0.23655205965042114,-0.007595181465148926,0.2871849536895752,0.2893788814544678,0.002193927764892578,0.5892772078514099,0.5830373167991638,0.006239891052246094,0.10672260820865631,0.10672260820865631,92.15185284614563
crack0010_02.png,1.6254198074340822,106.7596206665039,106.24555206298828,0.514068603515625,110.67948150634766,109.22538757324219,1.4540939331054688,0.4351283013820648,0.43072664737701416,-0.004401654005050659,0.1057736873626709,0.12410587072372437,0.018332183361053467,0.15438437461853027,0.15776562690734863,0.0033812522888183594,0.5869665741920471,0.5832526087760925,0.00371396541595459,0.09935634583234787,0.09935634583234787,104.13765048980713
crack0010_03.png,-1.660428810119629,97.0763168334961,98.68711853027344,-1.6108016967773438,111.58134460449219,108.63681030273438,2.9445343017578125,0.3730843961238861,0.3814067244529724,0.008322328329086304,0.0767362117767334,0.023680806159973145,-0.053055405616760254,0.2040853500366211,0.18883883953094482,-0.01524651050567627,0.5891080498695374,0.583383321762085,0.005724728107452393,0.10766187310218811,0.10766187310218811,99.0609759092331
crack0010_04.png,0.7040486335754395,90.46900177001953,91.82034301757812,-1.3513412475585938,106.90337371826172,106.46258544921875,0.44078826904296875,0.44523951411247253,0.45617130398750305,0.010931789875030518,0.2527059316635132,0.2696530818939209,0.016947150230407715,0.2992417812347412,0.3058233857154846,0.006581604480743408,0.5870434641838074,0.578877329826355,0.008166134357452393,0.11525531858205795,0.11525531858205795,87.91204011440277
crack0010_05.png,-0.2651789665222166,86.89693450927734,89.83741760253906,-2.9404830932617188,110.96820068359375,110.2112045288086,0.7569961547851562,0.3999602794647217,0.40856441855430603,0.00860413908958435,0.2193056344985962,0.25869566202163696,0.03939002752304077,0.2614206075668335,0.27369147539138794,0.012270867824554443,0.5871203541755676,0.5844060182571411,0.0027143359184265137,0.1024579256772995,0.1024579256772995,87.85437345504761
crack0010_06.png,-3.589323711395264,89.50517272949219,92.3751449584961,-2.8699722290039062,107.94429016113281,108.05755615234375,-0.1132659912109375,0.37133878469467163,0.37913599610328674,0.007797211408615112,0.11129719018936157,0.07639485597610474,-0.034902334213256836,0.19941872358322144,0.2044847011566162,0.005065977573394775,0.5865090489387512,0.5840522646903992,0.0024567842483520508,0.1039733812212944,0.1039733812212944,92.12019371986389
crack0010_07.png,-0.6045903205871581,70.20697021484375,72.04316711425781,-1.8361968994140625,107.5298843383789,107.5130386352539,0.016845703125,0.404074102640152,0.4193272888660431,0.015253186225891113,0.0,0.0,0.0,0.18470549583435059,0.16447335481643677,-0.02023214101791382,0.5806728005409241,0.5805574655532837,0.00011533498764038086,0.09766608476638794,0.09766608476638794,70.10753452777863
crack0010_08.png,-1.3497727394104004,80.90675354003906,81.10603332519531,-0.19927978515625,109.05148315429688,108.80504608154297,0.24643707275390625,0.45974308252334595,0.4631779193878174,0.0034348368644714355,0.2824772000312805,0.24147045612335205,-0.04100674390792847,0.33381181955337524,0.33375728130340576,-5.453824996948242e-05,0.5878815650939941,0.5849711894989014,0.0029103755950927734,0.10851509869098663,0.10851509869098663,76.9370710849762
crack0010_09.png,-3.1194689750671385,95.9511489868164,97.00790405273438,-1.0567550659179688,107.89498138427734,107.1432113647461,0.75177001953125,0.376544713973999,0.3677109479904175,-0.008833765983581543,0.06764423847198486,0.025291919708251953,-0.04235231876373291,0.12000620365142822,0.11876296997070312,-0.0012432336807250977,0.5803844928741455,0.5794501900672913,0.000934302806854248,0.10994493961334229,0.10994493961334229,97.63224935531616
crack0011_00.png,2.0649728775024414,111.3036880493164,110.63933563232422,0.6643524169921875,105.7827377319336,105.18775939941406,0.5949783325195312,0.3101541996002197,0.2997705638408661,-0.010383635759353638,0.3805215358734131,0.4237416982650757,0.0432201623916626,0.3683231472969055,0.40445584058761597,0.03613269329071045,0.5853594541549683,0.5787466168403625,0.006612837314605713,0.23416699469089508,0.23416699469089508,116.39965617656708
crack0011_01.png,-0.05286178588867185,104.7568130493164,104.45246887207031,0.30434417724609375,104.93804931640625,103.794921875,1.14312744140625,0.3583640456199646,0.34792810678482056,-0.010435938835144043,0.48646748065948486,0.48406362533569336,-0.002403855323791504,0.4123549461364746,0.40656906366348267,-0.005785882472991943,0.5882506966590881,0.5853363871574402,0.0029143095016479492,0.19024324417114258,0.19024324417114258,107.25898241996765
crack0011_02.png,2.612066459655762,121.55905151367188,120.41858673095703,1.1404647827148438,104.84675598144531,104.51513671875,0.3316192626953125,0.29787710309028625,0.30537551641464233,0.007498413324356079,0.4277508854866028,0.44017255306243896,0.012421667575836182,0.3318701982498169,0.35775673389434814,0.02588653564453125,0.5801230072975159,0.5740676522254944,0.006055355072021484,0.21566715836524963,0.21566715836524963,126.32111322879791
crack0011_03.png,2.7291250228881836,117.23725128173828,116.19470977783203,1.04254150390625,106.58753967285156,105.29069519042969,1.296844482421875,0.27183786034584045,0.27375879883766174,0.001920938491821289,0.28833144903182983,0.3074881434440613,0.019156694412231445,0.20587706565856934,0.21666717529296875,0.010790109634399414,0.5913379192352295,0.5851403474807739,0.006197571754455566,0.19331002235412598,0.19331002235412598,124.05922567844391
crack0011_04.png,3.8428518295288088,133.1949005126953,131.25265502929688,1.9422454833984375,107.27484130859375,105.56939697265625,1.7054443359375,0.28343382477760315,0.28654325008392334,0.0031094253063201904,0.43720561265945435,0.4570491909980774,0.019843578338623047,0.34832823276519775,0.37241077423095703,0.024082541465759277,0.5890272855758667,0.5846289992332458,0.00439828634262085,0.19496068358421326,0.19496068358421326,138.77883970737457
crack0011_05.png,3.6390942573547362,104.99815368652344,104.37609100341797,0.6220626831054688,101.18351745605469,101.23965454101562,-0.0561370849609375,0.3706842064857483,0.37842118740081787,0.00773698091506958,0.4728332757949829,0.5324352979660034,0.05960202217102051,0.3756569027900696,0.44723230600357056,0.07157540321350098,0.5759784579277039,0.5750672817230225,0.0009111762046813965,0.16335754096508026,0.16335754096508026,105.48520827293396
crack0011_06.png,1.3929377555847169,121.13631439208984,120.76615905761719,0.37015533447265625,106.85111999511719,106.194091796875,0.6570281982421875,0.25949981808662415,0.27256080508232117,0.013060986995697021,0.5481714010238647,0.5411986112594604,-0.006972789764404297,0.4936838746070862,0.4907267689704895,-0.0029571056365966797,0.5770434737205505,0.5771933794021606,-0.00014990568161010742,0.17245766520500183,0.17245766520500183,128.4689828157425
crack0011_07.png,2.8523399353027346,108.02615356445312,106.83606719970703,1.1900863647460938,100.79307556152344,99.80826568603516,0.9848098754882812,0.25557941198349,0.27058592438697815,0.01500651240348816,0.5465348362922668,0.5474188327789307,0.0008839964866638184,0.3976660370826721,0.42228156328201294,0.02461552619934082,0.5785467028617859,0.5777354836463928,0.0008112192153930664,0.19714726507663727,0.19714726507663727,115.23821377754211
crack0011_08.png,2.4423425674438475,113.8758544921875,113.29830169677734,0.5775527954101562,104.24732971191406,103.99053192138672,0.25679779052734375,0.32212308049201965,0.3346467912197113,0.01252371072769165,0.4498524069786072,0.46713435649871826,0.017281949520111084,0.4102623462677002,0.43788081407546997,0.027618467807769775,0.5872625708580017,0.5855401754379272,0.0017223954200744629,0.20495091378688812,0.20495091378688812,117.75019609928131
crack0011_09.png,0.9776785850524903,108.61101531982422,108.65542602539062,-0.04441070556640625,106.22265625,105.83131408691406,0.3913421630859375,0.34425443410873413,0.34990623593330383,0.005651801824569702,0.37776392698287964,0.3848465085029602,0.007082581520080566,0.34562647342681885,0.3596045970916748,0.013978123664855957,0.5855440497398376,0.5822914242744446,0.0032526254653930664,0.2164498269557953,0.2164498269557953,111.39971661567688
crack0012_00.png,1.9737855911254882,113.79301452636719,112.43507385253906,1.357940673828125,103.96654510498047,102.94679260253906,1.0197525024414062,0.33232590556144714,0.33274805545806885,0.0004221498966217041,0.4943286180496216,0.49078595638275146,-0.003542661666870117,0.4289591908454895,0.4305257797241211,0.0015665888786315918,0.5943368077278137,0.586439847946167,0.007896959781646729,0.25187522172927856,0.25187522172927856,116.94796216487885
crack0012_01.png,1.0842235565185547,101.54610443115234,100.64615631103516,0.8999481201171875,105.14643859863281,104.61524963378906,0.53118896484375,0.313581258058548,0.3124917149543762,-0.001089543104171753,0.5381659269332886,0.5374254584312439,-0.0007404685020446777,0.4714347720146179,0.47324949502944946,0.001814723014831543,0.5849404335021973,0.5827258825302124,0.0022145509719848633,0.26358863711357117,0.26358863711357117,105.74424481391907
crack0012_02.png,1.1565186977386475,108.95104217529297,108.50030517578125,0.45073699951171875,103.85591125488281,103.12532043457031,0.7305908203125,0.17337562143802643,0.17968794703483582,0.006312325596809387,0.36406999826431274,0.3569357991218567,-0.007134199142456055,0.29059839248657227,0.3046380281448364,0.01403963565826416,0.5849788784980774,0.5801306962966919,0.004848182201385498,0.1418209969997406,0.1418209969997406,121.72229152917862
crack0012_03.png,-0.6006223201751708,95.45146942138672,96.18401336669922,-0.7325439453125,101.63119506835938,101.80287170410156,-0.1716766357421875,0.21442855894565582,0.21173280477523804,-0.0026957541704177856,0.4722605347633362,0.48315513134002686,0.010894596576690674,0.42584747076034546,0.43449318408966064,0.008645713329315186,0.5802537202835083,0.5807420015335083,-0.00048828125,0.2448882907629013,0.2448882907629013,106.34345316886902
crack0012_04.png,1.2911639213562012,110.96391296386719,110.57471466064453,0.38919830322265625,101.87754821777344,100.73687744140625,1.1406707763671875,0.20115137100219727,0.2034761905670166,0.002324819564819336,0.4712083339691162,0.47303372621536255,0.0018253922462463379,0.41719406843185425,0.42502695322036743,0.007832884788513184,0.586055338382721,0.5813879370689392,0.004667401313781738,0.192421555519104,0.192421555519104,122.14244508743286
crack0012_05.png,4.938384532928467,111.58676147460938,109.68948364257812,1.89727783203125,107.90631103515625,105.68695831298828,2.2193527221679688,0.20916640758514404,0.22055289149284363,0.011386483907699585,0.4249727129936218,0.44624149799346924,0.021268784999847412,0.3484584093093872,0.3784131407737732,0.029954731464385986,0.597754716873169,0.5879623293876648,0.00979238748550415,0.16087327897548676,0.16087327897548676,121.99832677841187
crack0012_06.png,3.642025423049927,108.4586181640625,106.8327407836914,1.6258773803710938,107.19813537597656,104.77655792236328,2.4215774536132812,0.21929804980754852,0.22469425201416016,0.005396202206611633,0.4493727684020996,0.45593321323394775,0.0065604448318481445,0.3876309394836426,0.3951215147972107,0.007490575313568115,0.5927451252937317,0.5839100480079651,0.008835077285766602,0.15036845207214355,0.15036845207214355,118.19760149717331
crack0012_07.png,-0.013826131820678711,115.81123352050781,116.08657836914062,-0.2753448486328125,110.29899597167969,109.79904174804688,0.4999542236328125,0.2074250727891922,0.2117646336555481,0.004339560866355896,0.4382971525192261,0.42778855562210083,-0.010508596897125244,0.35884004831314087,0.3733134865760803,0.014473438262939453,0.5840907096862793,0.5807228088378906,0.003367900848388672,0.17274045944213867,0.17274045944213867,126.86702996492386
crack0012_08.png,2.2556159019470217,118.93077850341797,117.24867248535156,1.6821060180664062,120.31819152832031,119.31251525878906,1.00567626953125,0.2983252704143524,0.2929683327674866,-0.005356937646865845,0.4334385395050049,0.4456191062927246,0.012180566787719727,0.420041024684906,0.435519814491272,0.015478789806365967,0.596493661403656,0.5936793684959412,0.0028142929077148438,0.27050256729125977,0.27050256729125977,124.37137198448181
crack0012_09.png,2.465446949005127,110.0621337890625,109.43423461914062,0.627899169921875,104.56243133544922,103.60757446289062,0.9548568725585938,0.22256191074848175,0.23310734331607819,0.010545432567596436,0.4583612084388733,0.47368741035461426,0.015326201915740967,0.40720778703689575,0.4283866882324219,0.021178901195526123,0.5815070867538452,0.5815340280532837,-2.6941299438476562e-05,0.25514987111091614,0.25514987111091614,119.655830681324
crack0013_00.png,-0.4786546707153321,82.7098159790039,82.95258331298828,-0.242767333984375,106.14430236816406,106.32488250732422,-0.18058013916015625,0.3958299160003662,0.37891241908073425,-0.016917496919631958,0.16995865106582642,0.19074422121047974,0.02078557014465332,0.4247376322746277,0.4269866347312927,0.002249002456665039,0.589419424533844,0.5804613828659058,0.008958041667938232,0.10094471275806427,0.10094471275806427,83.6732314825058
crack0013_01.png,1.9327383995056153,82.45799255371094,80.68749237060547,1.7705001831054688,108.95420837402344,109.07560729980469,-0.12139892578125,0.3685567080974579,0.35282570123672485,-0.015731006860733032,0.2221946120262146,0.2599223256111145,0.0377277135848999,0.36293232440948486,0.3834190368652344,0.02048671245574951,0.5756478309631348,0.5766435861587524,-0.0009957551956176758,0.09691870957612991,0.09691870957612991,83.46894383430481
crack0013_02.png,3.370546340942383,72.77827453613281,71.7972412109375,0.9810333251953125,103.15251922607422,102.98883056640625,0.16368865966796875,0.36380067467689514,0.4070858061313629,0.04328513145446777,0.251716673374176,0.22340500354766846,-0.02831166982650757,0.39040982723236084,0.38178396224975586,-0.00862586498260498,0.5828065872192383,0.5829642415046692,-0.0001576542854309082,0.10789728909730911,0.10789728909730911,73.77828705310822
crack0013_03.png,0.3097867012023926,110.23158264160156,110.42876434326172,-0.19718170166015625,110.81507110595703,110.30270385742188,0.5123672485351562,0.4000636637210846,0.3952717185020447,-0.004791945219039917,0.20822304487228394,0.22177422046661377,0.013551175594329834,0.32060426473617554,0.3290783166885376,0.00847405195236206,0.5871818661689758,0.5835986137390137,0.003583252429962158,0.1255423128604889,0.1255423128604889,110.101145029068
crack0013_04.png,1.3058520317077633,75.72227478027344,75.78308868408203,-0.06081390380859375,105.14398956298828,105.41458129882812,-0.27059173583984375,0.35154131054878235,0.41497716307640076,0.06343585252761841,0.13055872917175293,0.037010908126831055,-0.09354782104492188,0.38723331689834595,0.3343978524208069,-0.05283546447753906,0.5816993713378906,0.5781506896018982,0.0035486817359924316,0.09438194334506989,0.09438194334506989,77.92817795276642
crack0013_05.png,-1.6218703269958494,103.227783203125,102.97181701660156,0.2559661865234375,109.85566711425781,109.90067291259766,-0.04500579833984375,0.45786723494529724,0.41670694947242737,-0.04116028547286987,0.25474703311920166,0.28939908742904663,0.03465205430984497,0.3937162756919861,0.38328516483306885,-0.010431110858917236,0.5845367312431335,0.5833640694618225,0.0011726617813110352,0.10202902555465698,0.10202902555465698,101.47885239124298
crack0013_06.png,-0.055923175811767534,81.18383026123047,81.45634460449219,-0.27251434326171875,109.637451171875,109.68731689453125,-0.04986572265625,0.38616618514060974,0.382722944021225,-0.0034432411193847656,0.1700180172920227,0.18221431970596313,0.01219630241394043,0.3588300943374634,0.3484798073768616,-0.010350286960601807,0.5887351036071777,0.5881314873695374,0.0006036162376403809,0.1129446029663086,0.1129446029663086,81.90611493587494
crack0013_07.png,1.042219066619873,88.29464721679688,88.55363464355469,-0.2589874267578125,108.20016479492188,107.59284973144531,0.6073150634765625,0.4063175320625305,0.42301061749458313,0.016693085432052612,0.14023345708847046,0.1300017237663269,-0.010231733322143555,0.4029795527458191,0.39575517177581787,-0.007224380970001221,0.5908612012863159,0.5875586271286011,0.0033025741577148438,0.1018623486161232,0.1018623486161232,87.67953705787659
crack0013_08.png,0.9928544044494627,91.34622192382812,91.17127990722656,0.1749420166015625,111.62063598632812,111.11046600341797,0.5101699829101562,0.3858971893787384,0.4090142846107483,0.023117095232009888,0.28388142585754395,0.2509787678718567,-0.032902657985687256,0.39999741315841675,0.3814131021499634,-0.01858431100845337,0.5895463228225708,0.5875317454338074,0.0020145773887634277,0.09609287977218628,0.09609287977218628,91.68677246570587
crack0013_09.png,2.187611389160156,79.37586975097656,77.28861236572266,2.0872573852539062,106.63807678222656,106.61378479003906,0.0242919921875,0.4431559443473816,0.4268789291381836,-0.016277015209197998,0.19306540489196777,0.22238361835479736,0.02931821346282959,0.38490647077560425,0.3902280926704407,0.005321621894836426,0.5866013169288635,0.5810995697975159,0.005501747131347656,0.10504218190908432,0.10504218190908432,76.18355798721313
crack0014_00.png,0.7148970127105709,116.8876724243164,114.35859680175781,2.5290756225585938,108.22854614257812,107.28495788574219,0.9435882568359375,0.22381381690502167,0.23875692486763,0.014943107962608337,0.378878653049469,0.2865089178085327,-0.09236973524093628,0.31188124418258667,0.24176889657974243,-0.07011234760284424,0.5989426970481873,0.5912495255470276,0.007693171501159668,0.1702074408531189,0.1702074408531189,126.1520134806633
crack0014_01.png,1.3653996467590332,110.52046203613281,109.49911499023438,1.0213470458984375,103.56941223144531,103.24799346923828,0.32141876220703125,0.30576440691947937,0.30510228872299194,-0.0006621181964874268,0.42808812856674194,0.4344688653945923,0.006380736827850342,0.41928720474243164,0.4253350496292114,0.006047844886779785,0.5815378427505493,0.5812072157859802,0.0003306269645690918,0.19547829031944275,0.19547829031944275,114.96516489982605
crack0014_02.png,1.3048829555511474,114.66764831542969,113.57413482666016,1.0935134887695312,102.48379516601562,101.91482543945312,0.5689697265625,0.23832377791404724,0.23830585181713104,-1.792609691619873e-05,0.4037271738052368,0.4020657539367676,-0.0016614198684692383,0.33293217420578003,0.33885180950164795,0.00591963529586792,0.5820761322975159,0.5807843208312988,0.001291811466217041,0.1943245232105255,0.1943245232105255,123.1055857539177
crack0014_03.png,2.8923609256744385,114.34557342529297,113.06272888183594,1.2828445434570312,104.32158660888672,103.55868530273438,0.7629013061523438,0.2075536996126175,0.2122933268547058,0.004739627242088318,0.4134092330932617,0.4336284399032593,0.02021920680999756,0.34023159742355347,0.34755492210388184,0.007323324680328369,0.5889657735824585,0.586055338382721,0.002910435199737549,0.20897427201271057,0.20897427201271057,124.80956012010574
crack0014_04.png,1.8705943107604979,114.98399353027344,113.03630828857422,1.9476852416992188,108.01696014404297,107.15789794921875,0.8590621948242188,0.2960628867149353,0.29941919445991516,0.0033563077449798584,0.17470121383666992,0.1523303985595703,-0.02237081527709961,0.10416650772094727,0.09053260087966919,-0.013633906841278076,0.5927720069885254,0.5876317024230957,0.0051403045654296875,0.1538362205028534,0.1538362205028534,119.95725798606873
crack0014_05.png,0.6994256496429443,112.15653228759766,110.5552749633789,1.60125732421875,104.28018188476562,104.00326538085938,0.27691650390625,0.24322257936000824,0.2204626500606537,-0.022759929299354553,0.4090966582298279,0.42805588245391846,0.018959224224090576,0.3605959415435791,0.3695531487464905,0.008957207202911377,0.5827028155326843,0.5814571380615234,0.0012456774711608887,0.19275358319282532,0.19275358319282532,121.43625724315643
crack0014_06.png,0.032536315917968794,111.89374542236328,110.63195037841797,1.2617950439453125,103.6141128540039,102.91519165039062,0.6989212036132812,0.27913570404052734,0.2641826570034027,-0.014953047037124634,0.25609564781188965,0.24425572156906128,-0.01183992624282837,0.24728721380233765,0.25650250911712646,0.009215295314788818,0.5867358446121216,0.5827105045318604,0.0040253400802612305,0.1463649570941925,0.1463649570941925,118.88132226467133
crack0014_07.png,1.214855670928955,117.88129425048828,116.54938507080078,1.3319091796875,103.78359985351562,103.28948211669922,0.49411773681640625,0.2791210412979126,0.2645827531814575,-0.014538288116455078,0.3104027509689331,0.32803624868392944,0.017633497714996338,0.2908136248588562,0.2939232587814331,0.0031096339225769043,0.5898577570915222,0.5862821936607361,0.003575563430786133,0.17890013754367828,0.17890013754367828,124.93468475341797
crack0014_08.png,1.560145664215088,109.39659881591797,107.80084991455078,1.5957489013671875,100.83219909667969,100.01631927490234,0.8158798217773438,0.2693537175655365,0.26498857140541077,-0.004365146160125732,0.41436922550201416,0.4144850969314575,0.00011587142944335938,0.3689832091331482,0.3765154480934143,0.007532238960266113,0.5810918807983398,0.5815263390541077,-0.00043445825576782227,0.20440971851348877,0.20440971851348877,115.96046364307404
crack0014_09.png,-1.1284781455993653,123.8648910522461,124.22438049316406,-0.35948944091796875,109.18434143066406,109.32115936279297,-0.13681793212890625,0.30174607038497925,0.2951364815235138,-0.006609588861465454,0.32271236181259155,0.31363826990127563,-0.009074091911315918,0.2180805802345276,0.2351299524307251,0.01704937219619751,0.5886697173118591,0.5842329859733582,0.0044367313385009766,0.16389895975589752,0.16389895975589752,129.88323557376862
crack0015_00.png,-0.3274606704711913,126.05973052978516,125.6720199584961,0.3877105712890625,111.35538482666016,109.51099395751953,1.844390869140625,0.25062915682792664,0.25528791546821594,0.004658758640289307,0.20762407779693604,0.1588384509086609,-0.048785626888275146,0.10525834560394287,0.06939101219177246,-0.03586733341217041,0.5874701738357544,0.5843252539634705,0.0031449198722839355,0.1625521183013916,0.1625521183013916,134.3269327878952
crack0015_01.png,1.259447193145752,119.59637451171875,118.60260009765625,0.9937744140625,109.77360534667969,109.32283782958984,0.45076751708984375,0.28195202350616455,0.2833207845687866,0.0013687610626220703,0.2935032248497009,0.29054689407348633,-0.0029563307762145996,0.32974720001220703,0.33288973569869995,0.00314253568649292,0.5860207676887512,0.5836678147315979,0.0023529529571533203,0.1878308653831482,0.1878308653831482,125.62319660186768
crack0015_02.png,1.1816396713256836,122.48731994628906,121.30061340332031,1.18670654296875,109.57394409179688,108.89256286621094,0.6813812255859375,0.2906097173690796,0.2845287322998047,-0.006080985069274902,0.2558255195617676,0.2610008716583252,0.005175352096557617,0.2837505340576172,0.27862006425857544,-0.005130469799041748,0.5908189415931702,0.590772807598114,4.6133995056152344e-05,0.19222614169120789,0.19222614169120789,128.4550004005432
crack0015_03.png,0.7835750102996826,117.20252227783203,116.16770935058594,1.0348129272460938,108.81489562988281,108.1539535522461,0.6609420776367188,0.2536296844482422,0.23909394443035126,-0.01453574001789093,0.3379886746406555,0.3521474599838257,0.014158785343170166,0.3203163146972656,0.33138054609298706,0.011064231395721436,0.5933910012245178,0.5913686752319336,0.0020223259925842285,0.17165735363960266,0.17165735363960266,126.07511919736862
crack0015_04.png,5.782751941680909,119.3637924194336,118.67929077148438,0.6845016479492188,106.5594253540039,105.494384765625,1.0650405883789062,0.2544936537742615,0.2904842793941498,0.035990625619888306,0.1820850372314453,0.2229304313659668,0.040845394134521484,0.14276975393295288,0.22000688314437866,0.07723712921142578,0.5831872224807739,0.5792080163955688,0.003979206085205078,0.155663400888443,0.155663400888443,127.07941126823425
crack0015_05.png,3.520858573913574,134.4666290283203,132.63746643066406,1.82916259765625,117.49620819091797,116.05769348144531,1.4385147094726562,0.24826839566230774,0.2546097934246063,0.006341397762298584,0.24182897806167603,0.25400078296661377,0.012171804904937744,0.23599779605865479,0.2736019492149353,0.03760415315628052,0.5910226702690125,0.5879700183868408,0.003052651882171631,0.18564508855342865,0.18564508855342865,142.29685080051422
crack0015_06.png,1.598444938659668,116.29723358154297,115.15174102783203,1.1454925537109375,114.10604095458984,113.48100280761719,0.6250381469726562,0.27476030588150024,0.2708019018173218,-0.003958404064178467,0.3248606324195862,0.3351864814758301,0.010325849056243896,0.26937246322631836,0.2665840983390808,-0.002788364887237549,0.5877393484115601,0.5850749611854553,0.0026643872261047363,0.2047463357448578,0.2047463357448578,122.9859471321106
crack0015_07.png,2.3839816093444823,114.99302673339844,113.22806549072266,1.7649612426757812,108.61554718017578,107.16686248779297,1.4486846923828125,0.32392874360084534,0.3055715560913086,-0.018357187509536743,0.3098934292793274,0.3467583656311035,0.03686493635177612,0.3462042808532715,0.3531076908111572,0.006903409957885742,0.5857477784156799,0.5849096775054932,0.0008381009101867676,0.2306896448135376,0.2306896448135376,119.20616388320923
crack0015_08.png,0.30167703628540044,120.22042846679688,119.51795959472656,0.7024688720703125,107.46119689941406,106.62330627441406,0.837890625,0.26797258853912354,0.2627013623714447,-0.005271226167678833,0.2824324369430542,0.2718464136123657,-0.010586023330688477,0.30299848318099976,0.2855839729309082,-0.017414510250091553,0.5901768803596497,0.5874471068382263,0.00272977352142334,0.1560850590467453,0.1560850590467453,127.71418750286102
crack0015_09.png,2.30607271194458,128.7826385498047,126.92696380615234,1.8556747436523438,109.66622924804688,107.78199768066406,1.8842315673828125,0.2989759147167206,0.2990415394306183,6.562471389770508e-05,0.307522177696228,0.2955179214477539,-0.012004256248474121,0.34824442863464355,0.34217578172683716,-0.0060686469078063965,0.5925605297088623,0.5882698893547058,0.004290640354156494,0.21089133620262146,0.21089133620262146,133.61866748332977
crack0016_00.png,0.11593971252441415,107.2151107788086,106.19703674316406,1.0180740356445312,101.1710205078125,100.19142150878906,0.9795989990234375,0.3465726673603058,0.3281136155128479,-0.018459051847457886,0.5493153929710388,0.5523116588592529,0.0029962658882141113,0.4966627359390259,0.4991205334663391,0.0024577975273132324,0.5844367742538452,0.5828642845153809,0.0015724897384643555,0.15900637209415436,0.15900637209415436,110.39672780036926
crack0016_01.png,1.6994168281555175,104.44707489013672,103.84687805175781,0.6001968383789062,103.53533935546875,103.15786743164062,0.377471923828125,0.307442307472229,0.31971919536590576,0.012276887893676758,0.49025875329971313,0.48471641540527344,-0.005542337894439697,0.4252015948295593,0.4310958981513977,0.005894303321838379,0.5788735151290894,0.5741791725158691,0.004694342613220215,0.14610785245895386,0.14610785245895386,108.8553786277771
crack0016_02.png,2.596273326873779,107.59661865234375,105.67167663574219,1.9249420166015625,102.33316040039062,101.17851257324219,1.1546478271484375,0.3592156767845154,0.35924607515335083,3.039836883544922e-05,0.4773789048194885,0.48082101345062256,0.003442108631134033,0.4607977867126465,0.4688844680786133,0.008086681365966797,0.5907189249992371,0.588985025882721,0.0017338991165161133,0.21572068333625793,0.21572068333625793,108.70996403694153
crack0016_03.png,2.871176528930664,105.84832763671875,104.48375701904297,1.3645706176757812,107.00346374511719,106.11563873291016,0.8878250122070312,0.30183446407318115,0.30897238850593567,0.007137924432754517,0.42763710021972656,0.4362042546272278,0.00856715440750122,0.39785122871398926,0.40253305435180664,0.004681825637817383,0.5908881425857544,0.5849442481994629,0.005943894386291504,0.16205313801765442,0.16205313801765442,110.69150018692017
crack0016_04.png,2.85524959564209,110.30406188964844,108.56490325927734,1.7391586303710938,102.31403350830078,101.08710479736328,1.2269287109375,0.31890633702278137,0.330089271068573,0.011182934045791626,0.41436511278152466,0.40413737297058105,-0.010227739810943604,0.3836682438850403,0.3818434476852417,-0.001824796199798584,0.5868819952011108,0.5833871364593506,0.003494858741760254,0.14767709374427795,0.14767709374427795,113.77538216114044
crack0016_05.png,0.7384230613708496,114.05611419677734,112.85271453857422,1.203399658203125,102.45271301269531,101.81980895996094,0.632904052734375,0.3263992667198181,0.31575506925582886,-0.010644197463989258,0.4842679500579834,0.48686474561691284,0.0025967955589294434,0.43670088052749634,0.44874507188796997,0.012044191360473633,0.5874394178390503,0.5867012739181519,0.0007381439208984375,0.13956837356090546,0.13956837356090546,118.00668692588806
crack0016_06.png,-2.516527843475342,171.9857177734375,173.04541015625,-1.0596923828125,176.38302612304688,180.62142944335938,-4.2384033203125,0.2874610424041748,0.29058048129081726,0.003119438886642456,0.4278506636619568,0.4181554913520813,-0.009695172309875488,0.4398993253707886,0.4387490153312683,-0.0011503100395202637,0.5991387963294983,0.5897193551063538,0.009419441223144531,0.17489761114120483,0.17489761114120483,179.2334532737732
crack0016_07.png,1.8353755950927735,104.90328979492188,103.5847396850586,1.3185501098632812,103.51985931396484,102.89028930664062,0.6295700073242188,0.33905497193336487,0.34091663360595703,0.001861661672592163,0.5194398760795593,0.5175856351852417,-0.001854240894317627,0.47303175926208496,0.47623711824417114,0.0032053589820861816,0.5898731350898743,0.5851172804832458,0.004755854606628418,0.15230026841163635,0.15230026841163635,107.49564182758331
crack0016_08.png,1.8595545768737793,109.06182098388672,108.40864562988281,0.6531753540039062,107.91694641113281,107.03648376464844,0.880462646484375,0.3341144323348999,0.3421664535999298,0.008052021265029907,0.445483922958374,0.44535601139068604,-0.00012791156768798828,0.42826491594314575,0.4365071654319763,0.008242249488830566,0.5874586701393127,0.5820799469947815,0.00537872314453125,0.16214808821678162,0.16214808821678162,112.18671417236328
crack0016_09.png,3.200691795349121,103.71385192871094,102.45598602294922,1.2578659057617188,102.39628601074219,101.63957977294922,0.7567062377929688,0.31957557797431946,0.3357085585594177,0.016132980585098267,0.5524330735206604,0.5582795143127441,0.00584644079208374,0.49101972579956055,0.5010126233100891,0.009992897510528564,0.5823221802711487,0.5794309973716736,0.0028911828994750977,0.15242375433444977,0.15242375433444977,107.20327150821686
crack0017_00.png,1.4478779315948487,100.61145782470703,100.18140411376953,0.4300537109375,101.01722717285156,100.35031127929688,0.6669158935546875,0.21480068564414978,0.22459609806537628,0.009795412421226501,0.4224817752838135,0.4210484027862549,-0.0014333724975585938,0.4021075367927551,0.4138834476470947,0.0117759108543396,0.5837408900260925,0.5831218957901001,0.0006189942359924316,0.1544521152973175,0.1544521152973175,110.858025431633
crack0017_01.png,-0.17911601066589355,105.01657104492188,105.12401580810547,-0.10744476318359375,101.13286590576172,100.26460266113281,0.8682632446289062,0.2562669813632965,0.24905084073543549,-0.007216140627861023,0.4091286063194275,0.41353631019592285,0.004407703876495361,0.3720005750656128,0.38425779342651367,0.012257218360900879,0.583706259727478,0.5841560959815979,-0.00044983625411987305,0.12672239542007446,0.12672239542007446,113.49348682165146
crack0017_02.png,1.020930004119873,103.58706665039062,103.22775268554688,0.35931396484375,99.79833221435547,99.45370483398438,0.34462738037109375,0.2921067476272583,0.2931041419506073,0.000997394323348999,0.40109962224960327,0.4101805090904236,0.009080886840820312,0.4438974857330322,0.4511013627052307,0.007203876972198486,0.5887850522994995,0.5867666006088257,0.002018451690673828,0.22253568470478058,0.22253568470478058,109.43240690231323
crack0017_03.png,-1.0366861343383789,97.11117553710938,97.82453918457031,-0.7133636474609375,102.51589965820312,102.71560668945312,-0.19970703125,0.289327472448349,0.2868295907974243,-0.0024978816509246826,0.40235620737075806,0.40366119146347046,0.0013049840927124023,0.37919485569000244,0.36737310886383057,-0.011821746826171875,0.5774663686752319,0.579861581325531,-0.0023952126502990723,0.14131730794906616,0.14131730794906616,103.45254516601562
crack0017_04.png,1.20916690826416,112.26140594482422,111.44035339355469,0.8210525512695312,101.95034790039062,101.29168701171875,0.658660888671875,0.34715765714645386,0.34650754928588867,-0.0006501078605651855,0.4802134037017822,0.4775056838989258,-0.0027077198028564453,0.4884859323501587,0.49270349740982056,0.004217565059661865,0.5882237553596497,0.5810995697975159,0.007124185562133789,0.21408280730247498,0.21408280730247498,114.58937692642212
crack0017_05.png,0.4825015068054199,109.25520324707031,108.96888732910156,0.28631591796875,102.15328979492188,102.33685302734375,-0.183563232421875,0.216765895485878,0.219480499625206,0.002714604139328003,0.40373891592025757,0.40312379598617554,-0.0006151199340820312,0.37987440824508667,0.38215750455856323,0.0022830963134765625,0.5871241688728333,0.5851979851722717,0.0019261837005615234,0.18766558170318604,0.18766558170318604,119.59105831384659
crack0017_06.png,0.27961568832397465,107.25975036621094,106.88143157958984,0.37831878662109375,106.36119842529297,105.58060455322266,0.7805938720703125,0.278482586145401,0.2791156470775604,0.0006330609321594238,0.3961082696914673,0.38146597146987915,-0.014642298221588135,0.3973008990287781,0.4018845558166504,0.0045836567878723145,0.5871087908744812,0.584006130695343,0.0031026601791381836,0.1863136887550354,0.1863136887550354,113.84598743915558
crack0017_07.png,0.03206548690795896,99.38972473144531,98.88453674316406,0.50518798828125,104.72220611572266,104.12773895263672,0.5944671630859375,0.3513752818107605,0.3389398157596588,-0.012435466051101685,0.39171916246414185,0.39482277631759644,0.00310361385345459,0.37489771842956543,0.38630425930023193,0.011406540870666504,0.5821952819824219,0.5782006978988647,0.003994584083557129,0.23061805963516235,0.23061805963516235,102.08855307102203
crack0017_08.png,0.5864838600158692,108.6844482421875,108.36602020263672,0.31842803955078125,101.34419250488281,101.30973052978516,0.03446197509765625,0.28404051065444946,0.2913704216480255,0.00732991099357605,0.4266957640647888,0.41397517919540405,-0.012720584869384766,0.43016666173934937,0.42907023429870605,-0.0010964274406433105,0.5880545973777771,0.5836370587348938,0.004417538642883301,0.2113173007965088,0.2113173007965088,115.00498747825623
crack0017_09.png,-1.4802205562591553,130.2534942626953,129.37193298339844,0.881561279296875,142.24440002441406,140.55654907226562,1.6878509521484375,0.23340539634227753,0.1952090859413147,-0.03819631040096283,0.41712385416030884,0.41640543937683105,-0.0007184147834777832,0.3984513282775879,0.39014631509780884,-0.008305013179779053,0.5922145247459412,0.5910265445709229,0.0011879801750183105,0.24188439548015594,0.24188439548015594,141.78874945640564
crack0018_00.png,0.10086450576782235,91.599853515625,91.3127212524414,0.28713226318359375,111.10961151123047,109.9363021850586,1.173309326171875,0.3159025013446808,0.3015541434288025,-0.014348357915878296,0.30710744857788086,0.3179149627685547,0.010807514190673828,0.3367345929145813,0.3458019495010376,0.009067356586456299,0.5783390998840332,0.5768396854400635,0.0014994144439697266,0.14619851112365723,0.14619851112365723,96.49660277366638
crack0018_01.png,-0.46619944572448735,98.12202453613281,98.50035095214844,-0.378326416015625,105.06060028076172,104.90861511230469,0.15198516845703125,0.2494131475687027,0.24030056595802307,-0.009112581610679626,0.36661839485168457,0.37823188304901123,0.01161348819732666,0.4506852626800537,0.4564385414123535,0.005753278732299805,0.589419424533844,0.5865244269371033,0.0028949975967407227,0.12442351132631302,0.12442351132631302,107.469930768013
crack0018_02.png,2.3907615184783935,103.73258972167969,102.99019622802734,0.7423934936523438,112.38574981689453,111.38861083984375,0.9971389770507812,0.24964331090450287,0.25856778025627136,0.008924469351768494,0.31935399770736694,0.33113962411880493,0.011785626411437988,0.3771083950996399,0.3860960006713867,0.008987605571746826,0.5832987427711487,0.5816954970359802,0.001603245735168457,0.19186043739318848,0.19186043739318848,111.71474403142929
crack0018_03.png,-0.70838303565979,94.93106842041016,94.89881896972656,0.03224945068359375,105.93339538574219,104.97724914550781,0.956146240234375,0.231501042842865,0.2108318954706192,-0.02066914737224579,0.28248560428619385,0.29192113876342773,0.009435534477233887,0.36977750062942505,0.3990525007247925,0.02927500009536743,0.5873279571533203,0.583502471446991,0.0038254857063293457,0.1261560022830963,0.1261560022830963,105.75814825296402
crack0018_04.png,2.406317949295044,96.14537811279297,94.94290924072266,1.2024688720703125,106.959228515625,105.92254638671875,1.03668212890625,0.21926014125347137,0.23352700471878052,0.014266863465309143,0.402371346950531,0.3851048946380615,-0.017266452312469482,0.4347938299179077,0.4440441131591797,0.009250283241271973,0.5911341905593872,0.5826720595359802,0.008462131023406982,0.12395729869604111,0.12395729869604111,106.03390282392502
crack0018_05.png,4.562971401214599,97.24345397949219,95.68965911865234,1.5537948608398438,109.853759765625,108.2034912109375,1.6502685546875,0.2418781816959381,0.26787832379341125,0.026000142097473145,0.20500916242599487,0.2067490816116333,0.0017399191856384277,0.36210089921951294,0.3682774305343628,0.0061765313148498535,0.5898923277854919,0.5849058032035828,0.00498652458190918,0.13639995455741882,0.13639995455741882,105.54955875873566
crack0018_06.png,2.413659954071045,94.46034240722656,92.8440933227539,1.6162490844726562,104.11796569824219,103.18289184570312,0.9350738525390625,0.30029451847076416,0.30313900113105774,0.002844482660293579,0.4191857576370239,0.42715704441070557,0.00797128677368164,0.46829086542129517,0.47371917963027954,0.005428314208984375,0.5764475464820862,0.5795232653617859,-0.003075718879699707,0.1395157277584076,0.1395157277584076,98.81547737121582
crack0018_07.png,0.16284494400024419,91.43916320800781,91.18258666992188,0.2565765380859375,105.92948913574219,104.55387878417969,1.3756103515625,0.23653006553649902,0.2195059061050415,-0.01702415943145752,0.3634534478187561,0.3801605701446533,0.016707122325897217,0.4093574285507202,0.42660290002822876,0.017245471477508545,0.5830180644989014,0.5817762613296509,0.0012418031692504883,0.1337127387523651,0.1337127387523651,101.46124315261841
crack0018_08.png,0.8082563400268554,98.62188720703125,98.35254669189453,0.26934051513671875,109.05732727050781,108.31665802001953,0.7406692504882812,0.24974325299263,0.2451486587524414,-0.004594594240188599,0.3483074903488159,0.36179816722869873,0.013490676879882812,0.404741108417511,0.4088450074195862,0.004103899002075195,0.5903037190437317,0.5885390043258667,0.0017647147178649902,0.18085625767707825,0.18085625767707825,107.39044618606567
crack0018_09.png,0.5971999168395996,98.72807312011719,97.54480743408203,1.1832656860351562,109.40533447265625,108.04814147949219,1.3571929931640625,0.3123975396156311,0.29144084453582764,-0.020956695079803467,0.4043814539909363,0.41693711280822754,0.01255565881729126,0.45823031663894653,0.4693969488143921,0.011166632175445557,0.5868704319000244,0.5857362747192383,0.0011341571807861328,0.18280339241027832,0.18280339241027832,104.12480688095093
crack0019_00.png,-1.4313042640686036,106.76692962646484,105.34666442871094,1.4202651977539062,111.6583480834961,111.64338684082031,0.01496124267578125,0.3069359064102173,0.27042263746261597,-0.03651326894760132,0.456359326839447,0.4508535861968994,-0.005505740642547607,0.41830527782440186,0.40719419717788696,-0.011111080646514893,0.5975432395935059,0.5904498100280762,0.0070934295654296875,0.19028222560882568,0.19028222560882568,113.73316836357117
crack0019_01.png,2.5146944999694822,102.5723876953125,101.65929412841797,0.9130935668945312,101.1229248046875,99.80091094970703,1.3220138549804688,0.33385202288627625,0.3429481089115143,0.009096086025238037,0.3608282804489136,0.3673030138015747,0.006474733352661133,0.4006287455558777,0.4009336233139038,0.00030487775802612305,0.5855055451393127,0.5833525657653809,0.0021529793739318848,0.15745767951011658,0.15745767951011658,105.50494134426117
crack0019_02.png,1.5699195861816406,110.92845153808594,109.93921661376953,0.9892349243164062,109.35763549804688,108.56143188476562,0.79620361328125,0.40097805857658386,0.4028780162334442,0.0018999576568603516,0.2869897484779358,0.28648847341537476,-0.0005012750625610352,0.33790135383605957,0.340758740901947,0.002857387065887451,0.5934678912162781,0.5902114510536194,0.0032564401626586914,0.17946380376815796,0.17946380376815796,110.11386620998383
crack0019_03.png,0.9989054679870606,94.44783020019531,93.96748352050781,0.4803466796875,104.11332702636719,103.19784545898438,0.9154815673828125,0.31415244936943054,0.30705830454826355,-0.007094144821166992,0.2859068512916565,0.2992907166481018,0.013383865356445312,0.36316555738449097,0.3674793839454651,0.004313826560974121,0.5905267000198364,0.5859131217002869,0.0046135783195495605,0.15950024127960205,0.15950024127960205,99.4052265882492
crack0019_04.png,-2.718276834487915,96.471435546875,96.1846694946289,0.28676605224609375,108.8878402709961,108.60595703125,0.28188323974609375,0.24530147016048431,0.21231421828269958,-0.03298725187778473,0.25827378034591675,0.24210882186889648,-0.016164958477020264,0.32003700733184814,0.3093588948249817,-0.010678112506866455,0.5868666172027588,0.5826720595359802,0.0041945576667785645,0.15188774466514587,0.15188774466514587,107.06386411190033
crack0019_05.png,0.7220904350280761,92.6387939453125,91.99091339111328,0.6478805541992188,109.79529571533203,108.8935317993164,0.901763916015625,0.35256072878837585,0.34233221411705017,-0.010228514671325684,0.16446596384048462,0.17544996738433838,0.01098400354385376,0.18364769220352173,0.1729934811592102,-0.010654211044311523,0.589900016784668,0.5875893831253052,0.002310633659362793,0.13174039125442505,0.13174039125442505,95.3709214925766
crack0019_06.png,1.476685333251953,121.26142120361328,119.28573608398438,1.9756851196289062,111.94554901123047,110.66309356689453,1.2824554443359375,0.2595541477203369,0.26522427797317505,0.005670130252838135,0.46864187717437744,0.4323442578315735,-0.036297619342803955,0.4144291281700134,0.3885672092437744,-0.025861918926239014,0.5950826406478882,0.5954248309135437,-0.0003421902656555176,0.15945516526699066,0.15945516526699066,128.51732301712036
crack0019_07.png,1.1294528007507325,100.21161651611328,99.49861907958984,0.7129974365234375,105.0944595336914,105.17538452148438,-0.08092498779296875,0.30209866166114807,0.3031216263771057,0.0010229647159576416,0.09463268518447876,0.0971214771270752,0.0024887919425964355,0.22559380531311035,0.229508638381958,0.003914833068847656,0.586251437664032,0.5795655250549316,0.006685912609100342,0.14532892405986786,0.14532892405986786,105.17925560474396
crack0019_08.png,2.2177478790283205,106.4912338256836,105.52062225341797,0.970611572265625,106.20064544677734,104.95269775390625,1.2479476928710938,0.39918771386146545,0.3991456627845764,-4.2051076889038086e-05,0.24106156826019287,0.2548465132713318,0.013784945011138916,0.33647507429122925,0.3432151675224304,0.006740093231201172,0.5889696478843689,0.5839715600013733,0.0049980878829956055,0.19391176104545593,0.19391176104545593,105.61597418785095
crack0019_09.png,0.3839134216308593,98.514892578125,97.96583557128906,0.5490570068359375,104.4521484375,103.90403747558594,0.5481109619140625,0.35178184509277344,0.35915622115135193,0.007374376058578491,0.10737818479537964,0.08568412065505981,-0.021694064140319824,0.2566729784011841,0.2406570315361023,-0.016015946865081787,0.587354838848114,0.5900192260742188,-0.0026643872261047363,0.15869075059890747,0.15869075059890747,100.73422241210938
crack0020_00.png,1.1557130813598633,93.37438201904297,92.40155792236328,0.9728240966796875,105.35450744628906,104.89453125,0.4599761962890625,0.2457684576511383,0.23781874775886536,-0.00794970989227295,0.35961800813674927,0.3760896921157837,0.016471683979034424,0.4145263433456421,0.4258643388748169,0.011337995529174805,0.583225667476654,0.5838254690170288,-0.0005998015403747559,0.20758336782455444,0.20758336782455444,101.97186386585236
crack0020_01.png,1.7142180442810058,95.72234344482422,94.81566619873047,0.90667724609375,106.6771469116211,106.31343841552734,0.36370849609375,0.20292524993419647,0.21456493437290192,0.011639684438705444,0.4100686311721802,0.4020411968231201,-0.008027434349060059,0.3857583999633789,0.3990609645843506,0.01330256462097168,0.5823606252670288,0.5810611248016357,0.0012995004653930664,0.22322764992713928,0.22322764992713928,106.38791483640671
crack0020_02.png,1.4352903366088867,95.71276092529297,94.96019744873047,0.7525634765625,103.46115112304688,103.16032409667969,0.3008270263671875,0.20737138390541077,0.2170429825782776,0.009671598672866821,0.5468029379844666,0.5433343648910522,-0.0034685730934143066,0.4190983772277832,0.43735426664352417,0.018255889415740967,0.5774394273757935,0.579254150390625,-0.001814723014831543,0.21587076783180237,0.21587076783180237,106.06436216831207
crack0020_03.png,0.5148837089538574,100.47712707519531,99.90677642822266,0.5703506469726562,105.99725341796875,105.79190063476562,0.205352783203125,0.21249665319919586,0.2125345915555954,3.793835639953613e-05,0.36414581537246704,0.3585458993911743,-0.005599915981292725,0.3489825129508972,0.347309947013855,-0.0016725659370422363,0.5822606682777405,0.580176830291748,0.0020838379859924316,0.24486911296844482,0.24486911296844482,110.73257929086685
crack0020_04.png,0.9295517921447753,97.97452545166016,97.3838119506836,0.5907135009765625,102.8472900390625,102.29655456542969,0.5507354736328125,0.26822853088378906,0.2675149142742157,-0.0007136166095733643,0.43318992853164673,0.4372539520263672,0.004064023494720459,0.3242558240890503,0.33597785234451294,0.011722028255462646,0.5871087908744812,0.5867819786071777,0.0003268122673034668,0.21628917753696442,0.21628917753696442,105.11262547969818
crack0020_05.png,1.3423445701599122,96.4638900756836,95.51787567138672,0.946014404296875,107.12353515625,105.52239990234375,1.60113525390625,0.20001007616519928,0.20100177824497223,0.0009917020797729492,0.40129631757736206,0.3924793601036072,-0.008816957473754883,0.3712703585624695,0.37251800298690796,0.0012476444244384766,0.581453263759613,0.5807228088378906,0.0007304549217224121,0.1650812327861786,0.1650812327861786,107.24840885400772
crack0020_06.png,3.2825671195983888,99.47008514404297,97.36308288574219,2.1070022583007812,109.15122985839844,107.71585083007812,1.4353790283203125,0.2162419557571411,0.21767231822013855,0.0014303624629974365,0.42945700883865356,0.44002455472946167,0.010567545890808105,0.3879857659339905,0.4044402241706848,0.016454458236694336,0.5820876359939575,0.5804805755615234,0.001607060432434082,0.2192775011062622,0.2192775011062622,108.72557210922241
crack0020_07.png,1.505776596069336,86.83816528320312,86.1377182006836,0.7004470825195312,103.53094482421875,102.907958984375,0.62298583984375,0.2142256200313568,0.21183040738105774,-0.0023952126502990723,0.3843711018562317,0.4011886715888977,0.016817569732666016,0.3348432779312134,0.3513332009315491,0.016489923000335693,0.5844367742538452,0.5825605392456055,0.001876235008239746,0.2295682430267334,0.2295682430267334,97.1555882692337
crack0020_08.png,1.0106369018554688,85.71678161621094,84.95027160644531,0.766510009765625,103.04507446289062,102.33128356933594,0.7137908935546875,0.25550955533981323,0.24820396304130554,-0.00730559229850769,0.3651883006095886,0.3800758123397827,0.014887511730194092,0.34720486402511597,0.3610634207725525,0.013858556747436523,0.5811610817909241,0.5824721455574036,-0.0013110637664794922,0.22429610788822174,0.22429610788822174,93.74017465114594
crack0020_09.png,0.7571975708007812,95.39962005615234,94.9216537475586,0.47796630859375,104.93421936035156,104.76419067382812,0.1700286865234375,0.25977426767349243,0.2630910575389862,0.0033167898654937744,0.38330918550491333,0.38047969341278076,-0.0028294920921325684,0.3671581745147705,0.3698526620864868,0.0026944875717163086,0.5862783789634705,0.584801971912384,0.0014764070510864258,0.24879249930381775,0.24879249930381775,103.02531599998474
crack0021_00.png,-1.7167702674865724,91.435302734375,92.34405517578125,-0.90875244140625,99.72579193115234,98.95661926269531,0.7691726684570312,0.3538333773612976,0.3449905514717102,-0.008842825889587402,0.06865769624710083,0.05822819471359253,-0.0104295015335083,0.2180880904197693,0.2021273374557495,-0.015960752964019775,0.5821914672851562,0.5819684863090515,0.00022298097610473633,0.13109058141708374,0.13109058141708374,94.47790455818176
crack0021_01.png,-0.5467669486999511,117.21331024169922,117.63835144042969,-0.42504119873046875,108.20449829101562,107.81513977050781,0.3893585205078125,0.22983762621879578,0.22917532920837402,-0.0006622970104217529,0.10980141162872314,0.09650760889053345,-0.013293802738189697,0.19335144758224487,0.19676148891448975,0.003410041332244873,0.5883890986442566,0.5807074308395386,0.007681667804718018,0.0970100611448288,0.0970100611448288,127.21087503433228
crack0021_02.png,2.226622295379639,108.60672760009766,110.66564178466797,-2.0589141845703125,113.0105972290039,111.3572998046875,1.6532974243164062,0.2692811191082001,0.2721858620643616,0.002904742956161499,0.030097782611846924,0.11135280132293701,0.08125501871109009,0.17954713106155396,0.257099986076355,0.07755285501480103,0.5921299457550049,0.5885890126228333,0.003540933132171631,0.13712643086910248,0.13712643086910248,117.164515376091
crack0021_03.png,0.3132066249847413,101.50496673583984,102.2284164428711,-0.72344970703125,111.90193176269531,109.87742614746094,2.024505615234375,0.22028647363185883,0.21619737148284912,-0.004089102149009705,0.24252963066101074,0.2473980188369751,0.0048683881759643555,0.23997795581817627,0.25216561555862427,0.012187659740447998,0.593633234500885,0.5846520662307739,0.008981168270111084,0.11184997856616974,0.11184997856616974,112.64017868041992
crack0021_04.png,-0.14157581329345703,103.35201263427734,103.90699768066406,-0.5549850463867188,106.78784942626953,105.65560913085938,1.1322402954101562,0.2805424928665161,0.2819352447986603,0.001392751932144165,0.16840535402297974,0.15679335594177246,-0.011611998081207275,0.11784911155700684,0.1574995517730713,0.03965044021606445,0.5924952030181885,0.5846558809280396,0.007839322090148926,0.11026939749717712,0.11026939749717712,110.49676370620728
crack0021_05.png,-0.5499112129211428,94.63799285888672,96.12305450439453,-1.4850616455078125,102.63815307617188,102.7763671875,-0.138214111328125,0.3351462781429291,0.32356590032577515,-0.01158037781715393,0.0,0.044992029666900635,0.044992029666900635,0.18150687217712402,0.2024480104446411,0.02094113826751709,0.5849211812019348,0.5819915533065796,0.0029296278953552246,0.10660408437252045,0.10660408437252045,99.36341691017151
crack0021_06.png,-1.9889223098754885,96.71235656738281,98.26055908203125,-1.5482025146484375,101.13754272460938,101.00003051757812,0.13751220703125,0.321445107460022,0.31626853346824646,-0.005176573991775513,0.18329674005508423,0.17631256580352783,-0.0069841742515563965,0.30631840229034424,0.3184158205986023,0.012097418308258057,0.5795809030532837,0.574636697769165,0.004944205284118652,0.11679533123970032,0.11679533123970032,101.69358193874359
crack0021_07.png,-0.2983407974243164,101.76809692382812,102.51073455810547,-0.7426376342773438,104.0962905883789,104.52433776855469,-0.42804718017578125,0.26869115233421326,0.26108109951019287,-0.007610052824020386,0.16145282983779907,0.18885821104049683,0.027405381202697754,0.2603795528411865,0.25922340154647827,-0.001156151294708252,0.5850672721862793,0.5818646550178528,0.0032026171684265137,0.1144898533821106,0.1144898533821106,109.8772406578064
crack0021_08.png,1.9140307426452636,109.20016479492188,108.40997314453125,0.790191650390625,103.34614562988281,103.07357788085938,0.2725677490234375,0.28895774483680725,0.30076631903648376,0.011808574199676514,0.0,0.0,0.0,0.11464262008666992,0.15107882022857666,0.03643620014190674,0.5804113745689392,0.5786582231521606,0.0017531514167785645,0.13537797331809998,0.13537797331809998,114.6840592622757
crack0021_09.png,2.2313514232635496,106.11679077148438,107.27979278564453,-1.1630020141601562,114.69071960449219,113.80850219726562,0.8822174072265625,0.22354255616664886,0.23319748044013977,0.009654924273490906,0.021849393844604492,0.07204407453536987,0.05019468069076538,0.0,0.060941219329833984,0.060941219329833984,0.5961015224456787,0.5895693898200989,0.006532132625579834,0.10912487655878067,0.10912487655878067,117.12979930639267
crack0022_00.png,0.7948556900024415,76.34072875976562,76.0711669921875,0.269561767578125,119.45267486572266,118.42436218261719,1.0283126831054688,0.07891897857189178,0.07843662798404694,-0.00048235058784484863,0.0,0.0,0.0,0.0,0.0,0.0,0.5851364731788635,0.5813225507736206,0.00381392240524292,0.09779324382543564,0.09779324382543564,94.90520912408829
crack0022_01.png,5.995506310462952,85.46157836914062,80.54621887207031,4.9153594970703125,129.44680786132812,127.36114501953125,2.085662841796875,0.09784309566020966,0.09835221618413925,0.000509120523929596,0.0,0.0,0.0,0.0,0.0,0.0,0.5855478644371033,0.5804190635681152,0.005128800868988037,0.09776483476161957,0.09776483476161957,100.55522745847702
crack0022_02.png,0.44414944648742694,86.61565399169922,86.30804443359375,0.30760955810546875,129.64501953125,127.50218200683594,2.1428375244140625,0.10774466395378113,0.0958498865365982,-0.011894777417182922,0.0,0.0,0.0,0.0,0.0,0.0,0.5886889696121216,0.5829142928123474,0.00577467679977417,0.0901244580745697,0.0901244580745697,104.25841480493546
crack0022_03.png,3.062472438812256,78.98632049560547,76.67003631591797,2.3162841796875,132.8193817138672,130.6700439453125,2.1493377685546875,0.09510327875614166,0.09181927144527435,-0.0032840073108673096,0.0,0.0,0.0,0.0,0.0,0.0,0.5859208106994629,0.5821914672851562,0.0037293434143066406,0.09369558840990067,0.09369558840990067,95.75585454702377
crack0022_04.png,4.658369398117065,70.5424575805664,66.85198974609375,3.6904678344726562,120.374267578125,118.78713989257812,1.587127685546875,0.09562397003173828,0.09770135581493378,0.0020773857831954956,0.0,0.0,0.0,0.0,0.0,0.0,0.5813802480697632,0.5772087574005127,0.004171490669250488,0.1068890243768692,0.1068890243768692,86.21499538421631
crack0022_05.png,-0.6735525846481323,75.71355438232422,75.86669158935547,-0.15313720703125,124.1425552368164,121.893798828125,2.2487564086914062,0.126693457365036,0.10904444009065628,-0.01764901727437973,0.0,0.0,0.0,0.0,0.0,0.0,0.5879123210906982,0.5881122350692749,-0.00019991397857666016,0.09852537512779236,0.09852537512779236,92.77194598317146
crack0022_06.png,-1.1326185226440428,93.76189422607422,95.4390869140625,-1.6771926879882812,121.41815185546875,118.85710144042969,2.5610504150390625,0.12279669940471649,0.11274249851703644,-0.010054200887680054,0.0,0.0,0.0,0.0,0.0,0.0,0.5960361361503601,0.5879238843917847,0.00811225175857544,0.08986804634332657,0.08986804634332657,111.67738610506058
crack0022_07.png,1.345510172843933,104.25421905517578,101.86296081542969,2.3912582397460938,114.99456787109375,114.74871826171875,0.245849609375,0.11737137287855148,0.09941206872463226,-0.01795930415391922,0.0,0.0,0.0,0.0,0.0,0.0,0.5941945314407349,0.5868781208992004,0.007316410541534424,0.09941942989826202,0.09941942989826202,120.8616470694542
crack0022_08.png,0.5784279823303224,87.25643920898438,87.6975326538086,-0.44109344482421875,130.10211181640625,126.67669677734375,3.4254150390625,0.09386464208364487,0.08585413545370102,-0.008010506629943848,0.0,0.0,0.0,0.0,0.0,0.0,0.5939138531684875,0.5866589546203613,0.007254898548126221,0.10054288059473038,0.10054288059473038,106.08229193091393
crack0022_09.png,4.855521488189697,81.87028503417969,77.57999420166016,4.290290832519531,124.68663024902344,123.17056274414062,1.5160675048828125,0.09217821061611176,0.09154598414897919,-0.0006322264671325684,0.0,0.0,0.0,0.0,0.0,0.0,0.5818108320236206,0.5815762877464294,0.0002345442771911621,0.10233398526906967,0.10233398526906967,97.504813849926
crack0023_00.png,0.16864967346191406,121.02214813232422,120.58055114746094,0.44159698486328125,122.09371185302734,121.54176330566406,0.5519485473632812,0.15116088092327118,0.13684554398059845,-0.01431533694267273,0.14971542358398438,0.1632809042930603,0.013565480709075928,0.3465673327445984,0.33725690841674805,-0.009310424327850342,0.5917224287986755,0.589000403881073,0.002722024917602539,0.10234898328781128,0.10234898328781128,136.2595141530037
crack0023_01.png,2.2930909633636474,122.21916198730469,120.59734344482422,1.6218185424804688,113.95938110351562,113.1847915649414,0.7745895385742188,0.23900261521339417,0.24064089357852936,0.0016382783651351929,0.0,0.0,0.0,0.23803836107254028,0.2183588743209839,-0.019679486751556396,0.5940984487533569,0.58833909034729,0.0057593584060668945,0.11272838711738586,0.11272838711738586,130.83203375339508
crack0023_02.png,1.1246227264404296,98.41089630126953,98.53515625,-0.12425994873046875,109.2143783569336,107.68611907958984,1.52825927734375,0.3325446546077728,0.34108150005340576,0.008536845445632935,0.0,0.0,0.0,0.2135869860649109,0.18157637119293213,-0.03201061487197876,0.5846020579338074,0.5857362747192383,-0.0011342167854309082,0.15962162613868713,0.15962162613868713,101.94979798793793
crack0023_03.png,0.3191832542419434,113.48925018310547,114.34204864501953,-0.8527984619140625,109.34217071533203,108.93959045410156,0.40258026123046875,0.25605735182762146,0.26655080914497375,0.010493457317352295,0.0,0.0,0.0,0.2818768620491028,0.30006229877471924,0.018185436725616455,0.5888620018959045,0.5845751762390137,0.004286825656890869,0.11624127626419067,0.11624127626419067,122.1066883802414
crack0023_04.png,1.7163400173187255,122.75164031982422,121.52978515625,1.2218551635742188,111.90898132324219,111.67501831054688,0.2339630126953125,0.22104935348033905,0.22620874643325806,0.005159392952919006,0.015433251857757568,0.011745989322662354,-0.003687262535095215,0.294900119304657,0.29129916429519653,-0.0036009550094604492,0.5856708884239197,0.5822799205780029,0.003390967845916748,0.11426049470901489,0.11426049470901489,132.30458706617355
crack0023_05.png,4.160240602493286,121.02843475341797,118.75558471679688,2.2728500366210938,109.7834701538086,108.02019500732422,1.763275146484375,0.1666422188282013,0.1796436458826065,0.013001427054405212,0.07464402914047241,0.0763784646987915,0.0017344355583190918,0.28572070598602295,0.24559372663497925,-0.0401269793510437,0.5878700613975525,0.586055338382721,0.001814723014831543,0.10278402268886566,0.10278402268886566,133.40827906131744
crack0023_06.png,-2.9811285972595214,106.31808471679688,107.2389144897461,-0.9208297729492188,112.589599609375,111.69491577148438,0.894683837890625,0.23216140270233154,0.20607849955558777,-0.026082903146743774,0.01279062032699585,0.0,-0.01279062032699585,0.21335256099700928,0.22119325399398804,0.00784069299697876,0.5869819521903992,0.5824798345565796,0.00450211763381958,0.10755792260169983,0.10755792260169983,117.89306771755219
crack0023_07.png,1.396627950668335,115.52921295166016,113.79856872558594,1.7306442260742188,112.02717590332031,111.47164916992188,0.5555267333984375,0.23229952156543732,0.22447970509529114,-0.00781981647014618,0.0,0.0,0.0,0.17833775281906128,0.19002968072891235,0.011691927909851074,0.5873817801475525,0.5856478214263916,0.0017339587211608887,0.10235977917909622,0.10235977917909622,124.69037973880768
crack0023_08.png,-2.3262565612792967,115.2900390625,116.42919921875,-1.13916015625,109.46388244628906,109.51228332519531,-0.04840087890625,0.2829590439796448,0.2784680724143982,-0.004490971565246582,0.23054349422454834,0.2102820873260498,-0.020261406898498535,0.3171703815460205,0.31588315963745117,-0.001287221908569336,0.5824605822563171,0.5824106335639954,4.9948692321777344e-05,0.13949650526046753,0.13949650526046753,122.4499580860138
crack0023_09.png,3.570270299911499,120.93490600585938,119.47023010253906,1.4646759033203125,109.92756652832031,109.22081756591797,0.7067489624023438,0.2354568988084793,0.25822770595550537,0.022770807147026062,0.0,0.0,0.0,0.26389068365097046,0.2303633689880371,-0.03352731466293335,0.584990382194519,0.5849596261978149,3.075599670410156e-05,0.11315422505140305,0.11315422505140305,129.47476941347122
crack0024_00.png,-0.9448559761047364,138.5691375732422,139.66954040527344,-1.10040283203125,121.23786926269531,121.86930847167969,-0.631439208984375,0.24350398778915405,0.24833834171295166,0.004834353923797607,0.0,0.0,0.0,0.02086317539215088,0.04353296756744385,0.02266979217529297,0.5900384187698364,0.589504063129425,0.000534355640411377,0.13291366398334503,0.13291366398334503,148.11063647270203
crack0024_01.png,2.9419809341430665,122.91001892089844,122.00664520263672,0.9033737182617188,135.9745635986328,132.14401245117188,3.8305511474609375,0.31422391533851624,0.3182623088359833,0.004038393497467041,0.0,0.0,0.0,0.0,0.0,0.0,0.596201479434967,0.5916185975074768,0.004582881927490234,0.11948484182357788,0.11948484182357788,127.45295631885529
crack0024_02.png,3.0636706352233887,116.35356140136719,116.22509765625,0.1284637451171875,115.23628997802734,112.94155883789062,2.2947311401367188,0.21549926698207855,0.24024279415607452,0.02474352717399597,0.0,0.0,0.0,0.0,0.0,0.0,0.5930988192558289,0.592153012752533,0.0009458065032958984,0.13093602657318115,0.13093602657318115,127.08332628011703
crack0024_03.png,0.5495214462280273,136.77725219726562,135.88888549804688,0.88836669921875,119.98954772949219,117.45620727539062,2.5333404541015625,0.2012856900691986,0.18350300192832947,-0.01778268814086914,0.0,0.0,0.0,0.0,0.0,0.0,0.5990887880325317,0.5973279476165771,0.0017608404159545898,0.11186271160840988,0.11186271160840988,149.28644025325775
crack0024_04.png,5.306040811538696,160.55267333984375,157.33767700195312,3.214996337890625,168.69036865234375,165.11215209960938,3.578216552734375,0.2100623995065689,0.21664080023765564,0.006578400731086731,0.0,0.0,0.0,0.0,0.0,0.0,0.5917185544967651,0.5883814096450806,0.0033371448516845703,0.125923290848732,0.125923290848732,170.0101733803749
crack0024_05.png,5.45629243850708,134.25338745117188,130.31163024902344,3.9417572021484375,126.2596435546875,124.15847778320312,2.101165771484375,0.27775299549102783,0.2845909893512726,0.006837993860244751,0.0,0.0,0.0,0.0,0.0,0.0,0.5960246324539185,0.5928488969802856,0.0031757354736328125,0.1307234913110733,0.1307234913110733,139.45831441879272
crack0024_06.png,2.3409255504608155,122.97486877441406,121.78784942626953,1.1870193481445312,118.95138549804688,118.85237121582031,0.0990142822265625,0.2284758985042572,0.24161456525325775,0.01313866674900055,0.0,0.0,0.0,0.1316935420036316,0.1508864164352417,0.019192874431610107,0.5866858959197998,0.5851057171821594,0.0015801787376403809,0.15798741579055786,0.15798741579055786,132.14024102687836
crack0024_07.png,0.7888411998748779,132.9468231201172,133.90394592285156,-0.957122802734375,116.29098510742188,115.29633331298828,0.9946517944335938,0.22640177607536316,0.2399485558271408,0.013546779751777649,0.0,0.0,0.0,0.07573235034942627,0.11391502618789673,0.03818267583847046,0.5931987762451172,0.5865897536277771,0.006609022617340088,0.15042062103748322,0.15042062103748322,143.56922900676727
crack0024_08.png,-0.9318018913269042,174.14486694335938,177.31321716308594,-3.1683502197265625,175.5545654296875,170.58926391601562,4.965301513671875,0.20165404677391052,0.2056128978729248,0.003958851099014282,0.0,0.0,0.0,0.05165708065032959,0.0784909725189209,0.02683389186859131,0.5914686918258667,0.5931257009506226,-0.0016570091247558594,0.15024936199188232,0.15024936199188232,187.35482728481293
crack0024_09.png,1.654574489593506,131.21148681640625,132.6936492919922,-1.4821624755859375,125.80767059326172,125.03421783447266,0.7734527587890625,0.24463137984275818,0.2789698541164398,0.03433847427368164,0.0,0.0,0.0,0.0,0.002909064292907715,0.002909064292907715,0.588219940662384,0.5862129926681519,0.0020069479942321777,0.1682913899421692,0.1682913899421692,140.8034828901291
crack0025_00.png,2.389692687988281,122.09758758544922,121.27576446533203,0.8218231201171875,114.45401000976562,113.77825927734375,0.675750732421875,0.3050675690174103,0.3127690851688385,0.007701516151428223,0.33475738763809204,0.3479912281036377,0.013233840465545654,0.3091351389884949,0.32369667291641235,0.01456153392791748,0.5867204666137695,0.582918107509613,0.003802359104156494,0.19321534037590027,0.19321534037590027,126.85144054889679
crack0025_01.png,1.7660230636596679,110.47334289550781,110.14814758300781,0.3251953125,106.91716003417969,105.9596176147461,0.9575424194335938,0.30782410502433777,0.31942513585090637,0.011601030826568604,0.42056775093078613,0.41998547315597534,-0.000582277774810791,0.4381067156791687,0.44416284561157227,0.0060561299324035645,0.5908496975898743,0.5870242118835449,0.0038254857063293457,0.17178452014923096,0.17178452014923096,115.47528684139252
crack0025_02.png,2.328679084777832,114.984130859375,113.76150512695312,1.222625732421875,116.00739288330078,112.82723236083984,3.1801605224609375,0.2991490066051483,0.2937134802341461,-0.005435526371002197,0.37676942348480225,0.3826097846031189,0.00584036111831665,0.317810595035553,0.3278711438179016,0.010060548782348633,0.5938639044761658,0.5929834842681885,0.0008804202079772949,0.2132054567337036,0.2132054567337036,120.50456535816193
crack0025_03.png,0.7534668922424317,114.45699310302734,114.58384704589844,-0.12685394287109375,105.88241577148438,105.47047424316406,0.4119415283203125,0.30224213004112244,0.3098227083683014,0.007580578327178955,0.3530186414718628,0.3552578091621399,0.0022391676902770996,0.3445481061935425,0.350727379322052,0.0061792731285095215,0.5785082578659058,0.5780199766159058,0.00048828125,0.2183837890625,0.2183837890625,119.52622258663177
crack0025_04.png,2.5057787895202637,115.03252410888672,114.40679931640625,0.6257247924804688,108.92762756347656,107.81632995605469,1.111297607421875,0.375521719455719,0.3867149353027344,0.01119321584701538,0.44858795404434204,0.4561537504196167,0.007565796375274658,0.3818463087081909,0.39644110202789307,0.014594793319702148,0.5871779918670654,0.5812418460845947,0.005936145782470703,0.24001821875572205,0.24001821875572205,115.67547821998596
crack0025_05.png,3.450189971923828,116.98208618164062,115.62120819091797,1.3608779907226562,114.74543762207031,113.33795166015625,1.4074859619140625,0.19828954339027405,0.209367573261261,0.011078029870986938,0.44653671979904175,0.4591476321220398,0.012610912322998047,0.3961920738220215,0.41114288568496704,0.014950811862945557,0.5883006453514099,0.5849096775054932,0.003390967845916748,0.16336816549301147,0.16336816549301147,127.93630039691925
crack0025_06.png,2.291440725326538,114.6448974609375,116.10733795166016,-1.4624404907226562,119.7088394165039,120.17476654052734,-0.4659271240234375,0.18667182326316833,0.22860868275165558,0.041936859488487244,0.4515047073364258,0.4594513773918152,0.007946670055389404,0.3687084913253784,0.40156257152557373,0.03285408020019531,0.5953402519226074,0.5886543393135071,0.006685912609100342,0.20559129118919373,0.20559129118919373,127.98941838741302
crack0025_07.png,0.9358175277709961,98.40702056884766,98.50666046142578,-0.099639892578125,105.8648910522461,104.95799255371094,0.9068984985351562,0.3568110167980194,0.35586386919021606,-0.0009471476078033447,0.4332718849182129,0.4453515410423279,0.01207965612411499,0.432212233543396,0.43976956605911255,0.007557332515716553,0.5908650755882263,0.5842329859733582,0.006632089614868164,0.19939856231212616,0.19939856231212616,100.73961138725281
crack0025_08.png,0.9143301963806152,107.00077056884766,106.78299713134766,0.2177734375,107.13066101074219,106.94003295898438,0.1906280517578125,0.3754076063632965,0.37931352853775024,0.0039059221744537354,0.45086944103240967,0.4545590877532959,0.0036896467208862305,0.44015932083129883,0.44515830278396606,0.004998981952667236,0.58736252784729,0.5833563804626465,0.004006147384643555,0.19730620086193085,0.19730620086193085,107.86192858219147
crack0025_09.png,2.019578456878662,120.9129638671875,120.63327026367188,0.279693603515625,102.65252685546875,102.28501892089844,0.3675079345703125,0.2801938056945801,0.2891075909137726,0.008913785219192505,0.46876150369644165,0.48307812213897705,0.0143166184425354,0.3314283490180969,0.34505021572113037,0.013621866703033447,0.5863091349601746,0.5786312818527222,0.007677853107452393,0.15856242179870605,0.15856242179870605,127.41385412216187
crack0026_00.png,-0.40727009773254386,94.35244750976562,95.59646606445312,-1.2440185546875,124.59233093261719,121.9803466796875,2.6119842529296875,0.16901423037052155,0.1625632345676422,-0.0064509958028793335,0.0,0.0,0.0,0.0,0.0,0.0,0.5946020483970642,0.5869011878967285,0.007700860500335693,0.10572037100791931,0.10572037100791931,109.00474464893341
crack0026_01.png,0.34642658233642587,89.9299087524414,91.13728332519531,-1.2073745727539062,123.79794311523438,121.06396484375,2.733978271484375,0.17910462617874146,0.181400865316391,0.002296239137649536,0.0,0.0,0.0,0.0,0.0,0.0,0.5963321924209595,0.589419424533844,0.0069127678871154785,0.10066191852092743,0.10066191852092743,103.64060616493225
crack0026_02.png,-0.7060056686401367,79.4801025390625,80.7981948852539,-1.3180923461914062,123.24784851074219,121.5423583984375,1.7054901123046875,0.15337339043617249,0.1514820158481598,-0.0018913745880126953,0.0,0.0,0.0,0.0,0.0,0.0,0.5937408804893494,0.5917108654975891,0.002030014991760254,0.10061944276094437,0.10061944276094437,94.79986298084259
crack0026_03.png,0.7204032421112061,96.60167694091797,96.36175537109375,0.23992156982421875,123.51519775390625,121.62574768066406,1.8894500732421875,0.14570936560630798,0.14194710552692413,-0.00376226007938385,0.0,0.0,0.0,0.0,0.0,0.0,0.5900691747665405,0.58942711353302,0.0006420612335205078,0.09839978814125061,0.09839978814125061,111.56765681505203
crack0026_04.png,-0.6640981197357179,70.01851654052734,71.85174560546875,-1.8332290649414062,118.55618286132812,116.94941711425781,1.6067657470703125,0.1457558125257492,0.15054064989089966,0.004784837365150452,0.0,0.0,0.0,0.0,0.0,0.0,0.5997808575630188,0.5961899161338806,0.0035909414291381836,0.09744466841220856,0.09744466841220856,86.18101662397385
crack0026_05.png,-0.966005802154541,81.44267272949219,82.55768585205078,-1.1150131225585938,117.13475036621094,116.0743408203125,1.0604095458984375,0.17563565075397491,0.16978944838047028,-0.005846202373504639,0.0,0.0,0.0,0.0,0.0,0.0,0.5899845957756042,0.585171103477478,0.004813492298126221,0.10009300708770752,0.10009300708770752,95.41219621896744
crack0026_06.png,4.204861307144165,119.39228820800781,118.8885498046875,0.5037384033203125,122.14962768554688,119.75089263916016,2.3987350463867188,0.20071618258953094,0.23168396949768066,0.03096778690814972,0.0,0.0,0.0,0.0,0.0,0.0,0.593452513217926,0.5868473649024963,0.0066051483154296875,0.09782159328460693,0.09782159328460693,130.83554857969284
crack0026_07.png,0.11242046356201163,83.43748474121094,82.69037628173828,0.7471084594726562,124.32709503173828,121.89959716796875,2.4274978637695312,0.16753700375556946,0.14613759517669678,-0.02139940857887268,0.0,0.0,0.0,0.0,0.0,0.0,0.586259126663208,0.5836024880409241,0.0026566386222839355,0.1127258762717247,0.1127258762717247,97.74603986740112
crack0026_08.png,-1.6066051483154298,64.69779205322266,66.90409851074219,-2.2063064575195312,125.75047302246094,123.8178939819336,1.9325790405273438,0.15236671268939972,0.1470416933298111,-0.005325019359588623,0.0,0.0,0.0,0.0,0.0,0.0,0.5884851813316345,0.5821684002876282,0.006316781044006348,0.09711403399705887,0.09711403399705887,80.51785093545914
crack0026_09.png,-0.11757564544677734,62.995025634765625,65.22200775146484,-2.2269821166992188,130.8074951171875,127.80864715576172,2.9988479614257812,0.14848482608795166,0.15577703714370728,0.007292211055755615,0.0,0.0,0.0,0.0,0.0,0.0,0.594721257686615,0.586558997631073,0.008162260055541992,0.09416142106056213,0.09416142106056213,78.98827743530273
crack0027_00.png,4.355601692199707,118.10558319091797,117.79426574707031,0.31131744384765625,105.31452941894531,105.0487060546875,0.2658233642578125,0.31559354066848755,0.3541232943534851,0.03852975368499756,0.23552411794662476,0.2510964870452881,0.01557236909866333,0.36334484815597534,0.3707456588745117,0.007400810718536377,0.5837600827217102,0.5779430866241455,0.005816996097564697,0.14353108406066895,0.14353108406066895,122.3647153377533
crack0027_01.png,2.6089166641235355,114.70887756347656,113.39677429199219,1.312103271484375,103.27472686767578,102.51936340332031,0.7553634643554688,0.2652301788330078,0.29648929834365845,0.031259119510650635,0.39595311880111694,0.35214245319366455,-0.04381066560745239,0.4348435401916504,0.413418173789978,-0.021425366401672363,0.5871241688728333,0.5809650421142578,0.0061591267585754395,0.13811570405960083,0.13811570405960083,121.62398195266724
crack0027_02.png,3.9475001335144047,96.30955505371094,94.5252685546875,1.7842864990234375,103.11088562011719,102.36013793945312,0.7507476806640625,0.3498693108558655,0.37930306792259216,0.029433757066726685,0.4368799328804016,0.42657679319381714,-0.010303139686584473,0.44817662239074707,0.44483643770217896,-0.0033401846885681152,0.5750134587287903,0.5770049691200256,-0.0019915103912353516,0.19102506339550018,0.19102506339550018,97.50545191764832
crack0027_03.png,-0.5903362274169921,115.48924255371094,114.78925323486328,0.6999893188476562,107.39894104003906,107.29588317871094,0.103057861328125,0.25135958194732666,0.2556883692741394,0.004328787326812744,0.29006409645080566,0.24581480026245117,-0.04424929618835449,0.4447539448738098,0.4328138828277588,-0.011940062046051025,0.5798423886299133,0.5775393843650818,0.002303004264831543,0.10246765613555908,0.10246765613555908,123.25136852264404
crack0027_04.png,2.7502051830291747,121.6766357421875,119.5279541015625,2.148681640625,107.98360443115234,107.18315124511719,0.8004531860351562,0.23024818301200867,0.24426884949207306,0.014020666480064392,0.4187425374984741,0.3886997699737549,-0.03004276752471924,0.4412533640861511,0.43856239318847656,-0.0026909708976745605,0.591664731502533,0.5826297402381897,0.009034991264343262,0.14276111125946045,0.14276111125946045,130.4539932012558
crack0027_05.png,0.31446380615234376,114.58441162109375,114.70635986328125,-0.1219482421875,102.65289306640625,102.37429809570312,0.278594970703125,0.34320229291915894,0.34671828150749207,0.00351598858833313,0.34168803691864014,0.34133100509643555,-0.00035703182220458984,0.4508543014526367,0.4479867219924927,-0.002867579460144043,0.5741137862205505,0.5726643800735474,0.0014494061470031738,0.10731207579374313,0.10731207579374313,117.01779961585999
crack0027_06.png,0.20639352798461913,109.64556121826172,109.83995056152344,-0.19438934326171875,104.12667846679688,103.47925567626953,0.6474227905273438,0.3023155629634857,0.30198508501052856,-0.0003304779529571533,0.4307575225830078,0.4321148991584778,0.0013573765754699707,0.4718296527862549,0.48197561502456665,0.010145962238311768,0.5748673677444458,0.5720184445381165,0.0028489232063293457,0.1259549856185913,0.1259549856185913,114.6183454990387
crack0027_07.png,1.3321910858154298,107.34078216552734,106.97146606445312,0.36931610107421875,104.45332336425781,104.37803649902344,0.075286865234375,0.2950088381767273,0.29952263832092285,0.004513800144195557,0.30657023191452026,0.3133222460746765,0.00675201416015625,0.3731909394264221,0.3801434636116028,0.006952524185180664,0.585290253162384,0.5777508616447449,0.00753939151763916,0.1290547251701355,0.1290547251701355,112.86720395088196
crack0027_08.png,0.3834736824035645,115.05133056640625,114.82839965820312,0.222930908203125,103.7866439819336,103.31755828857422,0.469085693359375,0.32128697633743286,0.3214268386363983,0.0001398622989654541,0.3587506413459778,0.35284554958343506,-0.005905091762542725,0.41064250469207764,0.4233677387237549,0.012725234031677246,0.5844713449478149,0.5795232653617859,0.004948079586029053,0.1270390748977661,0.1270390748977661,119.04150032997131
crack0027_09.png,1.2237667083740233,103.95046997070312,103.62644958496094,0.3240203857421875,102.2742919921875,101.7817611694336,0.49253082275390625,0.365286648273468,0.3697332441806793,0.004446595907211304,0.44024646282196045,0.4469377398490906,0.006691277027130127,0.44571739435195923,0.4529532790184021,0.007235884666442871,0.5794771313667297,0.5774932503700256,0.0019838809967041016,0.22728751599788666,0.22728751599788666,105.05034613609314
crack0028_00.png,3.362821102142334,94.11965942382812,91.67737579345703,2.4422836303710938,98.65573120117188,98.17256164550781,0.4831695556640625,0.5175778269767761,0.5100897550582886,-0.007488071918487549,0.013608992099761963,0.0483701229095459,0.034761130809783936,0.3339189291000366,0.33636587858200073,0.0024469494819641113,0.5774701833724976,0.579073429107666,-0.001603245735168457,0.11024355888366699,0.11024355888366699,85.4560694694519
crack0028_01.png,3.389664649963379,99.98011779785156,96.99911499023438,2.9810028076171875,103.42300415039062,102.99755096435547,0.42545318603515625,0.4380311071872711,0.4377460479736328,-0.00028505921363830566,0.0,0.0,0.0,0.025071442127227783,0.07492506504058838,0.049853622913360596,0.5788120031356812,0.5722798705101013,0.006532132625579834,0.10156865417957306,0.10156865417957306,95.37733364105225
crack0028_02.png,2.7371931076049805,100.99650573730469,99.08158874511719,1.9149169921875,102.73176574707031,102.84033203125,-0.1085662841796875,0.47839269042015076,0.48703405261039734,0.008641362190246582,0.0,0.0,0.0,0.27165353298187256,0.2839115858078003,0.012258052825927734,0.5834947824478149,0.5791349411010742,0.004359841346740723,0.11559105664491653,0.11559105664491653,94.67527711391449
crack0028_03.png,1.1813796043395997,100.49861145019531,99.14276885986328,1.3558425903320312,105.5594482421875,105.34266662597656,0.2167816162109375,0.42763081192970276,0.4230108857154846,-0.00461992621421814,0.0,0.0,0.0,0.22859859466552734,0.23055744171142578,0.0019588470458984375,0.5846174359321594,0.5819069743156433,0.0027104616165161133,0.11039721220731735,0.11039721220731735,97.8247344493866
crack0028_04.png,1.3867877960205077,99.76371765136719,98.2511215209961,1.5125961303710938,101.42156219482422,100.67066192626953,0.7509002685546875,0.5057195425033569,0.4966265559196472,-0.009092986583709717,0.0,0.0,0.0,0.21207374334335327,0.21765810251235962,0.005584359169006348,0.588992714881897,0.5814609527587891,0.00753176212310791,0.10411306470632553,0.10411306470632553,92.76953482627869
crack0028_05.png,2.2299328804016114,102.93123626708984,100.88174438476562,2.0494918823242188,103.57962799072266,103.06942749023438,0.5102005004882812,0.4455373287200928,0.44422492384910583,-0.0013124048709869385,0.0,0.0,0.0,0.22261321544647217,0.1957884430885315,-0.026824772357940674,0.5793541073799133,0.5773202776908875,0.002033829689025879,0.09631698578596115,0.09631698578596115,98.42715919017792
crack0028_06.png,2.1380515098571777,99.25830078125,96.8434066772461,2.4148941040039062,99.46049499511719,98.90385437011719,0.556640625,0.5346853137016296,0.5264788866043091,-0.008206427097320557,0.0,0.0,0.0,0.18740415573120117,0.20512795448303223,0.017723798751831055,0.5749634504318237,0.5710380673408508,0.0039253830909729,0.10669681429862976,0.10669681429862976,89.46065855026245
crack0028_07.png,1.771505069732666,106.1726303100586,105.53467559814453,0.6379547119140625,106.6825180053711,105.91545104980469,0.7670669555664062,0.33911240100860596,0.3503345549106598,0.011222153902053833,0.0,0.0,0.0,0.06742614507675171,0.12309926748275757,0.05567312240600586,0.577796995639801,0.5795732140541077,-0.0017762184143066406,0.09564971923828125,0.09564971923828125,108.68983745574951
crack0028_08.png,4.288117504119873,107.2521743774414,105.13694763183594,2.1152267456054688,106.03408813476562,105.32113647460938,0.71295166015625,0.45210564136505127,0.43892180919647217,-0.013183832168579102,0.012608766555786133,0.08513498306274414,0.07252621650695801,0.2488500475883484,0.2852363586425781,0.036386311054229736,0.5707881450653076,0.5697539448738098,0.0010342001914978027,0.1146741434931755,0.1146741434931755,102.69077825546265
crack0028_09.png,0.30696172714233394,99.00770568847656,97.81388854980469,1.193817138671875,102.9704360961914,102.01927185058594,0.9511642456054688,0.482670396566391,0.46452784538269043,-0.01814255118370056,0.0,0.0,0.0,0.20053762197494507,0.19526809453964233,-0.005269527435302734,0.5891579985618591,0.5845559239387512,0.00460207462310791,0.12011030316352844,0.12011030316352844,94.10544633865356
crack0029_00.png,2.281627082824707,110.42223358154297,109.79544830322266,0.6267852783203125,112.53152465820312,111.71531677246094,0.8162078857421875,0.2991420030593872,0.29938456416130066,0.00024256110191345215,0.2917397618293762,0.3170241117477417,0.02528434991836548,0.2985076308250427,0.30943232774734497,0.010924696922302246,0.5914917588233948,0.5840522646903992,0.0074394941329956055,0.19730636477470398,0.19730636477470398,115.81999111175537
crack0029_01.png,-0.569768524169922,101.41949462890625,100.24256896972656,1.1769256591796875,102.1681137084961,101.96412658691406,0.20398712158203125,0.29294532537460327,0.2886475622653961,-0.004297763109207153,0.33157646656036377,0.2930768132209778,-0.038499653339385986,0.31727468967437744,0.2843664884567261,-0.03290820121765137,0.5799269676208496,0.5785390138626099,0.001387953758239746,0.2465083748102188,0.2465083748102188,106.70925676822662
crack0029_02.png,-0.5430787563323974,100.68021392822266,99.97279357910156,0.7074203491210938,105.07171630859375,105.214599609375,-0.14288330078125,0.20749090611934662,0.1902845799922943,-0.017206326127052307,0.0,0.0,0.0,0.0,0.0,0.0,0.5846789479255676,0.5800999402999878,0.004579007625579834,0.20594516396522522,0.20594516396522522,112.29658687114716
crack0029_03.png,2.3223876953125,103.74465942382812,102.61976623535156,1.1248931884765625,102.12757110595703,101.4937973022461,0.6337738037109375,0.37337401509284973,0.3688357174396515,-0.004538297653198242,0.1185644268989563,0.14968740940093994,0.031122982501983643,0.21926993131637573,0.23470979928970337,0.015439867973327637,0.5821645259857178,0.5806112885475159,0.0015532374382019043,0.199369877576828,0.199369877576828,104.33865082263947
crack0029_04.png,2.6862740993499754,106.17426300048828,105.7235336303711,0.4507293701171875,112.02873229980469,111.27522277832031,0.753509521484375,0.2169560194015503,0.2136441022157669,-0.0033119171857833862,0.19544732570648193,0.24765264987945557,0.05220532417297363,0.16258931159973145,0.18751001358032227,0.02492070198059082,0.5894579291343689,0.5866858959197998,0.002772033214569092,0.1947961002588272,0.1947961002588272,116.70856934785843
crack0029_05.png,-0.06718578338623038,100.84442901611328,100.53080749511719,0.31362152099609375,104.7021484375,103.98572540283203,0.7164230346679688,0.32153889536857605,0.31307581067085266,-0.008463084697723389,0.4182174801826477,0.4174019694328308,-0.0008155107498168945,0.40225785970687866,0.40075618028640747,-0.0015016794204711914,0.5871703028678894,0.5861130356788635,0.001057267189025879,0.21188408136367798,0.21188408136367798,105.38988173007965
crack0029_06.png,3.2333575248718263,107.08323669433594,106.04407501220703,1.0391616821289062,107.88954162597656,106.69269561767578,1.1968460083007812,0.26156869530677795,0.253339022397995,-0.008229672908782959,0.06925690174102783,0.12248581647872925,0.053228914737701416,0.13192838430404663,0.12168657779693604,-0.010241806507110596,0.5906305313110352,0.5845136642456055,0.0061168670654296875,0.15635430812835693,0.15635430812835693,114.98853576183319
crack0029_07.png,3.179223155975342,94.133056640625,92.8810806274414,1.2519760131835938,110.4296646118164,109.19413757324219,1.2355270385742188,0.2131933569908142,0.2104504406452179,-0.0027429163455963135,0.3007534146308899,0.3344718813896179,0.03371846675872803,0.24080926179885864,0.2699729800224304,0.029163718223571777,0.5962937474250793,0.5887004733085632,0.007593274116516113,0.19056645035743713,0.19056645035743713,104.7317920923233
crack0029_08.png,2.8815597534179687,107.55534362792969,106.5829086303711,0.9724349975585938,103.93971252441406,103.26274108886719,0.676971435546875,0.2681964039802551,0.26709064841270447,-0.0011057555675506592,0.31106674671173096,0.35218358039855957,0.04111683368682861,0.2333528995513916,0.2651525139808655,0.03179961442947388,0.5875317454338074,0.585478663444519,0.00205308198928833,0.23122218251228333,0.23122218251228333,114.54495704174042
crack0029_09.png,4.095072650909424,97.4112319946289,96.3382568359375,1.0729751586914062,107.17805480957031,105.69583892822266,1.4822158813476562,0.19974388182163239,0.20356996357440948,0.0038260817527770996,0.1872979998588562,0.23452067375183105,0.047222673892974854,0.13189059495925903,0.15793335437774658,0.02604275941848755,0.5890964865684509,0.5832410454750061,0.005855441093444824,0.17071771621704102,0.17071771621704102,108.4539709687233
crack0030_00.png,0.6717137336730957,184.25535583496094,184.5977783203125,-0.3424224853515625,116.52210998535156,116.64435577392578,-0.12224578857421875,0.17976157367229462,0.1794993132352829,-0.00026226043701171875,0.2579963803291321,0.28138279914855957,0.02338641881942749,0.2615470886230469,0.2890360355377197,0.02748894691467285,0.579861581325531,0.5761476159095764,0.00371396541595459,0.12978169322013855,0.12978169322013855,196.85107153654099
crack0030_01.png,-0.8747751712799072,183.7739715576172,184.3985595703125,-0.6245880126953125,124.8877182006836,124.99449157714844,-0.10677337646484375,0.19022314250469208,0.18744513392448425,-0.0027780085802078247,0.0,0.0,0.0,0.0,0.0,0.0,0.5872126221656799,0.5868435502052307,0.00036907196044921875,0.12323646992444992,0.12323646992444992,196.328062415123
crack0030_02.png,-1.8838458061218262,193.1694793701172,195.14511108398438,-1.9756317138671875,130.160400390625,129.62969970703125,0.53070068359375,0.13019545376300812,0.12566350400447845,-0.004531949758529663,0.0,0.0,0.0,0.0,0.0,0.0,0.5888543128967285,0.5828027725219727,0.006051540374755859,0.11551937460899353,0.11551937460899353,210.17165750265121
crack0030_03.png,0.6197947025299073,183.42672729492188,184.6644287109375,-1.237701416015625,115.26741790771484,115.24908447265625,0.01833343505859375,0.2064375877380371,0.20145370066165924,-0.004983887076377869,0.04435986280441284,0.10013186931610107,0.05577200651168823,0.23896443843841553,0.2564573287963867,0.01749289035797119,0.5755017399787903,0.5750519037246704,0.00044983625411987305,0.1327868402004242,0.1327868402004242,194.97842556238174
crack0030_04.png,-2.0317551612854006,189.8310546875,192.30555725097656,-2.4745025634765625,121.33577728271484,121.53071594238281,-0.19493865966796875,0.2368859350681305,0.24262988567352295,0.005743950605392456,0.0,0.0,0.0,0.07272547483444214,0.07796120643615723,0.005235731601715088,0.5818531513214111,0.5803229808807373,0.0015301704406738281,0.10515876114368439,0.10515876114368439,200.1292759180069
crack0030_05.png,-1.6890014171600343,195.00680541992188,196.6251678466797,-1.6183624267578125,121.95939636230469,121.73881530761719,0.2205810546875,0.21417373418807983,0.2122877985239029,-0.001885935664176941,0.0,0.0,0.0,0.04064309597015381,0.03883707523345947,-0.001806020736694336,0.5833486914634705,0.5835486054420471,-0.00019991397857666016,0.12229064106941223,0.12229064106941223,206.4206629395485
crack0030_06.png,-3.7354798793792723,174.5281982421875,176.93338012695312,-2.405181884765625,130.05929565429688,130.3706817626953,-0.3113861083984375,0.1682700365781784,0.16740134358406067,-0.0008686929941177368,0.03633648157119751,0.003531932830810547,-0.03280454874038696,0.0,0.0,0.0,0.5921415090560913,0.5877431631088257,0.004398345947265625,0.12786975502967834,0.12786975502967834,189.37236893177032
crack0030_07.png,0.026471757888793968,178.13754272460938,178.1953125,-0.057769775390625,114.91358184814453,114.62132263183594,0.29225921630859375,0.2054206281900406,0.20831146836280823,0.002890840172767639,0.06000429391860962,0.05259096622467041,-0.007413327693939209,0.25525009632110596,0.2592902183532715,0.004040122032165527,0.5842829942703247,0.5834679007530212,0.0008150935173034668,0.13400495052337646,0.13400495052337646,189.21250969171524
crack0030_08.png,-1.745843505859375,200.55258178710938,202.03053283691406,-1.4779510498046875,126.8975830078125,127.8055419921875,-0.907958984375,0.15730293095111847,0.16199035942554474,0.0046874284744262695,0.2814739942550659,0.2730012536048889,-0.008472740650177002,0.13428384065628052,0.15946578979492188,0.025181949138641357,0.5863898396492004,0.5849096775054932,0.0014801621437072754,0.12979012727737427,0.12979012727737427,215.30897504091263
crack0030_09.png,-0.6696400165557861,178.0356903076172,178.9193878173828,-0.883697509765625,116.11473083496094,115.59651184082031,0.518218994140625,0.21761642396450043,0.2193811535835266,0.001764729619026184,0.0,0.0,0.0,0.10945111513137817,0.13224422931671143,0.022793114185333252,0.5827566385269165,0.5861168503761292,-0.0033602118492126465,0.14239126443862915,0.14239126443862915,188.86522763967514
crack0031_00.png,3.5085158824920653,101.87178802490234,101.18877410888672,0.683013916015625,105.60973358154297,104.84878540039062,0.7609481811523438,0.24017275869846344,0.2529813051223755,0.012808546423912048,0.1696515679359436,0.20178377628326416,0.03213220834732056,0.16700661182403564,0.1990126371383667,0.032006025314331055,0.5902460813522339,0.584967315196991,0.00527876615524292,0.2508903443813324,0.2508903443813324,110.72975879907608
crack0031_01.png,0.8911134243011475,82.34428405761719,82.05033874511719,0.2939453125,103.77405548095703,102.9795913696289,0.794464111328125,0.17585882544517517,0.16901512444019318,-0.006843701004981995,0.3362051844596863,0.3551047444343567,0.01889955997467041,0.23600876331329346,0.24494868516921997,0.008939921855926514,0.5849711894989014,0.5831987857818604,0.0017724037170410156,0.20922335982322693,0.20922335982322693,95.45525151491165
crack0031_02.png,1.1650733470916748,100.14540100097656,99.62715911865234,0.5182418823242188,105.03010559082031,104.24236297607422,0.7877426147460938,0.23059798777103424,0.22915637493133545,-0.0014416128396987915,0.0,0.009350359439849854,0.009350359439849854,0.023885786533355713,0.020626068115234375,-0.003259718418121338,0.5830373167991638,0.5812110900878906,0.0018262267112731934,0.26686638593673706,0.26686638593673706,109.45839023590088
crack0031_03.png,0.7637330532073975,104.28759765625,103.51602172851562,0.771575927734375,104.364013671875,104.04505157470703,0.31896209716796875,0.24874542653560638,0.2359675168991089,-0.012777909636497498,0.13059788942337036,0.14637815952301025,0.015780270099639893,0.09030133485794067,0.10324549674987793,0.012944161891937256,0.5898846387863159,0.5834947824478149,0.0063898563385009766,0.2634718716144562,0.2634718716144562,113.33914422988892
crack0031_04.png,5.992764472961426,106.489013671875,104.49327087402344,1.9957427978515625,117.15863037109375,115.35862731933594,1.8000030517578125,0.14533039927482605,0.16884106397628784,0.023510664701461792,0.2874230742454529,0.3164833188056946,0.0290602445602417,0.10599923133850098,0.19627827405929565,0.09027904272079468,0.5919146537780762,0.586070716381073,0.005843937397003174,0.15802283585071564,0.15802283585071564,120.4479044675827
crack0031_05.png,1.3262578010559083,110.0188980102539,109.4757080078125,0.5431900024414062,106.91850280761719,106.72625732421875,0.1922454833984375,0.17963071167469025,0.1713993400335312,-0.008231371641159058,0.12370389699935913,0.156044602394104,0.03234070539474487,0.0679669976234436,0.09940564632415771,0.03143864870071411,0.5876624584197998,0.5858861804008484,0.001776278018951416,0.18495340645313263,0.18495340645313263,122.96984094381332
crack0031_06.png,1.1143585205078126,112.89950561523438,111.4881591796875,1.411346435546875,110.69866180419922,109.79413604736328,0.9045257568359375,0.16699840128421783,0.1650669425725937,-0.0019314587116241455,0.30560147762298584,0.2920525074005127,-0.013548970222473145,0.2229037880897522,0.21658337116241455,-0.0063204169273376465,0.58980393409729,0.5888620018959045,0.000941932201385498,0.1704685240983963,0.1704685240983963,125.88197320699692
crack0031_07.png,1.1433318614959718,104.41714477539062,104.62873840332031,-0.2115936279296875,109.41483306884766,108.53060150146484,0.8842315673828125,0.17565874755382538,0.17165502905845642,-0.0040037184953689575,0.19355738162994385,0.2185218334197998,0.024964451789855957,0.12963896989822388,0.167463481426239,0.03782451152801514,0.5930795669555664,0.5850057601928711,0.008073806762695312,0.19216370582580566,0.19216370582580566,117.94682252407074
crack0031_08.png,3.4754541873931886,101.5431900024414,100.38299560546875,1.1601943969726562,113.10008239746094,112.10213470458984,0.9979476928710938,0.17609643936157227,0.18502436578273773,0.008927926421165466,0.20619791746139526,0.22986572980880737,0.02366781234741211,0.13737833499908447,0.15205353498458862,0.01467519998550415,0.5916686058044434,0.585290253162384,0.006378352642059326,0.16380174458026886,0.16380174458026886,114.06405067443848
crack0031_09.png,0.40191283226013175,105.893310546875,105.26057434082031,0.6327362060546875,106.09237670898438,105.17191314697266,0.9204635620117188,0.24468843638896942,0.24163591861724854,-0.0030525177717208862,0.2525714039802551,0.2415059208869934,-0.011065483093261719,0.22600048780441284,0.21549147367477417,-0.010509014129638672,0.5864205956459045,0.5842252969741821,0.002195298671722412,0.17623062431812286,0.17623062431812286,114.53561115264893
crack0032_00.png,1.9067756175994872,102.44975280761719,102.43619537353516,0.01355743408203125,105.16673278808594,105.14772033691406,0.019012451171875,0.2123449593782425,0.21889996528625488,0.00655500590801239,0.26258689165115356,0.293445348739624,0.03085845708847046,0.20991861820220947,0.2409690022468567,0.031050384044647217,0.5830180644989014,0.579846203327179,0.003171861171722412,0.16101855039596558,0.16101855039596558,113.02299910783768
crack0032_01.png,2.8506772041320803,102.48297882080078,101.22084045410156,1.2621383666992188,108.05172729492188,107.02259063720703,1.0291366577148438,0.21304169297218323,0.22089925408363342,0.007857561111450195,0.3422122001647949,0.35029059648513794,0.008078396320343018,0.2193886637687683,0.1941128373146057,-0.025275826454162598,0.5901883840560913,0.5845597982406616,0.0056285858154296875,0.14929404854774475,0.14929404854774475,112.67694342136383
crack0032_02.png,1.8554678440093995,91.60360717773438,91.90387725830078,-0.30027008056640625,107.39508819580078,107.29583740234375,0.09925079345703125,0.16728557646274567,0.19063204526901245,0.023346468806266785,0.568328857421875,0.5658209323883057,-0.002507925033569336,0.4040098190307617,0.4049091935157776,0.0008993744850158691,0.5824567675590515,0.5737408399581909,0.008715927600860596,0.1570822298526764,0.1570822298526764,105.0148783326149
crack0032_03.png,0.9555160522460937,106.2359848022461,105.50562286376953,0.7303619384765625,109.38766479492188,109.39212036132812,-0.00445556640625,0.2513899803161621,0.24519434571266174,-0.006195634603500366,0.3131088614463806,0.3303700089454651,0.017261147499084473,0.2062206268310547,0.2306218147277832,0.024401187896728516,0.5854747891426086,0.5846712589263916,0.000803530216217041,0.19226929545402527,0.19226929545402527,114.57813465595245
crack0032_04.png,3.302599620819092,100.54139709472656,99.43470001220703,1.1066970825195312,107.72433471679688,106.80288696289062,0.92144775390625,0.30925220251083374,0.3094802498817444,0.00022804737091064453,0.2858286499977112,0.3292178511619568,0.043389201164245605,0.17042803764343262,0.20702087879180908,0.036592841148376465,0.5805152058601379,0.5786774158477783,0.0018377900123596191,0.20856119692325592,0.20856119692325592,104.65352463722229
crack0032_05.png,1.9920234203338625,94.9489974975586,93.520263671875,1.4287338256835938,106.54399108886719,105.39251708984375,1.1514739990234375,0.22297312319278717,0.2264307737350464,0.0034576505422592163,0.43541550636291504,0.4274883270263672,-0.007927179336547852,0.24584293365478516,0.2666904330253601,0.02084749937057495,0.5864205956459045,0.5828412175178528,0.003579378128051758,0.16383399069309235,0.16383399069309235,104.31306701898575
crack0032_06.png,-1.317016077041626,98.6434097290039,98.01753997802734,0.6258697509765625,101.95948028564453,101.61002349853516,0.349456787109375,0.25664022564888,0.24019236862659454,-0.01644785702228546,0.4342418313026428,0.4098997712135315,-0.024342060089111328,0.3048936128616333,0.3092959523200989,0.004402339458465576,0.5860168933868408,0.580845832824707,0.005171060562133789,0.19262754917144775,0.19262754917144775,107.35960847139359
crack0032_07.png,2.5444997787475585,101.12518310546875,100.38070678710938,0.744476318359375,101.53985595703125,100.833740234375,0.70611572265625,0.26941654086112976,0.2763679027557373,0.006951361894607544,0.25063222646713257,0.27588003873825073,0.025247812271118164,0.15453147888183594,0.187710702419281,0.03317922353744507,0.5794655680656433,0.5806766748428345,-0.0012111067771911621,0.21477806568145752,0.21477806568145752,107.81501948833466
crack0032_08.png,1.3639108657836914,102.09574127197266,101.58704376220703,0.508697509765625,107.32244873046875,107.00475311279297,0.31769561767578125,0.24911418557167053,0.2498651146888733,0.0007509291172027588,0.4706130623817444,0.4778375029563904,0.007224440574645996,0.3537096381187439,0.3733460307121277,0.01963639259338379,0.5865205526351929,0.5770434737205505,0.009477078914642334,0.16366873681545258,0.16366873681545258,110.35536348819733
crack0032_09.png,1.522306251525879,107.28872680664062,106.12391662597656,1.1648101806640625,103.846435546875,103.97480773925781,-0.1283721923828125,0.29086804389953613,0.28133124113082886,-0.009536802768707275,0.3202078342437744,0.3488566279411316,0.028648793697357178,0.2494688630104065,0.26611918210983276,0.01665031909942627,0.5846982002258301,0.5840522646903992,0.0006459355354309082,0.22406518459320068,0.22406518459320068,113.21437525749207
crack0033_00.png,2.388627290725708,151.8926239013672,150.02008056640625,1.8725433349609375,108.93843841552734,107.90133666992188,1.0371017456054688,0.2099129855632782,0.20991362631320953,6.407499313354492e-07,0.0,0.0,0.0,0.07334846258163452,0.07862597703933716,0.005277514457702637,0.5850327014923096,0.5825029015541077,0.0025297999382019043,0.09418472647666931,0.09418472647666931,161.7628811597824
crack0033_01.png,1.3386645793914793,136.8235626220703,134.74281311035156,2.08074951171875,109.13848876953125,108.55152893066406,0.5869598388671875,0.18571151793003082,0.17214733362197876,-0.013564184308052063,0.0,0.0,0.0,0.2373882532119751,0.22690480947494507,-0.01048344373703003,0.588527500629425,0.5858208537101746,0.0027066469192504883,0.10372082889080048,0.10372082889080048,148.9954478740692
crack0033_02.png,0.03301982879638676,161.27191162109375,161.79051208496094,-0.5186004638671875,108.43913269042969,107.96730041503906,0.471832275390625,0.22046087682247162,0.22552944719791412,0.005068570375442505,0.0,0.0,0.0,0.10933315753936768,0.13161271810531616,0.022279560565948486,0.5806920528411865,0.5817570090293884,-0.0010649561882019043,0.08771365880966187,0.08771365880966187,171.57383960485458
crack0033_03.png,1.8126930713653566,136.0529327392578,133.94789123535156,2.10504150390625,107.03514099121094,106.29847717285156,0.736663818359375,0.23064100742340088,0.22295154631137848,-0.0076894611120224,0.0,0.0,0.0,0.18994051218032837,0.19528108835220337,0.005340576171875,0.585644006729126,0.5849404335021973,0.0007035732269287109,0.1110895574092865,0.1110895574092865,145.04907947778702
crack0033_04.png,2.5201489448547365,125.10356903076172,123.20850372314453,1.8950653076171875,107.05472564697266,105.43644714355469,1.6182785034179688,0.23106321692466736,0.23068350553512573,-0.000379711389541626,0.0,0.0,0.0,0.14353561401367188,0.15101277828216553,0.007477164268493652,0.5832641124725342,0.5830603837966919,0.00020372867584228516,0.10198361426591873,0.10198361426591873,133.64559054374695
crack0033_05.png,4.156180191040039,160.3825225830078,156.8533477783203,3.5291748046875,114.4640884399414,113.59449768066406,0.8695907592773438,0.1489276885986328,0.151494562625885,0.0025668740272521973,0.0,0.0,0.0,0.0,0.0,0.0,0.5862014889717102,0.5843560099601746,0.0018454790115356445,0.08826491236686707,0.08826491236686707,173.1303334236145
crack0033_06.png,2.377282238006592,149.93179321289062,148.29649353027344,1.6352996826171875,112.8326416015625,111.78384399414062,1.048797607421875,0.15271294116973877,0.15317395329475403,0.0004610121250152588,0.0,0.0,0.0,0.20694434642791748,0.17590928077697754,-0.03103506565093994,0.5898538827896118,0.582714319229126,0.00713956356048584,0.09648236632347107,0.09648236632347107,163.54552221298218
crack0033_07.png,3.0063690662384035,150.53440856933594,148.6807861328125,1.8536224365234375,108.18185424804688,107.0390396118164,1.1428146362304688,0.17425957322120667,0.18372760713100433,0.009468033909797668,0.0,0.0,0.0,0.029594719409942627,0.03832930326461792,0.008734583854675293,0.5835140347480774,0.5850595831871033,-0.001545548439025879,0.09586767107248306,0.09586767107248306,162.55440628528595
crack0033_08.png,0.8692299842834472,149.06797790527344,149.5135955810547,-0.44561767578125,111.26638793945312,110.45796966552734,0.8084182739257812,0.17949408292770386,0.1915646493434906,0.012070566415786743,0.0,0.0,0.0,0.06904584169387817,0.06719475984573364,-0.0018510818481445312,0.5805805325508118,0.5799346566200256,0.0006458759307861328,0.09181816875934601,0.09181816875934601,161.7443630695343
crack0033_09.png,0.5360821723937989,144.6020965576172,144.21881103515625,0.3832855224609375,110.62831115722656,110.20753479003906,0.4207763671875,0.17073136568069458,0.1684170961380005,-0.002314269542694092,0.0,0.0,0.0,0.11814773082733154,0.1122332215309143,-0.005914509296417236,0.5871318578720093,0.5828911662101746,0.004240691661834717,0.10215051472187042,0.10215051472187042,157.79070234298706
crack0034_00.png,0.4889470100402832,111.0819091796875,110.54058074951172,0.5413284301757812,105.4326171875,104.81777954101562,0.614837646484375,0.28474950790405273,0.2822956442832947,-0.0024538636207580566,0.4469088315963745,0.4401564598083496,-0.006752371788024902,0.4133043885231018,0.4107229709625244,-0.0025814175605773926,0.5818954110145569,0.5776932239532471,0.0042021870613098145,0.22250333428382874,0.22250333428382874,117.1493227481842
crack0034_01.png,3.3415206909179687,97.22380065917969,96.32406616210938,0.8997344970703125,103.08645629882812,102.92080688476562,0.1656494140625,0.24502116441726685,0.26691004633903503,0.02188888192176819,0.48691606521606445,0.500135064125061,0.013218998908996582,0.36922788619995117,0.3824688196182251,0.013240933418273926,0.5799692273139954,0.5775778293609619,0.0023913979530334473,0.14429888129234314,0.14429888129234314,105.27143263816833
crack0034_02.png,3.710189437866211,99.5359878540039,98.98798370361328,0.548004150390625,102.62643432617188,101.71786499023438,0.9085693359375,0.24428051710128784,0.2548428773880005,0.010562360286712646,0.4386492967605591,0.48106521368026733,0.04241591691970825,0.4118877649307251,0.4322274327278137,0.020339667797088623,0.5899307727813721,0.583502471446991,0.0064283013343811035,0.14727440476417542,0.14727440476417542,108.2023856639862
crack0034_03.png,2.4972326278686525,122.26107788085938,120.84173583984375,1.419342041015625,120.68022155761719,119.96717071533203,0.7130508422851562,0.26742449402809143,0.27108675241470337,0.0036622583866119385,0.4986426830291748,0.5041607022285461,0.005518019199371338,0.4571356773376465,0.4647195339202881,0.0075838565826416016,0.6002037525177002,0.5932295322418213,0.006974220275878906,0.23594218492507935,0.23594218492507935,129.51408731937408
crack0034_04.png,1.6699828147888183,112.18717193603516,111.20616912841797,0.9810028076171875,105.906494140625,105.22883605957031,0.6776580810546875,0.29662030935287476,0.2985452115535736,0.0019249022006988525,0.5049493312835693,0.508660078048706,0.0037107467651367188,0.43221592903137207,0.4388389587402344,0.006623029708862305,0.5869165658950806,0.5840291976928711,0.0028873682022094727,0.18142712116241455,0.18142712116241455,117.3761146068573
crack0034_05.png,2.8274186134338377,101.9610595703125,100.68416595458984,1.2768936157226562,102.57356262207031,101.86197662353516,0.7115859985351562,0.2589011490345001,0.2579217553138733,-0.000979393720626831,0.34801042079925537,0.38488060235977173,0.03687018156051636,0.34111905097961426,0.36209845542907715,0.02097940444946289,0.5834640264511108,0.5867281556129456,-0.003264129161834717,0.17116719484329224,0.17116719484329224,109.3164336681366
crack0034_06.png,2.694133186340332,100.5420913696289,99.84671020507812,0.6953811645507812,104.26243591308594,103.64474487304688,0.6176910400390625,0.2669864892959595,0.27476006746292114,0.00777357816696167,0.44658273458480835,0.47516578435897827,0.028583049774169922,0.37049710750579834,0.39306432008743286,0.02256721258163452,0.5824605822563171,0.5827988982200623,-0.0003383159637451172,0.16501128673553467,0.16501128673553467,107.48716735839844
crack0034_07.png,1.4729053497314453,107.37727355957031,107.04727935791016,0.32999420166015625,106.28372955322266,106.17095947265625,0.11277008056640625,0.30997776985168457,0.3140607476234436,0.004082977771759033,0.4423351287841797,0.4562317132949829,0.013896584510803223,0.4005616307258606,0.4155769348144531,0.01501530408859253,0.5891849398612976,0.5838024020195007,0.005382537841796875,0.2507583498954773,0.2507583498954773,112.18100786209106
crack0034_08.png,2.6137944221496583,105.61508178710938,104.4734878540039,1.1415939331054688,103.9434814453125,103.1640396118164,0.7794418334960938,0.2941882312297821,0.2989141345024109,0.004725903272628784,0.5220398902893066,0.5380461812019348,0.016006290912628174,0.46847259998321533,0.47637253999710083,0.007899940013885498,0.5886043906211853,0.5850518941879272,0.0035524964332580566,0.23043422400951385,0.23043422400951385,110.93716657161713
crack0034_09.png,2.028499412536621,103.39102935791016,102.3505630493164,1.04046630859375,104.6048583984375,103.71066284179688,0.894195556640625,0.32337385416030884,0.3323611617088318,0.00898730754852295,0.4892575740814209,0.4836008548736572,-0.005656719207763672,0.4212993383407593,0.4263569712638855,0.005057632923126221,0.5877739191055298,0.5843329429626465,0.0034409761428833008,0.24353060126304626,0.24353060126304626,106.97932171821594
crack0035_00.png,1.7398845672607424,110.59852600097656,109.57930755615234,1.0192184448242188,107.21127319335938,105.43838500976562,1.77288818359375,0.3054778277873993,0.30483290553092957,-0.0006449222564697266,0.5504394173622131,0.552466869354248,0.002027451992034912,0.36498063802719116,0.38420069217681885,0.019220054149627686,0.5850442051887512,0.5854940414428711,-0.00044983625411987305,0.16254298388957977,0.16254298388957977,115.21870410442352
crack0035_01.png,0.1399629592895508,117.2335433959961,117.52781677246094,-0.29427337646484375,108.75239562988281,108.35517883300781,0.397216796875,0.34031108021736145,0.34263068437576294,0.0023196041584014893,0.5166765451431274,0.5189518332481384,0.0022752881050109863,0.41646498441696167,0.42123913764953613,0.004774153232574463,0.5806228518486023,0.5806536078453064,-3.075599670410156e-05,0.23117069900035858,0.23117069900035858,120.18815958499908
crack0035_02.png,0.18387632369995116,101.92778778076172,101.70398712158203,0.2238006591796875,105.40711975097656,105.32179260253906,0.0853271484375,0.3215571939945221,0.31931447982788086,-0.0022427141666412354,0.5105137825012207,0.5109332799911499,0.0004194974899291992,0.43020111322402954,0.4363408088684082,0.006139695644378662,0.5798077583312988,0.577593207359314,0.0022145509719848633,0.21095967292785645,0.21095967292785645,105.84932899475098
crack0035_03.png,-1.3608794212341309,117.51248931884766,118.4989013671875,-0.9864120483398438,106.05055236816406,105.63818359375,0.4123687744140625,0.4257146120071411,0.42040178179740906,-0.005312830209732056,0.6097421050071716,0.6013845205307007,-0.008357584476470947,0.4662579298019409,0.4625638723373413,-0.0036940574645996094,0.58259516954422,0.5770972967147827,0.005497872829437256,0.15865503251552582,0.15865503251552582,116.08539521694183
crack0035_04.png,3.6685354232788088,114.33462524414062,113.56918334960938,0.76544189453125,108.30354309082031,107.10186767578125,1.2016754150390625,0.3215353786945343,0.35263001918792725,0.031094640493392944,0.5610096454620361,0.5599538087844849,-0.0010558366775512695,0.4260812997817993,0.45905762910842896,0.03297632932662964,0.5866589546203613,0.5872318148612976,-0.0005728602409362793,0.2175413817167282,0.2175413817167282,118.14905416965485
crack0035_05.png,-0.6508851051330566,108.92530059814453,109.13713073730469,-0.21183013916015625,103.78547668457031,103.56651306152344,0.218963623046875,0.3974302113056183,0.39428868889808655,-0.0031415224075317383,0.5534800291061401,0.5432829856872559,-0.010197043418884277,0.463387131690979,0.45788633823394775,-0.00550079345703125,0.5823760032653809,0.5790619254112244,0.003314077854156494,0.23273316025733948,0.23273316025733948,108.66893446445465
crack0035_06.png,0.9469696044921875,100.82482147216797,99.88993072509766,0.9348907470703125,104.7949447631836,104.68025207519531,0.11469268798828125,0.3248562812805176,0.3205234408378601,-0.004332840442657471,0.5121592283248901,0.51499342918396,0.0028342008590698242,0.4684472680091858,0.4685453176498413,9.804964065551758e-05,0.5854171514511108,0.5804306268692017,0.00498652458190918,0.2784891426563263,0.2784891426563263,104.54265570640564
crack0035_07.png,-0.7303064346313477,105.67811584472656,105.61139678955078,0.06671905517578125,102.33406066894531,102.220947265625,0.1131134033203125,0.3778650760650635,0.36247435212135315,-0.015390723943710327,0.5826195478439331,0.5882880687713623,0.005668520927429199,0.4114307761192322,0.4167529344558716,0.005322158336639404,0.5803152918815613,0.5762591361999512,0.004056155681610107,0.1590650975704193,0.1590650975704193,107.10890686511993
crack0035_08.png,-2.7807498931884767,104.99928283691406,106.01039123535156,-1.0111083984375,102.14669799804688,101.86248779296875,0.284210205078125,0.45144331455230713,0.430507093667984,-0.02093622088432312,0.5531603693962097,0.5460119843482971,-0.007148385047912598,0.4704151153564453,0.4624660611152649,-0.00794905424118042,0.5808112025260925,0.5788735151290894,0.0019376873970031738,0.20254111289978027,0.20254111289978027,102.90685951709747
crack0035_09.png,0.819713020324707,100.00165557861328,99.74281311035156,0.25884246826171875,103.07447814941406,102.034423828125,1.0400543212890625,0.46183687448501587,0.46352100372314453,0.0016841292381286621,0.5474069118499756,0.5488978624343872,0.001490950584411621,0.4789057970046997,0.48437613248825073,0.005470335483551025,0.580657422542572,0.5818954110145569,-0.0012379884719848633,0.210706889629364,0.210706889629364,95.43783831596375
crack0036_00.png,2.134849739074707,107.18119049072266,104.92278289794922,2.2584075927734375,107.30729675292969,106.95511627197266,0.35218048095703125,0.32882410287857056,0.32420507073402405,-0.004619032144546509,0.20884186029434204,0.2044064998626709,-0.004435360431671143,0.3400004506111145,0.33673274517059326,-0.0032677054405212402,0.5879085063934326,0.580845832824707,0.007062673568725586,0.118601493537426,0.118601493537426,110.1160227060318
crack0036_01.png,3.951100540161133,108.03514099121094,105.41670227050781,2.618438720703125,106.90557861328125,106.59032440185547,0.31525421142578125,0.27858227491378784,0.2970113158226013,0.018429040908813477,0.11002528667449951,0.09870606660842896,-0.011319220066070557,0.26803427934646606,0.26903581619262695,0.0010015368461608887,0.58465975522995,0.580034613609314,0.004625141620635986,0.09613677859306335,0.09613677859306335,113.3973753452301
crack0036_02.png,5.27194881439209,110.13835906982422,107.33776092529297,2.80059814453125,103.42508697509766,103.09534454345703,0.329742431640625,0.2944866120815277,0.32104620337486267,0.02655959129333496,0.0,0.0,0.0,0.23007822036743164,0.23350894451141357,0.0034307241439819336,0.5840445756912231,0.5786774158477783,0.005367159843444824,0.10459883511066437,0.10459883511066437,114.43064630031586
crack0036_03.png,2.1736781120300295,96.37275695800781,94.57880401611328,1.7939529418945312,104.41736602783203,103.89665222167969,0.5207138061523438,0.2767545282840729,0.2817309498786926,0.004976421594619751,0.3419390916824341,0.32981324195861816,-0.012125849723815918,0.4410613775253296,0.44156402349472046,0.0005026459693908691,0.5842060446739197,0.5777470469474792,0.00645899772644043,0.13393425941467285,0.13393425941467285,102.23875057697296
crack0036_04.png,1.646820640563965,105.40702056884766,103.45610046386719,1.9509201049804688,104.26686096191406,104.00289916992188,0.2639617919921875,0.2852487564086914,0.2973920404911041,0.01214328408241272,0.2430894374847412,0.201401948928833,-0.0416874885559082,0.36439621448516846,0.36284661293029785,-0.0015496015548706055,0.5850865244865417,0.5779277086257935,0.007158815860748291,0.11920495331287384,0.11920495331287384,110.72009611129761
crack0036_05.png,1.3302664279937746,114.75690460205078,112.93141174316406,1.8254928588867188,105.61517333984375,105.4069595336914,0.20821380615234375,0.181023970246315,0.18471527099609375,0.0036913007497787476,0.22263634204864502,0.1995183229446411,-0.023118019104003906,0.3483102321624756,0.3426981568336487,-0.005612075328826904,0.583587110042572,0.5823144912719727,0.0012726187705993652,0.10994775593280792,0.10994775593280792,126.3262043595314
crack0036_06.png,2.9087286949157716,123.07308197021484,121.43724060058594,1.6358413696289062,110.79898071289062,110.39204406738281,0.4069366455078125,0.27749109268188477,0.2787342965602875,0.00124320387840271,0.3103848099708557,0.3345900774002075,0.024205267429351807,0.3584408164024353,0.3836537003517151,0.025212883949279785,0.5908535122871399,0.5897923707962036,0.0010611414909362793,0.1479015052318573,0.1479015052318573,129.2398362159729
crack0036_07.png,4.799089527130127,134.66757202148438,131.17544555664062,3.49212646484375,104.66357421875,104.07826232910156,0.5853118896484375,0.2943757474422455,0.3052355945110321,0.010859847068786621,0.3518293499946594,0.35209017992019653,0.0002608299255371094,0.39052659273147583,0.39753735065460205,0.007010757923126221,0.5950788259506226,0.5902383923530579,0.004840433597564697,0.11669644713401794,0.11669644713401794,139.06211698055267
crack0036_08.png,2.8279116630554197,108.76560974121094,106.43475341796875,2.3308563232421875,102.6614990234375,102.21247863769531,0.4490203857421875,0.28682321310043335,0.2944468855857849,0.0076236724853515625,0.4001268148422241,0.38756000995635986,-0.012566804885864258,0.4298613667488098,0.42463183403015137,-0.005229532718658447,0.5834563374519348,0.5782006978988647,0.005255639553070068,0.1513681560754776,0.1513681560754776,113.72904229164124
crack0036_09.png,3.199968481063843,103.38142395019531,101.64884185791016,1.7325820922851562,104.12269592285156,102.90403747558594,1.218658447265625,0.23655663430690765,0.2658790946006775,0.029322460293769836,0.3906553387641907,0.3556203842163086,-0.03503495454788208,0.41766470670700073,0.42921334505081177,0.011548638343811035,0.5819492340087891,0.5810611248016357,0.0008881092071533203,0.12368201464414597,0.12368201464414597,111.59970420598984
crack0037_00.png,2.1400434494018556,111.93555450439453,111.34795379638672,0.5876007080078125,106.63548278808594,106.0409164428711,0.5945663452148438,0.20490019023418427,0.18661539256572723,-0.01828479766845703,0.09464293718338013,0.15700757503509521,0.06236463785171509,0.17137861251831055,0.2054119110107422,0.03403329849243164,0.5877662301063538,0.5806958675384521,0.007070362567901611,0.10527747869491577,0.10527747869491577,123.95547980070114
crack0037_01.png,0.044484901428222645,125.1866455078125,125.08293914794922,0.10370635986328125,110.441650390625,110.68217468261719,-0.2405242919921875,0.23846128582954407,0.23739278316497803,-0.00106850266456604,0.31167060136795044,0.31227558851242065,0.0006049871444702148,0.3169863224029541,0.31354641914367676,-0.0034399032592773438,0.5854055881500244,0.5829488635063171,0.0024567246437072754,0.14155736565589905,0.14155736565589905,134.30744886398315
crack0037_02.png,4.157312393188477,107.17645263671875,105.47981262207031,1.6966400146484375,100.81886291503906,100.41748046875,0.4013824462890625,0.20396681129932404,0.20579175651073456,0.0018249452114105225,0.0036104321479797363,0.0581478476524353,0.054537415504455566,0.23638451099395752,0.27166831493377686,0.035283803939819336,0.5810034871101379,0.5816878080368042,-0.0006843209266662598,0.1294323354959488,0.1294323354959488,117.35763627290726
crack0037_03.png,2.346526050567627,113.41683197021484,112.41667938232422,1.000152587890625,104.76957702636719,104.31538391113281,0.454193115234375,0.24384668469429016,0.23779404163360596,-0.006052643060684204,0.11396998167037964,0.15248990058898926,0.03851991891860962,0.2572384476661682,0.27608853578567505,0.018850088119506836,0.5856785774230957,0.5829758048057556,0.002702772617340088,0.16702967882156372,0.16702967882156372,122.076256275177
crack0037_04.png,4.651893568038941,110.32342529296875,109.17272186279297,1.1507034301757812,104.64337158203125,104.04380798339844,0.5995635986328125,0.22477306425571442,0.22593644261360168,0.001163378357887268,0.03539454936981201,0.1115492582321167,0.07615470886230469,0.27601635456085205,0.31846529245376587,0.04244893789291382,0.5820030570030212,0.5789504051208496,0.003052651882171631,0.1507730484008789,0.1507730484008789,119.54181200265884
crack0037_05.png,0.5636856079101564,117.38723754882812,115.57588195800781,1.8113555908203125,109.82136535644531,109.19746398925781,0.6239013671875,0.22230182588100433,0.20062796771526337,-0.021673858165740967,0.0,0.0,0.0,0.17825859785079956,0.20326560735702515,0.025007009506225586,0.5940984487533569,0.5881814956665039,0.005916953086853027,0.1220109611749649,0.1220109611749649,128.20781964063644
crack0037_06.png,-1.7283529758453369,99.91468811035156,100.57589721679688,-0.6612091064453125,105.9728775024414,105.84822082519531,0.12465667724609375,0.19374524056911469,0.19380402565002441,5.8785080909729004e-05,0.2062649130821228,0.17882579565048218,-0.027439117431640625,0.23378771543502808,0.21694225072860718,-0.0168454647064209,0.5796616673469543,0.5802652835845947,-0.0006036162376403809,0.12146870791912079,0.12146870791912079,111.83118957281113
crack0037_07.png,1.1440062522888184,113.66571044921875,112.6921157836914,0.9735946655273438,101.61322784423828,101.44549560546875,0.16773223876953125,0.22803787887096405,0.2222183793783188,-0.005819499492645264,0.3126526474952698,0.3246946930885315,0.012042045593261719,0.3057823181152344,0.3135279417037964,0.007745623588562012,0.5796347260475159,0.5774548053741455,0.0021799206733703613,0.14769555628299713,0.14769555628299713,123.03119939565659
crack0037_08.png,6.566289567947388,131.04856872558594,127.55133819580078,3.4972305297851562,100.11457061767578,99.80121612548828,0.3133544921875,0.19599305093288422,0.1849571168422699,-0.011035934090614319,0.21437472105026245,0.3088899254798889,0.09451520442962646,0.23525184392929077,0.283750057220459,0.04849821329116821,0.5791618824005127,0.5780122876167297,0.001149594783782959,0.11620599031448364,0.11620599031448364,141.36900174617767
crack0037_09.png,4.329170179367066,121.37315368652344,119.83815002441406,1.535003662109375,104.71591186523438,104.2511215209961,0.46479034423828125,0.21584086120128632,0.19778522849082947,-0.018055632710456848,0.12391340732574463,0.22177845239639282,0.0978650450706482,0.2836093306541443,0.32763350009918213,0.04402416944503784,0.5885774493217468,0.5851249694824219,0.003452479839324951,0.11482194066047668,0.11482194066047668,132.28163611888885
crack0038_00.png,4.358180332183838,119.68397521972656,120.8511962890625,-1.1672210693359375,106.91028594970703,107.44324493408203,-0.532958984375,0.398707777261734,0.4698595404624939,0.07115176320075989,0.0,0.0,0.0,0.061295270919799805,0.05044698715209961,-0.010848283767700195,0.5817685723304749,0.5806074738502502,0.0011610984802246094,0.10755221545696259,0.10755221545696259,119.61586201190948
crack0038_01.png,-1.2308520317077636,113.76641082763672,114.661865234375,-0.8954544067382812,104.06423950195312,103.98056030273438,0.08367919921875,0.3200591802597046,0.312495619058609,-0.007563561201095581,0.0,0.0,0.0,0.15220284461975098,0.1692022681236267,0.016999423503875732,0.5832948684692383,0.5773894786834717,0.0059053897857666016,0.11243848502635956,0.11243848502635956,118.79619562625885
crack0038_02.png,-0.2478837013244628,117.3322525024414,119.41265106201172,-2.0803985595703125,105.64317321777344,105.77021789550781,-0.127044677734375,0.43582087755203247,0.4581149220466614,0.022294044494628906,0.0,0.0,0.0,0.12326633930206299,0.14085614681243896,0.017589807510375977,0.5825797915458679,0.5800845623016357,0.0024952292442321777,0.13948309421539307,0.13948309421539307,115.52639079093933
crack0038_03.png,5.3646574974060055,123.6214370727539,121.59251403808594,2.0289230346679688,109.59711456298828,108.40065002441406,1.1964645385742188,0.18219268321990967,0.23519721627235413,0.05300453305244446,0.039093971252441406,0.0,-0.039093971252441406,0.2764139175415039,0.2648389935493469,-0.011574923992156982,0.5875048041343689,0.5829911828041077,0.0045136213302612305,0.1170341819524765,0.1170341819524765,135.1756067276001
crack0038_04.png,-1.7697664260864259,111.34029388427734,111.58439636230469,-0.24410247802734375,107.88837432861328,107.90785217285156,-0.01947784423828125,0.457705557346344,0.4358505606651306,-0.02185499668121338,0.0,0.0,0.0,0.09067422151565552,0.08543306589126587,-0.0052411556243896484,0.5880199670791626,0.5822567939758301,0.0057631731033325195,0.11476988345384598,0.11476988345384598,108.83211016654968
crack0038_05.png,-0.3698652267456055,106.60830688476562,106.38748168945312,0.2208251953125,105.7159652709961,105.1440200805664,0.5719451904296875,0.38090571761131287,0.3679710924625397,-0.012934625148773193,0.0,0.0,0.0,0.11037570238113403,0.11515218019485474,0.004776477813720703,0.587039589881897,0.5816570520401001,0.005382537841796875,0.11717191338539124,0.11717191338539124,107.90121233463287
crack0038_06.png,0.5489624977111816,118.50175476074219,117.11609649658203,1.3856582641601562,114.28681945800781,112.47112274169922,1.8156967163085938,0.40147310495376587,0.3816802501678467,-0.01979285478591919,0.0,0.0,0.0,0.0,0.0,0.0,0.5853710174560547,0.5848596692085266,0.0005113482475280762,0.11296015977859497,0.11296015977859497,118.3229513168335
crack0038_07.png,-0.011250400543212913,115.72001647949219,116.1507568359375,-0.4307403564453125,110.20196533203125,110.36692810058594,-0.1649627685546875,0.4231482148170471,0.42716553807258606,0.00401732325553894,0.0,0.0,0.0,0.06170171499252319,0.06874525547027588,0.0070435404777526855,0.5887312293052673,0.5846289992332458,0.004102230072021484,0.11079336702823639,0.11079336702823639,114.09574294090271
crack0038_08.png,0.9635378837585449,119.19552612304688,120.1252670288086,-0.9297409057617188,110.72422790527344,110.14625549316406,0.577972412109375,0.4791005849838257,0.4992288649082184,0.0201282799243927,0.0,0.0,0.0,0.13322412967681885,0.16608011722564697,0.032855987548828125,0.586928129196167,0.5856324434280396,0.0012956857681274414,0.11951066553592682,0.11951066553592682,114.39148664474487
crack0038_09.png,-4.16558141708374,119.20060729980469,121.30341339111328,-2.1028060913085938,109.19622802734375,107.6585693359375,1.53765869140625,0.3906084895133972,0.35615894198417664,-0.03444954752922058,0.0,0.0,0.0,0.11225628852844238,0.12902653217315674,0.016770243644714355,0.5868089199066162,0.5848557949066162,0.001953125,0.11498669534921646,0.11498669534921646,122.35483062267303
crack0039_00.png,4.646320915222168,120.203125,119.45335388183594,0.7497711181640625,107.93926239013672,106.14141082763672,1.7978515625,0.13964468240737915,0.17459207773208618,0.03494739532470703,0.3066083788871765,0.30897849798202515,0.002370119094848633,0.3054865598678589,0.34664446115493774,0.04115790128707886,0.5932871699333191,0.5861168503761292,0.007170319557189941,0.13280394673347473,0.13280394673347473,135.18104529380798
crack0039_01.png,1.844121265411377,109.31009674072266,110.89959716796875,-1.5895004272460938,100.93128967285156,101.54073333740234,-0.6094436645507812,0.15849637985229492,0.18873023986816406,0.03023386001586914,0.36802148818969727,0.39497894048690796,0.026957452297210693,0.39966368675231934,0.42256391048431396,0.02290022373199463,0.5810803771018982,0.5765705704689026,0.0045098066329956055,0.13863733410835266,0.13863733410835266,123.83827924728394
crack0039_02.png,-0.19100685119628902,104.56002807617188,104.96641540527344,-0.4063873291015625,102.46983337402344,102.13067626953125,0.3391571044921875,0.21415042877197266,0.20066678524017334,-0.013483643531799316,0.27243244647979736,0.3035302758216858,0.031097829341888428,0.3792232275009155,0.41174226999282837,0.03251904249191284,0.5800115466117859,0.5821491479873657,-0.002137601375579834,0.12235701829195023,0.12235701829195023,116.00918054580688
crack0039_03.png,-3.1165024757385256,134.8963623046875,136.594482421875,-1.6981201171875,111.16765594482422,110.07002258300781,1.0976333618164062,0.16041024029254913,0.12314264476299286,-0.037267595529556274,0.23339241743087769,0.25753939151763916,0.024146974086761475,0.29036545753479004,0.3113026022911072,0.02093714475631714,0.5812764167785645,0.5773240923881531,0.003952324390411377,0.10853826999664307,0.10853826999664307,151.60792034864426
crack0039_04.png,-5.46296181678772,120.88706970214844,123.97021484375,-3.0831451416015625,107.97386169433594,109.12576293945312,-1.1519012451171875,0.14910888671875,0.1408618837594986,-0.008247002959251404,0.1824457049369812,0.14709943532943726,-0.035346269607543945,0.257027268409729,0.22608065605163574,-0.03094661235809326,0.5803267955780029,0.5764629244804382,0.0038638710975646973,0.1161927729845047,0.1161927729845047,137.19000107049942
crack0039_05.png,1.1287049293518066,120.27037811279297,121.37251281738281,-1.1021347045898438,108.58381652832031,106.35960388183594,2.224212646484375,0.22946085035800934,0.22662825882434845,-0.0028325915336608887,0.19453656673431396,0.23184674978256226,0.03731018304824829,0.2636059522628784,0.29682254791259766,0.03321659564971924,0.5847635269165039,0.5828796625137329,0.001883864402770996,0.11277500540018082,0.11277500540018082,130.61429101228714
crack0039_06.png,1.0124211072921754,130.70008850097656,131.94137573242188,-1.2412872314453125,105.10885620117188,104.8495101928711,0.25934600830078125,0.08979081362485886,0.10345439612865448,0.013663582503795624,0.20930904150009155,0.22864538431167603,0.019336342811584473,0.30264973640441895,0.3337652087211609,0.031115472316741943,0.579750120639801,0.5726643800735474,0.007085740566253662,0.10320296883583069,0.10320296883583069,149.12328812479973
crack0039_07.png,-4.388221645355225,131.30328369140625,134.3737335205078,-3.0704498291015625,107.50843048095703,108.81784057617188,-1.3094100952148438,0.10231950134038925,0.0894525870680809,-0.01286691427230835,0.26526302099227905,0.26134270429611206,-0.003920316696166992,0.28045451641082764,0.22498804330825806,-0.05546647310256958,0.5855440497398376,0.5757400989532471,0.009803950786590576,0.09413475543260574,0.09413475543260574,150.89311537146568
crack0039_08.png,1.3396127700805665,127.50637817382812,128.63348388671875,-1.127105712890625,110.14420318603516,108.13577270507812,2.0084304809570312,0.20081157982349396,0.1982635110616684,-0.0025480687618255615,0.14381486177444458,0.18897604942321777,0.04516118764877319,0.31114715337753296,0.34610623121261597,0.03495907783508301,0.5923298597335815,0.5908112525939941,0.0015186071395874023,0.12097904086112976,0.12097904086112976,139.8673147559166
crack0039_09.png,0.8600236892700195,119.27566528320312,120.06915283203125,-0.793487548828125,114.66446685791016,113.95973205566406,0.7047348022460938,0.16676917672157288,0.17258131504058838,0.005812138319015503,0.31762367486953735,0.34163546562194824,0.02401179075241089,0.3697194457054138,0.3782634735107422,0.00854402780532837,0.5768473744392395,0.5781930088996887,-0.0013456344604492188,0.11194059997797012,0.11194059997797012,132.79397881031036
crack0040_00.png,1.912229347229004,96.36356353759766,94.98241424560547,1.3811492919921875,113.35295104980469,114.12921142578125,-0.7762603759765625,0.2587240934371948,0.26730039715766907,0.008576303720474243,0.0,0.0,0.0,0.0,0.0,0.0,0.5812879800796509,0.5774009823799133,0.003886997699737549,0.12604273855686188,0.12604273855686188,103.40106248855591
crack0040_01.png,1.2043711185455321,127.65867614746094,126.8395004272461,0.8191757202148438,111.64398193359375,111.95642852783203,-0.31244659423828125,0.22728925943374634,0.2317075878381729,0.004418328404426575,0.0,0.0,0.0,0.11295133829116821,0.13132208585739136,0.018370747566223145,0.5809188485145569,0.57700115442276,0.003917694091796875,0.11820685118436813,0.11820685118436813,136.848486661911
crack0040_02.png,-2.078438568115234,119.07937622070312,120.59410858154297,-1.5147323608398438,113.32962036132812,112.41950225830078,0.9101181030273438,0.28147098422050476,0.27084678411483765,-0.010624200105667114,0.0,0.0,0.0,0.0,0.0,0.0,0.5821722149848938,0.5841176509857178,-0.0019454360008239746,0.11923162639141083,0.11923162639141083,126.9506413936615
crack0040_03.png,-0.34310197830200195,114.581787109375,114.07329559326172,0.5084915161132812,114.94154357910156,114.49705505371094,0.444488525390625,0.28430524468421936,0.2717973589897156,-0.012507885694503784,0.0,0.0,0.0,0.0,0.0,0.0,0.581626296043396,0.5823452472686768,-0.0007189512252807617,0.10536836832761765,0.10536836832761765,121.3135097026825
crack0040_04.png,4.910225105285645,108.60509490966797,104.17684173583984,4.428253173828125,115.52828979492188,113.51236724853516,2.0159225463867188,0.2586735785007477,0.2552645206451416,-0.003409057855606079,0.0,0.0,0.0,0.0,0.0,0.0,0.5759092569351196,0.5772010684013367,-0.001291811466217041,0.12367172539234161,0.12367172539234161,114.16313982009888
crack0040_05.png,0.6759366035461425,109.79615020751953,108.2446517944336,1.5514984130859375,115.95054626464844,115.59507751464844,0.35546875,0.31118476390838623,0.29841291904449463,-0.012771844863891602,0.0,0.0,0.0,0.09367656707763672,0.08205622434616089,-0.01162034273147583,0.5799115896224976,0.5798116326332092,9.995698928833008e-05,0.11376836895942688,0.11376836895942688,114.31208944320679
crack0040_06.png,-1.0127119064331054,97.0701675415039,97.18208312988281,-0.11191558837890625,113.82038879394531,111.26806640625,2.5523223876953125,0.3488589823246002,0.3224402368068695,-0.026418745517730713,0.0,0.0,0.0,0.1895129680633545,0.19643950462341309,0.006926536560058594,0.5921799540519714,0.5873855948448181,0.00479435920715332,0.11402051895856857,0.11402051895856857,101.46690928936005
crack0040_07.png,0.16047935485839848,105.09375,104.68952178955078,0.40422821044921875,113.68202209472656,113.1974105834961,0.48461151123046875,0.3127693235874176,0.30758005380630493,-0.005189269781112671,0.0,0.0,0.0,0.021357297897338867,0.018831312656402588,-0.0025259852409362793,0.5835755467414856,0.5841368436813354,-0.0005612969398498535,0.1198132261633873,0.1198132261633873,109.80230641365051
crack0040_08.png,1.4083882331848145,120.01411437988281,119.91781616210938,0.0962982177734375,106.86094665527344,106.25003814697266,0.6109085083007812,0.32531777024269104,0.3369457721710205,0.011628001928329468,0.0,0.0,0.0,0.09267997741699219,0.08030498027801514,-0.01237499713897705,0.5827720165252686,0.5793348550796509,0.0034371614456176758,0.10471250116825104,0.10471250116825104,123.75777971744537
crack0040_09.png,4.463715934753418,121.497314453125,114.24543762207031,7.2518768310546875,114.50037384033203,113.84136962890625,0.6590042114257812,0.27831822633743286,0.23986169695854187,-0.03845652937889099,0.0,0.0,0.0,0.09663355350494385,0.06060779094696045,-0.0360257625579834,0.57906574010849,0.5784467458724976,0.0006189942359924316,0.12727394700050354,0.12727394700050354,126.64230382442474
crack0041_00.png,0.46842474937438966,123.23316192626953,123.04266357421875,0.19049835205078125,105.41386413574219,105.10162353515625,0.3122406005859375,0.16613832116127014,0.1600162833929062,-0.006122037768363953,0.3312140703201294,0.34358149766921997,0.012367427349090576,0.31755053997039795,0.32204949855804443,0.004498958587646484,0.5841599106788635,0.5804575085639954,0.003702402114868164,0.16117748618125916,0.16117748618125916,136.9033321738243
crack0041_01.png,2.792973518371582,122.63507843017578,121.19747161865234,1.4376068115234375,114.55093383789062,113.28788757324219,1.2630462646484375,0.2049112468957901,0.21035577356815338,0.005444526672363281,0.40487754344940186,0.4094175100326538,0.004539966583251953,0.35253334045410156,0.36057865619659424,0.008045315742492676,0.592475950717926,0.5866512656211853,0.005824685096740723,0.18158859014511108,0.18158859014511108,133.3206382393837
crack0041_02.png,-0.08702836036682127,120.81686401367188,121.0724105834961,-0.25554656982421875,107.31739044189453,107.38359832763672,-0.0662078857421875,0.19557112455368042,0.19849754869937897,0.0029264241456985474,0.3384743332862854,0.33485907316207886,-0.003615260124206543,0.4133026599884033,0.4137563109397888,0.00045365095138549805,0.5818915963172913,0.579254150390625,0.0026374459266662598,0.1570153832435608,0.1570153832435608,132.4860336780548
crack0041_03.png,1.8367008686065673,123.74844360351562,122.9762191772461,0.7722244262695312,107.57426452636719,106.92861938476562,0.6456451416015625,0.2128547728061676,0.2161315232515335,0.0032767504453659058,0.4027250409126282,0.41407400369644165,0.011348962783813477,0.35179591178894043,0.36457008123397827,0.012774169445037842,0.5811995267868042,0.5789465308189392,0.0022529959678649902,0.17578567564487457,0.17578567564487457,133.83902609348297
crack0041_04.png,2.935369682312012,125.34255981445312,124.97720336914062,0.3653564453125,110.80611419677734,111.00519561767578,-0.1990814208984375,0.16655923426151276,0.18272171914577484,0.016162484884262085,0.3072162866592407,0.33861422538757324,0.03139793872833252,0.3831806778907776,0.3841703534126282,0.000989675521850586,0.5756478309631348,0.5731295943260193,0.0025182366371154785,0.149347186088562,0.149347186088562,138.1922407746315
crack0041_05.png,2.0862613201141356,121.84237670898438,120.17222595214844,1.6701507568359375,112.28720092773438,111.81292724609375,0.474273681640625,0.17000915110111237,0.16811931133270264,-0.001889839768409729,0.35196453332901,0.3620731830596924,0.010108649730682373,0.37126249074935913,0.3752620220184326,0.003999531269073486,0.5832602977752686,0.5839292407035828,-0.000668942928314209,0.1580473929643631,0.1580473929643631,134.27731227874756
crack0041_06.png,1.984301710128784,122.28128051757812,121.73346710205078,0.5478134155273438,109.96644592285156,109.61006164550781,0.35638427734375,0.16991886496543884,0.17454729974269867,0.004628434777259827,0.2998223304748535,0.31873083114624023,0.01890850067138672,0.29051196575164795,0.30596399307250977,0.015452027320861816,0.5858631134033203,0.5816801190376282,0.004182994365692139,0.13707032799720764,0.13707032799720764,135.24676644802094
crack0041_07.png,-0.2842906951904296,112.75069427490234,111.90535736083984,0.8453369140625,107.72562408447266,106.90849304199219,0.8171310424804688,0.2504102289676666,0.23466596007347107,-0.015744268894195557,0.39461904764175415,0.38567405939102173,-0.008944988250732422,0.3697834014892578,0.3544885516166687,-0.015294849872589111,0.58308345079422,0.5790619254112244,0.0040215253829956055,0.1931370198726654,0.1931370198726654,121.57140624523163
crack0041_08.png,-0.1277537822723389,112.10636138916016,111.1393051147461,0.9670562744140625,103.53899383544922,103.28401184082031,0.25498199462890625,0.22986534237861633,0.21065522730350494,-0.01921011507511139,0.4362958073616028,0.4373488426208496,0.0010530352592468262,0.41028207540512085,0.3972123861312866,-0.013069689273834229,0.5796616673469543,0.5722145438194275,0.0074471235275268555,0.20102760195732117,0.20102760195732117,122.169986307621
crack0041_09.png,2.4137195587158202,123.81723022460938,122.61859893798828,1.1986312866210938,107.21771240234375,106.21534729003906,1.0023651123046875,0.19416731595993042,0.1842067837715149,-0.009960532188415527,0.4139673709869385,0.4504357576370239,0.03646838665008545,0.4032062888145447,0.4193647503852844,0.016158461570739746,0.5870242118835449,0.583217978477478,0.0038062334060668945,0.1569211184978485,0.1569211184978485,135.64647603034973
crack0042_00.png,-1.1345032691955566,107.51696014404297,107.19352722167969,0.32343292236328125,112.46766662597656,113.2723159790039,-0.8046493530273438,0.353721022605896,0.3388414680957794,-0.014879554510116577,0.0,0.0,0.0,0.2945518493652344,0.28532153367996216,-0.009230315685272217,0.5835447907447815,0.5821875929832458,0.0013571977615356445,0.12427066266536713,0.12427066266536713,110.36654722690582
crack0042_01.png,4.307857704162598,118.84367370605469,119.88373565673828,-1.0400619506835938,111.29669189453125,109.52086639404297,1.7758255004882812,0.3021877706050873,0.35954439640045166,0.05735662579536438,0.0,0.0,0.0,0.2125799059867859,0.27699047327041626,0.06441056728363037,0.5842291712760925,0.5830026865005493,0.0012264847755432129,0.11316028237342834,0.11316028237342834,124.60160529613495
crack0042_02.png,-0.8632736206054688,120.83206939697266,120.7447509765625,0.08731842041015625,106.14497375488281,105.22154998779297,0.9234237670898438,0.33173295855522156,0.3148604929447174,-0.01687246561050415,0.0,0.0,0.0,0.2846974730491638,0.2816210389137268,-0.0030764341354370117,0.5793002843856812,0.5785543918609619,0.0007458925247192383,0.10549889504909515,0.10549889504909515,125.06879198551178
crack0042_03.png,2.7046566009521484,113.35163116455078,113.22286987304688,0.12876129150390625,108.21354675292969,107.74006652832031,0.473480224609375,0.40301746129989624,0.43019014596939087,0.02717268466949463,0.0,0.0,0.0,0.319099485874176,0.3331374526023865,0.01403796672821045,0.5890542268753052,0.5837370157241821,0.005317211151123047,0.11379143595695496,0.11379143595695496,112.66837191581726
crack0042_04.png,2.7190930366516115,105.31695556640625,105.5721206665039,-0.25516510009765625,105.94734191894531,105.14910888671875,0.7982330322265625,0.3486424684524536,0.38031089305877686,0.03166842460632324,0.0,0.0,0.0,0.24912261962890625,0.26148509979248047,0.012362480163574219,0.5827835202217102,0.5797462463378906,0.00303727388381958,0.09825006872415543,0.09825006872415543,107.83733081817627
crack0042_05.png,3.0858123779296873,108.20960998535156,108.801513671875,-0.5919036865234375,110.46011352539062,108.79088592529297,1.6692276000976562,0.4585387408733368,0.49606409668922424,0.03752535581588745,0.0,0.0,0.0,0.3090704083442688,0.36156362295150757,0.05249321460723877,0.585959255695343,0.5857593417167664,0.00019991397857666016,0.10675480961799622,0.10675480961799622,104.4316076040268
crack0042_06.png,-0.05670108795166007,116.48434448242188,118.34587097167969,-1.8615264892578125,109.0953598022461,108.4217758178711,0.673583984375,0.34522706270217896,0.34774214029312134,0.002515077590942383,0.09581869840621948,0.12711644172668457,0.03129774332046509,0.3737122416496277,0.383699893951416,0.00998765230178833,0.5857977867126465,0.5837408900260925,0.002056896686553955,0.1210491955280304,0.1210491955280304,120.1333954334259
crack0042_07.png,2.516974449157715,128.16046142578125,128.5890350341797,-0.4285736083984375,112.59121704101562,111.57475280761719,1.0164642333984375,0.28974369168281555,0.3246228098869324,0.03487911820411682,0.011228978633880615,0.004752516746520996,-0.006476461887359619,0.3012794256210327,0.3232382535934448,0.02195882797241211,0.5862630009651184,0.586070716381073,0.00019228458404541016,0.11739662289619446,0.11739662289619446,134.44064676761627
crack0042_08.png,-1.1808077812194824,106.64599609375,107.49727630615234,-0.8512802124023438,109.10075378417969,109.29412841796875,-0.1933746337890625,0.31690818071365356,0.31232380867004395,-0.004584372043609619,0.0,0.0,0.0,0.3022642135620117,0.30869096517562866,0.006426751613616943,0.5806459188461304,0.577781617641449,0.0028643012046813965,0.12742185592651367,0.12742185592651367,111.55804443359375
crack0042_09.png,0.14017629623413086,123.5743408203125,124.28922271728516,-0.7148818969726562,109.21257781982422,109.01703643798828,0.1955413818359375,0.31145408749580383,0.30498045682907104,-0.006473630666732788,0.033678531646728516,0.060671985149383545,0.02699345350265503,0.31370359659194946,0.3172234296798706,0.0035198330879211426,0.5828719735145569,0.577497124671936,0.00537484884262085,0.13619425892829895,0.13619425892829895,128.94783329963684
crack0043_00.png,-0.363130259513855,95.86985778808594,95.12664794921875,0.7432098388671875,107.7519760131836,110.68138885498047,-2.929412841796875,0.1122882217168808,0.1028868779540062,-0.009401343762874603,0.20483726263046265,0.2213117480278015,0.016474485397338867,0.03927725553512573,0.03632664680480957,-0.002950608730316162,0.5744790434837341,0.5705152153968811,0.003963828086853027,0.10275302827358246,0.10275302827358246,112.30420193076134
crack0043_01.png,0.9426291465759276,78.99954986572266,76.3575210571289,2.64202880859375,114.57110595703125,116.2497329711914,-1.6786270141601562,0.07007340341806412,0.07175201922655106,0.0016786158084869385,0.07555049657821655,0.04088902473449707,-0.03466147184371948,0.0,0.0,0.0,0.5776970386505127,0.5720915198326111,0.005605518817901611,0.10121063888072968,0.10121063888072968,96.58201280236244
crack0043_02.png,1.5975354433059694,84.28594970703125,81.42607116699219,2.8598785400390625,112.76809692382812,114.55504608154297,-1.7869491577148438,0.11901901662349701,0.09763162583112717,-0.021387390792369843,0.08904993534088135,0.11772036552429199,0.028670430183410645,0.0,0.0,0.0,0.5786197781562805,0.5782045125961304,0.0004152655601501465,0.10321442782878876,0.10321442782878876,100.14290401339531
crack0043_03.png,-0.5317329883575441,100.83757019042969,96.29017639160156,4.547393798828125,107.56834411621094,112.05561828613281,-4.487274169921875,0.14873827993869781,0.09885361790657043,-0.04988466203212738,0.1738748550415039,0.1893165111541748,0.015441656112670898,0.14904284477233887,0.03525930643081665,-0.11378353834152222,0.5777201056480408,0.5754978656768799,0.0022222399711608887,0.10400072485208511,0.10400072485208511,115.74146044254303
crack0043_04.png,5.197384762763977,99.06501007080078,96.16867065429688,2.8963394165039062,115.85475158691406,116.51924133300781,-0.66448974609375,0.09824831038713455,0.105524942278862,0.0072766318917274475,0.1124260425567627,0.15731102228164673,0.04488497972488403,0.0,0.0,0.0,0.5820722579956055,0.5773394703865051,0.004732787609100342,0.11878247559070587,0.11878247559070587,115.00483205914497
crack0043_05.png,-0.6017822980880738,105.67372131347656,105.74716186523438,-0.0734405517578125,115.068115234375,115.801513671875,-0.7333984375,0.10334425419569016,0.08268490433692932,-0.020659349858760834,0.2996366620063782,0.32924461364746094,0.029607951641082764,0.14339113235473633,0.2050754427909851,0.06168431043624878,0.584186851978302,0.5783506631851196,0.005836188793182373,0.11106685549020767,0.11106685549020767,124.11682140827179
crack0043_06.png,-2.1992659091949465,90.44193267822266,89.00634765625,1.4355850219726562,116.66136169433594,119.09487915039062,-2.4335174560546875,0.12918269634246826,0.08906726539134979,-0.04011543095111847,0.0,0.0,0.0,0.0,0.0,0.0,0.5881084203720093,0.5744136571884155,0.01369476318359375,0.0941099300980568,0.0941099300980568,107.90444105863571
crack0043_07.png,0.49869766235351554,88.84005737304688,88.75445556640625,0.085601806640625,114.05111694335938,113.86814880371094,0.1829681396484375,0.1340891420841217,0.11958584189414978,-0.014503300189971924,0.027095794677734375,0.05958282947540283,0.03248703479766846,0.0,0.023629307746887207,0.023629307746887207,0.5828373432159424,0.5778200626373291,0.005017280578613281,0.10803796350955963,0.10803796350955963,104.93559968471527
crack0043_08.png,-0.4268200874328614,88.5952377319336,88.07733154296875,0.5179061889648438,111.35662841796875,113.68904113769531,-2.3324127197265625,0.16749340295791626,0.14852339029312134,-0.018970012664794922,0.2414838671684265,0.2766346335411072,0.035150766372680664,0.21453970670700073,0.25323593616485596,0.038696229457855225,0.5764398574829102,0.573944628238678,0.0024952292442321777,0.10570892691612244,0.10570892691612244,102.4824755191803
crack0043_09.png,0.43428202867507926,105.97052001953125,104.21332550048828,1.7571945190429688,115.5313720703125,119.50077819824219,-3.9694061279296875,0.08642232418060303,0.057388756424188614,-0.029033567756414413,0.11422020196914673,0.17835110425949097,0.06413090229034424,0.0,0.0,0.0,0.5796847343444824,0.5791272521018982,0.0005574822425842285,0.11604486405849457,0.11604486405849457,124.83598674833775
crack0044_00.png,-0.9068327426910401,96.95272827148438,96.49742126464844,0.4553070068359375,106.66227722167969,106.47664642333984,0.18563079833984375,0.2500607669353485,0.23009707033634186,-0.019963696599006653,0.4509720802307129,0.44614309072494507,-0.004828989505767822,0.4002310037612915,0.3984304666519165,-0.001800537109375,0.5879700183868408,0.5791234374046326,0.008846580982208252,0.25766119360923767,0.25766119360923767,106.43805128335953
crack0044_01.png,2.187501239776611,100.78970336914062,99.11466217041016,1.6750411987304688,104.52835083007812,103.86769104003906,0.6606597900390625,0.29551586508750916,0.2924932837486267,-0.0030225813388824463,0.47815680503845215,0.4883807301521301,0.010223925113677979,0.4527479410171509,0.4657382369041443,0.012990295886993408,0.5876124501228333,0.5855863094329834,0.0020261406898498535,0.19269351661205292,0.19269351661205292,105.90708374977112
crack0044_02.png,0.501212739944458,101.49818420410156,100.50334167480469,0.994842529296875,105.14813995361328,105.33565521240234,-0.1875152587890625,0.25164392590522766,0.24405469000339508,-0.007589235901832581,0.5421451330184937,0.5474462509155273,0.005301117897033691,0.4469430446624756,0.4487285017967224,0.0017854571342468262,0.578096866607666,0.5786851048469543,-0.0005882382392883301,0.17710644006729126,0.17710644006729126,109.5048857331276
crack0044_03.png,0.4765431404113769,92.2618408203125,90.90283203125,1.3590087890625,101.64885711669922,100.5753173828125,1.0735397338867188,0.20718316733837128,0.19053666293621063,-0.016646504402160645,0.3546876311302185,0.35303831100463867,-0.001649320125579834,0.39054715633392334,0.38673365116119385,-0.003813505172729492,0.5773932933807373,0.5752480030059814,0.0021452903747558594,0.15981429815292358,0.15981429815292358,103.2458683848381
crack0044_04.png,2.906535196304321,123.96208953857422,120.93741607666016,3.0246734619140625,111.42973327636719,110.90541076660156,0.524322509765625,0.23433537781238556,0.2726985514163971,0.038363173604011536,0.24636322259902954,0.15922564268112183,-0.08713757991790771,0.21708720922470093,0.15011364221572876,-0.06697356700897217,0.5957208871841431,0.5935063362121582,0.0022145509719848633,0.1923048496246338,0.1923048496246338,132.21846562623978
crack0044_05.png,0.7035286903381348,104.05233001708984,103.53244018554688,0.5198898315429688,105.09014892578125,105.29901123046875,-0.2088623046875,0.24404439330101013,0.2432086169719696,-0.0008357763290405273,0.4187554717063904,0.424984335899353,0.0062288641929626465,0.3798506259918213,0.3905465602874756,0.010695934295654297,0.581822395324707,0.5797001123428345,0.0021222829818725586,0.24687610566616058,0.24687610566616058,112.47276389598846
crack0044_06.png,4.352560329437256,101.28713989257812,99.30962371826172,1.9775161743164062,109.98558807373047,109.31649780273438,0.6690902709960938,0.2770841121673584,0.29339343309402466,0.01630932092666626,0.4185068607330322,0.43192213773727417,0.013415277004241943,0.3864361047744751,0.4017214775085449,0.015285372734069824,0.5912917852401733,0.5846405029296875,0.00665128231048584,0.2074676901102066,0.2074676901102066,107.32500648498535
crack0044_07.png,2.490318202972412,99.64285278320312,97.979736328125,1.663116455078125,109.87199401855469,108.85173797607422,1.0202560424804688,0.20559871196746826,0.20589801669120789,0.000299304723739624,0.45917218923568726,0.46644049882888794,0.007268309593200684,0.4087311029434204,0.41519469022750854,0.006463587284088135,0.5881738066673279,0.5855632424354553,0.0026105642318725586,0.2580581307411194,0.2580581307411194,110.00232410430908
crack0044_08.png,-0.04672431945800781,96.7372817993164,96.54133605957031,0.19594573974609375,107.3452377319336,107.1414566040039,0.2037811279296875,0.2801488935947418,0.2773198187351227,-0.0028290748596191406,0.4877457022666931,0.4812777042388916,-0.006467998027801514,0.41735947132110596,0.41436415910720825,-0.002995312213897705,0.5881353616714478,0.5841137766838074,0.004021584987640381,0.2399924099445343,0.2399924099445343,103.52553427219391
crack0044_09.png,1.438662624359131,117.22618103027344,114.84949493408203,2.3766860961914062,117.94219970703125,116.35015106201172,1.5920486450195312,0.2196682244539261,0.20600681006908417,-0.013661414384841919,0.5240500569343567,0.5024592876434326,-0.021590769290924072,0.4629531502723694,0.44255805015563965,-0.020395100116729736,0.6026989817619324,0.5931564569473267,0.009542524814605713,0.2708546221256256,0.2708546221256256,127.78538864850998
crack0045_00.png,3.5870781421661375,138.93606567382812,138.74688720703125,0.189178466796875,115.39886474609375,113.9848403930664,1.4140243530273438,0.19125086069107056,0.21354569494724274,0.02229483425617218,0.09783488512039185,0.11964261531829834,0.021807730197906494,0.26382988691329956,0.29897183179855347,0.035141944885253906,0.5825797915458679,0.5781699419021606,0.004409849643707275,0.11071042716503143,0.11071042716503143,150.66961646080017
crack0045_01.png,0.7140161514282226,120.9577865600586,120.80994415283203,0.1478424072265625,110.40343475341797,109.84369659423828,0.5597381591796875,0.25897830724716187,0.2532368302345276,-0.005741477012634277,0.20926815271377563,0.22962337732315063,0.020355224609375,0.34898799657821655,0.33156299591064453,-0.01742500066757202,0.5808880925178528,0.5812034010887146,-0.0003153085708618164,0.12907199561595917,0.12907199561595917,128.93779158592224
crack0045_02.png,-0.9430342197418213,134.09771728515625,135.18214416503906,-1.0844268798828125,112.88749694824219,113.26384735107422,-0.37635040283203125,0.2339644730091095,0.23023726046085358,-0.0037272125482559204,0.11491620540618896,0.12328290939331055,0.008366703987121582,0.2734473943710327,0.27684497833251953,0.0033975839614868164,0.5871126651763916,0.5807266235351562,0.0063860416412353516,0.14874225854873657,0.14874225854873657,144.3102017045021
crack0045_03.png,-0.5650232315063475,122.5847396850586,125.35143280029297,-2.766693115234375,116.66299438476562,116.58230590820312,0.0806884765625,0.20426411926746368,0.20092473924160004,-0.0033393800258636475,0.18867892026901245,0.24522501230239868,0.05654609203338623,0.26275378465652466,0.31612420082092285,0.05337041616439819,0.5885851383209229,0.5842176079750061,0.004367530345916748,0.14713534712791443,0.14713534712791443,135.4560074210167
crack0045_04.png,1.1597661018371581,103.75508117675781,104.86264038085938,-1.1075592041015625,109.50535583496094,108.32759094238281,1.177764892578125,0.1688113957643509,0.1699162870645523,0.001104891300201416,0.2340373396873474,0.27411866188049316,0.04008132219314575,0.2920367121696472,0.33388233184814453,0.041845619678497314,0.5860438346862793,0.5834294557571411,0.0026143789291381836,0.13998082280158997,0.13998082280158997,117.62193042039871
crack0045_05.png,0.5048526287078857,124.7339096069336,125.02645874023438,-0.29254913330078125,107.48493957519531,107.05221557617188,0.4327239990234375,0.17836199700832367,0.1689065396785736,-0.009455457329750061,0.21959614753723145,0.25011640787124634,0.030520260334014893,0.3203433156013489,0.34914737939834595,0.02880406379699707,0.5849365592002869,0.5809381008148193,0.003998458385467529,0.14807525277137756,0.14807525277137756,138.14325416088104
crack0045_06.png,-0.2829487800598145,116.24562072753906,116.1015853881836,0.14403533935546875,107.7681655883789,107.59024047851562,0.17792510986328125,0.27733761072158813,0.26604604721069336,-0.011291563510894775,0.22450858354568481,0.23197734355926514,0.007468760013580322,0.32934361696243286,0.3393407464027405,0.009997129440307617,0.5839484930038452,0.5812879800796509,0.002660512924194336,0.16703791916370392,0.16703791916370392,123.56877994537354
crack0045_07.png,2.4304715156555177,139.79066467285156,139.4234619140625,0.3672027587890625,112.73941040039062,112.45645141601562,0.282958984375,0.24247124791145325,0.2458866834640503,0.003415435552597046,0.1674007773399353,0.20742279291152954,0.04002201557159424,0.2700715661048889,0.2918679118156433,0.021796345710754395,0.5821952819824219,0.5802960395812988,0.0018992424011230469,0.14006274938583374,0.14006274938583374,148.3465996980667
crack0045_08.png,0.7484025478363037,120.44558715820312,119.62193298339844,0.8236541748046875,105.76167297363281,105.33705139160156,0.42462158203125,0.1819324791431427,0.17764903604984283,-0.004283443093299866,0.29032987356185913,0.29053550958633423,0.00020563602447509766,0.38217979669570923,0.3885098695755005,0.00633007287979126,0.5798077583312988,0.5775740146636963,0.002233743667602539,0.14428144693374634,0.14428144693374634,132.56712824106216
crack0045_09.png,0.7521113872528076,123.37792205810547,123.32801055908203,0.0499114990234375,114.21580505371094,112.97323608398438,1.2425689697265625,0.17711970210075378,0.17129160463809967,-0.005828097462654114,0.12519901990890503,0.13700950145721436,0.011810481548309326,0.19238978624343872,0.20857447385787964,0.016184687614440918,0.5871318578720093,0.5821568369865417,0.004975020885467529,0.152633935213089,0.152633935213089,136.56074434518814
crack0046_00.png,4.55074110031128,72.75035858154297,67.31279754638672,5.43756103515625,117.83587646484375,117.05106353759766,0.7848129272460938,0.1816016286611557,0.16630204021930695,-0.015299588441848755,0.0,0.0,0.0,0.0,0.0,0.0,0.5764744281768799,0.5758938789367676,0.0005805492401123047,0.10412738472223282,0.10412738472223282,83.11243277788162
crack0046_01.png,0.3292099475860596,69.13619995117188,69.64790344238281,-0.5117034912109375,124.40019226074219,122.43907928466797,1.9611129760742188,0.15159150958061218,0.15167836844921112,8.685886859893799e-05,0.0,0.0,0.0,0.0,0.0,0.0,0.5824952125549316,0.5812572240829468,0.0012379884719848633,0.12165742367506027,0.12165742367506027,83.59636962413788
crack0046_02.png,4.781762313842774,70.33500671386719,68.33895874023438,1.9960479736328125,126.88107299804688,124.25769805908203,2.6233749389648438,0.1578458696603775,0.17822401225566864,0.020378142595291138,0.0,0.0,0.0,0.0,0.0,0.0,0.5810649991035461,0.5784121751785278,0.0026528239250183105,0.11497074365615845,0.11497074365615845,83.10883051156998
crack0046_03.png,0.34980096817016604,85.9168472290039,85.61227416992188,0.30457305908203125,121.8624267578125,120.78758239746094,1.0748443603515625,0.2082061618566513,0.20156528055667877,-0.006640881299972534,0.0,0.0,0.0,0.0,0.0,0.0,0.5845597982406616,0.5808957815170288,0.0036640167236328125,0.12271523475646973,0.12271523475646973,97.05303579568863
crack0046_04.png,6.700834846496582,87.03618621826172,82.36396789550781,4.672218322753906,122.40994262695312,119.50067901611328,2.9092636108398438,0.1821385771036148,0.19112376868724823,0.008985191583633423,0.0,0.0,0.0,0.0,0.0,0.0,0.5815916657447815,0.5779392719268799,0.0036523938179016113,0.10470691323280334,0.10470691323280334,97.03542906045914
crack0046_05.png,6.071262216567993,98.83526611328125,94.49282836914062,4.342437744140625,122.04150390625,120.97019958496094,1.0713043212890625,0.19218485057353973,0.20779851078987122,0.015613660216331482,0.0,0.0,0.0,0.0,0.0,0.0,0.5822452902793884,0.5809650421142578,0.0012802481651306152,0.10732534527778625,0.10732534527778625,108.42276781797409
crack0046_06.png,1.2725741386413576,70.73359680175781,71.0030746459961,-0.26947784423828125,124.1842041015625,119.3338851928711,4.850318908691406,0.15925244987010956,0.15191011130809784,-0.007342338562011719,0.0,0.0,0.0,0.0,0.0,0.0,0.5784928798675537,0.5737600922584534,0.004732787609100342,0.12525232136249542,0.12525232136249542,84.89344424009323
crack0046_07.png,1.075918436050415,74.8310775756836,77.31558990478516,-2.4845123291015625,118.99708557128906,115.7804946899414,3.2165908813476562,0.20693552494049072,0.2318054586648941,0.02486993372440338,0.0,0.0,0.0,0.0,0.0,0.0,0.5909265875816345,0.5838215947151184,0.007104992866516113,0.1058574765920639,0.1058574765920639,87.29426574707031
crack0046_08.png,4.42808198928833,68.19905090332031,63.25585174560547,4.943199157714844,120.05653381347656,123.69697570800781,-3.64044189453125,0.17998169362545013,0.1934635192155838,0.013481825590133667,0.0,0.0,0.0,0.0,0.0,0.0,0.5762975811958313,0.579734742641449,-0.0034371614456176758,0.10992326587438583,0.10992326587438583,78.11793941259384
crack0046_09.png,1.0001330852508545,69.44745635986328,69.35487365722656,0.09258270263671875,122.13156127929688,120.34724426269531,1.7843170166015625,0.2223459631204605,0.2230347990989685,0.0006888359785079956,0.0,0.0,0.0,0.0,0.0,0.0,0.5826720595359802,0.5792041420936584,0.0034679174423217773,0.11411724984645844,0.11411724984645844,79.3672896027565
crack0047_00.png,0.9176861763000488,139.02960205078125,138.6409912109375,0.38861083984375,103.72920227050781,103.19761657714844,0.531585693359375,0.260783851146698,0.2603619694709778,-0.00042188167572021484,0.08313107490539551,0.09254330396652222,0.009412229061126709,0.2735458016395569,0.29342204332351685,0.01987624168395996,0.5786620378494263,0.5793194770812988,-0.0006574392318725586,0.1107284277677536,0.1107284277677536,146.38635754585266
crack0047_01.png,1.8042906761169433,151.197509765625,149.83355712890625,1.36395263671875,106.94575500488281,106.51719665527344,0.428558349609375,0.27547237277030945,0.2763480842113495,0.0008757114410400391,0.23787152767181396,0.24733740091323853,0.00946587324142456,0.42735278606414795,0.430678129196167,0.003325343132019043,0.5733871459960938,0.5778815746307373,-0.004494428634643555,0.11977816373109818,0.11977816373109818,157.10245406627655
crack0047_02.png,1.0586713790893554,156.78123474121094,156.81143188476562,-0.0301971435546875,109.06320190429688,108.49079132080078,0.5724105834960938,0.23698285222053528,0.23882058262825012,0.0018377304077148438,0.10028886795043945,0.1142086386680603,0.01391977071762085,0.30293959379196167,0.30738264322280884,0.004443049430847168,0.5836486220359802,0.5797462463378906,0.0039023756980895996,0.11401143670082092,0.11401143670082092,165.92330706119537
crack0047_03.png,0.23004279136657715,152.82708740234375,152.91827392578125,-0.0911865234375,106.47270202636719,106.30921936035156,0.163482666015625,0.22005301713943481,0.22267265617847443,0.002619639039039612,0.1611325740814209,0.1566106081008911,-0.004521965980529785,0.3273083567619324,0.3450857996940613,0.017777442932128906,0.579846203327179,0.5741676092147827,0.00567859411239624,0.10558788478374481,0.10558788478374481,162.86334776878357
crack0047_04.png,2.5886701583862304,149.3496551513672,148.32168579101562,1.0279693603515625,114.14625549316406,112.75055694580078,1.3956985473632812,0.26382219791412354,0.2733228802680969,0.009500682353973389,0.0,0.0,0.0,0.20646893978118896,0.22308111190795898,0.01661217212677002,0.5813225507736206,0.5752633810043335,0.006059169769287109,0.10666801035404205,0.10666801035404205,156.25924062728882
crack0047_05.png,-1.695095920562744,156.21163940429688,157.0056610107422,-0.7940216064453125,106.67816925048828,106.37228393554688,0.30588531494140625,0.2424776405096054,0.23367859423160553,-0.008799046277999878,0.014934957027435303,0.0,-0.014934957027435303,0.23428207635879517,0.2248150110244751,-0.009467065334320068,0.5831333994865417,0.5761860609054565,0.006947338581085205,0.09991727769374847,0.09991727769374847,165.91327053308487
crack0047_06.png,0.29087848663330074,159.0431671142578,158.99749755859375,0.0456695556640625,108.70789337158203,109.0597152709961,-0.3518218994140625,0.21494528651237488,0.2187044620513916,0.0037591755390167236,0.13293683528900146,0.1325371265411377,-0.00039970874786376953,0.3469383716583252,0.36091190576553345,0.013973534107208252,0.5830872654914856,0.5805574655532837,0.0025297999382019043,0.10161793231964111,0.10161793231964111,169.4471057653427
crack0047_07.png,0.8828400611877442,136.86610412597656,136.56703186035156,0.299072265625,105.38902282714844,104.73837280273438,0.6506500244140625,0.281549334526062,0.28613218665122986,0.004582852125167847,0.006110668182373047,0.0,-0.006110668182373047,0.30350232124328613,0.30403614044189453,0.0005338191986083984,0.5850749611854553,0.58004230260849,0.005032658576965332,0.10719369351863861,0.10719369351863861,143.22660636901855
crack0047_08.png,-0.12537865638732915,155.00685119628906,155.68202209472656,-0.6751708984375,115.68084716796875,115.21746826171875,0.46337890625,0.20957966148853302,0.20836836099624634,-0.0012113004922866821,0.2316763997077942,0.24089550971984863,0.009219110012054443,0.3596506714820862,0.3632897734642029,0.0036391019821166992,0.5829834938049316,0.5806689858436584,0.0023145079612731934,0.10761433839797974,0.10761433839797974,166.1616747379303
crack0047_09.png,0.6315024375915528,160.99436950683594,161.82284545898438,-0.8284759521484375,118.21316528320312,116.81512451171875,1.398040771484375,0.17801021039485931,0.17581619322299957,-0.002194017171859741,0.21253257989883423,0.23313438892364502,0.02060180902481079,0.36436718702316284,0.3665947914123535,0.002227604389190674,0.5871933698654175,0.5808880925178528,0.006305277347564697,0.10535380989313126,0.10535380989313126,174.34737068414688
crack0048_00.png,1.2877658367156983,78.5477294921875,76.58869934082031,1.9590301513671875,114.96360778808594,114.87775421142578,0.08585357666015625,0.16809526085853577,0.1530209332704544,-0.01507432758808136,0.0,0.008921384811401367,0.008921384811401367,0.1219867467880249,0.14145004749298096,0.019463300704956055,0.586432158946991,0.5828450322151184,0.0035871267318725586,0.13731983304023743,0.13731983304023743,91.84424477815628
crack0048_01.png,1.39748272895813,73.14039611816406,72.15511322021484,0.9852828979492188,110.60896301269531,109.88883972167969,0.720123291015625,0.16841962933540344,0.16927947103977203,0.0008598417043685913,0.0,0.0,0.0,0.048990488052368164,0.05756324529647827,0.008572757244110107,0.5890811085700989,0.5876970291137695,0.0013840794563293457,0.11340188980102539,0.11340188980102539,86.1058212518692
crack0048_02.png,1.1555270671844482,77.4795150756836,76.73904418945312,0.7404708862304688,112.51556396484375,112.4165267944336,0.09903717041015625,0.19070720672607422,0.1931099146604538,0.0024027079343795776,0.027275145053863525,0.02943742275238037,0.0021622776985168457,0.1479700207710266,0.1504858136177063,0.0025157928466796875,0.5849558115005493,0.5825374722480774,0.002418339252471924,0.1475643515586853,0.1475643515586853,89.06507968902588
crack0048_03.png,3.5051356315612794,71.7584457397461,69.90641021728516,1.8520355224609375,115.97721862792969,114.70884704589844,1.26837158203125,0.18062075972557068,0.18892988562583923,0.008309125900268555,0.003239572048187256,0.008540809154510498,0.005301237106323242,0.07161599397659302,0.08201658725738525,0.010400593280792236,0.5984621047973633,0.5917378067970276,0.006724298000335693,0.1343851387500763,0.1343851387500763,83.93366658687592
crack0048_04.png,0.5055642604827881,71.57901000976562,70.66744995117188,0.91156005859375,112.5679702758789,111.88163757324219,0.6863327026367188,0.18994462490081787,0.17943300306797028,-0.010511621832847595,0.0,0.0,0.0,0.04862767457962036,0.03294992446899414,-0.01567775011062622,0.5950173139572144,0.5910072922706604,0.004010021686553955,0.11356669664382935,0.11356669664382935,84.15794235467911
crack0048_05.png,3.433273124694824,70.45146942138672,68.9006118774414,1.5508575439453125,122.05075073242188,120.72442626953125,1.326324462890625,0.15292298793792725,0.1669265329837799,0.014003545045852661,0.0,0.0,0.0,0.0,0.0,0.0,0.5955939888954163,0.58980393409729,0.005790054798126221,0.10281916707754135,0.10281916707754135,84.32442092895508
crack0048_06.png,-1.545015001296997,61.339149475097656,60.569454193115234,0.7696952819824219,114.38734436035156,115.23887634277344,-0.851531982421875,0.18706659972667694,0.16083139181137085,-0.02623520791530609,0.0,0.0,0.0,0.010251343250274658,0.0386430025100708,0.028391659259796143,0.5893963575363159,0.5862783789634705,0.003117978572845459,0.13001374900341034,0.13001374900341034,74.88027262687683
crack0048_07.png,0.8703141212463379,76.35675811767578,75.24187469482422,1.1148834228515625,112.47810363769531,112.79747009277344,-0.319366455078125,0.16719894111156464,0.16577325761318207,-0.0014256834983825684,0.0,0.0,0.0,0.08092367649078369,0.09106934070587158,0.01014566421508789,0.5788888931274414,0.5789580941200256,-6.920099258422852e-05,0.11123140156269073,0.11123140156269073,89.0112447142601
crack0048_08.png,0.24956307411193845,57.07588195800781,56.45626449584961,0.6196174621582031,110.30807495117188,110.854736328125,-0.546661376953125,0.17014387249946594,0.16941837966442108,-0.0007254928350448608,0.0,0.0,0.0,0.03559303283691406,0.06384158134460449,0.02824854850769043,0.5841214656829834,0.586455225944519,-0.0023337602615356445,0.11305082589387894,0.11305082589387894,70.05917948484421
crack0048_09.png,0.9018431186676026,76.95035552978516,76.58169555664062,0.36865997314453125,108.14533996582031,107.36199951171875,0.7833404541015625,0.16426756978034973,0.1600511223077774,-0.004216447472572327,0.1916547417640686,0.20135849714279175,0.009703755378723145,0.2872728705406189,0.28786230087280273,0.0005894303321838379,0.5927258729934692,0.5885005593299866,0.004225313663482666,0.15551979839801788,0.15551979839801788,90.87199312448502
crack0049_00.png,0.4282290458679199,86.40888214111328,85.68106842041016,0.727813720703125,109.47735595703125,109.63729858398438,-0.159942626953125,0.37024635076522827,0.367439866065979,-0.0028064846992492676,0.240960955619812,0.2415257692337036,0.0005648136138916016,0.20968323945999146,0.2193036675453186,0.009620428085327148,0.5828527212142944,0.5836947560310364,-0.0008420348167419434,0.11142250150442123,0.11142250150442123,87.34637355804443
crack0049_01.png,2.6833176612854004,87.4001235961914,85.9820785522461,1.4180450439453125,109.43635559082031,108.99415588378906,0.44219970703125,0.3151531219482422,0.3124467432498932,-0.002706378698348999,0.27354973554611206,0.3004014492034912,0.02685171365737915,0.2684808373451233,0.2828184962272644,0.014337658882141113,0.5824029445648193,0.5766320824623108,0.005770862102508545,0.13197965919971466,0.13197965919971466,91.24041426181793
crack0049_02.png,2.224148464202881,93.70806121826172,93.05107879638672,0.656982421875,114.80012512207031,113.49846649169922,1.3016586303710938,0.2779979705810547,0.29014015197753906,0.012142181396484375,0.26152342557907104,0.2591186761856079,-0.0024047493934631348,0.23033815622329712,0.22675079107284546,-0.00358736515045166,0.5932410359382629,0.5889580845832825,0.004282951354980469,0.1097642108798027,0.1097642108798027,100.42933320999146
crack0049_03.png,1.6997404098510742,71.02095031738281,69.80498504638672,1.2159652709960938,102.50137329101562,102.65281677246094,-0.1514434814453125,0.3361858129501343,0.3409300446510315,0.004744231700897217,0.3272167444229126,0.32714253664016724,-7.420778274536133e-05,0.2627947926521301,0.25785940885543823,-0.0049353837966918945,0.5837562680244446,0.579561710357666,0.0041945576667785645,0.11725929379463196,0.11725929379463196,73.59206962585449
crack0049_04.png,2.5764920234680178,96.4686508178711,95.49469757080078,0.9739532470703125,115.63958740234375,114.03729248046875,1.602294921875,0.27277296781539917,0.2788809537887573,0.006107985973358154,0.2356112003326416,0.2449328899383545,0.00932168960571289,0.21772074699401855,0.22704732418060303,0.009326577186584473,0.5956939458847046,0.5931910872459412,0.0025028586387634277,0.13694436848163605,0.13694436848163605,103.44305396080017
crack0049_05.png,-1.4238298416137696,78.4847640991211,79.282958984375,-0.7981948852539062,107.65129852294922,107.49198913574219,0.15930938720703125,0.28667086362838745,0.27422550320625305,-0.0124453604221344,0.2389850616455078,0.24282407760620117,0.0038390159606933594,0.18161135911941528,0.20134395360946655,0.01973259449005127,0.5905420780181885,0.5867243409156799,0.003817737102508545,0.1096375361084938,0.1096375361084938,86.0520144701004
crack0049_06.png,3.969136428833008,88.72653198242188,86.82882690429688,1.897705078125,117.60818481445312,115.27129364013672,2.3368911743164062,0.26997989416122437,0.27830520272254944,0.008325308561325073,0.2027570605278015,0.21063631772994995,0.007879257202148438,0.17418545484542847,0.1802789568901062,0.006093502044677734,0.5878393054008484,0.5839523077011108,0.003886997699737549,0.10785672068595886,0.10785672068595886,95.09245800971985
crack0049_07.png,4.639390087127685,88.93904876708984,87.55487060546875,1.3841781616210938,116.56741333007812,115.12142944335938,1.44598388671875,0.2649780213832855,0.2847079336643219,0.019729912281036377,0.24637675285339355,0.26962363719940186,0.0232468843460083,0.22828829288482666,0.24622124433517456,0.0179329514503479,0.5894309878349304,0.5852172374725342,0.00421375036239624,0.11036068201065063,0.11036068201065063,95.92551791667938
crack0049_08.png,2.2005473136901856,79.46762084960938,80.06820678710938,-0.6005859375,109.44446563720703,108.93235778808594,0.5121078491210938,0.37602704763412476,0.3892926275730133,0.01326557993888855,0.31362253427505493,0.3495802879333496,0.03595775365829468,0.2075149416923523,0.23188042640686035,0.024365484714508057,0.5896655321121216,0.5872471928596497,0.002418339252471924,0.10781364142894745,0.10781364142894745,80.79291224479675
crack0049_09.png,1.3191786766052247,86.54254150390625,86.63310241699219,-0.0905609130859375,115.39842224121094,114.9388427734375,0.4595794677734375,0.24600915610790253,0.24562041461467743,-0.00038874149322509766,0.09800875186920166,0.11721169948577881,0.01920294761657715,0.167283833026886,0.1578274369239807,-0.009456396102905273,0.5929988622665405,0.5807766318321228,0.012222230434417725,0.1086392030119896,0.1086392030119896,95.5705515742302
crack0050_00.png,3.465353536605835,77.09690856933594,75.26606750488281,1.830841064453125,103.34480285644531,103.66448211669922,-0.31967926025390625,0.21851612627506256,0.2109147608280182,-0.0076013654470443726,0.2198317050933838,0.276064395904541,0.05623269081115723,0.29816001653671265,0.3307116627693176,0.03255164623260498,0.5780930519104004,0.5750634074211121,0.00302964448928833,0.1108076348900795,0.1108076348900795,86.6503244638443
crack0050_01.png,4.309578466415405,62.44595718383789,62.23820495605469,0.20775222778320312,101.42293548583984,101.23007202148438,0.19286346435546875,0.15408074855804443,0.18691833317279816,0.03283758461475372,0.3156243562698364,0.340719997882843,0.025095641613006592,0.29569077491760254,0.2753719687461853,-0.020318806171417236,0.5931180119514465,0.5832718014717102,0.009846210479736328,0.1152789369225502,0.1152789369225502,76.82195663452148
crack0050_02.png,-1.8606015205383302,68.267333984375,68.35433197021484,-0.08699798583984375,105.79562377929688,105.73541259765625,0.060211181640625,0.20766863226890564,0.21939948201179504,0.011730849742889404,0.1582382321357727,0.08517462015151978,-0.07306361198425293,0.1808207631111145,0.11901676654815674,-0.061803996562957764,0.5924221277236938,0.5877624154090881,0.004659712314605713,0.13868296146392822,0.13868296146392822,79.54760015010834
crack0050_03.png,-3.3703426361083983,73.26028442382812,72.98860168457031,0.2716827392578125,103.93318176269531,104.19313049316406,-0.25994873046875,0.17801663279533386,0.16748443245887756,-0.010532200336456299,0.302368700504303,0.23202157020568848,-0.0703471302986145,0.2762647867202759,0.21999317407608032,-0.05627161264419556,0.5852287411689758,0.5822683572769165,0.002960383892059326,0.14475572109222412,0.14475572109222412,86.4845267534256
crack0050_04.png,2.3251652240753176,82.66324615478516,81.23304748535156,1.4301986694335938,106.1189193725586,105.97486877441406,0.14405059814453125,0.20581401884555817,0.20722392201423645,0.0014099031686782837,0.3960157036781311,0.4143640995025635,0.018348395824432373,0.2754419445991516,0.30601704120635986,0.030575096607208252,0.585951566696167,0.5861861109733582,-0.0002345442771911621,0.13502147793769836,0.13502147793769836,93.0467501282692
crack0050_05.png,0.4499568462371828,72.23822784423828,70.50767517089844,1.7305526733398438,105.79452514648438,104.8554916381836,0.9390335083007812,0.17991115152835846,0.16900169849395752,-0.01090945303440094,0.3279966711997986,0.30245494842529297,-0.025541722774505615,0.2991478443145752,0.29197895526885986,-0.007168889045715332,0.5849596261978149,0.5790042281150818,0.005955398082733154,0.12250868231058121,0.12250868231058121,84.6312346458435
crack0050_06.png,-1.0711518287658692,67.62592315673828,66.95759582519531,0.6683273315429688,109.10398864746094,109.00860595703125,0.0953826904296875,0.24085786938667297,0.20433002710342407,-0.0365278422832489,0.26732856035232544,0.2884770631790161,0.021148502826690674,0.2928304076194763,0.3035917282104492,0.0107613205909729,0.5919300317764282,0.5844636559486389,0.007466375827789307,0.15184777975082397,0.15184777975082397,78.70915913581848
crack0050_07.png,1.5933115005493164,67.18465423583984,65.88285827636719,1.3017959594726562,103.20249938964844,103.041015625,0.1614837646484375,0.16571767628192902,0.1686188131570816,0.002901136875152588,0.33107221126556396,0.3262717127799988,-0.0048004984855651855,0.3110848665237427,0.31284862756729126,0.001763761043548584,0.5822837352752686,0.5776124596595764,0.004671275615692139,0.1306588351726532,0.1306588351726532,79.88204509019852
crack0050_08.png,2.904280090332031,77.16203308105469,75.37629699707031,1.785736083984375,104.57402801513672,103.43677520751953,1.1372528076171875,0.19262723624706268,0.18669380247592926,-0.005933433771133423,0.28901273012161255,0.3068286180496216,0.017815887928009033,0.3127276301383972,0.3236865997314453,0.010958969593048096,0.5904536843299866,0.5798116326332092,0.010642051696777344,0.13882854580879211,0.13882854580879211,88.68568426370621
crack0050_09.png,2.2856075286865236,66.62837219238281,65.36177062988281,1.2666015625,103.58051300048828,102.70858001708984,0.8719329833984375,0.20213843882083893,0.19905652105808258,-0.0030819177627563477,0.06390106678009033,0.08532512187957764,0.021424055099487305,0.08834195137023926,0.1068074107170105,0.01846545934677124,0.5836947560310364,0.5821991562843323,0.0014955997467041016,0.12091895937919617,0.12091895937919617,77.39947038888931
crack0051_00.png,-0.22857866287231443,92.62403869628906,93.41802978515625,-0.7939910888671875,109.20797729492188,108.7366943359375,0.471282958984375,0.35937848687171936,0.3660266697406769,0.0066481828689575195,0.34128695726394653,0.32893556356430054,-0.012351393699645996,0.34751296043395996,0.3502005934715271,0.0026876330375671387,0.589780867099762,0.5813033580780029,0.008477509021759033,0.1594030112028122,0.1594030112028122,95.04955971240997
crack0051_01.png,0.522987174987793,96.00585174560547,96.0213394165039,-0.0154876708984375,109.21965026855469,108.87232971191406,0.347320556640625,0.3246954083442688,0.3278738260269165,0.003178417682647705,0.3889167904853821,0.3899957537651062,0.001078963279724121,0.41296857595443726,0.4152300953865051,0.002261519432067871,0.583886981010437,0.581334114074707,0.0025528669357299805,0.17284634709358215,0.17284634709358215,99.88735032081604
crack0051_02.png,0.09327201843261723,86.61373138427734,87.59080505371094,-0.9770736694335938,113.06546020507812,112.61506652832031,0.4503936767578125,0.2989768087863922,0.30792710185050964,0.008950293064117432,0.13346761465072632,0.13035154342651367,-0.0031160712242126465,0.1724405288696289,0.1808387041091919,0.008398175239562988,0.589419424533844,0.5819492340087891,0.007470190525054932,0.14524365961551666,0.14524365961551666,92.74043667316437
crack0051_03.png,-0.56742582321167,98.34144592285156,97.8846435546875,0.4568023681640625,103.61530303955078,104.29487609863281,-0.6795730590820312,0.3256499767303467,0.31812965869903564,-0.007520318031311035,0.2695717215538025,0.26199227571487427,-0.007579445838928223,0.2641323208808899,0.2542790174484253,-0.0098533034324646,0.5818839073181152,0.5780737996101379,0.003810107707977295,0.13314928114414215,0.13314928114414215,102.300621509552
crack0051_04.png,2.4066373825073244,87.77153778076172,87.68364715576172,0.087890625,105.79436492919922,104.4327392578125,1.3616256713867188,0.321168452501297,0.32397234439849854,0.002803891897201538,0.14817923307418823,0.17768126726150513,0.029502034187316895,0.25113314390182495,0.26130491495132446,0.010171771049499512,0.5942368507385254,0.5849942564964294,0.009242594242095947,0.1553853452205658,0.1553853452205658,92.22695934772491
crack0051_05.png,0.11405010223388673,84.08683776855469,84.30839538574219,-0.2215576171875,102.24066925048828,101.89077758789062,0.34989166259765625,0.325213760137558,0.3315421938896179,0.0063284337520599365,0.336389422416687,0.3290005922317505,-0.0073888301849365234,0.3415951728820801,0.3370055556297302,-0.0045896172523498535,0.5855401754379272,0.5859169363975525,-0.00037676095962524414,0.1448998749256134,0.1448998749256134,88.12146842479706
crack0051_06.png,0.5048769950866699,86.01583099365234,87.05642700195312,-1.0405960083007812,108.74531555175781,108.33552551269531,0.4097900390625,0.31658846139907837,0.3255283832550049,0.008939921855926514,0.37373268604278564,0.38443636894226074,0.010703682899475098,0.35318779945373535,0.36010390520095825,0.0069161057472229,0.5838062167167664,0.5778508186340332,0.005955398082733154,0.1549270749092102,0.1549270749092102,90.89306998252869
crack0051_07.png,4.076254749298096,133.57516479492188,131.77694702148438,1.7982177734375,135.08558654785156,131.978271484375,3.1073150634765625,0.2672051191329956,0.271626353263855,0.004421234130859375,0.20973312854766846,0.2182101607322693,0.00847703218460083,0.28866904973983765,0.30690836906433105,0.018239319324493408,0.5936024785041809,0.5850442051887512,0.008558273315429688,0.18831858038902283,0.18831858038902283,140.38784790039062
crack0051_08.png,0.2546650886535644,93.12518310546875,93.88711547851562,-0.761932373046875,110.79200744628906,110.39607238769531,0.39593505859375,0.3682347238063812,0.3569716215133667,-0.011263102293014526,0.08901387453079224,0.12503719329833984,0.03602331876754761,0.17788386344909668,0.20392340421676636,0.026039540767669678,0.5901883840560913,0.5822299122810364,0.007958471775054932,0.17483831942081451,0.17483831942081451,95.69538736343384
crack0051_09.png,0.17298736572265624,100.33969116210938,100.36651611328125,-0.026824951171875,108.99693298339844,108.62776947021484,0.36916351318359375,0.3043217658996582,0.3017945885658264,-0.002527177333831787,0.32437533140182495,0.3287994861602783,0.004424154758453369,0.34258216619491577,0.3299233913421631,-0.012658774852752686,0.583510160446167,0.5815762877464294,0.0019338726997375488,0.14525684714317322,0.14525684714317322,105.58583474159241
crack0052_00.png,-7.449232387542724,123.8756103515625,128.43020629882812,-4.554595947265625,123.55795288085938,125.16515350341797,-1.6072006225585938,0.2210206389427185,0.18991521000862122,-0.03110542893409729,0.0,0.0,0.0,0.07548809051513672,0.13105309009552002,0.0555649995803833,0.5903537273406982,0.5844367742538452,0.005916953086853027,0.1221269890666008,0.1221269890666008,138.37214481830597
crack0052_01.png,-5.455569791793823,120.10066986083984,125.14795684814453,-5.0472869873046875,125.57705688476562,128.45733642578125,-2.880279541015625,0.19193832576274872,0.19979634881019592,0.007858023047447205,0.0,0.0,0.0,0.18330031633377075,0.18327784538269043,-2.2470951080322266e-05,0.5847674012184143,0.5818877220153809,0.0028796792030334473,0.13129542768001556,0.13129542768001556,134.49870985746384
crack0052_02.png,-6.701958179473877,130.90103149414062,136.0636444091797,-5.1626129150390625,123.14530181884766,122.92568969726562,0.21961212158203125,0.22519133985042572,0.20328281819820404,-0.02190852165222168,0.0,0.0,0.0,0.0,0.0,0.0,0.5943444967269897,0.5912072062492371,0.0031372904777526855,0.10013425350189209,0.10013425350189209,145.0591487288475
crack0052_03.png,3.408225440979004,145.45462036132812,142.63499450683594,2.8196258544921875,146.8177490234375,145.94912719726562,0.868621826171875,0.2588144540786743,0.2572767436504364,-0.001537710428237915,0.0,0.0,0.0,0.0,0.016553103923797607,0.016553103923797607,0.5959054231643677,0.5868012309074402,0.00910419225692749,0.11207370460033417,0.11207370460033417,152.44441974163055
crack0052_04.png,-0.21355352401733407,134.65122985839844,133.83897399902344,0.812255859375,135.77215576171875,134.69403076171875,1.078125,0.2628927528858185,0.24259185791015625,-0.02030089497566223,0.0,0.0,0.0,0.0,0.0,0.0,0.5961514711380005,0.5919761657714844,0.004175305366516113,0.10266714543104172,0.10266714543104172,143.53564929962158
crack0052_05.png,-6.115650367736816,123.6631851196289,129.10121154785156,-5.438026428222656,122.19845581054688,125.57321166992188,-3.374755859375,0.19722169637680054,0.17829009890556335,-0.018931597471237183,0.05401146411895752,0.10294151306152344,0.04893004894256592,0.10609066486358643,0.14743930101394653,0.04134863615036011,0.5866858959197998,0.5809457898139954,0.005740106105804443,0.11142157763242722,0.11142157763242722,139.15222823619843
crack0052_06.png,-3.1884919166564942,133.5219268798828,135.04751586914062,-1.5255889892578125,120.71372985839844,124.48469543457031,-3.770965576171875,0.20539596676826477,0.20015615224838257,-0.005239814519882202,0.0,0.0,0.0,0.1899368166923523,0.135809063911438,-0.05412775278091431,0.5817839503288269,0.5751672387123108,0.006616711616516113,0.11059202998876572,0.11059202998876572,145.54671025276184
crack0052_07.png,-7.653544759750366,125.49224853515625,130.44696044921875,-4.9547119140625,122.46399688720703,123.15859985351562,-0.6946029663085938,0.23037832975387573,0.1961309164762497,-0.03424741327762604,0.0,0.0,0.0,0.058807194232940674,0.0649610161781311,0.00615382194519043,0.5976547598838806,0.5896847248077393,0.007970035076141357,0.1146358922123909,0.1146358922123909,140.10793989896774
crack0052_08.png,-2.7287032127380373,134.74290466308594,138.59779357910156,-3.854888916015625,124.55653381347656,126.33468627929688,-1.7781524658203125,0.18841208517551422,0.20918293297290802,0.0207708477973938,0.0,0.0,0.0,0.15323257446289062,0.12911701202392578,-0.024115562438964844,0.5930834412574768,0.5886889696121216,0.004394471645355225,0.11571667343378067,0.11571667343378067,149.08896166086197
crack0052_09.png,-0.6824260711669922,125.31521606445312,124.75188446044922,0.5633316040039062,126.59589385986328,126.86416625976562,-0.26827239990234375,0.20631319284439087,0.19247666001319885,-0.013836532831192017,0.0,0.0,0.0,0.07388561964035034,0.08578413724899292,0.011898517608642578,0.5857324004173279,0.5865205526351929,-0.0007881522178649902,0.12004446983337402,0.12004446983337402,136.94577276706696
crack0053_00.png,-0.8779315948486328,103.6005859375,104.27656555175781,-0.6759796142578125,125.16622924804688,125.2506103515625,-0.084381103515625,0.26647961139678955,0.2594963014125824,-0.006983309984207153,0.2176019549369812,0.22281920909881592,0.005217254161834717,0.24030840396881104,0.24773812294006348,0.007429718971252441,0.5921453237533569,0.5876009464263916,0.004544377326965332,0.1913907825946808,0.1913907825946808,112.05461061000824
crack0053_01.png,-1.674975872039795,84.40119934082031,84.83920288085938,-0.4380035400390625,114.7862548828125,114.1588134765625,0.62744140625,0.29776740074157715,0.29912638664245605,0.0013589859008789062,0.16828787326812744,0.12825584411621094,-0.040032029151916504,0.2628819942474365,0.2501182556152344,-0.012763738632202148,0.5910034775733948,0.5908881425857544,0.00011533498764038086,0.13689425587654114,0.13689425587654114,90.394296169281
crack0053_02.png,-0.9269230842590332,105.73789978027344,106.1934814453125,-0.4555816650390625,124.67556762695312,124.55970764160156,0.1158599853515625,0.2672606110572815,0.25548556447029114,-0.011775046586990356,0.37708812952041626,0.3836822509765625,0.00659412145614624,0.356762170791626,0.3696596026420593,0.01289743185043335,0.5898885130882263,0.5858746767044067,0.00401383638381958,0.17864513397216797,0.17864513397216797,114.23209726810455
crack0053_03.png,8.820958566665649,162.44967651367188,155.96351623535156,6.4861602783203125,157.78390502929688,153.25169372558594,4.5322113037109375,0.24773506820201874,0.24231824278831482,-0.0054168254137039185,0.1239628791809082,0.14579898118972778,0.02183610200881958,0.1231757402420044,0.11950784921646118,-0.003667891025543213,0.5876855254173279,0.5856401324272156,0.0020453929901123047,0.17171522974967957,0.17171522974967957,168.17492282390594
crack0053_04.png,0.17701005935668945,113.71836853027344,114.80943298339844,-1.091064453125,121.92764282226562,120.91217041015625,1.015472412109375,0.20262229442596436,0.20241281390190125,-0.00020948052406311035,0.1565537452697754,0.17604005336761475,0.019486308097839355,0.16238296031951904,0.19182318449020386,0.029440224170684814,0.5880276560783386,0.5855478644371033,0.0024797916412353516,0.1452067792415619,0.1452067792415619,125.64023816585541
crack0053_05.png,5.323654842376709,165.14273071289062,165.36756896972656,-0.2248382568359375,148.71981811523438,147.1938934326172,1.5259246826171875,0.1382606327533722,0.1675843596458435,0.029323726892471313,0.2013964056968689,0.25980061292648315,0.05840420722961426,0.08129251003265381,0.08763504028320312,0.006342530250549316,0.5948558449745178,0.5884544253349304,0.006401419639587402,0.13138458132743835,0.13138458132743835,180.75374567508698
crack0053_06.png,0.2347518920898437,112.299560546875,112.84190368652344,-0.5423431396484375,124.65472412109375,124.90362548828125,-0.2489013671875,0.26896563172340393,0.2744121849536896,0.0054465532302856445,0.2251967191696167,0.23703503608703613,0.011838316917419434,0.1868429183959961,0.2075057029724121,0.020662784576416016,0.585644006729126,0.5864590406417847,-0.0008150339126586914,0.15551286935806274,0.15551286935806274,119.89115583896637
crack0053_07.png,0.9027077674865722,103.43904113769531,102.57452392578125,0.8645172119140625,117.82704162597656,119.2962646484375,-1.4692230224609375,0.2771068513393402,0.28296828269958496,0.005861431360244751,0.3295881748199463,0.33813363313674927,0.008545458316802979,0.27184218168258667,0.2901262640953064,0.018284082412719727,0.5841368436813354,0.5887581706047058,-0.004621326923370361,0.1654158979654312,0.1654158979654312,109.9306982755661
crack0053_08.png,-0.8540434837341309,92.44561767578125,92.90618133544922,-0.46056365966796875,116.55938720703125,117.59034729003906,-1.0309600830078125,0.24866390228271484,0.2559089660644531,0.007245063781738281,0.35378503799438477,0.336933970451355,-0.016851067543029785,0.3028692603111267,0.3035634756088257,0.0006942152976989746,0.586747407913208,0.5839138627052307,0.002833545207977295,0.1532180905342102,0.1532180905342102,101.22596168518066
crack0053_09.png,1.7409836769104006,93.9793472290039,94.75385284423828,-0.774505615234375,115.90884399414062,113.83818054199219,2.0706634521484375,0.2380029261112213,0.23154816031455994,-0.006454765796661377,0.1480538249015808,0.20041805505752563,0.052364230155944824,0.21745896339416504,0.2411355972290039,0.023676633834838867,0.5927028059959412,0.5899769067764282,0.0027258992195129395,0.1429348587989807,0.1429348587989807,104.18182265758514
crack0054_00.png,-1.9435626029968263,93.41464233398438,94.17788696289062,-0.76324462890625,103.8670654296875,103.923583984375,-0.0565185546875,0.2950436472892761,0.2812546491622925,-0.013788998126983643,0.4201623201370239,0.41685986518859863,-0.003302454948425293,0.42761844396591187,0.4339591860771179,0.006340742111206055,0.5739061832427979,0.5719684958457947,0.0019376873970031738,0.1471952199935913,0.1471952199935913,99.87723302841187
crack0054_01.png,-2.0518096923828124,99.22586059570312,100.70938873291016,-1.4835281372070312,107.92899322509766,108.44151306152344,-0.5125198364257812,0.28201034665107727,0.28228187561035156,0.000271528959274292,0.4072015881538391,0.39734214544296265,-0.009859442710876465,0.3956197500228882,0.386971116065979,-0.00864863395690918,0.5787428021430969,0.5785082578659058,0.0002345442771911621,0.21398842334747314,0.21398842334747314,106.19671595096588
crack0054_02.png,-1.3058223724365234,86.45804595947266,87.35285186767578,-0.894805908203125,102.90545654296875,103.46286010742188,-0.557403564453125,0.20402167737483978,0.2005365937948227,-0.00348508358001709,0.4660859704017639,0.46587496995925903,-0.0002110004425048828,0.4077454209327698,0.41290849447250366,0.005163073539733887,0.5795193910598755,0.5770395994186401,0.0024797916412353516,0.17496246099472046,0.17496246099472046,98.05402892827988
crack0054_03.png,-0.3225616455078124,87.28324890136719,88.02640533447266,-0.7431564331054688,98.30671691894531,98.00643920898438,0.3002777099609375,0.30620795488357544,0.2992671728134155,-0.006940782070159912,0.3832751512527466,0.4072139859199524,0.02393883466720581,0.43105220794677734,0.4457070231437683,0.014654815196990967,0.5722760558128357,0.5748212337493896,-0.002545177936553955,0.1450170874595642,0.1450170874595642,92.69164609909058
crack0054_04.png,0.05701255798339844,99.329833984375,100.25235748291016,-0.9225234985351562,102.09886932373047,102.31161499023438,-0.21274566650390625,0.20680437982082367,0.20842187106609344,0.0016174912452697754,0.501563549041748,0.5187199115753174,0.017156362533569336,0.44720518589019775,0.45437103509902954,0.007165849208831787,0.587235689163208,0.581011176109314,0.006224513053894043,0.21593201160430908,0.21593201160430908,110.87226051092148
crack0054_05.png,0.30053133964538575,99.18787384033203,99.23587036132812,-0.04799652099609375,107.76011657714844,106.9629898071289,0.7971267700195312,0.23003113269805908,0.22433267533779144,-0.005698457360267639,0.45563191175460815,0.4628918766975403,0.007259964942932129,0.43989092111587524,0.445578396320343,0.0056874752044677734,0.5923952460289001,0.5875163674354553,0.004878878593444824,0.2081020176410675,0.2081020176410675,109.4477214217186
crack0054_06.png,0.0044311046600341575,90.28750610351562,90.37863159179688,-0.09112548828125,101.296875,100.80933380126953,0.48754119873046875,0.18944834172725677,0.1847129762172699,-0.0047353655099868774,0.3958492875099182,0.3974432945251465,0.0015940070152282715,0.3958140015602112,0.3952484726905823,-0.0005655288696289062,0.5866128206253052,0.5812225937843323,0.0053902268409729,0.15128196775913239,0.15128196775913239,102.71480309963226
crack0054_07.png,0.2283477783203125,84.92151641845703,85.8206787109375,-0.8991622924804688,98.46923828125,98.48831176757812,-0.019073486328125,0.2293584942817688,0.23015838861465454,0.0007998943328857422,0.4049772024154663,0.4315444231033325,0.02656722068786621,0.36678797006607056,0.37724024057388306,0.0104522705078125,0.5778354406356812,0.5776239633560181,0.00021147727966308594,0.13269445300102234,0.13269445300102234,94.72300553321838
crack0054_08.png,-2.0560922622680664,96.48475646972656,97.70861053466797,-1.2238540649414062,106.85870361328125,107.69469451904297,-0.8359909057617188,0.30202949047088623,0.29070746898651123,-0.011322021484375,0.4704081416130066,0.4783339500427246,0.007925808429718018,0.42389726638793945,0.43078911304473877,0.006891846656799316,0.5779815316200256,0.575709342956543,0.002272188663482666,0.19405196607112885,0.19405196607112885,102.77349662780762
crack0054_09.png,-0.6326119899749756,94.39600372314453,94.49695587158203,-0.1009521484375,98.79293823242188,98.28108215332031,0.5118560791015625,0.21682937443256378,0.21124038100242615,-0.005588993430137634,0.4040699005126953,0.39582663774490356,-0.008243262767791748,0.36931705474853516,0.3683960437774658,-0.0009210109710693359,0.5790388584136963,0.5780276656150818,0.001011192798614502,0.16122114658355713,0.16122114658355713,104.93361127376556
crack0055_00.png,-0.527592945098877,105.64800262451172,103.78308868408203,1.8649139404296875,112.86004638671875,112.86713409423828,-0.00708770751953125,0.24619506299495697,0.2149035483598709,-0.03129151463508606,0.0,0.0,0.0,0.0601654052734375,0.0053043365478515625,-0.05486106872558594,0.5790964961051941,0.5762552618980408,0.0028412342071533203,0.1481524407863617,0.1481524407863617,114.98519259691238
crack0055_01.png,-1.3476206302642821,96.86927032470703,98.74610137939453,-1.8768310546875,114.46931457519531,114.5564956665039,-0.08718109130859375,0.2533358633518219,0.23427684605121613,-0.019059017300605774,0.0,0.05120128393173218,0.05120128393173218,0.24917566776275635,0.2534380555152893,0.004262387752532959,0.5834986567497253,0.5824798345565796,0.001018822193145752,0.15289011597633362,0.15289011597633362,107.09102135896683
crack0055_02.png,2.62504186630249,118.0514907836914,116.9844970703125,1.0669937133789062,102.670654296875,102.71725463867188,-0.046600341796875,0.2450762391090393,0.25750622153282166,0.012429982423782349,0.09030348062515259,0.10569500923156738,0.015391528606414795,0.2530679702758789,0.27074843645095825,0.017680466175079346,0.578081488609314,0.5789157748222351,-0.0008342862129211426,0.13135972619056702,0.13135972619056702,125.970050573349
crack0055_03.png,-1.5150582313537597,113.51398468017578,113.9488525390625,-0.43486785888671875,101.81233978271484,101.65445709228516,0.1578826904296875,0.2981113791465759,0.2844039797782898,-0.013707399368286133,0.0,0.0,0.0,0.14705610275268555,0.13043248653411865,-0.016623616218566895,0.5760553479194641,0.5772241353988647,-0.0011687874794006348,0.14517280459403992,0.14517280459403992,119.75614523887634
crack0055_04.png,-0.479401683807373,86.41719818115234,86.69597625732422,-0.278778076171875,113.47034454345703,113.77638244628906,-0.30603790283203125,0.26949283480644226,0.2675982713699341,-0.0018945634365081787,0.0,0.0,0.0,0.047624051570892334,0.046320974826812744,-0.0013030767440795898,0.5800461173057556,0.5782122015953064,0.0018339157104492188,0.12368130683898926,0.12368130683898926,93.70253562927246
crack0055_05.png,-0.18538098335266118,111.8931655883789,112.43773651123047,-0.5445709228515625,112.44007873535156,112.99659729003906,-0.5565185546875,0.21268165111541748,0.2076600342988968,-0.005021616816520691,0.26352864503860474,0.28533709049224854,0.0218084454536438,0.3478502035140991,0.3587477207183838,0.010897517204284668,0.5747135877609253,0.5719338655471802,0.002779722213745117,0.11199603974819183,0.11199603974819183,122.69439250230789
crack0055_06.png,-0.7633282661437988,119.72761535644531,121.10054779052734,-1.3729324340820312,111.15747833251953,110.44444274902344,0.7130355834960938,0.12713661789894104,0.11758553981781006,-0.009551078081130981,0.1793583631515503,0.20505547523498535,0.02569711208343506,0.24202704429626465,0.2520446181297302,0.010017573833465576,0.5824452042579651,0.5809304118156433,0.0015147924423217773,0.15917181968688965,0.15917181968688965,136.65675735473633
crack0055_07.png,3.0617812156677244,97.46304321289062,95.29816436767578,2.1648788452148438,103.96534729003906,104.43986511230469,-0.474517822265625,0.26600876450538635,0.27751845121383667,0.011509686708450317,0.0,0.0,0.0,0.1523004174232483,0.13391101360321045,-0.018389403820037842,0.5776316523551941,0.5734832882881165,0.004148364067077637,0.12792518734931946,0.12792518734931946,103.52534401416779
crack0055_08.png,-1.276609754562378,86.83401489257812,86.64421081542969,0.1898040771484375,107.41494750976562,107.51808166503906,-0.1031341552734375,0.18270374834537506,0.1638796329498291,-0.01882411539554596,0.08478295803070068,0.08385330438613892,-0.0009296536445617676,0.24975132942199707,0.2507532238960266,0.001001894474029541,0.5780199766159058,0.5750710964202881,0.0029488801956176758,0.13175874948501587,0.13175874948501587,100.02713394165039
crack0055_09.png,-0.306184434890747,112.51407623291016,113.59075164794922,-1.0766754150390625,110.6241455078125,109.75799560546875,0.86614990234375,0.20028188824653625,0.20313896238803864,0.0028570741415023804,0.0,0.0,0.0,0.13745015859603882,0.11091941595077515,-0.026530742645263672,0.5868973731994629,0.5820107460021973,0.004886627197265625,0.19633886218070984,0.19633886218070984,124.51139557361603
crack0056_00.png,-0.6716856002807616,104.93205261230469,103.95701599121094,0.97503662109375,118.00851440429688,117.94108581542969,0.0674285888671875,0.39371147751808167,0.37036046385765076,-0.023351013660430908,0.0,0.0,0.0,0.09391546249389648,0.07082688808441162,-0.023088574409484863,0.5893694758415222,0.5845097899436951,0.0048596858978271484,0.09969661384820938,0.09969661384820938,105.79768550395966
crack0056_01.png,1.3840168952941894,115.49201965332031,114.96488952636719,0.527130126953125,120.44325256347656,121.13858032226562,-0.6953277587890625,0.4134504795074463,0.4265001714229584,0.013049691915512085,0.0,0.0,0.0,0.080619215965271,0.08395320177078247,0.0033339858055114746,0.5831757187843323,0.5808996558189392,0.0022760629653930664,0.09474453330039978,0.09474453330039978,113.74845457077026
crack0056_02.png,0.6189940452575684,86.17457580566406,85.71976470947266,0.45481109619140625,115.38124084472656,115.80548095703125,-0.4242401123046875,0.42975133657455444,0.43216395378112793,0.0024126172065734863,0.0,0.0,0.0,0.05291873216629028,0.036090970039367676,-0.016827762126922607,0.5884275436401367,0.5849058032035828,0.003521740436553955,0.09475114941596985,0.09475114941596985,83.69919180870056
crack0056_03.png,0.5211247444152832,89.7177963256836,89.5815200805664,0.1362762451171875,113.70138549804688,113.19882202148438,0.5025634765625,0.45884281396865845,0.4585627615451813,-0.00028005242347717285,0.0,0.0,0.0,0.014060437679290771,0.017373263835906982,0.003312826156616211,0.5879815220832825,0.5828258395195007,0.005155682563781738,0.10096940398216248,0.10096940398216248,85.65515339374542
crack0056_04.png,1.8265086174011231,110.22006225585938,109.45977783203125,0.760284423828125,116.45104217529297,115.8994140625,0.5516281127929688,0.3898540735244751,0.39830532670021057,0.008451253175735474,0.0,0.0,0.0,0.03429830074310303,0.0342373251914978,-6.097555160522461e-05,0.5900730490684509,0.5858362317085266,0.004236817359924316,0.10556571930646896,0.10556571930646896,110.05159759521484
crack0056_05.png,-0.9156283378601073,91.4749526977539,92.47657775878906,-1.0016250610351562,111.51951599121094,110.59950256347656,0.920013427734375,0.4322984516620636,0.42591673135757446,-0.006381720304489136,0.0,0.0,0.0,0.023561835289001465,0.05550271272659302,0.03194087743759155,0.5897193551063538,0.584006130695343,0.005713224411010742,0.0933544784784317,0.0933544784784317,90.00953555107117
crack0056_06.png,-0.13595695495605464,94.2602310180664,94.96857452392578,-0.708343505859375,113.8016357421875,113.53579711914062,0.265838623046875,0.42630475759506226,0.4307578206062317,0.004453063011169434,0.0,0.0,0.0,0.0,0.0,0.0,0.5907497406005859,0.5880045890808105,0.0027451515197753906,0.09509885311126709,0.09509885311126709,92.6661069393158
crack0056_07.png,-0.4482187271118163,115.98037719726562,117.54456329345703,-1.5641860961914062,125.9139404296875,124.80529022216797,1.1086502075195312,0.36154302954673767,0.36695438623428345,0.005411356687545776,0.0,0.0,0.0,0.13077473640441895,0.12668174505233765,-0.004092991352081299,0.5881122350692749,0.582122266292572,0.005989968776702881,0.09341248124837875,0.09341248124837875,118.59437787532806
crack0056_08.png,2.5406533241271974,106.79985809326172,105.71389770507812,1.0859603881835938,117.86905670166016,117.21084594726562,0.6582107543945312,0.3862292766571045,0.3987131714820862,0.01248389482498169,0.0,0.0,0.0,0.022218763828277588,0.004436373710632324,-0.017782390117645264,0.5941522717475891,0.5893348455429077,0.0048174262046813965,0.10211107134819031,0.10211107134819031,106.84921216964722
crack0056_09.png,0.6628676414489746,99.44979858398438,98.86759948730469,0.5821990966796875,120.50122833251953,122.02288818359375,-1.5216598510742188,0.43079715967178345,0.4396810233592987,0.008883863687515259,0.0,0.0,0.0,0.0,0.0,0.0,0.5792425870895386,0.5797770023345947,-0.0005344152450561523,0.09165389835834503,0.09165389835834503,96.50194954872131
crack0057_00.png,1.558105206489563,114.99813079833984,115.26371002197266,-0.2655792236328125,110.39704132080078,110.24008178710938,0.15695953369140625,0.11632160097360611,0.11457712948322296,-0.0017444714903831482,0.17772328853607178,0.22391986846923828,0.046196579933166504,0.20879524946212769,0.2586420774459839,0.0498468279838562,0.5825374722480774,0.5812225937843323,0.0013148784637451172,0.16707733273506165,0.16707733273506165,131.55779153108597
crack0057_01.png,1.134223461151123,123.2728042602539,122.90205383300781,0.37075042724609375,107.66839599609375,107.58706665039062,0.081329345703125,0.1223103478550911,0.11899582296609879,-0.0033145248889923096,0.26698726415634155,0.28606516122817993,0.01907789707183838,0.2923773527145386,0.30432718992233276,0.01194983720779419,0.5804613828659058,0.574636697769165,0.005824685096740723,0.15566369891166687,0.15566369891166687,139.16613498330116
crack0057_02.png,-0.6029715299606323,139.80445861816406,140.4141387939453,-0.60968017578125,106.28648376464844,106.3442611694336,-0.05777740478515625,0.08145195990800858,0.08220438659191132,0.0007524266839027405,0.35152971744537354,0.3554454445838928,0.003915727138519287,0.38237833976745605,0.3894343376159668,0.007055997848510742,0.5771280527114868,0.5818031430244446,-0.004675090312957764,0.13833153247833252,0.13833153247833252,158.49430683255196
crack0057_03.png,-0.4401917219161987,121.86029815673828,122.45893859863281,-0.5986404418945312,104.0316390991211,103.8818588256836,0.1497802734375,0.10424701124429703,0.10646332800388336,0.0022163167595863342,0.4358987808227539,0.4297427535057068,-0.006156027317047119,0.420319139957428,0.42425405979156494,0.003934919834136963,0.580161452293396,0.5759746432304382,0.004186809062957764,0.1461758315563202,0.1461758315563202,139.11125579476357
crack0057_04.png,0.7852591753005982,120.39497375488281,120.51563262939453,-0.12065887451171875,100.88749694824219,100.83222961425781,0.055267333984375,0.09755845367908478,0.10362046211957932,0.006062008440494537,0.2789865732192993,0.27702009677886963,-0.0019664764404296875,0.2924731373786926,0.30714350938796997,0.014670372009277344,0.5817531943321228,0.569815456867218,0.011937737464904785,0.1261599212884903,0.1261599212884903,137.8719237446785
crack0057_05.png,1.7094091653823853,139.92030334472656,139.41433715820312,0.5059661865234375,105.71630859375,105.71063232421875,0.00567626953125,0.09062639623880386,0.09366650879383087,0.003040112555027008,0.2367193102836609,0.2554934620857239,0.01877415180206299,0.2921414375305176,0.3078616261482239,0.0157201886177063,0.5782160758972168,0.5730411410331726,0.0051749348640441895,0.1532713770866394,0.1532713770866394,157.35837951302528
crack0057_06.png,-1.674788999557495,141.36717224121094,141.1287384033203,0.238433837890625,115.95962524414062,115.20732116699219,0.7523040771484375,0.08568990975618362,0.11377962678670883,0.028089717030525208,0.3052724003791809,0.19155943393707275,-0.11371296644210815,0.30616408586502075,0.24690234661102295,-0.0592617392539978,0.5839830636978149,0.5818031430244446,0.0021799206733703613,0.15897732973098755,0.15897732973098755,159.4658832848072
crack0057_07.png,-2.8070007085800173,128.76751708984375,130.1993865966797,-1.4318695068359375,114.67486572265625,115.18363952636719,-0.5087738037109375,0.11834273487329483,0.10405467450618744,-0.014288060367107391,0.2650832533836365,0.26677173376083374,0.0016884803771972656,0.27839767932891846,0.2912845015525818,0.01288682222366333,0.5791503190994263,0.5815532207489014,-0.0024029016494750977,0.13903434574604034,0.13903434574604034,146.50230020284653
crack0057_08.png,0.32757995128631595,124.19692993164062,124.51702117919922,-0.32009124755859375,104.49370574951172,103.66795349121094,0.8257522583007812,0.08471794426441193,0.0838872566819191,-0.0008306875824928284,0.3505767583847046,0.3601146936416626,0.009537935256958008,0.34414708614349365,0.37687867879867554,0.032731592655181885,0.583879292011261,0.5838215947151184,5.7697296142578125e-05,0.14151480793952942,0.14151480793952942,142.67891183495522
crack0057_09.png,0.39000463485717773,116.99329376220703,117.1650161743164,-0.171722412109375,102.85199737548828,102.58111572265625,0.27088165283203125,0.16767695546150208,0.169569194316864,0.0018922388553619385,0.23857426643371582,0.2437635064125061,0.005189239978790283,0.2993928790092468,0.31501978635787964,0.015626907348632812,0.5793194770812988,0.5769588351249695,0.0023606419563293457,0.1412540078163147,0.1412540078163147,130.19131672382355
crack0058_00.png,5.343979454040527,127.63555908203125,124.44990539550781,3.1856536865234375,115.87104797363281,113.77984619140625,2.0912017822265625,0.36899736523628235,0.38243699073791504,0.01343962550163269,0.0,0.0,0.0,0.2759695053100586,0.2774714231491089,0.001501917839050293,0.5895732641220093,0.583406388759613,0.00616687536239624,0.08855094760656357,0.08855094760656357,127.48582088947296
crack0058_01.png,1.8261933326721191,170.3317413330078,170.79017639160156,-0.45843505859375,120.14167785644531,119.81536865234375,0.3263092041015625,0.2795596122741699,0.30465778708457947,0.025098174810409546,0.0,0.0,0.0,0.17891550064086914,0.2191869616508484,0.04027146100997925,0.5860245823860168,0.5823683142662048,0.0036562681198120117,0.08720401674509048,0.08720401674509048,177.22836542129517
crack0058_02.png,0.9245820999145508,143.35340881347656,143.0311737060547,0.322235107421875,122.32756042480469,122.36255645751953,-0.03499603271484375,0.3470143973827362,0.3525426387786865,0.005528241395950317,0.0,0.0,0.0,0.22600561380386353,0.22111821174621582,-0.004887402057647705,0.5856708884239197,0.581318736076355,0.004352152347564697,0.0918157696723938,0.0918157696723938,145.79826295375824
crack0058_03.png,3.045178031921387,155.48275756835938,153.5144500732422,1.9683074951171875,120.19969940185547,119.54789733886719,0.6518020629882812,0.31746482849121094,0.32658252120018005,0.009117692708969116,0.0,0.0,0.0,0.21879345178604126,0.21778088808059692,-0.001012563705444336,0.5839599967002869,0.5817916393280029,0.0021683573722839355,0.09643399715423584,0.09643399715423584,158.8091139793396
crack0058_04.png,2.0726747512817383,163.7721710205078,161.3681182861328,2.404052734375,123.03067016601562,122.48707580566406,0.5435943603515625,0.32092273235321045,0.31338396668434143,-0.0075387656688690186,0.0,0.0,0.0,0.24827444553375244,0.2137293815612793,-0.034545063972473145,0.5869626998901367,0.5856055617332458,0.0013571381568908691,0.09183710068464279,0.09183710068464279,167.2456146478653
crack0058_05.png,2.8468552589416505,124.09476470947266,123.8615493774414,0.23321533203125,112.03569030761719,110.3065414428711,1.7291488647460938,0.28443917632102966,0.3074931502342224,0.02305397391319275,0.0,0.0,0.0,0.32529354095458984,0.3296716809272766,0.004378139972686768,0.5896693468093872,0.5877277851104736,0.0019415616989135742,0.08741968870162964,0.08741968870162964,130.49858033657074
crack0058_06.png,3.731963634490967,171.09909057617188,168.62623596191406,2.4728546142578125,121.68511962890625,121.5133056640625,0.17181396484375,0.33830055594444275,0.3514098823070526,0.013109326362609863,0.0,0.0,0.0,0.28699129819869995,0.28607767820358276,-0.0009136199951171875,0.585290253162384,0.5817493200302124,0.003540933132171631,0.09589288383722305,0.09589288383722305,172.97624003887177
crack0058_07.png,2.354325294494629,169.15475463867188,167.5823211669922,1.5724334716796875,120.66442108154297,120.95765686035156,-0.29323577880859375,0.2947719097137451,0.3043450713157654,0.009573161602020264,0.0,0.0,0.0,0.27975261211395264,0.2832314968109131,0.0034788846969604492,0.5873087048530579,0.5839753746986389,0.0033333301544189453,0.09714149683713913,0.09714149683713913,174.17457151412964
crack0058_08.png,3.5745408058166506,161.75607299804688,159.0399932861328,2.7160797119140625,117.91963195800781,118.1578140258789,-0.23818206787109375,0.3244935870170593,0.3362153470516205,0.011721760034561157,0.0,0.0,0.0,0.26675015687942505,0.2628093957901001,-0.003940761089324951,0.5834947824478149,0.5830949544906616,0.0003998279571533203,0.09420793503522873,0.09420793503522873,164.26820921897888
crack0058_09.png,5.060254192352295,159.4961700439453,154.92135620117188,4.5748138427734375,118.07732391357422,118.15306091308594,-0.07573699951171875,0.2825187146663666,0.2883560061454773,0.005837291479110718,0.0,0.0,0.0,0.3163796067237854,0.3299497961997986,0.013570189476013184,0.5884275436401367,0.5872087478637695,0.0012187957763671875,0.09076611697673798,0.09076611697673798,163.79474198818207
crack0059_00.png,2.578727626800537,103.25172424316406,101.27935028076172,1.9723739624023438,105.49882507324219,104.63272094726562,0.8661041259765625,0.31248897314071655,0.30444785952568054,-0.00804111361503601,0.3789980411529541,0.39573413133621216,0.016736090183258057,0.33579564094543457,0.3275325298309326,-0.008263111114501953,0.5786351561546326,0.5727912187576294,0.005843937397003174,0.1704489290714264,0.1704489290714264,107.14407193660736
crack0059_01.png,0.49290075302124015,105.93611907958984,104.93119049072266,1.0049285888671875,106.24404907226562,105.52168273925781,0.7223663330078125,0.3666912913322449,0.37464407086372375,0.007952779531478882,0.20324599742889404,0.1691461205482483,-0.03409987688064575,0.22324365377426147,0.22211754322052002,-0.001126110553741455,0.5751788020133972,0.577008843421936,-0.0018300414085388184,0.16093288362026215,0.16093288362026215,106.512531042099
crack0059_02.png,2.9492589473724364,94.91818237304688,94.5715103149414,0.34667205810546875,109.6794662475586,108.8140869140625,0.8653793334960938,0.24179120361804962,0.2680741548538208,0.02628295123577118,0.311487078666687,0.31089532375335693,-0.0005917549133300781,0.3580135107040405,0.36855369806289673,0.010540187358856201,0.5802383422851562,0.5758016109466553,0.0044367313385009766,0.1872509866952896,0.1872509866952896,103.44690781831741
crack0059_03.png,2.13421516418457,102.60105895996094,100.6603775024414,1.9406814575195312,113.42922973632812,112.10466003417969,1.3245697021484375,0.23151129484176636,0.23039865493774414,-0.0011126399040222168,0.3364643454551697,0.3250112533569336,-0.011453092098236084,0.3126170039176941,0.35022515058517456,0.03760814666748047,0.5869319438934326,0.5816609263420105,0.005271017551422119,0.1497000753879547,0.1497000753879547,111.28407669067383
crack0059_04.png,1.2425309658050536,111.23600769042969,111.31963348388672,-0.08362579345703125,110.7953109741211,109.49978637695312,1.2955245971679688,0.23626181483268738,0.24105004966259003,0.004788234829902649,0.25789308547973633,0.2694764733314514,0.011583387851715088,0.35145097970962524,0.34951919317245483,-0.0019317865371704102,0.5841560959815979,0.5851172804832458,-0.0009611845016479492,0.17058447003364563,0.17058447003364563,120.5068029165268
crack0059_05.png,-0.19534225463867183,102.34744262695312,102.49131774902344,-0.1438751220703125,112.53372192382812,112.0057373046875,0.527984619140625,0.26339536905288696,0.2625540494918823,-0.0008413195610046387,0.19118106365203857,0.18198347091674805,-0.009197592735290527,0.2608582377433777,0.22981733083724976,-0.03104090690612793,0.5768858194351196,0.5725721120834351,0.00431370735168457,0.13764458894729614,0.13764458894729614,109.74156999588013
crack0059_06.png,-2.8581521034240724,98.06753540039062,99.51005554199219,-1.4425201416015625,110.88032531738281,109.69613647460938,1.1841888427734375,0.2885311543941498,0.2884243428707123,-0.0001068115234375,0.341292142868042,0.2943692207336426,-0.046922922134399414,0.3431852459907532,0.3060591220855713,-0.037126123905181885,0.5756977796554565,0.5757939219474792,-9.614229202270508e-05,0.18063582479953766,0.18063582479953766,104.51509177684784
crack0059_07.png,4.28058967590332,104.78202819824219,103.50047302246094,1.28155517578125,117.63088989257812,116.59552001953125,1.035369873046875,0.2681729197502136,0.2825990617275238,0.01442614197731018,0.1375715732574463,0.1669631004333496,0.02939152717590332,0.25863611698150635,0.2824077010154724,0.023771584033966064,0.5858592987060547,0.5794809460639954,0.006378352642059326,0.15005925297737122,0.15005925297737122,111.48524737358093
crack0059_08.png,4.04489541053772,110.68133544921875,109.10602569580078,1.5753097534179688,116.68563842773438,115.89630126953125,0.789337158203125,0.23678098618984222,0.2575114667415619,0.020730480551719666,0.2885836362838745,0.29546719789505005,0.006883561611175537,0.3707663416862488,0.3676644563674927,-0.0031018853187561035,0.586943507194519,0.5814417600631714,0.005501747131347656,0.13844357430934906,0.13844357430934906,119.1645616889
crack0059_09.png,0.3536382675170898,102.97172546386719,102.59225463867188,0.3794708251953125,115.3729248046875,115.19368743896484,0.17923736572265625,0.25869929790496826,0.2624613642692566,0.00376206636428833,0.22605305910110474,0.21624070405960083,-0.009812355041503906,0.2973160743713379,0.2973160743713379,0.0,0.5800768733024597,0.5802268385887146,-0.0001499652862548828,0.14365914463996887,0.14365914463996887,110.46910572052002
crack0060_00.png,-0.03918523788452144,117.83454895019531,118.02481842041016,-0.19026947021484375,111.97867584228516,111.05976104736328,0.918914794921875,0.28611311316490173,0.2856625020503998,-0.0004506111145019531,0.07887518405914307,0.07010835409164429,-0.00876682996749878,0.1774004101753235,0.1724749207496643,-0.00492548942565918,0.5912764072418213,0.5870203971862793,0.004256010055541992,0.1227245032787323,0.1227245032787323,124.4409898519516
crack0060_01.png,1.0098649978637695,106.3574447631836,105.2021484375,1.1552963256835938,106.79683685302734,107.06973266601562,-0.27289581298828125,0.24772819876670837,0.25149965286254883,0.003771454095840454,0.1917203664779663,0.1800987720489502,-0.011621594429016113,0.17675906419754028,0.1734483242034912,-0.0033107399940490723,0.5876739621162415,0.584502100944519,0.003171861171722412,0.12343297898769379,0.12343297898769379,114.42306315898895
crack0060_02.png,1.2067498207092284,113.64094543457031,112.4005126953125,1.2404327392578125,108.79481506347656,107.74701690673828,1.0477981567382812,0.19106104969978333,0.1914571225643158,0.0003960728645324707,0.24492228031158447,0.22866934537887573,-0.01625293493270874,0.26630324125289917,0.26839858293533325,0.002095341682434082,0.5903037190437317,0.5861629843711853,0.004140734672546387,0.10654997080564499,0.10654997080564499,125.16921484470367
crack0060_03.png,3.2046247482299806,115.71096801757812,114.4693832397461,1.2415847778320312,111.50889587402344,110.4053955078125,1.1035003662109375,0.25510257482528687,0.26876699924468994,0.013664424419403076,0.1502997875213623,0.16006231307983398,0.00976252555847168,0.17717665433883667,0.19730961322784424,0.02013295888900757,0.5884851813316345,0.587535560131073,0.0009496212005615234,0.13557150959968567,0.13557150959968567,123.32342839241028
crack0060_04.png,2.45965895652771,112.87630462646484,110.86589813232422,2.010406494140625,111.13671875,110.86062622070312,0.276092529296875,0.21729345619678497,0.2283841371536255,0.011090680956840515,0.054901182651519775,0.037557005882263184,-0.017344176769256592,0.0,0.0,0.0,0.582241415977478,0.5786082148551941,0.0036332011222839355,0.1090487539768219,0.1090487539768219,122.12315064668655
crack0060_05.png,0.925265407562256,114.7276611328125,112.74560546875,1.9820556640625,105.30306243896484,104.64889526367188,0.6541671752929688,0.28678491711616516,0.27674663066864014,-0.010038286447525024,0.06211048364639282,0.04536557197570801,-0.016744911670684814,0.16660046577453613,0.16731661558151245,0.0007161498069763184,0.5884275436401367,0.5845674872398376,0.0038600564002990723,0.12135475128889084,0.12135475128889084,120.66893720626831
crack0060_06.png,2.3040764808654783,118.62091064453125,117.39656829833984,1.2243423461914062,112.0919189453125,112.45474243164062,-0.362823486328125,0.26613736152648926,0.27423596382141113,0.008098602294921875,0.1709287166595459,0.1813930869102478,0.010464370250701904,0.24880874156951904,0.24767208099365234,-0.0011366605758666992,0.5871318578720093,0.5831718444824219,0.003960013389587402,0.13528254628181458,0.13528254628181458,125.52577209472656
crack0060_07.png,0.8346877098083496,111.61433410644531,110.72478485107422,0.8895492553710938,110.08106994628906,109.51359558105469,0.567474365234375,0.2780224680900574,0.2745668292045593,-0.003455638885498047,0.16891002655029297,0.16581076383590698,-0.0030992627143859863,0.14679062366485596,0.15818434953689575,0.011393725872039795,0.58417147397995,0.5812072157859802,0.0029642581939697266,0.12170270830392838,0.12170270830392838,118.0624086856842
crack0060_08.png,-0.2531149864196778,108.21240234375,107.4242172241211,0.7881851196289062,106.93251037597656,106.816650390625,0.1158599853515625,0.26027289032936096,0.23953822255134583,-0.020734667778015137,0.26911062002182007,0.27626848220825195,0.007157862186431885,0.2928478717803955,0.31348878145217896,0.020640909671783447,0.5918915867805481,0.5847712159156799,0.007120370864868164,0.13358506560325623,0.13358506560325623,117.12167990207672
crack0060_09.png,2.5078040599822997,113.66693115234375,111.60714721679688,2.059783935546875,106.43199157714844,105.38968658447266,1.0423049926757812,0.2375185489654541,0.23808158934116364,0.0005630403757095337,0.18929362297058105,0.18892574310302734,-0.00036787986755371094,0.22404825687408447,0.1782638430595398,-0.04578441381454468,0.5822722315788269,0.5822529792785645,1.9252300262451172e-05,0.11264131218194962,0.11264131218194962,121.67681550979614
crack0061_00.png,1.9044412612915038,99.06316375732422,97.71241760253906,1.3507461547851562,110.83842468261719,110.28642272949219,0.552001953125,0.1976083666086197,0.19882069528102875,0.0012123286724090576,0.44633549451828003,0.4485768675804138,0.002241373062133789,0.37989097833633423,0.3798385262489319,-5.245208740234375e-05,0.5869819521903992,0.5833256244659424,0.003656327724456787,0.1689995974302292,0.1689995974302292,110.01056677103043
crack0061_01.png,5.65371356010437,103.75106811523438,100.55241394042969,3.1986541748046875,112.56993103027344,111.41928100585938,1.1506500244140625,0.23073594272136688,0.2507994771003723,0.020063534379005432,0.15723615884780884,0.16202712059020996,0.004790961742401123,0.22807073593139648,0.23983871936798096,0.011767983436584473,0.584486722946167,0.5795347690582275,0.004951953887939453,0.11145859956741333,0.11145859956741333,111.6870533823967
crack0061_02.png,2.518601655960083,91.42439270019531,90.25218963623047,1.1722030639648438,109.81510162353516,108.13243865966797,1.6826629638671875,0.2389478236436844,0.23548075556755066,-0.003467068076133728,0.36492276191711426,0.37849026918411255,0.013567507266998291,0.343735933303833,0.34936535358428955,0.005629420280456543,0.5894425511360168,0.5792425870895386,0.010199964046478271,0.1438511610031128,0.1438511610031128,100.28714787960052
crack0061_03.png,3.540171909332275,88.63282775878906,85.10079193115234,3.5320358276367188,108.69912719726562,107.82205963134766,0.8770675659179688,0.20154507458209991,0.20101888477802277,-0.0005261898040771484,0.19115859270095825,0.18159830570220947,-0.00956028699874878,0.2518649101257324,0.23158156871795654,-0.02028334140777588,0.585163414478302,0.5831180214881897,0.0020453929901123047,0.12008385360240936,0.12008385360240936,98.21221333742142
crack0061_04.png,3.3318968296051024,98.87569427490234,97.34239959716797,1.533294677734375,119.49510192871094,117.49590301513672,1.9991989135742188,0.20119163393974304,0.20782680809497833,0.0066351741552352905,0.3276476263999939,0.3359670639038086,0.008319437503814697,0.33571791648864746,0.340331494808197,0.0046135783195495605,0.5909611582756042,0.5875778794288635,0.0033832788467407227,0.16175615787506104,0.16175615787506104,109.67599523067474
crack0061_05.png,2.9049886226654054,76.38726806640625,74.95457458496094,1.4326934814453125,104.76765441894531,104.15880584716797,0.6088485717773438,0.1626083105802536,0.1719675064086914,0.009359195828437805,0.4260621666908264,0.4396812915802002,0.01361912488937378,0.29783695936203003,0.29703593254089355,-0.0008010268211364746,0.5775817036628723,0.5792003273963928,-0.0016186237335205078,0.1358231008052826,0.1358231008052826,89.08243578672409
crack0061_06.png,-0.15461440086364742,88.25654602050781,88.56119537353516,-0.30464935302734375,106.60066223144531,105.87530517578125,0.7253570556640625,0.23610466718673706,0.2295505851507187,-0.006554082036018372,0.4437776803970337,0.45079952478408813,0.007021844387054443,0.31764358282089233,0.3228877782821655,0.005244195461273193,0.5863744616508484,0.5837908387184143,0.002583622932434082,0.15266145765781403,0.15266145765781403,98.0908140540123
crack0061_07.png,2.379842662811279,96.82356262207031,95.70494079589844,1.118621826171875,113.22132110595703,112.8210678100586,0.4002532958984375,0.2623818814754486,0.27764302492141724,0.015261143445968628,0.3556481599807739,0.3475019931793213,-0.008146166801452637,0.3354335427284241,0.3310864567756653,-0.004347085952758789,0.5884352326393127,0.5832833647727966,0.005151867866516113,0.1882626861333847,0.1882626861333847,104.05874812602997
crack0061_08.png,3.832211589813232,112.94280242919922,110.82569122314453,2.1171112060546875,111.93000793457031,111.32798767089844,0.602020263671875,0.14668208360671997,0.17579463124275208,0.029112547636032104,0.4137890338897705,0.39076805114746094,-0.02302098274230957,0.38276296854019165,0.38051658868789673,-0.002246379852294922,0.5860130786895752,0.584359884262085,0.0016531944274902344,0.12944373488426208,0.12944373488426208,126.52384495735168
crack0061_09.png,1.5935623168945312,90.5066909790039,89.25497436523438,1.2517166137695312,104.75294494628906,104.19721221923828,0.5557327270507812,0.1275506466627121,0.12526489794254303,-0.0022857487201690674,0.39327389001846313,0.3941829204559326,0.0009090304374694824,0.3526518940925598,0.3459439277648926,-0.006707966327667236,0.584502100944519,0.5778508186340332,0.00665128231048584,0.14931327104568481,0.14931327104568481,105.74502283334732
crack0062_00.png,-0.15977077484130864,110.51766204833984,109.75520324707031,0.7624588012695312,105.8838119506836,106.22544860839844,-0.34163665771484375,0.33627083897590637,0.32560643553733826,-0.010664403438568115,0.5407145619392395,0.5383286476135254,-0.0023859143257141113,0.49199873208999634,0.5077007412910461,0.015702009201049805,0.5858477354049683,0.5817723870277405,0.004075348377227783,0.13484975695610046,0.13484975695610046,114.03395593166351
crack0062_01.png,0.021683025360107466,109.74898529052734,110.56470489501953,-0.8157196044921875,109.04794311523438,108.30423736572266,0.7437057495117188,0.37957021594047546,0.37871360778808594,-0.0008566081523895264,0.4848560094833374,0.4942386746406555,0.009382665157318115,0.4641549587249756,0.4754423499107361,0.011287391185760498,0.5863091349601746,0.5804805755615234,0.005828559398651123,0.15323269367218018,0.15323269367218018,110.88639402389526
crack0062_02.png,-0.04345550537109377,115.5494613647461,116.40973663330078,-0.8602752685546875,110.93952178955078,110.95635986328125,-0.01683807373046875,0.3800271153450012,0.3908093571662903,0.010782241821289062,0.5620925426483154,0.5553076267242432,-0.006784915924072266,0.4849746823310852,0.48658692836761475,0.001612246036529541,0.5852941274642944,0.5794848203659058,0.005809307098388672,0.1309087574481964,0.1309087574481964,116.58973717689514
crack0062_03.png,0.7350451469421386,108.98734283447266,107.77582550048828,1.211517333984375,109.34381103515625,109.40628814697266,-0.06247711181640625,0.32244619727134705,0.3135118782520294,-0.008934319019317627,0.4530221223831177,0.45819276571273804,0.005170643329620361,0.41554325819015503,0.42257457971572876,0.0070313215255737305,0.5824759602546692,0.5810649991035461,0.0014109611511230469,0.15827657282352448,0.15827657282352448,112.86990988254547
crack0062_04.png,-0.7861067771911621,115.39483642578125,116.14826202392578,-0.7534255981445312,113.71765899658203,112.66282653808594,1.0548324584960938,0.43207046389579773,0.42455118894577026,-0.007519274950027466,0.48075389862060547,0.4821779727935791,0.0014240741729736328,0.45786160230636597,0.46199870109558105,0.004137098789215088,0.5916339755058289,0.5893848538398743,0.00224912166595459,0.17064610123634338,0.17064610123634338,113.96383690834045
crack0062_05.png,2.0451714038848876,113.8672866821289,113.83788299560547,0.0294036865234375,111.67147064208984,110.73979187011719,0.9316787719726562,0.21311306953430176,0.22460855543613434,0.01149548590183258,0.49049168825149536,0.5081090927124023,0.017617404460906982,0.4298677444458008,0.45564496517181396,0.025777220726013184,0.5834755897521973,0.5830065608024597,0.00046902894973754883,0.12238278239965439,0.12238278239965439,124.40482425689697
crack0062_06.png,0.786902904510498,107.91307830810547,108.43058013916016,-0.5175018310546875,111.90562438964844,110.52470397949219,1.38092041015625,0.30498823523521423,0.312473863363266,0.007485628128051758,0.5049049854278564,0.5063778758049011,0.0014728903770446777,0.49010151624679565,0.48826658725738525,-0.0018349289894104004,0.5893579125404358,0.5870011448860168,0.0023567676544189453,0.14846667647361755,0.14846667647361755,113.44685161113739
crack0062_07.png,-1.1687772750854493,114.77327728271484,115.30267333984375,-0.5293960571289062,116.13311767578125,116.16145324707031,-0.0283355712890625,0.31510916352272034,0.30524808168411255,-0.009861081838607788,0.4889185428619385,0.49460816383361816,0.0056896209716796875,0.4866032600402832,0.49534326791763306,0.008740007877349854,0.5793271660804749,0.5809957981109619,-0.0016686320304870605,0.17164647579193115,0.17164647579193115,119.96292233467102
crack0062_08.png,-0.5771763801574707,107.13428497314453,107.17855834960938,-0.04427337646484375,110.83346557617188,110.38694763183594,0.4465179443359375,0.3290691077709198,0.31865641474723816,-0.01041269302368164,0.47981560230255127,0.48120003938674927,0.001384437084197998,0.4450021982192993,0.4564031958580017,0.011400997638702393,0.5854594111442566,0.5838062167167664,0.0016531944274902344,0.17673081159591675,0.17673081159591675,111.45541322231293
crack0062_09.png,-0.2181756973266602,114.48141479492188,113.39598083496094,1.0854339599609375,114.39414978027344,113.67991638183594,0.7142333984375,0.3548361659049988,0.3349163234233856,-0.01991984248161316,0.47763341665267944,0.4754260182380676,-0.0022073984146118164,0.453369677066803,0.4630882143974304,0.009718537330627441,0.5828796625137329,0.5805651545524597,0.0023145079612731934,0.17180417478084564,0.17180417478084564,117.15890491008759
crack0063_00.png,2.063925266265869,111.24346160888672,110.73403930664062,0.5094223022460938,109.04612731933594,108.1307144165039,0.9154129028320312,0.29980161786079407,0.29997602105140686,0.00017440319061279297,0.2926329970359802,0.31603336334228516,0.02340036630630493,0.24493259191513062,0.2644580006599426,0.01952540874481201,0.5940791964530945,0.5881199240684509,0.005959272384643555,0.15597298741340637,0.15597298741340637,116.76382124423981
crack0063_01.png,-0.17503423690795894,99.21784973144531,97.94696044921875,1.2708892822265625,111.06837463378906,110.8953857421875,0.1729888916015625,0.2745855450630188,0.243706613779068,-0.030878931283950806,0.30796223878860474,0.3260597586631775,0.018097519874572754,0.19089215993881226,0.23424643278121948,0.04335427284240723,0.5924990177154541,0.5867166519165039,0.005782365798950195,0.1891382336616516,0.1891382336616516,107.65996897220612
crack0063_02.png,3.4636903285980223,110.58976745605469,110.03819274902344,0.55157470703125,114.09430694580078,112.39337921142578,1.700927734375,0.21419885754585266,0.23085011541843414,0.016651257872581482,0.270612895488739,0.2908010482788086,0.02018815279006958,0.25311100482940674,0.25778084993362427,0.004669845104217529,0.5839792490005493,0.5816763043403625,0.0023029446601867676,0.1389225423336029,0.1389225423336029,120.82121860980988
crack0063_03.png,2.945145511627197,124.17735290527344,122.98924255371094,1.1881103515625,112.9875259399414,111.51614379882812,1.4713821411132812,0.2932704985141754,0.2976289987564087,0.004358500242233276,0.08492463827133179,0.10228627920150757,0.01736164093017578,0.0027605295181274414,0.04293113946914673,0.04017060995101929,0.5862168669700623,0.58308345079422,0.003133416175842285,0.14864420890808105,0.14864420890808105,129.43574249744415
crack0063_04.png,3.032861042022705,109.36881256103516,108.0667495727539,1.30206298828125,106.4979248046875,104.96675109863281,1.5311737060546875,0.24348095059394836,0.2476336658000946,0.00415271520614624,0.2242775559425354,0.2413005828857422,0.017023026943206787,0.17344456911087036,0.1488294005393982,-0.024615168571472168,0.5892003178596497,0.5865705609321594,0.0026297569274902344,0.14880096912384033,0.14880096912384033,117.67693674564362
crack0063_05.png,2.666521906852722,219.3487091064453,217.31591796875,2.0327911376953125,189.3374481201172,188.6215057373047,0.7159423828125,0.12167008966207504,0.12685208022594452,0.005181990563869476,0.0,0.0,0.0,0.0,0.0,0.0,0.591687798500061,0.5933679342269897,-0.001680135726928711,0.16991664469242096,0.16991664469242096,234.76682552695274
crack0063_06.png,3.1197790145874023,110.41295623779297,108.81743621826172,1.59552001953125,112.60708618164062,110.39912414550781,2.2079620361328125,0.292092502117157,0.29668742418289185,0.004594922065734863,0.2836090922355652,0.2909766435623169,0.007367551326751709,0.30963486433029175,0.3055883049964905,-0.0040465593338012695,0.587520182132721,0.5880507230758667,-0.000530540943145752,0.18904849886894226,0.18904849886894226,115.61167502403259
crack0063_07.png,3.017043495178223,147.56304931640625,146.7500457763672,0.8130035400390625,139.7257080078125,136.82911682128906,2.8965911865234375,0.3309030830860138,0.34230586886405945,0.011402785778045654,0.0,0.0,0.0,0.0,0.03207743167877197,0.03207743167877197,0.5943291187286377,0.5909996032714844,0.0033295154571533203,0.18813607096672058,0.18813607096672058,151.0755273103714
crack0063_08.png,2.4081332206726076,114.25116729736328,113.20980834960938,1.0413589477539062,111.89183044433594,110.20301818847656,1.688812255859375,0.2701583504676819,0.2689635753631592,-0.001194775104522705,0.23478198051452637,0.2527611255645752,0.017979145050048828,0.13798731565475464,0.1344042420387268,-0.003583073616027832,0.5920684337615967,0.5903767943382263,0.0016916394233703613,0.13706496357917786,0.13706496357917786,121.27541065216064
crack0063_09.png,3.0671389579772947,113.78764343261719,112.71577453613281,1.071868896484375,109.32710266113281,108.19193267822266,1.1351699829101562,0.19439785182476044,0.2048269659280777,0.01042911410331726,0.26663070917129517,0.2817842960357666,0.015153586864471436,0.23416739702224731,0.2402486801147461,0.006081283092498779,0.5857247114181519,0.5832064747810364,0.0025182366371154785,0.1393287479877472,0.1393287479877472,125.01682633161545
crack0064_00.png,3.7040502548217775,108.77598571777344,106.24178314208984,2.5342025756835938,106.77921295166016,105.75434875488281,1.0248641967773438,0.2867414653301239,0.29455628991127014,0.00781482458114624,0.0,0.0,0.0,0.0,0.0,0.0,0.5837216377258301,0.5803537368774414,0.003367900848388672,0.1057000607252121,0.1057000607252121,113.65326201915741
crack0064_01.png,-0.033342742919921786,115.4189453125,114.39710998535156,1.0218353271484375,103.4683837890625,103.24287414550781,0.2255096435546875,0.22859208285808563,0.21270619332790375,-0.015885889530181885,0.0,0.0,0.0,0.013491332530975342,0.019505321979522705,0.006013989448547363,0.578592836856842,0.5754556059837341,0.00313723087310791,0.13111965358257294,0.13111965358257294,125.28936952352524
crack0064_02.png,0.813786506652832,82.98101806640625,82.83534240722656,0.1456756591796875,103.06536102294922,102.22765350341797,0.83770751953125,0.23597484827041626,0.23850178718566895,0.0025269389152526855,0.0,0.0,0.0,0.0,0.0,0.0,0.5860476493835449,0.5827758312225342,0.003271818161010742,0.13528594374656677,0.13528594374656677,92.19159531593323
crack0064_03.png,3.173021602630615,99.94966888427734,97.87705993652344,2.0726089477539062,108.39019775390625,107.74716186523438,0.643035888671875,0.23488697409629822,0.24416205286979675,0.009275078773498535,0.0,0.0,0.0,0.0,0.0,0.0,0.5852403044700623,0.5827105045318604,0.0025297999382019043,0.12938076257705688,0.12938076257705688,108.22975814342499
crack0064_04.png,1.3151036262512208,107.30694580078125,106.59025573730469,0.7166900634765625,109.4513168334961,108.258056640625,1.1932601928710938,0.20988164842128754,0.20957507193088531,-0.0003065764904022217,0.0,0.0,0.0,0.0,0.0,0.0,0.5880276560783386,0.5843867659568787,0.003640890121459961,0.11533595621585846,0.11533595621585846,117.8952026963234
crack0064_05.png,3.0379300117492676,102.24366760253906,100.99286651611328,1.2508010864257812,103.88548278808594,103.54338073730469,0.34210205078125,0.2242862582206726,0.2427368462085724,0.01845058798789978,0.0,0.0,0.0,0.0,0.0,0.0,0.5850557684898376,0.5806997418403625,0.004356026649475098,0.1114705502986908,0.1114705502986908,111.56332230567932
crack0064_06.png,0.8768239974975586,126.10525512695312,125.32984924316406,0.7754058837890625,104.50173950195312,104.29610443115234,0.20563507080078125,0.288252592086792,0.2869773209095001,-0.0012752711772918701,0.0,0.0,0.0,0.0,0.0,0.0,0.592364490032196,0.5893348455429077,0.00302964448928833,0.11630871891975403,0.11630871891975403,132.19349253177643
crack0064_07.png,0.7840500831604004,90.10391235351562,90.656005859375,-0.552093505859375,106.97869873046875,106.4802474975586,0.49845123291015625,0.18427695333957672,0.19764642417430878,0.013369470834732056,0.0,0.0,0.0,0.0,0.0,0.0,0.5817954540252686,0.5801153182983398,0.001680135726928711,0.10692232847213745,0.10692232847213745,102.59516006708145
crack0064_08.png,3.7113301753997803,104.6285400390625,102.64049530029297,1.9880447387695312,102.74185180664062,102.02499389648438,0.71685791015625,0.21501319110393524,0.2289772629737854,0.013964071869850159,0.0,0.0,0.0,0.0,0.0,0.0,0.5797385573387146,0.5717531442642212,0.007985413074493408,0.10253222286701202,0.10253222286701202,113.9232684969902
crack0064_09.png,0.871523380279541,109.66500091552734,109.06842803955078,0.5965728759765625,104.31488800048828,103.89073181152344,0.42415618896484375,0.2948911786079407,0.29117268323898315,-0.0037184953689575195,0.0,0.0,0.0,0.10976803302764893,0.11532610654830933,0.0055580735206604,0.5881929993629456,0.5781238079071045,0.010069191455841064,0.10901565849781036,0.10901565849781036,115.4240734577179
crack0065_00.png,1.7553449630737306,91.40764617919922,90.17191314697266,1.2357330322265625,103.76458740234375,102.68794250488281,1.0766448974609375,0.30914899706840515,0.3364437222480774,0.02729472517967224,0.05722528696060181,0.0,-0.05722528696060181,0.26479804515838623,0.23463386297225952,-0.03016418218612671,0.5916032195091248,0.5867435336112976,0.0048596858978271484,0.16977302730083466,0.16977302730083466,95.90496861934662
crack0065_01.png,-1.2088532447814941,96.15410614013672,96.19037628173828,-0.0362701416015625,104.90679931640625,104.52666473388672,0.38013458251953125,0.16612698137760162,0.14799077808856964,-0.018136203289031982,0.0,0.0,0.0,0.0,0.0,0.0,0.5883122086524963,0.585155725479126,0.0031564831733703613,0.14008349180221558,0.14008349180221558,110.82528287172318
crack0065_02.png,-2.3021307945251466,97.30558776855469,97.37843322753906,-0.072845458984375,108.37671661376953,107.984130859375,0.39258575439453125,0.28849923610687256,0.29231640696525574,0.0038171708583831787,0.1244625449180603,0.053540825843811035,-0.07092171907424927,0.17602300643920898,0.13867157697677612,-0.03735142946243286,0.5870588421821594,0.5834294557571411,0.0036293864250183105,0.2562011480331421,0.2562011480331421,103.5144100189209
crack0065_03.png,-2.174277353286743,100.93402099609375,100.82003021240234,0.11399078369140625,106.88777160644531,107.02757263183594,-0.139801025390625,0.1678193211555481,0.1670909970998764,-0.0007283240556716919,0.05353701114654541,0.0,-0.05353701114654541,0.02268773317337036,0.0,-0.02268773317337036,0.5800653696060181,0.5808804035186768,-0.0008150339126586914,0.15640142560005188,0.15640142560005188,114.08678191900253
crack0065_04.png,-1.2995849609375,99.1579818725586,100.38339233398438,-1.2254104614257812,111.05215454101562,111.16234588623047,-0.11019134521484375,0.28723838925361633,0.2851993441581726,-0.0020390450954437256,0.0,0.0,0.0,0.11971181631088257,0.1070665717124939,-0.012645244598388672,0.584778904914856,0.581453263759613,0.00332564115524292,0.2003212720155716,0.2003212720155716,106.04988265037537
crack0065_05.png,0.5897030830383301,96.56758880615234,97.36114501953125,-0.7935562133789062,104.79615783691406,104.36261749267578,0.43354034423828125,0.2996606230735779,0.326385498046875,0.02672487497329712,0.026686906814575195,0.0,-0.026686906814575195,0.21580392122268677,0.14043492078781128,-0.07536900043487549,0.5815378427505493,0.5780546069145203,0.0034832358360290527,0.1844850331544876,0.1844850331544876,102.2462432384491
crack0065_06.png,-0.1283098220825195,94.72947692871094,95.22152709960938,-0.4920501708984375,107.10760498046875,106.64456176757812,0.463043212890625,0.3058774173259735,0.3073938488960266,0.0015164315700531006,0.0,0.0,0.0,0.12055492401123047,0.1273859143257141,0.006830990314483643,0.5879661440849304,0.5865359306335449,0.001430213451385498,0.21376949548721313,0.21376949548721313,100.14150273799896
crack0065_07.png,-1.1226499557495118,104.34886932373047,104.24419403076172,0.10467529296875,105.73989868164062,105.71078491210938,0.02911376953125,0.27674365043640137,0.25878632068634033,-0.017957329750061035,0.0,0.0,0.0,0.02287846803665161,0.0,-0.02287846803665161,0.581610918045044,0.5766705274581909,0.004940390586853027,0.1386987268924713,0.1386987268924713,112.03378915786743
crack0065_08.png,0.5826074600219726,96.29267120361328,96.65059661865234,-0.3579254150390625,104.9228515625,104.81671905517578,0.10613250732421875,0.25172704458236694,0.2618669271469116,0.010139882564544678,0.0,0.0,0.0,0.0,0.0,0.0,0.5831372737884521,0.5809650421142578,0.002172231674194336,0.15920878946781158,0.15920878946781158,104.69350218772888
crack0065_09.png,1.6982165336608888,107.81000518798828,107.58650970458984,0.2234954833984375,109.36166381835938,108.87240600585938,0.4892578125,0.20171590149402618,0.21841295063495636,0.016697049140930176,0.0,0.0,0.0,0.0,0.0,0.0,0.5870972871780396,0.5885159373283386,-0.0014186501502990723,0.16055269539356232,0.16055269539356232,119.13594084978104
crack0066_00.png,-0.21617708206176756,133.8509063720703,134.65695190429688,-0.8060455322265625,118.93010711669922,117.57270812988281,1.3573989868164062,0.2437109351158142,0.23700979351997375,-0.006701141595840454,0.0705258846282959,0.07724237442016602,0.006716489791870117,0.2618858218193054,0.2795843482017517,0.01769852638244629,0.5933910012245178,0.5855324864387512,0.007858514785766602,0.127351313829422,0.127351313829422,143.76898157596588
crack0066_01.png,0.8074199676513671,107.74651336669922,107.66212463378906,0.08438873291015625,116.41594696044922,115.40580749511719,1.0101394653320312,0.23688778281211853,0.2346201241016388,-0.0022676587104797363,0.27353721857070923,0.2874079942703247,0.013870775699615479,0.3744887113571167,0.3750980496406555,0.0006093382835388184,0.5828834772109985,0.5842445492744446,-0.001361072063446045,0.16142308712005615,0.16142308712005615,116.9968935251236
crack0066_02.png,0.6887955665588379,101.2559585571289,101.26264190673828,-0.006683349609375,111.22206115722656,109.10318756103516,2.1188735961914062,0.21347276866436005,0.2064216583967209,-0.00705111026763916,0.026045620441436768,0.03204387426376343,0.00599825382232666,0.2843092083930969,0.3002995252609253,0.01599031686782837,0.5893540978431702,0.5850518941879272,0.00430220365524292,0.12243487685918808,0.12243487685918808,112.44816464185715
crack0066_03.png,-0.1983434677124023,105.7409439086914,105.82963562011719,-0.08869171142578125,109.05926513671875,108.29537963867188,0.763885498046875,0.24536392092704773,0.23833337426185608,-0.00703054666519165,0.18498802185058594,0.1867581605911255,0.0017701387405395508,0.35429084300994873,0.3599739074707031,0.0056830644607543945,0.5837370157241821,0.5818262100219727,0.0019108057022094727,0.1330152153968811,0.1330152153968811,114.83476793766022
crack0066_04.png,1.0649980068206788,136.73634338378906,136.67465209960938,0.0616912841796875,116.46159362792969,115.78732299804688,0.6742706298828125,0.17014971375465393,0.17412234842777252,0.003972634673118591,0.27717524766921997,0.2854515314102173,0.008276283740997314,0.3459063768386841,0.362454891204834,0.016548514366149902,0.5855632424354553,0.5834448337554932,0.002118408679962158,0.1267601102590561,0.1267601102590561,149.9190446138382
crack0066_05.png,-0.5930432319641112,110.33667755126953,111.06138610839844,-0.7247085571289062,112.63967895507812,111.78558349609375,0.854095458984375,0.26339030265808105,0.26092132925987244,-0.002468973398208618,0.0,0.0,0.0,0.15357428789138794,0.14181524515151978,-0.011759042739868164,0.5777624249458313,0.5780737996101379,-0.0003113746643066406,0.11652204394340515,0.11652204394340515,118.16670405864716
crack0066_06.png,-0.5950911998748779,103.49465942382812,103.67833709716797,-0.18367767333984375,110.9720458984375,109.53888702392578,1.4331588745117188,0.2536451816558838,0.24086381494998932,-0.01278136670589447,0.0,0.0,0.0,0.053713977336883545,0.06976044178009033,0.016046464443206787,0.5837754607200623,0.5828296542167664,0.0009458065032958984,0.10958243161439896,0.10958243161439896,112.48568779230118
crack0066_07.png,1.5610051631927488,113.0705337524414,112.10807037353516,0.96246337890625,120.708251953125,117.8800048828125,2.8282470703125,0.2546081244945526,0.24764685332775116,-0.006961271166801453,0.0,0.0,0.0,0.11652475595474243,0.13151347637176514,0.014988720417022705,0.5869742631912231,0.5863706469535828,0.0006036162376403809,0.12190040946006775,0.12190040946006775,121.20946139097214
crack0066_08.png,-0.594036340713501,110.90689849853516,111.69451904296875,-0.7876205444335938,110.14460754394531,109.71892547607422,0.42568206787109375,0.2027132660150528,0.2020423710346222,-0.000670894980430603,0.17609018087387085,0.1759001612663269,-0.0001900196075439453,0.33846426010131836,0.34008562564849854,0.0016213655471801758,0.584982693195343,0.5828680992126465,0.002114593982696533,0.14106371998786926,0.14106371998786926,122.57747423648834
crack0066_09.png,-0.521156120300293,109.12610626220703,109.5322494506836,-0.4061431884765625,114.22640991210938,113.03881072998047,1.1875991821289062,0.2005123496055603,0.18781766295433044,-0.012694686651229858,0.08679044246673584,0.09340697526931763,0.006616532802581787,0.263296902179718,0.28033339977264404,0.017036497592926025,0.5893771648406982,0.5853556394577026,0.0040215253829956055,0.13129043579101562,0.13129043579101562,121.63520467281342
crack0067_00.png,-0.23280186653137203,123.76443481445312,123.66014099121094,0.1042938232421875,103.84291076660156,103.68312072753906,0.1597900390625,0.19935652613639832,0.17911233007907867,-0.02024419605731964,0.2905302047729492,0.32063186168670654,0.030101656913757324,0.445160448551178,0.46089500188827515,0.015734553337097168,0.5850557684898376,0.5846943259239197,0.00036144256591796875,0.11632649600505829,0.11632649600505829,136.36777883768082
crack0067_01.png,1.2355735778808594,113.07234954833984,113.13253784179688,-0.06018829345703125,109.67662048339844,108.58589172363281,1.090728759765625,0.2561672329902649,0.26769140362739563,0.011524170637130737,0.36048805713653564,0.3568810820579529,-0.0036069750785827637,0.43323028087615967,0.4429423213005066,0.009712040424346924,0.5876086354255676,0.5855632424354553,0.0020453929901123047,0.15459060668945312,0.15459060668945312,121.23675513267517
crack0067_02.png,2.3223642349243163,113.312255859375,111.83099365234375,1.48126220703125,102.6264419555664,102.1693115234375,0.45713043212890625,0.314837247133255,0.3306516408920288,0.015814393758773804,0.25309276580810547,0.23651307821273804,-0.01657968759536743,0.39774638414382935,0.3964155912399292,-0.0013307929039001465,0.5798654556274414,0.578458309173584,0.0014071464538574219,0.1620991826057434,0.1620991826057434,116.87600815296173
crack0067_03.png,1.0690424919128418,118.22305297851562,117.04067993164062,1.182373046875,103.91138458251953,103.57169342041016,0.339691162109375,0.25217267870903015,0.23693546652793884,-0.015237212181091309,0.2541232705116272,0.27951323986053467,0.02538996934890747,0.405215859413147,0.40598106384277344,0.0007652044296264648,0.5753825306892395,0.5765282511711121,-0.0011457204818725586,0.12374517321586609,0.12374517321586609,126.47686851024628
crack0067_04.png,0.18666791915893555,122.26801300048828,122.68553924560547,-0.4175262451171875,104.07488250732422,104.24116516113281,-0.16628265380859375,0.30074456334114075,0.2891978919506073,-0.011546671390533447,0.20052647590637207,0.23626983165740967,0.0357433557510376,0.37119489908218384,0.38901686668395996,0.017821967601776123,0.5882160663604736,0.5840983986854553,0.0041176676750183105,0.1310989260673523,0.1310989260673523,128.65354526042938
crack0067_05.png,1.7637221813201904,123.11160278320312,122.02168273925781,1.0899200439453125,107.28152465820312,106.8550796508789,0.42644500732421875,0.22497962415218353,0.2335834801197052,0.008603855967521667,0.1857258677482605,0.1770002841949463,-0.008725583553314209,0.33583229780197144,0.33080971240997314,-0.005022585391998291,0.5876624584197998,0.5835639834403992,0.004098474979400635,0.12368305027484894,0.12368305027484894,132.57436364889145
crack0067_06.png,2.775052785873413,138.60379028320312,137.44273376464844,1.1610565185546875,108.49871826171875,107.56568145751953,0.9330368041992188,0.16919830441474915,0.15752319991588593,-0.01167510449886322,0.2696676254272461,0.3214038014411926,0.05173617601394653,0.401214599609375,0.4159090518951416,0.014694452285766602,0.5866973996162415,0.5840638279914856,0.0026335716247558594,0.1147880107164383,0.1147880107164383,152.03976601362228
crack0067_07.png,0.6325412273406983,109.26783752441406,109.23107147216797,0.03676605224609375,102.00203704833984,101.27801513671875,0.7240219116210938,0.21547923982143402,0.21006730198860168,-0.005411937832832336,0.27754443883895874,0.29418087005615234,0.016636431217193604,0.40791797637939453,0.42619597911834717,0.018278002738952637,0.5847981572151184,0.5829565525054932,0.0018416047096252441,0.12383198738098145,0.12383198738098145,120.03734266757965
crack0067_08.png,4.052004718780518,116.39967346191406,115.24425506591797,1.1554183959960938,101.50508880615234,100.78916931152344,0.7159194946289062,0.31275513768196106,0.3342991769313812,0.021544039249420166,0.19769078493118286,0.21996194124221802,0.022271156311035156,0.3624047040939331,0.3734194040298462,0.011014699935913086,0.5806382298469543,0.5807420015335083,-0.00010377168655395508,0.16230374574661255,0.16230374574661255,120.28633606433868
crack0067_09.png,-0.40785064697265627,125.8322982788086,125.11741638183594,0.7148818969726562,101.93729400634766,101.53558349609375,0.40171051025390625,0.256172776222229,0.2574044167995453,0.0012316405773162842,0.1833120584487915,0.14520317316055298,-0.038108885288238525,0.33435243368148804,0.3465219736099243,0.01216953992843628,0.582310676574707,0.578750491142273,0.003560185432434082,0.10964419692754745,0.10964419692754745,133.3969178199768
crack0068_00.png,0.07573261260986328,113.26368713378906,113.21467590332031,0.04901123046875,109.17325592041016,109.04495239257812,0.12830352783203125,0.2620614171028137,0.2593522071838379,-0.00270920991897583,0.479680597782135,0.48210036754608154,0.002419769763946533,0.4285461902618408,0.43819165229797363,0.009645462036132812,0.5867742896080017,0.5843906402587891,0.0023836493492126465,0.17198505997657776,0.17198505997657776,121.14902067184448
crack0068_01.png,2.3435734272003175,110.1968002319336,108.66938018798828,1.5274200439453125,108.21678161621094,106.84983825683594,1.366943359375,0.2505338191986084,0.24445365369319916,-0.006080165505409241,0.4087391495704651,0.4215131402015686,0.012773990631103516,0.3868247866630554,0.3937481641769409,0.006923377513885498,0.5913571715354919,0.5852364301681519,0.006120741367340088,0.1656772494316101,0.1656772494316101,118.42015784978867
crack0068_02.png,2.418818950653076,110.55279541015625,109.8448486328125,0.70794677734375,105.3717269897461,104.75386047363281,0.6178665161132812,0.2668948769569397,0.26597490906715393,-0.0009199678897857666,0.4329514503479004,0.4737182855606079,0.04076683521270752,0.432478129863739,0.4450732469558716,0.012595117092132568,0.5861014723777771,0.5884352326393127,-0.0023337602615356445,0.18394359946250916,0.18394359946250916,117.77773678302765
crack0068_03.png,1.6670773506164551,117.00141143798828,116.1512680053711,0.8501434326171875,110.03184509277344,108.44482421875,1.5870208740234375,0.2500114142894745,0.25156933069229126,0.0015579164028167725,0.4296689033508301,0.4277075529098511,-0.001961350440979004,0.4492585062980652,0.4440782070159912,-0.005180299282073975,0.5909996032714844,0.5876009464263916,0.0033986568450927734,0.1810351014137268,0.1810351014137268,125.2156389951706
crack0068_04.png,0.7869668006896973,123.12247467041016,123.19750213623047,-0.0750274658203125,105.693359375,105.28388977050781,0.4094696044921875,0.2558913230895996,0.25371408462524414,-0.0021772384643554688,0.3977426290512085,0.4195291996002197,0.02178657054901123,0.4050237536430359,0.4127887487411499,0.007764995098114014,0.5784467458724976,0.5784236788749695,2.3066997528076172e-05,0.1636948585510254,0.1636948585510254,131.07501316070557
crack0068_05.png,-0.027094650268554676,138.75897216796875,138.85629272460938,-0.097320556640625,118.61849212646484,118.15141296386719,0.46707916259765625,0.21993738412857056,0.21900317072868347,-0.000934213399887085,0.3381376266479492,0.33013206720352173,-0.00800555944442749,0.3423580527305603,0.3464354872703552,0.004077434539794922,0.5902806520462036,0.5833218097686768,0.0069588422775268555,0.13876783847808838,0.13876783847808838,149.2786682844162
crack0068_06.png,-1.3055830955505372,137.18959045410156,137.2891845703125,-0.0995941162109375,118.73973083496094,117.77898406982422,0.9607467651367188,0.22021788358688354,0.1997637152671814,-0.02045416831970215,0.47924262285232544,0.47573399543762207,-0.003508627414703369,0.4618406295776367,0.44624197483062744,-0.015598654747009277,0.5861591696739197,0.5814993977546692,0.004659771919250488,0.15039141476154327,0.15039141476154327,148.69993138313293
crack0068_07.png,1.1300745964050294,128.84140014648438,128.28167724609375,0.559722900390625,116.66043090820312,115.72008514404297,0.9403457641601562,0.25161033868789673,0.25922074913978577,0.007610410451889038,0.4022613763809204,0.3901657462120056,-0.012095630168914795,0.3675830364227295,0.3599447011947632,-0.007638335227966309,0.5875086784362793,0.585778534412384,0.0017301440238952637,0.17055994272232056,0.17055994272232056,136.96526551246643
crack0068_08.png,2.8527931690216066,130.22434997558594,128.1831512451172,2.04119873046875,115.33663177490234,113.11593627929688,2.2206954956054688,0.24726557731628418,0.24994145333766937,0.002675876021385193,0.37971603870391846,0.36624574661254883,-0.013470292091369629,0.3658187985420227,0.3631616234779358,-0.002657175064086914,0.5930872559547424,0.5868858098983765,0.006201446056365967,0.17752787470817566,0.17752787470817566,138.0913062095642
crack0068_09.png,-0.6643338203430176,120.23567199707031,120.85567474365234,-0.6200027465820312,111.73661804199219,111.50228118896484,0.23433685302734375,0.21668854355812073,0.22162270545959473,0.004934161901473999,0.40998899936676025,0.39325493574142456,-0.016734063625335693,0.3765239715576172,0.37122267484664917,-0.005301296710968018,0.5829796195030212,0.5795655250549316,0.0034140944480895996,0.1745554804801941,0.1745554804801941,130.86354553699493
crack0069_00.png,0.3992344379425048,121.42461395263672,120.48619842529297,0.93841552734375,110.60488891601562,109.02635192871094,1.5785369873046875,0.2373678982257843,0.23516829311847687,-0.002199605107307434,0.02876800298690796,0.0,-0.02876800298690796,0.23051977157592773,0.227275550365448,-0.0032442212104797363,0.594232976436615,0.5903306603431702,0.0039023160934448242,0.10762615501880646,0.10762615501880646,130.61462765932083
crack0069_01.png,-1.3133880615234375,118.29266357421875,118.40557861328125,-0.1129150390625,109.48973846435547,110.07240295410156,-0.5826644897460938,0.21688933670520782,0.20486478507518768,-0.012024551630020142,0.16951501369476318,0.16854077577590942,-0.0009742379188537598,0.37579214572906494,0.3769311308860779,0.0011389851570129395,0.5819069743156433,0.5810688138008118,0.000838160514831543,0.10248066484928131,0.10248066484928131,129.33351296186447
crack0069_02.png,2.1981305122375487,136.16700744628906,134.87986755371094,1.287139892578125,107.40266418457031,106.33647918701172,1.0661849975585938,0.19096121191978455,0.19521313905715942,0.004251927137374878,0.1539921760559082,0.15197646617889404,-0.00201570987701416,0.3529726266860962,0.35960984230041504,0.006637215614318848,0.5846289992332458,0.5790042281150818,0.0056247711181640625,0.10698117315769196,0.10698117315769196,147.45092475414276
crack0069_03.png,2.0630186080932615,124.95084381103516,124.13695526123047,0.8138885498046875,105.31595611572266,105.07807922363281,0.23787689208984375,0.244806706905365,0.25498199462890625,0.01017528772354126,0.11566561460494995,0.12325716018676758,0.007591545581817627,0.3678404688835144,0.3738836646080017,0.006043195724487305,0.579734742641449,0.5788273811340332,0.0009073615074157715,0.10339104384183884,0.10339104384183884,133.04488682746887
crack0069_04.png,2.9060291290283202,118.93201446533203,117.80660247802734,1.1254119873046875,104.084716796875,103.72913360595703,0.35558319091796875,0.25395825505256653,0.2735922336578369,0.019633978605270386,0.0,0.0,0.0,0.24853140115737915,0.261189341545105,0.01265794038772583,0.5801499485969543,0.578458309173584,0.0016916394233703613,0.09426037222146988,0.09426037222146988,126.33781111240387
crack0069_05.png,-0.8165533065795898,124.43445587158203,123.91010284423828,0.52435302734375,118.99711608886719,118.99441528320312,0.0027008056640625,0.23827935755252838,0.2256460040807724,-0.012633353471755981,0.3200424909591675,0.3115096092224121,-0.008532881736755371,0.34648048877716064,0.34619414806365967,-0.00028634071350097656,0.5836947560310364,0.5834448337554932,0.0002499222755432129,0.13773605227470398,0.13773605227470398,133.98130935430527
crack0069_06.png,1.42067232131958,121.31514739990234,120.6220703125,0.6930770874023438,105.30931091308594,105.19943237304688,0.1098785400390625,0.15744876861572266,0.1566798985004425,-0.0007688701152801514,0.17850083112716675,0.19213157892227173,0.01363074779510498,0.3184608221054077,0.3279900550842285,0.0095292329788208,0.5844905972480774,0.5794925093650818,0.0049980878829956055,0.12345391511917114,0.12345391511917114,134.94743883609772
crack0069_07.png,2.0517401695251465,115.91165161132812,115.65082550048828,0.26082611083984375,110.0728759765625,109.18283081054688,0.890045166015625,0.20762480795383453,0.2143414169549942,0.006716609001159668,0.14953720569610596,0.16624397039413452,0.016706764698028564,0.3228306174278259,0.34488892555236816,0.022058308124542236,0.5856478214263916,0.5799154043197632,0.005732417106628418,0.10851873457431793,0.10851873457431793,126.7496629357338
crack0069_08.png,3.265367937088013,127.2905502319336,125.3707504272461,1.9197998046875,113.99976348876953,112.83985900878906,1.1599044799804688,0.23514126241207123,0.23595568537712097,0.0008144229650497437,0.0200803279876709,0.0411798357963562,0.021099507808685303,0.3368074297904968,0.35263925790786743,0.015831828117370605,0.5783160328865051,0.5790042281150818,-0.0006881952285766602,0.09932678937911987,0.09932678937911987,135.38234370946884
crack0069_09.png,1.2782820224761964,121.65824127197266,121.13048553466797,0.5277557373046875,110.8096923828125,110.59268951416016,0.21700286865234375,0.20386037230491638,0.2098759263753891,0.006015554070472717,0.2167503833770752,0.2198014259338379,0.0030510425567626953,0.3019193410873413,0.32062625885009766,0.018706917762756348,0.586935818195343,0.5854248404502869,0.0015109777450561523,0.11882707476615906,0.11882707476615906,132.64017379283905
crack0070_00.png,-1.914789581298828,124.79439544677734,124.37519073486328,0.4192047119140625,112.714111328125,113.49591064453125,-0.78179931640625,0.26366597414016724,0.23800596594810486,-0.025660008192062378,0.0,0.0,0.0,0.0,0.0,0.0,0.5834602117538452,0.5826720595359802,0.0007881522178649902,0.0929703339934349,0.0929703339934349,133.64284360408783
crack0070_01.png,-2.191455841064453,124.34043884277344,121.43199157714844,2.908447265625,105.86289978027344,106.25947570800781,-0.396575927734375,0.33649566769599915,0.27229028940200806,-0.06420537829399109,0.0,0.0,0.0,0.0,0.0,0.0,0.587708592414856,0.5828296542167664,0.0048789381980896,0.09318257868289948,0.09318257868289948,130.0571415424347
crack0070_02.png,2.021070623397827,118.98443603515625,117.06610870361328,1.9183273315429688,108.45193481445312,108.57917785644531,-0.1272430419921875,0.2482902705669403,0.24692167341709137,-0.001368597149848938,0.0,0.0,0.0,0.0,0.0,0.0,0.5818185210227966,0.5752403140068054,0.006578207015991211,0.0891578197479248,0.0891578197479248,126.48271280527115
crack0070_03.png,-3.6723176002502442,122.79036712646484,121.31361389160156,1.4767532348632812,106.91006469726562,108.1544418334961,-1.2443771362304688,0.3072966933250427,0.24971842765808105,-0.05757826566696167,0.0,0.0,0.0,0.0,0.0,0.0,0.5773279666900635,0.5784544348716736,-0.0011264681816101074,0.08928963541984558,0.08928963541984558,130.20706224441528
crack0070_04.png,-4.617427635192871,121.55509948730469,121.12368774414062,0.4314117431640625,105.95260620117188,106.97512817382812,-1.02252197265625,0.3780699372291565,0.3180958926677704,-0.05997404456138611,0.0,0.0,0.0,0.0,0.0,0.0,0.5808188915252686,0.5768665671348572,0.003952324390411377,0.09469710290431976,0.09469710290431976,125.48639571666718
crack0070_05.png,-0.35101408958435054,128.4795684814453,126.27628326416016,2.2032852172851562,113.63540649414062,114.33560180664062,-0.7001953125,0.22148750722408295,0.18809625506401062,-0.03339125216007233,0.0,0.0,0.0,0.0,0.0,0.0,0.5906843543052673,0.5807573795318604,0.009926974773406982,0.08965452015399933,0.08965452015399933,139.7195247411728
crack0070_06.png,-0.26857976913452153,119.725830078125,118.51177215576172,1.2140579223632812,108.74324035644531,108.22229766845703,0.5209426879882812,0.4418240487575531,0.4179643392562866,-0.02385970950126648,0.0,0.0,0.0,0.0,0.0,0.0,0.5904651880264282,0.5850211381912231,0.005444049835205078,0.09480579942464828,0.09480579942464828,117.65954828262329
crack0070_07.png,1.8234939098358154,115.03073120117188,114.72421264648438,0.3065185546875,106.47843933105469,106.91532897949219,-0.4368896484375,0.23955030739307404,0.2592148184776306,0.01966451108455658,0.0,0.0,0.0,0.0,0.0,0.0,0.5812726020812988,0.5783083438873291,0.0029642581939697266,0.08920380473136902,0.08920380473136902,123.75535756349564
crack0070_08.png,-7.315056991577149,125.29003143310547,124.60040283203125,0.6896286010742188,106.10624694824219,107.55156707763672,-1.4453201293945312,0.3792399764060974,0.28329381346702576,-0.09594616293907166,0.0,0.0,0.0,0.0,0.0,0.0,0.5840100049972534,0.577781617641449,0.006228387355804443,0.09187768399715424,0.09187768399715424,131.30798852443695
crack0070_09.png,0.037050437927246105,127.41765594482422,127.91498565673828,-0.4973297119140625,109.59571838378906,109.11544036865234,0.48027801513671875,0.2997417449951172,0.3024514615535736,0.002709716558456421,0.0,0.0,0.0,0.0,0.0,0.0,0.5884813666343689,0.5853440761566162,0.0031372904777526855,0.09104660898447037,0.09104660898447037,133.22107076644897
crack0071_00.png,3.2967035293579103,129.7853240966797,126.55801391601562,3.2273101806640625,116.81452941894531,117.38764190673828,-0.5731124877929688,0.19463258981704712,0.19749665260314941,0.002864062786102295,0.0,0.0,0.0,0.0,0.0,0.0,0.5843983292579651,0.5826604962348938,0.001737833023071289,0.09117661416530609,0.09117661416530609,139.86964678764343
crack0071_01.png,3.3109538078308107,139.61260986328125,138.6758575439453,0.9367523193359375,122.41902160644531,120.09586334228516,2.3231582641601562,0.1613529920578003,0.17705026268959045,0.01569727063179016,0.0,0.0,0.0,0.0,0.0,0.0,0.5909996032714844,0.5862706899642944,0.004728913307189941,0.09329341351985931,0.09329341351985931,153.10303831100464
crack0071_02.png,1.759189987182617,141.78488159179688,141.146484375,0.638397216796875,118.91004943847656,117.39712524414062,1.5129241943359375,0.11286157369613647,0.11577171087265015,0.002910137176513672,0.0,0.0,0.0,0.0,0.0,0.0,0.5906497240066528,0.583579421043396,0.007070302963256836,0.08960679918527603,0.08960679918527603,158.31997752189636
crack0071_03.png,-0.22006239891052237,154.4412078857422,154.08067321777344,0.36053466796875,121.64273071289062,119.29041290283203,2.3523178100585938,0.18632735311985016,0.16631445288658142,-0.020012900233268738,0.0,0.0,0.0,0.0,0.0,0.0,0.5860168933868408,0.5840291976928711,0.0019876956939697266,0.08884935826063156,0.08884935826063156,167.72274911403656
crack0071_04.png,0.705437994003296,140.35250854492188,138.52593994140625,1.826568603515625,119.49967956542969,117.96858978271484,1.5310897827148438,0.2061813473701477,0.18322186172008514,-0.02295948565006256,0.0,0.0,0.0,0.0,0.0,0.0,0.5863322019577026,0.5837523937225342,0.002579808235168457,0.08938324451446533,0.08938324451446533,151.89920061826706
crack0071_05.png,0.12523818016052246,136.63824462890625,135.94610595703125,0.692138671875,114.93580627441406,114.77680969238281,0.15899658203125,0.22654974460601807,0.21890686452388763,-0.007642880082130432,0.0,0.0,0.0,0.0,0.0,0.0,0.580057680606842,0.5805343985557556,-0.0004767179489135742,0.09053736925125122,0.09053736925125122,146.37913936376572
crack0071_06.png,1.3758907318115234,156.0292510986328,155.52516174316406,0.50408935546875,116.32362365722656,115.33638000488281,0.98724365234375,0.10031677782535553,0.10224886238574982,0.0019320845603942871,0.0,0.0,0.0,0.0,0.0,0.0,0.5959284901618958,0.5878700613975525,0.008058428764343262,0.08841351419687271,0.08841351419687271,173.59533935785294
crack0071_07.png,-2.848541498184204,130.6411590576172,132.38609313964844,-1.74493408203125,119.940185546875,118.13468933105469,1.8054962158203125,0.1455310434103012,0.11961928009986877,-0.025911763310432434,0.0,0.0,0.0,0.0,0.0,0.0,0.588615894317627,0.5824375152587891,0.006178379058837891,0.09236839413642883,0.09236839413642883,147.88110506534576
crack0071_08.png,-2.1223262786865233,135.0191192626953,135.52198791503906,-0.50286865234375,120.79270935058594,120.64234924316406,0.150360107421875,0.22411616146564484,0.2015428990125656,-0.022573262453079224,0.0,0.0,0.0,0.0,0.0,0.0,0.586920440196991,0.5837639570236206,0.0031564831733703613,0.09277866780757904,0.09277866780757904,146.6547972559929
crack0071_09.png,4.023538637161255,122.71806335449219,121.41936492919922,1.2986984252929688,116.2728271484375,113.59648132324219,2.6763458251953125,0.20486004650592804,0.22555804252624512,0.020697996020317078,0.0,0.0,0.0,0.0,0.0,0.0,0.579380989074707,0.5794194340705872,-3.844499588012695e-05,0.09516450762748718,0.09516450762748718,132.9538887143135
crack0072_00.png,1.7086267471313477,115.38143157958984,115.0064697265625,0.37496185302734375,109.9333724975586,108.97744750976562,0.9559249877929688,0.3033501207828522,0.30735066533088684,0.004000544548034668,0.5205873250961304,0.5275143384933472,0.006927013397216797,0.47753220796585083,0.48494577407836914,0.0074135661125183105,0.5919107794761658,0.5830565094947815,0.008854269981384277,0.1973726600408554,0.1973726600408554,120.66937458515167
crack0072_01.png,-0.432072925567627,109.79454803466797,109.57406616210938,0.22048187255859375,106.24888610839844,106.15423583984375,0.0946502685546875,0.34822142124176025,0.33781319856643677,-0.010408222675323486,0.5499739050865173,0.5480974912643433,-0.0018764138221740723,0.5017063617706299,0.5029233694076538,0.0012170076370239258,0.5890734195709229,0.5836409330368042,0.005432486534118652,0.18889354169368744,0.18889354169368744,112.97845196723938
crack0072_02.png,0.1645777702331543,112.40081787109375,112.41148376464844,-0.0106658935546875,105.7796630859375,105.29913330078125,0.48052978515625,0.2890012264251709,0.28913888335227966,0.00013765692710876465,0.5313785076141357,0.5308365821838379,-0.0005419254302978516,0.5095571279525757,0.5123580694198608,0.0028009414672851562,0.5831603407859802,0.5833179354667664,-0.0001575946807861328,0.16502349078655243,0.16502349078655243,118.3987946510315
crack0072_03.png,1.4724352836608887,110.01112365722656,109.2777099609375,0.7334136962890625,113.4321517944336,111.66610717773438,1.7660446166992188,0.24383164942264557,0.24379102885723114,-4.062056541442871e-05,0.5283063054084778,0.525704026222229,-0.0026022791862487793,0.4692062735557556,0.4694117307662964,0.00020545721054077148,0.5839830636978149,0.5804844498634338,0.0034986138343811035,0.15579535067081451,0.15579535067081451,118.37627762556076
crack0072_04.png,0.9768095493316651,110.55149841308594,109.90494537353516,0.6465530395507812,103.30607604980469,102.41836547851562,0.8877105712890625,0.23818188905715942,0.24014319479465485,0.0019613057374954224,0.49814683198928833,0.49134284257888794,-0.006803989410400391,0.46321970224380493,0.46072834730148315,-0.0024913549423217773,0.5831641554832458,0.5809034705162048,0.0022606849670410156,0.1598973125219345,0.1598973125219345,119.26387476921082
crack0072_05.png,1.0348334312438965,116.6291275024414,115.99159240722656,0.6375350952148438,101.4552001953125,101.02242279052734,0.43277740478515625,0.27404898405075073,0.27428001165390015,0.00023102760314941406,0.4711869955062866,0.47800207138061523,0.006815075874328613,0.46817076206207275,0.47620677947998047,0.008036017417907715,0.5834717154502869,0.5851441621780396,-0.0016724467277526855,0.21360689401626587,0.21360689401626587,123.27318739891052
crack0072_06.png,2.332425594329834,121.05892944335938,119.95831298828125,1.100616455078125,112.70245361328125,110.23480224609375,2.4676513671875,0.26155728101730347,0.2600425183773041,-0.0015147626399993896,0.49489158391952515,0.5046472549438477,0.00975567102432251,0.47319501638412476,0.48538434505462646,0.012189328670501709,0.5856055617332458,0.5862129926681519,-0.0006074309349060059,0.18629969656467438,0.18629969656467438,128.35458981990814
crack0072_07.png,2.9218332290649416,131.44949340820312,130.3647003173828,1.0847930908203125,122.00096893310547,119.81521606445312,2.1857528686523438,0.24480900168418884,0.2500168979167938,0.0052078962326049805,0.5316770672798157,0.538040280342102,0.006363213062286377,0.5198200941085815,0.5293573141098022,0.009537220001220703,0.5998769402503967,0.5925874710083008,0.007289469242095947,0.17512401938438416,0.17512401938438416,140.2136343717575
crack0072_08.png,-0.39178619384765623,104.02864837646484,104.58430480957031,-0.5556564331054688,106.32022857666016,106.28286743164062,0.03736114501953125,0.3771379292011261,0.37886327505111694,0.0017253458499908447,0.4486773610115051,0.44825392961502075,-0.000423431396484375,0.4722869396209717,0.4698675870895386,-0.0024193525314331055,0.5831180214881897,0.582422137260437,0.0006958842277526855,0.1874488741159439,0.1874488741159439,105.0029217004776
crack0072_09.png,-0.5775872230529785,103.72502899169922,104.04084014892578,-0.3158111572265625,107.04638671875,106.96115112304688,0.085235595703125,0.34240207076072693,0.3345855474472046,-0.007816523313522339,0.5304780006408691,0.5338814854621887,0.00340348482131958,0.4893721342086792,0.48765408992767334,-0.0017180442810058594,0.5915302038192749,0.5866973996162415,0.004832804203033447,0.1872614026069641,0.1872614026069641,107.46900987625122
crack0073_00.png,1.8792789459228516,99.52660369873047,98.82898712158203,0.6976165771484375,102.44880676269531,101.57025146484375,0.8785552978515625,0.3596515953540802,0.37116020917892456,0.01150861382484436,0.445545494556427,0.4442877173423767,-0.001257777214050293,0.47803741693496704,0.48164623975753784,0.0036088228225708008,0.5796924233436584,0.5806958675384521,-0.0010034441947937012,0.2245386391878128,0.2245386391878128,100.82653439044952
crack0073_01.png,1.138543176651001,113.13922119140625,113.3287582397461,-0.18953704833984375,112.17811584472656,111.39134216308594,0.786773681640625,0.20134568214416504,0.210519477725029,0.009173795580863953,0.3724862337112427,0.37417495250701904,0.0016887187957763672,0.31027668714523315,0.3224727511405945,0.012196063995361328,0.5900768637657166,0.584778904914856,0.005297958850860596,0.22010314464569092,0.22010314464569092,124.75632333755493
crack0073_02.png,0.20382637977600093,121.27758026123047,120.46588134765625,0.8116989135742188,108.40287780761719,107.77649688720703,0.6263809204101562,0.17684949934482574,0.16632089018821716,-0.010528609156608582,0.3721923828125,0.36648333072662354,-0.005709052085876465,0.2884526252746582,0.2936120629310608,0.005159437656402588,0.588811993598938,0.5835063457489014,0.005305647850036621,0.13190746307373047,0.13190746307373047,134.44495713710785
crack0073_03.png,-1.08986177444458,117.17019653320312,117.48887634277344,-0.3186798095703125,105.63882446289062,106.05746459960938,-0.41864013671875,0.2667733430862427,0.2542646825313568,-0.012508660554885864,0.4195302724838257,0.42648637294769287,0.0069561004638671875,0.4468405246734619,0.44634658098220825,-0.0004939436912536621,0.5833871364593506,0.5804190635681152,0.0029680728912353516,0.19915568828582764,0.19915568828582764,125.4091409444809
crack0073_04.png,1.8562607765197754,115.42362213134766,115.30720520019531,0.11641693115234375,111.42886352539062,109.74673461914062,1.68212890625,0.22561714053153992,0.22497320175170898,-0.0006439387798309326,0.2835525870323181,0.3078474998474121,0.024294912815093994,0.1877882480621338,0.23324954509735107,0.045461297035217285,0.5900614857673645,0.5863937139511108,0.003667771816253662,0.16376402974128723,0.16376402974128723,125.46948099136353
crack0073_05.png,1.0069692611694336,121.16919708251953,121.12158203125,0.04761505126953125,105.32743835449219,104.49778747558594,0.82965087890625,0.3240789473056793,0.3281501531600952,0.0040712058544158936,0.4053725004196167,0.409576416015625,0.004203915596008301,0.45347291231155396,0.46885204315185547,0.015379130840301514,0.5885543823242188,0.5852133631706238,0.0033410191535949707,0.15981093049049377,0.15981093049049377,125.24282801151276
crack0073_06.png,1.3846023559570313,112.62890625,112.36251831054688,0.266387939453125,106.53805541992188,105.7705078125,0.767547607421875,0.253871351480484,0.2581186592578888,0.004247307777404785,0.35044872760772705,0.35972344875335693,0.009274721145629883,0.3458749055862427,0.3525708317756653,0.006695926189422607,0.5844482779502869,0.5819377303123474,0.002510547637939453,0.1777040809392929,0.1777040809392929,120.64136230945587
crack0073_07.png,1.2268520832061767,111.06610870361328,110.8336410522461,0.2324676513671875,104.89430236816406,104.3379135131836,0.5563888549804688,0.22029054164886475,0.21734966337680817,-0.0029408782720565796,0.4187306761741638,0.4386140704154968,0.019883394241333008,0.4052664637565613,0.4220956563949585,0.016829192638397217,0.5922068357467651,0.5869127511978149,0.005294084548950195,0.15759572386741638,0.15759572386741638,121.5971685051918
crack0073_08.png,1.231344223022461,114.81510925292969,114.77986907958984,0.03524017333984375,101.53669738769531,100.807861328125,0.7288360595703125,0.3004514276981354,0.30522021651268005,0.004768788814544678,0.26761382818222046,0.28271663188934326,0.015102803707122803,0.3157258629798889,0.33473825454711914,0.019012391567230225,0.5837216377258301,0.5857477784156799,-0.0020261406898498535,0.14721465110778809,0.14721465110778809,120.20031464099884
crack0073_09.png,1.89426531791687,113.64286041259766,113.8397445678711,-0.1968841552734375,97.52162170410156,97.43867492675781,0.08294677734375,0.24922721087932587,0.27031466364860535,0.02108745276927948,0.35271918773651123,0.35867559909820557,0.005956411361694336,0.37725716829299927,0.403814435005188,0.02655726671218872,0.583894670009613,0.5805767178535461,0.0033179521560668945,0.1392020434141159,0.1392020434141159,122.14345663785934
crack0074_00.png,-0.7143427848815918,118.00334930419922,118.39030456542969,-0.38695526123046875,109.17532348632812,109.37693786621094,-0.2016143798828125,0.3106237053871155,0.3012365698814392,-0.00938713550567627,0.4785410761833191,0.4879634380340576,0.009422361850738525,0.3958417773246765,0.3968690037727356,0.001027226448059082,0.5850595831871033,0.5818762183189392,0.0031833648681640625,0.21571511030197144,0.21571511030197144,123.52501606941223
crack0074_01.png,0.5837284088134767,107.7000961303711,107.12767791748047,0.572418212890625,104.3610610961914,103.87809753417969,0.48296356201171875,0.32850897312164307,0.33360299468040466,0.005094021558761597,0.3426366448402405,0.32747113704681396,-0.015165507793426514,0.36641961336135864,0.3648620843887329,-0.0015575289726257324,0.5859553813934326,0.5855247974395752,0.0004305839538574219,0.18947833776474,0.18947833776474,111.1415638923645
crack0074_02.png,1.0818394660949706,110.86944580078125,110.25941467285156,0.6100311279296875,108.73332214355469,107.98894500732422,0.7443771362304688,0.35720768570899963,0.355869323015213,-0.001338362693786621,0.38017570972442627,0.38700777292251587,0.0068320631980896,0.3830656409263611,0.39259183406829834,0.009526193141937256,0.5858746767044067,0.5856785774230957,0.00019609928131103516,0.20457357168197632,0.20457357168197632,112.6472579240799
crack0074_03.png,0.54490385055542,108.68682098388672,108.17333221435547,0.51348876953125,105.41216278076172,105.18558502197266,0.2265777587890625,0.300773948431015,0.31061625480651855,0.00984230637550354,0.4140467047691345,0.3924972414970398,-0.021549463272094727,0.3682992458343506,0.3666287660598755,-0.0016704797744750977,0.5871933698654175,0.5868089199066162,0.00038444995880126953,0.17842456698417664,0.17842456698417664,113.87137448787689
crack0074_04.png,-2.808354949951172,100.66717529296875,100.05144500732422,0.6157302856445312,102.44071960449219,102.23890686035156,0.201812744140625,0.32020169496536255,0.3032587170600891,-0.016942977905273438,0.2964845895767212,0.24278485774993896,-0.05369973182678223,0.37581390142440796,0.35207802057266235,-0.023735880851745605,0.5861937999725342,0.5862283706665039,-3.457069396972656e-05,0.18909123539924622,0.18909123539924622,105.6129219532013
crack0074_05.png,-1.3689852714538575,106.66016387939453,105.67240905761719,0.9877548217773438,113.59646606445312,113.22509002685547,0.37137603759765625,0.30565476417541504,0.3038669526576996,-0.001787811517715454,0.3417331576347351,0.2814462184906006,-0.06028693914413452,0.27795255184173584,0.24919557571411133,-0.02875697612762451,0.589111864566803,0.5878815650939941,0.0012302994728088379,0.13342323899269104,0.13342323899269104,111.498743891716
crack0074_06.png,1.1002870559692384,100.9337387084961,100.2218017578125,0.7119369506835938,106.26382446289062,105.81938934326172,0.44443511962890625,0.33010050654411316,0.33540600538253784,0.005305498838424683,0.32030248641967773,0.3177471160888672,-0.002555370330810547,0.2746856212615967,0.2737712264060974,-0.0009143948554992676,0.5863898396492004,0.5891810655593872,-0.0027912259101867676,0.17109766602516174,0.17109766602516174,104.338982462883
crack0074_07.png,3.9176968574523925,101.06429290771484,99.14118957519531,1.9231033325195312,104.16893005371094,103.03121948242188,1.1377105712890625,0.3842068910598755,0.38824453949928284,0.004037648439407349,0.40308648347854614,0.42988109588623047,0.026794612407684326,0.41326165199279785,0.4281134009361267,0.014851748943328857,0.5867243409156799,0.583106517791748,0.0036178231239318848,0.201755553483963,0.201755553483963,100.51930141448975
crack0074_08.png,2.3264134407043455,112.20124053955078,110.57244110107422,1.6287994384765625,112.41680145263672,111.32324981689453,1.0935516357421875,0.32268521189689636,0.31073153018951416,-0.011953681707382202,0.3122017979621887,0.33838099241256714,0.026179194450378418,0.3171401023864746,0.334746778011322,0.017606675624847412,0.5928027629852295,0.5885697603225708,0.004233002662658691,0.18207916617393494,0.18207916617393494,116.45505952835083
crack0074_09.png,2.46604471206665,82.77439880371094,80.57988739013672,2.1945114135742188,106.66236877441406,105.66334533691406,0.9990234375,0.2753783166408539,0.2749391496181488,-0.0004391670227050781,0.3854846954345703,0.3827228546142578,-0.0027618408203125,0.2859567403793335,0.3017345070838928,0.015777766704559326,0.5837908387184143,0.5833525657653809,0.00043827295303344727,0.15298081934452057,0.15298081934452057,88.53242766857147
crack0075_00.png,-0.546936321258545,114.10409545898438,114.98686218261719,-0.8827667236328125,105.84793853759766,105.29754638671875,0.5503921508789062,0.39573702216148376,0.3952125608921051,-0.0005244612693786621,0.0,0.0,0.0,0.14180713891983032,0.1540113091468811,0.012204170227050781,0.58221834897995,0.578277587890625,0.003940761089324951,0.11406776309013367,0.11406776309013367,114.12145912647247
crack0075_01.png,1.1102657318115234,116.98379516601562,117.76122283935547,-0.7774276733398438,105.12906646728516,104.65089416503906,0.47817230224609375,0.31884241104125977,0.3381292223930359,0.019286811351776123,0.0,0.0,0.0,0.0,0.0,0.0,0.5870050191879272,0.5831680297851562,0.003836989402770996,0.1139579713344574,0.1139579713344574,121.72216510772705
crack0075_02.png,1.1117872238159179,111.14781951904297,111.00797271728516,0.1398468017578125,107.05450439453125,106.67103576660156,0.3834686279296875,0.42932096123695374,0.43639639019966125,0.0070754289627075195,0.0,0.0,0.0,0.1966770887374878,0.19065546989440918,-0.006021618843078613,0.586574375629425,0.5802614092826843,0.006312966346740723,0.11742189526557922,0.11742189526557922,108.78161346912384
crack0075_03.png,0.7870050430297852,116.23106384277344,115.73426818847656,0.496795654296875,110.26957702636719,108.87158203125,1.3979949951171875,0.2983795702457428,0.3081813156604767,0.009801745414733887,0.10255521535873413,0.07047152519226074,-0.03208369016647339,0.17816513776779175,0.18017470836639404,0.002009570598602295,0.5923106670379639,0.5865551829338074,0.005755484104156494,0.12712231278419495,0.12712231278419495,121.77231848239899
crack0075_04.png,-0.17150564193725587,113.88019561767578,113.84920501708984,0.0309906005859375,105.09800720214844,104.82781982421875,0.2701873779296875,0.38062870502471924,0.3740379810333252,-0.006590723991394043,0.0,0.0,0.0,0.08247882127761841,0.08277595043182373,0.00029712915420532227,0.5863513946533203,0.5809342265129089,0.005417168140411377,0.10492110997438431,0.10492110997438431,114.87647724151611
crack0075_05.png,1.3931185722351074,115.21664428710938,114.96566772460938,0.2509765625,104.3350601196289,104.13432312011719,0.20073699951171875,0.3499637246131897,0.3574211895465851,0.007457464933395386,0.20921236276626587,0.21525341272354126,0.006041049957275391,0.3190039396286011,0.33781564235687256,0.018811702728271484,0.5855671167373657,0.5799769163131714,0.005590200424194336,0.15347734093666077,0.15347734093666077,117.51601719856262
crack0075_06.png,1.6566301345825196,120.5045394897461,120.11664581298828,0.3878936767578125,106.07247161865234,106.02373504638672,0.048736572265625,0.32097089290618896,0.3467753529548645,0.025804460048675537,0.10386991500854492,0.08088922500610352,-0.022980690002441406,0.2846965193748474,0.2811315059661865,-0.0035650134086608887,0.5830026865005493,0.5803998708724976,0.002602815628051758,0.13118785619735718,0.13118785619735718,124.37244653701782
crack0075_07.png,2.7856423377990724,107.48556518554688,105.87621307373047,1.6093521118164062,105.1251220703125,104.1560287475586,0.9690933227539062,0.3985113203525543,0.40774279832839966,0.009231477975845337,0.0,0.0,0.0,0.025106847286224365,0.018209755420684814,-0.006897091865539551,0.5821607112884521,0.5809073448181152,0.001253366470336914,0.11594834178686142,0.11594834178686142,106.0566383600235
crack0075_08.png,0.4447170257568359,116.82085418701172,117.28781127929688,-0.46695709228515625,103.07074737548828,102.56127166748047,0.5094757080078125,0.40321749448776245,0.4102022647857666,0.00698477029800415,0.12509500980377197,0.12867647409439087,0.0035814642906188965,0.29868465662002563,0.3056914210319519,0.0070067644119262695,0.5767243504524231,0.5765782594680786,0.00014609098434448242,0.14996811747550964,0.14996811747550964,115.93025708198547
crack0075_09.png,2.7231600761413572,114.24705505371094,113.28004455566406,0.967010498046875,105.89268493652344,105.47986602783203,0.41281890869140625,0.3841112554073334,0.4020959138870239,0.017984658479690552,0.0,0.0,0.0,0.24944430589675903,0.23652249574661255,-0.012921810150146484,0.5816301703453064,0.5778239369392395,0.0038062334060668945,0.10911169648170471,0.10911169648170471,113.98208129405975
crack0076_00.png,1.2860479354858398,91.39066314697266,93.2234878540039,-1.83282470703125,127.51953125,122.13432312011719,5.3852081298828125,0.1365949958562851,0.15902455151081085,0.022429555654525757,0.13969272375106812,0.11694639921188354,-0.02274632453918457,0.0982213020324707,0.11346369981765747,0.015242397785186768,0.5920069217681885,0.5899999737739563,0.0020069479942321777,0.10703563690185547,0.10703563690185547,107.79165261983871
crack0076_01.png,3.247147274017334,87.67527770996094,87.27418518066406,0.401092529296875,108.41156768798828,108.3902359008789,0.021331787109375,0.2873072028160095,0.2887805998325348,0.0014733970165252686,0.033448636531829834,0.09946757555007935,0.06601893901824951,0.061279118061065674,0.10022717714309692,0.03894805908203125,0.5882506966590881,0.5862783789634705,0.0019723176956176758,0.10336180031299591,0.10336180031299591,93.76632714271545
crack0076_02.png,3.0563089847564697,103.7552261352539,103.47496795654297,0.2802581787109375,103.00608825683594,103.00631713867188,-0.0002288818359375,0.16732561588287354,0.18189258873462677,0.014566972851753235,0.15899521112442017,0.1937207579612732,0.03472554683685303,0.1206899881362915,0.1709500551223755,0.050260066986083984,0.5908958315849304,0.5853517651557922,0.005544066429138184,0.09635430574417114,0.09635430574417114,117.21139335632324
crack0076_03.png,0.6965086460113525,116.03290557861328,116.54131317138672,-0.5084075927734375,114.94000244140625,114.15875244140625,0.78125,0.20345191657543182,0.19536316394805908,-0.008088752627372742,0.0,0.03571587800979614,0.03571587800979614,0.0,0.003236711025238037,0.003236711025238037,0.5974279046058655,0.5946558713912964,0.002772033214569092,0.0949261337518692,0.0949261337518692,128.46243572235107
crack0076_04.png,-2.2765300273895264,174.74258422851562,178.4747314453125,-3.732147216796875,211.02012634277344,210.16395568847656,0.856170654296875,0.15056347846984863,0.16327445209026337,0.012710973620414734,0.0,0.0,0.0,0.0,0.0,0.0,0.5882314443588257,0.5858246684074402,0.002406775951385498,0.11128204315900803,0.11128204315900803,191.10410690307617
crack0076_05.png,-0.2041131973266601,132.81182861328125,135.34547424316406,-2.5336456298828125,122.5666275024414,119.97760009765625,2.5890274047851562,0.12883062660694122,0.1332399696111679,0.004409343004226685,0.09556055068969727,0.11509144306182861,0.019530892372131348,0.12733817100524902,0.1569952368736267,0.029657065868377686,0.5946020483970642,0.5906035900115967,0.003998458385467529,0.09628836810588837,0.09628836810588837,150.13289576768875
crack0076_06.png,-0.20057325363159184,98.89400482177734,100.0718765258789,-1.1778717041015625,112.08921813964844,111.00770568847656,1.081512451171875,0.23338629305362701,0.2234262377023697,-0.009960055351257324,0.03138822317123413,0.06479495763778687,0.033406734466552734,0.0,0.0,0.0,0.5960668921470642,0.5959361791610718,0.00013071298599243164,0.09488722681999207,0.09488722681999207,109.92004209756851
crack0076_07.png,2.137448835372925,103.72380065917969,105.16666412353516,-1.4428634643554688,128.39166259765625,122.49761962890625,5.89404296875,0.2215408980846405,0.2089347094297409,-0.012606188654899597,0.12197846174240112,0.17847329378128052,0.056494832038879395,0.07696962356567383,0.08541744947433472,0.008447825908660889,0.5917762517929077,0.5924913287162781,-0.0007150769233703613,0.09981957823038101,0.09981957823038101,115.60880297422409
crack0076_08.png,0.7013712882995606,94.46498107910156,97.49061584472656,-3.025634765625,114.72318267822266,114.20504760742188,0.5181350708007812,0.26187562942504883,0.2573813796043396,-0.0044942498207092285,0.15076172351837158,0.24908965826034546,0.09832793474197388,0.0,0.0167466402053833,0.0167466402053833,0.5870934128761292,0.5884390473365784,-0.0013456344604492188,0.10019947588443756,0.10019947588443756,104.07247757911682
crack0076_09.png,-2.381417989730835,90.00245666503906,92.06816101074219,-2.065704345703125,108.82516479492188,110.08882141113281,-1.2636566162109375,0.21647310256958008,0.2064950317144394,-0.009978070855140686,0.153117835521698,0.1804397702217102,0.027321934700012207,0.08135128021240234,0.14233964681625366,0.06098836660385132,0.5818723440170288,0.584494411945343,-0.002622067928314209,0.0998496562242508,0.0998496562242508,102.02538341283798
crack0077_00.png,3.9828809976577757,130.26446533203125,127.0055923461914,3.2588729858398438,103.55097961425781,103.09017181396484,0.46080780029296875,0.12114673107862473,0.125654399394989,0.004507668316364288,0.263123095035553,0.2619020938873291,-0.001221001148223877,0.36710166931152344,0.3720983862876892,0.0049967169761657715,0.5767589211463928,0.5710611343383789,0.005697786808013916,0.09440547227859497,0.09440547227859497,144.43658182024956
crack0077_01.png,3.215244770050049,125.43807220458984,123.841796875,1.5962753295898438,105.21942901611328,104.78207397460938,0.43735504150390625,0.16930636763572693,0.16480088233947754,-0.00450548529624939,0.23530906438827515,0.2790250778198242,0.04371601343154907,0.31091606616973877,0.3503350019454956,0.039418935775756836,0.5789657831192017,0.5775701403617859,0.0013956427574157715,0.10197828710079193,0.10197828710079193,137.91051292419434
crack0077_02.png,1.1256866455078125,131.56849670410156,131.1219482421875,0.4465484619140625,109.63499450683594,109.11016845703125,0.5248260498046875,0.2021016627550125,0.20468531548976898,0.0025836527347564697,0.0,0.0,0.0,0.11402153968811035,0.13066953420639038,0.01664799451828003,0.5879777073860168,0.5814148187637329,0.0065628886222839355,0.08671064674854279,0.08671064674854279,142.73823100328445
crack0077_03.png,1.999885892868042,124.25872039794922,121.80793762207031,2.4507827758789062,107.9255599975586,107.01718139648438,0.9083786010742188,0.2475174367427826,0.23000510036945343,-0.017512336373329163,0.29204481840133667,0.30216503143310547,0.010120213031768799,0.35873788595199585,0.3634556531906128,0.004717767238616943,0.5864744186401367,0.581926167011261,0.004548251628875732,0.11632444709539413,0.11632444709539413,132.69199973344803
crack0077_04.png,2.5737192153930666,138.69174194335938,136.42942810058594,2.2623138427734375,105.7677001953125,104.67672729492188,1.090972900390625,0.18526604771614075,0.18112781643867493,-0.00413823127746582,0.0,0.0,0.0,0.22629797458648682,0.25982844829559326,0.033530473709106445,0.5898000597953796,0.5846481919288635,0.005151867866516113,0.09150942414999008,0.09150942414999008,150.28491842746735
crack0077_05.png,2.3347299098968506,138.92245483398438,139.6000518798828,-0.6775970458984375,108.81559753417969,108.42497253417969,0.390625,0.21229910850524902,0.23095162212848663,0.01865251362323761,0.0,0.0290796160697937,0.0290796160697937,0.10021138191223145,0.20525455474853516,0.10504317283630371,0.5884544253349304,0.5834371447563171,0.005017280578613281,0.09232378005981445,0.09232378005981445,150.06148386001587
crack0077_06.png,6.686466979980469,133.36251831054688,131.3425750732422,2.0199432373046875,104.52372741699219,103.49899291992188,1.0247344970703125,0.20543257892131805,0.23399107158184052,0.02855849266052246,0.16567915678024292,0.2122597098350525,0.04658055305480957,0.2726074457168579,0.31388890743255615,0.04128146171569824,0.5860515236854553,0.5833333134651184,0.002718210220336914,0.09345932304859161,0.09345932304859161,143.46865290403366
crack0077_07.png,5.127033996582031,144.094482421875,142.11888122558594,1.9756011962890625,107.38275146484375,106.00279235839844,1.3799591064453125,0.21188534796237946,0.21047072112560272,-0.0014146268367767334,0.16222697496414185,0.22774332761764526,0.06551635265350342,0.23821097612380981,0.2632087469100952,0.0249977707862854,0.5844598412513733,0.5821607112884521,0.0022991299629211426,0.103543221950531,0.103543221950531,153.85683220624924
crack0077_08.png,3.5466035842895507,114.48150634765625,113.47538757324219,1.0061187744140625,104.10172271728516,103.50699615478516,0.5947265625,0.2437041848897934,0.24247519671916962,-0.0012289881706237793,0.1499239206314087,0.2081589698791504,0.0582350492477417,0.2557932138442993,0.2968321442604065,0.04103893041610718,0.5829219818115234,0.5811342000961304,0.0017877817153930664,0.11651606857776642,0.11651606857776642,122.74681442975998
crack0077_09.png,3.962352657318115,167.78514099121094,165.4663543701172,2.31878662109375,108.20317077636719,107.35476684570312,0.8484039306640625,0.18884015083312988,0.17622783780097961,-0.012612313032150269,0.13699042797088623,0.1925210952758789,0.055530667304992676,0.3464162349700928,0.3610777258872986,0.01466149091720581,0.5871779918670654,0.5848789215087891,0.002299070358276367,0.09343983978033066,0.09343983978033066,179.5391970872879
crack0078_00.png,-0.7857656478881836,97.63909149169922,98.27229309082031,-0.6332015991210938,108.81387329101562,108.44918823242188,0.36468505859375,0.4511846899986267,0.4422081410884857,-0.008976548910140991,0.0,0.0,0.0,0.0,0.0,0.0,0.5897424221038818,0.5792502760887146,0.010492146015167236,0.1053386777639389,0.1053386777639389,95.0129007101059
crack0078_01.png,-1.2481284141540527,89.26712799072266,89.19436645507812,0.07276153564453125,109.00456237792969,108.53386688232422,0.47069549560546875,0.4614267647266388,0.44225651025772095,-0.019170254468917847,0.0,0.0,0.0,0.0,0.0,0.0,0.5850288271903992,0.5844175219535828,0.0006113052368164062,0.11250545084476471,0.11250545084476471,86.0965096950531
crack0078_02.png,0.5033915519714356,92.04400634765625,92.52812194824219,-0.4841156005859375,111.57027435302734,110.62435150146484,0.9459228515625,0.46043074131011963,0.46304112672805786,0.0026103854179382324,0.0,0.0,0.0,0.0,0.0,0.0,0.5905343890190125,0.5805267095565796,0.010007679462432861,0.11425267159938812,0.11425267159938812,88.28159523010254
crack0078_03.png,-0.49246149063110345,99.3823471069336,100.8101806640625,-1.4278335571289062,122.53034973144531,120.54048156738281,1.9898681640625,0.41091859340667725,0.4096202552318573,-0.0012983381748199463,0.0,0.0,0.0,0.0,0.0,0.0,0.5905228853225708,0.5844405889511108,0.006082296371459961,0.1041187196969986,0.1041187196969986,99.13996398448944
crack0078_04.png,3.328598976135254,82.68563842773438,81.55393981933594,1.1316986083984375,118.57865905761719,116.19611358642578,2.3825454711914062,0.4258483350276947,0.4379020631313324,0.012053728103637695,0.0,0.0,0.0,0.0,0.0,0.0,0.5851595401763916,0.5781699419021606,0.006989598274230957,0.10702013969421387,0.10702013969421387,79.97527062892914
crack0078_05.png,-1.5929308891296388,94.21317291259766,95.06804656982422,-0.8548736572265625,119.06766510009766,117.74482727050781,1.3228378295898438,0.5425011515617371,0.5251868367195129,-0.01731431484222412,0.0,0.0,0.0,0.05377072095870972,0.07086396217346191,0.017093241214752197,0.591199517250061,0.5882506966590881,0.0029488205909729004,0.11311125755310059,0.11311125755310059,86.7773802280426
crack0078_06.png,-0.45632076263427734,100.53021240234375,101.41529846191406,-0.8850860595703125,108.03089904785156,107.09904479980469,0.931854248046875,0.4505380094051361,0.44803571701049805,-0.0025022923946380615,0.0,0.0,0.0,0.011495649814605713,0.006754875183105469,-0.004740774631500244,0.5887619853019714,0.5823568105697632,0.006405174732208252,0.10800446569919586,0.10800446569919586,97.64109182357788
crack0078_07.png,-0.9642569541931152,86.9578857421875,87.21176147460938,-0.253875732421875,106.75538635253906,107.35079193115234,-0.5954055786132812,0.4114469587802887,0.4036007225513458,-0.007846236228942871,0.0,0.0,0.0,0.14002710580825806,0.15392249822616577,0.013895392417907715,0.58053058385849,0.5766435861587524,0.003886997699737549,0.10368189960718155,0.10368189960718155,86.09000360965729
crack0078_08.png,-0.28605632781982415,86.40647888183594,86.03255462646484,0.37392425537109375,111.38410949707031,109.9971923828125,1.3869171142578125,0.4611477255821228,0.44248586893081665,-0.018661856651306152,0.0,0.0,0.0,0.0,0.0,0.0,0.5897308588027954,0.5827758312225342,0.0069550275802612305,0.11764176934957504,0.11764176934957504,83.25959897041321
crack0078_09.png,2.470858860015869,99.9186019897461,99.49495697021484,0.42364501953125,115.22634887695312,115.41575622558594,-0.1894073486328125,0.4015159606933594,0.4280839264392853,0.026567965745925903,0.0,0.0,0.0,0.0,0.0,0.0,0.5803844928741455,0.5804460048675537,-6.151199340820312e-05,0.1184007078409195,0.1184007078409195,98.83366203308105
crack0079_00.png,1.1883166313171387,110.12899017333984,110.00827026367188,0.12071990966796875,109.49343872070312,107.22915649414062,2.2642822265625,0.30232200026512146,0.3001164197921753,-0.002205580472946167,0.0,0.0,0.0,0.0,0.0,0.0,0.5903267860412598,0.5818685293197632,0.008458256721496582,0.11766833066940308,0.11766833066940308,115.67471647262573
crack0079_01.png,-0.7362043380737304,101.04734802246094,102.0445556640625,-0.9972076416015625,103.23655700683594,103.66686248779297,-0.43030548095703125,0.3818032443523407,0.3863368630409241,0.004533618688583374,0.0,0.0,0.0,0.0,0.0,0.0,0.5799423456192017,0.5781814455986023,0.0017609000205993652,0.1287020593881607,0.1287020593881607,101.83545100688934
crack0079_02.png,2.0905391693115236,112.15569305419922,111.29144287109375,0.8642501831054688,125.36483001708984,123.53628540039062,1.8285446166992188,0.28188320994377136,0.28265196084976196,0.0007687509059906006,0.0,0.0,0.0,0.04055088758468628,0.043132662773132324,0.002581775188446045,0.5939753651618958,0.5831410884857178,0.010834276676177979,0.12959221005439758,0.12959221005439758,118.56958997249603
crack0079_03.png,0.34496679306030276,106.8017349243164,107.12091827392578,-0.319183349609375,111.88085174560547,109.757080078125,2.1237716674804688,0.3063933551311493,0.301779180765152,-0.0046141743659973145,0.0,0.0,0.0,0.03561258316040039,0.043554067611694336,0.007941484451293945,0.5876317024230957,0.5830373167991638,0.004594385623931885,0.11826884746551514,0.11826884746551514,112.3598438501358
crack0079_04.png,-0.2506834030151367,106.6362075805664,106.32514953613281,0.31105804443359375,102.00860595703125,102.12722778320312,-0.118621826171875,0.36275380849838257,0.3549545109272003,-0.007799297571182251,0.0,0.0,0.0,0.0,0.0,0.0,0.5743790864944458,0.5716378092765808,0.0027412772178649902,0.12117154896259308,0.12117154896259308,108.15857136249542
crack0079_05.png,0.2852034568786621,105.26153564453125,104.98535919189453,0.27617645263671875,105.02632904052734,104.86332702636719,0.16300201416015625,0.3448488116264343,0.3441677689552307,-0.0006810426712036133,0.0,0.0,0.0,0.0,0.0,0.0,0.5770434737205505,0.5770857334136963,-4.225969314575195e-05,0.11443409323692322,0.11443409323692322,107.5568106174469
crack0079_06.png,0.40075273513793946,105.36459350585938,105.40911865234375,-0.044525146484375,109.10102081298828,108.21783447265625,0.8831863403320312,0.3165699243545532,0.3129967749118805,-0.0035731494426727295,0.0,0.0,0.0,0.0,0.0,0.0,0.5874279141426086,0.5779815316200256,0.009446382522583008,0.13142140209674835,0.13142140209674835,110.10416615009308
crack0079_07.png,-4.311071586608887,72.60529327392578,75.45433807373047,-2.8490447998046875,107.05558776855469,108.54534912109375,-1.4897613525390625,0.3523363471031189,0.3414483070373535,-0.01088804006576538,0.0,0.0,0.0,0.0,0.0,0.0,0.575709342956543,0.5755863189697266,0.00012302398681640625,0.119801826775074,0.119801826775074,76.57129096984863
crack0079_08.png,-0.589595890045166,106.02819061279297,105.80052947998047,0.2276611328125,111.37611389160156,110.35337829589844,1.022735595703125,0.35286691784858704,0.3359823524951935,-0.016884565353393555,0.0,0.0,0.0,0.05772840976715088,0.08637112379074097,0.028642714023590088,0.5797693133354187,0.5766589641571045,0.003110349178314209,0.12669116258621216,0.12669116258621216,108.94619143009186
crack0079_09.png,3.3335687637329103,136.92501831054688,134.6455078125,2.279510498046875,150.22030639648438,149.4139862060547,0.8063201904296875,0.26528334617614746,0.2717554271221161,0.006472080945968628,0.0,0.0,0.0,0.0,0.0,0.0,0.5959823131561279,0.5906382203102112,0.005344092845916748,0.1260964274406433,0.1260964274406433,143.7075548171997
crack0080_00.png,-0.753430461883545,116.36941528320312,116.37004852294922,-0.00063323974609375,105.94839477539062,105.38510131835938,0.56329345703125,0.25777989625930786,0.2517118752002716,-0.006068021059036255,0.37211620807647705,0.35143721103668213,-0.020678997039794922,0.2104693055152893,0.23554348945617676,0.02507418394088745,0.5882083773612976,0.579846203327179,0.008362174034118652,0.14699208736419678,0.14699208736419678,124.79535448551178
crack0080_01.png,3.8428009033203123,110.03701782226562,108.43302154541016,1.6039962768554688,106.51361083984375,105.14757537841797,1.3660354614257812,0.2913241684436798,0.30700719356536865,0.015683025121688843,0.44917356967926025,0.45320838689804077,0.004034817218780518,0.2601577639579773,0.2666243314743042,0.006466567516326904,0.591680109500885,0.5847712159156799,0.006908893585205078,0.1518687754869461,0.1518687754869461,115.4227739572525
crack0080_02.png,0.9344908714294433,106.9263687133789,106.2398681640625,0.6865005493164062,103.03898620605469,102.29164123535156,0.747344970703125,0.2758556306362152,0.2759406566619873,8.502602577209473e-05,0.46891647577285767,0.4660463333129883,-0.0028701424598693848,0.2870334982872009,0.2816961407661438,-0.005337357521057129,0.5855786204338074,0.5841522216796875,0.001426398754119873,0.1693829447031021,0.1693829447031021,113.45492541790009
crack0080_03.png,0.3466819763183593,113.91059875488281,112.85411834716797,1.0564804077148438,108.74177551269531,107.91259765625,0.8291778564453125,0.33466047048568726,0.31558743119239807,-0.019073039293289185,0.4391028881072998,0.44734448194503784,0.008241593837738037,0.3036937117576599,0.3080979585647583,0.004404246807098389,0.5898731350898743,0.5860053896903992,0.0038677453994750977,0.1684994250535965,0.1684994250535965,118.04203808307648
crack0080_04.png,0.30214715003967285,102.79653930664062,102.55596923828125,0.240570068359375,100.21832275390625,100.05917358398438,0.159149169921875,0.2492596060037613,0.25710350275039673,0.007843896746635437,0.3931366205215454,0.377327561378479,-0.015809059143066406,0.22444474697113037,0.21561294794082642,-0.008831799030303955,0.5801268815994263,0.580057680606842,6.920099258422852e-05,0.16236761212348938,0.16236761212348938,110.92575317621231
crack0080_05.png,1.9853581428527831,97.0417251586914,96.44219207763672,0.5995330810546875,100.038330078125,100.36965942382812,-0.331329345703125,0.28806987404823303,0.3067712187767029,0.01870134472846985,0.46621614694595337,0.4699134826660156,0.003697335720062256,0.26470404863357544,0.30052512884140015,0.03582108020782471,0.5767127871513367,0.579853892326355,-0.0031411051750183105,0.1651114821434021,0.1651114821434021,102.65192186832428
crack0080_06.png,0.0454536437988281,115.34412384033203,115.02570343017578,0.31842041015625,103.7183837890625,103.68940734863281,0.0289764404296875,0.2612707018852234,0.2553699016571045,-0.0059008002281188965,0.29921847581863403,0.30167239904403687,0.002453923225402832,0.20214295387268066,0.19192785024642944,-0.01021510362625122,0.5848096609115601,0.5825759172439575,0.002233743667602539,0.15667463839054108,0.15667463839054108,123.25510597229004
crack0080_07.png,0.7876008987426758,106.08042907714844,105.64237213134766,0.43805694580078125,101.07332611083984,100.41195678710938,0.6613693237304688,0.3522319197654724,0.34740591049194336,-0.004826009273529053,0.3860817551612854,0.3942407965660095,0.008159041404724121,0.18535321950912476,0.2005244493484497,0.015171229839324951,0.5818839073181152,0.5782660245895386,0.00361788272857666,0.150416299700737,0.150416299700737,108.29240226745605
crack0080_08.png,3.2287981033325197,106.25588989257812,104.5879898071289,1.6679000854492188,105.81248474121094,104.84175109863281,0.970733642578125,0.30068641901016235,0.30553242564201355,0.004846006631851196,0.2869619131088257,0.3052278757095337,0.018265962600708008,0.19165372848510742,0.20702844858169556,0.015374720096588135,0.5890580415725708,0.5877009034156799,0.0013571381568908691,0.18797947466373444,0.18797947466373444,110.9430763721466
crack0080_09.png,-0.9572871208190918,116.70762634277344,115.69335174560547,1.0142745971679688,106.04096984863281,105.08854675292969,0.952423095703125,0.2444397360086441,0.24030469357967377,-0.004135042428970337,0.24404829740524292,0.19078689813613892,-0.053261399269104004,0.17332309484481812,0.17040085792541504,-0.002922236919403076,0.5892772078514099,0.586558997631073,0.002718210220336914,0.1369883120059967,0.1369883120059967,125.35329574346542
crack0081_00.png,0.21929302215576174,145.51217651367188,144.84512329101562,0.66705322265625,103.63053894042969,103.27888488769531,0.351654052734375,0.3254780173301697,0.3155275881290436,-0.009950429201126099,0.0,0.0,0.0,0.062816321849823,0.073760986328125,0.010944664478302002,0.5875163674354553,0.5823260545730591,0.00519031286239624,0.12015406787395477,0.12015406787395477,149.74764931201935
crack0081_01.png,-0.030936813354492165,139.3931121826172,139.65220642089844,-0.25909423828125,102.52007293701172,102.2090072631836,0.311065673828125,0.303762286901474,0.3025733530521393,-0.0011889338493347168,0.0,0.0,0.0,0.00042450428009033203,0.0058293938636779785,0.0054048895835876465,0.5852518081665039,0.5802806615829468,0.004971146583557129,0.1250830888748169,0.1250830888748169,144.7783304452896
crack0081_02.png,2.1802578926086427,152.7866973876953,150.99618530273438,1.7905120849609375,102.55548095703125,102.21324157714844,0.3422393798828125,0.29113802313804626,0.29089996218681335,-0.00023806095123291016,0.0,0.0,0.0,0.02947986125946045,0.022335290908813477,-0.007144570350646973,0.5806958675384521,0.5738984942436218,0.006797373294830322,0.10489100217819214,0.10489100217819214,157.66527831554413
crack0081_03.png,2.9984264373779297,146.6769561767578,145.5873260498047,1.089630126953125,105.38114929199219,104.43975830078125,0.9413909912109375,0.27405115962028503,0.28188085556030273,0.0078296959400177,0.010352373123168945,0.02932727336883545,0.018974900245666504,0.05397135019302368,0.0648687481880188,0.010897397994995117,0.5839331150054932,0.5802614092826843,0.003671705722808838,0.11181730031967163,0.11181730031967163,153.04639613628387
crack0081_04.png,-0.37760162353515625,133.38351440429688,133.91458129882812,-0.53106689453125,103.43365478515625,103.41400909423828,0.01964569091796875,0.263813853263855,0.2641114294528961,0.0002975761890411377,0.0,0.0,0.0,0.030803203582763672,0.0,-0.030803203582763672,0.5826566815376282,0.5796116590499878,0.003045022487640381,0.10387218743562698,0.10387218743562698,141.12648391723633
crack0081_05.png,1.6523218154907227,142.0210723876953,140.8199005126953,1.201171875,104.07890319824219,104.24942016601562,-0.1705169677734375,0.2975511848926544,0.3006771206855774,0.0031259357929229736,0.0,0.0,0.0,0.0,0.0,0.0,0.591088056564331,0.5843560099601746,0.006732046604156494,0.11472532898187637,0.11472532898187637,147.2109376192093
crack0081_06.png,1.8136405944824219,150.394775390625,148.94969177246094,1.4450836181640625,105.44149017333984,104.45405578613281,0.9874343872070312,0.2654593288898468,0.264358252286911,-0.001101076602935791,0.0,0.0,0.0,0.0,0.0,0.0,0.5840715169906616,0.5825297832489014,0.001541733741760254,0.11142060905694962,0.11142060905694962,157.17359912395477
crack0081_07.png,2.924056339263916,148.3214111328125,146.2048797607422,2.1165313720703125,105.64397430419922,104.86952209472656,0.7744522094726562,0.2945970296859741,0.29110804200172424,-0.003488987684249878,0.09604871273040771,0.10871517658233643,0.012666463851928711,0.11985176801681519,0.15934693813323975,0.03949517011642456,0.5895617008209229,0.5828065872192383,0.00675511360168457,0.12689070403575897,0.12689070403575897,153.3791309595108
crack0081_08.png,1.3815197944641113,142.81239318847656,141.93365478515625,0.8787384033203125,103.9651107788086,103.26332092285156,0.7017898559570312,0.29006779193878174,0.2912134826183319,0.001145690679550171,0.0,0.0,0.0,0.0,0.0,0.0,0.5869934558868408,0.5837332010269165,0.0032602548599243164,0.1145155057311058,0.1145155057311058,148.44869470596313
crack0081_09.png,3.189890003204346,142.3857421875,140.19920349121094,2.1865386962890625,105.70690155029297,104.961181640625,0.7457199096679688,0.3199446201324463,0.3130759596824646,-0.0068686604499816895,0.050527989864349365,0.07577884197235107,0.02525085210800171,0.11601215600967407,0.1261730194091797,0.010160863399505615,0.5889580845832825,0.5828450322151184,0.0061130523681640625,0.13231217861175537,0.13231217861175537,146.0662386417389
crack0082_00.png,2.195900630950928,121.61951446533203,121.21224212646484,0.4072723388671875,110.34156036376953,109.98213195800781,0.35942840576171875,0.42221584916114807,0.43809711933135986,0.015881270170211792,0.3318973183631897,0.33858799934387207,0.006690680980682373,0.215190589427948,0.22906219959259033,0.013871610164642334,0.5845521092414856,0.5818839073181152,0.0026682019233703613,0.15502309799194336,0.15502309799194336,119.46501171588898
crack0082_01.png,-0.5149590492248535,120.25519561767578,119.84011840820312,0.41507720947265625,119.32614135742188,117.26785278320312,2.05828857421875,0.30201852321624756,0.3031568229198456,0.0011382997035980225,0.29428279399871826,0.24740731716156006,-0.0468754768371582,0.1325017213821411,0.11300373077392578,-0.019497990608215332,0.5875740051269531,0.5868089199066162,0.0007650852203369141,0.13221296668052673,0.13221296668052673,125.42950582504272
crack0082_02.png,0.08240776062011723,122.32564544677734,123.54925537109375,-1.2236099243164062,110.86944580078125,109.56723022460938,1.302215576171875,0.4455130100250244,0.443445086479187,-0.0020679235458374023,0.45120173692703247,0.4675303101539612,0.01632857322692871,0.3235703110694885,0.31726986169815063,-0.006300449371337891,0.5898077487945557,0.5823721885681152,0.00743556022644043,0.14177794754505157,0.14177794754505157,119.92305517196655
crack0082_03.png,-3.3566484451293945,135.86500549316406,136.8928680419922,-1.027862548828125,113.51640319824219,113.33993530273438,0.1764678955078125,0.3973337411880493,0.378754198551178,-0.018579542636871338,0.29181182384490967,0.26656824350357056,-0.02524358034133911,0.20742559432983398,0.2090083360671997,0.0015827417373657227,0.5813956260681152,0.5789772868156433,0.002418339252471924,0.11471986770629883,0.11471986770629883,136.90950989723206
crack0082_04.png,-0.5989768028259277,115.96308898925781,117.08406829833984,-1.1209793090820312,114.70417785644531,114.01639556884766,0.6877822875976562,0.5169472098350525,0.5137872099876404,-0.0031599998474121094,0.4212684631347656,0.42766690254211426,0.006398439407348633,0.3569931983947754,0.3554037809371948,-0.0015894174575805664,0.597754716873169,0.5916609168052673,0.006093800067901611,0.1391661912202835,0.1391661912202835,109.60653471946716
crack0082_05.png,-1.5305426597595215,147.1802215576172,148.91311645507812,-1.7328948974609375,123.37811279296875,122.41561889648438,0.962493896484375,0.30216094851493835,0.2988050878047943,-0.003355860710144043,0.35868316888809204,0.356641948223114,-0.0020412206649780273,0.1113508939743042,0.1266099214553833,0.015259027481079102,0.5874778628349304,0.5832910537719727,0.004186809062957764,0.1271766722202301,0.1271766722202301,153.61747825145721
crack0082_06.png,-0.16940689086914062,116.72197723388672,117.83817291259766,-1.1161956787109375,107.43132019042969,106.79159545898438,0.6397247314453125,0.4146745800971985,0.4126504361629486,-0.002024143934249878,0.405944287776947,0.4241277575492859,0.018183469772338867,0.22187983989715576,0.2477361559867859,0.025856316089630127,0.5845290422439575,0.5813917517662048,0.0031372904777526855,0.1341257095336914,0.1341257095336914,115.90221059322357
crack0082_07.png,0.9800460815429688,126.4473876953125,125.96475982666016,0.48262786865234375,116.47837829589844,114.86194610595703,1.6164321899414062,0.3477317690849304,0.344417005777359,-0.003314763307571411,0.3280397653579712,0.32926416397094727,0.0012243986129760742,0.27132582664489746,0.27391868829727173,0.0025928616523742676,0.593760073184967,0.5920838117599487,0.0016762614250183105,0.15633755922317505,0.15633755922317505,129.29145634174347
crack0082_08.png,0.015992450714111373,123.68781280517578,124.50225830078125,-0.8144454956054688,115.93536376953125,114.93065643310547,1.0047073364257812,0.31856170296669006,0.3213281035423279,0.0027664005756378174,0.41726619005203247,0.4203057885169983,0.0030395984649658203,0.23040884733200073,0.23396772146224976,0.0035588741302490234,0.5910265445709229,0.5888850688934326,0.0021414756774902344,0.13020670413970947,0.13020670413970947,128.62239515781403
crack0082_09.png,0.536651611328125,115.10590362548828,115.78072357177734,-0.6748199462890625,111.6675796508789,110.37916564941406,1.2884140014648438,0.4351452887058258,0.4331131875514984,-0.0020321011543273926,0.3872894048690796,0.40065550804138184,0.013366103172302246,0.2670828104019165,0.266714870929718,-0.00036793947219848633,0.58931565284729,0.5812149047851562,0.008100748062133789,0.12393530458211899,0.12393530458211899,113.02914845943451
crack0083_00.png,2.951331615447998,96.59110260009766,95.09483337402344,1.4962692260742188,105.7921142578125,104.65472412109375,1.13739013671875,0.3558438718318939,0.3668273091316223,0.010983437299728394,0.38365769386291504,0.38459813594818115,0.0009404420852661133,0.3190818428993225,0.3310093879699707,0.011927545070648193,0.5853402614593506,0.5832449197769165,0.002095341682434082,0.23411314189434052,0.23411314189434052,97.90594613552094
crack0083_01.png,1.698706340789795,94.51288604736328,93.12358093261719,1.3893051147460938,104.92041015625,104.02413940429688,0.896270751953125,0.4414616525173187,0.4455393850803375,0.004077732563018799,0.38671302795410156,0.3728354573249817,-0.013877570629119873,0.3209908604621887,0.31816816329956055,-0.002822697162628174,0.5861014723777771,0.5816070437431335,0.004494428634643555,0.19021782279014587,0.19021782279014587,90.7745932340622
crack0083_02.png,2.843787670135498,101.04293060302734,99.2856674194336,1.75726318359375,104.34432983398438,103.55388641357422,0.7904434204101562,0.3497694730758667,0.3508628308773041,0.001093357801437378,0.441261351108551,0.4591330289840698,0.0178716778755188,0.3639400005340576,0.37565821409225464,0.011718213558197021,0.5863206386566162,0.5871203541755676,-0.000799715518951416,0.20598915219306946,0.20598915219306946,102.66294479370117
crack0083_03.png,3.847321319580078,100.10986328125,97.70044708251953,2.4094161987304688,107.09986877441406,105.48221588134766,1.6176528930664062,0.30118128657341003,0.3033989369869232,0.0022176504135131836,0.4697110056877136,0.4808407425880432,0.01112973690032959,0.28365570306777954,0.2882689833641052,0.004613280296325684,0.5886966586112976,0.5844905972480774,0.004206061363220215,0.15810513496398926,0.15810513496398926,104.38214433193207
crack0083_04.png,2.794075679779053,96.28070068359375,95.6722183227539,0.6084823608398438,102.71662902832031,102.2577133178711,0.45891571044921875,0.2833516299724579,0.3141796886920929,0.03082805871963501,0.3720855116844177,0.35951119661331177,-0.012574315071105957,0.21085083484649658,0.24416548013687134,0.033314645290374756,0.5789119601249695,0.5779430866241455,0.0009688735008239746,0.15646833181381226,0.15646833181381226,102.13184010982513
crack0083_05.png,2.5342061042785646,98.15458679199219,96.17213439941406,1.982452392578125,109.29280090332031,108.0617904663086,1.2310104370117188,0.3163530230522156,0.32139310240745544,0.005040079355239868,0.33875542879104614,0.32769840955734253,-0.011057019233703613,0.23816615343093872,0.24683737754821777,0.008671224117279053,0.588519811630249,0.5860592126846313,0.0024605989456176758,0.16565732657909393,0.16565732657909393,101.72297167778015
crack0083_06.png,1.7748909950256349,103.79258728027344,101.4172134399414,2.3753738403320312,105.09136962890625,104.29975891113281,0.7916107177734375,0.36747923493385315,0.355852872133255,-0.011626362800598145,0.40357351303100586,0.40078771114349365,-0.002785801887512207,0.26612329483032227,0.2829509377479553,0.016827642917633057,0.5877200961112976,0.5846097469329834,0.003110349178314209,0.2267361581325531,0.2267361581325531,104.76253187656403
crack0083_07.png,2.503175163269043,104.81031036376953,103.16858673095703,1.6417236328125,106.86869812011719,105.97962951660156,0.889068603515625,0.3574129045009613,0.3554874360561371,-0.0019254684448242188,0.4436393976211548,0.45733314752578735,0.013693749904632568,0.3382251262664795,0.3393034338951111,0.0010783076286315918,0.5826643705368042,0.579861581325531,0.0028027892112731934,0.17946366965770721,0.17946366965770721,105.96677720546722
crack0083_08.png,2.9889705657958983,98.63519287109375,97.49246978759766,1.1427230834960938,102.4431381225586,101.7603530883789,0.6827850341796875,0.28985705971717834,0.30057406425476074,0.010717004537582397,0.3602941632270813,0.3768851161003113,0.01659095287322998,0.29251110553741455,0.3135796785354614,0.021068572998046875,0.5768858194351196,0.5755824446678162,0.0013033747673034668,0.18124693632125854,0.18124693632125854,103.74784052371979
crack0083_09.png,1.6442767143249513,95.33368682861328,94.70299530029297,0.6306915283203125,107.58644104003906,107.54449462890625,0.0419464111328125,0.2753235101699829,0.279603511095047,0.004280000925064087,0.3100244402885437,0.3237471580505371,0.013722717761993408,0.15288585424423218,0.18142741918563843,0.02854156494140625,0.5808650255203247,0.5782275795936584,0.0026374459266662598,0.15730604529380798,0.15730604529380798,101.73353147506714
crack0084_00.png,1.1681629180908204,107.56249237060547,106.71932220458984,0.843170166015625,115.9796142578125,114.77090454101562,1.208709716796875,0.37777385115623474,0.3708662688732147,-0.0069075822830200195,0.36278945207595825,0.3722924590110779,0.009503006935119629,0.30638134479522705,0.31597375869750977,0.009592413902282715,0.5874279141426086,0.5870780348777771,0.00034987926483154297,0.1696181297302246,0.1696181297302246,108.38604772090912
crack0084_01.png,0.4890596389770508,113.30113220214844,113.10126495361328,0.19986724853515625,119.96144104003906,119.62013244628906,0.34130859375,0.3469826281070709,0.34689971804618835,-8.291006088256836e-05,0.318777859210968,0.3219183683395386,0.0031405091285705566,0.3464232087135315,0.34417831897735596,-0.002244889736175537,0.5861937999725342,0.5853517651557922,0.0008420348167419434,0.22528910636901855,0.22528910636901855,115.83496749401093
crack0084_02.png,1.7655021667480468,121.04545593261719,119.88819885253906,1.157257080078125,111.90326690673828,111.28306579589844,0.6202011108398438,0.3296637237071991,0.335736483335495,0.0060727596282958984,0.2173481583595276,0.20675575733184814,-0.010592401027679443,0.21461021900177002,0.20961594581604004,-0.0049942731857299805,0.5881237983703613,0.5806728005409241,0.007450997829437256,0.1387006938457489,0.1387006938457489,124.21195590496063
crack0084_03.png,3.1042852878570555,137.70013427734375,135.59239196777344,2.1077423095703125,132.15032958984375,130.21884155273438,1.931488037109375,0.21046438813209534,0.21276970207691193,0.0023053139448165894,0.0,0.0,0.0,0.0,0.0,0.0,0.5951941609382629,0.5942060947418213,0.0009880661964416504,0.2013077288866043,0.2013077288866043,147.8261662721634
crack0084_04.png,1.2036870956420898,122.63481903076172,122.28645324707031,0.34836578369140625,121.77963256835938,120.75773620605469,1.0218963623046875,0.26338431239128113,0.26738426089286804,0.003999948501586914,0.0,0.0,0.0,0.0733184814453125,0.08802199363708496,0.014703512191772461,0.5915955305099487,0.5884313583374023,0.0031641721725463867,0.18330229818820953,0.18330229818820953,130.3213986158371
crack0084_05.png,2.3933756828308104,109.58271789550781,109.5722885131836,0.01042938232421875,119.71385955810547,118.39947509765625,1.3143844604492188,0.36225271224975586,0.3715163469314575,0.00926363468170166,0.3431203365325928,0.36831241846084595,0.025192081928253174,0.280614972114563,0.3134850263595581,0.03287005424499512,0.5904344320297241,0.587723970413208,0.0027104616165161133,0.18928062915802002,0.18928062915802002,111.45971775054932
crack0084_06.png,1.2738880157470702,111.61515808105469,111.05303955078125,0.5621185302734375,108.78704071044922,108.7796630859375,0.00737762451171875,0.3114646077156067,0.31325969099998474,0.0017950832843780518,0.17991727590560913,0.19435513019561768,0.014437854290008545,0.2011166214942932,0.22079718112945557,0.019680559635162354,0.5870895981788635,0.5873971581459045,-0.0003075599670410156,0.19481316208839417,0.19481316208839417,116.14210867881775
crack0084_07.png,0.20833816528320315,111.69843292236328,111.80654907226562,-0.10811614990234375,114.12216186523438,114.25985717773438,-0.1376953125,0.25272977352142334,0.25882405042648315,0.0060942769050598145,0.10342848300933838,0.09959012269973755,-0.00383836030960083,0.12095373868942261,0.12496274709701538,0.0040090084075927734,0.5886351466178894,0.5876970291137695,0.000938117504119873,0.1542603224515915,0.1542603224515915,120.13411045074463
crack0084_08.png,-0.7529352188110352,115.75900268554688,116.26840209960938,-0.5093994140625,115.26011657714844,114.06683349609375,1.1932830810546875,0.27515050768852234,0.280025839805603,0.0048753321170806885,0.032943010330200195,0.0,-0.032943010330200195,0.0,0.0,0.0,0.5924875140190125,0.5873163938522339,0.0051711201667785645,0.1757432222366333,0.1757432222366333,123.20417249202728
crack0084_09.png,0.28058414459228515,105.4955062866211,105.7083969116211,-0.212890625,111.15518188476562,110.93778991699219,0.2173919677734375,0.27184632420539856,0.27236729860305786,0.0005209743976593018,0.25363653898239136,0.26127350330352783,0.007636964321136475,0.26090818643569946,0.2696342468261719,0.008726060390472412,0.5882083773612976,0.5867243409156799,0.0014840364456176758,0.1875666081905365,0.1875666081905365,112.81950724124908
crack0085_00.png,-0.2883323669433593,97.09626770019531,96.82362365722656,0.27264404296875,101.18373107910156,100.2817611694336,0.9019699096679688,0.31101125478744507,0.2980647385120392,-0.012946516275405884,0.0,0.0,0.0,0.0,0.0,0.0,0.5809457898139954,0.578096866607666,0.0028489232063293457,0.12425938248634338,0.12425938248634338,102.3138929605484
crack0085_01.png,0.07153015136718752,117.66797637939453,117.95506286621094,-0.28708648681640625,106.4896011352539,106.17222595214844,0.31737518310546875,0.29592567682266235,0.2969895303249359,0.0010638535022735596,0.0,0.0,0.0,0.013512194156646729,0.020217716693878174,0.006705522537231445,0.582129955291748,0.57846599817276,0.003663957118988037,0.13767839968204498,0.13767839968204498,123.34117722511292
crack0085_02.png,1.2697588920593261,110.15934753417969,109.99561309814453,0.16373443603515625,104.80911254882812,103.7642593383789,1.0448532104492188,0.2708362638950348,0.274366170167923,0.0035299062728881836,0.0,0.0,0.0,0.0,0.0,0.0,0.5849404335021973,0.5747981667518616,0.010142266750335693,0.12031131982803345,0.12031131982803345,117.22492182254791
crack0085_03.png,3.014593505859375,87.63774871826172,86.27821350097656,1.3595352172851562,99.8955307006836,98.80439758300781,1.0911331176757812,0.3116748034954071,0.3241834044456482,0.012508600950241089,0.0,0.0,0.0,0.0,0.0,0.0,0.577197253704071,0.5717493295669556,0.0054479241371154785,0.12646670639514923,0.12646670639514923,91.34538304805756
crack0085_04.png,2.8790263652801515,109.87024688720703,108.75764465332031,1.1126022338867188,107.41984558105469,106.3483657836914,1.0714797973632812,0.2487248033285141,0.2635638117790222,0.014839008450508118,0.0,0.0,0.0,0.0,0.0,0.0,0.5856055617332458,0.5818377733230591,0.0037677884101867676,0.13680513203144073,0.13680513203144073,117.81468003988266
crack0085_05.png,2.8364185333251952,121.79806518554688,119.9530029296875,1.845062255859375,113.4006118774414,111.16476440429688,2.2358474731445312,0.2778374254703522,0.2818772792816162,0.004039853811264038,0.04847300052642822,0.0370786190032959,-0.011394381523132324,0.03901189565658569,0.02274036407470703,-0.016271531581878662,0.5911265015602112,0.5853863954544067,0.005740106105804443,0.1269611418247223,0.1269611418247223,127.8503485918045
crack0085_06.png,-0.01997299194335933,107.78606414794922,107.90924072265625,-0.12317657470703125,107.32909393310547,106.4675521850586,0.861541748046875,0.26783984899520874,0.26404497027397156,-0.0037948787212371826,0.02180027961730957,0.01701486110687256,-0.004785418510437012,0.09756487607955933,0.08238029479980469,-0.015184581279754639,0.5836524367332458,0.5773125886917114,0.006339848041534424,0.12733697891235352,0.12733697891235352,115.35105168819427
crack0085_07.png,0.6447582244873047,90.61353302001953,90.2258071899414,0.387725830078125,108.29656219482422,107.13353729248047,1.16302490234375,0.347459077835083,0.3435496687889099,-0.003909409046173096,0.0,0.0,0.0,0.0,0.0,0.0,0.5778200626373291,0.5752056837081909,0.0026143789291381836,0.12995636463165283,0.12995636463165283,92.91949248313904
crack0085_08.png,3.1945404052734374,103.11831665039062,101.08733367919922,2.0309829711914062,102.91703796386719,102.41035461425781,0.506683349609375,0.2745724022388458,0.2865411639213562,0.011968761682510376,0.0,0.0,0.0,0.0,0.0,0.0,0.5770549774169922,0.5769703984260559,8.45789909362793e-05,0.12442027032375336,0.12442027032375336,108.71068012714386
crack0085_09.png,1.8564442634582519,111.87455749511719,111.5281982421875,0.3463592529296875,115.37397766113281,113.66802978515625,1.7059478759765625,0.2864903211593628,0.2951757311820984,0.008685410022735596,0.0,0.0,0.0,0.0,0.0,0.0,0.5879392623901367,0.5846174359321594,0.003321826457977295,0.11754363775253296,0.11754363775253296,118.02952909469604
crack0086_00.png,1.4890591621398928,63.968177795410156,63.40903854370117,0.5591392517089844,116.0435791015625,114.42648315429688,1.617095947265625,0.12977656722068787,0.13091793656349182,0.001141369342803955,0.0,0.0,0.0,0.0,0.0,0.0,0.594232976436615,0.5894386768341064,0.004794299602508545,0.11596377193927765,0.11596377193927765,79.67133319377899
crack0086_01.png,2.9465533256530763,74.24287414550781,73.91242218017578,0.33045196533203125,120.288818359375,118.65919494628906,1.6296234130859375,0.18763607740402222,0.21021884679794312,0.0225827693939209,0.0,0.0,0.0,0.0,0.0,0.0,0.5949596166610718,0.5910188555717468,0.003940761089324951,0.11028584837913513,0.11028584837913513,86.61786818504333
crack0086_02.png,0.24982309341430664,66.8914794921875,66.34868621826172,0.5427932739257812,126.00260162353516,123.95292663574219,2.0496749877929688,0.1412220448255539,0.12512777745723724,-0.01609426736831665,0.0,0.0,0.0,0.0,0.0,0.0,0.5931833982467651,0.5888158679008484,0.004367530345916748,0.12132826447486877,0.12132826447486877,82.83975213766098
crack0086_03.png,-0.1628811597824097,52.856666564941406,52.412471771240234,0.4441947937011719,120.08729553222656,120.08433532714844,0.002960205078125,0.12300550192594528,0.11170369386672974,-0.011301808059215546,0.0,0.0,0.0,0.0,0.0,0.0,0.5925835967063904,0.5851864814758301,0.007397115230560303,0.11812801659107208,0.11812801659107208,69.63569140434265
crack0086_04.png,0.8967673540115357,66.97509002685547,66.81449890136719,0.16059112548828125,122.55616760253906,120.8332748413086,1.7228927612304688,0.12376601248979568,0.11920766532421112,-0.004558347165584564,0.0,0.0,0.0,0.0,0.0,0.0,0.5981160998344421,0.5878239274024963,0.0102921724319458,0.1139073371887207,0.1139073371887207,83.66697853803635
crack0086_05.png,1.1952314376831055,76.71267700195312,76.33943176269531,0.3732452392578125,113.3473129272461,111.94293212890625,1.4043807983398438,0.13080281019210815,0.13101652264595032,0.00021371245384216309,0.0,0.0,0.0,0.0,0.0,0.0,0.5917185544967651,0.5856401324272156,0.0060784220695495605,0.11843821406364441,0.11843821406364441,92.34662795066833
crack0086_06.png,0.33077793121337895,53.64323425292969,53.764827728271484,-0.12159347534179688,119.64688110351562,117.95625305175781,1.6906280517578125,0.15633919835090637,0.15103203058242798,-0.0053071677684783936,0.0,0.0,0.0,0.0,0.0,0.0,0.5921261310577393,0.5871087908744812,0.005017340183258057,0.11391273140907288,0.11391273140907288,68.32715439796448
crack0086_07.png,0.9772302627563476,53.781455993652344,53.251800537109375,0.5296554565429688,119.18746185302734,118.45262908935547,0.734832763671875,0.1789110153913498,0.17847667634487152,-0.0004343390464782715,0.0,0.0,0.0,0.0,0.0,0.0,0.592153012752533,0.5874432921409607,0.004709720611572266,0.11022907495498657,0.11022907495498657,66.49414819478989
crack0086_08.png,1.0370356082916259,61.988258361816406,63.988800048828125,-2.0005416870117188,117.75232696533203,117.75486755371094,-0.00254058837890625,0.12615977227687836,0.15943822264671326,0.0332784503698349,0.0,0.0,0.0,0.0,0.0,0.0,0.5945674777030945,0.5851595401763916,0.00940793752670288,0.11613498628139496,0.11613498628139496,79.20164197683334
crack0086_09.png,-0.543484354019165,64.07902526855469,64.9455337524414,-0.8665084838867188,123.37493896484375,122.47361755371094,0.9013214111328125,0.19354912638664246,0.18808607757091522,-0.005463048815727234,0.0,0.0,0.0,0.0,0.0,0.0,0.5918454527854919,0.5818569660186768,0.009988486766815186,0.12163390219211578,0.12163390219211578,76.90093296766281
crack0087_00.png,2.7625757694244384,101.67005920410156,100.18849182128906,1.4815673828125,110.9718246459961,109.36956024169922,1.602264404296875,0.21468612551689148,0.21263404190540314,-0.0020520836114883423,0.30696219205856323,0.3260309100151062,0.01906871795654297,0.24894332885742188,0.26515430212020874,0.016210973262786865,0.5820645689964294,0.581026554107666,0.0010380148887634277,0.18019600212574005,0.18019600212574005,111.4538157582283
crack0087_01.png,2.7348750591278077,116.40789031982422,115.853271484375,0.5546188354492188,118.0545654296875,117.14546203613281,0.9091033935546875,0.24436716735363007,0.24818545579910278,0.0038182884454727173,0.18296808004379272,0.21764421463012695,0.03467613458633423,0.14533859491348267,0.17548930644989014,0.03015071153640747,0.5844598412513733,0.5813571810722351,0.0031026601791381836,0.20457562804222107,0.20457562804222107,124.84694451093674
crack0087_02.png,2.8843225479125976,101.65686798095703,100.36145782470703,1.29541015625,112.08821105957031,110.20510864257812,1.8831024169921875,0.17232196033000946,0.16871540248394012,-0.003606557846069336,0.20340949296951294,0.23266011476516724,0.029250621795654297,0.04018354415893555,0.08210933208465576,0.041925787925720215,0.5799423456192017,0.5810880661010742,-0.0011457204818725586,0.15970993041992188,0.15970993041992188,114.12976139783859
crack0087_03.png,3.0970810890197757,118.43911743164062,116.08486938476562,2.354248046875,122.48147583007812,119.22416687011719,3.2573089599609375,0.23570998013019562,0.2264561802148819,-0.00925379991531372,0.19165778160095215,0.1938217282295227,0.0021639466285705566,0.1180046796798706,0.11770224571228027,-0.00030243396759033203,0.5962668061256409,0.593925416469574,0.0023413896560668945,0.18509790301322937,0.18509790301322937,127.52529484033585
crack0087_04.png,2.7194238185882567,101.35420227050781,100.4880599975586,0.8661422729492188,108.01101684570312,106.9398193359375,1.071197509765625,0.206415057182312,0.20739813148975372,0.0009830743074417114,0.3330840468406677,0.3666648864746094,0.03358083963394165,0.1751500368118286,0.21088504791259766,0.03573501110076904,0.5802652835845947,0.5801922082901001,7.30752944946289e-05,0.17583203315734863,0.17583203315734863,111.74683904647827
crack0087_05.png,3.5432183265686037,106.9125747680664,105.56172180175781,1.3508529663085938,104.2942886352539,104.20173645019531,0.09255218505859375,0.18004414439201355,0.18314522504806519,0.0031010806560516357,0.06007355451583862,0.10425251722335815,0.04417896270751953,0.0,0.0,0.0,0.5818877220153809,0.5783852338790894,0.003502488136291504,0.1729455590248108,0.1729455590248108,118.71000850200653
crack0087_06.png,2.7483386516571047,99.48310852050781,98.9486083984375,0.5345001220703125,107.23399353027344,106.56027221679688,0.6737213134765625,0.22613655030727386,0.23421674966812134,0.008080199360847473,0.0939323902130127,0.1236010193824768,0.02966862916946411,0.0,0.01734870672225952,0.01734870672225952,0.5908881425857544,0.5881084203720093,0.002779722213745117,0.2013632357120514,0.2013632357120514,109.2831911444664
crack0087_07.png,1.9453996181488038,102.40927124023438,101.62635803222656,0.7829132080078125,111.06361389160156,108.83878326416016,2.2248306274414062,0.20414012670516968,0.20198513567447662,-0.002154991030693054,0.18449950218200684,0.1924976110458374,0.007998108863830566,0.03619176149368286,0.019859492778778076,-0.016332268714904785,0.5884236693382263,0.5852979421615601,0.0031257271766662598,0.17602619528770447,0.17602619528770447,113.43565326929092
crack0087_08.png,2.7073885440826415,94.46356964111328,92.56521606445312,1.8983535766601562,115.25582885742188,113.28620910644531,1.9696197509765625,0.1853843778371811,0.18579146265983582,0.0004070848226547241,0.0,0.0,0.0,0.0,0.0,0.0,0.5846366882324219,0.5849211812019348,-0.00028449296951293945,0.18157833814620972,0.18157833814620972,105.78817743062973
crack0087_09.png,2.17782883644104,98.18637084960938,97.79680633544922,0.38956451416015625,108.04971313476562,106.55939483642578,1.4903182983398438,0.226109579205513,0.22973647713661194,0.003626897931098938,0.23509198427200317,0.25648826360702515,0.021396279335021973,0.07428508996963501,0.11298584938049316,0.038700759410858154,0.5828834772109985,0.5817301273345947,0.0011533498764038086,0.16820946335792542,0.16820946335792542,107.74035292863846
crack0088_00.png,1.3581757068634033,140.11500549316406,139.48275756835938,0.6322479248046875,108.4034194946289,108.33108520507812,0.07233428955078125,0.1574186384677887,0.16234706342220306,0.004928424954414368,0.31016260385513306,0.31585443019866943,0.005691826343536377,0.3602901101112366,0.36077332496643066,0.0004832148551940918,0.5821183919906616,0.5802422165870667,0.0018761754035949707,0.11789846420288086,0.11789846420288086,153.63849890232086
crack0088_01.png,-1.8986398220062255,171.21847534179688,172.74822998046875,-1.529754638671875,113.92520141601562,114.79893493652344,-0.8737335205078125,0.1060042530298233,0.10804003477096558,0.002035781741142273,0.14164435863494873,0.13430064916610718,-0.007343709468841553,0.24801117181777954,0.24151474237442017,-0.006496429443359375,0.5841599106788635,0.5813725590705872,0.002787351608276367,0.11391052603721619,0.11391052603721619,188.98949390649796
crack0088_02.png,-2.8396610498428343,156.656005859375,158.5294952392578,-1.8734893798828125,115.76651000976562,115.25636291503906,0.5101470947265625,0.11590422689914703,0.11200956255197525,-0.0038946643471717834,0.26183420419692993,0.23676913976669312,-0.025065064430236816,0.27064210176467896,0.2657107710838318,-0.004931330680847168,0.5851902961730957,0.5815916657447815,0.003598630428314209,0.10531267523765564,0.10531267523765564,174.27978864312172
crack0088_03.png,-0.17137274742126463,144.36607360839844,144.898681640625,-0.5326080322265625,104.24176025390625,104.20569610595703,0.03606414794921875,0.15456567704677582,0.15364369750022888,-0.000921979546546936,0.24247300624847412,0.25336402654647827,0.01089102029800415,0.2895857095718384,0.3058464527130127,0.016260743141174316,0.5802383422851562,0.5806151628494263,-0.00037682056427001953,0.11034442484378815,0.11034442484378815,158.63836228847504
crack0088_04.png,-2.221179151535034,160.27369689941406,161.22801208496094,-0.954315185546875,115.57801818847656,115.40286254882812,0.1751556396484375,0.13672205805778503,0.13669650256633759,-2.555549144744873e-05,0.2801539897918701,0.24825066328048706,-0.03190332651138306,0.3060082793235779,0.29139018058776855,-0.014618098735809326,0.57760089635849,0.5790696144104004,-0.0014687180519104004,0.10762590169906616,0.10762590169906616,175.71184891462326
crack0088_05.png,-1.00978364944458,143.6614990234375,144.35848999023438,-0.696990966796875,107.93675231933594,108.00650024414062,-0.0697479248046875,0.21038171648979187,0.20648634433746338,-0.003895372152328491,0.2553445100784302,0.2577545642852783,0.0024100542068481445,0.22422075271606445,0.22214055061340332,-0.002080202102661133,0.5775125026702881,0.579254150390625,-0.001741647720336914,0.13739588856697083,0.13739588856697083,154.79097986221313
crack0088_06.png,0.3701499938964844,152.82818603515625,152.4073486328125,0.42083740234375,110.35106658935547,109.5938720703125,0.7571945190429688,0.1340768188238144,0.1356465369462967,0.0015697181224822998,0.24827396869659424,0.23457682132720947,-0.013697147369384766,0.3136681914329529,0.3335795998573303,0.01991140842437744,0.5765282511711121,0.5748096704483032,0.0017185807228088379,0.12008249759674072,0.12008249759674072,167.6342882514
crack0088_07.png,0.44374451637268064,145.62283325195312,145.124267578125,0.498565673828125,109.11270141601562,108.51510620117188,0.59759521484375,0.15046708285808563,0.14630714058876038,-0.004159942269325256,0.2482818365097046,0.24899762868881226,0.000715792179107666,0.2979593873023987,0.31530487537384033,0.01734548807144165,0.5817493200302124,0.5814917087554932,0.0002576112747192383,0.11201305687427521,0.11201305687427521,159.86509478092194
crack0088_08.png,-1.2945192575454711,152.65635681152344,152.75938415527344,-0.10302734375,115.58650207519531,115.3607177734375,0.2257843017578125,0.1119353249669075,0.1133013665676117,0.0013660416007041931,0.22948354482650757,0.19455641508102417,-0.0349271297454834,0.21986007690429688,0.20480740070343018,-0.0150526762008667,0.5833102464675903,0.5831603407859802,0.00014990568161010742,0.11023105680942535,0.11023105680942535,169.3241608440876
crack0088_09.png,0.4008050441741944,135.79205322265625,135.2482452392578,0.5438079833984375,106.66140747070312,106.41288757324219,0.2485198974609375,0.170065775513649,0.16902607679367065,-0.0010396987199783325,0.25039076805114746,0.24747872352600098,-0.0029120445251464844,0.28681039810180664,0.28477537631988525,-0.0020350217819213867,0.5794771313667297,0.580545961856842,-0.0010688304901123047,0.13831950724124908,0.13831950724124908,148.60042309761047
crack0089_00.png,4.6026112079620365,132.03125,129.58328247070312,2.447967529296875,104.30066680908203,103.57967376708984,0.7209930419921875,0.14630049467086792,0.15347005426883698,0.007169559597969055,0.028988361358642578,0.059229254722595215,0.030240893363952637,0.12589967250823975,0.12909972667694092,0.003200054168701172,0.5791926383972168,0.5771164894104004,0.0020761489868164062,0.11920902132987976,0.11920902132987976,145.19694209098816
crack0089_01.png,0.5870994567871094,122.50685119628906,122.0888671875,0.4179840087890625,104.91598510742188,104.03729248046875,0.878692626953125,0.16574972867965698,0.16203874349594116,-0.0037109851837158203,0.0,0.0002447366714477539,0.0002447366714477539,0.07582461833953857,0.11483258008956909,0.03900796175003052,0.5861976146697998,0.583579421043396,0.0026181936264038086,0.12101596593856812,0.12101596593856812,136.02343916893005
crack0089_02.png,4.895734119415283,144.3860626220703,142.2769317626953,2.109130859375,113.58442687988281,112.91072082519531,0.6737060546875,0.11761307716369629,0.1314271092414856,0.013814032077789307,0.14319723844528198,0.17243415117263794,0.029236912727355957,0.16364842653274536,0.1774107813835144,0.013762354850769043,0.596201479434967,0.5901384353637695,0.00606304407119751,0.11233345419168472,0.11233345419168472,160.12277173995972
crack0089_03.png,2.141749382019043,142.44692993164062,140.88450622558594,1.5624237060546875,108.32137298583984,107.66574096679688,0.6556320190429688,0.1320902407169342,0.13356229662895203,0.0014720559120178223,0.0,0.0,0.0,0.051661670207977295,0.05883294343948364,0.007171273231506348,0.5941099524497986,0.589127242565155,0.004982709884643555,0.11471669375896454,0.11471669375896454,157.50470173358917
crack0089_04.png,2.673312282562256,131.841552734375,131.1854248046875,0.6561279296875,107.99653625488281,107.53230285644531,0.4642333984375,0.20430491864681244,0.20200704038143158,-0.0022978782653808594,0.02289789915084839,0.07034355401992798,0.04744565486907959,0.17526459693908691,0.20233160257339478,0.02706700563430786,0.5936716794967651,0.5907343029975891,0.0029373764991760254,0.14257200062274933,0.14257200062274933,143.13993352651596
crack0089_05.png,3.5444922924041746,128.16409301757812,125.60834503173828,2.5557479858398438,107.28887176513672,106.57560729980469,0.7132644653320312,0.17942945659160614,0.17692860960960388,-0.0025008469820022583,0.1128585934638977,0.12828361988067627,0.015425026416778564,0.16981303691864014,0.16696691513061523,-0.0028461217880249023,0.5930296182632446,0.5858669877052307,0.007162630558013916,0.13272181153297424,0.13272181153297424,139.99168717861176
crack0089_06.png,0.6694722890853884,141.0123748779297,138.6868438720703,2.325531005859375,108.37089538574219,107.32073974609375,1.0501556396484375,0.12414445728063583,0.12717010080814362,0.003025643527507782,0.10214167833328247,0.04121541976928711,-0.06092625856399536,0.09365087747573853,0.08006852865219116,-0.013582348823547363,0.5948519706726074,0.5918800234794617,0.002971947193145752,0.11704903095960617,0.11704903095960617,156.19502076506615
crack0089_07.png,2.471792459487915,122.80674743652344,121.44523620605469,1.36151123046875,104.31025695800781,103.76788330078125,0.5423736572265625,0.15114867687225342,0.15000741183757782,-0.0011412650346755981,0.0,0.023597002029418945,0.023597002029418945,0.06398767232894897,0.0728219747543335,0.008834302425384521,0.5796386003494263,0.5786197781562805,0.001018822193145752,0.11497150361537933,0.11497150361537933,136.31109112501144
crack0089_08.png,4.202597665786743,137.87176513671875,135.3186798095703,2.5530853271484375,111.09530639648438,110.34034729003906,0.7549591064453125,0.1693987399339676,0.18546420335769653,0.016065463423728943,0.1669721007347107,0.16624951362609863,-0.0007225871086120605,0.21299737691879272,0.19654834270477295,-0.016449034214019775,0.5926336050033569,0.5903537273406982,0.0022798776626586914,0.11780021339654922,0.11780021339654922,150.13664227724075
crack0089_09.png,3.032022762298584,136.71412658691406,134.6527862548828,2.06134033203125,111.5091552734375,109.90508270263672,1.6040725708007812,0.17407768964767456,0.16199731826782227,-0.012080371379852295,0.05595618486404419,0.08443325757980347,0.028477072715759277,0.06750518083572388,0.11223727464675903,0.044732093811035156,0.5867281556129456,0.5828181505203247,0.00391000509262085,0.13972154259681702,0.13972154259681702,149.43274354934692
crack0090_00.png,0.5523266792297363,105.30364990234375,104.65443420410156,0.6492156982421875,104.91012573242188,104.42825317382812,0.48187255859375,0.317404568195343,0.30727019906044006,-0.010134369134902954,0.40182554721832275,0.4122158885002136,0.01039034128189087,0.3102952241897583,0.315721333026886,0.0054261088371276855,0.5873817801475525,0.5847443342208862,0.0026374459266662598,0.21015268564224243,0.21015268564224243,110.03810131549835
crack0090_01.png,1.6208512306213378,111.37126159667969,110.04312133789062,1.3281402587890625,108.33053588867188,107.32482147216797,1.0057144165039062,0.2643738090991974,0.2567615211009979,-0.007612287998199463,0.27134770154953003,0.2854553461074829,0.01410764455795288,0.20393246412277222,0.20661967992782593,0.002687215805053711,0.5875048041343689,0.589127242565155,-0.0016224384307861328,0.1999601125717163,0.1999601125717163,118.86658990383148
crack0090_02.png,-0.8040554046630859,99.96078491210938,100.10533142089844,-0.1445465087890625,106.88458251953125,106.2701187133789,0.6144638061523438,0.2723326086997986,0.2671608626842499,-0.005171746015548706,0.467119038105011,0.45485323667526245,-0.012265801429748535,0.312319278717041,0.26967430114746094,-0.04264497756958008,0.5759400129318237,0.5759630799293518,-2.3066997528076172e-05,0.14174342155456543,0.14174342155456543,107.04192960262299
crack0090_03.png,-0.3571297168731689,103.87550354003906,103.84941101074219,0.026092529296875,108.45011138916016,107.78045654296875,0.6696548461914062,0.22494842112064362,0.2181778848171234,-0.006770536303520203,0.4633635878562927,0.4612157940864563,-0.0021477937698364258,0.3310081362724304,0.33036988973617554,-0.0006382465362548828,0.5852441191673279,0.5858323574066162,-0.0005882382392883301,0.15598589181900024,0.15598589181900024,114.20507848262787
crack0090_04.png,0.11162776947021485,101.55514526367188,101.87325286865234,-0.31810760498046875,103.73035430908203,103.78977966308594,-0.05942535400390625,0.2684776484966278,0.27247458696365356,0.003996938467025757,0.39195317029953003,0.3945702910423279,0.0026171207427978516,0.33836400508880615,0.33247822523117065,-0.005885779857635498,0.5848634839057922,0.5841368436813354,0.0007266402244567871,0.1893046796321869,0.1893046796321869,109.00007951259613
crack0090_05.png,1.7059111595153809,108.68084716796875,107.31784057617188,1.363006591796875,109.38591003417969,107.7902603149414,1.5956497192382812,0.32782605290412903,0.32557225227355957,-0.002253800630569458,0.47112584114074707,0.4615406394004822,-0.009585201740264893,0.3790988326072693,0.38358229398727417,0.004483461380004883,0.591987669467926,0.5852787494659424,0.006708920001983643,0.2315509170293808,0.2315509170293808,112.14451551437378
crack0090_06.png,6.444546890258789,113.49433898925781,111.10833740234375,2.3860015869140625,111.54037475585938,109.33718872070312,2.20318603515625,0.25922149419784546,0.2741555869579315,0.01493409276008606,0.32205724716186523,0.3644005060195923,0.04234325885772705,0.247822105884552,0.2974334955215454,0.04961138963699341,0.594925045967102,0.5877047181129456,0.007220327854156494,0.19032958149909973,0.19032958149909973,120.54505038261414
crack0090_07.png,2.63244743347168,109.22920989990234,108.16262817382812,1.0665817260742188,108.3322982788086,106.0415267944336,2.290771484375,0.23853322863578796,0.24394384026527405,0.005410611629486084,0.4899362325668335,0.49357765913009644,0.0036414265632629395,0.3469913601875305,0.361348032951355,0.014356672763824463,0.5896578431129456,0.5878815650939941,0.001776278018951416,0.1833900809288025,0.1833900809288025,117.97023904323578
crack0090_08.png,0.11991615295410152,113.0098876953125,113.44673919677734,-0.43685150146484375,111.20130920410156,110.55795288085938,0.6433563232421875,0.19150523841381073,0.18691407144069672,-0.004591166973114014,0.48255783319473267,0.4883415699005127,0.005783736705780029,0.27224022150039673,0.29416507482528687,0.021924853324890137,0.5900461077690125,0.5791618824005127,0.010884225368499756,0.18007920682430267,0.18007920682430267,125.61531347036362
crack0090_09.png,0.6672430038452148,110.09231567382812,110.3819580078125,-0.289642333984375,109.71800231933594,109.16555786132812,0.5524444580078125,0.2427026778459549,0.2371336668729782,-0.005569010972976685,0.4303153157234192,0.4564792513847351,0.026163935661315918,0.3649930953979492,0.3943145275115967,0.02932143211364746,0.5920261144638062,0.5886543393135071,0.0033717751502990723,0.16067180037498474,0.16067180037498474,119.69016140699387
crack0091_00.png,3.52111873626709,97.66607666015625,94.5055160522461,3.1605606079101562,110.91087341308594,110.11079406738281,0.800079345703125,0.17035049200057983,0.16932496428489685,-0.0010255277156829834,0.0,0.0,0.0,0.0,0.0,0.0,0.587543249130249,0.584479033946991,0.0030642151832580566,0.1312180757522583,0.1312180757522583,109.42802846431732
crack0091_01.png,1.7071210861206056,115.67887878417969,114.06404876708984,1.6148300170898438,115.57433319091797,114.4073715209961,1.166961669921875,0.20638419687747955,0.19723935425281525,-0.009144842624664307,0.0,0.0,0.0,0.02724599838256836,0.026762425899505615,-0.00048357248306274414,0.5990311503410339,0.590103805065155,0.008927345275878906,0.13888120651245117,0.13888120651245117,126.99834853410721
crack0091_02.png,2.972062921524048,85.39361572265625,82.43444061279297,2.9591751098632812,106.14173889160156,107.33636474609375,-1.1946258544921875,0.19392932951450348,0.20061719417572021,0.006687864661216736,0.0,0.0,0.0,0.02451986074447632,0.0,-0.02451986074447632,0.5866743326187134,0.5877816081047058,-0.0011072754859924316,0.13081780076026917,0.13081780076026917,95.78953272104263
crack0091_03.png,4.313673591613769,94.52857971191406,91.34796142578125,3.1806182861328125,108.54747009277344,108.86368560791016,-0.31621551513671875,0.17761413753032684,0.1925337165594101,0.014919579029083252,0.0,0.0,0.0,0.0,0.0,0.0,0.5870972871780396,0.5854479074478149,0.0016493797302246094,0.12887492775917053,0.12887492775917053,105.76531380414963
crack0091_04.png,5.3303052425384525,86.46310424804688,81.49472045898438,4.9683837890625,110.21421813964844,109.81816101074219,0.39605712890625,0.14345908164978027,0.14245803654193878,-0.0010010451078414917,0.0,0.0,0.0,0.0,0.0,0.0,0.5867781639099121,0.5796886086463928,0.007089555263519287,0.10681045800447464,0.10681045800447464,98.90255671739578
crack0091_05.png,3.1363797187805176,77.1612319946289,75.2521743774414,1.9090576171875,108.55455780029297,110.88713073730469,-2.3325729370117188,0.194158673286438,0.22248631715774536,0.028327643871307373,0.150046706199646,0.14714640378952026,-0.0029003024101257324,0.19188469648361206,0.18686306476593018,-0.005021631717681885,0.5894502401351929,0.5891964435577393,0.0002537965774536133,0.13502013683319092,0.13502013683319092,88.13519239425659
crack0091_06.png,3.5593231201171873,94.97216033935547,91.71041107177734,3.261749267578125,112.15335083007812,112.02682495117188,0.12652587890625,0.1582697331905365,0.15859821438789368,0.00032848119735717773,0.0,0.0,0.0,0.0,0.0,0.0,0.5941253304481506,0.5886082053184509,0.005517125129699707,0.11342005431652069,0.11342005431652069,107.61011493206024
crack0091_07.png,2.1174474239349363,98.39093780517578,97.16219329833984,1.2287445068359375,112.22547912597656,112.08369445800781,0.14178466796875,0.1508811116218567,0.15784381330013275,0.006962701678276062,0.0,0.0,0.0,0.0,0.0,0.0,0.5955286622047424,0.5886543393135071,0.0068743228912353516,0.12179209291934967,0.12179209291934967,112.54484534263611
crack0091_08.png,2.781621789932251,96.3085708618164,93.96495056152344,2.3436203002929688,109.99362182617188,110.52128601074219,-0.5276641845703125,0.124921053647995,0.1291974037885666,0.004276350140571594,0.0,0.0,0.0,0.0,0.0,0.0,0.5916916728019714,0.5840176939964294,0.007673978805541992,0.1147662028670311,0.1147662028670311,111.30916440486908
crack0091_09.png,0.06519989967346196,99.47383880615234,99.21720886230469,0.25662994384765625,116.81697082519531,116.99539184570312,-0.1784210205078125,0.130935400724411,0.135519340634346,0.0045839399099349976,0.2112797498703003,0.19379311800003052,-0.017486631870269775,0.2138381004333496,0.20016485452651978,-0.013673245906829834,0.5970972776412964,0.5917800664901733,0.005317211151123047,0.12350823730230331,0.12350823730230331,115.37329089641571
crack0092_00.png,0.976717472076416,153.01422119140625,151.77520751953125,1.239013671875,109.9011001586914,109.7384033203125,0.16269683837890625,0.1345391571521759,0.13037583231925964,-0.00416332483291626,0.0,0.0,0.0,0.0,0.0,0.0,0.5823990702629089,0.5822567939758301,0.00014227628707885742,0.0933719202876091,0.0933719202876091,167.86812722682953
crack0092_01.png,-0.6612320423126221,134.05990600585938,134.95919799804688,-0.8992919921875,114.90869140625,114.57501220703125,0.33367919921875,0.16517771780490875,0.16590067744255066,0.0007229596376419067,0.0,0.0,0.0,0.12792038917541504,0.11430180072784424,-0.0136185884475708,0.5765628814697266,0.5753940939903259,0.0011687874794006348,0.10524682700634003,0.10524682700634003,147.66140419244766
crack0092_02.png,-0.9597258567810059,110.59705352783203,111.14825439453125,-0.5512008666992188,104.8406982421875,105.12077331542969,-0.2800750732421875,0.1881767213344574,0.1768874228000641,-0.01128929853439331,0.18661856651306152,0.19874364137649536,0.012125074863433838,0.1758984923362732,0.191389799118042,0.015491306781768799,0.5811149477958679,0.5780737996101379,0.0030411481857299805,0.11939679831266403,0.11939679831266403,123.50400650501251
crack0092_03.png,-3.2791067123413087,132.61390686035156,133.85997009277344,-1.246063232421875,109.60887145996094,107.80076599121094,1.80810546875,0.209333598613739,0.18763503432273865,-0.021698564291000366,0.027082502841949463,0.0,-0.027082502841949463,0.1411648988723755,0.16253989934921265,0.021375000476837158,0.5785467028617859,0.5769742131233215,0.0015724897384643555,0.10061173141002655,0.10061173141002655,145.12070453166962
crack0092_04.png,0.9086203575134277,136.19140625,135.98243713378906,0.2089691162109375,106.56553649902344,105.08390808105469,1.48162841796875,0.16118162870407104,0.14810475707054138,-0.013076871633529663,0.08735567331314087,0.11553078889846802,0.02817511558532715,0.17532432079315186,0.18117552995681763,0.0058512091636657715,0.5840561389923096,0.5834025144577026,0.0006536245346069336,0.10241815447807312,0.10241815447807312,150.56288182735443
crack0092_05.png,0.38213071823120115,130.7666473388672,130.62109375,0.1455535888671875,109.50517272949219,109.01087951660156,0.494293212890625,0.1928553432226181,0.18135766685009003,-0.011497676372528076,0.03461408615112305,0.05272549390792847,0.01811140775680542,0.09154069423675537,0.08450978994369507,-0.007030904293060303,0.585959255695343,0.5801038146018982,0.005855441093444824,0.10477468371391296,0.10477468371391296,143.2507807612419
crack0092_06.png,1.0751023769378663,132.10951232910156,131.07383728027344,1.035675048828125,108.24005889892578,107.60560607910156,0.6344528198242188,0.16549383103847504,0.1586717665195465,-0.006822064518928528,0.0,0.0,0.0,0.0,0.0,0.0,0.5889465808868408,0.5806612968444824,0.008285284042358398,0.10373780131340027,0.10373780131340027,145.62923204898834
crack0092_07.png,0.9016422271728515,136.162353515625,134.42369079589844,1.7386627197265625,107.68291473388672,106.55474090576172,1.128173828125,0.16479024291038513,0.14686039090156555,-0.01792985200881958,0.0,0.0,0.0,0.0118599534034729,0.0,-0.0118599534034729,0.5847904682159424,0.581138014793396,0.0036524534225463867,0.09909775853157043,0.09909775853157043,149.87301743030548
crack0092_08.png,1.857579231262207,132.63058471679688,131.11207580566406,1.5185089111328125,107.01527404785156,105.14469909667969,1.870574951171875,0.15041601657867432,0.14394819736480713,-0.0064678192138671875,0.0,0.0,0.0,0.0,0.0,0.0,0.5835755467414856,0.5808688998222351,0.0027066469192504883,0.09907229244709015,0.09907229244709015,146.57746028900146
crack0092_09.png,0.5829854011535645,140.4028778076172,140.4058380126953,-0.002960205078125,109.51815795898438,108.7380142211914,0.7801437377929688,0.14992134273052216,0.14774666726589203,-0.002174675464630127,0.12147563695907593,0.13017702102661133,0.0087013840675354,0.1278347373008728,0.1314728856086731,0.003638148307800293,0.5841137766838074,0.58161860704422,0.0024951696395874023,0.12372035533189774,0.12372035533189774,154.90410894155502
crack0093_00.png,-2.129494047164917,139.75479125976562,140.7445068359375,-0.989715576171875,110.2116470336914,111.32998657226562,-1.1183395385742188,0.2161950021982193,0.2055709958076477,-0.010624006390571594,0.0,0.0,0.0,0.0,0.0,0.0,0.5913033485412598,0.5873664021492004,0.003936946392059326,0.11361034214496613,0.11361034214496613,151.5675232410431
crack0093_01.png,0.7598457336425781,110.92888641357422,110.52558135986328,0.4033050537109375,114.17406463623047,113.66690063476562,0.5071640014648438,0.27391543984413147,0.27485406398773193,0.0009386241436004639,0.0,0.0,0.0,0.0,0.0,0.0,0.5910226702690125,0.5890580415725708,0.0019646286964416504,0.138947993516922,0.138947993516922,117.93321430683136
crack0093_02.png,0.7642384052276612,131.32801818847656,131.88296508789062,-0.5549468994140625,112.12430572509766,110.79973602294922,1.3245697021484375,0.23599673807621002,0.244283527135849,0.008286789059638977,0.0,0.0,0.0,0.0,0.0,0.0,0.5928989052772522,0.5897385478019714,0.0031603574752807617,0.1110212653875351,0.1110212653875351,141.16164356470108
crack0093_03.png,-0.8941616058349608,121.91468811035156,122.37948608398438,-0.4647979736328125,108.67518615722656,108.40050506591797,0.27468109130859375,0.20938953757286072,0.19928497076034546,-0.010104566812515259,0.0,0.0,0.0,0.0,0.0,0.0,0.5894656181335449,0.582737386226654,0.006728231906890869,0.11460284888744354,0.11460284888744354,133.76861357688904
crack0093_04.png,-1.9273595333099365,124.59044647216797,126.34137725830078,-1.7509307861328125,107.60038757324219,106.98344421386719,0.616943359375,0.2522929310798645,0.24722008407115936,-0.005072847008705139,0.0,0.0,0.0,0.0,0.0,0.0,0.5882545113563538,0.5886889696121216,-0.00043445825576782227,0.122516930103302,0.122516930103302,134.18026560544968
crack0093_05.png,-0.5975806713104248,141.82394409179688,142.51031494140625,-0.686370849609375,104.18731689453125,103.9291763305664,0.25814056396484375,0.19228139519691467,0.1936499923467636,0.001368597149848938,0.0,0.0,0.0,0.0,0.0,0.0,0.5773317813873291,0.5804306268692017,-0.0030988454818725586,0.10291575640439987,0.10291575640439987,153.84747087955475
crack0093_06.png,-0.2684543609619141,128.89479064941406,128.88975524902344,0.005035400390625,110.66088104248047,109.72772216796875,0.9331588745117188,0.2651287615299225,0.25316122174263,-0.01196753978729248,0.0,0.0,0.0,0.0,0.0,0.0,0.5958054661750793,0.588039219379425,0.007766246795654297,0.11470794677734375,0.11470794677734375,137.53481829166412
crack0093_07.png,-0.10330781936645508,119.5986328125,119.54300689697266,0.05562591552734375,106.8465576171875,106.87583923339844,-0.0292816162109375,0.22605383396148682,0.22549769282341003,-0.0005561411380767822,0.0,0.0,0.0,0.0,0.0,0.0,0.5827988982200623,0.5853671431541443,-0.0025682449340820312,0.124961718916893,0.124961718916893,129.4556440114975
crack0093_08.png,0.09163522720336914,125.98509979248047,125.76856231689453,0.2165374755859375,107.98898315429688,107.83074951171875,0.158233642578125,0.24228933453559875,0.23871812224388123,-0.0035712122917175293,0.0,0.0,0.0,0.0,0.007113158702850342,0.007113158702850342,0.5857400894165039,0.5833025574684143,0.0024375319480895996,0.11936266720294952,0.11936266720294952,134.98334729671478
crack0093_09.png,-2.6238468170166014,120.4166259765625,122.21709442138672,-1.8004684448242188,108.48408508300781,108.57536315917969,-0.091278076171875,0.24965396523475647,0.2369711697101593,-0.012682795524597168,0.0,0.0,0.0,0.044162213802337646,0.05306553840637207,0.008903324604034424,0.5944867134094238,0.5887928009033203,0.005693912506103516,0.12556594610214233,0.12556594610214233,130.878058552742
crack0094_00.png,1.3433131217956542,107.1625747680664,106.61929321289062,0.5432815551757812,101.90237426757812,101.5784912109375,0.323883056640625,0.33895349502563477,0.33674725890159607,-0.0022062361240386963,0.0,0.01892530918121338,0.01892530918121338,0.04925107955932617,0.08594644069671631,0.03669536113739014,0.584479033946991,0.5822299122810364,0.00224912166595459,0.24298977851867676,0.24298977851867676,110.06525981426239
crack0094_01.png,0.43604135513305664,104.7498550415039,105.33263397216797,-0.5827789306640625,104.41287231445312,104.33779907226562,0.0750732421875,0.33229783177375793,0.324165403842926,-0.00813242793083191,0.0488353967666626,0.08662891387939453,0.037793517112731934,0.018721342086791992,0.045118510723114014,0.02639716863632202,0.5794079303741455,0.5762168169021606,0.0031911134719848633,0.2201891988515854,0.2201891988515854,108.7676374912262
crack0094_02.png,0.35150785446166993,99.35765075683594,99.24101257324219,0.11663818359375,100.61685180664062,100.42561340332031,0.1912384033203125,0.326988160610199,0.32901591062545776,0.002027750015258789,0.0,0.0,0.0,0.0,0.0,0.0,0.5848904252052307,0.5849865674972534,-9.614229202270508e-05,0.23150649666786194,0.23150649666786194,103.07950472831726
crack0094_03.png,1.040340518951416,98.11369323730469,98.2269515991211,-0.11325836181640625,107.8180923461914,107.0925521850586,0.7255401611328125,0.31244558095932007,0.3092483878135681,-0.003197193145751953,0.04495644569396973,0.0688638687133789,0.02390742301940918,0.005685985088348389,0.06088566780090332,0.05519968271255493,0.5860515236854553,0.5819799900054932,0.004071533679962158,0.20158261060714722,0.20158261060714722,103.05748009681702
crack0094_04.png,-0.8361817359924317,101.42261505126953,101.97677612304688,-0.5541610717773438,106.63822937011719,106.56245422363281,0.075775146484375,0.29763323068618774,0.28828495740890503,-0.009348273277282715,0.0,0.012295424938201904,0.012295424938201904,0.0,0.0,0.0,0.5827797055244446,0.584186851978302,-0.0014071464538574219,0.2127951979637146,0.2127951979637146,107.77007222175598
crack0094_05.png,1.8413464546203613,99.4774398803711,99.00502014160156,0.47241973876953125,103.52001953125,103.11172485351562,0.408294677734375,0.3271525502204895,0.32778891921043396,0.000636368989944458,0.011031091213226318,0.038737475872039795,0.027706384658813477,0.01728057861328125,0.02602982521057129,0.008749246597290039,0.5812649130821228,0.5801038146018982,0.0011610984802246094,0.217094287276268,0.217094287276268,102.86267352104187
crack0094_06.png,-0.8425375938415529,101.97054290771484,102.24028778076172,-0.269744873046875,105.26235961914062,105.26507568359375,-0.002716064453125,0.32925674319267273,0.3071496784687042,-0.022107064723968506,0.27507948875427246,0.3005911111831665,0.025511622428894043,0.22957003116607666,0.2570825219154358,0.02751249074935913,0.5889427065849304,0.5845328569412231,0.004409849643707275,0.24207808077335358,0.24207808077335358,107.23414289951324
crack0094_07.png,0.7904683113098144,96.99197387695312,96.99942779541016,-0.00745391845703125,105.9703369140625,105.89783477783203,0.07250213623046875,0.3279886543750763,0.3386959135532379,0.010707259178161621,0.0,0.0,0.0,0.0,0.0,0.0,0.583510160446167,0.5857016444206238,-0.002191483974456787,0.21211686730384827,0.21211686730384827,100.74444735050201
crack0094_08.png,-0.10859012603759766,100.22281646728516,99.927734375,0.29508209228515625,101.16020965576172,101.08929443359375,0.07091522216796875,0.28803038597106934,0.2823896110057831,-0.005640774965286255,0.0,0.0,0.0,0.0,0.0,0.0,0.5832449197769165,0.5827643275260925,0.0004805922508239746,0.18098509311676025,0.18098509311676025,106.46169555187225
crack0094_09.png,1.971564483642578,109.65337371826172,108.8421859741211,0.811187744140625,104.81050109863281,104.3027572631836,0.5077438354492188,0.35132166743278503,0.36324918270111084,0.011927515268325806,0.0,0.0,0.0,0.11146402359008789,0.11006999015808105,-0.001394033432006836,0.5803768038749695,0.5802998542785645,7.69495964050293e-05,0.2097764015197754,0.2097764015197754,111.38355195522308
crack0095_00.png,3.4094263076782227,114.57772064208984,112.2883071899414,2.2894134521484375,102.5413818359375,102.07466888427734,0.46671295166015625,0.25954946875572205,0.2646290957927704,0.00507962703704834,0.027482569217681885,0.04044884443283081,0.012966275215148926,0.18185830116271973,0.19257724285125732,0.010718941688537598,0.5888620018959045,0.5886543393135071,0.00020766258239746094,0.14916115999221802,0.14916115999221802,121.41452586650848
crack0095_01.png,2.152945899963379,115.12238311767578,112.7489242553711,2.3734588623046875,104.27952575683594,104.088623046875,0.1909027099609375,0.18449515104293823,0.17763957381248474,-0.006855577230453491,0.13779044151306152,0.1398736834526062,0.0020832419395446777,0.1794336438179016,0.18088698387145996,0.0014533400535583496,0.582610547542572,0.5784044861793518,0.004206061363220215,0.1748906373977661,0.1748906373977661,126.58170115947723
crack0095_02.png,1.8637083053588865,123.86060333251953,121.70758056640625,2.1530227661132812,105.66458129882812,104.97260284423828,0.6919784545898438,0.28185126185417175,0.25965169072151184,-0.022199571132659912,0.04938530921936035,0.07588708400726318,0.026501774787902832,0.1514418125152588,0.15575581789016724,0.004314005374908447,0.5904690623283386,0.5867243409156799,0.0037447214126586914,0.1623142808675766,0.1623142808675766,130.82375299930573
crack0095_03.png,0.09248342514038077,99.7508773803711,97.78047943115234,1.97039794921875,106.53962707519531,105.42648315429688,1.1131439208984375,0.1953914612531662,0.16240103542804718,-0.03299042582511902,0.36339449882507324,0.36561745405197144,0.0022229552268981934,0.30114978551864624,0.3099055290222168,0.008755743503570557,0.5903691053390503,0.584690511226654,0.00567859411239624,0.15745462477207184,0.15745462477207184,112.6363804936409
crack0095_04.png,-3.0008166313171385,103.90029907226562,103.85676574707031,0.0435333251953125,108.22687530517578,108.40608215332031,-0.17920684814453125,0.24085421860218048,0.21453316509723663,-0.026321053504943848,0.2167956829071045,0.1873164176940918,-0.029479265213012695,0.24112468957901,0.25016987323760986,0.009045183658599854,0.5964282751083374,0.588623583316803,0.007804691791534424,0.1611804962158203,0.1611804962158203,114.86367350816727
crack0095_05.png,4.559939336776734,112.0218505859375,108.63947296142578,3.3823776245117188,104.09548950195312,103.34547424316406,0.7500152587890625,0.23066318035125732,0.23896892368793488,0.008305743336677551,0.3438236713409424,0.3477247357368469,0.003901064395904541,0.31344592571258545,0.32233649492263794,0.00889056921005249,0.5821952819824219,0.5807689428329468,0.0014263391494750977,0.17785540223121643,0.17785540223121643,119.77868223190308
crack0095_06.png,-1.8578916072845457,111.64926147460938,111.94429016113281,-0.2950286865234375,103.33485412597656,103.13629150390625,0.1985626220703125,0.21673960983753204,0.19440025091171265,-0.022339358925819397,0.33341020345687866,0.3353862166404724,0.00197601318359375,0.30684226751327515,0.3328167796134949,0.025974512100219727,0.5887581706047058,0.5871126651763916,0.001645505428314209,0.16364479064941406,0.16364479064941406,123.68308758735657
crack0095_07.png,2.849891471862793,106.80288696289062,105.52294921875,1.279937744140625,101.23881530761719,100.51616668701172,0.7226486206054688,0.2585987150669098,0.26284870505332947,0.004249989986419678,0.31867027282714844,0.3397012948989868,0.02103102207183838,0.3290137052536011,0.32790112495422363,-0.0011125802993774414,0.5858323574066162,0.5833410024642944,0.0024913549423217773,0.16008949279785156,0.16008949279785156,114.08028948307037
crack0095_08.png,5.121300745010376,113.04657745361328,110.79782104492188,2.2487564086914062,105.5497817993164,104.55270385742188,0.9970779418945312,0.21713584661483765,0.23545251786708832,0.01831667125225067,0.24113619327545166,0.264803946018219,0.023667752742767334,0.24791115522384644,0.25605010986328125,0.008138954639434814,0.5811880230903625,0.5796462893486023,0.001541733741760254,0.14435184001922607,0.14435184001922607,122.14156937599182
crack0095_09.png,4.1747228622436525,106.99749755859375,104.72476959228516,2.2727279663085938,107.00955200195312,106.1663818359375,0.843170166015625,0.24390128254890442,0.24651625752449036,0.0026149749755859375,0.11317455768585205,0.14479440450668335,0.0316198468208313,0.11200177669525146,0.12482041120529175,0.012818634510040283,0.5947597026824951,0.5924913287162781,0.002268373966217041,0.1522151529788971,0.1522151529788971,115.01744472980499
crack0096_00.png,-1.2283428192138672,121.35908508300781,121.88594055175781,-0.52685546875,103.9063720703125,103.83068084716797,0.07569122314453125,0.24892237782478333,0.243345707654953,-0.005576670169830322,0.11482447385787964,0.10879480838775635,-0.006029665470123291,0.2201557159423828,0.2068069577217102,-0.013348758220672607,0.5810380578041077,0.5821491479873657,-0.0011110901832580566,0.11308235675096512,0.11308235675096512,130.30773627758026
crack0096_01.png,0.23256516456604004,120.99995422363281,120.12610626220703,0.8738479614257812,104.49789428710938,103.75173950195312,0.74615478515625,0.207212433218956,0.20690423250198364,-0.0003082007169723511,0.3116670846939087,0.2845030426979065,-0.027164041996002197,0.3069109320640564,0.30740630626678467,0.0004953742027282715,0.5886505246162415,0.5843636989593506,0.004286825656890869,0.12043416500091553,0.12043416500091553,131.69479727745056
crack0096_02.png,2.126206970214844,136.44821166992188,135.1489715576172,1.2992401123046875,107.67906188964844,106.96328735351562,0.7157745361328125,0.22053569555282593,0.22119662165641785,0.0006609261035919189,0.1825839877128601,0.18420571088790894,0.0016217231750488281,0.1667127013206482,0.16452383995056152,-0.00218886137008667,0.598762035369873,0.5881891846656799,0.010572850704193115,0.10235264897346497,0.10235264897346497,146.5169312953949
crack0096_03.png,2.4636741638183595,106.88349914550781,104.4193115234375,2.4641876220703125,104.5999984741211,104.18867492675781,0.41132354736328125,0.26384177803993225,0.2565009295940399,-0.007340848445892334,0.1386534571647644,0.1481364369392395,0.009482979774475098,0.1612721085548401,0.1982998251914978,0.037027716636657715,0.5820761322975159,0.5810034871101379,0.0010726451873779297,0.1398462951183319,0.1398462951183319,113.5443948507309
crack0096_04.png,2.174664258956909,122.7782211303711,121.08939361572266,1.6888275146484375,101.79940795898438,101.38272857666016,0.41667938232421875,0.2189427763223648,0.22442972660064697,0.0054869502782821655,0.3706010580062866,0.3697400689125061,-0.0008609890937805176,0.35446977615356445,0.3669896721839905,0.012519896030426025,0.5834371447563171,0.5855709314346313,-0.002133786678314209,0.11757313460111618,0.11757313460111618,132.22007805109024
crack0096_05.png,1.227996253967285,117.93925476074219,116.12397766113281,1.815277099609375,103.52638244628906,102.71002197265625,0.8163604736328125,0.21232110261917114,0.21729916334152222,0.004978060722351074,0.13754701614379883,0.10110437870025635,-0.03644263744354248,0.1400734782218933,0.11374443769454956,-0.02632904052734375,0.5868781208992004,0.5832372307777405,0.003640890121459961,0.12099703401327133,0.12099703401327133,127.76747488975525
crack0096_06.png,1.0717783927917481,108.29109954833984,108.06090545654297,0.230194091796875,99.28583526611328,99.38278198242188,-0.09694671630859375,0.22420352697372437,0.21950805187225342,-0.004695475101470947,0.06234383583068848,0.09518176317214966,0.03283792734146118,0.22096115350723267,0.24575573205947876,0.024794578552246094,0.5800614953041077,0.5814993977546692,-0.0014379024505615234,0.11445441842079163,0.11445441842079163,118.26549530029297
crack0096_07.png,1.1235254287719727,98.69087982177734,98.38675689697266,0.3041229248046875,99.83901977539062,99.77936553955078,0.05965423583984375,0.2345142364501953,0.2435915172100067,0.009077280759811401,0.0,0.0,0.0,0.07667094469070435,0.10096240043640137,0.02429145574569702,0.5813225507736206,0.5795885920524597,0.0017339587211608887,0.12113125622272491,0.12113125622272491,107.7208662033081
crack0096_08.png,2.4430220127105713,115.73467254638672,114.85954284667969,0.8751296997070312,100.87956237792969,100.38105773925781,0.498504638671875,0.22207339107990265,0.2304387390613556,0.008365347981452942,0.03324258327484131,0.05067801475524902,0.017435431480407715,0.1551629900932312,0.18970400094985962,0.03454101085662842,0.5829488635063171,0.582902729511261,4.6133995056152344e-05,0.10704079270362854,0.10704079270362854,125.29065877199173
crack0096_09.png,2.779752492904663,144.13526916503906,142.67031860351562,1.4649505615234375,105.80723571777344,104.81137084960938,0.9958648681640625,0.2039443850517273,0.20680297911167145,0.002858594059944153,0.24584633111953735,0.26075679063796997,0.014910459518432617,0.24408268928527832,0.26640743017196655,0.022324740886688232,0.5920607447624207,0.5897769927978516,0.002283751964569092,0.11072103679180145,0.11072103679180145,154.84856057167053
crack0097_00.png,-3.230850601196289,93.44184112548828,96.76598358154297,-3.3241424560546875,109.44979858398438,109.85264587402344,-0.4028472900390625,0.2456260770559311,0.24649004638195038,0.0008639693260192871,0.0,0.0,0.0,0.0,0.0,0.0,0.5780584216117859,0.5734255909919739,0.004632830619812012,0.12712401151657104,0.12712401151657104,103.4886845946312
crack0097_01.png,0.15323667526245122,103.43763732910156,103.70238494873047,-0.26474761962890625,115.27880859375,114.18251037597656,1.0962982177734375,0.27616041898727417,0.27295488119125366,-0.003205537796020508,0.0,0.0,0.0,0.0,0.031313419342041016,0.031313419342041016,0.590899646282196,0.5850019454956055,0.005897700786590576,0.15482956171035767,0.15482956171035767,110.82870411872864
crack0097_02.png,0.7948278427124024,112.99493408203125,113.19248962402344,-0.1975555419921875,125.81120300292969,125.18775177001953,0.6234512329101562,0.3434816300868988,0.34964343905448914,0.006161808967590332,0.0,0.0,0.0,0.17147111892700195,0.16121554374694824,-0.010255575180053711,0.5930911302566528,0.5868396759033203,0.0062514543533325195,0.1635495126247406,0.1635495126247406,116.20845925807953
crack0097_03.png,0.18454694747924805,94.03837585449219,94.65274047851562,-0.6143646240234375,110.0985336303711,108.96110534667969,1.1374282836914062,0.2630912661552429,0.2643628418445587,0.001271575689315796,0.0,0.0,0.0,0.0,0.020397543907165527,0.020397543907165527,0.5963245034217834,0.590269148349762,0.006055355072021484,0.13589462637901306,0.13589462637901306,102.41306233406067
crack0097_04.png,-1.4039772033691404,106.203857421875,107.5020751953125,-1.2982177734375,118.02896118164062,117.38350677490234,0.6454544067382812,0.2791590094566345,0.261565238237381,-0.01759377121925354,0.0,0.021613776683807373,0.021613776683807373,0.08351880311965942,0.13490456342697144,0.05138576030731201,0.5928604602813721,0.5883852243423462,0.004475235939025879,0.14853793382644653,0.14853793382644653,114.87347042560577
crack0097_05.png,-0.21255464553833003,99.43289947509766,100.66659545898438,-1.2336959838867188,113.58255767822266,113.00311279296875,0.5794448852539062,0.2514462172985077,0.2573734223842621,0.0059272050857543945,0.0680280327796936,0.07500803470611572,0.006980001926422119,0.09082537889480591,0.10697978734970093,0.01615440845489502,0.5850173234939575,0.5841176509857178,0.0008996725082397461,0.14144274592399597,0.14144274592399597,108.36366736888885
crack0097_06.png,2.728281545639038,90.13322448730469,88.53845977783203,1.5947647094726562,119.94172668457031,118.66712951660156,1.27459716796875,0.23871417343616486,0.24436673521995544,0.005652561783790588,0.0,0.0,0.0,0.0,0.0,0.0,0.5935832262039185,0.5892964005470276,0.004286825656890869,0.13290773332118988,0.13290773332118988,98.7563207745552
crack0097_07.png,0.453197717666626,103.2777328491211,104.3772201538086,-1.0994873046875,113.58775329589844,111.82051849365234,1.7672348022460938,0.2479858249425888,0.25496920943260193,0.0069833844900131226,0.0,0.0,0.0,0.02931952476501465,0.08486723899841309,0.05554771423339844,0.5978354215621948,0.5906574130058289,0.007178008556365967,0.13762378692626953,0.13762378692626953,112.86174386739731
crack0097_08.png,-2.987742614746094,96.56511688232422,98.15263366699219,-1.5875167846679688,107.39617919921875,107.36299896240234,0.03318023681640625,0.3058584928512573,0.2880917191505432,-0.01776677370071411,0.0,0.0,0.0,0.0,0.0,0.0,0.5828642845153809,0.5826681852340698,0.00019609928131103516,0.12692129611968994,0.12692129611968994,103.38794350624084
crack0097_09.png,-1.370759630203247,103.50736999511719,104.73628997802734,-1.2289199829101562,119.15876007080078,118.14128112792969,1.0174789428710938,0.2511272132396698,0.24010689556598663,-0.011020317673683167,0.0,0.0,0.0,0.04624474048614502,0.07077568769454956,0.02453094720840454,0.594240665435791,0.5859208106994629,0.008319854736328125,0.12709400057792664,0.12709400057792664,113.48504287004471
crack0098_00.png,1.3325451374053956,142.8655242919922,141.37843322753906,1.487091064453125,105.57763671875,105.09806823730469,0.4795684814453125,0.19249877333641052,0.18499340116977692,-0.007505372166633606,0.0,0.0,0.0,0.0,0.0,0.0,0.5904459953308105,0.5840945839881897,0.00635141134262085,0.09794633090496063,0.09794633090496063,154.64021450281143
crack0098_01.png,3.7975229263305663,152.98553466796875,150.88662719726562,2.098907470703125,109.99256896972656,109.45159149169922,0.5409774780273438,0.15392033755779266,0.16800947487354279,0.014089137315750122,0.0,0.0,0.0,0.0,0.0,0.0,0.5854594111442566,0.5765820741653442,0.008877336978912354,0.0889417752623558,0.0889417752623558,166.1192371249199
crack0098_02.png,1.2903802871704102,135.63662719726562,135.67172241210938,-0.03509521484375,110.76025390625,109.91053771972656,0.8497161865234375,0.15742048621177673,0.1685985028743744,0.011178016662597656,0.0,0.0,0.0,0.0,0.0,0.0,0.5913532972335815,0.5890696048736572,0.0022836923599243164,0.09667426347732544,0.09667426347732544,149.86307752132416
crack0098_03.png,3.4573251247406005,149.78567504882812,149.15841674804688,0.62725830078125,107.98287963867188,107.72937774658203,0.25350189208984375,0.1779671311378479,0.21079711616039276,0.03282998502254486,0.0,0.0,0.0,0.0,0.0,0.0,0.5856093764305115,0.5830526947975159,0.0025566816329956055,0.09566058218479156,0.09566058218479156,162.21839308738708
crack0098_04.png,2.7433581829071043,138.2732391357422,136.7083740234375,1.5648651123046875,106.4589614868164,106.4822769165039,-0.0233154296875,0.19394263625144958,0.20747743546962738,0.013534799218177795,0.0,0.0,0.0,0.0,0.0,0.0,0.5821337699890137,0.5795078873634338,0.002625882625579834,0.09055259823799133,0.09055259823799133,149.13959920406342
crack0098_05.png,2.369768524169922,120.11343383789062,118.99221801757812,1.1212158203125,105.064697265625,104.6900405883789,0.37465667724609375,0.20460239052772522,0.21767473220825195,0.013072341680526733,0.0,0.0,0.0,0.0,0.0,0.0,0.583894670009613,0.5825721025466919,0.0013225674629211426,0.0969662219285965,0.0969662219285965,130.63246929645538
crack0098_06.png,0.9122292995452881,128.1202850341797,128.1479034423828,-0.027618408203125,111.67744445800781,111.6777114868164,-0.00026702880859375,0.18183238804340363,0.19069641828536987,0.008864030241966248,0.0,0.0,0.0,0.0,0.0,0.0,0.5848096609115601,0.5790388584136963,0.0057708024978637695,0.09429655969142914,0.09429655969142914,140.61653739213943
crack0098_07.png,1.3747270584106446,131.08157348632812,130.81564331054688,0.26593017578125,109.25784301757812,108.91181945800781,0.3460235595703125,0.19615919888019562,0.20577655732631683,0.009617358446121216,0.0,0.0,0.0,0.0,0.0,0.0,0.5820107460021973,0.576985776424408,0.005024969577789307,0.0941099226474762,0.0941099226474762,142.45948630571365
crack0098_08.png,0.007659292221069314,143.1975555419922,142.72015380859375,0.4774017333984375,110.09087371826172,110.46598815917969,-0.37511444091796875,0.19462905824184418,0.1902599036693573,-0.0043691545724868774,0.0,0.0,0.0,0.0,0.0,0.0,0.5861130356788635,0.5853671431541443,0.0007458925247192383,0.0906386524438858,0.0906386524438858,154.98778188228607
crack0098_09.png,2.2818226337432863,119.10984802246094,118.15115356445312,0.9586944580078125,108.86500549316406,107.87199401855469,0.993011474609375,0.17123544216156006,0.18174834549427032,0.010512903332710266,0.0,0.0,0.0,0.0,0.0,0.0,0.5863052606582642,0.5841829776763916,0.0021222829818725586,0.10516753047704697,0.10516753047704697,131.808584690094
crack0099_00.png,2.7098350048065187,124.32225799560547,123.2061996459961,1.116058349609375,110.10555267333984,110.19160461425781,-0.08605194091796875,0.24456779658794403,0.2628595232963562,0.01829172670841217,0.0,0.0,0.0,0.0,0.0,0.0,0.5845713019371033,0.5804498195648193,0.0041214823722839355,0.12378783524036407,0.12378783524036407,132.47301310300827
crack0099_01.png,-3.8952709197998048,138.9998016357422,141.1558074951172,-2.156005859375,109.25555419921875,110.12769317626953,-0.8721389770507812,0.3319769501686096,0.3313928246498108,-0.0005841255187988281,0.19388878345489502,0.16065818071365356,-0.033230602741241455,0.23368901014328003,0.23964464664459229,0.005955636501312256,0.5806612968444824,0.5810226798057556,-0.00036138296127319336,0.14137254655361176,0.14137254655361176,143.43514227867126
crack0099_02.png,-0.8514172554016113,124.72364044189453,126.09236907958984,-1.3687286376953125,113.3277587890625,112.04789733886719,1.2798614501953125,0.4286031126976013,0.4297890067100525,0.0011858940124511719,0.0,0.0,0.0,0.07524222135543823,0.09936290979385376,0.024120688438415527,0.5835639834403992,0.5858016014099121,-0.0022376179695129395,0.14018823206424713,0.14018823206424713,123.12388205528259
crack0099_03.png,0.03922710418701181,128.21511840820312,129.360595703125,-1.145477294921875,107.01509857177734,106.28787994384766,0.7272186279296875,0.348827600479126,0.3632555902004242,0.014427989721298218,0.26200002431869507,0.25480127334594727,-0.007198750972747803,0.246174156665802,0.2512460947036743,0.0050719380378723145,0.5790696144104004,0.5783814191818237,0.0006881952285766602,0.11757619678974152,0.11757619678974152,131.02098560333252
crack0099_04.png,1.6689250946044922,121.35185241699219,121.1627197265625,0.1891326904296875,110.07929992675781,110.20431518554688,-0.1250152587890625,0.38307613134384155,0.39057788252830505,0.007501751184463501,0.16515177488327026,0.18838554620742798,0.023233771324157715,0.1674712896347046,0.19761335849761963,0.03014206886291504,0.5823068022727966,0.5822991132736206,7.68899917602539e-06,0.12485808879137039,0.12485808879137039,121.56499028205872
crack0099_05.png,1.5249418258666991,134.13345336914062,133.21839904785156,0.9150543212890625,107.77301025390625,108.16678619384766,-0.39377593994140625,0.3045140504837036,0.3185475766658783,0.014033526182174683,0.2472551465034485,0.23387861251831055,-0.01337653398513794,0.18022722005844116,0.1823338270187378,0.002106606960296631,0.5798385143280029,0.5753440856933594,0.004494428634643555,0.13598906993865967,0.13598906993865967,138.598623752594
crack0099_06.png,1.889412784576416,126.551025390625,125.28380584716797,1.2672195434570312,109.84979248046875,109.74266052246094,0.1071319580078125,0.2845311164855957,0.29051950573921204,0.005988389253616333,0.0,0.0,0.0,0.0,0.0,0.0,0.5817954540252686,0.5792887210845947,0.002506732940673828,0.1218300461769104,0.1218300461769104,132.11736679077148
crack0099_07.png,2.1940942764282227,121.68449401855469,120.8988037109375,0.7856903076171875,112.37645721435547,112.59410095214844,-0.21764373779296875,0.27531886100769043,0.2935161888599396,0.018197327852249146,0.0,0.0,0.0,0.0,0.03749191761016846,0.03749191761016846,0.5826528072357178,0.5816609263420105,0.0009918808937072754,0.12916797399520874,0.12916797399520874,128.07862949371338
crack0099_08.png,-0.8047554016113281,131.2533721923828,133.33058166503906,-2.07720947265625,110.77513122558594,110.43494415283203,0.34018707275390625,0.32055503129959106,0.3285483717918396,0.007993340492248535,0.2910153865814209,0.30111217498779297,0.01009678840637207,0.24420946836471558,0.2535175681114197,0.009308099746704102,0.5853787064552307,0.5830526947975159,0.0023260116577148438,0.11854355037212372,0.11854355037212372,136.4738233089447
crack0099_09.png,0.4674797058105469,134.1385498046875,134.27359008789062,-0.135040283203125,103.69847106933594,102.81029510498047,0.8881759643554688,0.34411245584487915,0.35125645995140076,0.0071440041065216064,0.30935394763946533,0.29988235235214233,-0.009471595287322998,0.12667733430862427,0.16357403993606567,0.036896705627441406,0.5810688138008118,0.5797039866447449,0.0013648271560668945,0.09671176970005035,0.09671176970005035,136.80207514762878
crack0100_00.png,2.778976011276245,92.88196563720703,91.99832153320312,0.8836441040039062,104.024169921875,103.40699768066406,0.6171722412109375,0.2321380227804184,0.25472885370254517,0.02259083092212677,0.5256648063659668,0.5190034508705139,-0.006661355495452881,0.476273775100708,0.4834241271018982,0.0071503520011901855,0.5787619948387146,0.5760707259178162,0.0026912689208984375,0.15483541786670685,0.15483541786670685,101.66234201192856
crack0100_01.png,1.3121893882751465,95.0411148071289,94.30595397949219,0.7351608276367188,104.16655731201172,103.77044677734375,0.39611053466796875,0.23654787242412567,0.24398376047611237,0.007435888051986694,0.28500521183013916,0.2769109606742859,-0.008094251155853271,0.3201941251754761,0.31857824325561523,-0.0016158819198608398,0.5849327445030212,0.5812456607818604,0.0036870837211608887,0.15527501702308655,0.15527501702308655,103.87797182798386
crack0100_02.png,1.9762950897216798,92.96736907958984,92.16332244873047,0.804046630859375,102.4488525390625,101.85690307617188,0.591949462890625,0.2958108186721802,0.2976343035697937,0.0018234848976135254,0.3721204996109009,0.39307135343551636,0.02095085382461548,0.4191502332687378,0.4416309595108032,0.02248072624206543,0.5771933794021606,0.5784044861793518,-0.0012111067771911621,0.15927311778068542,0.15927311778068542,97.95287609100342
crack0100_03.png,-0.5353229522705079,94.99607849121094,94.6639404296875,0.3321380615234375,108.90738677978516,108.55268859863281,0.35469818115234375,0.30675452947616577,0.2996995151042938,-0.007055014371871948,0.29248327016830444,0.2796373963356018,-0.012845873832702637,0.36243945360183716,0.35431402921676636,-0.0081254243850708,0.582414448261261,0.5806920528411865,0.0017223954200744629,0.2163465917110443,0.2163465917110443,100.14461648464203
crack0100_04.png,1.419363260269165,99.30155944824219,99.1045150756836,0.19704437255859375,112.06480407714844,111.91877746582031,0.146026611328125,0.21163001656532288,0.2201874703168869,0.008557453751564026,0.31347334384918213,0.3237183690071106,0.010245025157928467,0.38423818349838257,0.4001125693321228,0.015874385833740234,0.5803652405738831,0.5786274671554565,0.0017377734184265137,0.15046752989292145,0.15046752989292145,109.71984589099884
crack0100_05.png,0.15274753570556643,77.92230224609375,77.88304901123047,0.03925323486328125,101.5082778930664,101.09356689453125,0.41471099853515625,0.2986627519130707,0.2907315492630005,-0.00793120265007019,0.36925721168518066,0.38147997856140137,0.012222766876220703,0.41828805208206177,0.4296068549156189,0.011318802833557129,0.5807996988296509,0.5784698128700256,0.002329885959625244,0.16130411624908447,0.16130411624908447,83.69077062606812
crack0100_06.png,-0.9291062355041504,106.03927612304688,105.51348114013672,0.5257949829101562,106.79730224609375,106.77830505371094,0.0189971923828125,0.3692668080329895,0.3527244031429291,-0.016542404890060425,0.35883182287216187,0.35401618480682373,-0.004815638065338135,0.40215903520584106,0.38957250118255615,-0.012586534023284912,0.5833948254585266,0.5820568799972534,0.0013379454612731934,0.2426871359348297,0.2426871359348297,107.94870746135712
crack0100_07.png,2.364573669433594,94.91876983642578,94.39774322509766,0.521026611328125,112.25456237792969,110.89305114746094,1.36151123046875,0.2236810326576233,0.2342408001422882,0.010559767484664917,0.3327890634536743,0.34089434146881104,0.008105278015136719,0.3306715488433838,0.35150671005249023,0.020835161209106445,0.5966013073921204,0.5933525562286377,0.003248751163482666,0.22981372475624084,0.22981372475624084,105.10144686698914
crack0100_08.png,-0.3115813255310058,86.93522644042969,86.82743835449219,0.1077880859375,101.29070281982422,100.83294677734375,0.45775604248046875,0.2481040358543396,0.2529604136943817,0.004856377840042114,0.40162694454193115,0.3725232481956482,-0.02910369634628296,0.45258545875549316,0.44185179471969604,-0.01073366403579712,0.5858900547027588,0.5815609097480774,0.0043291449546813965,0.15893781185150146,0.15893781185150146,95.43069243431091
crack0100_09.png,0.43471093177795406,156.67845153808594,157.72459411621094,-1.046142578125,164.79913330078125,164.00250244140625,0.796630859375,0.23918114602565765,0.2484428882598877,0.009261742234230042,0.4065297842025757,0.4099448323249817,0.003415048122406006,0.38203805685043335,0.394247829914093,0.012209773063659668,0.5967243313789368,0.589607834815979,0.007116496562957764,0.22592784464359283,0.22592784464359283,166.71962732076645
