image,score_new_minus_old,old_crack_epe_px,new_crack_epe_px,delta_crack_epe_px_positive_is_better,old_global_epe_px,new_global_epe_px,delta_global_epe_px_positive_is_better,old_warp_crack_dice,new_warp_crack_dice,delta_warp_crack_dice_positive_is_better,old_crack_edge_fidelity,new_crack_edge_fidelity,delta_crack_edge_fidelity_positive_is_better,old_global_edge_fidelity,new_global_edge_fidelity,delta_global_edge_fidelity_positive_is_better,old_folding_rate,new_folding_rate,delta_folding_rate_positive_is_better,old_crack_ratio,new_crack_ratio,joint_failure_score
crack0001_00.png,-8.929642391204833,101.4145278930664,107.06327819824219,-5.648750305175781,111.99441528320312,116.32959747314453,-4.335182189941406,0.24953298270702362,0.23110352456569672,-0.018429458141326904,0.42155343294143677,0.4455627202987671,0.024009287357330322,0.41754746437072754,0.42502766847610474,0.007480204105377197,0.5664474964141846,0.5922683477401733,-0.02582085132598877,0.20257893204689026,0.20257893204689026,114.06342548131943
crack0001_01.png,-13.618707323074341,118.65055847167969,127.39981842041016,-8.749259948730469,109.58460235595703,114.37675476074219,-4.792152404785156,0.2428743541240692,0.22032485902309418,-0.022549495100975037,0.3687365651130676,0.3592250943183899,-0.009511470794677734,0.35048437118530273,0.34999406337738037,-0.0004903078079223633,0.5722414255142212,0.5914456248283386,-0.01920419931411743,0.22484156489372253,0.22484156489372253,133.46352189779282
crack0001_02.png,2.543397235870361,113.11647033691406,108.73480987548828,4.381660461425781,118.552978515625,116.01022338867188,2.542755126953125,0.2070905566215515,0.1886286437511444,-0.018461912870407104,0.2738860845565796,0.25660765171051025,-0.017278432846069336,0.3189203143119812,0.2970413565635681,-0.021878957748413086,0.5716378092765808,0.588819682598114,-0.017181873321533203,0.1662106215953827,0.1662106215953827,123.16070878505707
crack0001_03.png,-12.635623741149903,99.80440521240234,106.18064880371094,-6.376243591308594,111.37466430664062,115.2192611694336,-3.8445968627929688,0.33456939458847046,0.2691129446029663,-0.06545644998550415,0.3527078628540039,0.38600510358810425,0.03329724073410034,0.37675726413726807,0.37951135635375977,0.0027540922164916992,0.5692849159240723,0.5897077918052673,-0.02042287588119507,0.2581266462802887,0.2581266462802887,110.43406200408936
crack0001_04.png,-8.295827484130859,97.45573425292969,102.5417709350586,-5.086036682128906,110.36573791503906,114.76811218261719,-4.402374267578125,0.2459764927625656,0.21802954375743866,-0.027946949005126953,0.3405696749687195,0.37676310539245605,0.03619343042373657,0.36804842948913574,0.38356679677963257,0.015518367290496826,0.5728027820587158,0.5893233418464661,-0.016520559787750244,0.19837027788162231,0.19837027788162231,110.48991364240646
crack0001_05.png,0.07525649070739782,111.34120178222656,114.83622741699219,-3.495025634765625,111.83934020996094,109.23800659179688,2.6013336181640625,0.24458424746990204,0.2826821208000183,0.03809787333011627,0.3988979458808899,0.40561527013778687,0.006717324256896973,0.3518402576446533,0.361086368560791,0.009246110916137695,0.5686928033828735,0.5883621573448181,-0.01966935396194458,0.2655094861984253,0.2655094861984253,121.94814604520798
crack0001_06.png,-11.933935356140136,108.84456634521484,116.65460968017578,-7.8100433349609375,109.09877014160156,114.59197998046875,-5.4932098388671875,0.24888713657855988,0.22705595195293427,-0.02183118462562561,0.45437461137771606,0.4717210531234741,0.017346441745758057,0.4746987223625183,0.47579771280288696,0.0010989904403686523,0.5641561150550842,0.5860053896903992,-0.02184927463531494,0.15343789756298065,0.15343789756298065,122.56644648313522
crack0001_07.png,26.193221855163575,128.81358337402344,108.18669891357422,20.62688446044922,138.66180419921875,119.44905090332031,19.212753295898438,0.2284548282623291,0.23280233144760132,0.004347503185272217,0.4852043390274048,0.4559316635131836,-0.02927267551422119,0.41088128089904785,0.4029868245124817,-0.007894456386566162,0.5625336170196533,0.594925045967102,-0.03239142894744873,0.24245218932628632,0.24245218932628632,128.58985328674316
crack0001_08.png,-12.017883491516113,103.1042251586914,113.23128509521484,-10.127059936523438,109.02230834960938,112.48297119140625,-3.460662841796875,0.32772794365882874,0.3272099494934082,-0.0005179941654205322,0.48568761348724365,0.4955359697341919,0.009848356246948242,0.46559715270996094,0.4707939028739929,0.005196750164031982,0.5645174980163574,0.5859938263893127,-0.021476328372955322,0.16685649752616882,0.16685649752616882,111.97491121292114
crack0001_09.png,-3.468056488037109,99.25298309326172,100.05143737792969,-0.7984542846679688,114.2899169921875,112.868896484375,1.4210205078125,0.2828544080257416,0.24835723638534546,-0.03449717164039612,0.40711694955825806,0.4136962294578552,0.006579279899597168,0.4358943700790405,0.41699010133743286,-0.018904268741607666,0.5733102560043335,0.5918454527854919,-0.018535196781158447,0.2565203905105591,0.2565203905105591,108.42459416389465
crack0002_00.png,18.84497766494751,131.16390991210938,110.10749053955078,21.056419372558594,109.57646179199219,113.41649627685547,-3.8400344848632812,0.2868421673774719,0.288259893655777,0.0014177262783050537,0.20971375703811646,0.20960432291030884,-0.00010943412780761719,0.3109371066093445,0.26824629306793213,-0.042690813541412354,0.5682429671287537,0.5878546833992004,-0.019611716270446777,0.10501857101917267,0.10501857101917267,126.93935751914978
crack0002_01.png,80.8718126296997,188.8375701904297,131.79144287109375,57.04612731933594,193.24044799804688,124.76530456542969,68.47514343261719,0.25971853733062744,0.26645147800445557,0.006732940673828125,0.36379945278167725,0.3001323938369751,-0.06366705894470215,0.3931346535682678,0.38285261392593384,-0.010282039642333984,0.5545751452445984,0.5934832692146301,-0.03890812397003174,0.13827738165855408,0.13827738165855408,168.47072505950928
crack0002_02.png,13.881429862976074,133.38995361328125,120.4738540649414,12.916099548339844,115.85724639892578,117.61566162109375,-1.7584152221679688,0.3494955599308014,0.3406015932559967,-0.008893966674804688,0.2759326696395874,0.3555225729942322,0.07958990335464478,0.3488328456878662,0.3688989281654358,0.02006608247756958,0.5729488730430603,0.5930334329605103,-0.02008455991744995,0.1288696974515915,0.1288696974515915,130.21714556217194
crack0002_03.png,13.07281322479248,135.27671813964844,119.36873626708984,15.907981872558594,113.37675476074219,119.77029418945312,-6.3935394287109375,0.3013523519039154,0.3085334300994873,0.007181078195571899,0.3303382396697998,0.3344493508338928,0.004111111164093018,0.4129399061203003,0.4216380715370178,0.00869816541671753,0.5692234039306641,0.5946404933929443,-0.025417089462280273,0.11817693710327148,0.11817693710327148,133.027205824852
crack0002_04.png,11.600579452514648,146.77047729492188,135.5860137939453,11.184463500976562,120.92727661132812,124.6629638671875,-3.735687255859375,0.3111571669578552,0.3063044846057892,-0.00485268235206604,0.23106437921524048,0.30433881282806396,0.07327443361282349,0.3338400721549988,0.34317880868911743,0.009338736534118652,0.5721760988235474,0.5879853963851929,-0.015809297561645508,0.14195916056632996,0.14195916056632996,146.31939232349396
crack0002_05.png,14.484744644165039,145.4661102294922,131.92494201660156,13.541168212890625,114.26094055175781,122.07162475585938,-7.8106842041015625,0.2990274131298065,0.31641918420791626,0.01739177107810974,0.3308217525482178,0.4160158634185791,0.08519411087036133,0.38544517755508423,0.42218512296676636,0.03673994541168213,0.5670934319496155,0.5853748321533203,-0.018281400203704834,0.11589434742927551,0.11589434742927551,144.1688746213913
crack0002_06.png,44.470562362670904,163.86459350585938,139.0418243408203,24.822769165039062,177.60623168945312,129.95843505859375,47.647796630859375,0.25836434960365295,0.272051066160202,0.013686716556549072,0.2412886619567871,0.2686859369277954,0.0273972749710083,0.28498631715774536,0.34432870149612427,0.059342384338378906,0.5548635125160217,0.594917356967926,-0.0400538444519043,0.1280955970287323,0.1280955970287323,159.7480422258377
crack0002_07.png,22.57944917678833,131.09153747558594,108.47154998779297,22.61998748779297,110.52771759033203,117.1523208618164,-6.624603271484375,0.34933093190193176,0.3440682291984558,-0.005262702703475952,0.2529107928276062,0.34628891944885254,0.09337812662124634,0.36190134286880493,0.3503366708755493,-0.011564671993255615,0.567081868648529,0.5847020149230957,-0.01762014627456665,0.09904506802558899,0.09904506802558899,122.52553057670593
crack0002_08.png,24.29149808883667,145.7362060546875,123.72480773925781,22.011398315429688,110.75579833984375,111.91453552246094,-1.1587371826171875,0.35680171847343445,0.3593115210533142,0.0025098025798797607,0.24930334091186523,0.3287597894668579,0.07945644855499268,0.3773568272590637,0.3779466152191162,0.0005897879600524902,0.571099579334259,0.5869857668876648,-0.01588618755340576,0.11995213478803635,0.11995213478803635,136.80183446407318
crack0002_09.png,29.095481872558594,139.2175750732422,110.26139831542969,28.9561767578125,109.72212219238281,113.22813415527344,-3.506011962890625,0.35704123973846436,0.38394883275032043,0.02690759301185608,0.26939457654953003,0.2728571891784668,0.0034626126289367676,0.3830071687698364,0.36862730979919434,-0.01437985897064209,0.5700500011444092,0.5887850522994995,-0.018735051155090332,0.11696051806211472,0.11696051806211472,126.86841440200806
crack0003_00.png,5.80582423210144,119.09165954589844,117.34468078613281,1.746978759765625,113.04507446289062,118.98489379882812,-5.9398193359375,0.12967602908611298,0.22028177976608276,0.09060575067996979,0.0,0.0,0.0,0.0,0.0,0.0,0.5715378522872925,0.5918800234794617,-0.02034217119216919,0.11957511305809021,0.11957511305809021,134.1128093600273
crack0003_01.png,-3.4988490581512455,122.59154510498047,120.2985610961914,2.2929840087890625,116.30851745605469,119.34548950195312,-3.0369720458984375,0.23634713888168335,0.1873578280210495,-0.04898931086063385,0.0,0.0,0.0,0.0,0.0,0.0,0.5784429311752319,0.5948904156684875,-0.016447484493255615,0.09913885593414307,0.09913885593414307,133.99920004606247
crack0003_02.png,-2.286371946334839,97.26309967041016,99.33440399169922,-2.0713043212890625,110.05136108398438,108.508544921875,1.542816162109375,0.23111407458782196,0.2243083417415619,-0.006805732846260071,0.0,0.0,0.0,0.09202897548675537,0.0,-0.09202897548675537,0.5827758312225342,0.5899692177772522,-0.007193386554718018,0.10084910690784454,0.10084910690784454,108.43902003765106
crack0003_03.png,18.09380497932434,127.10326385498047,114.75184631347656,12.351417541503906,113.30706024169922,110.0440673828125,3.2629928588867188,0.19353441894054413,0.25861290097236633,0.0650784820318222,0.0,0.0,0.0,0.0,0.0,0.0,0.576693594455719,0.5959208011627197,-0.019227206707000732,0.10439929366111755,0.10439929366111755,133.15232199430466
crack0003_04.png,14.568093872070312,107.17852783203125,97.98632049560547,9.192207336425781,108.76004028320312,112.32405090332031,-3.5640106201171875,0.13229787349700928,0.22792589664459229,0.09562802314758301,0.0,0.0,0.0,0.07496464252471924,0.028015434741973877,-0.04694920778274536,0.5702229738235474,0.5914417505264282,-0.02121877670288086,0.09947497397661209,0.09947497397661209,118.30222177505493
crack0003_05.png,2.8450313091278074,120.46086883544922,119.24598693847656,1.2148818969726562,116.9427261352539,118.88250732421875,-1.9397811889648438,0.2029661238193512,0.2448853999376297,0.0419192761182785,0.0,0.0,0.0,0.0,0.0,0.0,0.5746597647666931,0.5983467698097229,-0.023687005043029785,0.1173633337020874,0.1173633337020874,131.60933125019073
crack0003_06.png,-0.02529220581054692,108.68260192871094,110.52899169921875,-1.8463897705078125,112.77816772460938,112.88569641113281,-0.1075286865234375,0.18159084022045135,0.21447505056858063,0.03288421034812927,0.0,0.0,0.0,0.0,0.0,0.0,0.5766897201538086,0.5958554148674011,-0.01916569471359253,0.09991790354251862,0.09991790354251862,122.54456299543381
crack0003_07.png,-4.417912912368775,97.8134536743164,99.43389892578125,-1.6204452514648438,111.85315704345703,108.74258422851562,3.1105728149414062,0.2445235699415207,0.20633798837661743,-0.03818558156490326,0.0,0.0,0.0,0.05799227952957153,0.0,-0.05799227952957153,0.5740253925323486,0.5986966490745544,-0.02467125654220581,0.10389700531959534,0.10389700531959534,110.19126296043396
crack0003_08.png,12.746641206741334,112.59351348876953,104.65385437011719,7.939659118652344,110.81866455078125,111.48193359375,-0.66326904296875,0.12233896553516388,0.19706323742866516,0.07472427189350128,0.0,0.0,0.0,0.0,0.0,0.0,0.5701653361320496,0.5928066372871399,-0.022641301155090332,0.09292099624872208,0.09292099624872208,124.99561148881912
crack0003_09.png,-12.433528470993043,109.29757690429688,116.57653045654297,-7.278953552246094,112.96585083007812,114.64232635498047,-1.6764755249023438,0.23868532478809357,0.18612456321716309,-0.05256076157093048,0.0,0.0,0.0,0.0,0.0,0.0,0.5840291976928711,0.5910072922706604,-0.006978094577789307,0.09756283462047577,0.09756283462047577,125.40987157821655
crack0004_00.png,-11.44917688369751,106.44084167480469,111.80638885498047,-5.365547180175781,106.21465301513672,108.41693878173828,-2.2022857666015625,0.4297601878643036,0.3838549852371216,-0.04590520262718201,0.019349396228790283,0.0,-0.019349396228790283,0.09240174293518066,0.12621831893920898,0.03381657600402832,0.5693156719207764,0.5882237553596497,-0.01890808343887329,0.10235156863927841,0.10235156863927841,109.62126636505127
crack0004_01.png,13.778809022903442,120.36566162109375,109.64944458007812,10.716217041015625,106.90386962890625,107.9065170288086,-1.0026473999023438,0.24365945160388947,0.2716195285320282,0.027960076928138733,0.2590462565422058,0.3019895553588867,0.04294329881668091,0.23729336261749268,0.24303722381591797,0.005743861198425293,0.5706997513771057,0.5829719305038452,-0.012272179126739502,0.13342131674289703,0.13342131674289703,123.70686322450638
crack0004_02.png,-0.2606553554534914,112.5680923461914,110.01974487304688,2.5483474731445312,110.49107360839844,107.12045288085938,3.3706207275390625,0.22809219360351562,0.24165020883083344,0.01355801522731781,0.29566168785095215,0.16942405700683594,-0.1262376308441162,0.30324888229370117,0.2806549668312073,-0.022593915462493896,0.5803383588790894,0.58514803647995,-0.004809677600860596,0.13177454471588135,0.13177454471588135,121.0143084526062
crack0004_03.png,-9.879059314727783,102.32489776611328,102.48191833496094,-0.15702056884765625,104.1586685180664,107.73624420166016,-3.57757568359375,0.4090348482131958,0.31281009316444397,-0.09622475504875183,0.13859587907791138,0.1457194685935974,0.007123589515686035,0.28714364767074585,0.24318599700927734,-0.043957650661468506,0.5644828677177429,0.586432158946991,-0.021949291229248047,0.11057727038860321,0.11057727038860321,107.09208881855011
crack0004_04.png,-17.833081245422363,111.21768951416016,124.5218734741211,-13.304183959960938,104.60000610351562,114.72871398925781,-10.128707885742188,0.21116484701633453,0.2174074500799179,0.006242603063583374,0.19949573278427124,0.19292598962783813,-0.0065697431564331055,0.2504444122314453,0.2620500922203064,0.011605679988861084,0.5790349841117859,0.5968858003616333,-0.017850816249847412,0.1537206768989563,0.1537206768989563,129.07532268762589
crack0004_05.png,-6.502582454681397,107.43743896484375,113.18853759765625,-5.7510986328125,110.2191162109375,111.49034118652344,-1.2712249755859375,0.34049567580223083,0.3306812644004822,-0.009814411401748657,0.3282078504562378,0.35583722591400146,0.027629375457763672,0.33916592597961426,0.3777005672454834,0.03853464126586914,0.5717839002609253,0.5858592987060547,-0.014075398445129395,0.15855690836906433,0.15855690836906433,113.90648436546326
crack0004_06.png,0.2343094825744636,112.51302337646484,109.36209106445312,3.1509323120117188,113.91996002197266,108.7104263305664,5.20953369140625,0.33382493257522583,0.33560165762901306,0.0017767250537872314,0.29993653297424316,0.1801457405090332,-0.11979079246520996,0.27464914321899414,0.26208895444869995,-0.01256018877029419,0.5794540643692017,0.5882276296615601,-0.008773565292358398,0.15409721434116364,0.15409721434116364,114.43716645240784
crack0004_07.png,-11.474839305877685,99.92572021484375,101.70281219482422,-1.7770919799804688,104.51617431640625,107.22474670410156,-2.7085723876953125,0.42668843269348145,0.35170525312423706,-0.07498317956924438,0.039343953132629395,0.0,-0.039343953132629395,0.21613377332687378,0.17040163278579712,-0.04573214054107666,0.567931592464447,0.5939792394638062,-0.02604764699935913,0.12383512407541275,0.12383512407541275,103.471120595932
crack0004_08.png,7.06829252243042,112.66609954833984,106.56449127197266,6.1016082763671875,112.0413818359375,111.00384521484375,1.03753662109375,0.299069344997406,0.30647069215774536,0.0074013471603393555,0.18159252405166626,0.1885092854499817,0.00691676139831543,0.1551874876022339,0.17776453495025635,0.02257704734802246,0.5797770023345947,0.5877047181129456,-0.00792771577835083,0.17653876543045044,0.17653876543045044,115.17932343482971
crack0004_09.png,-6.903981685638428,101.8038558959961,106.11561584472656,-4.311759948730469,106.91665649414062,105.41496276855469,1.5016937255859375,0.39293113350868225,0.37578579783439636,-0.01714533567428589,0.04407930374145508,0.01320725679397583,-0.030872046947479248,0.08561187982559204,0.07614272832870483,-0.009469151496887207,0.5708342790603638,0.5854940414428711,-0.014659762382507324,0.12279215455055237,0.12279215455055237,104.83234965801239
crack0005_00.png,-10.15763030052185,93.90018463134766,101.50715637207031,-7.606971740722656,104.6155776977539,108.52417755126953,-3.908599853515625,0.23647713661193848,0.23461268842220306,-0.0018644481897354126,0.489419162273407,0.4899516701698303,0.0005325078964233398,0.42640817165374756,0.40354812145233154,-0.022860050201416016,0.5650403499603271,0.5865244269371033,-0.021484076976776123,0.20253926515579224,0.20253926515579224,107.08788627386093
crack0005_01.png,-8.712734603881836,100.57992553710938,106.78875732421875,-6.208831787109375,110.09481811523438,117.801513671875,-7.706695556640625,0.22174933552742004,0.2666276693344116,0.04487833380699158,0.36638373136520386,0.3082898259162903,-0.058093905448913574,0.34473395347595215,0.3361520767211914,-0.008581876754760742,0.5735755562782288,0.5907689332962036,-0.017193377017974854,0.21761998534202576,0.21761998534202576,114.010138630867
crack0005_02.png,0.2552422523498534,96.10367584228516,95.2353286743164,0.86834716796875,112.85494995117188,112.18568420410156,0.6692657470703125,0.2391696274280548,0.2562812268733978,0.017111599445343018,0.41547220945358276,0.3793056011199951,-0.036166608333587646,0.39263415336608887,0.3379720449447632,-0.054662108421325684,0.5723837018013,0.592460572719574,-0.020076870918273926,0.25102299451828003,0.25102299451828003,105.01774752140045
crack0005_03.png,-7.810266208648682,96.22267150878906,99.99149322509766,-3.7688217163085938,105.78268432617188,111.36134338378906,-5.5786590576171875,0.22880053520202637,0.2198566496372223,-0.008943885564804077,0.4467350244522095,0.4390503168106079,-0.0076847076416015625,0.39540398120880127,0.36491113901138306,-0.030492842197418213,0.5676470398902893,0.5873240828514099,-0.019677042961120605,0.21311336755752563,0.21311336755752563,108.40864670276642
crack0005_04.png,-3.4606307983398437,93.17762756347656,95.34960174560547,-2.1719741821289062,105.59202575683594,104.03594970703125,1.5560760498046875,0.23445291817188263,0.22142179310321808,-0.01303112506866455,0.472814679145813,0.4680701494216919,-0.004744529724121094,0.4372069239616394,0.4243149757385254,-0.012891948223114014,0.569492518901825,0.5864629149436951,-0.016970396041870117,0.22032934427261353,0.22032934427261353,104.43682366609573
crack0005_05.png,-9.24295778274536,97.3482894897461,103.60794830322266,-6.2596588134765625,111.24644470214844,117.92922973632812,-6.6827850341796875,0.22529777884483337,0.24826738238334656,0.022969603538513184,0.46564096212387085,0.4411243796348572,-0.024516582489013672,0.3824143409729004,0.3635346293449402,-0.018879711627960205,0.5672279596328735,0.5964052081108093,-0.02917724847793579,0.24577471613883972,0.24577471613883972,110.81646049022675
crack0005_06.png,-6.405535173416138,92.87057495117188,94.77970123291016,-1.9091262817382812,107.9095230102539,110.7940902709961,-2.8845672607421875,0.24241648614406586,0.23346278071403503,-0.008953705430030823,0.4350423216819763,0.38239943981170654,-0.052642881870269775,0.39827102422714233,0.3409108519554138,-0.057360172271728516,0.5721337795257568,0.58514803647995,-0.013014256954193115,0.19751125574111938,0.19751125574111938,103.22329270839691
crack0005_07.png,17.09950852394104,105.56983947753906,96.76332092285156,8.8065185546875,120.8992691040039,115.7496566772461,5.1496124267578125,0.20098088681697845,0.27375882863998413,0.07277794182300568,0.4386136531829834,0.46248501539230347,0.02387136220932007,0.35391706228256226,0.4003210663795471,0.04640400409698486,0.5726413130760193,0.5862399339675903,-0.013598620891571045,0.22634294629096985,0.22634294629096985,112.55732434988022
crack0005_08.png,-8.999940967559814,96.18482971191406,102.1183090209961,-5.933479309082031,103.80372619628906,109.00093078613281,-5.19720458984375,0.24239858984947205,0.24982142448425293,0.007422834634780884,0.5024139881134033,0.4839322566986084,-0.018481731414794922,0.4466741681098938,0.41777682304382324,-0.028897345066070557,0.5670934319496155,0.5881468653678894,-0.021053433418273926,0.2256229817867279,0.2256229817867279,108.13352859020233
crack0005_09.png,-6.084696626663208,96.44427490234375,96.8672103881836,-0.42293548583984375,105.66893005371094,109.11976623535156,-3.450836181640625,0.21828776597976685,0.19525112211704254,-0.023036643862724304,0.3568159341812134,0.3127816915512085,-0.04403424263000488,0.3356139659881592,0.2891007661819458,-0.04651319980621338,0.5662322044372559,0.5831603407859802,-0.016928136348724365,0.20035973191261292,0.20035973191261292,108.26708894968033
crack0006_00.png,14.930434799194337,108.10040283203125,97.799560546875,10.30084228515625,109.72433471679688,108.43513488769531,1.2891998291015625,0.28132617473602295,0.3808610141277313,0.09953483939170837,0.3131901025772095,0.2360801100730896,-0.07710999250411987,0.34200119972229004,0.25504839420318604,-0.086952805519104,0.5685697793960571,0.5876816511154175,-0.01911187171936035,0.15768983960151672,0.15768983960151672,109.57767724990845
crack0006_01.png,14.466499042510986,115.52924346923828,101.66690063476562,13.862342834472656,109.14252471923828,106.0395278930664,3.102996826171875,0.19639581441879272,0.23724421858787537,0.04084840416908264,0.3919215202331543,0.3152559995651245,-0.07666552066802979,0.35786986351013184,0.2894536256790161,-0.06841623783111572,0.5677700638771057,0.5887274146080017,-0.020957350730895996,0.16798068583011627,0.16798068583011627,120.36341977119446
crack0006_02.png,44.96098771095276,131.83712768554688,95.63690185546875,36.200225830078125,137.18756103515625,109.42105102539062,27.766510009765625,0.2172970324754715,0.2872682213783264,0.06997118890285492,0.3020760416984558,0.12873941659927368,-0.17333662509918213,0.1981014609336853,0.17105567455291748,-0.027045786380767822,0.5734063982963562,0.5986582040786743,-0.025251805782318115,0.14102491736412048,0.14102491736412048,124.6455209851265
crack0006_03.png,22.530296421051027,107.55154418945312,91.42542266845703,16.126121520996094,108.50585174560547,106.15876007080078,2.3470916748046875,0.3063049018383026,0.41830378770828247,0.11199888586997986,0.3651996850967407,0.29661279916763306,-0.06858688592910767,0.3611183166503906,0.2884356379508972,-0.07268267869949341,0.5684659481048584,0.587243378162384,-0.018777430057525635,0.12309841066598892,0.12309841066598892,104.59992444515228
crack0006_04.png,15.765191936492919,104.04936218261719,91.92877960205078,12.120582580566406,112.12630462646484,113.99297332763672,-1.866668701171875,0.2632887065410614,0.3392375111579895,0.0759488046169281,0.2728361487388611,0.24865972995758057,-0.024176418781280518,0.31831610202789307,0.2975258231163025,-0.020790278911590576,0.5735947489738464,0.5915340185165405,-0.017939269542694092,0.16034792363643646,0.16034792363643646,105.85310924053192
crack0006_05.png,7.811264562606812,96.89864349365234,88.81136322021484,8.0872802734375,107.82829284667969,110.67364501953125,-2.8453521728515625,0.2396274358034134,0.3052644431591034,0.06563700735569,0.3771643042564392,0.2901424169540405,-0.08702188730239868,0.35843145847320557,0.2988090515136719,-0.05962240695953369,0.5696501135826111,0.592349112033844,-0.02269899845123291,0.1692425012588501,0.1692425012588501,102.17132169008255
crack0006_06.png,15.073422145843505,98.87012481689453,86.21688079833984,12.653244018554688,111.7943344116211,111.1570816040039,0.6372528076171875,0.2691348195075989,0.346221387386322,0.07708656787872314,0.36540454626083374,0.28324490785598755,-0.08215963840484619,0.37855857610702515,0.3215463161468506,-0.05701225996017456,0.5747942924499512,0.5926758646965027,-0.017881572246551514,0.1729971468448639,0.1729971468448639,100.10244822502136
crack0006_07.png,20.12163391113281,108.63817596435547,90.9937515258789,17.644424438476562,107.77925109863281,107.80818939208984,-0.02893829345703125,0.2665351629257202,0.36913689970970154,0.10260173678398132,0.2801303267478943,0.16015297174453735,-0.11997735500335693,0.34842854738235474,0.2735295295715332,-0.07489901781082153,0.5662822127342224,0.5892887115478516,-0.02300649881362915,0.11012320965528488,0.11012320965528488,107.39540243148804
crack0006_08.png,-0.8987845420837406,105.35697174072266,96.75869750976562,8.598274230957031,117.01839447021484,114.18634033203125,2.8320541381835938,0.22032834589481354,0.17487169802188873,-0.045456647872924805,0.3126443028450012,0.16270488500595093,-0.1499394178390503,0.27460765838623047,0.11960309743881226,-0.1550045609474182,0.5742137432098389,0.5991080403327942,-0.024894297122955322,0.16916029155254364,0.16916029155254364,114.52985435724258
crack0006_09.png,0.5159055709838869,109.21687316894531,110.53631591796875,-1.3194427490234375,111.36808776855469,115.54597473144531,-4.177886962890625,0.3093646466732025,0.3900435268878937,0.08067888021469116,0.4066811203956604,0.3590720295906067,-0.04760909080505371,0.4223615527153015,0.37305259704589844,-0.049308955669403076,0.5711303353309631,0.5972164273262024,-0.026086091995239258,0.21978279948234558,0.21978279948234558,115.20337283611298
crack0007_00.png,-10.022938346862793,100.56937408447266,111.55126190185547,-10.981887817382812,108.80101776123047,108.21430206298828,0.5867156982421875,0.1837603896856308,0.20834822952747345,0.02458783984184265,0.3540988564491272,0.34302592277526855,-0.011072933673858643,0.19516324996948242,0.20917385816574097,0.014010608196258545,0.5755055546760559,0.595501720905304,-0.019996166229248047,0.16673919558525085,0.16673919558525085,118.85476344823837
crack0007_01.png,-3.4923255443573,89.98152923583984,100.63113403320312,-10.649604797363281,109.95208740234375,105.62088012695312,4.331207275390625,0.21426360309123993,0.3003590703010559,0.08609546720981598,0.3298575282096863,0.3089919686317444,-0.020865559577941895,0.18520301580429077,0.2475484013557434,0.06234538555145264,0.5719915628433228,0.5876970291137695,-0.015705466270446777,0.17278946936130524,0.17278946936130524,105.95839661359787
crack0007_02.png,-2.446802711486816,95.99127197265625,103.08314514160156,-7.0918731689453125,112.37492370605469,109.80559539794922,2.5693283081054688,0.23004233837127686,0.29939112067222595,0.0693487823009491,0.4310377240180969,0.4038347601890564,-0.027202963829040527,0.27711570262908936,0.30372071266174316,0.02660501003265381,0.5707151293754578,0.5917762517929077,-0.02106112241744995,0.17905372381210327,0.17905372381210327,109.4057183265686
crack0007_03.png,-11.75479679107666,88.59933471679688,103.78992462158203,-15.190589904785156,107.99885559082031,105.00862121582031,2.990234375,0.2530995309352875,0.31301218271255493,0.059912651777267456,0.4883347749710083,0.4432101845741272,-0.045124590396881104,0.3736199736595154,0.39267104864120483,0.019051074981689453,0.5703921318054199,0.5891003608703613,-0.018708229064941406,0.1474006175994873,0.1474006175994873,104.57267224788666
crack0007_04.png,-8.733775520324707,102.46883392333984,112.79832458496094,-10.329490661621094,114.18367767333984,112.78694152832031,1.3967361450195312,0.290589302778244,0.2890811562538147,-0.0015081465244293213,0.3810041546821594,0.42896169424057007,0.047957539558410645,0.2913880944252014,0.3444649577140808,0.053076863288879395,0.5708996653556824,0.58991539478302,-0.019015729427337646,0.19055411219596863,0.19055411219596863,113.88532567024231
crack0007_05.png,-14.90165057182312,103.85033416748047,112.22136688232422,-8.37103271484375,113.30032348632812,111.4696273803711,1.8306961059570312,0.2617991268634796,0.19000358879566193,-0.07179553806781769,0.23474115133285522,0.21943187713623047,-0.015309274196624756,0.11451518535614014,0.03877168893814087,-0.07574349641799927,0.5735024809837341,0.5961745381355286,-0.022672057151794434,0.20079153776168823,0.20079153776168823,120.48261672258377
crack0007_06.png,-23.478596782684328,105.12132263183594,120.42761993408203,-15.306297302246094,108.93324279785156,112.19673919677734,-3.2634963989257812,0.34002840518951416,0.29648178815841675,-0.04354661703109741,0.4765634536743164,0.4088776707649231,-0.06768578290939331,0.3845847249031067,0.3289366364479065,-0.055648088455200195,0.5724298357963562,0.5893233418464661,-0.016893506050109863,0.18690380454063416,0.18690380454063416,118.55849766731262
crack0007_07.png,0.7232645511627198,111.4317398071289,114.88447570800781,-3.4527359008789062,116.6766586303711,108.81156921386719,7.865089416503906,0.22279180586338043,0.25846627354621887,0.03567446768283844,0.3852608799934387,0.36957651376724243,-0.01568436622619629,0.30724793672561646,0.30974721908569336,0.0024992823600769043,0.5677239298820496,0.5976393818855286,-0.029915452003479004,0.23206445574760437,0.23206445574760437,123.69617468118668
crack0007_08.png,-17.257816123962403,82.59456634521484,100.56403350830078,-17.969467163085938,111.14080810546875,106.73036193847656,4.4104461669921875,0.2786369323730469,0.31754863262176514,0.03891170024871826,0.38001787662506104,0.286715567111969,-0.09330230951309204,0.3042480945587158,0.3095189929008484,0.005270898342132568,0.576197624206543,0.587031900882721,-0.010834276676177979,0.12504097819328308,0.12504097819328308,98.34236001968384
crack0007_09.png,-12.75311632156372,98.4078140258789,110.4931640625,-12.085350036621094,108.42102813720703,107.1813735961914,1.239654541015625,0.28569313883781433,0.3213042616844177,0.035611122846603394,0.3975532054901123,0.3183128833770752,-0.07924032211303711,0.25591814517974854,0.2834276556968689,0.02750951051712036,0.5731680393218994,0.594240665435791,-0.0210726261138916,0.18638603389263153,0.18638603389263153,111.07852733135223
crack0008_00.png,-6.688461589813232,97.84248352050781,105.20018768310547,-7.357704162597656,105.41719055175781,101.93718719482422,3.4800033569335938,0.29403427243232727,0.30541443824768066,0.011380165815353394,0.32887041568756104,0.3086562752723694,-0.02021414041519165,0.3902939558029175,0.3638291358947754,-0.02646481990814209,0.5648404359817505,0.585455596446991,-0.02061516046524048,0.14815375208854675,0.14815375208854675,107.29750311374664
crack0008_01.png,2.6537961959838867,105.98873138427734,106.53791809082031,-0.5491867065429688,105.23640441894531,102.72000122070312,2.5164031982421875,0.2664320468902588,0.3136269450187683,0.04719489812850952,0.3585677146911621,0.3439865708351135,-0.014581143856048584,0.35094213485717773,0.32812052965164185,-0.02282160520553589,0.563583254814148,0.5884813666343689,-0.024898111820220947,0.16408318281173706,0.16408318281173706,113.81665658950806
crack0008_02.png,-8.686811065673828,102.9305191040039,110.70785522460938,-7.777336120605469,106.38481140136719,107.13819885253906,-0.753387451171875,0.295337438583374,0.29262077808380127,-0.002716660499572754,0.3679066300392151,0.3802323341369629,0.012325704097747803,0.37153661251068115,0.38339096307754517,0.011854350566864014,0.5668896436691284,0.588985025882721,-0.02209538221359253,0.15786784887313843,0.15786784887313843,112.8213415145874
crack0008_03.png,-4.069166374206543,109.52845764160156,115.17569732666016,-5.647239685058594,110.29542541503906,109.6597900390625,0.6356353759765625,0.2652130126953125,0.27905163168907166,0.013838618993759155,0.26538413763046265,0.2963886857032776,0.03100454807281494,0.3148570656776428,0.34240806102752686,0.027550995349884033,0.5707151293754578,0.5963014364242554,-0.025586307048797607,0.2196296751499176,0.2196296751499176,120.29135417938232
crack0008_04.png,-10.646567153930665,114.6017837524414,126.01763916015625,-11.415855407714844,104.84620666503906,107.73281860351562,-2.8866119384765625,0.25933438539505005,0.27218225598335266,0.012847870588302612,0.4236105680465698,0.46566325426101685,0.04205268621444702,0.35835057497024536,0.4011767506599426,0.042826175689697266,0.5680853724479675,0.5877354741096497,-0.01965010166168213,0.20230171084403992,0.20230171084403992,128.2590672969818
crack0008_05.png,-8.67202386856079,110.70596313476562,119.90056610107422,-9.194602966308594,107.29475402832031,108.29590606689453,-1.0011520385742188,0.27303001284599304,0.28653591871261597,0.013505905866622925,0.3256608843803406,0.34391266107559204,0.018251776695251465,0.3960895538330078,0.39354854822158813,-0.0025410056114196777,0.5686428546905518,0.5908304452896118,-0.02218759059906006,0.13863840699195862,0.13863840699195862,122.55468165874481
crack0008_06.png,-6.507154178619384,110.2317123413086,119.9179916381836,-9.686279296875,105.98638916015625,105.99078369140625,-0.00439453125,0.283208429813385,0.28982508182525635,0.006616652011871338,0.15706908702850342,0.2501014471054077,0.0930323600769043,0.277246356010437,0.34364527463912964,0.06639891862869263,0.5683275461196899,0.5950711369514465,-0.026743590831756592,0.16472041606903076,0.16472041606903076,121.88519167900085
crack0008_07.png,-2.229724025726318,119.17573547363281,123.43858337402344,-4.262847900390625,119.32485961914062,115.53395080566406,3.7909088134765625,0.2743728756904602,0.23506620526313782,-0.03930667042732239,0.2742409110069275,0.3927552103996277,0.1185142993927002,0.3489973545074463,0.4234389066696167,0.07444155216217041,0.5694271326065063,0.5964090824127197,-0.02698194980621338,0.2001877725124359,0.2001877725124359,131.05955040454865
crack0008_08.png,-10.597251033782959,115.60452270507812,123.67273712158203,-8.068214416503906,104.69636535644531,106.01493835449219,-1.318572998046875,0.2835836410522461,0.27491772174835205,-0.008665919303894043,0.5005865097045898,0.4906809329986572,-0.009905576705932617,0.4309566020965576,0.40684038400650024,-0.024116218090057373,0.5621145963668823,0.5849173665046692,-0.022802770137786865,0.16731321811676025,0.16731321811676025,126.54026126861572
crack0008_09.png,-22.0910475730896,98.62661743164062,116.52641296386719,-17.899795532226562,105.47560119628906,106.95081329345703,-1.4752120971679688,0.3349702060222626,0.30131784081459045,-0.03365236520767212,0.43991100788116455,0.4357448220252991,-0.0041661858558654785,0.4344690442085266,0.43864792585372925,0.004178881645202637,0.5658592581748962,0.5844175219535828,-0.018558263778686523,0.1539730280637741,0.1539730280637741,112.87414562702179
crack0009_00.png,3.6329874992370605,110.5436019897461,108.49054718017578,2.0530548095703125,109.65252685546875,106.7628173828125,2.88970947265625,0.17910288274288177,0.18870477378368378,0.009601891040802002,0.47210222482681274,0.49085068702697754,0.018748462200164795,0.30795687437057495,0.3114224672317505,0.003465592861175537,0.5675009489059448,0.5948519706726074,-0.027351021766662598,0.15424567461013794,0.15424567461013794,122.56498044729233
crack0009_01.png,2.0652939319610595,111.48121643066406,115.6684799194336,-4.187263488769531,107.50914001464844,106.6355972290039,0.8735427856445312,0.23054911196231842,0.29623642563819885,0.06568731367588043,0.44463062286376953,0.4852635860443115,0.04063296318054199,0.27036339044570923,0.358384370803833,0.08802098035812378,0.5667281746864319,0.5911572575569153,-0.0244290828704834,0.23164796829223633,0.23164796829223633,123.38819175958633
crack0009_02.png,-3.7562182426452635,113.95884704589844,114.77566528320312,-0.8168182373046875,107.7770004272461,108.91930389404297,-1.142303466796875,0.2252057045698166,0.2190258651971817,-0.006179839372634888,0.4054773449897766,0.38279157876968384,-0.022685766220092773,0.24103498458862305,0.20364385843276978,-0.03739112615585327,0.5661245584487915,0.5931410789489746,-0.027016520500183105,0.1622130274772644,0.1622130274772644,124.95134741067886
crack0009_03.png,-5.628549957275391,108.47486877441406,112.16487121582031,-3.69000244140625,109.92340850830078,111.10323333740234,-1.1798248291015625,0.21895571053028107,0.21099545061588287,-0.007960259914398193,0.3607912063598633,0.3630412817001343,0.002250075340270996,0.23400789499282837,0.2741321921348572,0.04012429714202881,0.5676355361938477,0.5906305313110352,-0.0229949951171875,0.18843068182468414,0.18843068182468414,121.28536421060562
crack0009_04.png,1.8383960723876953,107.93783569335938,111.03339385986328,-3.0955581665039062,105.47728729248047,105.75152587890625,-0.27423858642578125,0.1951385736465454,0.22567781805992126,0.030539244413375854,0.3893381357192993,0.472051739692688,0.08271360397338867,0.2666623592376709,0.37583184242248535,0.10916948318481445,0.5688427686691284,0.586543619632721,-0.01770085096359253,0.18430732190608978,0.18430732190608978,121.23904514312744
crack0009_05.png,0.18966069221496573,108.4148178100586,109.99543762207031,-1.5806198120117188,109.40742492675781,111.19741821289062,-1.7899932861328125,0.2381332367658615,0.2659241855144501,0.027790948748588562,0.47937721014022827,0.5098238587379456,0.030446648597717285,0.3237440586090088,0.352009117603302,0.028265058994293213,0.5678738951683044,0.5917454957962036,-0.02387160062789917,0.21499629318714142,0.21499629318714142,118.5869533419609
crack0009_06.png,6.115477657318115,123.20145416259766,118.50106811523438,4.700386047363281,117.23356628417969,118.04439544677734,-0.8108291625976562,0.18372003734111786,0.20703841745853424,0.023318380117416382,0.3473696708679199,0.3668213486671448,0.019451677799224854,0.268208384513855,0.2879881262779236,0.019779741764068604,0.570776641368866,0.5933794975280762,-0.022602856159210205,0.1847282499074936,0.1847282499074936,133.563238799572
crack0009_07.png,-0.31061682701110804,106.67137145996094,111.13458251953125,-4.4632110595703125,107.47787475585938,106.55210876464844,0.9257659912109375,0.16363269090652466,0.226979598402977,0.06334690749645233,0.47442543506622314,0.46582210063934326,-0.008603334426879883,0.2410072684288025,0.27642691135406494,0.03541964292526245,0.5629603862762451,0.5864936709403992,-0.023533284664154053,0.1509304940700531,0.1509304940700531,122.54476237297058
crack0009_08.png,5.859615850448608,107.20818328857422,105.6138687133789,1.5943145751953125,105.14495849609375,103.00083923339844,2.1441192626953125,0.22041450440883636,0.25288787484169006,0.0324733704328537,0.4698483943939209,0.5103159546852112,0.04046756029129028,0.31261318922042847,0.36949682235717773,0.05688363313674927,0.5711610913276672,0.5913840532302856,-0.020222961902618408,0.19634543359279633,0.19634543359279633,116.8415178656578
crack0009_09.png,-2.952221632003784,109.54957580566406,114.81060791015625,-5.2610321044921875,108.32296752929688,113.10308837890625,-4.780120849609375,0.16199107468128204,0.1977100372314453,0.03571896255016327,0.3920377492904663,0.45409899950027466,0.06206125020980835,0.16742289066314697,0.2665401101112366,0.0991172194480896,0.5639792084693909,0.5919569134712219,-0.027977705001831055,0.1642390787601471,0.1642390787601471,126.13890391588211
crack0010_00.png,2.5775791168212887,98.73680114746094,97.17278289794922,1.5640182495117188,111.3465347290039,106.63875579833984,4.7077789306640625,0.4312402606010437,0.4457237720489502,0.014483511447906494,0.2289862036705017,0.20148301124572754,-0.02750319242477417,0.2905636429786682,0.23889952898025513,-0.051664113998413086,0.564394474029541,0.5875970721244812,-0.023202598094940186,0.09764929115772247,0.09764929115772247,95.5842592716217
crack0010_01.png,21.243542766571046,107.71505737304688,93.54345703125,14.171600341796875,121.4552001953125,116.9739761352539,4.481224060058594,0.39313608407974243,0.4113489091396332,0.018212825059890747,0.12226259708404541,0.24195241928100586,0.11968982219696045,0.24448060989379883,0.2748301029205322,0.0303494930267334,0.5659900307655334,0.5901191830635071,-0.024129152297973633,0.10672260820865631,0.10672260820865631,100.64585947990417
crack0010_02.png,-9.410394954681397,111.38455963134766,108.39636993408203,2.988189697265625,114.21243286132812,116.61679077148438,-2.40435791015625,0.4143102467060089,0.42977866530418396,0.015468418598175049,0.31089258193969727,0.014542162418365479,-0.2963504195213318,0.16342145204544067,0.11699843406677246,-0.04642301797866821,0.5655248165130615,0.5860322713851929,-0.020507454872131348,0.09935634583234787,0.09935634583234787,108.47314083576202
crack0010_03.png,18.180128288269042,105.53562927246094,98.26274108886719,7.27288818359375,127.72997283935547,115.6432113647461,12.086761474609375,0.3024194538593292,0.3647069036960602,0.06228744983673096,0.008624792098999023,0.05608242750167847,0.04745763540267944,0.16274237632751465,0.2096642255783081,0.04692184925079346,0.5683467984199524,0.5885659456253052,-0.020219147205352783,0.10766187310218811,0.10766187310218811,107.29665577411652
crack0010_04.png,16.21420545578003,102.40029907226562,90.18576049804688,12.21453857421875,109.63829040527344,110.1924057006836,-0.5541152954101562,0.42541930079460144,0.4225446879863739,-0.002874612808227539,0.10789322853088379,0.23564589023590088,0.1277526617050171,0.2642287611961365,0.2949383854866028,0.03070962429046631,0.5722337365150452,0.5887043476104736,-0.016470611095428467,0.11525531858205795,0.11525531858205795,94.48852241039276
crack0010_05.png,16.186600494384766,97.2696762084961,89.11187744140625,8.157798767089844,117.23538208007812,115.33311462402344,1.9022674560546875,0.36199894547462463,0.4068797826766968,0.044880837202072144,0.05553501844406128,0.17204588651657104,0.11651086807250977,0.19044673442840576,0.22990721464157104,0.03946048021316528,0.5640061497688293,0.5885813236236572,-0.02457517385482788,0.1024579256772995,0.1024579256772995,95.01409304141998
crack0010_06.png,17.58255453109741,106.44192504882812,92.02373504638672,14.418190002441406,112.33665466308594,108.94915771484375,3.3874969482421875,0.39426857233047485,0.3872009813785553,-0.007067590951919556,0.0,0.08698564767837524,0.08698564767837524,0.16256701946258545,0.1939913034439087,0.03142428398132324,0.5618569850921631,0.589473307132721,-0.02761632204055786,0.1039733812212944,0.1039733812212944,99.57970345020294
crack0010_07.png,19.012317752838136,80.83586120605469,65.1048583984375,15.731002807617188,113.43756103515625,107.39273071289062,6.044830322265625,0.4211217761039734,0.4021894931793213,-0.0189322829246521,0.01402425765991211,0.09531497955322266,0.08129072189331055,0.22855234146118164,0.205693781375885,-0.02285856008529663,0.5700269341468811,0.59186851978302,-0.021841585636138916,0.09766608476638794,0.09766608476638794,72.51373100280762
crack0010_08.png,14.797066974639893,91.10440826416016,82.43787384033203,8.666534423828125,114.05316162109375,110.40898895263672,3.6441726684570312,0.44149351119995117,0.45803773403167725,0.016544222831726074,0.11481410264968872,0.21895480155944824,0.10414069890975952,0.30349045991897583,0.3130132555961609,0.009522795677185059,0.570895791053772,0.5913033485412598,-0.020407557487487793,0.10851509869098663,0.10851509869098663,83.93366432189941
crack0010_09.png,15.304354667663574,110.2542495727539,100.50187683105469,9.752372741699219,117.23228454589844,107.69248962402344,9.539794921875,0.3533269464969635,0.3845183253288269,0.031191378831863403,0.0,0.0,0.0,0.057415544986724854,0.08680379390716553,0.029388248920440674,0.5686082243919373,0.5875893831253052,-0.01898115873336792,0.10994493961334229,0.10994493961334229,107.6820217370987
crack0011_00.png,-1.352653980255127,113.48445129394531,114.76637268066406,-1.28192138671875,110.14337158203125,110.71752166748047,-0.5741500854492188,0.26499712467193604,0.3218843340873718,0.05688720941543579,0.4723019003868103,0.37497663497924805,-0.09732526540756226,0.4341336488723755,0.3627755045890808,-0.07135814428329468,0.573464035987854,0.5859400033950806,-0.012475967407226562,0.23416699469089508,0.23416699469089508,121.66318464279175
crack0011_01.png,-3.4888895988464355,101.59729766845703,107.04326629638672,-5.4459686279296875,110.51605224609375,106.44158935546875,4.074462890625,0.34740108251571655,0.3553205132484436,0.00791943073272705,0.4809759259223938,0.49465346336364746,0.013677537441253662,0.40279102325439453,0.4317542314529419,0.028963208198547363,0.5718839168548584,0.5932179689407349,-0.021334052085876465,0.19024324417114258,0.19024324417114258,107.20493578910828
crack0011_02.png,-14.753346061706543,118.79711151123047,126.04258728027344,-7.245475769042969,110.6654281616211,108.05879211425781,2.6066360473632812,0.34167465567588806,0.29247692227363586,-0.0491977334022522,0.48545241355895996,0.3869590163230896,-0.09849339723587036,0.41747093200683594,0.30609995126724243,-0.1113709807395935,0.5707305073738098,0.5876047611236572,-0.016874253749847412,0.21566715836524963,0.21566715836524963,128.3754245042801
crack0011_03.png,-17.084602451324464,114.42914581298828,120.54415130615234,-6.1150054931640625,110.0262680053711,107.96078491210938,2.0654830932617188,0.2727621793746948,0.2547437250614166,-0.018018454313278198,0.43441349267959595,0.20237994194030762,-0.23203355073928833,0.3636317253112793,0.11404156684875488,-0.24959015846252441,0.5709496140480042,0.5977739095687866,-0.02682429552078247,0.19331002235412598,0.19331002235412598,126.11298143863678
crack0011_04.png,-5.447923469543457,133.3811798095703,136.1818389892578,-2.8006591796875,109.8324203491211,110.1866455078125,-0.35422515869140625,0.3469392955303192,0.29529866576194763,-0.05164062976837158,0.3566216826438904,0.4197472333908081,0.06312555074691772,0.33564192056655884,0.33614420890808105,0.0005022883415222168,0.5711726546287537,0.5936563014984131,-0.022483646869659424,0.19496068358421326,0.19496068358421326,140.80984151363373
crack0011_05.png,-14.858523559570312,106.1362533569336,110.32141876220703,-4.1851654052734375,106.62849426269531,101.59230041503906,5.03619384765625,0.37772780656814575,0.32117894291877747,-0.056548863649368286,0.5917748212814331,0.40262478590011597,-0.18915003538131714,0.4789315462112427,0.2916255593299866,-0.1873059868812561,0.5681430101394653,0.583091139793396,-0.014948129653930664,0.16335754096508026,0.16335754096508026,112.2817450761795
crack0011_06.png,-9.822433948516846,115.47450256347656,123.48357391357422,-8.009071350097656,107.6456298828125,109.99990844726562,-2.354278564453125,0.2928958833217621,0.25233107805252075,-0.04056480526924133,0.4575287699699402,0.5374053716659546,0.0798766016960144,0.4329140782356262,0.48738330602645874,0.05446922779083252,0.5686851143836975,0.5892233848571777,-0.020538270473480225,0.17245766520500183,0.17245766520500183,127.90810894966125
crack0011_07.png,-16.849243259429933,105.99231719970703,111.8436508178711,-5.8513336181640625,106.32896423339844,103.68204498291016,2.6469192504882812,0.3862878978252411,0.28905731439590454,-0.09723058342933655,0.5882395505905151,0.5054591298103333,-0.08278042078018188,0.5039992332458496,0.3796173930168152,-0.12438184022903442,0.5692272186279297,0.5934025645256042,-0.02417534589767456,0.19714726507663727,0.19714726507663727,115.31064772605896
crack0011_08.png,-17.240471744537352,106.80918884277344,117.16924285888672,-10.360054016113281,107.8692398071289,105.14468383789062,2.7245559692382812,0.35016676783561707,0.34169653058052063,-0.008470237255096436,0.552525520324707,0.3956502079963684,-0.15687531232833862,0.5090341567993164,0.38514095544815063,-0.12389320135116577,0.56772780418396,0.5931680202484131,-0.025440216064453125,0.20495091378688812,0.20495091378688812,115.21414482593536
crack0011_09.png,-19.549967670440672,99.72906494140625,109.97154235839844,-10.242477416992188,107.18920135498047,106.13777160644531,1.0514297485351562,0.3447096645832062,0.3420476019382477,-0.002662062644958496,0.5341963768005371,0.3171032667160034,-0.2170931100845337,0.4739217758178711,0.30925077199935913,-0.16467100381851196,0.5693041086196899,0.590088427066803,-0.020784318447113037,0.2164498269557953,0.2164498269557953,107.9309846162796
crack0012_00.png,11.162965679168702,123.05394744873047,115.81674194335938,7.237205505371094,118.26898193359375,107.242431640625,11.02655029296875,0.3284142315387726,0.32947397232055664,0.0010597407817840576,0.4927152991294861,0.49769771099090576,0.004982411861419678,0.4166741371154785,0.42993468046188354,0.01326054334640503,0.5731795430183411,0.5924029350280762,-0.019223392009735107,0.25187522172927856,0.25187522172927856,123.42660820484161
crack0012_01.png,14.93767433166504,113.03805541992188,103.19127655029297,9.846778869628906,117.63639831542969,108.35604858398438,9.280349731445312,0.30838704109191895,0.3264404833316803,0.018053442239761353,0.5176504254341125,0.5374618768692017,0.01981145143508911,0.45730268955230713,0.47219640016555786,0.014893710613250732,0.5690426826477051,0.5904921293258667,-0.02144944667816162,0.26358863711357117,0.26358863711357117,113.23112869262695
crack0012_02.png,-2.945041465759277,107.49491882324219,113.98821258544922,-6.493293762207031,109.70143127441406,109.00375366210938,0.6976776123046875,0.1445166915655136,0.18419523537158966,0.03967854380607605,0.35753971338272095,0.37978529930114746,0.022245585918426514,0.275937020778656,0.30491429567337036,0.028977274894714355,0.5700230598449707,0.5898962020874023,-0.01987314224243164,0.1418209969997406,0.1418209969997406,125.66641229391098
crack0012_03.png,-6.98295955657959,96.32918548583984,100.23219299316406,-3.9030075073242188,101.81883239746094,105.75299835205078,-3.9341659545898438,0.22805507481098175,0.2173302322626114,-0.010724842548370361,0.48631536960601807,0.4831029176712036,-0.003212451934814453,0.45328080654144287,0.4301471710205078,-0.02313363552093506,0.5725297927856445,0.5855247974395752,-0.012995004653930664,0.2448882907629013,0.2448882907629013,108.66186720132828
crack0012_04.png,-0.09647560119628906,108.77859497070312,112.87608337402344,-4.0974884033203125,106.15222930908203,104.96772766113281,1.1845016479492188,0.1656259000301361,0.20471248030662537,0.03908658027648926,0.4622828960418701,0.4926668405532837,0.030383944511413574,0.42320704460144043,0.4295610785484314,0.006354033946990967,0.5717762112617493,0.592153012752533,-0.02037680149078369,0.192421555519104,0.192421555519104,124.57590568065643
crack0012_05.png,-9.236633682250977,109.87896728515625,117.62983703613281,-7.7508697509765625,112.30590057373047,114.92584991455078,-2.6199493408203125,0.12136061489582062,0.1348663717508316,0.013505756855010986,0.3864734172821045,0.37865573167800903,-0.007817685604095459,0.26839399337768555,0.2551456093788147,-0.01324838399887085,0.571099579334259,0.6012380123138428,-0.03013843297958374,0.16087327897548676,0.16087327897548676,130.522285759449
crack0012_06.png,18.399646854400636,117.77686309814453,111.73811340332031,6.038749694824219,124.73440551757812,110.9592056274414,13.775199890136719,0.13146565854549408,0.21738065779209137,0.08591499924659729,0.42904794216156006,0.45052218437194824,0.021474242210388184,0.3445245027542114,0.3905777931213379,0.046053290367126465,0.5753633379936218,0.5973971486091614,-0.02203381061553955,0.15036845207214355,0.15036845207214355,130.76543468236923
crack0012_07.png,6.620097255706787,122.52488708496094,119.89920806884766,2.6256790161132812,120.5775146484375,114.61840057373047,5.959114074707031,0.15044353902339935,0.17681778967380524,0.026374250650405884,0.42857539653778076,0.4311673641204834,0.0025919675827026367,0.38059496879577637,0.34837013483047485,-0.032224833965301514,0.5736255049705505,0.5886966586112976,-0.01507115364074707,0.17274045944213867,0.17274045944213867,135.73330157995224
crack0012_08.png,-16.586492443084715,105.561767578125,118.1698989868164,-12.608131408691406,107.61671447753906,120.21095275878906,-12.59423828125,0.2595923840999603,0.2926828861236572,0.0330905020236969,0.4458613395690918,0.4327419400215149,-0.013119399547576904,0.424435019493103,0.4130175709724426,-0.0114174485206604,0.5717031955718994,0.5982814431190491,-0.026578247547149658,0.27050256729125977,0.27050256729125977,120.22154796123505
crack0012_09.png,-2.5845532417297363,110.98460388183594,115.18964385986328,-4.205039978027344,106.27603149414062,109.19862365722656,-2.9225921630859375,0.2241215705871582,0.2535862922668457,0.0294647216796875,0.45563697814941406,0.48251253366470337,0.026875555515289307,0.4326285719871521,0.43394970893859863,0.0013211369514465332,0.5714955925941467,0.5875625014305115,-0.016066908836364746,0.25514987111091614,0.25514987111091614,123.14232969284058
crack0013_00.png,25.235357666015624,107.23396301269531,83.75131225585938,23.482650756835938,106.83526611328125,109.18853759765625,-2.353271484375,0.4595082402229309,0.4068952798843384,-0.05261296033859253,0.0,0.19139981269836426,0.19139981269836426,0.38058966398239136,0.43124186992645264,0.05065220594406128,0.5705229043960571,0.5893464088439941,-0.01882350444793701,0.10094471275806427,0.10094471275806427,94.6527771949768
crack0013_01.png,25.13594980239868,98.45771789550781,80.00519561767578,18.45252227783203,108.15718078613281,109.7890625,-1.6318817138671875,0.43577536940574646,0.4321345090866089,-0.0036408603191375732,0.0,0.21307373046875,0.21307373046875,0.32042956352233887,0.37836551666259766,0.05793595314025879,0.5644175410270691,0.5868050456047058,-0.02238750457763672,0.09691870957612991,0.09691870957612991,86.7755880355835
crack0013_02.png,14.962529754638673,93.52154541015625,73.52576446533203,19.99578094482422,110.06507873535156,104.59367370605469,5.471405029296875,0.45532843470573425,0.37894636392593384,-0.07638207077980042,0.21995943784713745,0.2131471037864685,-0.006812334060668945,0.39461374282836914,0.4141945242881775,0.01958078145980835,0.5696693658828735,0.5906382203102112,-0.020968854427337646,0.10789728909730911,0.10789728909730911,84.41240191459656
crack0013_03.png,12.21749210357666,122.26429748535156,111.18472290039062,11.079574584960938,114.08436584472656,113.45730590820312,0.6270599365234375,0.3399948179721832,0.39273715019226074,0.052742332220077515,0.251973032951355,0.1950055956840515,-0.05696743726730347,0.3362119793891907,0.3154701590538025,-0.020741820335388184,0.5644136667251587,0.5907535552978516,-0.02633988857269287,0.1255423128604889,0.1255423128604889,119.95496332645416
crack0013_04.png,20.396272373199462,99.36296844482422,77.90352630615234,21.459442138671875,109.36790466308594,108.58283233642578,0.7850723266601562,0.4362344443798065,0.4071286618709564,-0.029105782508850098,0.06812810897827148,0.11364364624023438,0.04551553726196289,0.3299477696418762,0.3941967487335205,0.06424897909164429,0.566143810749054,0.5878777503967285,-0.02173393964767456,0.09438194334506989,0.09438194334506989,87.72063767910004
crack0013_05.png,27.87444019317627,125.7996826171875,103.11892700195312,22.680755615234375,112.62478637695312,111.61854553222656,1.0062408447265625,0.4621584713459015,0.46565955877304077,0.0035010874271392822,0.13636988401412964,0.27568334341049194,0.1393134593963623,0.3830224275588989,0.40079402923583984,0.017771601676940918,0.5679815411567688,0.5945174694061279,-0.02653592824935913,0.10202902555465698,0.10202902555465698,110.51049530506134
crack0013_06.png,103.79892621040344,158.5674285888672,83.01129913330078,75.5561294555664,162.3010711669922,110.68540954589844,51.61566162109375,0.1859026700258255,0.37568938732147217,0.18978671729564667,0.329753577709198,0.1727808713912964,-0.1569727063179016,0.38892585039138794,0.35579735040664673,-0.03312849998474121,0.5612648725509644,0.5939522981643677,-0.03268742561340332,0.1129446029663086,0.1129446029663086,133.39329558610916
crack0013_07.png,23.890003967285157,115.34210205078125,93.73054504394531,21.611557006835938,116.74057006835938,111.32530975341797,5.415260314941406,0.4225265085697174,0.42906132340431213,0.0065348148345947266,0.15724515914916992,0.16590756177902222,0.008662402629852295,0.4171377420425415,0.42274338006973267,0.005605638027191162,0.5746751427650452,0.5935986042022705,-0.018923461437225342,0.1018623486161232,0.1018623486161232,102.92867720127106
crack0013_08.png,23.834128284454344,115.5928955078125,95.27433776855469,20.318557739257812,120.19633483886719,114.21586608886719,5.98046875,0.31426259875297546,0.39675024151802063,0.08248764276504517,0.40643882751464844,0.2952228784561157,-0.11121594905853271,0.47538894414901733,0.41036397218704224,-0.0650249719619751,0.5683121681213379,0.5939869284629822,-0.025674760341644287,0.09609287977218628,0.09609287977218628,110.33733785152435
crack0013_09.png,31.45180368423462,101.68429565429688,76.5877914428711,25.09650421142578,108.76139831542969,107.92552185058594,0.83587646484375,0.46407392621040344,0.4492734670639038,-0.014800459146499634,0.008064627647399902,0.20692050457000732,0.19885587692260742,0.3558688759803772,0.3915787935256958,0.035709917545318604,0.5712341666221619,0.5899654030799866,-0.018731236457824707,0.10504218190908432,0.10504218190908432,85.77825164794922
crack0014_00.png,-3.6157913208007812,117.02582550048828,117.2165298461914,-0.190704345703125,108.16577911376953,109.86862182617188,-1.7028427124023438,0.25355255603790283,0.2047906219959259,-0.04876193404197693,0.4173796772956848,0.47541284561157227,0.05803316831588745,0.3550543785095215,0.3593331575393677,0.004278779029846191,0.5683198571205139,0.5974279046058655,-0.029108047485351562,0.1702074408531189,0.1702074408531189,128.7308565378189
crack0014_01.png,3.9219795227050778,115.09127044677734,112.50575256347656,2.5855178833007812,105.90888977050781,105.404296875,0.5045928955078125,0.27249112725257874,0.31020882725715637,0.03771770000457764,0.4496687650680542,0.421172559261322,-0.028496205806732178,0.42388010025024414,0.38157618045806885,-0.04230391979217529,0.5701499581336975,0.5887235403060913,-0.0185735821723938,0.19547829031944275,0.19547829031944275,120.99798548221588
crack0014_02.png,-0.4928775787353512,120.18817901611328,116.22579193115234,3.9623870849609375,105.56415557861328,104.51185607910156,1.0522994995117188,0.2782558798789978,0.22787338495254517,-0.05038249492645264,0.3959059715270996,0.40004897117614746,0.0041429996490478516,0.367196261882782,0.32877063751220703,-0.03842562437057495,0.5648404359817505,0.5901230573654175,-0.025282621383666992,0.1943245232105255,0.1943245232105255,128.1395046710968
crack0014_03.png,6.671040964126586,127.25867462158203,117.31537628173828,9.94329833984375,110.43689727783203,107.24017333984375,3.1967239379882812,0.2778719961643219,0.23657025396823883,-0.04130174219608307,0.39868640899658203,0.3845865726470947,-0.014099836349487305,0.37355053424835205,0.3207927942276001,-0.05275774002075195,0.5735101699829102,0.5905805230140686,-0.017070353031158447,0.20897427201271057,0.20897427201271057,131.71603113412857
crack0014_04.png,10.208398914337158,126.68148803710938,117.0970230102539,9.584465026855469,111.31413269042969,110.1269760131836,1.1871566772460938,0.2572615444660187,0.30322209000587463,0.04596054553985596,0.2387787103652954,0.1731795072555542,-0.06559920310974121,0.16872501373291016,0.051947951316833496,-0.11677706241607666,0.570011556148529,0.5926066637039185,-0.022595107555389404,0.1538362205028534,0.1538362205028534,130.15782940387726
crack0014_05.png,-6.62147364616394,121.0215072631836,116.11386108398438,4.907646179199219,106.7171401977539,107.16767883300781,-0.45053863525390625,0.2887386679649353,0.18553580343723297,-0.10320286452770233,0.45095938444137573,0.39519959688186646,-0.05575978755950928,0.4048539996147156,0.33560460805892944,-0.06924939155578613,0.568358302116394,0.58991539478302,-0.021557092666625977,0.19275358319282532,0.19275358319282532,131.0321517586708
crack0014_06.png,3.9575287818908693,119.66093444824219,114.3922119140625,5.2687225341796875,105.75296020507812,107.15931701660156,-1.4063568115234375,0.29232579469680786,0.2976680099964142,0.005342215299606323,0.2553642988204956,0.2458828091621399,-0.009481489658355713,0.24522161483764648,0.15401262044906616,-0.09120899438858032,0.5687581896781921,0.5886774063110352,-0.019919216632843018,0.1463649570941925,0.1463649570941925,123.03412175178528
crack0014_07.png,0.1940093994140626,121.57859802246094,118.8294677734375,2.7491302490234375,105.77215576171875,106.08772277832031,-0.3155670166015625,0.2940352261066437,0.27366146445274353,-0.020373761653900146,0.31866973638534546,0.31981366872787476,0.0011439323425292969,0.31856048107147217,0.2672894597053528,-0.051271021366119385,0.5692464709281921,0.5903652310371399,-0.021118760108947754,0.17890013754367828,0.17890013754367828,127.3989542722702
crack0014_08.png,6.668406772613526,120.4389419555664,110.33978271484375,10.099159240722656,104.66371154785156,102.60832214355469,2.055389404296875,0.26736554503440857,0.24772405624389648,-0.019641488790512085,0.41961967945098877,0.3705730438232422,-0.04904663562774658,0.3890923857688904,0.3245818018913269,-0.06451058387756348,0.5677816271781921,0.5857747197151184,-0.01799309253692627,0.20440971851348877,0.20440971851348877,123.95690774917603
crack0014_09.png,0.021626091003417613,132.57920837402344,129.54478454589844,3.034423828125,110.11407470703125,113.30016326904297,-3.1860885620117188,0.26126644015312195,0.26489678025245667,0.003630340099334717,0.3250430226325989,0.2957804203033447,-0.02926260232925415,0.21950513124465942,0.16105800867080688,-0.05844712257385254,0.5687158703804016,0.5901730060577393,-0.021457135677337646,0.16389895975589752,0.16389895975589752,138.9929302930832
crack0015_00.png,5.671317481994629,134.06405639648438,129.79928588867188,4.2647705078125,111.5133285522461,113.19559478759766,-1.6822662353515625,0.20952627062797546,0.25257933139801025,0.04305306077003479,0.26701974868774414,0.2646685242652893,-0.002351224422454834,0.08784312009811401,0.15962517261505127,0.07178205251693726,0.5624029040336609,0.5941714644432068,-0.0317685604095459,0.1625521183013916,0.1625521183013916,143.12695348262787
crack0015_01.png,8.512253856658935,127.1744613647461,124.71907043457031,2.4553909301757812,108.70343780517578,112.29117584228516,-3.587738037109375,0.22871845960617065,0.2899309992790222,0.06121253967285156,0.24795407056808472,0.3346080183982849,0.0866539478302002,0.2149985432624817,0.3355278968811035,0.12052935361862183,0.5694963335990906,0.5912764072418213,-0.021780073642730713,0.1878308653831482,0.1878308653831482,135.87471461296082
crack0015_02.png,5.711216926574707,134.6616973876953,127.17900085449219,7.482696533203125,119.08641815185547,113.4368896484375,5.649528503417969,0.30096837878227234,0.2689536213874817,-0.03201475739479065,0.321898877620697,0.3040350079536438,-0.017863869667053223,0.3372095823287964,0.30539464950561523,-0.03181493282318115,0.5719992518424988,0.5908881425857544,-0.018888890743255615,0.19222614169120789,0.19222614169120789,138.41865754127502
crack0015_03.png,24.22943992614746,140.91282653808594,123.90181732177734,17.011009216308594,129.15667724609375,113.5888900756836,15.567787170410156,0.27235493063926697,0.2287207841873169,-0.04363414645195007,0.2277306318283081,0.36283451318740845,0.13510388135910034,0.2645629644393921,0.33973008394241333,0.07516711950302124,0.576497495174408,0.599550187587738,-0.023052692413330078,0.17165735363960266,0.17165735363960266,142.66608238220215
crack0015_04.png,4.904787588119507,126.73710632324219,124.76234436035156,1.974761962890625,108.84544372558594,109.38908386230469,-0.54364013671875,0.1982913464307785,0.24173083901405334,0.04343949258327484,0.24541711807250977,0.25681382417678833,0.011396706104278564,0.1806299090385437,0.17309874296188354,-0.007531166076660156,0.568358302116394,0.5879469513893127,-0.0195886492729187,0.155663400888443,0.155663400888443,137.37012261152267
crack0015_05.png,47.29985857009888,182.68397521972656,142.7514190673828,39.93255615234375,157.7947540283203,123.72191619873047,34.072837829589844,0.2756902575492859,0.2281840443611145,-0.04750621318817139,0.27702754735946655,0.24874675273895264,-0.028280794620513916,0.2580476403236389,0.20939797163009644,-0.04864966869354248,0.5595578551292419,0.5928104519844055,-0.033252596855163574,0.18564508855342865,0.18564508855342865,172.73907256126404
crack0015_06.png,0.2535903930664061,118.59430694580078,121.36126708984375,-2.7669601440429688,114.14704895019531,117.21426391601562,-3.0672149658203125,0.2530290484428406,0.25138789415359497,-0.0016411542892456055,0.21547651290893555,0.3443987965583801,0.12892228364944458,0.20579546689987183,0.27196943759918213,0.0661739706993103,0.5691003203392029,0.5885543823242188,-0.01945406198501587,0.2047463357448578,0.2047463357448578,128.43668866157532
crack0015_07.png,73.22589082717896,170.05606079101562,118.30123138427734,51.75482940673828,163.09771728515625,110.32389068603516,52.773826599121094,0.3011128902435303,0.31083381175994873,0.009720921516418457,0.3421146273612976,0.3629029393196106,0.02078831195831299,0.32473140954971313,0.36147570610046387,0.03674429655075073,0.5639100074768066,0.5951018929481506,-0.031191885471343994,0.2306896448135376,0.2306896448135376,149.9159483909607
crack0015_08.png,18.24626135826111,138.56906127929688,128.02764892578125,10.541412353515625,118.94599914550781,112.3324203491211,6.613578796386719,0.22599901258945465,0.28461065888404846,0.05861164629459381,0.31639838218688965,0.3481096029281616,0.03171122074127197,0.18924295902252197,0.34974175691604614,0.16049879789352417,0.575032651424408,0.5974817276000977,-0.022449076175689697,0.1560850590467453,0.1560850590467453,143.6376834511757
crack0015_09.png,7.27446985244751,140.3147735595703,132.8144073486328,7.5003662109375,108.5728759765625,112.57018280029297,-3.9973068237304688,0.27524131536483765,0.2895030975341797,0.014261782169342041,0.2800799012184143,0.3091346025466919,0.029054701328277588,0.24190038442611694,0.3312525153160095,0.08935213088989258,0.570588231086731,0.5938408374786377,-0.02325260639190674,0.21089133620262146,0.21089133620262146,143.8037450313568
crack0016_00.png,10.86653242111206,114.30596923828125,109.22348022460938,5.082489013671875,107.3709487915039,102.29749298095703,5.073455810546875,0.28511232137680054,0.344291090965271,0.05917876958847046,0.5227937698364258,0.5219013690948486,-0.0008924007415771484,0.4879605770111084,0.4819677472114563,-0.0059928297996521,0.5695847868919373,0.5931833982467651,-0.02359861135482788,0.15900637209415436,0.15900637209415436,118.38532137870789
crack0016_01.png,1.7352625846862795,108.54924774169922,107.44295501708984,1.106292724609375,110.02379608154297,105.91719055175781,4.106605529785156,0.32083025574684143,0.318707138299942,-0.002123117446899414,0.4760669469833374,0.4705768823623657,-0.00549006462097168,0.44885843992233276,0.4255077838897705,-0.023350656032562256,0.5685697793960571,0.5841752886772156,-0.015605509281158447,0.14610785245895386,0.14610785245895386,112.24068462848663
crack0016_02.png,14.264022159576417,118.82767486572266,109.63600158691406,9.191673278808594,112.70613861083984,104.10614013671875,8.599998474121094,0.32439249753952026,0.34973403811454773,0.025341540575027466,0.4600728154182434,0.4704176187515259,0.01034480333328247,0.44331586360931396,0.45374971628189087,0.010433852672576904,0.575897753238678,0.5961169004440308,-0.020219147205352783,0.21572068333625793,0.21572068333625793,118.61296439170837
crack0016_03.png,12.12987298965454,116.62479400634766,108.63776397705078,7.987030029296875,115.76641845703125,109.39376831054688,6.372650146484375,0.28550708293914795,0.3073447346687317,0.02183765172958374,0.41722333431243896,0.433188796043396,0.01596546173095703,0.38951772451400757,0.4067777991294861,0.017260074615478516,0.5753479599952698,0.5951441526412964,-0.01979619264602661,0.16205313801765442,0.16205313801765442,119.3066201210022
crack0016_04.png,17.07432680130005,124.18192291259766,114.97216796875,9.209754943847656,110.70768737792969,106.30755615234375,4.4001312255859375,0.26563265919685364,0.33978360891342163,0.074150949716568,0.4387875199317932,0.45920389890670776,0.02041637897491455,0.4140126705169678,0.42257797718048096,0.008565306663513184,0.5718531608581543,0.5879584550857544,-0.016105294227600098,0.14767709374427795,0.14767709374427795,127.15742409229279
crack0016_05.png,10.75786714553833,125.57841491699219,117.1606216430664,8.417793273925781,111.22813415527344,105.79750061035156,5.430633544921875,0.2882937788963318,0.2987476885318756,0.010453909635543823,0.4715891480445862,0.4738541841506958,0.002265036106109619,0.4409447908401489,0.43903225660324097,-0.001912534236907959,0.5707958340644836,0.5897731781005859,-0.018977344036102295,0.13956837356090546,0.13956837356090546,127.66281867027283
crack0016_06.png,-78.34016952514648,114.82659149169922,165.9051055908203,-51.078514099121094,109.68621826171875,170.39649963378906,-60.71028137207031,0.31698036193847656,0.2847103774547577,-0.03226998448371887,0.42061084508895874,0.4400586485862732,0.019447803497314453,0.40612560510635376,0.44962477684020996,0.0434991717338562,0.5682852864265442,0.5976316928863525,-0.02934640645980835,0.17489761114120483,0.17489761114120483,147.1884936094284
crack0016_07.png,7.861379146575928,113.369873046875,108.08989715576172,5.279975891113281,107.26251220703125,105.98802185058594,1.2744903564453125,0.2932857275009155,0.31502729654312134,0.02174156904220581,0.489777147769928,0.5201718807220459,0.03039473295211792,0.45486748218536377,0.46746402978897095,0.012596547603607178,0.5691848993301392,0.5912725925445557,-0.022087693214416504,0.15230026841163635,0.15230026841163635,116.78364515304565
crack0016_08.png,-0.40281324386596684,111.520263671875,111.325439453125,0.19482421875,108.16796875,109.76055908203125,-1.59259033203125,0.34008121490478516,0.3471558392047882,0.007074624300003052,0.4186435341835022,0.42771685123443604,0.009073317050933838,0.4359254240989685,0.42278826236724854,-0.01313716173171997,0.565978467464447,0.5882160663604736,-0.02223759889602661,0.16214808821678162,0.16214808821678162,114.54662132263184
crack0016_09.png,8.718609619140626,113.5158920288086,105.27071380615234,8.24517822265625,108.86163330078125,104.67970275878906,4.1819305419921875,0.2848402261734009,0.27399179339408875,-0.010848432779312134,0.5356423854827881,0.5460638999938965,0.010421514511108398,0.5006613731384277,0.4838855266571045,-0.016775846481323242,0.5694079399108887,0.5881161093711853,-0.01870816946029663,0.15242375433444977,0.15242375433444977,116.47843968868256
crack0017_00.png,-8.746060991287232,92.39331817626953,104.82759094238281,-12.434272766113281,105.83958435058594,106.14046478271484,-0.30088043212890625,0.16529327630996704,0.19515497982501984,0.029861703515052795,0.37359321117401123,0.43068331480026245,0.05709010362625122,0.3504257798194885,0.4150518774986267,0.06462609767913818,0.568831205368042,0.5904306173324585,-0.021599411964416504,0.1544521152973175,0.1544521152973175,112.31008267402649
crack0017_01.png,-13.08007879257202,92.45616149902344,109.30303955078125,-16.846878051757812,102.2220230102539,103.70266723632812,-1.4806442260742188,0.26256200671195984,0.262475848197937,-8.615851402282715e-05,0.26947683095932007,0.4064341187477112,0.1369572877883911,0.3383457064628601,0.37385278940200806,0.03550708293914795,0.5642714500427246,0.5920799970626831,-0.027808547019958496,0.12672239542007446,0.12672239542007446,108.81424951553345
crack0017_02.png,-1.5243702888488766,100.36566162109375,105.08221435546875,-4.716552734375,106.14774322509766,101.7630386352539,4.38470458984375,0.26145222783088684,0.2875837981700897,0.02613157033920288,0.375031054019928,0.3833351731300354,0.008304119110107422,0.4321373701095581,0.43585097789764404,0.0037136077880859375,0.5673856139183044,0.591995358467102,-0.024609744548797607,0.22253568470478058,0.22253568470478058,110.71661865711212
crack0017_03.png,-4.785647106170654,93.69340515136719,103.67363739013672,-9.980232238769531,105.7821273803711,104.51458740234375,1.2675399780273438,0.2700331211090088,0.2955942451953888,0.025561124086380005,0.297939658164978,0.3778282403945923,0.07988858222961426,0.3248658776283264,0.34923821687698364,0.024372339248657227,0.5716224312782288,0.5854440331459045,-0.013821601867675781,0.14131730794906616,0.14131730794906616,105.89929533004761
crack0017_04.png,-8.848287868499757,104.49929809570312,115.01422119140625,-10.514923095703125,104.75778198242188,104.10668182373047,0.6511001586914062,0.3281540870666504,0.3459233045578003,0.017769217491149902,0.45368874073028564,0.4741625189781189,0.020473778247833252,0.4760308265686035,0.4906519651412964,0.014621138572692871,0.5699039101600647,0.5907612442970276,-0.02085733413696289,0.21408280730247498,0.21408280730247498,113.69796419143677
crack0017_05.png,-6.814158296585083,108.22139739990234,113.05683898925781,-4.835441589355469,105.5994644165039,106.73908996582031,-1.1396255493164062,0.21784210205078125,0.21584559977054596,-0.0019965022802352905,0.3867880702018738,0.37067943811416626,-0.01610863208770752,0.3888610005378723,0.3620309829711914,-0.026830017566680908,0.5702422261238098,0.588212251663208,-0.017970025539398193,0.18766558170318604,0.18766558170318604,121.21687227487564
crack0017_06.png,28.59771604537964,126.16905212402344,111.6036605834961,14.565391540527344,133.25335693359375,110.87355041503906,22.379806518554688,0.16587677597999573,0.24864712357521057,0.08277034759521484,0.3959449529647827,0.376068651676178,-0.019876301288604736,0.3761197328567505,0.39688676595687866,0.020767033100128174,0.569311797618866,0.5879661440849304,-0.018654346466064453,0.1863136887550354,0.1863136887550354,132.45239555835724
crack0017_07.png,3.14277982711792,101.61982727050781,104.56790924072266,-2.9480819702148438,109.08782196044922,106.12269592285156,2.9651260375976562,0.33945199847221375,0.37672701478004456,0.03727501630783081,0.3672826290130615,0.42032790184020996,0.05304527282714844,0.3504860997200012,0.4054567217826843,0.054970622062683105,0.5787351131439209,0.5837101340293884,-0.004975020885467529,0.23061805963516235,0.23061805963516235,106.07515370845795
crack0017_08.png,-5.123640060424805,103.20181274414062,112.43606567382812,-9.2342529296875,106.32411193847656,104.27523803710938,2.0488739013671875,0.26885277032852173,0.2875581681728363,0.018705397844314575,0.3691331148147583,0.4353945255279541,0.0662614107131958,0.3913956880569458,0.4439576268196106,0.052561938762664795,0.5708265900611877,0.5922222137451172,-0.021395623683929443,0.2113173007965088,0.2113173007965088,115.37666153907776
crack0017_09.png,-39.38148045539856,96.8444595336914,124.79269409179688,-27.94823455810547,108.60256958007812,137.00741577148438,-28.40484619140625,0.2091650515794754,0.2297990918159485,0.020634040236473083,0.4242851734161377,0.4074704647064209,-0.016814708709716797,0.3919466733932495,0.39229804277420044,0.00035136938095092773,0.5694117546081543,0.5956478118896484,-0.02623605728149414,0.24188439548015594,0.24188439548015594,122.09458619356155
crack0018_00.png,2.6192299842834474,94.34392547607422,92.75387573242188,1.5900497436523438,113.97615814208984,111.6937026977539,2.2824554443359375,0.35961222648620605,0.321295827627182,-0.03831639885902405,0.24743497371673584,0.34228605031967163,0.09485107660293579,0.3220446705818176,0.35513073205947876,0.03308606147766113,0.5704652070999146,0.585778534412384,-0.015313327312469482,0.14619851112365723,0.14619851112365723,97.70229232311249
crack0018_01.png,-12.87098445892334,92.40070343017578,99.81663513183594,-7.415931701660156,107.20246887207031,106.89810943603516,0.30435943603515625,0.3193146586418152,0.2556324601173401,-0.0636821985244751,0.350555419921875,0.36762332916259766,0.017067909240722656,0.4311995506286621,0.4607946276664734,0.02959507703781128,0.5664167404174805,0.5955401659011841,-0.029123425483703613,0.12442351132631302,0.12442351132631302,104.59232831001282
crack0018_02.png,-11.188194227218627,101.58247375488281,107.7203369140625,-6.1378631591796875,115.55670928955078,117.77301788330078,-2.21630859375,0.2659313678741455,0.2422117441892624,-0.023719623684883118,0.2885584235191345,0.24977636337280273,-0.03878206014633179,0.35558921098709106,0.3283677101135254,-0.027221500873565674,0.5730565190315247,0.5909304022789001,-0.01787388324737549,0.19186043739318848,0.19186043739318848,113.75591677427292
crack0018_03.png,-2.878609609603882,94.93028259277344,98.61421966552734,-3.6839370727539062,114.25860595703125,111.1492919921875,3.10931396484375,0.23608653247356415,0.2503163516521454,0.014229819178581238,0.2235630750656128,0.20299780368804932,-0.020565271377563477,0.3094857931137085,0.33059853315353394,0.02111274003982544,0.5730065107345581,0.591860830783844,-0.01885432004928589,0.1261560022830963,0.1261560022830963,106.2814924120903
crack0018_04.png,-11.137955951690675,91.25369262695312,99.73604583740234,-8.482353210449219,114.85781860351562,113.24331665039062,1.614501953125,0.2683815360069275,0.22291061282157898,-0.04547092318534851,0.3349572420120239,0.3673393726348877,0.03238213062286377,0.37795549631118774,0.39467841386795044,0.016722917556762695,0.5711687803268433,0.5951441526412964,-0.023975372314453125,0.12395729869604111,0.12395729869604111,105.92599856853485
crack0018_05.png,-5.067766761779785,95.9903335571289,99.87174987792969,-3.8814163208007812,116.52637481689453,113.49825286865234,3.0281219482421875,0.28202706575393677,0.25603336095809937,-0.025993704795837402,0.17951935529708862,0.18668019771575928,0.007160842418670654,0.3202449083328247,0.3513263463973999,0.031081438064575195,0.5747866034507751,0.589900016784668,-0.015113413333892822,0.13639995455741882,0.13639995455741882,106.16504073143005
crack0018_06.png,0.9899513244628908,99.03550720214844,95.7811050415039,3.2544021606445312,109.68550872802734,105.04804992675781,4.637458801269531,0.33102715015411377,0.2726212739944458,-0.05840587615966797,0.3743140697479248,0.4103160500526428,0.03600198030471802,0.44334691762924194,0.4610596299171448,0.017712712287902832,0.5660438537597656,0.588219940662384,-0.022176086902618408,0.1395157277584076,0.1395157277584076,104.57982730865479
crack0018_07.png,-5.728518772125244,88.36659240722656,93.44499206542969,-5.078399658203125,110.25607299804688,108.14520263671875,2.110870361328125,0.2701869308948517,0.2571859359741211,-0.01300099492073059,0.28782904148101807,0.2937049865722656,0.005875945091247559,0.36150121688842773,0.39659565687179565,0.03509443998336792,0.570003867149353,0.5872395038604736,-0.017235636711120605,0.1337127387523651,0.1337127387523651,98.9642162322998
crack0018_08.png,-2.9173534393310545,100.33173370361328,101.00858306884766,-0.676849365234375,116.83222961425781,112.85948181152344,3.972747802734375,0.2812379002571106,0.2433852255344391,-0.03785267472267151,0.3167257308959961,0.32747143507003784,0.010745704174041748,0.3660098910331726,0.39341652393341064,0.027406632900238037,0.5710226893424988,0.6018031239509583,-0.030780434608459473,0.18085625767707825,0.18085625767707825,110.13916981220245
crack0018_09.png,-12.140760898590088,94.22138977050781,101.63488006591797,-7.413490295410156,108.83804321289062,114.5370101928711,-5.698966979980469,0.3278646469116211,0.3078552484512329,-0.020009398460388184,0.3816579580307007,0.37872380018234253,-0.0029341578483581543,0.43616974353790283,0.446458637714386,0.010288894176483154,0.5732987523078918,0.5915378928184509,-0.018239140510559082,0.18280339241027832,0.18280339241027832,103.11833572387695
crack0019_00.png,-6.9458196640014656,98.0123291015625,105.02369689941406,-7.0113677978515625,108.46958923339844,111.0794448852539,-2.6098556518554688,0.36823898553848267,0.3494219183921814,-0.01881706714630127,0.39796650409698486,0.4887242913246155,0.09075778722763062,0.41804027557373047,0.44829070568084717,0.0302504301071167,0.5733602643013,0.598746657371521,-0.025386393070220947,0.19028222560882568,0.19028222560882568,104.50256419181824
crack0019_01.png,-0.276716327667236,105.91011810302734,107.64079284667969,-1.7306747436523438,104.47019958496094,103.81855773925781,0.651641845703125,0.30759286880493164,0.37717148661613464,0.069578617811203,0.41110098361968994,0.3231603503227234,-0.08794063329696655,0.39398568868637085,0.3741985559463501,-0.019787132740020752,0.568231463432312,0.589615523815155,-0.021384060382843018,0.15745767951011658,0.15745767951011658,111.90450429916382
crack0019_02.png,-1.8202065467834472,115.59307861328125,117.79821014404297,-2.2051315307617188,113.0306396484375,114.4094009399414,-1.3787612915039062,0.31514012813568115,0.3762591779232025,0.06111904978752136,0.40686607360839844,0.3308299779891968,-0.07603609561920166,0.37926745414733887,0.3528209924697876,-0.02644646167755127,0.5684813261032104,0.5912725925445557,-0.022791266441345215,0.17946380376815796,0.17946380376815796,121.43814039230347
crack0019_03.png,1.7251964569091793,98.84171295166016,99.96049499511719,-1.1187820434570312,109.35722351074219,107.4937973022461,1.8634262084960938,0.29743826389312744,0.3657327890396118,0.06829452514648438,0.33770912885665894,0.2710055112838745,-0.06670361757278442,0.37042587995529175,0.3458701968193054,-0.024555683135986328,0.5734947919845581,0.5909150242805481,-0.01742023229598999,0.15950024127960205,0.15950024127960205,105.19140911102295
crack0019_04.png,-7.529118156433105,93.85387420654297,100.74021911621094,-6.886344909667969,108.48159790039062,112.79230499267578,-4.310707092285156,0.26759400963783264,0.3148987591266632,0.047304749488830566,0.28938794136047363,0.24485349655151367,-0.04453444480895996,0.3390495181083679,0.3115379810333252,-0.027511537075042725,0.5706728100776672,0.5937101244926453,-0.023037314414978027,0.15188774466514587,0.15188774466514587,104.9898110628128
crack0019_05.png,2.0172120094299313,93.66620635986328,98.4708480834961,-4.8046417236328125,111.6624755859375,114.17938995361328,-2.5169143676757812,0.25972145795822144,0.3321909010410309,0.07246944308280945,0.2448040246963501,0.3191600441932678,0.07435601949691772,0.21104204654693604,0.26459312438964844,0.0535510778427124,0.5724298357963562,0.5960092544555664,-0.023579418659210205,0.13174039125442505,0.13174039125442505,104.32560992240906
crack0019_06.png,-20.919522619247438,105.00524139404297,123.03761291503906,-18.032371520996094,107.07062530517578,113.66030883789062,-6.589683532714844,0.28188371658325195,0.2312093824148178,-0.05067433416843414,0.3388471007347107,0.4638523459434509,0.12500524520874023,0.3453689217567444,0.4062718152999878,0.06090289354324341,0.5694809556007385,0.5994194746017456,-0.02993851900100708,0.15945516526699066,0.15945516526699066,124.12564319372177
crack0019_07.png,2.634116458892823,100.61227416992188,104.42656707763672,-3.8142929077148438,111.1612548828125,108.81053161621094,2.3507232666015625,0.19163107872009277,0.3357527256011963,0.14412164688110352,0.2873189449310303,0.15440648794174194,-0.13291245698928833,0.2389422059059143,0.24594396352767944,0.007001757621765137,0.5710803270339966,0.5887081623077393,-0.017627835273742676,0.14532892405986786,0.14532892405986786,114.5698823928833
crack0019_08.png,-2.5534676551818847,112.53569793701172,111.8094253540039,0.7262725830078125,110.94043731689453,110.3450927734375,0.5953445434570312,0.3880486786365509,0.39793461561203003,0.009885936975479126,0.3759658932685852,0.29156118631362915,-0.08440470695495605,0.42206525802612305,0.33887261152267456,-0.08319264650344849,0.5690580606460571,0.5923721790313721,-0.02331411838531494,0.19391176104545593,0.19391176104545593,112.58452808856964
crack0019_09.png,-1.4947048187255856,105.15760803222656,100.88154602050781,4.27606201171875,107.43769836425781,106.89176177978516,0.5459365844726562,0.33675867319107056,0.3563695549964905,0.019610881805419922,0.27468228340148926,0.11007261276245117,-0.16460967063903809,0.3524870276451111,0.24969494342803955,-0.10279208421707153,0.5708919763565063,0.5952326059341431,-0.02434062957763672,0.15869075059890747,0.15869075059890747,106.62336087226868
crack0020_00.png,0.9784108638763427,98.42764282226562,95.7275390625,2.700103759765625,108.197998046875,109.27796173095703,-1.0799636840820312,0.24788798391819,0.2284804880619049,-0.019407495856285095,0.3395203948020935,0.35991430282592773,0.02039390802383423,0.39063745737075806,0.39810818433761597,0.00747072696685791,0.5742560625076294,0.5880776643753052,-0.013821601867675781,0.20758336782455444,0.20758336782455444,106.89186823368073
crack0020_01.png,-1.8735165119171144,94.5218734741211,98.2903823852539,-3.7685089111328125,106.45668029785156,109.71279907226562,-3.2561187744140625,0.15802952647209167,0.21726416051387787,0.059234634041786194,0.39520877599716187,0.3759757876396179,-0.019232988357543945,0.37299609184265137,0.3697502613067627,-0.003245830535888672,0.5683775544166565,0.5876778364181519,-0.01930028200149536,0.22322764992713928,0.22322764992713928,110.43146979808807
crack0020_02.png,-0.7138711929321291,96.15081024169922,99.89936828613281,-3.7485580444335938,104.44377899169922,106.4902572631836,-2.046478271484375,0.1695762723684311,0.22924531996250153,0.059669047594070435,0.5430114269256592,0.5394593477249146,-0.003552079200744629,0.4056112766265869,0.41104429960250854,0.005433022975921631,0.5673971772193909,0.5868512392044067,-0.01945406198501587,0.21587076783180237,0.21587076783180237,111.32456248998642
crack0020_03.png,2.6265940189361574,104.77146911621094,103.567138671875,1.2043304443359375,109.74818420410156,109.06050109863281,0.68768310546875,0.2131291776895523,0.23183906078338623,0.018709883093833923,0.344083309173584,0.35197150707244873,0.007888197898864746,0.33121979236602783,0.3359937071800232,0.004773914813995361,0.5726874470710754,0.58931565284729,-0.0166282057762146,0.24486911296844482,0.24486911296844482,114.95417934656143
crack0020_04.png,2.739241361618042,104.12347412109375,101.9906005859375,2.13287353515625,109.2890853881836,106.39071655273438,2.8983688354492188,0.24591268599033356,0.2559551000595093,0.01004241406917572,0.45157378911972046,0.4402519464492798,-0.011321842670440674,0.3427011966705322,0.3410953879356384,-0.0016058087348937988,0.5695924758911133,0.5921799540519714,-0.022587478160858154,0.21628917753696442,0.21628917753696442,111.98947435617447
crack0020_05.png,3.5212301254272464,101.84738159179688,97.13311767578125,4.714263916015625,109.64952850341797,109.18537902832031,0.46414947509765625,0.21341337263584137,0.21069101989269257,-0.0027223527431488037,0.38674384355545044,0.384337842464447,-0.002406001091003418,0.38459402322769165,0.3555253744125366,-0.02906864881515503,0.564079225063324,0.590695858001709,-0.02661663293838501,0.1650812327861786,0.1650812327861786,110.47662276029587
crack0020_06.png,6.187969064712524,102.96620178222656,100.89189147949219,2.074310302734375,109.9731216430664,110.61309051513672,-0.6399688720703125,0.17383095622062683,0.22518156468868256,0.051350608468055725,0.39760076999664307,0.4308573603630066,0.033256590366363525,0.3335554003715515,0.3968393802642822,0.06328397989273071,0.5663975477218628,0.5931141972541809,-0.026716649532318115,0.2192775011062622,0.2192775011062622,115.223757147789
crack0020_07.png,-0.23429503440856925,93.07095336914062,90.06636810302734,3.0045852661132812,107.23226928710938,106.53121948242188,0.7010498046875,0.2373504936695099,0.23472337424755096,-0.0026271194219589233,0.4569891095161438,0.39614468812942505,-0.06084442138671875,0.40794384479522705,0.36859744787216187,-0.039346396923065186,0.5705229043960571,0.5924067497253418,-0.021883845329284668,0.2295682430267334,0.2295682430267334,101.1815282702446
crack0020_08.png,8.784826374053955,93.68525695800781,86.11091613769531,7.5743408203125,106.76657104492188,104.58419799804688,2.182373046875,0.23576132953166962,0.24717004597187042,0.011408716440200806,0.3538876175880432,0.36225372552871704,0.008366107940673828,0.3282610774040222,0.32646602392196655,-0.001795053482055664,0.5687850713729858,0.5915302038192749,-0.022745132446289062,0.22429610788822174,0.22429610788822174,99.41361492872238
crack0020_09.png,2.2329016685485836,100.4386215209961,97.9166259765625,2.5219955444335938,109.66703796386719,108.54316711425781,1.123870849609375,0.2503870725631714,0.2652415931224823,0.014854520559310913,0.4178575277328491,0.3880138397216797,-0.029843688011169434,0.3961085081100464,0.3779047727584839,-0.0182037353515625,0.5686236023902893,0.5869550108909607,-0.018331408500671387,0.24879249930381775,0.24879249930381775,107.63259983062744
crack0021_00.png,-2.5736771583557125,94.89614868164062,101.63133239746094,-6.7351837158203125,103.81985473632812,102.16609191894531,1.6537628173828125,0.3040987551212311,0.26613739132881165,-0.037961363792419434,0.0,0.18150043487548828,0.18150043487548828,0.0,0.2578313946723938,0.2578313946723938,0.5665474534034729,0.5846251249313354,-0.01807767152786255,0.13109058141708374,0.13109058141708374,105.6805020570755
crack0021_01.png,-19.91698498725891,106.50261688232422,126.10505676269531,-19.602439880371094,108.56399536132812,112.11834716796875,-3.554351806640625,0.2674185335636139,0.19496838748455048,-0.07245014607906342,0.0,0.1947716474533081,0.1947716474533081,0.0,0.22345751523971558,0.22345751523971558,0.568546712398529,0.5907381772994995,-0.02219146490097046,0.0970100611448288,0.0970100611448288,128.23526066541672
crack0021_02.png,-17.864151573181154,101.74180603027344,110.35871124267578,-8.616905212402344,111.3316650390625,116.58361053466797,-5.251945495605469,0.3191628158092499,0.2026284635066986,-0.11653435230255127,0.0,0.0775827169418335,0.0775827169418335,0.12242567539215088,0.05332428216934204,-0.06910139322280884,0.5711303353309631,0.5943060517311096,-0.023175716400146484,0.13712643086910248,0.13712643086910248,117.66479289531708
crack0021_03.png,-11.205215835571288,99.95893096923828,109.82181549072266,-9.862884521484375,110.72906494140625,118.08076477050781,-7.3516998291015625,0.3038567006587982,0.19296547770500183,-0.11089122295379639,0.0,0.28089916706085205,0.28089916706085205,0.03529542684555054,0.23150181770324707,0.19620639085769653,0.5726797580718994,0.5918377637863159,-0.019158005714416504,0.11184997856616974,0.11184997856616974,116.985955119133
crack0021_04.png,-9.997237491607667,98.91085815429688,107.68939971923828,-8.778541564941406,110.27281188964844,108.42347717285156,1.849334716796875,0.34396761655807495,0.2544267177581787,-0.08954089879989624,0.0,0.15844476222991943,0.15844476222991943,0.0,0.09569740295410156,0.09569740295410156,0.5654709935188293,0.5937947034835815,-0.028323709964752197,0.11026939749717712,0.11026939749717712,111.78631401062012
crack0021_05.png,-7.355760002136231,93.42973327636719,100.27979278564453,-6.850059509277344,108.4394760131836,105.540283203125,2.8991928100585938,0.33585938811302185,0.32414481043815613,-0.011714577674865723,0.0,0.00031447410583496094,0.00031447410583496094,0.0,0.1633082628250122,0.1633082628250122,0.5734371542930603,0.5919569134712219,-0.01851975917816162,0.10660408437252045,0.10660408437252045,101.08435094356537
crack0021_06.png,-2.590027332305908,94.86678314208984,104.2048568725586,-9.33807373046875,105.416748046875,102.63308715820312,2.783660888671875,0.33768150210380554,0.2773551344871521,-0.06032636761665344,0.0,0.27497363090515137,0.27497363090515137,0.10527509450912476,0.33885979652404785,0.2335847020149231,0.5717570185661316,0.5852133631706238,-0.013456344604492188,0.11679533123970032,0.11679533123970032,106.30304646492004
crack0021_07.png,13.259731912612915,114.0642318725586,108.67327880859375,5.390953063964844,114.08120727539062,106.75735473632812,7.3238525390625,0.2409687340259552,0.22023652493953705,-0.020732209086418152,0.043103694915771484,0.22232437133789062,0.17922067642211914,0.19853055477142334,0.2777559757232666,0.07922542095184326,0.5759553909301758,0.5902307033538818,-0.014275312423706055,0.1144898533821106,0.1144898533821106,121.76379197835922
crack0021_08.png,-6.612193584442139,106.48555755615234,113.59293365478516,-7.1073760986328125,106.94857788085938,105.29513549804688,1.6534423828125,0.28315502405166626,0.28347283601760864,0.0003178119659423828,0.0,0.014967262744903564,0.014967262744903564,0.0,0.15517383813858032,0.15517383813858032,0.5709227323532104,0.5906804800033569,-0.019757747650146484,0.13537797331809998,0.13537797331809998,116.67716336250305
crack0021_09.png,-24.179780769348145,99.76454162597656,110.94995880126953,-11.185417175292969,104.33954620361328,111.72425842285156,-7.384712219238281,0.34155184030532837,0.21026670932769775,-0.13128513097763062,0.0,0.036248743534088135,0.036248743534088135,0.0,0.006924986839294434,0.006924986839294434,0.5705767273902893,0.5952671766281128,-0.024690449237823486,0.10912487655878067,0.10912487655878067,116.5519347190857
crack0022_00.png,29.418807458877566,109.73553466796875,72.15013122558594,37.58540344238281,115.65834045410156,122.52177429199219,-6.863433837890625,0.08985240757465363,0.07306164503097534,-0.016790762543678284,0.07418662309646606,0.0,-0.07418662309646606,0.17465007305145264,0.0,-0.17465007305145264,0.5670703649520874,0.5948327779769897,-0.027762413024902344,0.09779324382543564,0.09779324382543564,110.35244536399841
crack0022_01.png,20.195586061477663,109.74307250976562,85.79549407958984,23.94757843017578,127.15635681152344,130.9033203125,-3.7469635009765625,0.11998302489519119,0.10295980423688889,-0.017023220658302307,0.0,0.0,0.0,0.0,0.0,0.0,0.5705844163894653,0.5928681492805481,-0.022283732891082764,0.09776483476161957,0.09776483476161957,115.30642101168633
crack0022_02.png,40.79280641078949,126.73408508300781,83.84906005859375,42.88502502441406,126.28323364257812,131.4622802734375,-5.179046630859375,0.10940586030483246,0.12239135056734085,0.012985490262508392,0.0,0.0,0.0,0.0,0.0,0.0,0.5682852864265442,0.5947712659835815,-0.026485979557037354,0.0901244580745697,0.0901244580745697,122.5180715918541
crack0022_03.png,32.82562291622162,117.7298812866211,75.8466567993164,41.88322448730469,121.10157775878906,138.43243408203125,-17.330856323242188,0.10214012861251831,0.08944981545209885,-0.012690313160419464,0.0,0.0,0.0,0.0,0.0,0.0,0.5657401084899902,0.5934909582138062,-0.027750849723815918,0.09369558840990067,0.09369558840990067,115.16091844439507
crack0022_04.png,30.078569936752316,108.0088119506836,68.45446014404297,39.554351806640625,111.7933349609375,122.84425354003906,-11.050918579101562,0.13924546539783478,0.08790206909179688,-0.0513433963060379,0.0,0.0,0.0,0.0,0.0,0.0,0.568239152431488,0.5919377207756042,-0.02369856834411621,0.1068890243768692,0.1068890243768692,106.63502073287964
crack0022_05.png,33.08081414699554,114.89485931396484,72.40593719482422,42.488922119140625,119.2482681274414,126.67249298095703,-7.424224853515625,0.1904614269733429,0.12407191842794418,-0.06638950854539871,0.0,0.0,0.0,0.0,0.0,0.0,0.566947340965271,0.5951287746429443,-0.02818143367767334,0.09852537512779236,0.09852537512779236,110.01123413443565
crack0022_06.png,17.8524448633194,105.57222747802734,89.43325805664062,16.13896942138672,131.41534423828125,124.45906829833984,6.956275939941406,0.09985919296741486,0.10005449503660202,0.0001953020691871643,0.0,0.0,0.0,0.0,0.0,0.0,0.5694310069084167,0.5965474843978882,-0.027116477489471436,0.08986804634332657,0.08986804634332657,115.37309056520462
crack0022_07.png,17.13391182422638,116.04349517822266,99.7482681274414,16.29522705078125,121.07710266113281,119.1748046875,1.9022979736328125,0.08191285282373428,0.09740625321865082,0.015493400394916534,0.0,0.0,0.0,0.0,0.0,0.0,0.5683775544166565,0.5974202156066895,-0.02904266119003296,0.09941942989826202,0.09941942989826202,126.87791910767555
crack0022_08.png,13.492113780975341,101.61450958251953,88.39183044433594,13.222679138183594,135.87301635742188,133.95852661132812,1.91448974609375,0.1013207882642746,0.10659454762935638,0.005273759365081787,0.0,0.0,0.0,0.0,0.0,0.0,0.5729488730430603,0.5959054231643677,-0.022956550121307373,0.10054288059473038,0.10054288059473038,112.76013964414597
crack0022_09.png,21.99153389930725,112.26627349853516,82.7129898071289,29.55328369140625,122.79995727539062,126.94316101074219,-4.1432037353515625,0.15970566868782043,0.10056532919406891,-0.059140339493751526,0.0,0.0,0.0,0.0,0.0,0.0,0.5607420206069946,0.5900730490684509,-0.0293310284614563,0.10233398526906967,0.10233398526906967,115.05863386392593
crack0023_00.png,-3.4109419822692875,121.07835388183594,123.24088287353516,-2.1625289916992188,123.60039520263672,124.76549530029297,-1.16510009765625,0.15607409179210663,0.1381625384092331,-0.017911553382873535,0.08427774906158447,0.13600099086761475,0.05172324180603027,0.2699357867240906,0.3476405143737793,0.07770472764968872,0.565167248249054,0.6006267070770264,-0.03545945882797241,0.10234898328781128,0.10234898328781128,137.89493435621262
crack0023_01.png,-10.97747187614441,118.51641082763672,123.3302001953125,-4.813789367675781,111.0450668334961,115.70295715332031,-4.657890319824219,0.2636454105377197,0.24065910279750824,-0.022986307740211487,0.03134441375732422,0.0,-0.03134441375732422,0.2261379361152649,0.23187118768692017,0.0057332515716552734,0.5678008198738098,0.5979969501495361,-0.03019613027572632,0.11272838711738586,0.11272838711738586,130.40363734960556
crack0023_02.png,-10.894702053070068,98.47364807128906,98.9335708618164,-0.45992279052734375,107.6292495727539,111.62982177734375,-4.000572204589844,0.3567275106906891,0.31085890531539917,-0.04586860537528992,0.10567790269851685,0.0,-0.10567790269851685,0.27367693185806274,0.21903592348098755,-0.054641008377075195,0.5708227753639221,0.5942714214324951,-0.023448646068572998,0.15962162613868713,0.15962162613868713,103.82293200492859
crack0023_03.png,1.858777713775635,116.28710174560547,115.28324127197266,1.0038604736328125,108.7036361694336,110.39811706542969,-1.6944808959960938,0.1963445544242859,0.2521976828575134,0.05585312843322754,0.0541459321975708,0.0,-0.0541459321975708,0.3218446969985962,0.2706001400947571,-0.05124455690383911,0.5711303353309631,0.5903729200363159,-0.019242584705352783,0.11624127626419067,0.11624127626419067,127.61941504478455
crack0023_04.png,-11.797758007049561,117.77808380126953,124.75574493408203,-6.9776611328125,109.91932678222656,112.39179992675781,-2.47247314453125,0.23589271306991577,0.23097360134124756,-0.004919111728668213,0.06098753213882446,0.0,-0.06098753213882446,0.32344913482666016,0.2578037977218628,-0.06564533710479736,0.5675509572029114,0.5925028920173645,-0.024951934814453125,0.11426049470901489,0.11426049470901489,131.1086139678955
crack0023_05.png,-6.978166341781616,118.50094604492188,121.31340789794922,-2.8124618530273438,107.744384765625,110.48863983154297,-2.7442550659179688,0.20128335058689117,0.1866452395915985,-0.014638110995292664,0.12139570713043213,0.10022330284118652,-0.021172404289245605,0.24825668334960938,0.2864266037940979,0.038169920444488525,0.5659477114677429,0.5921991467475891,-0.02625143527984619,0.10278402268886566,0.10278402268886566,132.3964284658432
crack0023_06.png,-6.708488464355469,110.27246856689453,108.93292999267578,1.33953857421875,110.40843963623047,115.13954162597656,-4.731101989746094,0.20649316906929016,0.21200624108314514,0.0055130720138549805,0.14060205221176147,0.0,-0.14060205221176147,0.2647327780723572,0.19919532537460327,-0.0655374526977539,0.5679354071617126,0.5922491550445557,-0.024313747882843018,0.10755792260169983,0.10755792260169983,120.90307533740997
crack0023_07.png,-6.277112436294556,113.09014129638672,117.51123046875,-4.421089172363281,110.35521697998047,113.5281753540039,-3.1729583740234375,0.23572109639644623,0.24024644494056702,0.004525348544120789,0.0,0.0,0.0,0.1868497133255005,0.20085841417312622,0.014008700847625732,0.5696424245834351,0.5933641195297241,-0.023721694946289062,0.10235977917909622,0.10235977917909622,124.89198487997055
crack0023_08.png,-3.596890163421631,114.08650970458984,118.1286849975586,-4.04217529296875,110.51961517333984,113.14352416992188,-2.6239089965820312,0.25566643476486206,0.2824288308620453,0.026762396097183228,0.23443692922592163,0.2341887354850769,-0.00024819374084472656,0.3423594832420349,0.3289668560028076,-0.013392627239227295,0.5699269771575928,0.5858323574066162,-0.015905380249023438,0.13949650526046753,0.13949650526046753,124.20090556144714
crack0023_09.png,4.241999912261963,123.9051513671875,121.0478286743164,2.8573226928710938,111.1716537475586,111.55370330810547,-0.382049560546875,0.21746312081813812,0.2470451444387436,0.02958202362060547,0.0,0.0,0.0,0.28013384342193604,0.25192558765411377,-0.028208255767822266,0.5701653361320496,0.59089195728302,-0.02072662115097046,0.11315422505140305,0.11315422505140305,133.06438106298447
crack0024_00.png,-10.368729448318481,124.0301513671875,137.05599975585938,-13.025848388671875,124.74200439453125,121.70964813232422,3.0323562622070312,0.20771801471710205,0.23899398744106293,0.031275972723960876,0.0,0.0,0.0,0.04066932201385498,0.05230581760406494,0.011636495590209961,0.5689080953598022,0.5953556299209595,-0.026447534561157227,0.13291366398334503,0.13291366398334503,141.8942198753357
crack0024_01.png,0.10049204826355052,113.90522003173828,121.04325103759766,-7.138031005859375,128.64877319335938,133.7528076171875,-5.104034423828125,0.14157734811306,0.2740650475025177,0.1324876993894577,0.0,0.0,0.0,0.0,0.0,0.0,0.5658438801765442,0.5988158583641052,-0.032971978187561035,0.11948484182357788,0.11948484182357788,132.93222898244858
crack0024_02.png,3.5403160095214847,113.27236938476562,116.1578369140625,-2.885467529296875,114.44187927246094,114.65869140625,-0.2168121337890625,0.13737370073795319,0.22942595183849335,0.09205225110054016,0.0,0.0,0.0,0.04633551836013794,0.0,-0.04633551836013794,0.5745636224746704,0.5958554148674011,-0.021291792392730713,0.13093602657318115,0.13093602657318115,130.30689769983292
crack0024_03.png,-3.1453030109405518,126.25242614746094,131.72999572753906,-5.477569580078125,120.17192077636719,117.53730010986328,2.6346206665039062,0.17866431176662445,0.21151688694953918,0.032852575182914734,0.0,0.0,0.0,0.08559948205947876,0.0,-0.08559948205947876,0.5699077248573303,0.6036524176597595,-0.0337446928024292,0.11186271160840988,0.11186271160840988,142.4174489378929
crack0024_04.png,-61.22309999465942,114.82889556884766,156.34681701660156,-41.517921447753906,122.10171508789062,170.8765411376953,-48.77482604980469,0.16440506279468536,0.1757495254278183,0.011344462633132935,0.0,0.0,0.0,0.0,0.020796358585357666,0.020796358585357666,0.5689196586608887,0.5964897871017456,-0.027570128440856934,0.125923290848732,0.125923290848732,149.5831440091133
crack0024_05.png,-6.377512359619141,113.57816314697266,126.11778259277344,-12.539619445800781,125.50849914550781,123.11196899414062,2.3965301513671875,0.19588351249694824,0.27509865164756775,0.0792151391506195,0.0,0.0,0.0,0.0,0.0,0.0,0.5673971772193909,0.5957400798797607,-0.028342902660369873,0.1307234913110733,0.1307234913110733,131.92456531524658
crack0024_06.png,-1.2663196563720702,125.51224517822266,125.75260162353516,-0.2403564453125,118.3450927734375,119.66667175292969,-1.3215789794921875,0.22589817643165588,0.23157888650894165,0.005680710077285767,0.0,0.0,0.0,0.2028275728225708,0.1411798596382141,-0.06164771318435669,0.5697193145751953,0.5935140252113342,-0.023794710636138916,0.15798741579055786,0.15798741579055786,135.81909382343292
crack0024_07.png,6.838384342193604,130.3511505126953,127.70494842529297,2.6462020874023438,119.71127319335938,117.39971160888672,2.3115615844726562,0.19057080149650574,0.24438345432281494,0.053812652826309204,0.0012035965919494629,0.0,-0.0012035965919494629,0.1683308482170105,0.05194687843322754,-0.11638396978378296,0.5721530318260193,0.5968858003616333,-0.024732768535614014,0.15042062103748322,0.15042062103748322,141.46923339366913
crack0024_08.png,-73.9746548652649,106.80860137939453,164.88319396972656,-58.07459259033203,128.0187225341797,176.14315795898438,-48.12443542480469,0.1717940717935562,0.22828291356563568,0.05648884177207947,0.0,0.0,0.0,0.047251224517822266,0.09550255537033081,0.048251330852508545,0.5658631324768066,0.5950980186462402,-0.029234886169433594,0.15024936199188232,0.15024936199188232,149.34217411279678
crack0024_09.png,-15.391005992889404,113.69178771972656,127.43595123291016,-13.744163513183594,121.62288665771484,122.03399658203125,-0.41110992431640625,0.22390927374362946,0.21990446746349335,-0.004004806280136108,0.0,0.0,0.0,0.08704948425292969,0.04707854986190796,-0.03997093439102173,0.5662591457366943,0.5953094959259033,-0.029050350189208984,0.1682913899421692,0.1682913899421692,131.1819812655449
crack0025_00.png,-7.971976280212402,121.00390625,123.87646484375,-2.87255859375,114.58358764648438,117.84446716308594,-3.2608795166015625,0.3375186026096344,0.3104369044303894,-0.027081698179244995,0.36258214712142944,0.34015417098999023,-0.02242797613143921,0.3409247398376465,0.2882419228553772,-0.05268281698226929,0.5703844428062439,0.5886697173118591,-0.018285274505615234,0.19321534037590027,0.19321534037590027,127.360759973526
crack0025_01.png,-5.598673534393311,108.34622955322266,112.37761688232422,-4.0313873291015625,109.79913330078125,110.17156982421875,-0.3724365234375,0.3021141290664673,0.29876118898391724,-0.003352940082550049,0.4187542200088501,0.4132664203643799,-0.005487799644470215,0.43714821338653564,0.4255979657173157,-0.01155024766921997,0.5724144577980042,0.5956785678863525,-0.02326411008834839,0.17178452014923096,0.17178452014923096,116.2633945941925
crack0025_02.png,-9.025011444091797,115.7133560180664,118.52596282958984,-2.8126068115234375,116.73648071289062,120.98805236816406,-4.2515716552734375,0.31261101365089417,0.2760452628135681,-0.03656575083732605,0.398967981338501,0.38476836681365967,-0.014199614524841309,0.3327602744102478,0.31455546617507935,-0.018204808235168457,0.5739946365356445,0.5994579195976257,-0.0254632830619812,0.2132054567337036,0.2132054567337036,124.53526043891907
crack0025_03.png,-10.761346626281739,115.49659729003906,117.96955108642578,-2.4729537963867188,109.8338394165039,108.85032653808594,0.9835128784179688,0.35918018221855164,0.2733609080314636,-0.08581927418708801,0.38295185565948486,0.35174769163131714,-0.031204164028167725,0.39510148763656616,0.31724029779434204,-0.07786118984222412,0.5729142427444458,0.5871164798736572,-0.014202237129211426,0.2183837890625,0.2183837890625,123.8160789012909
crack0025_04.png,-2.6511704444885256,116.3193588256836,116.07381439208984,0.24554443359375,111.01644897460938,110.06526184082031,0.9511871337890625,0.3883836269378662,0.3793966770172119,-0.008986949920654297,0.47948336601257324,0.44170206785202026,-0.03778129816055298,0.4064367413520813,0.39257121086120605,-0.013865530490875244,0.5671011209487915,0.5932756662368774,-0.026174545288085938,0.24001821875572205,0.24001821875572205,117.1638126373291
crack0025_05.png,-18.51319327354431,112.40494537353516,120.24113464355469,-7.836189270019531,112.91482543945312,120.26156616210938,-7.34674072265625,0.25373777747154236,0.1710393875837326,-0.08269838988780975,0.444191038608551,0.4404246211051941,-0.0037664175033569336,0.4403749704360962,0.3986826539039612,-0.04169231653213501,0.5690388083457947,0.5933333039283752,-0.024294495582580566,0.16336816549301147,0.16336816549301147,129.79400891065598
crack0025_06.png,-21.17105927467346,111.5431137084961,115.29109954833984,-3.74798583984375,110.06709289550781,119.45008087158203,-9.382987976074219,0.29197293519973755,0.15173964202404022,-0.14023329317569733,0.4826490879058838,0.4496886134147644,-0.032960474491119385,0.45175600051879883,0.37334686517715454,-0.07840913534164429,0.5727527737617493,0.6010726690292358,-0.028319895267486572,0.20559129118919373,0.20559129118919373,128.355634868145
crack0025_07.png,1.5670143127441407,100.33717346191406,97.49498748779297,2.8421859741210938,105.7642822265625,105.63871765136719,0.1255645751953125,0.36551645398139954,0.35353970527648926,-0.011976748704910278,0.4186328649520874,0.4358912706375122,0.017258405685424805,0.4280674457550049,0.4279254674911499,-0.00014197826385498047,0.5706958770751953,0.5971357226371765,-0.0264398455619812,0.19939856231212616,0.19939856231212616,101.58912706375122
crack0025_08.png,-6.521072769165039,102.28353118896484,107.49052429199219,-5.206993103027344,108.47636413574219,108.95535278320312,-0.4789886474609375,0.36496734619140625,0.368679016828537,0.0037116706371307373,0.4519244432449341,0.4344128370285034,-0.017511606216430664,0.43442249298095703,0.4203929305076599,-0.01402956247329712,0.5716878175735474,0.5896616578102112,-0.01797384023666382,0.19730620086193085,0.19730620086193085,106.57545328140259
crack0025_09.png,-11.2573166847229,113.50789642333984,124.55982208251953,-11.051925659179688,105.10707092285156,105.27650451660156,-0.16943359375,0.2946925163269043,0.28561556339263916,-0.009076952934265137,0.4282187223434448,0.4683839678764343,0.0401652455329895,0.3316674828529358,0.34782421588897705,0.01615673303604126,0.5650480389595032,0.5904998183250427,-0.02545177936553955,0.15856242179870605,0.15856242179870605,125.51691818237305
crack0026_00.png,26.608177518844606,120.45909118652344,95.0319595336914,25.42713165283203,128.8961181640625,129.8229522705078,-0.9268341064453125,0.1408684402704239,0.16789159178733826,0.027023151516914368,0.0,0.0,0.0,0.0,0.0,0.0,0.577189564704895,0.5924413800239563,-0.01525181531906128,0.10572037100791931,0.10572037100791931,122.99107414484024
crack0026_01.png,20.53468918800354,112.54822540283203,90.70039367675781,21.84783172607422,127.53959655761719,130.2501678466797,-2.7105712890625,0.16358540952205658,0.16853252053260803,0.004947111010551453,0.0,0.0,0.0,0.0,0.0,0.0,0.5769972801208496,0.5926143527030945,-0.015617072582244873,0.10066191852092743,0.10066191852092743,115.5137590765953
crack0026_02.png,26.745224475860596,109.07669067382812,77.79590606689453,31.280784606933594,125.14949798583984,128.507080078125,-3.3575820922851562,0.1650622934103012,0.13565166294574738,-0.029410630464553833,0.0,0.0,0.0,0.060736656188964844,0.0,-0.060736656188964844,0.5707804560661316,0.5917723774909973,-0.020991921424865723,0.10061944276094437,0.10061944276094437,108.96809369325638
crack0026_03.png,25.090352296829224,130.29527282714844,99.19290924072266,31.10236358642578,116.57765197753906,124.14341735839844,-7.565765380859375,0.17144367098808289,0.14649643003940582,-0.024947240948677063,0.0,0.0,0.0,0.0,0.0,0.0,0.5687351226806641,0.5934832692146301,-0.024748146533966064,0.09839978814125061,0.09839978814125061,129.6936360001564
crack0026_04.png,16.592929792404174,91.76475524902344,73.74589538574219,18.01885986328125,122.06770324707031,124.08502197265625,-2.0173187255859375,0.14974363148212433,0.15186768770217896,0.0021240562200546265,0.0,0.0,0.0,0.0,0.0,0.0,0.5745251774787903,0.594248354434967,-0.019723176956176758,0.09744466841220856,0.09744466841220856,97.54064160585403
crack0026_05.png,28.851437282562255,114.42053985595703,80.72236633300781,33.69817352294922,112.981201171875,120.98603057861328,-8.004829406738281,0.18297292292118073,0.1755405217409134,-0.007432401180267334,0.0,0.0,0.0,0.0,0.0,0.0,0.5710457563400269,0.5973010659217834,-0.026255309581756592,0.10009300708770752,0.10009300708770752,110.93106442689896
crack0026_06.png,3.474363327026367,114.94892120361328,117.47435760498047,-2.5254364013671875,135.3577423095703,125.50834655761719,9.849395751953125,0.14082758128643036,0.1779467910528183,0.03711920976638794,0.0,0.0,0.0,0.0,0.0,0.0,0.5705728530883789,0.5933102369308472,-0.02273738384246826,0.09782159328460693,0.09782159328460693,131.49439400434494
crack0026_07.png,19.012768268585205,109.94775390625,79.41047668457031,30.537277221679688,113.60061645507812,126.51416778564453,-12.913551330566406,0.2077660858631134,0.1375047266483307,-0.07026135921478271,0.0,0.0,0.0,0.0,0.0,0.0,0.5691003203392029,0.5875548124313354,-0.01845449209213257,0.1127258762717247,0.1127258762717247,109.93102419376373
crack0026_08.png,34.245040845870975,96.82936096191406,66.65300750732422,30.176353454589844,131.7621612548828,126.32464599609375,5.4375152587890625,0.13335756957530975,0.1625303030014038,0.029172733426094055,0.0,0.0,0.0,0.0,0.0,0.0,0.5801576375961304,0.5911610722541809,-0.011003434658050537,0.09711403399705887,0.09711403399705887,97.38617295026779
crack0026_09.png,36.211112070083615,104.3194808959961,61.99518585205078,42.32429504394531,121.55580139160156,133.7321319580078,-12.17633056640625,0.15694637596607208,0.15261277556419373,-0.004333600401878357,0.0,0.0,0.0,0.0,0.0,0.0,0.5730026960372925,0.5954017639160156,-0.022399067878723145,0.09416142106056213,0.09416142106056213,97.81663739681244
crack0027_00.png,-4.826484107971192,115.563232421875,120.46235656738281,-4.8991241455078125,106.89627075195312,106.76448822021484,0.13178253173828125,0.3056859076023102,0.2924186885356903,-0.013267219066619873,0.33217287063598633,0.3760528564453125,0.04387998580932617,0.4083213806152344,0.4295569658279419,0.02123558521270752,0.5707535743713379,0.5876009464263916,-0.01684737205505371,0.14353108406066895,0.14353108406066895,123.97171103954315
crack0027_01.png,-2.831328868865967,114.98502349853516,121.25013732910156,-6.265113830566406,105.71975708007812,107.22801208496094,-1.5082550048828125,0.22182844579219818,0.24042512476444244,0.018596678972244263,0.34023767709732056,0.42420220375061035,0.0839645266532898,0.40929126739501953,0.4468334913253784,0.03754222393035889,0.5700922608375549,0.5903229713439941,-0.02023071050643921,0.13811570405960083,0.13811570405960083,128.42079252004623
crack0027_02.png,0.7236413002014159,99.29032897949219,100.46804809570312,-1.1777191162109375,105.97744750976562,106.16885375976562,-0.19140625,0.3191189467906952,0.3370040953159332,0.017885148525238037,0.4263167977333069,0.45436596870422363,0.028049170970916748,0.45416057109832764,0.4570997953414917,0.0029392242431640625,0.571564793586731,0.5859361886978149,-0.014371395111083984,0.19102506339550018,0.19102506339550018,104.16949927806854
crack0027_03.png,-13.917308235168457,110.7213134765625,121.84072875976562,-11.119415283203125,107.70709228515625,112.9838638305664,-5.276771545410156,0.22236590087413788,0.2056659311056137,-0.01669996976852417,0.2833918333053589,0.3134453296661377,0.03005349636077881,0.42889708280563354,0.45525217056274414,0.026355087757110596,0.5672202706336975,0.5810534358024597,-0.013833165168762207,0.10246765613555908,0.10246765613555908,127.18320268392563
crack0027_04.png,-8.759501218795776,120.54712677001953,127.522216796875,-6.975090026855469,111.68183898925781,110.33074951171875,1.3510894775390625,0.27771100401878357,0.20652367174625397,-0.0711873322725296,0.3210989832878113,0.43113869428634644,0.11003971099853516,0.4003010392189026,0.44387102127075195,0.043569982051849365,0.5687389373779297,0.594525158405304,-0.025786221027374268,0.14276111125946045,0.14276111125946045,135.4242578148842
crack0027_05.png,-10.210616493225098,114.57179260253906,122.7102279663086,-8.138435363769531,105.97602844238281,106.36430358886719,-0.388275146484375,0.31295523047447205,0.2960062325000763,-0.016948997974395752,0.33119428157806396,0.33321046829223633,0.0020161867141723633,0.46567249298095703,0.4440074563026428,-0.02166503667831421,0.56675124168396,0.5827912092208862,-0.01603996753692627,0.10731207579374313,0.10731207579374313,124.1922847032547
crack0027_06.png,-5.397519207000732,107.83206176757812,114.08638763427734,-6.254325866699219,106.08209228515625,106.7026138305664,-0.6205215454101562,0.26882204413414,0.29468080401420593,0.025858759880065918,0.45149630308151245,0.4429636001586914,-0.008532702922821045,0.4953676462173462,0.4997585415840149,0.004390895366668701,0.5681430101394653,0.5837024450302124,-0.01555943489074707,0.1259549856185913,0.1259549856185913,118.17799985408783
crack0027_07.png,-7.682439136505128,106.13441467285156,112.28707885742188,-6.1526641845703125,105.76280212402344,108.22750854492188,-2.4647064208984375,0.3456104099750519,0.26778116822242737,-0.07782924175262451,0.1722393035888672,0.3346118927001953,0.16237258911132812,0.35139042139053345,0.4154459238052368,0.06405550241470337,0.5654402375221252,0.5857516527175903,-0.020311415195465088,0.1290547251701355,0.1290547251701355,116.57394278049469
crack0027_08.png,-10.009338760375977,115.3653793334961,122.1280288696289,-6.7626495361328125,105.41561889648438,108.41108703613281,-2.9954681396484375,0.3286609649658203,0.29325419664382935,-0.03540676832199097,0.34623342752456665,0.3860458731651306,0.039812445640563965,0.44090110063552856,0.43600785732269287,-0.004893243312835693,0.569327175617218,0.5895386338233948,-0.020211458206176758,0.1270390748977661,0.1270390748977661,124.73299765586853
crack0027_09.png,-4.464406490325928,102.49614715576172,108.78538513183594,-6.289237976074219,106.12466430664062,104.57410430908203,1.5505599975585938,0.3372572064399719,0.3692433834075928,0.03198617696762085,0.45354074239730835,0.4331706762313843,-0.020370066165924072,0.460712194442749,0.447592556476593,-0.013119637966156006,0.5725528597831726,0.5860399603843689,-0.013487100601196289,0.22728751599788666,0.22728751599788666,108.84693217277527
crack0028_00.png,11.885026550292968,104.28276824951172,95.1680679321289,9.114700317382812,107.71273040771484,100.870361328125,6.842369079589844,0.489382803440094,0.48418524861335754,-0.00519755482673645,0.0,0.02144491672515869,0.02144491672515869,0.26728153228759766,0.33383405208587646,0.06655251979827881,0.5685505270957947,0.578765869140625,-0.010215342044830322,0.11024355888366699,0.11024355888366699,93.82493793964386
crack0028_01.png,24.50668077468872,118.50541687011719,100.60176086425781,17.903656005859375,108.43517303466797,106.63105773925781,1.8041152954101562,0.3011794686317444,0.3992452621459961,0.09806579351425171,0.040992558002471924,0.0,-0.040992558002471924,0.23169457912445068,0.047067344188690186,-0.1846272349357605,0.5741445422172546,0.582249104976654,-0.008104562759399414,0.10156865417957306,0.10156865417957306,114.772784948349
crack0028_02.png,5.956303119659424,114.47706604003906,103.01712036132812,11.459945678710938,108.78529357910156,105.83767700195312,2.9476165771484375,0.3397628962993622,0.44649365544319153,0.10673075914382935,0.3899780511856079,0.01658499240875244,-0.37339305877685547,0.36495763063430786,0.2895679473876953,-0.07538968324661255,0.5743098855018616,0.581445574760437,-0.0071356892585754395,0.11559105664491653,0.11559105664491653,111.61914241313934
crack0028_03.png,12.9570481300354,117.03720092773438,101.44711303710938,15.590087890625,111.03854370117188,109.4254150390625,1.613128662109375,0.3045894205570221,0.43425992131233215,0.12967050075531006,0.32922595739364624,0.0,-0.32922595739364624,0.28736257553100586,0.23566359281539917,-0.05169898271560669,0.5704920887947083,0.5825644135475159,-0.012072324752807617,0.11039721220731735,0.11039721220731735,114.26936829090118
crack0028_04.png,12.737890625,113.26163482666016,102.5320053100586,10.729629516601562,103.98223876953125,105.78321838378906,-1.8009796142578125,0.4020129144191742,0.44551363587379456,0.04350072145462036,0.0,0.0,0.0,0.21882599592208862,0.21654313802719116,-0.002282857894897461,0.5721645355224609,0.5909496545791626,-0.01878511905670166,0.10411306470632553,0.10411306470632553,107.41403138637543
crack0028_05.png,13.334884452819825,116.65495300292969,103.93240356445312,12.722549438476562,106.37752532958984,107.28340911865234,-0.9058837890625,0.398619681596756,0.4319189488887787,0.033299267292022705,0.10893797874450684,0.08529949188232422,-0.023638486862182617,0.23097163438796997,0.23300695419311523,0.0020353198051452637,0.5616878271102905,0.5802806615829468,-0.01859283447265625,0.09631698578596115,0.09631698578596115,109.58772385120392
crack0028_06.png,10.019120216369629,112.3702392578125,101.43992614746094,10.930313110351562,105.04901123046875,101.49981689453125,3.5491943359375,0.5238840579986572,0.49934256076812744,-0.024541497230529785,0.0,0.0,0.0,0.15172803401947021,0.16383343935012817,0.012105405330657959,0.5657170414924622,0.5749058127403259,-0.00918877124786377,0.10669681429862976,0.10669681429862976,99.94076156616211
crack0028_07.png,9.367856597900392,119.73967742919922,106.75643920898438,12.983238220214844,112.13321685791016,111.35774230957031,0.7754745483398438,0.28151848912239075,0.32821688055992126,0.04669839143753052,0.1811208724975586,0.0,-0.1811208724975586,0.21710240840911865,0.10624992847442627,-0.11085247993469238,0.571564793586731,0.5819799900054932,-0.010415196418762207,0.09564971923828125,0.09564971923828125,119.63614857196808
crack0028_08.png,5.047479057312012,114.86495971679688,107.65226745605469,7.2126922607421875,109.60133361816406,110.08204650878906,-0.480712890625,0.4562106430530548,0.41163766384124756,-0.04457297921180725,0.0,0.05267167091369629,0.05267167091369629,0.2226296067237854,0.2781934142112732,0.05556380748748779,0.5663667917251587,0.5792157053947449,-0.012848913669586182,0.1146741434931755,0.1146741434931755,109.72898197174072
crack0028_09.png,18.48632678985596,116.7381820678711,101.45126342773438,15.286918640136719,105.7049789428711,105.12481689453125,0.5801620483398438,0.4488796293735504,0.49701717495918274,0.048137545585632324,0.0,0.0,0.0,0.2051050066947937,0.21986407041549683,0.014759063720703125,0.5701115131378174,0.5922030210494995,-0.02209150791168213,0.12011030316352844,0.12011030316352844,105.85006582736969
crack0029_00.png,-4.214344120025634,111.82955169677734,109.09169006347656,2.7378616333007812,108.892822265625,111.81486511230469,-2.9220428466796875,0.2776365876197815,0.29061976075172424,0.012983173131942749,0.34384381771087646,0.19428855180740356,-0.1495552659034729,0.32422393560409546,0.21725881099700928,-0.10696512460708618,0.5736985802650452,0.5946943759918213,-0.020995795726776123,0.19730636477470398,0.19730636477470398,117.59020066261292
crack0029_01.png,0.8779073715209957,110.61336517333984,101.9373779296875,8.675987243652344,105.95167541503906,103.740234375,2.2114410400390625,0.29607832431793213,0.2960149943828583,-6.332993507385254e-05,0.3584445118904114,0.16070502996444702,-0.19773948192596436,0.35675889253616333,0.17475014925003052,-0.1820087432861328,0.5693002939224243,0.5885005593299866,-0.019200265407562256,0.2465083748102188,0.2465083748102188,112.05449426174164
crack0029_02.png,-5.501650094985962,111.8118896484375,102.03598022460938,9.775909423828125,108.29451751708984,108.48300170898438,-0.18848419189453125,0.23636361956596375,0.20853601396083832,-0.027827605605125427,0.3068864345550537,0.0,-0.3068864345550537,0.3274238109588623,0.0,-0.3274238109588623,0.5734679102897644,0.5909804105758667,-0.017512500286102295,0.20594516396522522,0.20594516396522522,118.0509905219078
crack0029_03.png,3.26420259475708,115.30624389648438,104.01138305664062,11.29486083984375,106.32954406738281,104.04866027832031,2.2808837890625,0.3223927319049835,0.3084265887737274,-0.013966143131256104,0.2603524327278137,0.08141452074050903,-0.1789379119873047,0.3318425416946411,0.18620675802230835,-0.14563578367233276,0.5726259350776672,0.5893310308456421,-0.016705095767974854,0.199369877576828,0.199369877576828,114.72645938396454
crack0029_04.png,-14.366343784332276,112.99343872070312,107.12425231933594,5.8691864013671875,109.61689758300781,113.78890991210938,-4.1720123291015625,0.23338709771633148,0.16877014935016632,-0.06461694836616516,0.3636631369590759,0.05471891164779663,-0.3089442253112793,0.3553597331047058,0.0,-0.3553597331047058,0.5691156983375549,0.5951057076454163,-0.025990009307861328,0.1947961002588272,0.1947961002588272,123.7368648648262
crack0029_05.png,-7.8227215766906735,102.68057250976562,101.24280548095703,1.4377670288085938,104.73202514648438,105.78868103027344,-1.0566558837890625,0.32174384593963623,0.3019208312034607,-0.019823014736175537,0.4496830105781555,0.2941811680793762,-0.1555018424987793,0.4401928782463074,0.2938598394393921,-0.14633303880691528,0.56675124168396,0.5925490260124207,-0.025797784328460693,0.21188408136367798,0.21188408136367798,107.54840016365051
crack0029_06.png,-6.103879404067993,114.726318359375,107.45661163330078,7.269706726074219,107.70211029052734,108.6715087890625,-0.9693984985351562,0.22686399519443512,0.22619280219078064,-0.00067119300365448,0.30003148317337036,0.0,-0.30003148317337036,0.3107527494430542,0.0,-0.3107527494430542,0.5718992948532104,0.5951710939407349,-0.023271799087524414,0.15635430812835693,0.15635430812835693,121.32674062252045
crack0029_07.png,-12.570924997329712,100.04523468017578,94.55695343017578,5.48828125,108.42848205566406,111.90573120117188,-3.4772491455078125,0.2307734489440918,0.18159149587154388,-0.04918195307254791,0.4461851119995117,0.15705323219299316,-0.28913187980651855,0.4034607410430908,0.05758148431777954,-0.3458792567253113,0.5667819976806641,0.5959938764572144,-0.029211878776550293,0.19056645035743713,0.19056645035743713,110.24535936117172
crack0029_08.png,20.188802909851074,129.9656524658203,109.02104187011719,20.944610595703125,123.5309066772461,106.45707702636719,17.073829650878906,0.25874385237693787,0.26608240604400635,0.0073385536670684814,0.35268425941467285,0.16509413719177246,-0.1875901222229004,0.28228145837783813,0.09463924169540405,-0.18764221668243408,0.5737139582633972,0.5904344320297241,-0.016720473766326904,0.23122218251228333,0.23122218251228333,127.58609330654144
crack0029_09.png,2.206859493255614,113.98954010009766,98.84706115722656,15.142478942871094,113.8702621459961,109.78638458251953,4.0838775634765625,0.2088019996881485,0.20402757823467255,-0.004774421453475952,0.40336012840270996,0.07009458541870117,-0.3332655429840088,0.3315644860267639,0.026856184005737305,-0.3047083020210266,0.5730603337287903,0.5944752097129822,-0.021414875984191895,0.17071771621704102,0.17071771621704102,117.95565432310104
crack0030_00.png,-21.945985507965087,169.46646118164062,187.73910522460938,-18.27264404296875,112.97673797607422,120.7828369140625,-7.806098937988281,0.17305269837379456,0.16657444834709167,-0.006478250026702881,0.2645409107208252,0.28446686267852783,0.019925951957702637,0.2382274866104126,0.2559356093406677,0.017708122730255127,0.5653517842292786,0.5860937833786011,-0.02074199914932251,0.12978169322013855,0.12978169322013855,192.05206763744354
crack0030_01.png,2.6897368907928474,179.7856903076172,187.3066864013672,-7.52099609375,170.0498809814453,129.17239379882812,40.87748718261719,0.1757422387599945,0.17012108862400055,-0.0056211501359939575,0.10917699337005615,0.0,-0.10917699337005615,0.1751265525817871,0.0,-0.1751265525817871,0.5536601543426514,0.586747407913208,-0.03308725357055664,0.12323646992444992,0.12323646992444992,196.80881935358047
crack0030_02.png,-29.062259101867674,176.56980895996094,194.6709442138672,-18.10113525390625,131.35923767089844,133.50311279296875,-2.1438751220703125,0.22211501002311707,0.10860386490821838,-0.11351114511489868,0.0,0.0,0.0,0.016150057315826416,0.0,-0.016150057315826416,0.5607689619064331,0.5863360166549683,-0.025567054748535156,0.11551937460899353,0.11551937460899353,202.5575853586197
crack0030_03.png,-9.542234086990357,178.97271728515625,186.49168395996094,-7.5189666748046875,118.39225769042969,119.89152526855469,-1.499267578125,0.19521036744117737,0.18585838377475739,-0.009351983666419983,0.12006485462188721,0.12226861715316772,0.0022037625312805176,0.161976158618927,0.1807478666305542,0.018771708011627197,0.5668511986732483,0.5859400033950806,-0.019088804721832275,0.1327868402004242,0.1327868402004242,195.01829773187637
crack0030_04.png,-8.266721868515015,186.3824005126953,194.0675506591797,-7.685150146484375,126.3959732055664,124.48318481445312,1.9127883911132812,0.21251219511032104,0.20805267989635468,-0.00445951521396637,0.0,0.0,0.0,0.13393372297286987,0.06866157054901123,-0.06527215242385864,0.5627720355987549,0.587520182132721,-0.024748146533966064,0.10515876114368439,0.10515876114368439,201.24262207746506
crack0030_05.png,-15.648674249649048,187.82789611816406,200.86952209472656,-13.0416259765625,120.42333984375,125.4181900024414,-4.994850158691406,0.18110491335391998,0.18815463781356812,0.007049724459648132,0.0,0.0,0.0,0.016041338443756104,0.023141026496887207,0.0070996880531311035,0.5605805516242981,0.589907705783844,-0.0293271541595459,0.12229064106941223,0.12229064106941223,207.07872253656387
crack0030_06.png,-4.096291446685791,178.75869750976562,177.405029296875,1.353668212890625,125.05570220947266,130.10382080078125,-5.048118591308594,0.22652097046375275,0.16323120892047882,-0.06328976154327393,0.0,0.07069253921508789,0.07069253921508789,0.07867538928985596,0.0,-0.07867538928985596,0.566585898399353,0.5964667201042175,-0.029880821704864502,0.12786975502967834,0.12786975502967834,192.14665967226028
crack0030_07.png,-11.047799587249756,172.68231201171875,183.54261779785156,-10.860305786132812,120.80770111083984,118.35404968261719,2.4536514282226562,0.17589904367923737,0.19275139272212982,0.016852349042892456,0.12617093324661255,0.08785218000411987,-0.038318753242492676,0.2429782748222351,0.2458065152168274,0.002828240394592285,0.5650864839553833,0.5896962881088257,-0.024609804153442383,0.13400495052337646,0.13400495052337646,191.14637380838394
crack0030_08.png,21.239111948013306,197.87351989746094,201.7720947265625,-3.8985748291015625,193.96856689453125,129.48390197753906,64.48466491699219,0.13588842749595642,0.15075774490833282,0.014869317412376404,0.29506731033325195,0.28524482250213623,-0.009822487831115723,0.23210519552230835,0.14529907703399658,-0.08680611848831177,0.5518493056297302,0.5881699323654175,-0.036320626735687256,0.12979012727737427,0.12979012727737427,215.19629895687103
crack0030_09.png,-13.466113328933716,170.1895294189453,184.7086639404297,-14.519134521484375,115.40672302246094,118.42094421386719,-3.01422119140625,0.16417305171489716,0.20431581139564514,0.040142759680747986,0.0,0.0,0.0,0.06421124935150146,0.14683032035827637,0.0826190710067749,0.5643444657325745,0.5881622433662415,-0.023817777633666992,0.14239126443862915,0.14239126443862915,191.12520331144333
crack0031_00.png,-15.56306734085083,103.28213500976562,105.51891326904297,-2.2367782592773438,111.01116943359375,108.42188262939453,2.5892868041992188,0.24388062953948975,0.22514209151268005,-0.018738538026809692,0.4956282377243042,0.19215595722198486,-0.30347228050231934,0.4702655076980591,0.17620998620986938,-0.2940555214881897,0.574259877204895,0.5923606157302856,-0.018100738525390625,0.2508903443813324,0.2508903443813324,114.58642327785492
crack0031_01.png,-2.687943458557129,94.63385009765625,84.17662811279297,10.457221984863281,108.2145767211914,105.50022888183594,2.7143478393554688,0.26868298649787903,0.19325396418571472,-0.0754290223121643,0.5376167893409729,0.3540670871734619,-0.183549702167511,0.4743614196777344,0.26524853706359863,-0.20911288261413574,0.568231463432312,0.5895963311195374,-0.021364867687225342,0.20922335982322693,0.20922335982322693,101.39385449886322
crack0031_02.png,-25.78796257972717,97.16516876220703,103.6458511352539,-6.480682373046875,107.56411743164062,106.97926330566406,0.5848541259765625,0.2245057076215744,0.1965961456298828,-0.02790956199169159,0.41141581535339355,0.0,-0.41141581535339355,0.38821130990982056,0.0,-0.38821130990982056,0.5698962211608887,0.591191828250885,-0.021295607089996338,0.26686638593673706,0.26686638593673706,112.2574143409729
crack0031_03.png,-18.84185919761658,108.11163330078125,109.5754623413086,-1.4638290405273438,110.75099182128906,108.41573333740234,2.3352584838867188,0.2903077006340027,0.22847764194011688,-0.0618300586938858,0.4551700949668884,0.14338362216949463,-0.3117864727973938,0.4335891604423523,0.08997422456741333,-0.34361493587493896,0.5721222758293152,0.5944790244102478,-0.022356748580932617,0.2634718716144562,0.2634718716144562,118.91405028104782
crack0031_04.png,-12.437065887451173,113.45845794677734,114.90887451171875,-1.4504165649414062,120.58837890625,123.2838363647461,-2.6954574584960938,0.17411041259765625,0.14946779608726501,-0.024642616510391235,0.4479027986526489,0.27636218070983887,-0.17154061794281006,0.3644672632217407,0.07641327381134033,-0.2880539894104004,0.5685774683952332,0.5954632759094238,-0.026885807514190674,0.15802283585071564,0.15802283585071564,129.0341295003891
crack0031_05.png,-19.15576038360596,111.46760559082031,113.15421295166016,-1.6866073608398438,107.7540283203125,108.92668914794922,-1.1726608276367188,0.19969622790813446,0.16150392591953278,-0.038192301988601685,0.48035645484924316,0.15810179710388184,-0.32225465774536133,0.43783360719680786,0.09599000215530396,-0.3418436050415039,0.5676085948944092,0.5939715504646301,-0.026362955570220947,0.18495340645313263,0.18495340645313263,126.37953573465347
crack0031_06.png,-13.461123847961426,114.0130386352539,118.52188110351562,-4.508842468261719,112.65718078613281,114.37232208251953,-1.7151412963867188,0.1963190883398056,0.19639952480793,8.043646812438965e-05,0.48724979162216187,0.3071191906929016,-0.18013060092926025,0.4762192368507385,0.22325652837753296,-0.25296270847320557,0.5695386528968811,0.5962245464324951,-0.026685893535614014,0.1704685240983963,0.1704685240983963,128.33729642629623
crack0031_07.png,-20.530553817749023,105.4049072265625,110.45819854736328,-5.053291320800781,110.56038665771484,113.77583312988281,-3.2154464721679688,0.2230071723461151,0.18252655863761902,-0.040480613708496094,0.44993162155151367,0.19833803176879883,-0.25159358978271484,0.4379204511642456,0.12756311893463135,-0.31035733222961426,0.5704843997955322,0.5927066802978516,-0.022222280502319336,0.19216370582580566,0.19216370582580566,120.68822658061981
crack0031_08.png,-6.544040727615356,109.28120422363281,110.41949462890625,-1.1382904052734375,117.91258239746094,118.91133880615234,-0.9987564086914062,0.16096808016300201,0.20402562618255615,0.04305754601955414,0.4847657084465027,0.3001995086669922,-0.1845661997795105,0.45384353399276733,0.2468881607055664,-0.20695537328720093,0.5707689523696899,0.5974740386009216,-0.02670508623123169,0.16380174458026886,0.16380174458026886,124.09122616052628
crack0031_09.png,-16.217969608306884,108.09440612792969,111.08477783203125,-2.9903717041015625,107.87791442871094,110.19538879394531,-2.317474365234375,0.2138044536113739,0.2225753366947174,0.008770883083343506,0.49941712617874146,0.19928902387619019,-0.30012810230255127,0.4990852475166321,0.14806455373764038,-0.3510206937789917,0.5660054087638855,0.5909342765808105,-0.02492886781692505,0.17623062431812286,0.17623062431812286,120.39869582653046
crack0032_00.png,-7.175200128555298,99.29043579101562,104.48703002929688,-5.19659423828125,104.56742858886719,107.21965026855469,-2.6522216796875,0.19889041781425476,0.21344627439975739,0.014555856585502625,0.2843080759048462,0.25360286235809326,-0.03070521354675293,0.2506266236305237,0.21441811323165894,-0.036208510398864746,0.5647212862968445,0.586070716381073,-0.021349430084228516,0.16101855039596558,0.16101855039596558,113.39813649654388
crack0032_01.png,12.084025621414185,110.2744140625,106.73833465576172,3.5360794067382812,119.3382339477539,112.46453094482422,6.8737030029296875,0.17848438024520874,0.19156919419765472,0.013084813952445984,0.21899455785751343,0.3568331003189087,0.13783854246139526,0.0,0.19086843729019165,0.19086843729019165,0.5717454552650452,0.5907920002937317,-0.019046545028686523,0.14929404854774475,0.14929404854774475,121.4289915561676
crack0032_02.png,-0.18850102424621584,94.9263687133789,94.3816909790039,0.544677734375,108.72225952148438,109.51863098144531,-0.7963714599609375,0.200030118227005,0.19373847544193268,-0.006291642785072327,0.5405659675598145,0.5580122470855713,0.017446279525756836,0.40399169921875,0.3899443745613098,-0.014047324657440186,0.5741868615150452,0.5894156098365784,-0.015228748321533203,0.1570822298526764,0.1570822298526764,106.60634571313858
crack0032_03.png,-4.2780985832214355,106.8936538696289,109.01673126220703,-2.123077392578125,108.94181060791016,112.85458374023438,-3.9127731323242188,0.2638803720474243,0.25437408685684204,-0.009506285190582275,0.32929474115371704,0.3533288836479187,0.02403414249420166,0.2332301139831543,0.25756436586380005,0.024334251880645752,0.5671126246452332,0.5868819952011108,-0.019769370555877686,0.19226929545402527,0.19226929545402527,116.16802716255188
crack0032_04.png,5.355174446105957,106.22016143798828,102.74678802490234,3.4733734130859375,112.07553100585938,110.05296325683594,2.0225677490234375,0.2926158905029297,0.30161601305007935,0.009000122547149658,0.28855645656585693,0.3163105845451355,0.027754127979278564,0.1442393660545349,0.18023639917373657,0.03599703311920166,0.5690926313400269,0.5880276560783386,-0.018935024738311768,0.20856119692325592,0.20856119692325592,110.44762754440308
crack0032_05.png,2.2345860958099366,99.57132720947266,97.29927825927734,2.2720489501953125,111.3956298828125,108.89244079589844,2.5031890869140625,0.22184304893016815,0.2291123867034912,0.007269337773323059,0.479744553565979,0.4589375853538513,-0.020806968212127686,0.2942602038383484,0.2776568531990051,-0.01660335063934326,0.5684967041015625,0.588196873664856,-0.019700169563293457,0.16383399069309235,0.16383399069309235,108.65259474515915
crack0032_06.png,-1.873524284362793,97.62442016601562,100.36001586914062,-2.735595703125,104.47392272949219,103.38954162597656,1.084381103515625,0.2518342435359955,0.258571058511734,0.006736814975738525,0.43350672721862793,0.45344769954681396,0.019940972328186035,0.3054550290107727,0.30673909187316895,0.0012840628623962402,0.5714033246040344,0.5941099524497986,-0.02270662784576416,0.19262754917144775,0.19262754917144775,107.64656150341034
crack0032_07.png,3.1963154792785646,104.79574584960938,103.01394653320312,1.78179931640625,105.67121887207031,103.16259002685547,2.5086288452148438,0.2514757513999939,0.2843587398529053,0.03288298845291138,0.30990153551101685,0.27141332626342773,-0.03848820924758911,0.19672125577926636,0.17914634943008423,-0.01757490634918213,0.5700807571411133,0.5870819091796875,-0.01700115203857422,0.21477806568145752,0.21477806568145752,112.29957747459412
crack0032_08.png,-14.466882610321045,95.83710479736328,105.05669403076172,-9.219589233398438,105.59361267089844,109.870361328125,-4.2767486572265625,0.2585936486721039,0.24760332703590393,-0.010990321636199951,0.5149030685424805,0.47482800483703613,-0.040075063705444336,0.4065355658531189,0.3369232416152954,-0.06961232423782349,0.5658977031707764,0.5922568440437317,-0.026359140872955322,0.16366873681545258,0.16366873681545258,109.28097355365753
crack0032_09.png,-0.8007315635681151,108.4111328125,109.92708587646484,-1.5159530639648438,108.13923645019531,107.15818786621094,0.981048583984375,0.28030163049697876,0.2885679602622986,0.008266329765319824,0.3403244614601135,0.3467176556587219,0.0063931941986083984,0.2652984857559204,0.2872557044029236,0.021957218647003174,0.5710457563400269,0.5859015583992004,-0.014855802059173584,0.22406518459320068,0.22406518459320068,115.78707385063171
crack0033_00.png,-3.393727016448975,152.90231323242188,156.22103881835938,-3.3187255859375,110.98179626464844,109.23558807373047,1.7462081909179688,0.21097148954868317,0.20926524698734283,-0.001706242561340332,0.0,0.0,0.0,0.019514799118041992,0.06798756122589111,0.04847276210784912,0.5739561915397644,0.5898808240890503,-0.01592463254928589,0.09418472647666931,0.09418472647666931,165.60099416971207
crack0033_01.png,14.677226066589355,149.7488250732422,138.5998992919922,11.14892578125,116.61856079101562,113.00199890136719,3.6165618896484375,0.14962033927440643,0.18467818200588226,0.03505784273147583,0.0,0.0,0.0,0.22577166557312012,0.2490825653076172,0.02331089973449707,0.5706689953804016,0.5887427926063538,-0.01807379722595215,0.10372082889080048,0.10372082889080048,158.74685353040695
crack0033_02.png,10.389659738540649,173.73460388183594,165.95863342285156,7.775970458984375,112.78541564941406,108.97142028808594,3.813995361328125,0.19327865540981293,0.21380403637886047,0.020525380969047546,0.0,0.0,0.0,0.00887840986251831,0.16614556312561035,0.15726715326309204,0.5699654221534729,0.5838139057159424,-0.013848483562469482,0.08771365880966187,0.08771365880966187,181.60245555639267
crack0033_03.png,5.491256618499756,143.29165649414062,140.115478515625,3.176177978515625,117.39512634277344,108.40837097167969,8.98675537109375,0.21953502297401428,0.2095489501953125,-0.009986072778701782,0.0,0.0,0.0,0.1619510054588318,0.18508070707321167,0.023129701614379883,0.576685905456543,0.5887043476104736,-0.012018442153930664,0.1110895574092865,0.1110895574092865,152.678804397583
crack0033_04.png,4.259104537963868,134.77462768554688,133.17697143554688,1.59765625,112.48799133300781,106.81634521484375,5.6716461181640625,0.21963678300380707,0.23476387560367584,0.015127092599868774,0.0,0.0,0.0,0.05544549226760864,0.18501746654510498,0.12957197427749634,0.5662168264389038,0.5866512656211853,-0.020434439182281494,0.10198361426591873,0.10198361426591873,144.26364320516586
crack0033_05.png,15.619554591178893,176.48057556152344,164.9910125732422,11.48956298828125,120.31695556640625,115.6845703125,4.63238525390625,0.10532557219266891,0.14285235106945038,0.037526778876781464,0.0,0.0,0.0,0.0,0.05550968647003174,0.05550968647003174,0.5717647075653076,0.5898923277854919,-0.018127620220184326,0.08826491236686707,0.08826491236686707,188.01195284724236
crack0033_06.png,4.9179394245147705,158.51026916503906,152.51773071289062,5.9925384521484375,120.59996032714844,115.19606018066406,5.403900146484375,0.18266330659389496,0.15184029936790466,-0.030823007225990295,0.0,0.0,0.0,0.22576546669006348,0.25601840019226074,0.030252933502197266,0.5726451277732849,0.5919030904769897,-0.019257962703704834,0.09648236632347107,0.09648236632347107,170.07970559597015
crack0033_07.png,12.43331594467163,166.31015014648438,154.68704223632812,11.62310791015625,113.46209716796875,109.84064483642578,3.6214523315429688,0.17582520842552185,0.17556950449943542,-0.0002557039260864258,0.0,0.0,0.0,0.0,0.0021833181381225586,0.0021833181381225586,0.5737023949623108,0.5891503095626831,-0.015447914600372314,0.09586767107248306,0.09586767107248306,173.53043830394745
crack0033_08.png,6.007080364227295,160.32379150390625,154.253662109375,6.07012939453125,114.58099365234375,111.86383056640625,2.7171630859375,0.15905074775218964,0.1564626544713974,-0.0025880932807922363,0.0,0.0,0.0,0.0,0.09343576431274414,0.09343576431274414,0.5726336240768433,0.5962052941322327,-0.023571670055389404,0.09181816875934601,0.09181816875934601,171.7491793036461
crack0033_09.png,13.03201756477356,157.88833618164062,148.5013427734375,9.386993408203125,118.79939270019531,111.40232849121094,7.397064208984375,0.1435573399066925,0.16129858791828156,0.01774124801158905,0.0,0.0,0.0,0.09084349870681763,0.11213922500610352,0.02129572629928589,0.5718300938606262,0.5901576280593872,-0.018327534198760986,0.10215051472187042,0.10215051472187042,168.187704205513
crack0034_00.png,12.310238933563232,122.60303497314453,113.6636734008789,8.939361572265625,117.27690887451172,108.23666381835938,9.040245056152344,0.2732376754283905,0.2770308554172516,0.003793179988861084,0.44437527656555176,0.44137346744537354,-0.0030018091201782227,0.3893170952796936,0.4035528898239136,0.01423579454421997,0.5751480460166931,0.5858631134033203,-0.010715067386627197,0.22250333428382874,0.22250333428382874,125.1736181974411
crack0034_01.png,10.764722156524659,108.59213256835938,98.75209045410156,9.840042114257812,108.5275650024414,105.89970397949219,2.6278610229492188,0.27031630277633667,0.2470691204071045,-0.023247182369232178,0.42579615116119385,0.4884791374206543,0.06268298625946045,0.3324836492538452,0.3662741780281067,0.033790528774261475,0.5658093094825745,0.5851595401763916,-0.01935023069381714,0.14429888129234314,0.14429888129234314,112.25434589385986
crack0034_02.png,-5.262326860427857,100.77301788330078,101.92918395996094,-1.1561660766601562,105.2173843383789,105.68675994873047,-0.4693756103515625,0.25793206691741943,0.2362014800310135,-0.021730586886405945,0.45388585329055786,0.4298442602157593,-0.024041593074798584,0.4197838306427002,0.39832252264022827,-0.021461308002471924,0.5647981762886047,0.5952556729316711,-0.030457496643066406,0.14727440476417542,0.14727440476417542,110.9892390370369
crack0034_03.png,-21.712551403045655,109.05493927001953,122.19061279296875,-13.135673522949219,106.85749816894531,120.94532012939453,-14.087821960449219,0.29668647050857544,0.25991278886795044,-0.036773681640625,0.46971893310546875,0.4979155659675598,0.028196632862091064,0.4466709494590759,0.45169687271118164,0.005025923252105713,0.5702729821205139,0.5984659790992737,-0.028192996978759766,0.23594218492507935,0.23594218492507935,123.96664786338806
crack0034_04.png,4.180307388305664,114.82218933105469,113.09541320800781,1.726776123046875,109.7726821899414,106.7470932006836,3.0255889892578125,0.27436596155166626,0.28788718581199646,0.0135212242603302,0.4844515919685364,0.5079648494720459,0.02351325750350952,0.4214889407157898,0.43510812520980835,0.013619184494018555,0.5714532732963562,0.5909265875816345,-0.01947331428527832,0.18142712116241455,0.18142712116241455,121.13390707969666
crack0034_05.png,8.875959825515746,112.09561157226562,102.9622802734375,9.133331298828125,108.20278930664062,104.55070495605469,3.6520843505859375,0.2405703216791153,0.2302291989326477,-0.01034112274646759,0.38018786907196045,0.3775882124900818,-0.002599656581878662,0.364327073097229,0.3513805866241455,-0.012946486473083496,0.570107638835907,0.589780867099762,-0.01967322826385498,0.17116719484329224,0.17116719484329224,117.30642867088318
crack0034_06.png,5.886149311065674,108.21015167236328,102.559326171875,5.650825500488281,108.7703857421875,106.70791625976562,2.062469482421875,0.2772175967693329,0.2575071454048157,-0.019710451364517212,0.3938886523246765,0.44145143032073975,0.04756277799606323,0.3484501838684082,0.35681086778640747,0.008360683917999268,0.5678046941757202,0.590688169002533,-0.022883474826812744,0.16501128673553467,0.16501128673553467,113.56183695793152
crack0034_07.png,2.7238696098327635,111.37979125976562,107.81000518798828,3.5697860717773438,108.55154418945312,107.62427520751953,0.9272689819335938,0.3134869337081909,0.3166211247444153,0.0031341910362243652,0.4520125985145569,0.43470466136932373,-0.017307937145233154,0.42105692625045776,0.40237361192703247,-0.018683314323425293,0.5709726810455322,0.5903537273406982,-0.019381046295166016,0.2507583498954773,0.2507583498954773,114.39983129501343
crack0034_08.png,3.088470077514648,110.70821380615234,106.71507263183594,3.9931411743164062,108.460693359375,105.65805053710938,2.802642822265625,0.28233766555786133,0.264952689409256,-0.017384976148605347,0.5041112899780273,0.5166194438934326,0.012508153915405273,0.44905245304107666,0.45539265871047974,0.006340205669403076,0.5685697793960571,0.5969511866569519,-0.028381407260894775,0.23043422400951385,0.23043422400951385,116.69252932071686
crack0034_09.png,11.839550590515136,112.2182846069336,103.31855010986328,8.899734497070312,111.91364288330078,105.9020004272461,6.0116424560546875,0.31269893050193787,0.3192696273326874,0.006570696830749512,0.4704887270927429,0.48800426721572876,0.01751554012298584,0.4146191477775574,0.4193844199180603,0.00476527214050293,0.5725836157798767,0.5898615717887878,-0.017277956008911133,0.24353060126304626,0.24353060126304626,112.60094439983368
crack0035_00.png,9.491221714019776,116.11268615722656,112.86914825439453,3.2435379028320312,111.26887512207031,108.72955322265625,2.5393218994140625,0.26102539896965027,0.3170648217201233,0.05603942275047302,0.4973698854446411,0.5375239849090576,0.040154099464416504,0.2755294442176819,0.35743552446365356,0.08190608024597168,0.5708458423614502,0.5922799110412598,-0.02143406867980957,0.16254298388957977,0.16254298388957977,122.52058970928192
crack0035_01.png,7.969112777709961,123.8072280883789,121.01802825927734,2.7891998291015625,112.54317474365234,112.86241149902344,-0.31923675537109375,0.27414533495903015,0.3466520309448242,0.07250669598579407,0.5108914375305176,0.515803873538971,0.004912436008453369,0.41116344928741455,0.42712509632110596,0.015961647033691406,0.5700576901435852,0.5872933268547058,-0.017235636711120605,0.23117069900035858,0.23117069900035858,129.45564115047455
crack0035_02.png,1.7375977516174315,106.44269561767578,103.85391998291016,2.588775634765625,106.4947738647461,106.71961975097656,-0.22484588623046875,0.31375449895858765,0.3178071677684784,0.004052668809890747,0.5071581602096558,0.49553126096725464,-0.011626899242401123,0.43610626459121704,0.42930132150650024,-0.006804943084716797,0.5696462988853455,0.585155725479126,-0.015509426593780518,0.21095967292785645,0.21095967292785645,109.72926688194275
crack0035_03.png,-2.1468201637268063,116.07514190673828,121.22518157958984,-5.1500396728515625,111.01123809814453,108.9234390258789,2.087799072265625,0.40611159801483154,0.44088390469551086,0.03477230668067932,0.5900585651397705,0.5948279500007629,0.004769384860992432,0.45352882146835327,0.474720299243927,0.02119147777557373,0.5681814551353455,0.5882929563522339,-0.020111501216888428,0.15865503251552582,0.15865503251552582,117.81518411636353
crack0035_04.png,1.7515019416809081,114.06109619140625,116.53196716308594,-2.4708709716796875,110.85053253173828,111.86541748046875,-1.0148849487304688,0.3003867268562317,0.361398309469223,0.06101158261299133,0.555190920829773,0.5728397965431213,0.01764887571334839,0.45026713609695435,0.4727688431739807,0.022501707077026367,0.5720876455307007,0.5960515141487122,-0.023963868618011475,0.2175413817167282,0.2175413817167282,121.11538863182068
crack0035_05.png,-2.0996855735778808,111.98948669433594,111.65203094482422,0.33745574951171875,105.91340637207031,107.18806457519531,-1.274658203125,0.41479140520095825,0.397521436214447,-0.01726996898651123,0.5388322472572327,0.5461360216140747,0.007303774356842041,0.4605526328086853,0.4662121534347534,0.005659520626068115,0.5688735246658325,0.5898193120956421,-0.02094578742980957,0.23273316025733948,0.23273316025733948,111.56224513053894
crack0035_06.png,4.860445213317871,107.2354965209961,102.04998779296875,5.185508728027344,109.2694091796875,107.80005645751953,1.4693527221679688,0.33153021335601807,0.3315272927284241,-2.9206275939941406e-06,0.526739239692688,0.5213528871536255,-0.0053863525390625,0.48875731229782104,0.47784584760665894,-0.01091146469116211,0.571580171585083,0.589008092880249,-0.017427921295166016,0.2784891426563263,0.2784891426563263,108.31142830848694
crack0035_07.png,-1.6951837539672852,107.43536376953125,108.44774627685547,-1.0123825073242188,106.84378814697266,103.79618835449219,3.0475997924804688,0.4090832471847534,0.39152511954307556,-0.017558127641677856,0.5858848094940186,0.588030219078064,0.00214540958404541,0.4243743419647217,0.4316893219947815,0.0073149800300598145,0.5659092664718628,0.5804844498634338,-0.014575183391571045,0.1590650975704193,0.1590650975704193,107.66942584514618
crack0035_08.png,1.8976109504699705,106.59040832519531,108.89833068847656,-2.30792236328125,108.77363586425781,104.8900146484375,3.8836212158203125,0.42004361748695374,0.45240506529808044,0.03236144781112671,0.530468225479126,0.5450616478919983,0.014593422412872314,0.4501391649246216,0.47657567262649536,0.02643650770187378,0.5732064843177795,0.5862206816673279,-0.01301419734954834,0.20254111289978027,0.20254111289978027,105.99057972431183
crack0035_09.png,7.2805732727050785,105.76405334472656,101.09701538085938,4.6670379638671875,105.62985229492188,104.81410217285156,0.8157501220703125,0.4432365894317627,0.47412076592445374,0.03088417649269104,0.5440117120742798,0.5555142164230347,0.011502504348754883,0.47022032737731934,0.4903164505958557,0.020096123218536377,0.5724182724952698,0.5885082483291626,-0.016089975833892822,0.210706889629364,0.210706889629364,100.37666893005371
crack0036_00.png,10.271109294891357,127.31023406982422,112.57037353515625,14.739860534667969,112.183349609375,111.45820617675781,0.7251434326171875,0.30572837591171265,0.3620412349700928,0.05631285905838013,0.3977784514427185,0.18277615308761597,-0.21500229835510254,0.4160505533218384,0.32385456562042236,-0.09219598770141602,0.569131076335907,0.5857247114181519,-0.016593635082244873,0.118601493537426,0.118601493537426,125.02558970451355
crack0036_01.png,13.563518476486205,131.2646484375,109.48028564453125,21.78436279296875,111.28268432617188,111.33272552490234,-0.05004119873046875,0.22891269624233246,0.288605272769928,0.05969257652759552,0.3483983278274536,0.04270064830780029,-0.3056976795196533,0.35319650173187256,0.25477951765060425,-0.09841698408126831,0.5667551159858704,0.585463285446167,-0.01870816946029663,0.09613677859306335,0.09613677859306335,130.05623668432236
crack0036_02.png,26.72697501182556,135.57037353515625,106.4921875,29.07818603515625,110.26736450195312,105.85906982421875,4.408294677734375,0.19786514341831207,0.3017929196357727,0.10392777621746063,0.2905534505844116,0.0,-0.2905534505844116,0.33795106410980225,0.2039814591407776,-0.13396960496902466,0.5689004063606262,0.5890657305717468,-0.020165324211120605,0.10459883511066437,0.10459883511066437,132.72200113534927
crack0036_03.png,18.741116428375243,115.1409912109375,98.87655639648438,16.264434814453125,106.88812255859375,108.11796569824219,-1.2298431396484375,0.20363762974739075,0.29926174879074097,0.09562411904335022,0.45040184259414673,0.35396498441696167,-0.09643685817718506,0.47049665451049805,0.439180850982666,-0.03131580352783203,0.5675163269042969,0.5881122350692749,-0.020595908164978027,0.13393425941467285,0.13393425941467285,118.31500542163849
crack0036_04.png,31.38734846115112,134.83079528808594,106.0476303100586,28.783164978027344,109.45632934570312,107.90127563476562,1.5550537109375,0.16420963406562805,0.29093554615974426,0.1267259120941162,0.37791895866394043,0.18805426359176636,-0.18986469507217407,0.4272121787071228,0.33910661935806274,-0.08810555934906006,0.5717762112617493,0.5858092904090881,-0.014033079147338867,0.11920495331287384,0.11920495331287384,134.0190063714981
crack0036_05.png,10.473665475845337,125.50537109375,114.22791290283203,11.277458190917969,106.79136657714844,107.21342468261719,-0.42205810546875,0.16746211051940918,0.21092872321605682,0.043466612696647644,0.2707973122596741,0.18792062997817993,-0.08287668228149414,0.3582875728607178,0.31777334213256836,-0.040514230728149414,0.5695463418960571,0.5894771218299866,-0.019930779933929443,0.10994775593280792,0.10994775593280792,133.39800024032593
crack0036_06.png,-3.5621155261993405,116.0909652709961,119.22296142578125,-3.1319961547851562,108.2142333984375,110.76941680908203,-2.5551834106445312,0.24066491425037384,0.29223695397377014,0.0515720397233963,0.3869883418083191,0.3266977071762085,-0.060290634632110596,0.38292986154556274,0.358684241771698,-0.024245619773864746,0.5698577165603638,0.5979123115539551,-0.02805459499359131,0.1479015052318573,0.1479015052318573,127.13356095552444
crack0036_07.png,11.876009654998779,140.29539489746094,133.9724884033203,6.322906494140625,107.82361602783203,108.0006103515625,-0.17699432373046875,0.24125230312347412,0.35306549072265625,0.11181318759918213,0.39558905363082886,0.34557825326919556,-0.0500108003616333,0.4337138533592224,0.40688902139663696,-0.02682483196258545,0.5646020770072937,0.5976201295852661,-0.03301805257797241,0.11669644713401794,0.11669644713401794,146.56360864639282
crack0036_08.png,22.404970502853395,128.3757781982422,108.45730590820312,19.918472290039062,112.73213958740234,104.73330688476562,7.998832702636719,0.23734314739704132,0.26127681136131287,0.023933663964271545,0.4422231912612915,0.3867107033729553,-0.05551248788833618,0.4354342818260193,0.4111478924751282,-0.024286389350891113,0.5753363966941833,0.5855171084403992,-0.01018071174621582,0.1513681560754776,0.1513681560754776,127.59663754701614
crack0036_09.png,13.805473470687865,122.38480377197266,106.16545867919922,16.219345092773438,108.91481018066406,107.93643951416016,0.9783706665039062,0.23974202573299408,0.27693289518356323,0.03719086945056915,0.5066404342651367,0.37655341625213623,-0.1300870180130005,0.4658035635948181,0.4138672351837158,-0.051936328411102295,0.5719799995422363,0.5864052176475525,-0.014425218105316162,0.12368201464414597,0.12368201464414597,123.34681838750839
crack0037_00.png,9.348307132720947,120.25814056396484,113.62064361572266,6.6374969482421875,107.69680786132812,109.00456237792969,-1.3077545166015625,0.09877505898475647,0.22647997736930847,0.127704918384552,0.2741371989250183,0.12610727548599243,-0.14802992343902588,0.2880287170410156,0.19272661209106445,-0.09530210494995117,0.5661783814430237,0.5927104949951172,-0.026532113552093506,0.10527747869491577,0.10527747869491577,134.72130835056305
crack0037_01.png,-3.2983670234680176,127.32405090332031,127.65457916259766,-0.33052825927734375,112.60816955566406,115.18965148925781,-2.58148193359375,0.19209076464176178,0.20101498067378998,0.008924216032028198,0.3714090585708618,0.32389533519744873,-0.047513723373413086,0.3325870633125305,0.3243114948272705,-0.00827556848526001,0.5692349076271057,0.5879507660865784,-0.018715858459472656,0.14155736565589905,0.14155736565589905,139.4818997979164
crack0037_02.png,5.417419338226317,118.92744445800781,107.58126068115234,11.346183776855469,105.74447631835938,101.57991790771484,4.164558410644531,0.1401209980249405,0.19986064732074738,0.059739649295806885,0.32602953910827637,0.0381464958190918,-0.28788304328918457,0.4053167700767517,0.24553799629211426,-0.15977877378463745,0.5699346661567688,0.5913956165313721,-0.02146095037460327,0.1294323354959488,0.1294323354959488,128.50291734933853
crack0037_03.png,0.03986525535583496,119.38878631591797,115.17948150634766,4.2093048095703125,109.28385925292969,106.93583679199219,2.3480224609375,0.20472846925258636,0.25202852487564087,0.047300055623054504,0.34181100130081177,0.1350463628768921,-0.20676463842391968,0.3745551109313965,0.257801353931427,-0.11675375699996948,0.5707689523696899,0.5863206386566162,-0.01555168628692627,0.16702967882156372,0.16702967882156372,128.45325130224228
crack0037_04.png,8.337064456939697,119.23515319824219,110.06243896484375,9.172714233398438,109.96603393554688,104.34556579589844,5.6204681396484375,0.19077786803245544,0.19779372215270996,0.007015854120254517,0.2589399814605713,0.17911571264266968,-0.07982426881790161,0.37536436319351196,0.3197782039642334,-0.055586159229278564,0.5755786299705505,0.5868819952011108,-0.011303365230560303,0.1507730484008789,0.1507730484008789,126.67740380764008
crack0037_05.png,7.703934144973754,128.4940948486328,120.9485855102539,7.545509338378906,121.47270202636719,114.2735595703125,7.1991424560546875,0.1556815654039383,0.2171930968761444,0.061511531472206116,0.17190736532211304,0.0,-0.17190736532211304,0.272305428981781,0.22689038515090942,-0.04541504383087158,0.5758861899375916,0.5950326919555664,-0.019146502017974854,0.1220109611749649,0.1220109611749649,139.18175393342972
crack0037_06.png,1.0266845703124998,106.5854721069336,101.95691680908203,4.6285552978515625,107.92594909667969,105.33318328857422,2.5927658081054688,0.1417797952890396,0.143036350607872,0.0012565553188323975,0.29079997539520264,0.18691837787628174,-0.1038815975189209,0.2743327021598816,0.21813076734542847,-0.056201934814453125,0.5696770548820496,0.5842829942703247,-0.014605939388275146,0.12146870791912079,0.12146870791912079,119.13572651147842
crack0037_07.png,2.893584680557251,116.17694854736328,114.97503662109375,1.2019119262695312,106.54364013671875,103.0111083984375,3.53253173828125,0.20778676867485046,0.2303658276796341,0.02257905900478363,0.3475845456123352,0.3267708420753479,-0.020813703536987305,0.3227697014808655,0.2986551523208618,-0.024114549160003662,0.5722991228103638,0.5896770358085632,-0.017377912998199463,0.14769555628299713,0.14769555628299713,126.69586789608002
crack0037_08.png,7.537992238998413,145.8013153076172,133.36070251464844,12.44061279296875,103.6123046875,102.58554077148438,1.026763916015625,0.095319464802742,0.19347742199897766,0.09815795719623566,0.4776563048362732,0.17854952812194824,-0.29910677671432495,0.35252976417541504,0.202392578125,-0.15013718605041504,0.5571664571762085,0.5872087478637695,-0.030042290687561035,0.11620599031448364,0.11620599031448364,157.35019093751907
crack0037_09.png,11.128527617454528,127.8839340209961,120.6488037109375,7.235130310058594,109.54135131835938,106.57105255126953,2.9702987670898438,0.11538548022508621,0.1828347146511078,0.06744923442602158,0.28929728269577026,0.24203073978424072,-0.04726654291152954,0.36516761779785156,0.3341866731643677,-0.030980944633483887,0.5740484595298767,0.5940484404563904,-0.019999980926513672,0.11482194066047668,0.11482194066047668,141.10517767071724
crack0038_00.png,-0.37688207626342773,115.8581771850586,120.4421615600586,-4.583984375,108.90982818603516,109.17975616455078,-0.269927978515625,0.3913719356060028,0.45742300152778625,0.06605106592178345,0.0,0.0,0.0,0.18179631233215332,0.13500458002090454,-0.04679173231124878,0.563402533531189,0.5876278281211853,-0.024225294589996338,0.10755221545696259,0.10755221545696259,118.17296636104584
crack0038_01.png,-18.1495258808136,118.14521789550781,115.15467071533203,2.9905471801757812,108.1700210571289,107.42813873291016,0.74188232421875,0.4240224063396454,0.24184705317020416,-0.18217535316944122,0.16616511344909668,0.009785473346710205,-0.15637964010238647,0.25572967529296875,0.20802026987075806,-0.04770940542221069,0.5704190731048584,0.5856093764305115,-0.015190303325653076,0.11243848502635956,0.11243848502635956,125.56349617242813
crack0038_02.png,-6.865699291229248,110.35253143310547,119.35635375976562,-9.003822326660156,109.35830688476562,107.63436889648438,1.72393798828125,0.44322413206100464,0.47306299209594727,0.029838860034942627,0.0,0.0,0.0,0.2710115313529968,0.10328048467636108,-0.16773104667663574,0.566159188747406,0.589623212814331,-0.02346402406692505,0.13948309421539307,0.13948309421539307,111.84592318534851
crack0038_03.png,-27.730201244354248,116.43506622314453,125.44481658935547,-9.009750366210938,111.62460327148438,110.5987548828125,1.025848388671875,0.43506503105163574,0.14959540963172913,-0.2854696214199066,0.0,0.11676025390625,0.11676025390625,0.2758605480194092,0.31428390741348267,0.038423359394073486,0.5715916752815247,0.5956824421882629,-0.02409076690673828,0.1170341819524765,0.1170341819524765,135.79151451587677
crack0038_04.png,3.804741096496582,116.33274841308594,119.68649291992188,-3.3537445068359375,122.3515396118164,112.11410522460938,10.237434387207031,0.40124958753585815,0.44967612624168396,0.048426538705825806,0.0,0.0,0.0,0.2074452042579651,0.13796472549438477,-0.06948047876358032,0.5710188150405884,0.5912840962409973,-0.020265281200408936,0.11476988345384598,0.11476988345384598,117.58600926399231
crack0038_05.png,1.9401420593261722,111.61219024658203,107.61338806152344,3.9988021850585938,111.14707946777344,107.32199096679688,3.8250885009765625,0.42873677611351013,0.3927035331726074,-0.03603324294090271,0.0,0.0,0.0,0.16678720712661743,0.13250601291656494,-0.03428119421005249,0.5719876885414124,0.5896385908126831,-0.017650902271270752,0.11717191338539124,0.11717191338539124,109.63612079620361
crack0038_06.png,-0.7864079475402832,114.34043884277344,116.3847427368164,-2.0443038940429688,120.06581115722656,114.32499694824219,5.740814208984375,0.41325441002845764,0.4109891355037689,-0.0022652745246887207,0.0,0.0,0.0,0.0,0.0,0.0,0.5684544444084167,0.5898846387863159,-0.02143019437789917,0.11296015977859497,0.11296015977859497,114.29862821102142
crack0038_07.png,14.871737957000732,124.90528106689453,122.73917388916016,2.166107177734375,127.07391357421875,113.78133392333984,13.292579650878906,0.2729732394218445,0.3785352408885956,0.1055620014667511,0.0,0.0,0.0,0.24891895055770874,0.14899176359176636,-0.09992718696594238,0.5674586892127991,0.5938677191734314,-0.026409029960632324,0.11079336702823639,0.11079336702823639,131.19854187965393
crack0038_08.png,-11.897353649139404,116.9340591430664,120.9447021484375,-4.010643005371094,114.89332580566406,112.28704833984375,2.6062774658203125,0.4462333619594574,0.3455331325531006,-0.10070022940635681,0.0,0.0,0.0,0.21067142486572266,0.2216523289680481,0.01098090410232544,0.5696924328804016,0.5915225148200989,-0.021830081939697266,0.11951066553592682,0.11951066553592682,121.86829328536987
crack0038_09.png,-6.0136082649230955,117.538818359375,123.02974700927734,-5.490928649902344,114.59877014160156,111.67842102050781,2.92034912109375,0.41713061928749084,0.4059857726097107,-0.011144846677780151,0.0,0.0,0.0,0.21922951936721802,0.14391952753067017,-0.07530999183654785,0.5685505270957947,0.5885313153266907,-0.019980788230895996,0.11498669534921646,0.11498669534921646,119.46638894081116
crack0039_00.png,-19.5430166721344,103.74500274658203,124.30427551269531,-20.55927276611328,105.00001525878906,112.8133544921875,-7.8133392333984375,0.16993571817874908,0.23015424609184265,0.06021852791309357,0.25978386402130127,0.25759243965148926,-0.0021914243698120117,0.3269745707511902,0.3544806241989136,0.02750605344772339,0.5731449723243713,0.58785080909729,-0.014705836772918701,0.13280394673347473,0.13280394673347473,127.34252840280533
crack0039_01.png,-18.711434745788573,100.75662231445312,114.06289672851562,-13.3062744140625,100.9789047241211,104.40280151367188,-3.4238967895507812,0.20998115837574005,0.20752809941768646,-0.002453058958053589,0.4554647207260132,0.3780505657196045,-0.07741415500640869,0.4655963182449341,0.4165920615196228,-0.04900425672531128,0.5679777264595032,0.5865474939346313,-0.018569767475128174,0.13863733410835266,0.13863733410835266,118.41997331380844
crack0039_02.png,-21.373275184631346,91.30137634277344,107.9512710571289,-16.64989471435547,101.89608764648438,106.2973861694336,-4.401298522949219,0.2510237693786621,0.25489842891693115,0.003874659538269043,0.34762513637542725,0.2914251685142517,-0.05619996786117554,0.4591493010520935,0.3887227773666382,-0.07042652368545532,0.561038076877594,0.5866589546203613,-0.025620877742767334,0.12235701829195023,0.12235701829195023,108.0312557220459
crack0039_03.png,-26.739512586593627,117.76239013671875,140.43435668945312,-22.671966552734375,108.58760070800781,114.28814697265625,-5.7005462646484375,0.1549467295408249,0.13920095562934875,-0.015745773911476135,0.2750043272972107,0.2766416072845459,0.001637279987335205,0.30552440881729126,0.29254859685897827,-0.012975811958312988,0.5689273476600647,0.5837562680244446,-0.014828920364379883,0.10853826999664307,0.10853826999664307,144.0965667963028
crack0039_04.png,-28.626232290267943,105.63471984863281,130.81295776367188,-25.178237915039062,109.43061828613281,112.6952133178711,-3.2645950317382812,0.20283867418766022,0.16149049997329712,-0.0413481742143631,0.17498445510864258,0.21527642011642456,0.04029196500778198,0.3042025566101074,0.2999638319015503,-0.004238724708557129,0.5716801285743713,0.5828296542167664,-0.01114952564239502,0.1161927729845047,0.1161927729845047,131.84759497642517
crack0039_05.png,-28.211673641204833,102.47142028808594,121.57321166992188,-19.101791381835938,107.10155487060547,111.28572082519531,-4.184165954589844,0.2652486264705658,0.2137570083141327,-0.051491618156433105,0.2693539261817932,0.20996499061584473,-0.059388935565948486,0.3459850549697876,0.2596409320831299,-0.08634412288665771,0.5665436387062073,0.5900768637657166,-0.023533225059509277,0.11277500540018082,0.11277500540018082,122.7999700307846
crack0039_06.png,-34.48994083404541,109.55372619628906,133.74461364746094,-24.190887451171875,103.52154541015625,108.5619888305664,-5.040443420410156,0.1427859514951706,0.0973026305437088,-0.04548332095146179,0.30800896883010864,0.21249961853027344,-0.0955093502998352,0.4265105724334717,0.3321892023086548,-0.0943213701248169,0.5621799230575562,0.5827758312225342,-0.020595908164978027,0.10320296883583069,0.10320296883583069,139.12204533815384
crack0039_07.png,-33.42417590618133,111.15985870361328,136.9013214111328,-25.74146270751953,105.82313537597656,111.36168670654297,-5.538551330566406,0.15975801646709442,0.093688003718853,-0.06607001274824142,0.22947251796722412,0.24795979261398315,0.018487274646759033,0.2645364999771118,0.2615289092063904,-0.0030075907707214355,0.5634525418281555,0.5864821076393127,-0.023029565811157227,0.09413475543260574,0.09413475543260574,141.86859413981438
crack0039_08.png,-18.0630042552948,115.45091247558594,130.86651611328125,-15.415603637695312,109.37171173095703,115.15811157226562,-5.786399841308594,0.16226351261138916,0.19933097064495087,0.03706745803356171,0.12236088514328003,0.0702471137046814,-0.05211377143859863,0.27350980043411255,0.2755955457687378,0.002085745334625244,0.5677585601806641,0.5981007218360901,-0.030342161655426025,0.12097904086112976,0.12097904086112976,137.34693241119385
crack0039_09.png,-28.21474666595459,100.09410095214844,121.77979278564453,-21.685691833496094,112.22312927246094,118.43010711669922,-6.206977844238281,0.1997956484556198,0.18256010115146637,-0.017235547304153442,0.36351948976516724,0.31453490257263184,-0.0489845871925354,0.4057248830795288,0.372053325176239,-0.033671557903289795,0.5665359497070312,0.5842368602752686,-0.017700910568237305,0.11194059997797012,0.11194059997797012,123.35281521081924
crack0040_00.png,-0.8338024139404299,105.34473419189453,103.7241439819336,1.6205902099609375,118.55796813964844,116.62960815429688,1.9283599853515625,0.35628917813301086,0.3238625228404999,-0.032426655292510986,0.0,0.0,0.0,0.0,0.0,0.0,0.5717723965644836,0.5875625014305115,-0.015790104866027832,0.12604273855686188,0.12604273855686188,108.60518777370453
crack0040_01.png,-14.60505223274231,127.24381256103516,136.04771423339844,-8.803901672363281,114.74028778076172,114.27035522460938,0.46993255615234375,0.230167418718338,0.21884338557720184,-0.01132403314113617,0.10896778106689453,0.0,-0.10896778106689453,0.17736732959747314,0.19499176740646362,0.01762443780899048,0.5671933889389038,0.5853056311607361,-0.018112242221832275,0.11820685118436813,0.11820685118436813,141.92738550901413
crack0040_02.png,-8.745920372009277,116.64154052734375,125.72012329101562,-9.078582763671875,116.79266357421875,115.85883331298828,0.9338302612304688,0.31219932436943054,0.32161349058151245,0.00941416621208191,0.0,0.0,0.0,0.06287539005279541,0.0552096962928772,-0.007665693759918213,0.5690849423408508,0.5889350175857544,-0.019850075244903564,0.11923162639141083,0.11923162639141083,126.00627315044403
crack0040_03.png,4.639891433715821,127.17162322998047,119.90899658203125,7.262626647949219,126.09494018554688,118.74742126464844,7.3475189208984375,0.37489861249923706,0.31733760237693787,-0.057561010122299194,0.0,0.0,0.0,0.0,0.0,0.0,0.5662437677383423,0.5901653170585632,-0.023921549320220947,0.10536836832761765,0.10536836832761765,128.10666644573212
crack0040_04.png,-8.583900928497314,108.8263931274414,115.1667251586914,-6.34033203125,118.02693176269531,117.91783142089844,0.109100341796875,0.29466965794563293,0.27363625168800354,-0.021033406257629395,0.0,0.0,0.0,0.12254756689071655,0.10923725366592407,-0.01331031322479248,0.5676124691963196,0.5827258825302124,-0.015113413333892822,0.12367172539234161,0.12367172539234161,118.88741934299469
crack0040_05.png,-1.784147071838379,115.72872924804688,114.56319427490234,1.1655349731445312,120.01570129394531,121.32085418701172,-1.3051528930664062,0.3766683042049408,0.35651910305023193,-0.020149201154708862,0.0,0.0,0.0,0.1400282382965088,0.09472954273223877,-0.04529869556427002,0.5689119696617126,0.5893040895462036,-0.020392119884490967,0.11376836895942688,0.11376836895942688,117.32697916030884
crack0040_06.png,1.2645158767700195,105.87344360351562,105.85928344726562,0.01416015625,117.47915649414062,116.15991973876953,1.3192367553710938,0.348125159740448,0.3709031343460083,0.022777974605560303,0.0,0.0,0.0,0.17346608638763428,0.19933736324310303,0.02587127685546875,0.5686005353927612,0.5960899591445923,-0.027489423751831055,0.11402051895856857,0.11402051895856857,108.82245230674744
crack0040_07.png,-3.9354554176330563,109.11196899414062,113.16197204589844,-4.0500030517578125,124.61588287353516,117.534912109375,7.080970764160156,0.3178831934928894,0.29292595386505127,-0.024957239627838135,0.0,0.0,0.0,0.09572792053222656,0.08090734481811523,-0.014820575714111328,0.5716955065727234,0.5897270441055298,-0.018031537532806396,0.1198132261633873,0.1198132261633873,117.15049505233765
crack0040_08.png,-3.4620693206787108,119.21568298339844,122.57730865478516,-3.3616256713867188,112.34822082519531,110.97877502441406,1.36944580078125,0.26277342438697815,0.26273101568222046,-4.240870475769043e-05,0.0,0.0,0.0,0.12284231185913086,0.07595682144165039,-0.04688549041748047,0.5678815841674805,0.5840023159980774,-0.016120731830596924,0.10471250116825104,0.10471250116825104,128.49272751808167
crack0040_09.png,-4.161901378631592,120.26824951171875,122.8747329711914,-2.6064834594726562,114.34860229492188,114.27957153320312,0.06903076171875,0.2833111584186554,0.2723919153213501,-0.010919243097305298,0.049454331398010254,0.040967345237731934,-0.00848698616027832,0.144645094871521,0.16810834407806396,0.02346324920654297,0.5784275531768799,0.5876778364181519,-0.009250283241271973,0.12727394700050354,0.12727394700050354,128.73508977890015
crack0041_00.png,8.128754425048829,132.74851989746094,123.46735382080078,9.281166076660156,110.17066955566406,106.34121704101562,3.8294525146484375,0.1602824330329895,0.1641891896724701,0.003906756639480591,0.36002832651138306,0.30709773302078247,-0.052930593490600586,0.3216133117675781,0.26669949293136597,-0.05491381883621216,0.5724413394927979,0.594429075717926,-0.021987736225128174,0.16117748618125916,0.16117748618125916,142.26815390586853
crack0041_01.png,13.683839988708495,135.97349548339844,124.76319885253906,11.210296630859375,117.6110610961914,116.35926055908203,1.251800537109375,0.17273417115211487,0.19745677709579468,0.02472260594367981,0.3701542615890503,0.3962041735649109,0.026049911975860596,0.29976093769073486,0.3375246524810791,0.03776371479034424,0.5716685652732849,0.5978431105613708,-0.026174545288085938,0.18158859014511108,0.18158859014511108,143.9180213212967
crack0041_02.png,13.004593229293825,136.22109985351562,122.01575469970703,14.205345153808594,113.75057983398438,108.49573516845703,5.254844665527344,0.1704091727733612,0.1815197914838791,0.011110618710517883,0.4303492307662964,0.3407741189002991,-0.08957511186599731,0.45042991638183594,0.3955843448638916,-0.054845571517944336,0.5745521187782288,0.5897654891014099,-0.015213370323181152,0.1570153832435608,0.1570153832435608,142.48449647426605
crack0041_03.png,3.1396128177642826,129.53961181640625,124.0908203125,5.44879150390625,106.85877227783203,108.048828125,-1.1900558471679688,0.21556022763252258,0.2109934240579605,-0.004566803574562073,0.42622846364974976,0.418168306350708,-0.008060157299041748,0.37204301357269287,0.3440128564834595,-0.0280301570892334,0.5638792514801025,0.5925143957138062,-0.028635144233703613,0.17578567564487457,0.17578567564487457,137.85618644952774
crack0041_04.png,9.79117751121521,136.13067626953125,128.4901885986328,7.6404876708984375,114.54698181152344,112.99104309082031,1.555938720703125,0.17020383477210999,0.16394133865833282,-0.006262496113777161,0.29081881046295166,0.3646543025970459,0.07383549213409424,0.38731878995895386,0.38060683012008667,-0.0067119598388671875,0.5610880255699158,0.5841906666755676,-0.023102641105651855,0.149347186088562,0.149347186088562,145.84157878160477
crack0041_05.png,15.558340883255006,140.6250457763672,124.11910247802734,16.505943298339844,112.75181579589844,113.44965362548828,-0.6978378295898438,0.18011318147182465,0.16801193356513977,-0.012101247906684875,0.3377547860145569,0.3715047240257263,0.033749938011169434,0.3657428026199341,0.37169623374938965,0.005953431129455566,0.5658861994743347,0.5921453237533569,-0.026259124279022217,0.1580473929643631,0.1580473929643631,145.97717106342316
crack0041_06.png,9.778215408325195,135.37985229492188,122.77356719970703,12.606285095214844,110.66771697998047,112.49156188964844,-1.8238449096679688,0.1606721132993698,0.17549051344394684,0.014818400144577026,0.38099735975265503,0.32204991579055786,-0.05894744396209717,0.35081911087036133,0.2888609766960144,-0.061958134174346924,0.5669588446617126,0.590111494064331,-0.023152649402618408,0.13707032799720764,0.13707032799720764,143.0408427119255
crack0041_07.png,164.89337677955626,238.57809448242188,116.48338317871094,122.09471130371094,209.15847778320312,112.11852264404297,97.03995513916016,0.19820238649845123,0.2568262815475464,0.058623895049095154,0.35952168703079224,0.38425928354263306,0.02473759651184082,0.31843703985214233,0.352255642414093,0.033818602561950684,0.5470434427261353,0.5894617438316345,-0.04241830110549927,0.1931370198726654,0.1931370198726654,189.2170653939247
crack0041_08.png,108.10512943267823,187.7498779296875,113.6973648071289,74.0525131225586,179.88681030273438,106.61054992675781,73.27626037597656,0.1934211701154709,0.21978797018527985,0.02636680006980896,0.35440510511398315,0.44587987661361694,0.09147477149963379,0.2838466167449951,0.3950155973434448,0.11116898059844971,0.5574355721473694,0.583091139793396,-0.02565556764602661,0.20102760195732117,0.20102760195732117,162.4419967532158
crack0041_09.png,7.238550996780395,134.46340942382812,124.98599243164062,9.4774169921875,111.33522033691406,109.24691772460938,2.0883026123046875,0.2105904072523117,0.16973915696144104,-0.040851250290870667,0.40476441383361816,0.43395286798477173,0.029188454151153564,0.42541295289993286,0.38527119159698486,-0.040141761302948,0.567923903465271,0.5922645330429077,-0.02434062957763672,0.1569211184978485,0.1569211184978485,143.23093283176422
crack0042_00.png,-15.131224536895752,108.87359619140625,110.07249450683594,-1.1988983154296875,111.94890594482422,116.28428649902344,-4.335380554199219,0.2597748935222626,0.26001444458961487,0.00023955106735229492,0.2901047468185425,0.0,-0.2901047468185425,0.40431612730026245,0.24374991655349731,-0.16056621074676514,0.5697308778762817,0.5850595831871033,-0.015328705310821533,0.12427066266536713,0.12427066266536713,117.28893506526947
crack0042_01.png,-6.561464309692383,116.49864196777344,121.47425079345703,-4.975608825683594,120.03187561035156,114.84636688232422,5.185508728027344,0.27487918734550476,0.26331430673599243,-0.011564880609512329,0.0472567081451416,0.0,-0.0472567081451416,0.26675838232040405,0.18190765380859375,-0.0848507285118103,0.5715993642807007,0.5927143692970276,-0.021115005016326904,0.11316028237342834,0.11316028237342834,126.89616274833679
crack0042_02.png,-11.084085369110108,120.98019409179688,125.86212158203125,-4.881927490234375,109.84989929199219,110.78718566894531,-0.937286376953125,0.35120877623558044,0.29408976435661316,-0.057119011878967285,0.012631058692932129,0.0,-0.012631058692932129,0.3000938296318054,0.29280418157577515,-0.0072896480560302734,0.5683467984199524,0.5871587991714478,-0.01881200075149536,0.10549889504909515,0.10549889504909515,129.26212394237518
crack0042_03.png,-17.069804859161376,114.22435760498047,116.74598693847656,-2.5216293334960938,109.32992553710938,112.2232666015625,-2.893341064453125,0.3395111858844757,0.27481332421302795,-0.06469786167144775,0.18609434366226196,0.0001462697982788086,-0.18594807386398315,0.3886300325393677,0.2843043804168701,-0.10432565212249756,0.5723490715026855,0.5917762517929077,-0.019427180290222168,0.11379143595695496,0.11379143595695496,122.66742289066315
crack0042_04.png,-2.096099281311035,105.82659149169922,106.93090057373047,-1.10430908203125,116.24397277832031,111.64579010009766,4.598182678222656,0.3253231346607208,0.26973384618759155,-0.05558928847312927,0.010374367237091064,0.05992281436920166,0.049548447132110596,0.2641589641571045,0.2819666266441345,0.01780766248703003,0.5758131742477417,0.5849596261978149,-0.009146451950073242,0.09825006872415543,0.09825006872415543,113.59310030937195
crack0042_05.png,-19.43691029548645,114.54499053955078,112.087158203125,2.4578323364257812,108.44595336914062,115.86380004882812,-7.4178466796875,0.40046635270118713,0.22970865666866302,-0.1707576960325241,0.10866045951843262,0.0,-0.10866045951843262,0.3773977756500244,0.08795857429504395,-0.28943920135498047,0.5711534023284912,0.5941676497459412,-0.02301424741744995,0.10675480961799622,0.10675480961799622,123.30026096105576
crack0042_06.png,-9.075090789794922,113.46533966064453,116.49008178710938,-3.0247421264648438,114.1559829711914,113.53111267089844,0.6248703002929688,0.30464690923690796,0.29677578806877136,-0.007871121168136597,0.17557865381240845,0.05195266008377075,-0.1236259937286377,0.37173062562942505,0.30336928367614746,-0.06836134195327759,0.572968065738678,0.5911072492599487,-0.018139183521270752,0.1210491955280304,0.1210491955280304,120.81545341014862
crack0042_07.png,-27.56459732055664,116.71976470947266,129.86111450195312,-13.141349792480469,112.99913024902344,118.12124633789062,-5.1221160888671875,0.3140318691730499,0.21439909934997559,-0.09963276982307434,0.12991076707839966,0.0336686372756958,-0.09624212980270386,0.3511033058166504,0.2500529885292053,-0.10105031728744507,0.5739331245422363,0.5877854824066162,-0.013852357864379883,0.11739662289619446,0.11739662289619446,133.937912940979
crack0042_08.png,-15.54898805618286,105.2945785522461,111.9401626586914,-6.6455841064453125,111.3135757446289,113.40174865722656,-2.0881729125976562,0.33308717608451843,0.2843537926673889,-0.04873338341712952,0.0884772539138794,0.0,-0.0884772539138794,0.3254324793815613,0.28959226608276367,-0.03584021329879761,0.5715301632881165,0.5872895121574402,-0.01575934886932373,0.12742185592651367,0.12742185592651367,115.04772353172302
crack0042_09.png,-6.268858432769775,127.4288101196289,127.99344635009766,-0.56463623046875,120.7763671875,113.09711456298828,7.679252624511719,0.31380343437194824,0.24158045649528503,-0.07222297787666321,0.07800114154815674,0.025636494159698486,-0.05236464738845825,0.3208748698234558,0.27699553966522217,-0.04387933015823364,0.5625759363174438,0.585163414478302,-0.022587478160858154,0.13619425892829895,0.13619425892829895,136.62283742427826
crack0043_00.png,34.0471218585968,131.11766052246094,94.295166015625,36.82249450683594,107.5723876953125,106.52389526367188,1.048492431640625,0.17447695136070251,0.16278524696826935,-0.011691704392433167,0.15486842393875122,0.11727148294448853,-0.037596940994262695,0.2599620819091797,0.035360515117645264,-0.22460156679153442,0.560076892375946,0.5789657831192017,-0.018888890743255615,0.10275302827358246,0.10275302827358246,126.09792977571487
crack0043_01.png,25.9666686296463,119.09149169921875,77.44188690185547,41.64960479736328,111.61531066894531,120.17147064208984,-8.556159973144531,0.16521242260932922,0.07853449136018753,-0.0866779312491417,0.17674338817596436,0.06476390361785889,-0.11197948455810547,0.17584753036499023,0.0,-0.17584753036499023,0.5619953870773315,0.5831718444824219,-0.021176457405090332,0.10121063888072968,0.10121063888072968,116.88149359822273
crack0043_02.png,25.861404228210446,120.26299285888672,81.56458282470703,38.69841003417969,114.31745147705078,112.36769104003906,1.9497604370117188,0.13852089643478394,0.1095086932182312,-0.029012203216552734,0.26427698135375977,0.0033203959465026855,-0.2609565854072571,0.19493520259857178,0.0,-0.19493520259857178,0.5644944310188293,0.5859361886978149,-0.021441757678985596,0.10321442782878876,0.10321442782878876,117.7807137966156
crack0043_03.png,35.85086069107056,135.57693481445312,96.43907165527344,39.13786315917969,112.29307556152344,108.28853607177734,4.004539489746094,0.10645221173763275,0.14233167469501495,0.0358794629573822,0.29158657789230347,0.11950260400772095,-0.17208397388458252,0.2808074355125427,0.04659825563430786,-0.23420917987823486,0.5609726905822754,0.5828680992126465,-0.021895408630371094,0.10400072485208511,0.10400072485208511,132.93559449911118
crack0043_04.png,20.744658946990967,134.07464599609375,97.39007568359375,36.6845703125,111.81822967529297,118.12968444824219,-6.311454772949219,0.14658862352371216,0.0963962972164154,-0.05019232630729675,0.2793964743614197,0.06779658794403076,-0.21159988641738892,0.2631490230560303,0.0,-0.2631490230560303,0.5639215707778931,0.5873202681541443,-0.02339869737625122,0.11878247559070587,0.11878247559070587,133.4413937330246
crack0043_05.png,32.348266983032225,140.55535888671875,103.255859375,37.29949951171875,118.06198120117188,113.68421936035156,4.3777618408203125,0.19776523113250732,0.13582071661949158,-0.06194451451301575,0.28833627700805664,0.26907670497894287,-0.01925957202911377,0.3565189838409424,0.19651007652282715,-0.16000890731811523,0.5601115226745605,0.5845213532447815,-0.024409830570220947,0.11106685549020767,0.11106685549020767,137.13722026348114
crack0043_06.png,45.44162147045135,140.32797241210938,86.33970642089844,53.98826599121094,115.3578872680664,124.5003890991211,-9.142501831054688,0.1283993124961853,0.12272267788648605,-0.005676634609699249,0.08797740936279297,0.0,-0.08797740936279297,0.14602643251419067,0.0,-0.14602643251419067,0.5664052367210388,0.58931565284729,-0.02291041612625122,0.0941099300980568,0.0941099300980568,129.54310485720634
crack0043_07.png,29.26775755882263,125.8985595703125,87.85113525390625,38.04742431640625,117.40459442138672,115.50650024414062,1.8980941772460938,0.1709907501935959,0.1551463007926941,-0.015844449400901794,0.18735271692276,0.0,-0.18735271692276,0.27360063791275024,0.0,-0.27360063791275024,0.5689119696617126,0.5883429646492004,-0.019430994987487793,0.10803796350955963,0.10803796350955963,121.09978795051575
crack0043_08.png,22.757392168045044,115.78811645507812,85.80512237548828,29.982994079589844,110.18815612792969,108.8842544555664,1.3039016723632812,0.21113309264183044,0.161872997879982,-0.04926009476184845,0.2826206088066101,0.20382851362228394,-0.07879209518432617,0.3351033926010132,0.1813751459121704,-0.15372824668884277,0.5648519992828369,0.5812187790870667,-0.016366779804229736,0.10570892691612244,0.10570892691612244,114.33299070596695
crack0043_09.png,19.596455121040343,134.35231018066406,101.7994613647461,32.55284881591797,115.07869720458984,113.26204681396484,1.816650390625,0.18322812020778656,0.0806877538561821,-0.10254036635160446,0.23264169692993164,0.11884868144989014,-0.1137930154800415,0.13245296478271484,0.0,-0.13245296478271484,0.5588542819023132,0.5820568799972534,-0.023202598094940186,0.11604486405849457,0.11604486405849457,136.5168957412243
crack0044_00.png,5.8583899974823,105.67293548583984,101.89533233642578,3.7776031494140625,112.95941162109375,111.0317153930664,1.9276962280273438,0.22394874691963196,0.2457772046327591,0.021828457713127136,0.4441482424736023,0.45218056440353394,0.00803232192993164,0.40676093101501465,0.4033655524253845,-0.003395378589630127,0.5733602643013,0.5923067927360535,-0.018946528434753418,0.25766119360923767,0.25766119360923767,114.03948080539703
crack0044_01.png,5.548788833618164,109.29222106933594,105.51882934570312,3.7733917236328125,108.19886016845703,107.1465072631836,1.0523529052734375,0.22889675199985504,0.243620827794075,0.01472407579421997,0.44851750135421753,0.47795188426971436,0.029434382915496826,0.4277857542037964,0.43343186378479004,0.005646109580993652,0.5673087239265442,0.5923298597335815,-0.025021135807037354,0.19269351661205292,0.19269351661205292,117.36491447687149
crack0044_02.png,5.009465026855469,109.74661254882812,105.37017059326172,4.376441955566406,107.85427856445312,107.7962646484375,0.058013916015625,0.23101116716861725,0.2323104292154312,0.0012992620468139648,0.5412644147872925,0.5757490396499634,0.0344846248626709,0.44061148166656494,0.46044260263442993,0.01983112096786499,0.5653479695320129,0.5871856808662415,-0.021837711334228516,0.17710644006729126,0.17710644006729126,117.18514877557755
crack0044_03.png,4.27727198600769,99.5785903930664,95.55143737792969,4.027153015136719,105.40068054199219,103.21466827392578,2.1860122680664062,0.1827487051486969,0.18709908425807953,0.004350379109382629,0.3707817792892456,0.36051464080810547,-0.010267138481140137,0.37234801054000854,0.39331406354904175,0.020966053009033203,0.5708535313606262,0.5848942995071411,-0.014040768146514893,0.15981429815292358,0.15981429815292358,109.99586355686188
crack0044_04.png,-5.629702949523926,120.89481353759766,125.04019165039062,-4.145378112792969,118.01556396484375,112.11027526855469,5.9052886962890625,0.3108175992965698,0.26670804619789124,-0.04410955309867859,0.36049431562423706,0.3838326334953308,0.02333831787109375,0.3688417077064514,0.33482563495635986,-0.03401607275009155,0.5724952220916748,0.6037754416465759,-0.03128021955490112,0.1923048496246338,0.1923048496246338,131.1160374879837
crack0044_05.png,8.973524618148804,114.94986724853516,105.39801788330078,9.551849365234375,106.6354751586914,106.48873138427734,0.1467437744140625,0.2318275421857834,0.2363850176334381,0.004557475447654724,0.4283296465873718,0.4252845048904419,-0.0030451416969299316,0.3881186246871948,0.38100653886795044,-0.007112085819244385,0.5694156289100647,0.5914109945297241,-0.021995365619659424,0.24687610566616058,0.24687610566616058,119.92072981595993
crack0044_06.png,-5.095410442352295,105.71133422851562,106.8413314819336,-1.1299972534179688,109.97267150878906,113.77098846435547,-3.7983169555664062,0.23793867230415344,0.20439571142196655,-0.03354296088218689,0.3845977187156677,0.41441458463668823,0.029816865921020508,0.3632349371910095,0.3448634743690491,-0.01837146282196045,0.5715494155883789,0.5954325199127197,-0.02388310432434082,0.2074676901102066,0.2074676901102066,117.8298909664154
crack0044_07.png,1.666877794265747,105.181884765625,103.86665344238281,1.3152313232421875,114.38849639892578,112.4905014038086,1.8979949951171875,0.20038112998008728,0.20274443924427032,0.0023633092641830444,0.4545474052429199,0.4621310234069824,0.0075836181640625,0.41123294830322266,0.4006114602088928,-0.010621488094329834,0.569996178150177,0.5924952030181885,-0.022499024868011475,0.2580581307411194,0.2580581307411194,116.20120942592621
crack0044_08.png,-0.962671947479248,102.62140655517578,102.47370910644531,0.14769744873046875,112.8536605834961,111.34747314453125,1.5061874389648438,0.2534381151199341,0.2519991397857666,-0.0014389753341674805,0.4828071594238281,0.45855414867401123,-0.024253010749816895,0.4185248613357544,0.38915884494781494,-0.029366016387939453,0.5754978656768799,0.5911880135536194,-0.015690147876739502,0.2399924099445343,0.2399924099445343,111.07512998580933
crack0044_09.png,-8.051195049285889,110.21734619140625,118.32913970947266,-8.111793518066406,115.55632781982422,119.2521743774414,-3.6958465576171875,0.21100573241710663,0.2251444309949875,0.01413869857788086,0.4720469117164612,0.518582820892334,0.0465359091758728,0.4412781000137329,0.469948410987854,0.028670310974121094,0.565790057182312,0.6021299362182617,-0.03633987903594971,0.2708546221256256,0.2708546221256256,125.69809645414352
crack0045_00.png,-8.07658224105835,138.0286407470703,141.4252166748047,-3.396575927734375,113.27684783935547,120.09172058105469,-6.814872741699219,0.20108486711978912,0.2036314159631729,0.002546548843383789,0.20675665140151978,0.16731810569763184,-0.03943854570388794,0.3566165566444397,0.3198767304420471,-0.03673982620239258,0.5692349076271057,0.5837408900260925,-0.014505982398986816,0.11071042716503143,0.11071042716503143,151.01147228479385
crack0045_01.png,-0.44540944099426305,125.86965942382812,121.52315521240234,4.346504211425781,110.86518859863281,112.57640075683594,-1.711212158203125,0.20987120270729065,0.22082816064357758,0.010956957936286926,0.32431793212890625,0.22309774160385132,-0.10122019052505493,0.4064386487007141,0.34159988164901733,-0.06483876705169678,0.5673587322235107,0.5907381772994995,-0.02337944507598877,0.12907199561595917,0.12907199561595917,134.73366224765778
crack0045_02.png,-3.6189729213714603,133.92596435546875,136.69168090820312,-2.765716552734375,112.12366485595703,115.85403442382812,-3.7303695678710938,0.153530552983284,0.20503267645835876,0.05150212347507477,0.20043236017227173,0.13074374198913574,-0.06968861818313599,0.2873351573944092,0.24841821193695068,-0.038916945457458496,0.574928879737854,0.5922722220420837,-0.017343342304229736,0.14874225854873657,0.14874225854873657,149.78787833452225
crack0045_03.png,-1.9039440155029297,124.35966491699219,122.06499481201172,2.2946701049804688,115.27217102050781,119.04666137695312,-3.7744903564453125,0.19438683986663818,0.20539870858192444,0.011011868715286255,0.287353515625,0.21662527322769165,-0.07072824239730835,0.33638429641723633,0.29076439142227173,-0.0456199049949646,0.5730949640274048,0.5916109085083008,-0.018515944480895996,0.14713534712791443,0.14713534712791443,135.2135558128357
crack0045_04.png,-1.2180671215057366,117.19477844238281,107.09733581542969,10.097442626953125,109.6836929321289,112.18232727050781,-2.4986343383789062,0.18670202791690826,0.12627699971199036,-0.06042502820491791,0.3684844970703125,0.25662732124328613,-0.11185717582702637,0.42349421977996826,0.2698354721069336,-0.15365874767303467,0.5717915892601013,0.5969857573509216,-0.025194168090820312,0.13998082280158997,0.13998082280158997,128.4488674402237
crack0045_05.png,-6.227982854843139,125.04488372802734,127.69165802001953,-2.6467742919921875,109.36747741699219,111.76164245605469,-2.3941650390625,0.14650991559028625,0.13236872851848602,-0.014141187071800232,0.2765974998474121,0.25819945335388184,-0.018398046493530273,0.3605504035949707,0.29760897159576416,-0.06294143199920654,0.5679738521575928,0.5868819952011108,-0.018908143043518066,0.14807525277137756,0.14807525277137756,141.9014269709587
crack0045_06.png,9.374469423294068,124.6775131225586,118.1668472290039,6.5106658935546875,112.7203369140625,110.68220520019531,2.0381317138671875,0.184932678937912,0.22228150069713593,0.03734882175922394,0.2763604521751404,0.27103495597839355,-0.005325496196746826,0.3596459627151489,0.353382408618927,-0.006263554096221924,0.5708227753639221,0.5889811515808105,-0.018158376216888428,0.16703791916370392,0.16703791916370392,133.88546550273895
crack0045_07.png,-5.923603343963624,141.2855682373047,142.16111755371094,-0.87554931640625,110.39599609375,115.70677185058594,-5.3107757568359375,0.23520947992801666,0.2325812429189682,-0.002628237009048462,0.25244736671447754,0.2054675817489624,-0.04697978496551514,0.33174610137939453,0.2669588327407837,-0.06478726863861084,0.5662899017333984,0.5871472358703613,-0.02085733413696289,0.14006274938583374,0.14006274938583374,151.25435775518417
crack0045_08.png,-0.6463462829589843,123.69005584716797,122.88410186767578,0.8059539794921875,107.128662109375,110.004150390625,-2.87548828125,0.21700307726860046,0.22263512015342712,0.00563204288482666,0.3222352862358093,0.32012367248535156,-0.0021116137504577637,0.4257845878601074,0.40674078464508057,-0.019043803215026855,0.5680161714553833,0.5847212672233582,-0.016705095767974854,0.14428144693374634,0.14428144693374634,133.65574491024017
crack0045_09.png,-4.376159954071046,126.89689636230469,124.56277465820312,2.3341217041015625,112.70967102050781,119.292724609375,-6.5830535888671875,0.1985580325126648,0.1831704080104828,-0.015387624502182007,0.19741380214691162,0.14378660917282104,-0.053627192974090576,0.2608073949813843,0.2142663598060608,-0.046541035175323486,0.5732718110084534,0.5907958745956421,-0.01752406358718872,0.152633935213089,0.152633935213089,138.37144601345062
crack0046_00.png,19.15627040863037,99.42645263671875,72.47322082519531,26.953231811523438,114.28570556640625,119.91610717773438,-5.630401611328125,0.21973735094070435,0.1611078381538391,-0.058629512786865234,0.0,0.0,0.0,0.0,0.0,0.0,0.569500207901001,0.5908612012863159,-0.02136099338531494,0.10412738472223282,0.10412738472223282,99.91781449317932
crack0046_01.png,61.393111658096316,115.25281524658203,66.25955200195312,48.993263244628906,172.15060424804688,127.34548950195312,44.80511474609375,0.190471813082695,0.13896647095680237,-0.05150534212589264,0.0,0.0,0.0,0.0,0.0,0.0,0.5532295107841492,0.5882737636566162,-0.03504425287246704,0.12165742367506027,0.12165742367506027,105.94914591312408
crack0046_02.png,10.889650535583495,83.46350860595703,68.13134765625,15.332160949707031,124.14348602294922,127.80322265625,-3.6597366333007812,0.19619594514369965,0.16065876185894012,-0.03553718328475952,0.0,0.0,0.0,0.0,0.0,0.0,0.5815301537513733,0.5849211812019348,-0.0033910274505615234,0.11497074365615845,0.11497074365615845,89.5547496676445
crack0046_03.png,13.088121843338012,104.1651611328125,85.13065338134766,19.034507751464844,119.28865051269531,122.05952453613281,-2.7708740234375,0.22777973115444183,0.17699092626571655,-0.05078880488872528,0.0,0.0,0.0,0.0,0.0,0.0,0.5731949210166931,0.5925682187080383,-0.019373297691345215,0.12271523475646973,0.12271523475646973,107.73118042945862
crack0046_04.png,22.640938329696656,108.59468841552734,79.36478424072266,29.229904174804688,120.05119323730469,123.75572967529297,-3.7045364379882812,0.25067800283432007,0.19216926395893097,-0.0585087388753891,0.0,0.0,0.0,0.0,0.0,0.0,0.5744713544845581,0.5851326584815979,-0.010661303997039795,0.10470691323280334,0.10470691323280334,105.85488682985306
crack0046_05.png,-0.4203803539276123,106.80472564697266,96.29280853271484,10.511917114257812,118.21057891845703,125.02462005615234,-6.8140411376953125,0.27479425072669983,0.17386971414089203,-0.1009245365858078,0.0,0.0,0.0,0.0,0.0,0.0,0.5825682282447815,0.5858861804008484,-0.0033179521560668945,0.10732534527778625,0.10732534527778625,114.55203145742416
crack0046_06.png,11.782924079895018,90.55492401123047,69.05252838134766,21.502395629882812,123.49055480957031,138.6038360595703,-15.11328125,0.17414923012256622,0.13642679154872894,-0.03772243857383728,0.0,0.0,0.0,0.0,0.0,0.0,0.5699384808540344,0.5863475799560547,-0.016409099102020264,0.12525232136249542,0.12525232136249542,95.07202190160751
crack0046_07.png,12.562563371658324,88.41928100585938,73.73490142822266,14.684379577636719,116.8375473022461,120.37471771240234,-3.53717041015625,0.20572566986083984,0.2089918702840805,0.0032662004232406616,0.0,0.0,0.0,0.0,0.0,0.0,0.5725682377815247,0.5967743396759033,-0.024206101894378662,0.1058574765920639,0.1058574765920639,92.60452461242676
crack0046_08.png,19.223236751556396,91.65034484863281,69.7159194946289,21.934425354003906,116.32383728027344,119.22616577148438,-2.9023284912109375,0.18039606511592865,0.1672116369009018,-0.013184428215026855,0.0,0.0,0.0,0.0,0.0,0.0,0.5746943354606628,0.5870819091796875,-0.012387573719024658,0.10992326587438583,0.10992326587438583,94.13371032476425
crack0046_09.png,11.221252918243408,83.15185546875,68.0614013671875,15.0904541015625,114.6688232421875,125.20707702636719,-10.538253784179688,0.20490455627441406,0.21656453609466553,0.011659979820251465,0.0,0.0,0.0,0.0,0.0,0.0,0.5725451707839966,0.5872126221656799,-0.01466745138168335,0.11411724984645844,0.11411724984645844,86.8008599281311
crack0047_00.png,-1.8287314891815187,140.11412048339844,142.80751037597656,-2.693389892578125,108.29975891113281,108.5360107421875,-0.2362518310546875,0.25712907314300537,0.24668844044208527,-0.010440632700920105,0.08182668685913086,0.13433784246444702,0.05251115560531616,0.23852938413619995,0.2836403250694275,0.04511094093322754,0.5746558904647827,0.5823068022727966,-0.007650911808013916,0.1107284277677536,0.1107284277677536,149.95178109407425
crack0047_01.png,-5.918846130371094,150.03660583496094,154.08804321289062,-4.0514373779296875,109.01240539550781,110.89991760253906,-1.88751220703125,0.2729906141757965,0.25795742869377136,-0.015033185482025146,0.2666149139404297,0.2879100441932678,0.021295130252838135,0.4156986474990845,0.4321894645690918,0.016490817070007324,0.5656516551971436,0.584690511226654,-0.019038856029510498,0.11977816373109818,0.11977816373109818,159.97249925136566
crack0047_02.png,0.5882805347442628,158.3983612060547,159.4236297607422,-1.0252685546875,116.41067504882812,113.07725524902344,3.3334197998046875,0.24942605197429657,0.23204126954078674,-0.017384782433509827,0.09411638975143433,0.14690548181533813,0.05278909206390381,0.31035691499710083,0.3153769373893738,0.005020022392272949,0.5756977796554565,0.5867127776145935,-0.011014997959136963,0.11401143670082092,0.11401143670082092,168.45703041553497
crack0047_03.png,-12.314670991897582,147.25042724609375,156.52207946777344,-9.271652221679688,107.06333923339844,110.57771301269531,-3.514373779296875,0.23626622557640076,0.21454282104969025,-0.02172340452671051,0.14502274990081787,0.17040979862213135,0.025387048721313477,0.3197457194328308,0.3359312415122986,0.016185522079467773,0.5636178255081177,0.5864897966384888,-0.022871971130371094,0.10558788478374481,0.10558788478374481,162.47327595949173
crack0047_04.png,7.071800041198731,154.99546813964844,150.54505920410156,4.450408935546875,125.2759780883789,119.49992370605469,5.776054382324219,0.27056559920310974,0.2649494707584381,-0.005616128444671631,0.0,0.030640482902526855,0.030640482902526855,0.23903495073318481,0.24231231212615967,0.0032773613929748535,0.574755847454071,0.5863898396492004,-0.011633992195129395,0.10666801035404205,0.10666801035404205,160.32888901233673
crack0047_05.png,-3.1635103702545164,152.5135498046875,157.0353240966797,-4.5217742919921875,108.0537109375,111.10237121582031,-3.0486602783203125,0.19441477954387665,0.2349848449230194,0.04057006537914276,0.0904194712638855,0.09076213836669922,0.0003426671028137207,0.1923532485961914,0.24224913120269775,0.04989588260650635,0.5676893591880798,0.5847289562225342,-0.017039597034454346,0.09991727769374847,0.09991727769374847,166.49870842695236
crack0047_06.png,-9.176994228363037,155.54910278320312,161.6171875,-6.068084716796875,108.66334533691406,112.87379455566406,-4.21044921875,0.22433313727378845,0.19821101427078247,-0.02612212300300598,0.16184449195861816,0.19614064693450928,0.03429615497589111,0.3461148142814636,0.367542564868927,0.02142775058746338,0.5707497000694275,0.5884198546409607,-0.017670154571533203,0.10161793231964111,0.10161793231964111,170.22727847099304
crack0047_07.png,3.605442523956299,143.31851196289062,141.6376190185547,1.6808929443359375,106.62725067138672,107.8222427368164,-1.1949920654296875,0.24384081363677979,0.28404685854911804,0.04020604491233826,0.08780670166015625,0.08557826280593872,-0.0022284388542175293,0.27080684900283813,0.3261299729347229,0.055323123931884766,0.5698423385620117,0.5879623293876648,-0.018119990825653076,0.10719369351863861,0.10719369351863861,151.36610984802246
crack0047_08.png,-17.343028926849364,142.58944702148438,154.0335693359375,-11.444122314453125,117.59956359863281,121.1025390625,-3.5029754638671875,0.22182849049568176,0.20596078038215637,-0.01586771011352539,0.3278524875640869,0.2635732889175415,-0.06427919864654541,0.37476688623428345,0.36631375551223755,-0.008453130722045898,0.5705344080924988,0.5869626998901367,-0.01642829179763794,0.10761433839797974,0.10761433839797974,159.43236935138702
crack0047_09.png,-15.684756565093995,149.20767211914062,160.73963928222656,-11.531967163085938,122.58610534667969,124.06509399414062,-1.4789886474609375,0.25835394859313965,0.17953410744667053,-0.07881984114646912,0.15226024389266968,0.2433575987815857,0.09109735488891602,0.3683377504348755,0.3930015563964844,0.024663805961608887,0.5684967041015625,0.5909842252731323,-0.022487521171569824,0.10535380989313126,0.10535380989313126,167.84097826480865
crack0048_00.png,4.766847610473633,90.8619155883789,78.57706451416016,12.28485107421875,114.03079986572266,118.34419250488281,-4.313392639160156,0.1930650919675827,0.17384229600429535,-0.019222795963287354,0.08710873126983643,0.0,-0.08710873126983643,0.19302749633789062,0.07500231266021729,-0.11802518367767334,0.5708535313606262,0.5901153683662415,-0.019261837005615234,0.13731983304023743,0.13731983304023743,97.89356702566147
crack0048_01.png,12.67759690284729,86.45542907714844,71.23920440673828,15.216224670410156,108.36348724365234,114.12537384033203,-5.7618865966796875,0.1572340875864029,0.16464707255363464,0.0074129849672317505,0.0,0.0,0.0,0.08745872974395752,0.03930401802062988,-0.04815471172332764,0.5677662491798401,0.5884390473365784,-0.02067279815673828,0.11340188980102539,0.11340188980102539,92.95083338022232
crack0048_02.png,3.8627820014953613,89.31290435791016,76.60173034667969,12.711174011230469,112.5897216796875,115.74081420898438,-3.151092529296875,0.19750283658504486,0.17970751225948334,-0.017795324325561523,0.12997907400131226,0.0,-0.12997907400131226,0.23980754613876343,0.062308430671691895,-0.17749911546707153,0.5678431391716003,0.591972291469574,-0.024129152297973633,0.1475643515586853,0.1475643515586853,95.85375827550888
crack0048_03.png,55.54331474304199,120.66250610351562,74.54656219482422,46.115943908691406,153.3419189453125,120.40190124511719,32.94001770019531,0.2142729014158249,0.18331269919872284,-0.03096020221710205,0.0,0.0,0.0,0.0,0.03816193342208862,0.03816193342208862,0.561630129814148,0.5934256315231323,-0.031795501708984375,0.1343851387500763,0.1343851387500763,110.34279745817184
crack0048_04.png,11.675817394256592,83.16409301757812,69.02971649169922,14.134376525878906,110.28213500976562,116.13996887207031,-5.8578338623046875,0.17039528489112854,0.17998668551445007,0.009591400623321533,0.0,0.0,0.0,0.13267570734024048,0.0759814977645874,-0.056694209575653076,0.5706920623779297,0.5927605032920837,-0.022068440914154053,0.11356669664382935,0.11356669664382935,89.58360779285431
crack0048_05.png,3.911827325820923,82.05339813232422,73.5247573852539,8.528640747070312,116.90432739257812,126.61105346679688,-9.70672607421875,0.1632184237241745,0.17222872376441956,0.009010300040245056,0.01351320743560791,0.0,-0.01351320743560791,0.09098118543624878,0.0,-0.09098118543624878,0.5722106695175171,0.5950711369514465,-0.022860467433929443,0.10281916707754135,0.10281916707754135,91.79881781339645
crack0048_06.png,25.0019287109375,88.54727935791016,62.05380630493164,26.493473052978516,131.77105712890625,118.32781982421875,13.4432373046875,0.21589277684688568,0.15923194587230682,-0.05666083097457886,0.038126349449157715,0.0,-0.038126349449157715,0.18332767486572266,0.02517324686050415,-0.1581544280052185,0.5719646215438843,0.5922375917434692,-0.02027297019958496,0.13001374900341034,0.13001374900341034,89.43612974882126
crack0048_07.png,20.34555287361145,95.10427856445312,74.68807983398438,20.41619873046875,113.75282287597656,114.66326904296875,-0.9104461669921875,0.1408098191022873,0.1635848581790924,0.022775039076805115,0.022017955780029297,0.0,-0.022017955780029297,0.1498393416404724,0.026535093784332275,-0.12330424785614014,0.5695732235908508,0.5857670307159424,-0.016193807125091553,0.11123140156269073,0.11123140156269073,99.87827128171921
crack0048_08.png,14.696499347686768,76.70004272460938,55.89511489868164,20.804927825927734,107.46356201171875,113.54129028320312,-6.077728271484375,0.18060703575611115,0.1470835953950882,-0.03352344036102295,0.0,0.0,0.0,0.05811023712158203,0.01658785343170166,-0.04152238368988037,0.564379096031189,0.5892656445503235,-0.02488654851913452,0.11305082589387894,0.11305082589387894,81.04318886995316
crack0048_09.png,-0.002223300933837713,80.7051773071289,74.60291290283203,6.102264404296875,106.07786560058594,110.92271423339844,-4.8448486328125,0.17027616500854492,0.17050397396087646,0.00022780895233154297,0.24506813287734985,0.1703450083732605,-0.07472312450408936,0.32812464237213135,0.26744288206100464,-0.06068176031112671,0.568846583366394,0.5987427830696106,-0.029896199703216553,0.15551979839801788,0.15551979839801788,91.3871865272522
crack0049_00.png,16.004622364044188,101.25506591796875,85.58258819580078,15.672477722167969,110.33799743652344,113.04107666015625,-2.7030792236328125,0.3307410180568695,0.3687005043029785,0.03795948624610901,0.26287537813186646,0.24211394786834717,-0.020761430263519287,0.25368475914001465,0.2142466902732849,-0.039438068866729736,0.5679661631584167,0.5877892971038818,-0.019823133945465088,0.11142250150442123,0.11142250150442123,97.08593785762787
crack0049_01.png,7.807000541687012,96.81659698486328,84.6484146118164,12.168182373046875,110.97035217285156,114.03399658203125,-3.0636444091796875,0.31059950590133667,0.27608340978622437,-0.034516096115112305,0.28785568475723267,0.2930353283882141,0.005179643630981445,0.28748977184295654,0.2578907012939453,-0.02959907054901123,0.5716570615768433,0.5861976146697998,-0.014540553092956543,0.13197965919971466,0.13197965919971466,97.61540579795837
crack0049_02.png,2.7985889434814446,102.20838928222656,96.6670150756836,5.541374206542969,112.91266632080078,118.68589782714844,-5.773231506347656,0.25020092725753784,0.27739161252975464,0.027190685272216797,0.28199243545532227,0.2504799962043762,-0.031512439250946045,0.22153019905090332,0.2324339747428894,0.010903775691986084,0.5675125122070312,0.6012187600135803,-0.03370624780654907,0.1097642108798027,0.1097642108798027,108.47439694404602
crack0049_03.png,28.59872760772705,94.05925750732422,69.59500885009766,24.464248657226562,108.49913787841797,103.05062866210938,5.448509216308594,0.3381913900375366,0.33244261145591736,-0.005748778581619263,0.23750656843185425,0.3123946189880371,0.07488805055618286,0.25303804874420166,0.24364209175109863,-0.009395956993103027,0.5722452998161316,0.5867589116096497,-0.014513611793518066,0.11725929379463196,0.11725929379463196,85.35093295574188
crack0049_04.png,1.9937038898468016,101.21883392333984,98.91337585449219,2.3054580688476562,119.3194580078125,117.72152709960938,1.597930908203125,0.24293483793735504,0.252450168132782,0.009515330195426941,0.2733157277107239,0.2606695294380188,-0.012646198272705078,0.28183966875076294,0.22071325778961182,-0.06112641096115112,0.5682660341262817,0.5984236598014832,-0.030157625675201416,0.13694436848163605,0.13694436848163605,109.42696100473404
crack0049_05.png,11.533492374420167,92.14746856689453,77.50333404541016,14.644134521484375,110.25355529785156,110.53695678710938,-0.2834014892578125,0.2948044538497925,0.2767956256866455,-0.018008828163146973,0.232261061668396,0.21513450145721436,-0.01712656021118164,0.19851386547088623,0.15015089511871338,-0.04836297035217285,0.5696501135826111,0.5914379358291626,-0.021787822246551514,0.1096375361084938,0.1096375361084938,91.87518119812012
crack0049_06.png,4.5920368194580075,99.67375946044922,91.71162414550781,7.962135314941406,117.44796752929688,122.70379638671875,-5.255828857421875,0.2651112377643585,0.2540387511253357,-0.011072486639022827,0.23610907793045044,0.2468135952949524,0.010704517364501953,0.16324907541275024,0.1984543800354004,0.035205304622650146,0.5722529888153076,0.5925067067146301,-0.02025371789932251,0.10785672068595886,0.10785672068595886,104.15063500404358
crack0049_07.png,12.710381746292114,104.73408508300781,89.96746826171875,14.766616821289062,115.36516571044922,121.14653015136719,-5.781364440917969,0.26096010208129883,0.23337401449680328,-0.027586087584495544,0.1640256643295288,0.2513303756713867,0.08730471134185791,0.21435678005218506,0.22813010215759277,0.013773322105407715,0.5658669471740723,0.5915917158126831,-0.02572476863861084,0.11036068201065063,0.11036068201065063,107.01200443506241
crack0049_08.png,21.130798816680908,97.1689453125,77.10704040527344,20.061904907226562,110.25711059570312,113.15879821777344,-2.9016876220703125,0.3460131883621216,0.34969502687454224,0.0036818385124206543,0.24769693613052368,0.3259109854698181,0.07821404933929443,0.2188841700553894,0.22066378593444824,0.0017796158790588379,0.5620953440666199,0.5919338464736938,-0.029838502407073975,0.10781364142894745,0.10781364142894745,90.05455541610718
crack0049_09.png,13.596395015716553,96.51165008544922,87.52967071533203,8.981979370117188,117.15971374511719,120.7038345336914,-3.5441207885742188,0.20312446355819702,0.25063174962997437,0.047507286071777344,0.06530958414077759,0.1426883339881897,0.07737874984741211,0.16252946853637695,0.16363149881362915,0.0011020302772521973,0.5685928463935852,0.5901845693588257,-0.02159172296524048,0.1086392030119896,0.1086392030119896,103.44057536125183
crack0050_00.png,32.73569684028625,94.40097045898438,72.7636489868164,21.63732147216797,103.25418090820312,105.60568237304688,-2.35150146484375,0.1793239563703537,0.2294243574142456,0.05010040104389191,0.08759886026382446,0.30595797300338745,0.218359112739563,0.21578121185302734,0.34928178787231445,0.1335005760192871,0.5675894021987915,0.5851749181747437,-0.01758551597595215,0.1108076348900795,0.1108076348900795,96.22986906766891
crack0050_01.png,13.485745429992676,78.32054901123047,63.414241790771484,14.906307220458984,104.1374740600586,105.01702880859375,-0.8795547485351562,0.18902383744716644,0.1532932072877884,-0.03573063015937805,0.23056930303573608,0.2950083017349243,0.06443899869918823,0.27197903394699097,0.254164457321167,-0.017814576625823975,0.5714494585990906,0.5911456942558289,-0.01969623565673828,0.1152789369225502,0.1152789369225502,85.31563073396683
crack0050_02.png,5.063676261901856,80.83641815185547,72.21497344970703,8.621444702148438,106.37372589111328,110.50987243652344,-4.136146545410156,0.17217311263084412,0.23306804895401,0.060894936323165894,0.24950718879699707,0.09917724132537842,-0.15032994747161865,0.26021838188171387,0.1401492953300476,-0.12006908655166626,0.5751326680183411,0.5941753387451172,-0.019042670726776123,0.13868296146392822,0.13868296146392822,89.96232259273529
crack0050_03.png,6.502476453781128,82.9681625366211,73.94373321533203,9.024429321289062,106.42340087890625,105.71951293945312,0.703887939453125,0.17944085597991943,0.18955953419208527,0.010118678212165833,0.2961319088935852,0.2257453203201294,-0.07038658857345581,0.31007981300354004,0.21931397914886475,-0.09076583385467529,0.570792019367218,0.5907304883003235,-0.01993846893310547,0.14475572109222412,0.14475572109222412,91.31871604919434
crack0050_04.png,34.05677900314331,108.31535339355469,80.69486999511719,27.6204833984375,108.78645324707031,107.95089721679688,0.8355560302734375,0.16106490790843964,0.21010513603687286,0.04904022812843323,0.3039017915725708,0.3865430951118469,0.08264130353927612,0.23293685913085938,0.27162742614746094,0.03869056701660156,0.5630910992622375,0.5912610292434692,-0.02816992998123169,0.13502147793769836,0.13502147793769836,108.49165838956833
crack0050_05.png,19.248066091537474,88.57293701171875,72.27024841308594,16.302688598632812,109.12664794921875,107.18373107910156,1.9429168701171875,0.16549421846866608,0.169569194316864,0.004074975848197937,0.22652530670166016,0.2951911687850952,0.06866586208343506,0.29096758365631104,0.2928895354270935,0.0019219517707824707,0.5672241449356079,0.5898346900939941,-0.02261054515838623,0.12250868231058121,0.12250868231058121,94.08532720804214
crack0050_06.png,10.612030744552612,77.115478515625,70.12770080566406,6.9877777099609375,108.4129638671875,113.32549285888672,-4.912528991699219,0.2104879468679428,0.22838681936264038,0.01789887249469757,0.14568620920181274,0.2715270519256592,0.12584084272384644,0.24139666557312012,0.29344820976257324,0.052051544189453125,0.5714648365974426,0.5933718085289001,-0.02190697193145752,0.15184777975082397,0.15184777975082397,84.72718518972397
crack0050_07.png,22.977633666992187,86.96729278564453,67.08894348144531,19.87834930419922,107.41239929199219,105.85115051269531,1.561248779296875,0.17079679667949677,0.14814753830432892,-0.022649258375167847,0.2221297025680542,0.34494948387145996,0.12281978130340576,0.23591691255569458,0.3085983395576477,0.07268142700195312,0.5726413130760193,0.5882929563522339,-0.0156516432762146,0.1306588351726532,0.1306588351726532,91.67098408937454
crack0050_08.png,19.423571729660033,91.45181274414062,76.42456817626953,15.027244567871094,106.08277893066406,106.3250732421875,-0.2422943115234375,0.16787287592887878,0.1736174374818802,0.005744561553001404,0.14530491828918457,0.2662929892539978,0.12098807096481323,0.25522083044052124,0.29589933156967163,0.04067850112915039,0.5726336240768433,0.5927796959877014,-0.020146071910858154,0.13882854580879211,0.13882854580879211,97.57700574398041
crack0050_09.png,20.46803274154663,85.69556427001953,67.40257263183594,18.292991638183594,105.60867309570312,107.37135314941406,-1.7626800537109375,0.1626545637845993,0.17874754965305328,0.01609298586845398,0.0,0.060393571853637695,0.060393571853637695,0.09925490617752075,0.07608973979949951,-0.02316516637802124,0.5693963766098022,0.5899730920791626,-0.02057671546936035,0.12091895937919617,0.12091895937919617,90.38871830701828
crack0051_00.png,26.050852012634277,105.50975799560547,92.66561889648438,12.844139099121094,113.8988037109375,113.74700927734375,0.15179443359375,0.3349369168281555,0.3472028374671936,0.012265920639038086,0.003990828990936279,0.32642102241516113,0.32243019342422485,0.21150022745132446,0.3389126658439636,0.12741243839263916,0.5724875330924988,0.5907996892929077,-0.018312156200408936,0.1594030112028122,0.1594030112028122,102.6234610080719
crack0051_01.png,11.601087856292725,106.6283950805664,97.48656463623047,9.141830444335938,111.96654510498047,112.10296630859375,-0.13642120361328125,0.3076542019844055,0.32215481996536255,0.014500617980957031,0.34150421619415283,0.3936108350753784,0.052106618881225586,0.3785289525985718,0.41486161947250366,0.036332666873931885,0.5701922178268433,0.5884544253349304,-0.018262207508087158,0.17284634709358215,0.17284634709358215,107.13640475273132
crack0051_02.png,12.014001655578614,100.34503936767578,88.34906768798828,11.9959716796875,117.92041015625,117.28816986083984,0.6322402954101562,0.26924756169319153,0.3011106550693512,0.03186309337615967,0.19810742139816284,0.14187747240066528,-0.05622994899749756,0.19351357221603394,0.16127318143844604,-0.03224039077758789,0.5726105570793152,0.5859784483909607,-0.013367891311645508,0.14524365961551666,0.14524365961551666,101.63133776187897
crack0051_03.png,16.669264698028563,111.5782241821289,99.91876220703125,11.659461975097656,106.11680603027344,107.23983764648438,-1.1230316162109375,0.3457920253276825,0.306353896856308,-0.03943812847137451,0.0,0.23191064596176147,0.23191064596176147,0.10591936111450195,0.25484806299209595,0.148928701877594,0.5687889456748962,0.5853479504585266,-0.01655900478363037,0.13314928114414215,0.13314928114414215,110.78117740154266
crack0051_04.png,32.16613736152649,111.01947021484375,90.17933654785156,20.840133666992188,122.86943054199219,111.82804107666016,11.041389465332031,0.18798117339611053,0.33065545558929443,0.1426742821931839,0.20730501413345337,0.1143120527267456,-0.09299296140670776,0.2594507932662964,0.22341668605804443,-0.03603410720825195,0.5734871029853821,0.5931065082550049,-0.019619405269622803,0.1553853452205658,0.1553853452205658,113.04479330778122
crack0051_05.png,45.71879844665527,109.1244888305664,81.68399047851562,27.44049835205078,111.8074951171875,104.34881591796875,7.45867919921875,0.3147755563259125,0.32501715421676636,0.010241597890853882,0.0,0.37895017862319946,0.37895017862319946,0.1833716630935669,0.37009429931640625,0.18672263622283936,0.574944257736206,0.5920069217681885,-0.017062664031982422,0.1448998749256134,0.1448998749256134,100.1979831457138
crack0051_06.png,-1.1795807838439942,86.03800201416016,87.78146362304688,-1.7434616088867188,110.58360290527344,112.18621826171875,-1.6026153564453125,0.3321942687034607,0.34217897057533264,0.009984701871871948,0.30887705087661743,0.33680087327957153,0.0279238224029541,0.2796386480331421,0.32812070846557617,0.04848206043243408,0.5689427256584167,0.5867127776145935,-0.017770051956176758,0.1549270749092102,0.1549270749092102,90.44658780097961
crack0051_07.png,-24.292599391937255,113.08162689208984,128.7218780517578,-15.640251159667969,118.9600830078125,136.02777099609375,-17.06768798828125,0.35045164823532104,0.28324297070503235,-0.0672086775302887,0.03539073467254639,0.15403789281845093,0.11864715814590454,0.233850359916687,0.26482445001602173,0.030974090099334717,0.5687696933746338,0.5986313223838806,-0.029861629009246826,0.18831858038902283,0.18831858038902283,127.85242712497711
crack0051_08.png,11.2620379447937,103.16793823242188,95.3050537109375,7.862884521484375,113.73597717285156,116.18119049072266,-2.4452133178710938,0.3499008119106293,0.3731151223182678,0.02321431040763855,0.0,0.08266401290893555,0.08266401290893555,0.1884174346923828,0.1812441349029541,-0.007173299789428711,0.5707112550735474,0.5903729200363159,-0.019661664962768555,0.17483831942081451,0.17483831942081451,101.85736405849457
crack0051_09.png,9.254569149017334,112.36137390136719,100.82261657714844,11.53875732421875,108.48173522949219,112.30182647705078,-3.8200912475585938,0.3634282648563385,0.2768603563308716,-0.08656790852546692,0.12344443798065186,0.2921900749206543,0.16874563694000244,0.23287010192871094,0.323921799659729,0.09105169773101807,0.5725721120834351,0.5870857238769531,-0.014513611793518066,0.14525684714317322,0.14525684714317322,113.46380281448364
crack0052_00.png,-19.978309154510498,95.49193572998047,116.17820739746094,-20.68627166748047,128.8907470703125,124.46245574951172,4.428291320800781,0.18894118070602417,0.21833088994026184,0.02938970923423767,0.10705530643463135,0.039020001888275146,-0.0680353045463562,0.13028347492218018,0.10741990804672241,-0.022863566875457764,0.5748289227485657,0.5921568870544434,-0.017327964305877686,0.1221269890666008,0.1221269890666008,118.18487620353699
crack0052_01.png,-25.662049865722658,96.02605438232422,119.60258483886719,-23.57653045654297,126.54046630859375,127.20924377441406,-0.6687774658203125,0.2051626592874527,0.18079142272472382,-0.024371236562728882,0.0019397735595703125,0.030726075172424316,0.028786301612854004,0.2483363151550293,0.19264477491378784,-0.055691540241241455,0.5693771839141846,0.5948712229728699,-0.025494039058685303,0.13129542768001556,0.13129542768001556,120.76168316602707
crack0052_02.png,-3.526504230499267,115.93861389160156,125.876708984375,-9.938095092773438,134.7750701904297,125.19862365722656,9.576446533203125,0.16804669797420502,0.21242393553256989,0.04437723755836487,0.0,0.0,0.0,0.0,0.0,0.0,0.575055718421936,0.5992848873138428,-0.02422916889190674,0.10013425350189209,0.10013425350189209,134.7962550520897
crack0052_03.png,-38.532605504989625,104.38123321533203,147.4786376953125,-43.09740447998047,135.8485870361328,145.76808166503906,-9.91949462890625,0.15000785887241364,0.263716459274292,0.11370860040187836,0.0,0.0,0.0,0.0,0.0,0.0,0.5804344415664673,0.5945367217063904,-0.014102280139923096,0.11207370460033417,0.11207370460033417,140.71093279123306
crack0052_04.png,-29.139317512512207,108.33807373046875,144.16610717773438,-35.828033447265625,138.99461364746094,136.46234130859375,2.5322723388671875,0.1438630372285843,0.2286110669374466,0.0847480297088623,0.0,0.0,0.0,0.0,0.0,0.0,0.5695617198944092,0.5971626043319702,-0.027600884437561035,0.10266714543104172,0.10266714543104172,141.5068123936653
crack0052_05.png,-20.272065258026124,92.68229675292969,115.87519836425781,-23.192901611328125,123.38178253173828,122.63008117675781,0.7517013549804688,0.1847279667854309,0.19965055584907532,0.01492258906364441,0.0433688759803772,0.1003117561340332,0.056942880153656006,0.18685942888259888,0.1339600682258606,-0.05289936065673828,0.5736485719680786,0.5949327349662781,-0.021284162998199463,0.11142157763242722,0.11142157763242722,116.99237895011902
crack0052_06.png,-24.833196020126344,104.10255432128906,122.51134490966797,-18.408790588378906,118.12950897216797,121.16084289550781,-3.0313339233398438,0.1996757835149765,0.17822539806365967,-0.021450385451316833,0.06934911012649536,0.0,-0.06934911012649536,0.23620963096618652,0.09155303239822388,-0.14465659856796265,0.573660135269165,0.5917070508003235,-0.018046915531158447,0.11059202998876572,0.11059202998876572,126.28170776367188
crack0052_07.png,-4.339579057693481,104.95382690429688,119.94774627685547,-14.993919372558594,133.8197021484375,123.75367736816406,10.066024780273438,0.15916340053081512,0.26902279257774353,0.1098593920469284,0.03017580509185791,0.0,-0.03017580509185791,0.1419658064842224,0.058027565479278564,-0.08393824100494385,0.5717915892601013,0.5956363081932068,-0.02384471893310547,0.1146358922123909,0.1146358922123909,126.72643488645554
crack0052_08.png,-28.900023031234742,108.86206817626953,135.9668426513672,-27.104774475097656,123.14732360839844,126.21601104736328,-3.0686874389648438,0.19337619841098785,0.19091752171516418,-0.0024586766958236694,0.05990242958068848,0.07333213090896606,0.013429701328277588,0.2646780014038086,0.1897793412208557,-0.07489866018295288,0.5742983222007751,0.5970050096511841,-0.022706687450408936,0.11571667343378067,0.11571667343378067,134.83960449695587
crack0052_09.png,-19.194239807128906,100.92681121826172,120.31082916259766,-19.384017944335938,126.81732940673828,126.5630874633789,0.254241943359375,0.18007418513298035,0.1888972520828247,0.00882306694984436,0.0,0.0,0.0,0.13987994194030762,0.09186899662017822,-0.048010945320129395,0.5774548053741455,0.5928989052772522,-0.01544409990310669,0.12004446983337402,0.12004446983337402,123.53032529354095
crack0053_00.png,-5.322088956832886,109.99421691894531,105.12303161621094,4.871185302734375,124.29027557373047,127.50984191894531,-3.2195663452148438,0.2464592605829239,0.25386565923690796,0.00740639865398407,0.31109583377838135,0.10097098350524902,-0.21012485027313232,0.31737852096557617,0.16470718383789062,-0.15267133712768555,0.5664167404174805,0.5937408804893494,-0.027324140071868896,0.1913907825946808,0.1913907825946808,116.52070385217667
crack0053_01.png,8.286624717712403,99.9469223022461,83.47288513183594,16.474037170410156,119.18215942382812,118.33438873291016,0.8477706909179688,0.29999133944511414,0.3231350779533386,0.023143738508224487,0.2576535940170288,0.016811370849609375,-0.24084222316741943,0.2931084632873535,0.19709277153015137,-0.09601569175720215,0.5728450417518616,0.5914533138275146,-0.018608272075653076,0.13689425587654114,0.13689425587654114,97.36855590343475
crack0053_02.png,3.18388032913208,113.59358978271484,107.32343292236328,6.2701568603515625,124.96073913574219,128.2561798095703,-3.295440673828125,0.2770703434944153,0.25535324215888977,-0.021717101335525513,0.35422778129577637,0.3772003650665283,0.022972583770751953,0.3400304317474365,0.35282349586486816,0.01279306411743164,0.5661091804504395,0.5898500680923462,-0.02374088764190674,0.17864513397216797,0.17864513397216797,118.73131954669952
crack0053_03.png,-45.17849197387695,121.49335479736328,152.2771453857422,-30.783790588378906,126.50636291503906,151.74525451660156,-25.2388916015625,0.20238962769508362,0.24044662714004517,0.03805699944496155,0.2872563600540161,0.12709319591522217,-0.16016316413879395,0.2715327739715576,0.13813012838363647,-0.13340264558792114,0.5700346231460571,0.5934640765190125,-0.023429453372955322,0.17171522974967957,0.17171522974967957,148.48043549060822
crack0053_04.png,8.430570840835571,121.6344985961914,115.1913833618164,6.443115234375,125.1473388671875,123.23686218261719,1.9104766845703125,0.18801455199718475,0.1968449354171753,0.00883038341999054,0.2734740376472473,0.3120003938674927,0.03852635622024536,0.2455018162727356,0.24728119373321533,0.0017793774604797363,0.5688965916633606,0.5945020914077759,-0.025605499744415283,0.1452067792415619,0.1452067792415619,130.91215151548386
crack0053_05.png,-44.37507362365723,119.72750854492188,156.78091430664062,-37.05340576171875,149.39599609375,147.30734252929688,2.088653564453125,0.2280571609735489,0.1294638067483902,-0.09859335422515869,0.21461081504821777,0.24686968326568604,0.03225886821746826,0.14022666215896606,0.14340358972549438,0.0031769275665283203,0.5587389469146729,0.5977393388748169,-0.03900039196014404,0.13138458132743835,0.13138458132743835,154.3959565758705
crack0053_06.png,24.45479736328125,133.8656463623047,115.87814331054688,17.987503051757812,138.94921875,126.08279418945312,12.866424560546875,0.25928643345832825,0.27241507172584534,0.01312863826751709,0.17029982805252075,0.19426172971725464,0.023961901664733887,0.16035574674606323,0.18596023321151733,0.0256044864654541,0.5744175314903259,0.5916185975074768,-0.01720106601715088,0.15551286935806274,0.15551286935806274,132.97945272922516
crack0053_07.png,15.471801853179933,116.73876190185547,103.2205581665039,13.518203735351562,121.03355407714844,120.5687484741211,0.46480560302734375,0.28346893191337585,0.2974499762058258,0.013981044292449951,0.29261207580566406,0.3356277346611023,0.04301565885543823,0.264856219291687,0.26385658979415894,-0.0009996294975280762,0.5652633309364319,0.5920491814613342,-0.026785850524902344,0.1654158979654312,0.1654158979654312,116.6534913778305
crack0053_08.png,8.48407335281372,107.15008544921875,93.36998748779297,13.780097961425781,112.98724365234375,120.57981872558594,-7.5925750732421875,0.28331458568573,0.24989986419677734,-0.03341472148895264,0.28157955408096313,0.31148046255111694,0.02990090847015381,0.2739199995994568,0.2558988928794861,-0.018021106719970703,0.5725874900817871,0.5921338200569153,-0.019546329975128174,0.1532180905342102,0.1532180905342102,108.95139741897583
crack0053_09.png,37.50030908584595,122.65442657470703,97.52556610107422,25.128860473632812,149.1653594970703,123.7136001586914,25.451759338378906,0.22259312868118286,0.25163936614990234,0.029046237468719482,0.08252596855163574,0.11577266454696655,0.03324669599533081,0.11685913801193237,0.23181146383285522,0.11495232582092285,0.560376763343811,0.5969473123550415,-0.03657054901123047,0.1429348587989807,0.1429348587989807,120.61230111122131
crack0054_00.png,-13.492805194854736,90.57713317871094,96.51084899902344,-5.9337158203125,104.8678970336914,107.92973327636719,-3.0618362426757812,0.3108476400375366,0.27276334166526794,-0.03808429837226868,0.4459719657897949,0.38104045391082764,-0.06493151187896729,0.44509315490722656,0.40572309494018555,-0.039370059967041016,0.5632026195526123,0.5804613828659058,-0.017258763313293457,0.1471952199935913,0.1471952199935913,100.39664590358734
crack0054_01.png,-7.879511070251464,94.89476013183594,105.01852416992188,-10.123764038085938,110.72250366210938,112.06745910644531,-1.3449554443359375,0.2721039354801178,0.30049222707748413,0.028388291597366333,0.4144800901412964,0.4399890899658203,0.025508999824523926,0.4057244658470154,0.4277196526527405,0.021995186805725098,0.5706920623779297,0.5834217667579651,-0.0127297043800354,0.21398842334747314,0.21398842334747314,106.96727669239044
crack0054_02.png,-15.047663116455078,79.50309753417969,90.48274993896484,-10.979652404785156,104.05123901367188,106.32489013671875,-2.273651123046875,0.23284809291362762,0.1885736733675003,-0.04427441954612732,0.4598875045776367,0.47970712184906006,0.01981961727142334,0.39922088384628296,0.4247329831123352,0.025512099266052246,0.5701192021369934,0.5803537368774414,-0.010234534740447998,0.17496246099472046,0.17496246099472046,96.8926528096199
crack0054_03.png,-9.997505855560302,84.70760345458984,91.388671875,-6.681068420410156,102.82844543457031,101.43421936035156,1.39422607421875,0.3012528717517853,0.290096640586853,-0.011156231164932251,0.4437657594680786,0.38688743114471436,-0.05687832832336426,0.45507538318634033,0.4225546717643738,-0.03252071142196655,0.5664975047111511,0.5841599106788635,-0.017662405967712402,0.1450170874595642,0.1450170874595642,94.00873565673828
crack0054_04.png,-14.319878959655762,91.28109741210938,102.31953430175781,-11.038436889648438,101.46189880371094,105.874755859375,-4.4128570556640625,0.22166693210601807,0.2069436013698578,-0.014723330736160278,0.4935758113861084,0.5070180892944336,0.013442277908325195,0.4435293674468994,0.45534735918045044,0.011817991733551025,0.5673125982284546,0.5892156958580017,-0.02190309762954712,0.21593201160430908,0.21593201160430908,107.9523276090622
crack0054_05.png,-16.539274406433105,90.04629516601562,101.69660949707031,-11.650314331054688,110.29576110839844,110.1070556640625,0.1887054443359375,0.2746403217315674,0.23128163814544678,-0.043358683586120605,0.4733479619026184,0.460448682308197,-0.012899279594421387,0.45766520500183105,0.4403342008590698,-0.01733100414276123,0.5695847868919373,0.5940791964530945,-0.024494409561157227,0.2081020176410675,0.2081020176410675,105.75772190093994
crack0054_06.png,-12.040914678573609,83.67670440673828,92.95514678955078,-9.2784423828125,102.34819030761719,105.30657958984375,-2.9583892822265625,0.1972743272781372,0.18491731584072113,-0.012357011437416077,0.38864803314208984,0.39391493797302246,0.005266904830932617,0.377244234085083,0.3847876787185669,0.007543444633483887,0.5681430101394653,0.5881738066673279,-0.02003079652786255,0.15128196775913239,0.15128196775913239,100.74783891439438
crack0054_07.png,-12.00308609008789,76.81285095214844,88.05976104736328,-11.246910095214844,100.04613494873047,102.07547760009766,-2.0293426513671875,0.2199035882949829,0.22683420777320862,0.006930619478225708,0.4299679398536682,0.4271804690361023,-0.002787470817565918,0.36389487981796265,0.376919686794281,0.01302480697631836,0.5664013624191284,0.5760861039161682,-0.009684741497039795,0.13269445300102234,0.13269445300102234,92.28553485870361
crack0054_08.png,-10.818271255493164,90.32791137695312,99.615234375,-9.287322998046875,106.76911926269531,110.74485778808594,-3.975738525390625,0.2849399447441101,0.3025676906108856,0.017627745866775513,0.4890015125274658,0.47230392694473267,-0.016697585582733154,0.44109511375427246,0.43190479278564453,-0.00919032096862793,0.5671626329421997,0.5842368602752686,-0.017074227333068848,0.19405196607112885,0.19405196607112885,101.2446506023407
crack0054_09.png,-3.308580780029297,93.42980194091797,96.34558868408203,-2.9157867431640625,101.428466796875,102.5316162109375,-1.1031494140625,0.20265695452690125,0.2214326560497284,0.01877570152282715,0.4453267455101013,0.4270646572113037,-0.018262088298797607,0.37144649028778076,0.3705005645751953,-0.0009459257125854492,0.565790057182312,0.5838677287101746,-0.01807767152786255,0.16122114658355713,0.16122114658355713,106.08298718929291
crack0055_00.png,4.463961744308472,109.52013397216797,101.71406555175781,7.806068420410156,113.49032592773438,118.08084106445312,-4.59051513671875,0.17332634329795837,0.23928789794445038,0.065961554646492,0.15752142667770386,0.0,-0.15752142667770386,0.25708937644958496,0.0,-0.25708937644958496,0.5719761848449707,0.5840253829956055,-0.012049198150634766,0.1481524407863617,0.1481524407863617,118.5785344839096
crack0055_01.png,-0.8989599704742428,101.75060272216797,97.17129516601562,4.579307556152344,113.24446868896484,116.20484924316406,-2.9603805541992188,0.18519890308380127,0.24890701472759247,0.0637081116437912,0.21741044521331787,0.0,-0.21741044521331787,0.29846078157424927,0.20206618309020996,-0.0963945984840393,0.5706228613853455,0.5879815220832825,-0.01735866069793701,0.15289011597633362,0.15289011597633362,111.86827564239502
crack0055_02.png,5.55292010307312,123.68326568603516,115.38236999511719,8.300895690917969,104.20881652832031,105.2893295288086,-1.0805130004882812,0.23001404106616974,0.2775035798549652,0.04748953878879547,0.19065463542938232,0.050022780895233154,-0.14063185453414917,0.2585148215293884,0.2315462827682495,-0.026968538761138916,0.5671818256378174,0.5794233083724976,-0.012241482734680176,0.13135972619056702,0.13135972619056702,128.9089077115059
crack0055_03.png,-7.794608879089355,112.08020782470703,111.37469482421875,0.7055130004882812,101.8825454711914,104.64788818359375,-2.7653427124023438,0.22044026851654053,0.27084478735923767,0.050404518842697144,0.26853448152542114,0.0,-0.26853448152542114,0.349301278591156,0.07282310724258423,-0.2764781713485718,0.5661053657531738,0.5832295417785645,-0.017124176025390625,0.14517280459403992,0.14517280459403992,121.83021688461304
crack0055_04.png,3.5012305736541744,92.24356079101562,83.98711395263672,8.256446838378906,109.63279724121094,117.06758117675781,-7.434783935546875,0.1615985780954361,0.24834412336349487,0.08674554526805878,0.19587451219558716,0.0,-0.19587451219558716,0.3026970624923706,0.0,-0.3026970624923706,0.5634909868240356,0.5856401324272156,-0.02214914560317993,0.12368130683898926,0.12368130683898926,101.84502798318863
crack0055_05.png,11.083623170852661,118.11426544189453,109.63099670410156,8.483268737792969,110.60401916503906,116.40205383300781,-5.79803466796875,0.18714721500873566,0.2042449414730072,0.017097726464271545,0.22690504789352417,0.32863229513168335,0.10172724723815918,0.33814746141433716,0.36415767669677734,0.026010215282440186,0.5619761347770691,0.5749096274375916,-0.012933492660522461,0.11199603974819183,0.11199603974819183,125.64018326997757
crack0055_06.png,-15.701819157600402,108.87848663330078,117.4654769897461,-8.586990356445312,108.21211242675781,114.59416198730469,-6.382049560546875,0.12253206223249435,0.12049068510532379,-0.0020413771271705627,0.26903343200683594,0.17255306243896484,-0.0964803695678711,0.30745792388916016,0.22903800010681152,-0.07841992378234863,0.5710534453392029,0.5845405459403992,-0.013487100601196289,0.15917181968688965,0.15917181968688965,129.32416254281998
crack0055_07.png,11.222171592712403,107.25584411621094,91.89846801757812,15.357376098632812,105.69705963134766,107.41513061523438,-1.7180709838867188,0.23758262395858765,0.27631986141204834,0.03873723745346069,0.14973312616348267,0.0,-0.14973312616348267,0.24617606401443481,0.05067473649978638,-0.19550132751464844,0.5687581896781921,0.5826989412307739,-0.013940751552581787,0.12792518734931946,0.12792518734931946,108.63015627861023
crack0055_08.png,-2.69412317276001,91.68115234375,84.18262481689453,7.498527526855469,105.45733642578125,111.23108673095703,-5.773750305175781,0.14667212963104248,0.1646399199962616,0.017967790365219116,0.2303558588027954,0.013958215713500977,-0.21639764308929443,0.33207470178604126,0.20958733558654785,-0.12248736619949341,0.5639369487762451,0.5805536508560181,-0.01661670207977295,0.13175874948501587,0.13175874948501587,102.35370683670044
crack0055_09.png,-16.29453854560852,108.76776123046875,113.32783508300781,-4.5600738525390625,105.98228454589844,112.53115844726562,-6.5488739013671875,0.16044096648693085,0.19550520181655884,0.03506423532962799,0.332355260848999,0.05130892992019653,-0.2810463309288025,0.3950212597846985,0.18735086917877197,-0.2076703906059265,0.5750826597213745,0.5920376777648926,-0.016955018043518066,0.19633886218070984,0.19633886218070984,125.10284727811813
crack0056_00.png,24.329045009613036,131.97268676757812,109.20563507080078,22.767051696777344,125.24710845947266,120.49749755859375,4.749610900878906,0.3674088716506958,0.3746909499168396,0.007282078266143799,0.0,0.0,0.0,0.1557610034942627,0.11264491081237793,-0.043116092681884766,0.5671356916427612,0.5901461243629456,-0.023010432720184326,0.09969661384820938,0.09969661384820938,122.15047359466553
crack0056_01.png,32.61003198623657,140.7163543701172,115.58118438720703,25.135169982910156,127.335693359375,120.61219787597656,6.7234954833984375,0.31366997957229614,0.3835824728012085,0.06991249322891235,0.0,0.0,0.0,0.15233385562896729,0.10010915994644165,-0.052224695682525635,0.5675778388977051,0.5877662301063538,-0.02018839120864868,0.09474453330039978,0.09474453330039978,132.8392198085785
crack0056_02.png,39.14690847396851,125.05818176269531,87.69717407226562,37.36100769042969,116.9012222290039,116.46302032470703,0.438201904296875,0.3973230719566345,0.4307141900062561,0.03339111804962158,0.0,0.0,0.0,0.23572862148284912,0.09192323684692383,-0.1438053846359253,0.570107638835907,0.5966243743896484,-0.026516735553741455,0.09475114941596985,0.09475114941596985,106.40326857566833
crack0056_03.png,206.34132080078126,237.78219604492188,88.48965454101562,149.29254150390625,213.52377319335938,116.50691223144531,97.01686096191406,0.18826794624328613,0.43732181191444397,0.24905386567115784,0.0,0.0,0.0,0.1163451075553894,0.023328959941864014,-0.09301614761352539,0.5483852624893188,0.5904421210289001,-0.0420568585395813,0.10096940398216248,0.10096940398216248,175.4575333595276
crack0056_04.png,26.563886642456055,140.7853240966797,113.9099349975586,26.875389099121094,116.00909423828125,118.8002700805664,-2.7911758422851562,0.363561749458313,0.3868456780910492,0.023283928632736206,0.0,0.0,0.0,0.1387597918510437,0.05959737300872803,-0.07916241884231567,0.5663898587226868,0.5928335189819336,-0.026443660259246826,0.10556571930646896,0.10556571930646896,129.2472653388977
crack0056_05.png,39.14674367904663,129.84075927734375,91.75445556640625,38.0863037109375,114.28515625,114.58753204345703,-0.30237579345703125,0.3884911835193634,0.41515013575553894,0.026658952236175537,0.0,0.0,0.0,0.2715004086494446,0.04464888572692871,-0.22685152292251587,0.5653825402259827,0.5891656875610352,-0.02378314733505249,0.0933544784784317,0.0933544784784317,111.0547639131546
crack0056_06.png,39.27185115814209,133.0297393798828,94.20763397216797,38.822105407714844,115.68296813964844,116.80225372314453,-1.1192855834960938,0.3835955262184143,0.4057557284832001,0.022160202264785767,0.0,0.0,0.0,0.1883242130279541,0.0,-0.1883242130279541,0.569334864616394,0.5912187695503235,-0.021883904933929443,0.09509885311126709,0.09509885311126709,114.25170588493347
crack0056_07.png,90.25875053405761,172.3358154296875,114.49278259277344,57.84303283691406,183.137451171875,129.72369384765625,53.41375732421875,0.20443102717399597,0.3622838258743286,0.15785279870033264,0.0,0.0,0.0,0.2287348508834839,0.08389437198638916,-0.14484047889709473,0.5500960946083069,0.5895463228225708,-0.039450228214263916,0.09341248124837875,0.09341248124837875,154.73029029369354
crack0056_08.png,26.315548706054688,138.8789825439453,110.94522857666016,27.933753967285156,116.61004638671875,119.87364196777344,-3.2635955810546875,0.37240085005760193,0.3774166703224182,0.005015820264816284,0.0,0.0,0.0,0.2280898094177246,0.04916638135910034,-0.17892342805862427,0.5720338225364685,0.5898846387863159,-0.017850816249847412,0.10211107134819031,0.10211107134819031,126.16344010829926
crack0056_09.png,35.155152320861816,129.48512268066406,99.39706420898438,30.088058471679688,124.62228393554688,120.2022705078125,4.420013427734375,0.34657448530197144,0.39715564250946045,0.050581157207489014,0.0,0.0,0.0,0.15538454055786133,0.0,-0.15538454055786133,0.5674317479133606,0.5861168503761292,-0.018685102462768555,0.09165389835834503,0.09165389835834503,117.0912983417511
crack0057_00.png,-0.1617614746093743,114.19965362548828,117.82215881347656,-3.6225051879882812,110.97599029541016,113.62240600585938,-2.6464157104492188,0.15291500091552734,0.08052638173103333,-0.07238861918449402,0.07787859439849854,0.3458769917488098,0.2679983973503113,0.16171181201934814,0.37079906463623047,0.20908725261688232,0.5740522742271423,0.5842906832695007,-0.010238409042358398,0.16707733273506165,0.16707733273506165,134.55095064640045
crack0057_01.png,4.8713685274124146,128.8314208984375,126.434326171875,2.3970947265625,111.991943359375,111.48741149902344,0.5045318603515625,0.11391789466142654,0.1009577065706253,-0.012960188090801239,0.24007391929626465,0.32876503467559814,0.0886911153793335,0.2641405463218689,0.33108413219451904,0.06694358587265015,0.576213002204895,0.5821722149848938,-0.005959212779998779,0.15566369891166687,0.15566369891166687,144.86229974031448
crack0057_02.png,-1.448799991607666,140.65518188476562,143.13998413085938,-2.48480224609375,110.54373931884766,110.65853881835938,-0.11479949951171875,0.08209920674562454,0.07887495309114456,-0.0032242536544799805,0.3451632857322693,0.38765257596969604,0.04248929023742676,0.3759572505950928,0.40284264087677,0.026885390281677246,0.5701614618301392,0.5791541934013367,-0.00899273157119751,0.13833153247833252,0.13833153247833252,160.3312535583973
crack0057_03.png,-2.2347270488739017,125.15979766845703,125.10477447509766,0.055023193359375,104.95680236816406,108.31878662109375,-3.3619842529296875,0.10052840411663055,0.10233151912689209,0.0018031150102615356,0.4286738634109497,0.41212040185928345,-0.01655346155166626,0.4256414771080017,0.40922456979751587,-0.01641690731048584,0.5699307918548584,0.5806074738502502,-0.010676681995391846,0.1461758315563202,0.1461758315563202,142.32488077878952
crack0057_04.png,5.616727757453918,125.53466033935547,122.94853210449219,2.5861282348632812,104.37635803222656,103.91787719726562,0.4584808349609375,0.1075163409113884,0.09939438104629517,-0.008121959865093231,0.1907779574394226,0.29517245292663574,0.10439449548721313,0.22779881954193115,0.2857208847999573,0.05792206525802612,0.5630180835723877,0.5799884796142578,-0.016970396041870117,0.1261599212884903,0.1261599212884903,141.47747254371643
crack0057_05.png,-12.388121438026428,136.509521484375,146.114013671875,-9.6044921875,109.91507720947266,111.099853515625,-1.1847763061523438,0.07895036786794662,0.07317312061786652,-0.005777247250080109,0.3425862789154053,0.3052559494972229,-0.03733032941818237,0.3642190098762512,0.33200758695602417,-0.03221142292022705,0.5728796720504761,0.5817378163337708,-0.008858144283294678,0.1532713770866394,0.1532713770866394,160.19089299440384
crack0057_06.png,-18.1161030292511,127.27318572998047,143.44395446777344,-16.17076873779297,112.71503448486328,120.20101928710938,-7.485984802246094,0.1819622963666916,0.06705442070960999,-0.1149078756570816,0.09697878360748291,0.3727518916130066,0.2757731080055237,0.21700137853622437,0.34007906913757324,0.12307769060134888,0.5695347785949707,0.5892656445503235,-0.019730865955352783,0.15897732973098755,0.15897732973098755,154.9059306383133
crack0057_07.png,4.295564913749695,133.79347229003906,131.64776611328125,2.1457061767578125,115.36677551269531,118.27558135986328,-2.9088058471679688,0.10230322182178497,0.1163390651345253,0.014035843312740326,0.268557071685791,0.34287387132644653,0.07431679964065552,0.32075780630111694,0.3997929096221924,0.07903510332107544,0.569208025932312,0.5887619853019714,-0.019553959369659424,0.13903434574604034,0.13903434574604034,150.13290530443192
crack0057_08.png,-0.5371602773666382,122.93968963623047,125.86507415771484,-2.925384521484375,106.06880187988281,106.81766510009766,-0.7488632202148438,0.08732893317937851,0.08225041627883911,-0.005078516900539398,0.27327239513397217,0.36659061908721924,0.09331822395324707,0.3300713300704956,0.3400043845176697,0.009933054447174072,0.5682122111320496,0.584179162979126,-0.015966951847076416,0.14151480793952942,0.14151480793952942,142.83452343940735
crack0057_09.png,0.5880275726318358,119.98108673095703,118.1830825805664,1.798004150390625,104.26569366455078,107.24769592285156,-2.9820022583007812,0.1289510279893875,0.12148736417293549,-0.007463663816452026,0.24965733289718628,0.28119105100631714,0.03153371810913086,0.24006974697113037,0.31861943006515503,0.07854968309402466,0.567254900932312,0.5842906832695007,-0.01703578233718872,0.1412540078163147,0.1412540078163147,135.16447013616562
crack0058_00.png,-1.9712886810302734,132.405517578125,128.70635986328125,3.69915771484375,123.98106384277344,117.64481353759766,6.336250305175781,0.37217089533805847,0.3555870056152344,-0.016583889722824097,0.14568907022476196,0.0,-0.14568907022476196,0.37131279706954956,0.2765257954597473,-0.09478700160980225,0.5721645355224609,0.5984313488006592,-0.026266813278198242,0.08855094760656357,0.08855094760656357,133.15797233581543
crack0058_01.png,-1.0769853591918945,178.44268798828125,173.36537170410156,5.0773162841796875,117.00418090820312,121.64678192138672,-4.642601013183594,0.310078501701355,0.27006515860557556,-0.04001334309577942,0.0,0.0,0.0,0.2945008873939514,0.20304930210113525,-0.09145158529281616,0.5665897727012634,0.5939946174621582,-0.027404844760894775,0.08720401674509048,0.08720401674509048,183.4599050283432
crack0058_02.png,-5.998770713806152,142.020751953125,147.1594696044922,-5.1387176513671875,129.34274291992188,125.75906372070312,3.58367919921875,0.3376752436161041,0.3412274122238159,0.003552168607711792,0.043577373027801514,0.0,-0.043577373027801514,0.27372366189956665,0.21241003274917603,-0.061313629150390625,0.5703536868095398,0.5912187695503235,-0.02086508274078369,0.0918157696723938,0.0918157696723938,147.97834694385529
crack0058_03.png,10.989433574676514,160.38417053222656,155.65054321289062,4.7336273193359375,139.4525909423828,123.1797103881836,16.27288055419922,0.26627930998802185,0.2873682975769043,0.021088987588882446,0.0240633487701416,0.0,-0.0240633487701416,0.26880091428756714,0.19112002849578857,-0.07768088579177856,0.5657324194908142,0.5901806950569153,-0.024448275566101074,0.09643399715423584,0.09643399715423584,165.6478260755539
crack0058_04.png,-7.2648313522338865,163.17872619628906,162.4033966064453,0.77532958984375,121.62191009521484,126.10676574707031,-4.484855651855469,0.3390721082687378,0.3007223904132843,-0.03834971785545349,0.053642868995666504,0.0,-0.053642868995666504,0.3235902190208435,0.2093038558959961,-0.11428636312484741,0.5696462988853455,0.5954594612121582,-0.025813162326812744,0.09183710068464279,0.09183710068464279,168.56609642505646
crack0058_05.png,7.591841793060302,143.24517822265625,126.44779968261719,16.797378540039062,111.86192321777344,116.19375610351562,-4.3318328857421875,0.26537853479385376,0.2688339948654175,0.0034554600715637207,0.1679755449295044,0.0,-0.1679755449295044,0.3886668086051941,0.321050226688385,-0.06761658191680908,0.5693925619125366,0.5951480269432068,-0.025755465030670166,0.08741968870162964,0.08741968870162964,142.72969794273376
crack0058_06.png,-8.639222335815429,156.9807586669922,170.46978759765625,-13.489028930664062,138.342529296875,125.40617370605469,12.936355590820312,0.29095759987831116,0.33505070209503174,0.04409310221672058,0.0768505334854126,0.0,-0.0768505334854126,0.3043304681777954,0.2684658169746399,-0.03586465120315552,0.570399820804596,0.5898538827896118,-0.01945406198501587,0.09589288383722305,0.09589288383722305,169.86197245121002
crack0058_07.png,-15.209929752349854,162.11581420898438,169.30711364746094,-7.1912994384765625,123.2237319946289,124.0396499633789,-0.81591796875,0.3350762724876404,0.28935015201568604,-0.045726120471954346,0.08577936887741089,0.0,-0.08577936887741089,0.32854264974594116,0.23789912462234497,-0.09064352512359619,0.5745290517807007,0.5896040201187134,-0.015074968338012695,0.09714149683713913,0.09714149683713913,171.93461561203003
crack0058_08.png,18.474990844726562,153.45455932617188,163.3827362060547,-9.928176879882812,193.37197875976562,122.27861022949219,71.09336853027344,0.27672386169433594,0.2989808917045593,0.02225703001022339,0.010182082653045654,0.0,-0.010182082653045654,0.32886046171188354,0.25764042139053345,-0.0712200403213501,0.5521606802940369,0.587347149848938,-0.03518646955490112,0.09420793503522873,0.09420793503522873,165.30910205841064
crack0058_09.png,0.4431185722351074,173.7942657470703,162.42173767089844,11.372528076171875,115.20677185058594,120.9560546875,-5.7492828369140625,0.2800624668598175,0.2641355097293854,-0.01592695713043213,0.16132795810699463,0.0,-0.16132795810699463,0.3807826638221741,0.2956193685531616,-0.08516329526901245,0.568712055683136,0.5912725925445557,-0.022560536861419678,0.09076611697673798,0.09076611697673798,175.91077482700348
crack0059_00.png,19.593585300445557,118.567138671875,102.17398071289062,16.393157958984375,110.64981079101562,107.10646057128906,3.5433502197265625,0.27679571509361267,0.31362929940223694,0.03683358430862427,0.42768561840057373,0.40787285566329956,-0.01981276273727417,0.383372962474823,0.3596283197402954,-0.023744642734527588,0.572668194770813,0.5819454193115234,-0.00927722454071045,0.1704489290714264,0.1704489290714264,117.04063355922699
crack0059_01.png,31.90754852294922,129.6290740966797,105.84866333007812,23.780410766601562,117.52598571777344,110.93962097167969,6.58636474609375,0.32846176624298096,0.37859562039375305,0.050133854150772095,0.1634579300880432,0.22299247980117798,0.059534549713134766,0.24334943294525146,0.2371498942375183,-0.006199538707733154,0.5629335045814514,0.5854209661483765,-0.02248746156692505,0.16093288362026215,0.16093288362026215,121.44800138473511
crack0059_02.png,10.502568769454957,108.18045806884766,98.61470794677734,9.565750122070312,113.84544372558594,113.169677734375,0.6757659912109375,0.2592853903770447,0.24654807150363922,-0.012737318873405457,0.28770196437835693,0.3465675711631775,0.05886560678482056,0.36913108825683594,0.40475088357925415,0.03561979532241821,0.5675048232078552,0.5842329859733582,-0.01672816276550293,0.1872509866952896,0.1872509866952896,111.97401815652847
crack0059_03.png,17.27259259223938,119.25418090820312,104.64779663085938,14.60638427734375,126.41207885742188,117.66044616699219,8.751632690429688,0.20950669050216675,0.2138407677412033,0.00433407723903656,0.33681774139404297,0.32312852144241333,-0.013689219951629639,0.3668569326400757,0.30960941314697266,-0.05724751949310303,0.5733910202980042,0.5892310738563538,-0.01584005355834961,0.1497000753879547,0.1497000753879547,122.9498302936554
crack0059_04.png,-1.493790864944458,106.50643157958984,109.26066589355469,-2.7542343139648438,116.64767456054688,111.78805541992188,4.859619140625,0.23365518450737,0.22879920899868011,-0.00485597550868988,0.22942328453063965,0.2316233515739441,0.0022000670433044434,0.31786608695983887,0.34770137071609497,0.029835283756256104,0.5801730155944824,0.5897462368011475,-0.009573221206665039,0.17058447003364563,0.17058447003364563,117.74544566869736
crack0059_05.png,20.29607253074646,123.76093292236328,107.02493286132812,16.736000061035156,119.52879333496094,118.92527770996094,0.603515625,0.24792256951332092,0.2347799390554428,-0.013142630457878113,0.07072305679321289,0.1971491575241089,0.126426100730896,0.19604605436325073,0.28729552030563354,0.09124946594238281,0.567539393901825,0.5847135782241821,-0.017174184322357178,0.13764458894729614,0.13764458894729614,124.69467967748642
crack0059_06.png,29.35908212661743,121.55435943603516,100.17668914794922,21.377670288085938,119.59351348876953,113.77177429199219,5.821739196777344,0.22858664393424988,0.26358562707901,0.03499898314476013,0.23610246181488037,0.32609981298446655,0.08999735116958618,0.2877901792526245,0.35115402936935425,0.06336385011672974,0.56615149974823,0.5848289132118225,-0.01867741346359253,0.18063582479953766,0.18063582479953766,120.5434821844101
crack0059_07.png,20.35267014503479,120.1802749633789,105.85049438476562,14.329780578613281,136.14566040039062,122.62586975097656,13.519790649414062,0.2209848165512085,0.24723996222019196,0.02625514566898346,0.2341187596321106,0.21867448091506958,-0.015444278717041016,0.23957979679107666,0.26599037647247314,0.026410579681396484,0.5659284591674805,0.5876201391220093,-0.02169167995452881,0.15005925297737122,0.15005925297737122,123.26110124588013
crack0059_08.png,5.5874693393707275,120.65470886230469,114.97125244140625,5.6834564208984375,122.1944351196289,122.2450180053711,-0.0505828857421875,0.244879812002182,0.21507160365581512,-0.029808208346366882,0.2265515923500061,0.3006601333618164,0.0741085410118103,0.3508070707321167,0.386167049407959,0.035359978675842285,0.5731219053268433,0.5895078778266907,-0.016385972499847412,0.13844357430934906,0.13844357430934906,128.4889995455742
crack0059_09.png,13.15943956375122,117.06820678710938,104.43333435058594,12.634872436523438,123.69296264648438,120.54923248291016,3.1437301635742188,0.2428048849105835,0.2429928481578827,0.00018796324729919434,0.1992490291595459,0.1963323950767517,-0.0029166340827941895,0.3123498558998108,0.2953444719314575,-0.01700538396835327,0.5707650780677795,0.5865474939346313,-0.015782415866851807,0.14365914463996887,0.14365914463996887,119.6443772315979
crack0060_00.png,99.23995189666749,183.1102752685547,120.36212158203125,62.74815368652344,209.1611328125,114.49382019042969,94.66731262207031,0.20716995000839233,0.2898506224155426,0.08268067240715027,0.26439785957336426,0.1106252670288086,-0.15377259254455566,0.26937276124954224,0.22391492128372192,-0.04545783996582031,0.5522991418838501,0.598266065120697,-0.045966923236846924,0.1227245032787323,0.1227245032787323,163.2366440296173
crack0060_01.png,58.274211788177496,152.5483856201172,108.44842529296875,44.09996032714844,162.65695190429688,111.9260025024414,50.73094940185547,0.2447279691696167,0.2315795123577118,-0.013148456811904907,0.3296967148780823,0.23744642734527588,-0.0922502875328064,0.3842986226081848,0.21901488304138184,-0.16528373956680298,0.5569434762001038,0.5913494825363159,-0.03440600633621216,0.12343297898769379,0.12343297898769379,140.2576140165329
crack0060_02.png,-2.4452452182769777,119.44439697265625,118.45123291015625,0.9931640625,126.78669738769531,115.24491882324219,11.541778564453125,0.28658950328826904,0.1830911785364151,-0.10349832475185394,0.23958516120910645,0.2700980305671692,0.030512869358062744,0.3493083715438843,0.3289750814437866,-0.020333290100097656,0.5717108845710754,0.596605122089386,-0.024894237518310547,0.10654997080564499,0.10654997080564499,131.82654911279678
crack0060_03.png,-0.13581342697143572,122.9281005859375,118.8166732788086,4.111427307128906,115.17109680175781,113.52845764160156,1.64263916015625,0.24109961092472076,0.2344319075345993,-0.00666770339012146,0.2969670295715332,0.20799875259399414,-0.08896827697753906,0.31757861375808716,0.2348700761795044,-0.08270853757858276,0.5733602643013,0.5936639904975891,-0.020303726196289062,0.13557150959968567,0.13557150959968567,130.55303210020065
crack0060_04.png,-0.4600260257720947,117.84883880615234,114.54309844970703,3.3057403564453125,113.67483520507812,115.50688171386719,-1.8320465087890625,0.2572237551212311,0.20581825077533722,-0.05140550434589386,0.07079440355300903,0.12014621496200562,0.04935181140899658,0.0,0.03692340850830078,0.03692340850830078,0.5668742656707764,0.5892387628555298,-0.022364497184753418,0.1090487539768219,0.1090487539768219,127.41642409563065
crack0060_05.png,-2.7260264396667484,116.78369903564453,118.13546752929688,-1.3517684936523438,109.23854064941406,110.17582702636719,-0.937286376953125,0.2692922353744507,0.24029046297073364,-0.02900177240371704,0.09176790714263916,0.14589130878448486,0.0541234016418457,0.23535430431365967,0.20680111646652222,-0.02855318784713745,0.5725221037864685,0.593625545501709,-0.02110344171524048,0.12135475128889084,0.12135475128889084,126.78717732429504
crack0060_06.png,37.817754459381106,151.392578125,119.11571502685547,32.27686309814453,145.39404296875,114.02444458007812,31.369598388671875,0.26649537682533264,0.2592076361179352,-0.007287740707397461,0.34496545791625977,0.21536296606063843,-0.12960249185562134,0.40300846099853516,0.26531368494033813,-0.13769477605819702,0.5568473935127258,0.587843120098114,-0.030995726585388184,0.13528254628181458,0.13528254628181458,143.21541321277618
crack0060_07.png,1.2202831268310543,119.22240447998047,112.3639144897461,6.858489990234375,109.06130981445312,113.24669647216797,-4.185386657714844,0.308475136756897,0.2671082019805908,-0.04136693477630615,0.18685811758041382,0.18552720546722412,-0.0013309121131896973,0.29920828342437744,0.18306106328964233,-0.11614722013473511,0.5718454718589783,0.5868819952011108,-0.015036523342132568,0.12170270830392838,0.12170270830392838,123.24194717407227
crack0060_08.png,-4.972510862350464,103.372314453125,110.1781997680664,-6.805885314941406,112.741455078125,110.24728393554688,2.494171142578125,0.2312045842409134,0.25847697257995605,0.027272388339042664,0.3057817220687866,0.29745447635650635,-0.008327245712280273,0.31150078773498535,0.29602116346359253,-0.015479624271392822,0.5715762972831726,0.5969011783599854,-0.025324881076812744,0.13358506560325623,0.13358506560325623,116.77902919054031
crack0060_09.png,-2.462047004699707,117.86126708984375,114.15314483642578,3.7081222534179688,107.81687927246094,109.6439437866211,-1.8270645141601562,0.28233274817466736,0.23678255081176758,-0.04555019736289978,0.24440395832061768,0.21721011400222778,-0.027193844318389893,0.29534149169921875,0.23419862985610962,-0.06114286184310913,0.5702075958251953,0.5878969430923462,-0.01768934726715088,0.11264131218194962,0.11264131218194962,125.31613063812256
crack0061_00.png,4.055799579620361,105.66128540039062,101.83820343017578,3.8230819702148438,115.6656265258789,113.75138854980469,1.9142379760742188,0.1861254721879959,0.20316387712955475,0.017038404941558838,0.47029024362564087,0.4443461298942566,-0.025944113731384277,0.389471173286438,0.3706122636795044,-0.018858909606933594,0.5715571045875549,0.5930142402648926,-0.021457135677337646,0.1689995974302292,0.1689995974302292,116.30278569459915
crack0061_01.png,20.095630359649657,121.94979095458984,105.17285919189453,16.776931762695312,119.50135803222656,116.00300598144531,3.49835205078125,0.19172993302345276,0.22843536734580994,0.03670543432235718,0.20733428001403809,0.1932184100151062,-0.014115869998931885,0.1672627329826355,0.20191335678100586,0.03465062379837036,0.5725067257881165,0.5838177800178528,-0.011311054229736328,0.11145859956741333,0.11145859956741333,125.41024029254913
crack0061_02.png,25.34702115058899,112.62184143066406,94.54205322265625,18.079788208007812,116.15380096435547,114.68370056152344,1.4701004028320312,0.13125000894069672,0.2686617076396942,0.1374116986989975,0.4339573383331299,0.3408234715461731,-0.09313386678695679,0.37500786781311035,0.3466619849205017,-0.028345882892608643,0.5714571475982666,0.5861668586730957,-0.014709711074829102,0.1438511610031128,0.1438511610031128,119.15362113714218
crack0061_03.png,17.05496129989624,101.80880737304688,90.18321990966797,11.625587463378906,113.74009704589844,112.90126037597656,0.838836669921875,0.15322430431842804,0.21086399257183075,0.05763968825340271,0.2026461362838745,0.23278653621673584,0.030140399932861328,0.2467435598373413,0.24355506896972656,-0.003188490867614746,0.5690426826477051,0.5871164798736572,-0.01807379722595215,0.12008385360240936,0.12008385360240936,110.28721457719803
crack0061_04.png,19.465980458259583,116.1468276977539,104.41027069091797,11.736557006835938,122.13993072509766,124.94114685058594,-2.8012161254882812,0.08719276636838913,0.25748854875564575,0.17029578238725662,0.41289329528808594,0.3143376111984253,-0.09855568408966064,0.37882936000823975,0.33960413932800293,-0.039225220680236816,0.5691195726394653,0.589907705783844,-0.020788133144378662,0.16175615787506104,0.16175615787506104,128.64329144358635
crack0061_05.png,13.37101082801819,88.72103118896484,76.85385131835938,11.867179870605469,112.80470275878906,107.49224853515625,5.3124542236328125,0.1961667537689209,0.20713980495929718,0.010973051190376282,0.4723699688911438,0.4427844285964966,-0.029585540294647217,0.3766738772392273,0.31072932481765747,-0.06594455242156982,0.5756977796554565,0.583587110042572,-0.007889330387115479,0.1358231008052826,0.1358231008052826,94.36092042922974
crack0061_06.png,4.925149393081664,97.18553161621094,89.30194854736328,7.883583068847656,110.99815368652344,110.07716369628906,0.920989990234375,0.24255353212356567,0.23321573436260223,-0.00933779776096344,0.49101507663726807,0.4409336447715759,-0.05008143186569214,0.37993454933166504,0.3095019459724426,-0.07043260335922241,0.5742137432098389,0.5886274576187134,-0.014413714408874512,0.15266145765781403,0.15266145765781403,102.79589432477951
crack0061_07.png,1.6816754341125488,99.11198425292969,96.82445526123047,2.2875289916992188,114.60277557373047,114.61559295654297,-0.0128173828125,0.26393160223960876,0.283804327249527,0.019872725009918213,0.40488767623901367,0.37231940031051636,-0.032568275928497314,0.34604495763778687,0.35159969329833984,0.0055547356605529785,0.570911169052124,0.5931065082550049,-0.02219533920288086,0.1882626861333847,0.1882626861333847,105.85658395290375
crack0061_08.png,17.4825660943985,130.3129119873047,114.33830261230469,15.974609375,113.31744384765625,116.04656982421875,-2.7291259765625,0.10797368735074997,0.17926928400993347,0.0712955966591835,0.4433872699737549,0.388219952583313,-0.055167317390441895,0.3869226574897766,0.3468477129936218,-0.040074944496154785,0.5675778388977051,0.5900115370750427,-0.022433698177337646,0.12944373488426208,0.12944373488426208,139.4476475417614
crack0061_09.png,15.391725540161133,108.07950592041016,91.43115997314453,16.648345947265625,117.68534851074219,107.58544158935547,10.099906921386719,0.18470770120620728,0.13918867707252502,-0.04551902413368225,0.42335045337677,0.39324647188186646,-0.030103981494903564,0.3738192915916443,0.34593284130096436,-0.02788645029067993,0.5751480460166931,0.5864205956459045,-0.011272549629211426,0.14931327104568481,0.14931327104568481,114.86083614826202
crack0062_00.png,9.167358112335204,123.81075286865234,109.41477966308594,14.395973205566406,105.84788513183594,110.66187286376953,-4.813987731933594,0.33532658219337463,0.3109284043312073,-0.02439817786216736,0.5612375736236572,0.544624924659729,-0.016612648963928223,0.5059325695037842,0.5010055303573608,-0.00492703914642334,0.5672856569290161,0.5844521522521973,-0.017166495323181152,0.13484975695610046,0.13484975695610046,121.3351480960846
crack0062_01.png,6.289392280578614,120.61582946777344,109.6003189086914,11.015510559082031,110.23200988769531,113.50010681152344,-3.268096923828125,0.3694145977497101,0.36075326800346375,-0.008661329746246338,0.5382728576660156,0.490500271320343,-0.04777258634567261,0.4912695288658142,0.46483713388442993,-0.026432394981384277,0.5701884031295776,0.5905651450157166,-0.020376741886138916,0.15323269367218018,0.15323269367218018,117.08548390865326
crack0062_02.png,4.971489906311035,123.99030303955078,115.20948791503906,8.780815124511719,110.11016845703125,114.33502197265625,-4.224853515625,0.38605982065200806,0.38116613030433655,-0.004893690347671509,0.5727835893630981,0.5479716062545776,-0.024811983108520508,0.5049592852592468,0.47770506143569946,-0.027254223823547363,0.5688658356666565,0.5872510671615601,-0.018385231494903564,0.1309087574481964,0.1309087574481964,120.21997034549713
crack0062_03.png,8.915983963012696,119.9861068725586,107.50054931640625,12.485557556152344,109.51776123046875,111.67234802246094,-2.1545867919921875,0.3225111663341522,0.30751484632492065,-0.014996320009231567,0.47907334566116333,0.4579084515571594,-0.021164894104003906,0.44358253479003906,0.42757177352905273,-0.016010761260986328,0.5695501565933228,0.586086094379425,-0.016535937786102295,0.15827657282352448,0.15827657282352448,118.73588109016418
crack0062_04.png,8.219112586975097,122.55789947509766,114.21556091308594,8.342338562011719,112.01695251464844,116.52515411376953,-4.508201599121094,0.3616182804107666,0.414410263299942,0.052791982889175415,0.5085725784301758,0.4707377552986145,-0.03783482313156128,0.45966410636901855,0.4480174779891968,-0.011646628379821777,0.5711226463317871,0.5968704223632812,-0.02574777603149414,0.17064610123634338,0.17064610123634338,120.56445026397705
crack0062_05.png,3.2512364387512207,125.82251739501953,113.05970764160156,12.762809753417969,107.05253601074219,115.01533508300781,-7.962799072265625,0.2658514976501465,0.2158861756324768,-0.04996532201766968,0.5275023579597473,0.4858729839324951,-0.0416293740272522,0.46313929557800293,0.4404188394546509,-0.02272045612335205,0.5705036520957947,0.5871049761772156,-0.0166013240814209,0.12238278239965439,0.12238278239965439,129.97214102745056
crack0062_06.png,21.562683868408204,122.06693267822266,107.68083190917969,14.386100769042969,123.3018569946289,112.76334381103516,10.53851318359375,0.22706329822540283,0.2873242497444153,0.06026095151901245,0.5190389156341553,0.5011816024780273,-0.01785731315612793,0.48671233654022217,0.4848520755767822,-0.0018602609634399414,0.5684121251106262,0.5970472693443298,-0.028635144233703613,0.14846667647361755,0.14846667647361755,125.1319751739502
crack0062_07.png,2.9351789474487298,122.69627380371094,114.89244079589844,7.8038330078125,111.92304992675781,118.53189086914062,-6.6088409423828125,0.33215370774269104,0.3280293941497803,-0.004124313592910767,0.5235977172851562,0.49104732275009155,-0.0325503945350647,0.5030631422996521,0.4920031428337097,-0.011059999465942383,0.5703844428062439,0.5852133631706238,-0.014828920364379883,0.17164647579193115,0.17164647579193115,122.52112817764282
crack0062_08.png,6.926044464111328,114.91061401367188,105.88668823242188,9.02392578125,113.83004760742188,113.57591247558594,0.2541351318359375,0.3476550579071045,0.3540756106376648,0.006420552730560303,0.5182622671127319,0.46944087743759155,-0.04882138967514038,0.47965461015701294,0.44392454624176025,-0.035730063915252686,0.5717647075653076,0.590772807598114,-0.019008100032806396,0.17673081159591675,0.17673081159591675,113.17025995254517
crack0062_09.png,4.748929405212403,121.00711822509766,114.42570495605469,6.581413269042969,114.1504135131836,116.96354675292969,-2.8131332397460938,0.3501669764518738,0.3595340847969055,0.009367108345031738,0.500887393951416,0.4813159704208374,-0.019571423530578613,0.466006875038147,0.46379905939102173,-0.002207815647125244,0.5720492005348206,0.5888927578926086,-0.016843557357788086,0.17180417478084564,0.17180417478084564,120.26210331916809
crack0063_00.png,-1.0653556823730472,118.97943878173828,113.8170394897461,5.1623992919921875,113.6409912109375,112.77880859375,0.8621826171875,0.3407004773616791,0.2977614998817444,-0.04293897747993469,0.33810096979141235,0.2851611375808716,-0.05293983221054077,0.3370225429534912,0.23936301469802856,-0.09765952825546265,0.5729065537452698,0.5984044671058655,-0.025497913360595703,0.15597298741340637,0.15597298741340637,122.46872782707214
crack0063_01.png,43.10014250278473,120.56544494628906,102.19807434082031,18.36737060546875,147.0922393798828,114.12126159667969,32.970977783203125,0.10737507790327072,0.25292065739631653,0.1455455794930458,0.2918310761451721,0.3275616765022278,0.035730600357055664,0.22379058599472046,0.19137585163116455,-0.03241473436355591,0.5534371137619019,0.5916493535041809,-0.03821223974227905,0.1891382336616516,0.1891382336616516,128.60522910952568
crack0063_02.png,-5.954477739334107,118.70938110351562,115.06766510009766,3.6417160034179688,111.60049438476562,112.21768188476562,-0.6171875,0.28142809867858887,0.19198836386203766,-0.08943973481655121,0.28998732566833496,0.25342291593551636,-0.036564409732818604,0.29571253061294556,0.23186063766479492,-0.06385189294815063,0.5705229043960571,0.588811993598938,-0.01828908920288086,0.1389225423336029,0.1389225423336029,128.9217010140419
crack0063_03.png,5.715413188934326,138.61911010742188,127.11141204833984,11.507698059082031,115.22972106933594,111.41988372802734,3.8098373413085938,0.29103296995162964,0.2916772663593292,0.000644296407699585,0.18003982305526733,0.025661170482635498,-0.15437865257263184,0.17022264003753662,0.0,-0.17022264003753662,0.5632333755493164,0.5930488109588623,-0.0298154354095459,0.14864420890808105,0.14864420890808105,139.12523531913757
crack0063_04.png,-1.2533280849456787,119.27609252929688,111.49479675292969,7.7812957763671875,109.17588806152344,107.89628601074219,1.27960205078125,0.3066120445728302,0.21988143026828766,-0.08673061430454254,0.25404608249664307,0.2184227705001831,-0.03562331199645996,0.25708478689193726,0.13005173206329346,-0.1270330548286438,0.5667051076889038,0.5962821841239929,-0.02957707643508911,0.14880096912384033,0.14880096912384033,126.04384618997574
crack0063_05.png,-150.65909128189088,114.09320068359375,208.9848175048828,-94.89161682128906,114.43741607666016,182.80502319335938,-68.36760711669922,0.29771432280540466,0.11542585492134094,-0.18228846788406372,0.35553109645843506,0.0374903678894043,-0.31804072856903076,0.3120465874671936,0.07873415946960449,-0.2333124279975891,0.5682275891304016,0.5961207151412964,-0.027893126010894775,0.16991664469242096,0.16991664469242096,178.45828640460968
crack0063_06.png,-1.5061644554138187,117.15838623046875,112.14120483398438,5.017181396484375,114.08019256591797,111.0734634399414,3.0067291259765625,0.32585686445236206,0.26675307750701904,-0.05910378694534302,0.29964447021484375,0.24557769298553467,-0.05406677722930908,0.35615748167037964,0.27023202180862427,-0.08592545986175537,0.5722452998161316,0.5931218862533569,-0.020876586437225342,0.18904849886894226,0.18904849886894226,122.3694863319397
crack0063_07.png,48.4343376159668,161.9671630859375,134.5906219482422,27.376541137695312,177.8585662841797,131.58895874023438,46.26960754394531,0.22463849186897278,0.3471379280090332,0.12249943614006042,0.13250339031219482,0.0,-0.13250339031219482,0.16876649856567383,0.0,-0.16876649856567383,0.5500960946083069,0.5988427400588989,-0.04874664545059204,0.18813607096672058,0.18813607096672058,158.75429260730743
crack0063_08.png,-8.062677764892578,114.33755493164062,117.34911346435547,-3.0115585327148438,112.43754577636719,113.30658721923828,-0.8690414428710938,0.24625089764595032,0.24727404117584229,0.0010231435298919678,0.3470304012298584,0.255943238735199,-0.09108716249465942,0.1981620192527771,0.14519482851028442,-0.052967190742492676,0.5693079829216003,0.5978546738624573,-0.028546690940856934,0.13706496357917786,0.13706496357917786,124.98246729373932
crack0063_09.png,-2.5739602088928226,119.7769546508789,115.81952667236328,3.957427978515625,111.98529052734375,111.17594146728516,0.8093490600585938,0.24113187193870544,0.16510379314422607,-0.07602807879447937,0.30382126569747925,0.30407631397247314,0.0002550482749938965,0.25291574001312256,0.23666751384735107,-0.016248226165771484,0.5730103850364685,0.5925874710083008,-0.019577085971832275,0.1393287479877472,0.1393287479877472,131.59551191329956
crack0064_00.png,4.6965813636779785,110.27167510986328,110.114501953125,0.15717315673828125,112.87112426757812,107.2487564086914,5.622367858886719,0.25980934500694275,0.2988361120223999,0.03902676701545715,0.0,0.0,0.0,0.0,0.0,0.0,0.5683006644248962,0.5890926718711853,-0.020792007446289062,0.1057000607252121,0.1057000607252121,118.16823470592499
crack0064_01.png,-7.026758098602295,108.94646453857422,120.93772888183594,-11.991264343261719,107.80718994140625,104.89292907714844,2.9142608642578125,0.17889241874217987,0.23274807631969452,0.05385565757751465,0.0,0.0,0.0,0.04126185178756714,0.0,-0.04126185178756714,0.571864664554596,0.5846059322357178,-0.012741267681121826,0.13111965358257294,0.13111965358257294,127.592788875103
crack0064_02.png,1.8729791641235352,83.68413543701172,84.29106903076172,-0.60693359375,108.75685119628906,105.05880737304688,3.6980438232421875,0.23439106345176697,0.2556675374507904,0.021276473999023438,0.0,0.0,0.0,0.09848898649215698,0.0,-0.09848898649215698,0.5723413825035095,0.5898769497871399,-0.01753556728363037,0.13528594374656677,0.13528594374656677,93.5192164182663
crack0064_03.png,4.173903226852417,105.18803405761719,98.9608154296875,6.2272186279296875,111.38277435302734,108.28966522216797,3.093109130859375,0.2657293975353241,0.23772887885570526,-0.028000518679618835,0.0,0.0,0.0,0.03439837694168091,0.0,-0.03439837694168091,0.5643637180328369,0.5906266570091248,-0.026262938976287842,0.12938076257705688,0.12938076257705688,111.43575829267502
crack0064_04.png,9.19829044342041,110.47049713134766,107.96783447265625,2.5026626586914062,111.98291015625,110.4489974975586,1.5339126586914062,0.18665838241577148,0.27219781279563904,0.08553943037986755,0.0,0.0,0.0,0.0,0.0,0.0,0.5719761848449707,0.5910034775733948,-0.019027292728424072,0.11533595621585846,0.11533595621585846,121.65980195999146
crack0064_05.png,-6.455066776275634,98.84385681152344,104.90093994140625,-6.0570831298828125,106.8524169921875,107.47877502441406,-0.6263580322265625,0.24616536498069763,0.2551720142364502,0.009006649255752563,0.0,0.0,0.0,0.0,0.0,0.0,0.5679623484611511,0.5896616578102112,-0.02169930934906006,0.1114705502986908,0.1114705502986908,110.68894279003143
crack0064_06.png,-5.591565132141113,121.41188049316406,127.44892883300781,-6.03704833984375,107.17947387695312,105.03263854980469,2.1468353271484375,0.27853429317474365,0.2875939607620239,0.009059667587280273,0.0,0.0,0.0,0.0,0.0,0.0,0.5663936734199524,0.5948442816734314,-0.028450608253479004,0.11630871891975403,0.11630871891975403,131.51211833953857
crack0064_07.png,-0.14742760658264142,94.16394805908203,92.65660095214844,1.5073471069335938,111.42153930664062,109.21831512451172,2.2032241821289062,0.22215084731578827,0.20322012901306152,-0.018930718302726746,0.0,0.0,0.0,0.0,0.0,0.0,0.5675009489059448,0.5930411219596863,-0.025540173053741455,0.10692232847213745,0.10692232847213745,104.938711643219
crack0064_08.png,2.2726552486419678,103.394775390625,106.2109146118164,-2.8161392211914062,108.53257751464844,103.67593383789062,4.8566436767578125,0.1998140662908554,0.24684935808181763,0.04703529179096222,0.0,0.0,0.0,0.0,0.0,0.0,0.5679123401641846,0.5833294987678528,-0.015417158603668213,0.10253222286701202,0.10253222286701202,116.14718097448349
crack0064_09.png,-0.737500476837158,107.01464080810547,112.12562561035156,-5.110984802246094,109.13040161132812,106.88143920898438,2.24896240234375,0.21886831521987915,0.27342623472213745,0.0545579195022583,0.0,0.0,0.0,0.03155779838562012,0.1108672022819519,0.07930940389633179,0.5734832882881165,0.5957516431808472,-0.022268354892730713,0.10901565849781036,0.10901565849781036,120.26810002326965
crack0065_00.png,-9.624517059326172,90.72200775146484,90.09202575683594,0.6299819946289062,104.25537109375,103.92416381835938,0.331207275390625,0.3307221829891205,0.3591456115245819,0.028423428535461426,0.28965866565704346,0.0,-0.28965866565704346,0.3802534341812134,0.24230480194091797,-0.1379486322402954,0.5701422691345215,0.5970050096511841,-0.026862740516662598,0.16977302730083466,0.16977302730083466,94.44388616085052
crack0065_01.png,5.797181034088135,107.58330535888672,97.39111328125,10.192192077636719,107.9606704711914,107.37803649902344,0.5826339721679688,0.19857217371463776,0.16536636650562286,-0.03320580720901489,0.027506113052368164,0.0,-0.027506113052368164,0.08919000625610352,0.0,-0.08919000625610352,0.5676124691963196,0.5893963575363159,-0.021783888339996338,0.14008349180221558,0.14008349180221558,116.14108163118362
crack0065_02.png,10.250786590576173,109.42021942138672,96.7244644165039,12.695755004882812,111.77217864990234,109.11799621582031,2.6541824340820312,0.3241451382637024,0.3089732825756073,-0.015171855688095093,0.03768754005432129,0.0,-0.03768754005432129,0.12318587303161621,0.05913931131362915,-0.06404656171798706,0.5720722675323486,0.5917070508003235,-0.019634783267974854,0.2562011480331421,0.2562011480331421,108.20222699642181
crack0065_03.png,-3.645720672607422,104.73035430908203,101.319580078125,3.4107742309570312,108.2869644165039,107.61703491210938,0.6699295043945312,0.21310290694236755,0.17893758416175842,-0.03416532278060913,0.09383136034011841,0.0,-0.09383136034011841,0.09924054145812988,0.0,-0.09924054145812988,0.5677700638771057,0.5887197256088257,-0.02094966173171997,0.15640142560005188,0.15640142560005188,115.83750116825104
crack0065_04.png,-9.427744579315185,98.56044006347656,101.57122039794922,-3.0107803344726562,113.43341064453125,113.99089813232422,-0.5574874877929688,0.2948318123817444,0.2870275378227234,-0.007804274559020996,0.11922526359558105,0.0,-0.11922526359558105,0.2590300440788269,0.13215351104736328,-0.12687653303146362,0.568342924118042,0.5883583426475525,-0.020015418529510498,0.2003212720155716,0.2003212720155716,106.37851166725159
crack0065_05.png,-6.134725761413574,99.38525390625,96.82259368896484,2.5626602172851562,109.23367309570312,106.08148193359375,3.152191162109375,0.29416510462760925,0.32175910472869873,0.027594000101089478,0.2785159945487976,0.0,-0.2785159945487976,0.35806262493133545,0.15355318784713745,-0.204509437084198,0.5631564855575562,0.5887850522994995,-0.02562856674194336,0.1844850331544876,0.1844850331544876,104.00541961193085
crack0065_06.png,-7.741659450531006,98.6684799194336,95.90476989746094,2.7637100219726562,110.19544219970703,110.13531494140625,0.06012725830078125,0.3141941726207733,0.32675057649612427,0.012556403875350952,0.2650573253631592,0.0,-0.2650573253631592,0.3267003893852234,0.07516640424728394,-0.25153398513793945,0.5713110566139221,0.5946020483970642,-0.02329099178314209,0.21376949548721313,0.21376949548721313,102.21905648708344
crack0065_07.png,-10.6346275806427,99.04144287109375,104.37213897705078,-5.330696105957031,104.90721130371094,107.59138488769531,-2.684173583984375,0.22442282736301422,0.2674337327480316,0.043010905385017395,0.17130547761917114,0.0,-0.17130547761917114,0.2641776204109192,0.0,-0.2641776204109192,0.5652902722358704,0.585763156414032,-0.02047288417816162,0.1386987268924713,0.1386987268924713,111.67194753885269
crack0065_08.png,-10.712408542633057,90.32222747802734,97.99713897705078,-7.6749114990234375,104.67416381835938,106.59234619140625,-1.918182373046875,0.2374991774559021,0.26997846364974976,0.032479286193847656,0.09471684694290161,0.0,-0.09471684694290161,0.19038212299346924,0.0,-0.19038212299346924,0.5624529123306274,0.5894502401351929,-0.02699732780456543,0.15920878946781158,0.15920878946781158,103.48774218559265
crack0065_09.png,4.320382118225098,113.37896728515625,107.3556137084961,6.023353576660156,116.55006408691406,109.9405288696289,6.609535217285156,0.2416480928659439,0.20349742472171783,-0.038150668144226074,0.0,0.0,0.0,0.0,0.0,0.0,0.5648096799850464,0.5971779823303223,-0.03236830234527588,0.16055269539356232,0.16055269539356232,122.04456430673599
crack0066_00.png,-1.7267545700073241,136.7958526611328,135.06663513183594,1.729217529296875,121.1431884765625,123.24960327148438,-2.106414794921875,0.2248392254114151,0.24178506433963776,0.016945838928222656,0.14372599124908447,0.07073909044265747,-0.072986900806427,0.23696869611740112,0.2364017367362976,-0.0005669593811035156,0.5676701068878174,0.5939100384712219,-0.02623993158340454,0.127351313829422,0.127351313829422,146.19729191064835
crack0066_01.png,4.1192686557769775,118.63512420654297,109.8662338256836,8.768890380859375,114.43740844726562,120.1422119140625,-5.704803466796875,0.2003852277994156,0.22702261805534363,0.02663739025592804,0.3853644132614136,0.29260873794555664,-0.09275567531585693,0.44033926725387573,0.3663988709449768,-0.07394039630889893,0.5706613063812256,0.5903729200363159,-0.019711613655090332,0.16142308712005615,0.16142308712005615,125.84248214960098
crack0066_02.png,13.611159229278563,117.4220199584961,102.51263427734375,14.909385681152344,117.98210144042969,115.53182983398438,2.4502716064453125,0.1736081838607788,0.20356354117393494,0.029955357313156128,0.15209221839904785,0.0549616813659668,-0.09713053703308105,0.316489577293396,0.3078671097755432,-0.008622467517852783,0.5743790864944458,0.5941176414489746,-0.01973855495452881,0.12243487685918808,0.12243487685918808,123.31554174423218
crack0066_03.png,15.627440547943117,125.40921020507812,107.52658081054688,17.88262939453125,113.51177978515625,111.90592193603516,1.6058578491210938,0.2074771374464035,0.22894711792469025,0.021469980478286743,0.26283466815948486,0.16256213188171387,-0.100272536277771,0.3523596525192261,0.3405648469924927,-0.011794805526733398,0.5718300938606262,0.586935818195343,-0.015105724334716797,0.1330152153968811,0.1330152153968811,127.49669998884201
crack0066_04.png,-8.390825605392456,132.2767333984375,140.1272735595703,-7.8505401611328125,129.8928680419922,117.5556640625,12.337203979492188,0.24000990390777588,0.184987410902977,-0.05502249300479889,0.2675195336341858,0.26910901069641113,0.0015894770622253418,0.34234917163848877,0.3468400835990906,0.004490911960601807,0.5661130547523499,0.5945367217063904,-0.028423666954040527,0.1267601102590561,0.1267601102590561,148.8842276930809
crack0066_05.png,4.752243900299073,120.95010375976562,114.8855209350586,6.064582824707031,119.24284362792969,114.81533813476562,4.4275054931640625,0.25195324420928955,0.26449137926101685,0.012538135051727295,0.08567768335342407,0.0,-0.08567768335342407,0.16829651594161987,0.17883241176605225,0.010535895824432373,0.5673010349273682,0.5837831497192383,-0.016482114791870117,0.11652204394340515,0.11652204394340515,126.15194368362427
crack0066_06.png,11.67585129737854,117.41249084472656,107.07420349121094,10.338287353515625,114.66753387451172,114.55545043945312,0.11208343505859375,0.19713611900806427,0.261016309261322,0.06388019025325775,0.08756053447723389,0.0,-0.08756053447723389,0.09896719455718994,0.021674156188964844,-0.0772930383682251,0.5775470733642578,0.5854286551475525,-0.007881581783294678,0.10958243161439896,0.10958243161439896,123.832326233387
crack0066_07.png,13.018892002105712,132.31460571289062,117.23567962646484,15.078926086425781,121.76776123046875,122.30955505371094,-0.5417938232421875,0.20404347777366638,0.23628053069114685,0.03223705291748047,0.0900956392288208,0.0,-0.0900956392288208,0.16845208406448364,0.12415260076522827,-0.04429948329925537,0.5731141567230225,0.5935755372047424,-0.02046138048171997,0.12190040946006775,0.12190040946006775,136.27555549144745
crack0066_08.png,22.00018882751465,133.93763732910156,112.41718292236328,21.52045440673828,131.82359313964844,115.49333190917969,16.33026123046875,0.1979650855064392,0.21153712272644043,0.01357203722000122,0.32300347089767456,0.16513073444366455,-0.15787273645401,0.394522488117218,0.32267940044403076,-0.07184308767318726,0.5721491575241089,0.5927297472953796,-0.020580589771270752,0.14106371998786926,0.14106371998786926,135.00869488716125
crack0066_09.png,4.5638550281524655,121.33850860595703,110.89112854003906,10.447380065917969,115.3651123046875,116.04292297363281,-0.6778106689453125,0.21237842738628387,0.2012963593006134,-0.011082068085670471,0.1760694980621338,0.07943457365036011,-0.09663492441177368,0.2744482755661011,0.2656564712524414,-0.008791804313659668,0.5727797150611877,0.5942906737327576,-0.021510958671569824,0.13129043579101562,0.13129043579101562,127.80866396427155
crack0067_00.png,5.965945672988892,132.30520629882812,126.3836669921875,5.921539306640625,110.73387145996094,107.4336166381836,3.3002548217773438,0.2252073585987091,0.1985735446214676,-0.026633813977241516,0.2677062153816223,0.3044332265853882,0.03672701120376587,0.4315958023071289,0.44186753034591675,0.010271728038787842,0.5732333660125732,0.5885851383209229,-0.01535177230834961,0.11632649600505829,0.11632649600505829,140.97342950105667
crack0067_01.png,10.900997543334961,121.85588073730469,112.8182144165039,9.037666320800781,118.84468078613281,113.85454559326172,4.990135192871094,0.26084208488464355,0.2515110373497009,-0.009331047534942627,0.3071286678314209,0.3416999578475952,0.034571290016174316,0.4167596101760864,0.42198342084884644,0.00522381067276001,0.5729526877403259,0.5921799540519714,-0.019227266311645508,0.15459060668945312,0.15459060668945312,125.9335834980011
crack0067_02.png,3.9903262138366697,118.11888122558594,117.01280212402344,1.1060791015625,109.50032043457031,105.09194946289062,4.4083709716796875,0.28391900658607483,0.28445538878440857,0.0005363821983337402,0.24789321422576904,0.291797935962677,0.04390472173690796,0.37719935178756714,0.4024253487586975,0.02522599697113037,0.5711149573326111,0.5880699753761292,-0.016955018043518066,0.1620991826057434,0.1620991826057434,124.05350029468536
crack0067_03.png,-4.201653671264649,116.54947662353516,122.2730941772461,-5.7236175537109375,106.11430358886719,106.90975189208984,-0.7954483032226562,0.2243085652589798,0.24679966270923615,0.022491097450256348,0.24881964921951294,0.26608866453170776,0.017269015312194824,0.419128954410553,0.417804479598999,-0.001324474811553955,0.5693041086196899,0.5855517387390137,-0.01624763011932373,0.12374517321586609,0.12374517321586609,129.37484103441238
crack0067_04.png,10.824018716812134,129.71380615234375,125.48068237304688,4.233123779296875,110.25424194335938,107.83599090576172,2.4182510375976562,0.24572379887104034,0.3026695251464844,0.05694572627544403,0.1377895474433899,0.1847609281539917,0.04697138071060181,0.385908842086792,0.36542439460754395,-0.020484447479248047,0.5694809556007385,0.5897539258003235,-0.02027297019958496,0.1310989260673523,0.1310989260673523,136.44397336244583
crack0067_05.png,17.906292247772218,133.99900817871094,127.44007110595703,6.558937072753906,133.84930419921875,111.08148193359375,22.767822265625,0.2406620979309082,0.20107734203338623,-0.03958475589752197,0.06949567794799805,0.2262817621231079,0.15678608417510986,0.21425920724868774,0.34379565715789795,0.1295364499092102,0.5731872320175171,0.5947981476783752,-0.021610915660858154,0.12368305027484894,0.12368305027484894,142.44682502746582
crack0067_06.png,-2.6332250118255613,138.9735565185547,142.11619567871094,-3.14263916015625,113.1919174194336,114.36664581298828,-1.1747283935546875,0.15846145153045654,0.15315575897693634,-0.005305692553520203,0.22165828943252563,0.27734827995300293,0.055689990520477295,0.4135664701461792,0.39455246925354004,-0.01901400089263916,0.5682122111320496,0.5888081789016724,-0.020595967769622803,0.1147880107164383,0.1147880107164383,154.90785771608353
crack0067_07.png,5.104975891113281,112.1644515991211,112.00979614257812,0.15465545654296875,108.12447357177734,105.57628631591797,2.548187255859375,0.23498497903347015,0.24179966747760773,0.006814688444137573,0.15237432718276978,0.2566404342651367,0.10426610708236694,0.40068739652633667,0.41021156311035156,0.009524166584014893,0.5718300938606262,0.5914494395256042,-0.019619345664978027,0.12383198738098145,0.12383198738098145,121.64600270986557
crack0067_08.png,2.2035283088684086,119.46662902832031,118.22212219238281,1.2445068359375,109.18755340576172,103.83177947998047,5.35577392578125,0.2783394455909729,0.3173958659172058,0.03905642032623291,0.26768285036087036,0.18167942762374878,-0.08600342273712158,0.40739941596984863,0.3483997583389282,-0.05899965763092041,0.569500207901001,0.591191828250885,-0.021691620349884033,0.16230374574661255,0.16230374574661255,125.79168200492859
crack0067_09.png,-0.924653959274292,127.77953338623047,130.2027130126953,-2.4231796264648438,108.93506622314453,104.44422149658203,4.4908447265625,0.21723149716854095,0.21738111972808838,0.00014962255954742432,0.13840597867965698,0.1504230499267578,0.01201707124710083,0.33403438329696655,0.3371502161026001,0.003115832805633545,0.5680968761444092,0.5878584980964661,-0.019761621952056885,0.10964419692754745,0.10964419692754745,139.47157329320908
crack0068_00.png,-9.37910475730896,111.03767395019531,118.62574005126953,-7.588066101074219,106.43721008300781,112.08450317382812,-5.6472930908203125,0.22145390510559082,0.24436579644680023,0.02291189134120941,0.503842830657959,0.49286484718322754,-0.010977983474731445,0.43166202306747437,0.43511366844177246,0.0034516453742980957,0.5646135807037354,0.5877624154090881,-0.023148834705352783,0.17198505997657776,0.17198505997657776,125.0549693107605
crack0068_01.png,-3.296669101715088,112.70854949951172,113.05374145507812,-0.34519195556640625,111.62425231933594,111.95657348632812,-0.3323211669921875,0.2852112352848053,0.2887411415576935,0.0035299062728881836,0.43061530590057373,0.3801468014717102,-0.050468504428863525,0.4049533009529114,0.37605172395706177,-0.02890157699584961,0.5703613758087158,0.5974164009094238,-0.027055025100708008,0.1656772494316101,0.1656772494316101,119.66512739658356
crack0068_02.png,-0.2479150772094727,112.28736114501953,110.82469940185547,1.4626617431640625,104.73857879638672,105.64810943603516,-0.9095306396484375,0.26025086641311646,0.2583466172218323,-0.0019042491912841797,0.4754512310028076,0.4733222723007202,-0.0021289587020874023,0.4483864903450012,0.4513034224510193,0.0029169321060180664,0.5665513277053833,0.5942829847335815,-0.027731657028198242,0.18394359946250916,0.18394359946250916,119.82655262947083
crack0068_03.png,1.5412223815917967,123.92855072021484,121.52101135253906,2.4075393676757812,117.22756958007812,114.32291412353516,2.9046554565429688,0.2563910484313965,0.24182748794555664,-0.014563560485839844,0.41939443349838257,0.4255679249763489,0.006173491477966309,0.3988497257232666,0.4398776888847351,0.041027963161468506,0.5718377828598022,0.5995886325836182,-0.027750849723815918,0.1810351014137268,0.1810351014137268,132.19867706298828
crack0068_04.png,-3.7980185985565185,122.64241027832031,125.76128387451172,-3.1188735961914062,109.01055908203125,108.45267486572266,0.5578842163085938,0.2430032342672348,0.2561112642288208,0.013108029961585999,0.4329659938812256,0.4095519185066223,-0.02341407537460327,0.41564875841140747,0.41245394945144653,-0.0031948089599609375,0.5630642175674438,0.5884236693382263,-0.02535945177078247,0.1636948585510254,0.1636948585510254,133.15859979391098
crack0068_05.png,-20.33429546356201,126.02913665771484,141.75393676757812,-15.724800109863281,119.29460144042969,122.873291015625,-3.5786895751953125,0.2807307541370392,0.22335097193717957,-0.05737978219985962,0.2739013433456421,0.32741492986679077,0.05351358652114868,0.3082887530326843,0.3459444046020508,0.037655651569366455,0.5727489590644836,0.5909534692764282,-0.01820451021194458,0.13876783847808838,0.13876783847808838,144.12861716747284
crack0068_06.png,-15.889615440368653,128.79971313476562,140.4705047607422,-11.670791625976562,114.50579833984375,122.98153686523438,-8.475738525390625,0.21172425150871277,0.2088375985622406,-0.002886652946472168,0.4734354615211487,0.483582079410553,0.010146617889404297,0.43539267778396606,0.45178747177124023,0.01639479398727417,0.5625105500221252,0.5875970721244812,-0.025086522102355957,0.15039141476154327,0.15039141476154327,145.60873591899872
crack0068_07.png,-15.969823312759399,123.91783142089844,132.2707977294922,-8.35296630859375,116.98607635498047,120.37788391113281,-3.3918075561523438,0.3240683674812317,0.2310745269060135,-0.0929938405752182,0.3520336151123047,0.39895355701446533,0.046919941902160645,0.34301698207855225,0.357502818107605,0.014485836029052734,0.5728796720504761,0.5903152823448181,-0.01743561029434204,0.17055994272232056,0.17055994272232056,137.84245425462723
crack0068_08.png,2.397844982147217,137.15811157226562,134.29197692871094,2.8661346435546875,125.02288818359375,118.32057189941406,6.7023162841796875,0.26227957010269165,0.2335812747478485,-0.02869829535484314,0.34573739767074585,0.3535270094871521,0.00778961181640625,0.34891581535339355,0.3546120524406433,0.005696237087249756,0.5696616768836975,0.5987851023674011,-0.029123425483703613,0.17752787470817566,0.17752787470817566,145.66157186031342
crack0068_09.png,-3.055425691604614,122.30900573730469,122.1219482421875,0.1870574951171875,113.21292114257812,113.01481628417969,0.1981048583984375,0.23127679526805878,0.20366913080215454,-0.027607664465904236,0.403542160987854,0.39328837394714355,-0.01025378704071045,0.3797096014022827,0.3666483759880066,-0.013061225414276123,0.5729065537452698,0.5904805660247803,-0.017574012279510498,0.1745554804801941,0.1745554804801941,133.61455178260803
crack0069_00.png,13.372097158432005,143.3343048095703,123.49575805664062,19.838546752929688,113.1537857055664,112.70436096191406,0.44942474365234375,0.20771285891532898,0.1973228007555008,-0.010390058159828186,0.13842648267745972,0.02054440975189209,-0.11788207292556763,0.2678852081298828,0.21177732944488525,-0.05610787868499756,0.5679123401641846,0.595405638217926,-0.027493298053741455,0.10762615501880646,0.10762615501880646,145.39188891649246
crack0069_01.png,12.318978786468506,139.56629943847656,118.30612182617188,21.260177612304688,109.48651123046875,113.68645477294922,-4.199943542480469,0.21570183336734772,0.19593103229999542,-0.019770801067352295,0.286307156085968,0.16085416078567505,-0.12545299530029297,0.42257940769195557,0.35096055269241333,-0.07161885499954224,0.5694040656089783,0.5859400033950806,-0.016535937786102295,0.10248066484928131,0.10248066484928131,140.61794883012772
crack0069_02.png,17.261756134033202,156.91802978515625,135.067626953125,21.85040283203125,110.44947814941406,110.214599609375,0.2348785400390625,0.2064909040927887,0.18926271796226501,-0.01722818613052368,0.23919391632080078,0.17267531156539917,-0.06651860475540161,0.4008089303970337,0.34879451990127563,-0.05201441049575806,0.5715839862823486,0.5876739621162415,-0.016089975833892822,0.10698117315769196,0.10698117315769196,158.14402377605438
crack0069_03.png,21.51902060508728,150.21803283691406,123.26883697509766,26.949195861816406,108.68550872802734,106.85472869873047,1.830780029296875,0.26970499753952026,0.2404041737318039,-0.02930082380771637,0.23080593347549438,0.14719468355178833,-0.08361124992370605,0.4180322289466858,0.36052238941192627,-0.05750983953475952,0.5726259350776672,0.5844752192497253,-0.011849284172058105,0.10339104384183884,0.10339104384183884,145.69819325208664
crack0069_04.png,22.042511558532716,141.5355224609375,118.83882141113281,22.696701049804688,108.07577514648438,108.61656188964844,-0.5407867431640625,0.22752833366394043,0.24654817581176758,0.01901984214782715,0.03736412525177002,0.0,-0.03736412525177002,0.28910940885543823,0.24309539794921875,-0.04601401090621948,0.5735909342765808,0.5852133631706238,-0.011622428894042969,0.09426037222146988,0.09426037222146988,139.94400644302368
crack0069_05.png,20.94498028755188,140.77691650390625,122.25545501708984,18.521461486816406,126.13807678222656,119.33012390136719,6.807952880859375,0.2294980138540268,0.23875099420547485,0.009252980351448059,0.31874752044677734,0.3103547692298889,-0.008392751216888428,0.38022297620773315,0.342327356338501,-0.03789561986923218,0.5689427256584167,0.5865474939346313,-0.0176047682762146,0.13773605227470398,0.13773605227470398,141.2082046866417
crack0069_06.png,14.542274379730223,141.73045349121094,120.89683532714844,20.8336181640625,108.9111557006836,108.18867492675781,0.7224807739257812,0.1853502243757248,0.14058701694011688,-0.04476320743560791,0.2535853981971741,0.19339388608932495,-0.06019151210784912,0.37988507747650146,0.3086082935333252,-0.07127678394317627,0.5730026960372925,0.5877931714057922,-0.014790475368499756,0.12345391511917114,0.12345391511917114,146.39015024900436
crack0069_07.png,14.946280336380006,134.5026397705078,114.39419555664062,20.108444213867188,111.58292388916016,114.36865997314453,-2.785736083984375,0.22126418352127075,0.19027917087078094,-0.030985012650489807,0.2069627046585083,0.1819881796836853,-0.024974524974822998,0.36304861307144165,0.31042367219924927,-0.05262494087219238,0.5729642510414124,0.5872164368629456,-0.014252185821533203,0.10851873457431793,0.10851873457431793,136.52032488584518
crack0069_08.png,19.14565863609314,146.70188903808594,125.29315185546875,21.408737182617188,121.15894317626953,116.32742309570312,4.831520080566406,0.25900760293006897,0.2454221099615097,-0.013585492968559265,0.08204776048660278,0.020320415496826172,-0.06172734498977661,0.3596322536468506,0.3316735625267029,-0.027958691120147705,0.5692272186279297,0.5852210521697998,-0.015993833541870117,0.09932678937911987,0.09932678937911987,144.68103593587875
crack0069_09.png,27.306527853012085,148.42552185058594,122.03677368164062,26.388748168945312,123.30740356445312,114.94337463378906,8.364028930664062,0.1858656257390976,0.1829334795475006,-0.002932146191596985,0.25865638256073,0.21497827768325806,-0.043678104877471924,0.3329070806503296,0.2803370952606201,-0.05256998538970947,0.5766013264656067,0.5877547264099121,-0.01115339994430542,0.11882707476615906,0.11882707476615906,147.76532804965973
crack0070_00.png,-9.328730392456055,128.34617614746094,128.66053771972656,-0.314361572265625,111.7191390991211,115.46207427978516,-3.7429351806640625,0.32367080450057983,0.24030756950378418,-0.08336323499679565,0.0,0.0,0.0,0.0,0.0,0.0,0.5695617198944092,0.590765118598938,-0.02120339870452881,0.0929703339934349,0.0929703339934349,137.71550750732422
crack0070_01.png,12.618534183502197,128.18341064453125,121.79039764404297,6.393013000488281,109.53815460205078,107.22756958007812,2.3105850219726562,0.29193949699401855,0.3700241446495056,0.07808464765548706,0.0,0.0,0.0,0.0,0.0,0.0,0.5677623748779297,0.5913994908332825,-0.023637115955352783,0.09318257868289948,0.09318257868289948,131.1265139579773
crack0070_02.png,14.572974681854248,132.93997192382812,121.46490478515625,11.475067138671875,107.99874114990234,110.18765258789062,-2.1889114379882812,0.2951381504535675,0.3532802164554596,0.05814206600189209,0.0,0.0,0.0,0.0,0.0,0.0,0.5699769258499146,0.5869242548942566,-0.01694732904434204,0.0891578197479248,0.0891578197479248,132.9711195230484
crack0070_03.png,10.571889305114746,134.77223205566406,125.64008331298828,9.132148742675781,111.7032470703125,108.81451416015625,2.88873291015625,0.3305251896381378,0.3413408696651459,0.010815680027008057,0.0,0.0,0.0,0.0,0.0,0.0,0.5739100575447083,0.5884352326393127,-0.014525175094604492,0.08928963541984558,0.08928963541984558,133.9120556116104
crack0070_04.png,5.376370143890381,129.74757385253906,122.99333953857422,6.754234313964844,109.03321838378906,109.72256469726562,-0.6893463134765625,0.3627496063709259,0.3567527234554291,-0.005996882915496826,0.0,0.0,0.0,0.0,0.0,0.0,0.5707535743713379,0.5863129496574402,-0.015559375286102295,0.09469710290431976,0.09469710290431976,128.4178112745285
crack0070_05.png,9.38486385345459,138.841064453125,132.449462890625,6.3916015625,126.38597869873047,117.18099975585938,9.204978942871094,0.18919992446899414,0.1941336691379547,0.004933744668960571,0.0,0.0,0.0,0.0,0.0,0.0,0.5681238174438477,0.595209538936615,-0.027085721492767334,0.08965452015399933,0.08965452015399933,148.10164976119995
crack0070_06.png,16.334982681274415,138.2152862548828,123.13029479980469,15.084991455078125,113.94143676757812,111.07511901855469,2.8663177490234375,0.39390742778778076,0.4068750739097595,0.01296764612197876,0.0,0.0,0.0,0.0,0.0,0.0,0.5736985802650452,0.5970472693443298,-0.023348689079284668,0.09480579942464828,0.09480579942464828,130.9202356338501
crack0070_07.png,1.0406572341918947,122.98210906982422,119.4419937133789,3.5401153564453125,106.91331481933594,106.2724380493164,0.6408767700195312,0.3295130431652069,0.3015706241130829,-0.027942419052124023,0.0,0.0,0.0,0.0,0.0,0.0,0.5716186165809631,0.5846289992332458,-0.013010382652282715,0.08920380473136902,0.08920380473136902,126.50297391414642
crack0070_08.png,9.974805355072021,137.2931365966797,127.61061096191406,9.682525634765625,110.91087341308594,109.65068817138672,1.2601852416992188,0.29848355054855347,0.3076738715171814,0.00919032096862793,0.0,0.0,0.0,0.0,0.0,0.0,0.5640638470649719,0.5877393484115601,-0.023675501346588135,0.09187768399715424,0.09187768399715424,138.05243468284607
crack0070_09.png,10.403458881378175,126.73644256591797,129.24545288085938,-2.5090103149414062,120.45358276367188,112.0862045288086,8.367378234863281,0.19008296728134155,0.3206208050251007,0.13053783774375916,0.0,0.0,0.0,0.0,0.0,0.0,0.5710611343383789,0.5929988622665405,-0.02193772792816162,0.09104660898447037,0.09104660898447037,140.3059241771698
crack0071_00.png,3.882721567153931,145.7769317626953,136.34010314941406,9.43682861328125,112.78416442871094,117.0619888305664,-4.277824401855469,0.2151385247707367,0.17901594936847687,-0.03612257540225983,0.0,0.0,0.0,0.0,0.0,0.0,0.5696386098861694,0.5934678912162781,-0.023829281330108643,0.09117661416530609,0.09117661416530609,154.0562761425972
crack0071_01.png,-14.885664796829223,119.51697540283203,143.06517028808594,-23.548194885253906,149.2457275390625,124.60902404785156,24.636703491210938,0.15622162818908691,0.15754233300685883,0.0013207048177719116,0.0,0.0,0.0,0.0,0.0,0.0,0.5653941035270691,0.5978392958641052,-0.03244519233703613,0.09329341351985931,0.09329341351985931,145.83134698867798
crack0071_02.png,18.04677653312683,164.90365600585938,146.03692626953125,18.866729736328125,119.39431762695312,119.55384826660156,-0.1595306396484375,0.10724838823080063,0.11257556825876236,0.005327180027961731,0.0,0.0,0.0,0.0,0.0,0.0,0.568823516368866,0.5983814001083374,-0.029557883739471436,0.08960679918527603,0.08960679918527603,172.97064384818077
crack0071_03.png,-14.990519547462462,135.63426208496094,155.98818969726562,-20.353927612304688,133.7232666015625,125.575927734375,8.1473388671875,0.11924060434103012,0.15398557484149933,0.03474497050046921,0.0,0.0,0.0,0.0,0.0,0.0,0.5707035660743713,0.5875816941261292,-0.016878128051757812,0.08884935826063156,0.08884935826063156,162.16005739569664
crack0071_04.png,-19.826045513153076,126.35002899169922,142.1680908203125,-15.818061828613281,115.608154296875,120.85404968261719,-5.2458953857421875,0.22065918147563934,0.20949934422969818,-0.011159837245941162,0.0,0.0,0.0,0.0,0.0,0.0,0.569980800151825,0.5954017639160156,-0.025420963764190674,0.08938324451446533,0.08938324451446533,145.5051698088646
crack0071_05.png,15.09866132736206,150.56898498535156,138.93234252929688,11.636642456054688,111.95211791992188,114.67098999023438,-2.7188720703125,0.20199891924858093,0.27103304862976074,0.06903412938117981,0.0,0.0,0.0,0.0,0.0,0.0,0.5647674202919006,0.5890964865684509,-0.024329066276550293,0.09053736925125122,0.09053736925125122,156.1945880651474
crack0071_06.png,3.357860422134399,167.53179931640625,161.1248016357422,6.4069976806640625,122.13028717041016,121.25337982177734,0.8769073486328125,0.07232137024402618,0.08846384286880493,0.016142472624778748,0.0860636830329895,0.0,-0.0860636830329895,0.06776565313339233,0.0,-0.06776565313339233,0.5684698224067688,0.5996885895729065,-0.031218767166137695,0.08841351419687271,0.08841351419687271,183.9765618443489
crack0071_07.png,8.373081684112549,129.9742431640625,130.49742126464844,-0.5231781005859375,139.23532104492188,123.61882781982422,15.616493225097656,0.10634131729602814,0.14875276386737823,0.0424114465713501,0.0,0.0,0.0,0.0,0.0,0.0,0.5677469968795776,0.5863283276557922,-0.0185813307762146,0.09236839413642883,0.09236839413642883,147.30848628282547
crack0071_08.png,-6.193077468872071,131.1848907470703,137.02455139160156,-5.83966064453125,122.57807922363281,123.13076782226562,-0.5526885986328125,0.23874032497406006,0.25105950236320496,0.012319177389144897,0.0,0.0,0.0,0.0,0.0,0.0,0.5666090250015259,0.5945559144020081,-0.027946889400482178,0.09277866780757904,0.09277866780757904,143.56253814697266
crack0071_09.png,16.615886068344118,140.57211303710938,127.4908676147461,13.081245422363281,118.44813537597656,114.63948059082031,3.80865478515625,0.18750357627868652,0.22218193113803864,0.03467835485935211,0.0,0.0,0.0,0.06196486949920654,0.0,-0.06196486949920654,0.5670319199562073,0.5861091613769531,-0.01907724142074585,0.09516450762748718,0.09516450762748718,146.22564220428467
crack0072_00.png,-2.9988838195800778,113.44190216064453,117.49581146240234,-4.0539093017578125,112.87834167480469,111.96859741210938,0.9097442626953125,0.3082171082496643,0.2992640435695648,-0.008953064680099487,0.45837312936782837,0.5189207792282104,0.06054764986038208,0.43924927711486816,0.4745720624923706,0.03532278537750244,0.5659092664718628,0.5912725925445557,-0.02536332607269287,0.1973726600408554,0.1973726600408554,121.16391789913177
crack0072_01.png,-8.265136814117431,102.7376937866211,112.943359375,-10.205665588378906,108.4088363647461,109.9046401977539,-1.4958038330078125,0.3457835018634796,0.3374057710170746,-0.00837773084640503,0.442160427570343,0.5406993627548218,0.09853893518447876,0.4500596523284912,0.49278825521469116,0.04272860288619995,0.570415198802948,0.5887274146080017,-0.01831221580505371,0.18889354169368744,0.18889354169368744,111.14527690410614
crack0072_02.png,12.706235218048096,109.55474853515625,114.51277160644531,-4.9580230712890625,110.13099670410156,107.25193786621094,2.879058837890625,0.26625555753707886,0.2760939598083496,0.009838402271270752,0.13747912645339966,0.5503029823303223,0.4128238558769226,0.23321884870529175,0.5132215023040771,0.2800026535987854,0.5698269605636597,0.5895117521286011,-0.019684791564941406,0.16502349078655243,0.16502349078655243,119.63889670372009
crack0072_03.png,-0.9925939559936525,108.16207885742188,111.40013885498047,-3.2380599975585938,116.65066528320312,118.16072082519531,-1.5100555419921875,0.22737202048301697,0.2498472034931183,0.02247518301010132,0.4781252145767212,0.5251502394676208,0.04702502489089966,0.44927823543548584,0.457830011844635,0.00855177640914917,0.5666051506996155,0.5873433351516724,-0.020738184452056885,0.15579535067081451,0.15579535067081451,119.63252103328705
crack0072_04.png,-1.1857597351074218,111.9827651977539,114.11504364013672,-2.1322784423828125,107.90460968017578,105.8763427734375,2.0282669067382812,0.2383567839860916,0.23291568458080292,-0.005441099405288696,0.45078885555267334,0.4868621826171875,0.03607332706451416,0.4040139317512512,0.45671218633651733,0.05269825458526611,0.5681315064430237,0.5899423360824585,-0.021810829639434814,0.1598973125219345,0.1598973125219345,122.67165678739548
crack0072_05.png,-10.21103639602661,109.58168029785156,119.00426483154297,-9.422584533691406,102.03015899658203,103.67185974121094,-1.6417007446289062,0.3107397258281708,0.2609323561191559,-0.04980736970901489,0.3600093722343445,0.47906339168548584,0.11905401945114136,0.3642934560775757,0.4659830927848816,0.10168963670730591,0.5718492865562439,0.5945828557014465,-0.022733569145202637,0.21360689401626587,0.21360689401626587,122.42034542560577
crack0072_06.png,-1.8244211196899416,122.32457733154297,126.24309539794922,-3.91851806640625,117.17605590820312,119.9061279296875,-2.730072021484375,0.2585785388946533,0.26156237721443176,0.0029838383197784424,0.40434718132019043,0.49954360723495483,0.0951964259147644,0.3779670000076294,0.47733867168426514,0.09937167167663574,0.5683852434158325,0.5898962020874023,-0.021510958671569824,0.18629969656467438,0.18629969656467438,132.364972114563
crack0072_07.png,-16.049715995788574,119.00736999511719,133.36383056640625,-14.356460571289062,115.17512512207031,124.44491577148438,-9.269790649414062,0.2543248236179352,0.25257205963134766,-0.0017527639865875244,0.4677945375442505,0.5528045892715454,0.08501005172729492,0.47143876552581787,0.5299410820007324,0.05850231647491455,0.5711957216262817,0.6023337244987488,-0.03113800287246704,0.17512401938438416,0.17512401938438416,135.1246256828308
crack0072_08.png,15.86608428955078,100.30711364746094,105.05626678466797,-4.749153137207031,106.7552490234375,106.9299545288086,-0.17470550537109375,0.32042956352233887,0.3856823444366455,0.06525278091430664,0.09398555755615234,0.4986318349838257,0.40464627742767334,0.29085856676101685,0.49930310249328613,0.2084445357322693,0.5694271326065063,0.5874509811401367,-0.01802384853363037,0.1874488741159439,0.1874488741159439,106.95395565032959
crack0072_09.png,2.413272666931153,97.33243560791016,105.07147979736328,-7.739044189453125,109.7672348022461,109.80867004394531,-0.04143524169921875,0.3430187702178955,0.3366066813468933,-0.006412088871002197,0.24424350261688232,0.5336852073669434,0.28944170475006104,0.330322265625,0.48755741119384766,0.15723514556884766,0.5714532732963562,0.5938485264778137,-0.02239525318145752,0.1872614026069641,0.1872614026069641,104.75949788093567
crack0073_00.png,3.021388816833496,98.98152160644531,101.28488159179688,-2.3033599853515625,105.60647583007812,103.04579162597656,2.5606842041015625,0.3285151422023773,0.37415480613708496,0.04563966393470764,0.41806405782699585,0.4549078941345215,0.036843836307525635,0.46950018405914307,0.48653513193130493,0.017034947872161865,0.5693656206130981,0.5899769067764282,-0.020611286163330078,0.2245386391878128,0.2245386391878128,104.02136933803558
crack0073_01.png,0.18276290893554759,122.38209533691406,116.43961334228516,5.942481994628906,126.66877746582031,116.99452209472656,9.67425537109375,0.25124478340148926,0.179118812084198,-0.07212597131729126,0.4337785243988037,0.35888659954071045,-0.07489192485809326,0.39424455165863037,0.2821616530418396,-0.11208289861679077,0.5705921053886414,0.5921837687492371,-0.021591663360595703,0.22010314464569092,0.22010314464569092,132.3510763645172
crack0073_02.png,-13.173099088668824,111.93279266357422,123.93799591064453,-12.005203247070312,108.39497375488281,112.6318359375,-4.2368621826171875,0.17143034934997559,0.171910360455513,0.00048001110553741455,0.3350691795349121,0.365800142288208,0.0307309627532959,0.3185499310493469,0.2793540358543396,-0.039195895195007324,0.5718454718589783,0.5903652310371399,-0.01851975917816162,0.13190746307373047,0.13190746307373047,131.26418256759644
crack0073_03.png,-13.53774652481079,113.52639770507812,119.89813995361328,-6.371742248535156,107.16996765136719,109.50603485107422,-2.3360671997070312,0.3024601638317108,0.23370495438575745,-0.06875520944595337,0.4194999933242798,0.4190756678581238,-0.00042432546615600586,0.45101094245910645,0.440528929233551,-0.01048201322555542,0.5736485719680786,0.5915032625198364,-0.017854690551757812,0.19915568828582764,0.19915568828582764,126.35010206699371
crack0073_04.png,-10.519572830200195,109.59896087646484,117.67535400390625,-8.076393127441406,114.06963348388672,112.37268829345703,1.6969451904296875,0.2526983916759491,0.23634767532348633,-0.01635071635246277,0.2950419783592224,0.2711324095726013,-0.023909568786621094,0.24573951959609985,0.1941370964050293,-0.05160242319107056,0.5689772963523865,0.5904152393341064,-0.02143794298171997,0.16376402974128723,0.16376402974128723,123.07290649414062
crack0073_05.png,-11.996523761749268,112.87857818603516,124.02495574951172,-11.146377563476562,106.50969696044922,108.19405364990234,-1.684356689453125,0.3148529827594757,0.32057973742485046,0.005726754665374756,0.3921305537223816,0.40198785066604614,0.00985729694366455,0.4596461057662964,0.45582419633865356,-0.0038219094276428223,0.5681660771369934,0.5938869714736938,-0.02572089433670044,0.15981093049049377,0.15981093049049377,123.31606686115265
crack0073_06.png,-7.848971796035766,108.26688385009766,116.68830871582031,-8.421424865722656,109.59523010253906,110.29847717285156,-0.7032470703125,0.25101402401924133,0.24688850343227386,-0.004125520586967468,0.3123711943626404,0.360801100730896,0.048429906368255615,0.3518518805503845,0.3693873882293701,0.017535507678985596,0.5746097564697266,0.59344482421875,-0.018835067749023438,0.1777040809392929,0.1777040809392929,121.40207904577255
crack0073_07.png,-12.261017465591431,104.8234634399414,114.13859558105469,-9.315132141113281,106.9230728149414,107.9279556274414,-1.0048828125,0.23624636232852936,0.22634577751159668,-0.009900584816932678,0.42242521047592163,0.40134620666503906,-0.02107900381088257,0.4248412847518921,0.405378520488739,-0.019462764263153076,0.5686428546905518,0.5913609862327576,-0.02271813154220581,0.15759572386741638,0.15759572386741638,119.55472230911255
crack0073_08.png,-11.128148078918457,111.69071960449219,118.6093521118164,-6.918632507324219,105.98478698730469,103.11697387695312,2.8678131103515625,0.3221075236797333,0.29074934124946594,-0.031358182430267334,0.3277919292449951,0.2777302861213684,-0.05006164312362671,0.3774527311325073,0.341209352016449,-0.03624337911605835,0.5741599202156067,0.5952979326248169,-0.021138012409210205,0.14721465110778809,0.14721465110778809,121.51699268817902
crack0073_09.png,-13.294966983795167,104.45519256591797,117.13581848144531,-12.680625915527344,100.75494384765625,100.07435607910156,0.6805877685546875,0.27370914816856384,0.26142632961273193,-0.01228281855583191,0.31850022077560425,0.3456842303276062,0.027184009552001953,0.35891294479370117,0.3938760757446289,0.034963130950927734,0.5671780109405518,0.5919607877731323,-0.024782776832580566,0.1392020434141159,0.1392020434141159,118.78835725784302
crack0074_00.png,-10.510610485076905,117.84098052978516,120.56169891357422,-2.7207183837890625,105.08824157714844,111.9007339477539,-6.812492370605469,0.32163193821907043,0.28597331047058105,-0.03565862774848938,0.5161392092704773,0.48692792654037476,-0.02921128273010254,0.46345609426498413,0.377097487449646,-0.08635860681533813,0.5648173689842224,0.5909112095832825,-0.02609384059906006,0.21571511030197144,0.21571511030197144,125.67938947677612
crack0074_01.png,-0.29896020889282227,121.65133666992188,113.05901336669922,8.592323303222656,116.669921875,109.02542114257812,7.644500732421875,0.37550559639930725,0.3215985596179962,-0.053907036781311035,0.4581071734428406,0.28626757860183716,-0.17183959484100342,0.43430715799331665,0.33264726400375366,-0.10165989398956299,0.569334864616394,0.5884082913398743,-0.019073426723480225,0.18947833776474,0.18947833776474,121.59559309482574
crack0074_02.png,-9.987721633911132,116.61275482177734,117.29977416992188,-0.6870193481445312,108.80078125,112.448974609375,-3.648193359375,0.3775888979434967,0.33837857842445374,-0.03921031951904297,0.4016387462615967,0.3032548427581787,-0.09838390350341797,0.4068801999092102,0.33614909648895264,-0.07073110342025757,0.5719031095504761,0.5911341905593872,-0.019231081008911133,0.20457357168197632,0.20457357168197632,120.29891741275787
crack0074_03.png,-7.661185646057129,111.54939270019531,114.5035629272461,-2.9541702270507812,107.18264770507812,109.49406433105469,-2.3114166259765625,0.28885766863822937,0.31401997804641724,0.025162309408187866,0.45204752683639526,0.32680028676986694,-0.12524724006652832,0.41237276792526245,0.3187919855117798,-0.09358078241348267,0.5677124261856079,0.5873510241508484,-0.01963859796524048,0.17842456698417664,0.17842456698417664,119.18905866146088
crack0074_04.png,-8.245644760131835,106.14136505126953,106.57259368896484,-0.4312286376953125,105.5277099609375,107.5682373046875,-2.04052734375,0.3462468683719635,0.3177008330821991,-0.028546035289764404,0.3448129892349243,0.24590033292770386,-0.09891265630722046,0.40973228216171265,0.3350997567176819,-0.07463252544403076,0.5709534883499146,0.5899038910865784,-0.01895040273666382,0.18909123539924622,0.18909123539924622,110.89108502864838
crack0074_05.png,-1.3420085906982422,111.56290435791016,109.95333099365234,1.6095733642578125,114.93052673339844,117.52978515625,-2.5992584228515625,0.2980274260044098,0.2909516990184784,-0.0070757269859313965,0.3493318557739258,0.33847373723983765,-0.010858118534088135,0.3155198097229004,0.22588902711868286,-0.08963078260421753,0.5689427256584167,0.5917301177978516,-0.022787392139434814,0.13342323899269104,0.13342323899269104,116.97022044658661
crack0074_06.png,5.9895988464355465,113.75934600830078,108.26377868652344,5.495567321777344,109.80366516113281,111.76954650878906,-1.96588134765625,0.3232036232948303,0.33583101630210876,0.012627393007278442,0.28430551290512085,0.31104493141174316,0.026739418506622314,0.2330249547958374,0.2780503034591675,0.04502534866333008,0.5686736106872559,0.5886582136154175,-0.01998460292816162,0.17109766602516174,0.17109766602516174,115.16567349433899
crack0074_07.png,-8.323680591583251,98.7559814453125,104.63773345947266,-5.881752014160156,102.49801635742188,106.90884399414062,-4.41082763671875,0.3435361385345459,0.3828161060810089,0.03927996754646301,0.46642762422561646,0.3995705842971802,-0.06685703992843628,0.4321216940879822,0.40851426124572754,-0.02360743284225464,0.5666974186897278,0.5953402519226074,-0.02864283323287964,0.201755553483963,0.201755553483963,104.89829921722412
crack0074_08.png,-2.9251047134399415,118.2564926147461,120.43408203125,-2.1775894165039062,116.08544158935547,118.35719299316406,-2.2717514038085938,0.2676237225532532,0.2744831442832947,0.006859421730041504,0.2561455965042114,0.27154672145843506,0.015401124954223633,0.24352675676345825,0.2943708896636963,0.05084413290023804,0.5690657496452332,0.5941560864448547,-0.025090336799621582,0.18207916617393494,0.18207916617393494,127.05410742759705
crack0074_09.png,-5.930129623413086,90.50560760498047,88.01704406738281,2.4885635375976562,107.53770446777344,110.95130920410156,-3.413604736328125,0.28699636459350586,0.26795297861099243,-0.019043385982513428,0.43562430143356323,0.32310450077056885,-0.11251980066299438,0.3837774991989136,0.2614847421646118,-0.12229275703430176,0.5678277611732483,0.5935524702072144,-0.025724709033966064,0.15298081934452057,0.15298081934452057,96.92624592781067
crack0075_00.png,-13.892892265319825,111.93090057373047,118.0972900390625,-6.166389465332031,107.98402404785156,108.5329360961914,-0.5489120483398438,0.43703436851501465,0.35135602951049805,-0.0856783390045166,0.0,0.0,0.0,0.22823554277420044,0.1754608154296875,-0.05277472734451294,0.5676355361938477,0.5839523077011108,-0.016316771507263184,0.11406776309013367,0.11406776309013367,117.29082584381104
crack0075_01.png,5.099278736114502,119.3792724609375,120.98064422607422,-1.6013717651367188,111.52745819091797,106.74070739746094,4.786750793457031,0.27357760071754456,0.3461528420448303,0.07257524132728577,0.0,0.0,0.0,0.08753067255020142,0.0005521774291992188,-0.0869784951210022,0.5651172399520874,0.5906189680099487,-0.025501728057861328,0.1139579713344574,0.1139579713344574,127.39006102085114
crack0075_02.png,-11.285479545593262,109.8785171508789,116.97486877441406,-7.096351623535156,112.65541076660156,110.71407318115234,1.9413375854492188,0.415441632270813,0.41307371854782104,-0.0023679137229919434,0.09656840562820435,0.0,-0.09656840562820435,0.25610917806625366,0.20275413990020752,-0.05335503816604614,0.5655094385147095,0.5883467793464661,-0.022837340831756592,0.11742189526557922,0.11742189526557922,112.17614102363586
crack0075_03.png,-9.293624591827392,112.19148254394531,118.88697814941406,-6.69549560546875,114.09784698486328,115.29700469970703,-1.19915771484375,0.3338032364845276,0.29809150099754333,-0.03571173548698425,0.04550659656524658,0.09262275695800781,0.04711616039276123,0.19395476579666138,0.16579300165176392,-0.02816176414489746,0.5680007934570312,0.5966551303863525,-0.02865433692932129,0.12712231278419495,0.12712231278419495,121.51994550228119
crack0075_04.png,-5.128785228729248,112.1882553100586,118.89741516113281,-6.709159851074219,111.26544189453125,107.82994842529297,3.4354934692382812,0.35960912704467773,0.3731013536453247,0.013492226600646973,0.0,0.0,0.0,0.1570512056350708,0.08312004804611206,-0.07393115758895874,0.5687351226806641,0.5905651450157166,-0.02183002233505249,0.10492110997438431,0.10492110997438431,117.5888934135437
crack0075_05.png,-9.996567249298096,112.0186538696289,119.05200958251953,-7.033355712890625,106.05695343017578,107.54678344726562,-1.4898300170898438,0.30748268961906433,0.33166539669036865,0.02418270707130432,0.2729877829551697,0.18424469232559204,-0.08874309062957764,0.3483179807662964,0.2936646342277527,-0.0546533465385437,0.5697770118713379,0.5885813236236572,-0.018804311752319336,0.15347734093666077,0.15347734093666077,120.62962329387665
crack0075_06.png,-20.608955478668214,118.2347183227539,128.87225341796875,-10.637535095214844,107.9776611328125,109.1728286743164,-1.1951675415039062,0.34114277362823486,0.34009870886802673,-0.0010440647602081299,0.2968969941139221,0.08544212579727173,-0.2114548683166504,0.3502838611602783,0.2702324390411377,-0.08005142211914062,0.5672510862350464,0.5910419225692749,-0.023790836334228516,0.13118785619735718,0.13118785619735718,126.78924024105072
crack0075_07.png,-1.5272592544555668,107.78131866455078,114.21641540527344,-6.435096740722656,110.4307861328125,108.27179718017578,2.1589889526367188,0.3336377739906311,0.3953845798969269,0.061746805906295776,0.0,0.0,0.0,0.10255998373031616,0.024740219116210938,-0.07781976461410522,0.5672202706336975,0.589607834815979,-0.022387564182281494,0.11594834178686142,0.11594834178686142,114.5649139881134
crack0075_08.png,-14.244321250915528,114.97815704345703,123.2974853515625,-8.319328308105469,109.73565673828125,105.49388122558594,4.2417755126953125,0.40552493929862976,0.4026024639606476,-0.0029224753379821777,0.23030775785446167,0.06571394205093384,-0.16459381580352783,0.3152307868003845,0.27612602710723877,-0.03910475969314575,0.5650365352630615,0.5851403474807739,-0.020103812217712402,0.14996811747550964,0.14996811747550964,118.38728725910187
crack0075_09.png,-16.783979988098146,117.12699890136719,122.93242645263672,-5.805427551269531,110.45596313476562,108.745361328125,1.710601806640625,0.42675861716270447,0.3251831829547882,-0.10157543420791626,0.20274537801742554,0.13079702854156494,-0.0719483494758606,0.32152050733566284,0.237127423286438,-0.08439308404922485,0.5665974617004395,0.5830680727958679,-0.016470611095428467,0.10911169648170471,0.10911169648170471,123.84144461154938
crack0076_00.png,-7.126369118690491,100.65171813964844,94.89456939697266,5.757148742675781,119.97242736816406,135.80426025390625,-15.831832885742188,0.20395398139953613,0.11754503101110458,-0.08640895038843155,0.07514989376068115,0.10873103141784668,0.03358113765716553,0.10952270030975342,0.021032094955444336,-0.08849060535430908,0.5699615478515625,0.5944944024085999,-0.024532854557037354,0.10703563690185547,0.10703563690185547,114.50021800398827
crack0076_01.png,-0.9258032798767086,79.47168731689453,91.77185821533203,-12.3001708984375,108.98428344726562,108.3826904296875,0.601593017578125,0.15911975502967834,0.26656925678253174,0.1074495017528534,0.0,0.08305591344833374,0.08305591344833374,0.0,0.12892210483551025,0.12892210483551025,0.5692926049232483,0.5889042615890503,-0.019611656665802002,0.10336180031299591,0.10336180031299591,99.63075792789459
crack0076_02.png,-1.973996257781982,103.47845458984375,110.44054412841797,-6.962089538574219,108.97734069824219,103.7208251953125,5.2565155029296875,0.12550613284111023,0.12379568815231323,-0.001710444688796997,0.07240194082260132,0.16772544384002686,0.09532350301742554,0.0,0.13444840908050537,0.13444840908050537,0.5722760558128357,0.5920414924621582,-0.01976543664932251,0.09635430574417114,0.09635430574417114,123.2134177684784
crack0076_03.png,-11.169124984741211,108.10746765136719,119.9365005493164,-11.829032897949219,118.51741027832031,117.7369384765625,0.7804718017578125,0.17115691304206848,0.18774870038032532,0.016591787338256836,0.0,0.0,0.0,0.0,0.0,0.0,0.572172224521637,0.5966628193855286,-0.0244905948638916,0.0949261337518692,0.0949261337518692,127.61908209323883
crack0076_04.png,-74.17009778022766,105.46928405761719,164.7227783203125,-59.25349426269531,162.8662109375,200.13821411132812,-37.272003173828125,0.13336281478405,0.15218299627304077,0.018820181488990784,0.0,0.0,0.0,0.0,0.0,0.0,0.5517109036445618,0.5895463228225708,-0.03783541917800903,0.11128204315900803,0.11128204315900803,150.67611521482468
crack0076_05.png,-32.566591358184816,102.24750518798828,135.4700469970703,-33.22254180908203,128.4014892578125,126.85823822021484,1.5432510375976562,0.16581861674785614,0.12481452524662018,-0.04100409150123596,0.024464666843414307,0.13072240352630615,0.10625773668289185,0.0,0.15619397163391113,0.15619397163391113,0.5706074833869934,0.5938907861709595,-0.023283302783966064,0.09628836810588837,0.09628836810588837,135.12553602457047
crack0076_06.png,1.5602142810821533,94.8385009765625,100.86798095703125,-6.02947998046875,117.72926330566406,115.38017272949219,2.349090576171875,0.16767942905426025,0.23464186489582062,0.06696243584156036,0.0,0.05700939893722534,0.05700939893722534,0.0,0.014331579208374023,0.014331579208374023,0.5726105570793152,0.5972933769226074,-0.024682819843292236,0.09488722681999207,0.09488722681999207,111.68421030044556
crack0076_07.png,-0.6842292308807378,107.95904541015625,107.31299591064453,0.6460494995117188,122.34872436523438,133.3806610107422,-11.031936645507812,0.1713237166404724,0.22788332402706146,0.05655960738658905,0.1579037308692932,0.1427004337310791,-0.015203297138214111,0.06712204217910767,0.10884350538253784,0.041721463203430176,0.5717108845710754,0.5925644040107727,-0.020853519439697266,0.09981957823038101,0.09981957823038101,121.05917382240295
crack0076_08.png,-18.09019465446472,84.65956115722656,99.32530212402344,-14.665740966796875,111.4933090209961,117.3669204711914,-5.8736114501953125,0.25936418771743774,0.23220647871494293,-0.027157709002494812,0.10088813304901123,0.14588695764541626,0.04499882459640503,0.019190311431884766,0.04243052005767822,0.023240208625793457,0.575432538986206,0.5929911732673645,-0.017558634281158447,0.10019947588443756,0.10019947588443756,101.779689848423
crack0076_09.png,-15.168757915496826,81.11134338378906,96.20381927490234,-15.092475891113281,109.3984603881836,109.4512939453125,-0.05283355712890625,0.2221323400735855,0.19733698666095734,-0.024795353412628174,0.1331912875175476,0.20321792364120483,0.07002663612365723,0.09860873222351074,0.14209526777267456,0.04348653554916382,0.5686274766921997,0.5904421210289001,-0.02181464433670044,0.0998496562242508,0.0998496562242508,100.43504697084427
crack0077_00.png,11.346952319145203,136.34939575195312,131.50704956054688,4.84234619140625,108.83184814453125,105.28143310546875,3.5504150390625,0.15122073888778687,0.11715831607580185,-0.034062422811985016,0.043598830699920654,0.2586539387702942,0.21505510807037354,0.21433871984481812,0.35443711280822754,0.14009839296340942,0.5629873275756836,0.5828065872192383,-0.019819259643554688,0.09440547227859497,0.09440547227859497,150.21098718047142
crack0077_01.png,4.699238348007202,128.4897918701172,128.65921020507812,-0.1694183349609375,111.76971435546875,107.23210144042969,4.5376129150390625,0.19058658182621002,0.17256560921669006,-0.01802097260951996,0.10800832509994507,0.2431318163871765,0.13512349128723145,0.2269665002822876,0.29885995388031006,0.07189345359802246,0.5648711919784546,0.5876124501228333,-0.022741258144378662,0.10197828710079193,0.10197828710079193,141.72506248950958
crack0077_02.png,9.609325551986695,139.121826171875,129.889404296875,9.232421875,113.37014770507812,112.50984191894531,0.8603057861328125,0.19135504961013794,0.18893353641033173,-0.0024215131998062134,0.0,0.029972434043884277,0.029972434043884277,0.0,0.10286188125610352,0.10286188125610352,0.56723952293396,0.5915493965148926,-0.024309873580932617,0.08671064674854279,0.08671064674854279,146.8315789103508
crack0077_03.png,21.830067253112794,138.34356689453125,122.91544342041016,15.428123474121094,118.14813232421875,112.6991958618164,5.448936462402344,0.18395774066448212,0.23711837828159332,0.053160637617111206,0.27647024393081665,0.29805344343185425,0.021583199501037598,0.3520047068595886,0.3435330390930176,-0.008471667766571045,0.5679008364677429,0.5902460813522339,-0.022345244884490967,0.11632444709539413,0.11632444709539413,143.20188397169113
crack0077_04.png,6.567157888412476,142.51426696777344,136.10902404785156,6.405242919921875,112.4471664428711,108.07798767089844,4.369178771972656,0.2163912057876587,0.20827819406986237,-0.008113011717796326,0.0,0.0,0.0,0.17170345783233643,0.22496390342712402,0.0532604455947876,0.5700653791427612,0.5934832692146301,-0.023417890071868896,0.09150942414999008,0.09150942414999008,150.55428463220596
crack0077_05.png,22.896010398864746,150.3065643310547,133.2528076171875,17.053756713867188,119.22325134277344,112.7191162109375,6.5041351318359375,0.18902358412742615,0.23377925157546997,0.04475566744804382,0.002581477165222168,0.022112786769866943,0.019531309604644775,0.1521114706993103,0.08183562755584717,-0.07027584314346313,0.5653941035270691,0.5934217572212219,-0.028027653694152832,0.09232378005981445,0.09232378005981445,154.1751412153244
crack0077_06.png,14.300183725357055,138.4039306640625,131.1532745361328,7.2506561279296875,110.38816833496094,107.74339294433594,2.644775390625,0.2004341334104538,0.20674315094947815,0.006309017539024353,0.02445286512374878,0.18738079071044922,0.16292792558670044,0.13012123107910156,0.2176399827003479,0.08751875162124634,0.5651326179504395,0.5908881425857544,-0.02575552463531494,0.09345932304859161,0.09345932304859161,146.3880802989006
crack0077_07.png,14.16262445449829,153.80502319335938,141.6995391845703,12.105484008789062,116.80441284179688,109.98367309570312,6.82073974609375,0.21124611794948578,0.21349628269672394,0.002250164747238159,0.17229294776916504,0.17452389001846313,0.0022309422492980957,0.22081512212753296,0.23745125532150269,0.016636133193969727,0.56615149974823,0.5896616578102112,-0.0235101580619812,0.103543221950531,0.103543221950531,158.66398042440414
crack0077_08.png,11.547565221786499,119.84700775146484,116.1383056640625,3.7087020874023438,109.8178482055664,105.34873962402344,4.469108581542969,0.2241792529821396,0.22799831628799438,0.0038190633058547974,0.05287289619445801,0.21910274028778076,0.16622984409332275,0.15480858087539673,0.26413655281066895,0.10932797193527222,0.5635793805122375,0.5861668586730957,-0.022587478160858154,0.11651606857776642,0.11651606857776642,127.98857587575912
crack0077_09.png,8.242136096954345,169.62179565429688,164.84327697753906,4.7785186767578125,116.18253326416016,110.0874252319336,6.0951080322265625,0.18323759734630585,0.1861073523759842,0.0028697550296783447,0.10532158613204956,0.15412187576293945,0.04880028963088989,0.2687773108482361,0.34118443727493286,0.07240712642669678,0.5662091374397278,0.5951095819473267,-0.028900444507598877,0.09343983978033066,0.09343983978033066,180.04266375303268
crack0078_00.png,-5.938925457000732,92.18047332763672,98.92411804199219,-6.743644714355469,118.4291763305664,111.79084777832031,6.638328552246094,0.46365487575531006,0.4546225666999817,-0.00903230905532837,0.0,0.0,0.0,0.0,0.0,0.0,0.5605612993240356,0.5887619853019714,-0.02820068597793579,0.1053386777639389,0.1053386777639389,91.82542109489441
crack0078_01.png,6.329596042633057,87.44467163085938,91.99075317382812,-4.54608154296875,117.19158172607422,108.6660385131836,8.525543212890625,0.31147995591163635,0.41498276591300964,0.10350281000137329,0.0,0.0,0.0,0.0,0.0,0.0,0.5694425106048584,0.5898116230964661,-0.020369112491607666,0.11250545084476471,0.11250545084476471,94.62137997150421
crack0078_02.png,11.31503086090088,95.3233413696289,93.42337036132812,1.8999710083007812,131.80862426757812,113.33905029296875,18.469573974609375,0.4308549761772156,0.4653206765651703,0.03446570038795471,0.0,0.0,0.0,0.10994958877563477,0.0,-0.10994958877563477,0.5709457993507385,0.5891964435577393,-0.018250644207000732,0.11425267159938812,0.11425267159938812,92.08991503715515
crack0078_03.png,-12.974213790893554,87.68359375,99.31959533691406,-11.636001586914062,136.4891357421875,124.49760437011719,11.991531372070312,0.47073519229888916,0.40784457325935364,-0.06289061903953552,0.0,0.0,0.0,0.0,0.0,0.0,0.5672664642333984,0.5948558449745178,-0.027589380741119385,0.1041187196969986,0.1041187196969986,92.82515394687653
crack0078_04.png,2.2389175415039064,81.25920104980469,81.89934539794922,-0.6401443481445312,136.6942596435547,124.34981536865234,12.344444274902344,0.42499178647994995,0.411653071641922,-0.013338714838027954,0.0,0.0,0.0,0.0,0.0,0.0,0.5645290017127991,0.5893194675445557,-0.024790465831756592,0.10702013969421387,0.10702013969421387,80.45286762714386
crack0078_05.png,-4.9932541847229,88.73311614990234,94.14730834960938,-5.414192199707031,110.66863250732422,118.23077392578125,-7.562141418457031,0.48420223593711853,0.5399505496025085,0.055748313665390015,0.0,0.0,0.0,0.0,0.10514962673187256,0.10514962673187256,0.5680623054504395,0.5934140682220459,-0.025351762771606445,0.11311125755310059,0.11311125755310059,86.12464082241058
crack0078_06.png,13.90689344406128,106.02189636230469,102.92093658447266,3.1009597778320312,132.3903045654297,110.86598205566406,21.524322509765625,0.3703676164150238,0.41781535744667053,0.04744774103164673,0.01822561025619507,0.0,-0.01822561025619507,0.157090961933136,0.03390944004058838,-0.12318152189254761,0.5696578025817871,0.5914225578308105,-0.021764755249023438,0.10800446569919586,0.10800446569919586,105.90626180171967
crack0078_07.png,-0.5641140937805176,87.08521270751953,90.09461212158203,-3.0093994140625,114.52099609375,109.10221862792969,5.4187774658203125,0.3891614079475403,0.3996039927005768,0.010442584753036499,0.0,0.0,0.0,0.10756939649581909,0.17731136083602905,0.06974196434020996,0.5683621764183044,0.582302987575531,-0.013940811157226562,0.10368189960718155,0.10368189960718155,88.5323474407196
crack0078_08.png,0.9913400650024413,83.45996856689453,87.23762512207031,-3.7776565551757812,116.728271484375,111.20404052734375,5.52423095703125,0.39004576206207275,0.433523029088974,0.043477267026901245,0.0,0.0,0.0,0.0,0.0,0.0,0.5694233179092407,0.5923952460289001,-0.022971928119659424,0.11764176934957504,0.11764176934957504,85.64186096191406
crack0078_09.png,-8.085028839111327,89.7196273803711,100.08197784423828,-10.362350463867188,122.04290771484375,118.91513061523438,3.127777099609375,0.40836673974990845,0.43010440468788147,0.021737664937973022,0.0,0.0,0.0,0.0,0.0,0.0,0.5639830827713013,0.5818031430244446,-0.01782006025314331,0.1184007078409195,0.1184007078409195,93.67092394828796
crack0079_00.png,-9.887144660949707,102.15597534179688,112.44022369384766,-10.284248352050781,122.85594177246094,113.70763397216797,9.148307800292969,0.33054444193840027,0.30570289492607117,-0.0248415470123291,0.0,0.0,0.0,0.0,0.0,0.0,0.5651864409446716,0.5970588326454163,-0.03187239170074463,0.11766833066940308,0.11766833066940308,112.83827912807465
crack0079_01.png,33.57738580703735,120.15697479248047,104.84905242919922,15.30792236328125,130.97994995117188,105.62165832519531,25.358291625976562,0.2835831642150879,0.3942699432373047,0.1106867790222168,0.0,0.0,0.0,0.05816638469696045,0.0,-0.05816638469696045,0.5675894021987915,0.5858092904090881,-0.01821988821029663,0.1287020593881607,0.1287020593881607,118.9203953742981
crack0079_02.png,-26.427405261993407,90.85301971435547,112.06985473632812,-21.216835021972656,124.34236145019531,128.60720825195312,-4.2648468017578125,0.295357882976532,0.264944851398468,-0.030413031578063965,0.0,0.0,0.0,0.0,0.07479852437973022,0.07479852437973022,0.5722721815109253,0.599061906337738,-0.026789724826812744,0.12959221005439758,0.12959221005439758,109.52722239494324
crack0079_03.png,-12.722590351104737,98.34937286376953,109.13167572021484,-10.782302856445312,118.9686279296875,115.87454223632812,3.094085693359375,0.33137205243110657,0.301969051361084,-0.029403001070022583,0.0,0.0,0.0,0.0,0.0338786244392395,0.0338786244392395,0.5666128396987915,0.5872548818588257,-0.02064204216003418,0.11826884746551514,0.11826884746551514,109.11257648468018
crack0079_04.png,20.495272731781007,119.87128448486328,110.74373626708984,9.127548217773438,125.11119079589844,105.03018188476562,20.081008911132812,0.31897810101509094,0.3664923906326294,0.04751428961753845,0.0,0.0,0.0,0.0,0.0,0.0,0.5676547288894653,0.5793002843856812,-0.01164555549621582,0.12117154896259308,0.12117154896259308,119.34083569049835
crack0079_05.png,-2.294903945922851,98.59275817871094,108.01409149169922,-9.421333312988281,113.44925689697266,107.9940185546875,5.455238342285156,0.2814861238002777,0.3516082465648651,0.0701221227645874,0.0,0.0,0.0,0.0,0.0,0.0,0.5686389803886414,0.585274875164032,-0.016635894775390625,0.11443409323692322,0.11443409323692322,109.8252524137497
crack0079_06.png,9.358028793334961,112.53134155273438,108.4459228515625,4.085418701171875,122.17781829833984,109.8377914428711,12.34002685546875,0.2907267212867737,0.30471697449684143,0.013990253210067749,0.0,0.0,0.0,0.0,0.0,0.0,0.5723837018013,0.5919492244720459,-0.01956552267074585,0.13142140209674835,0.13142140209674835,116.72299790382385
crack0079_07.png,15.408434867858887,82.76216888427734,74.50108337402344,8.261085510253906,117.87862396240234,107.83761596679688,10.041007995605469,0.3038003742694855,0.35331588983535767,0.04951551556587219,0.0,0.0,0.0,0.0,0.0,0.0,0.5614763498306274,0.582233726978302,-0.02075737714767456,0.119801826775074,0.119801826775074,83.69295275211334
crack0079_08.png,-2.1200459480285643,105.59764099121094,107.86937713623047,-2.2717361450195312,120.29095458984375,115.35499572753906,4.9359588623046875,0.3548091948032379,0.3400724232196808,-0.014736771583557129,0.0,0.0,0.0,0.029651999473571777,0.05529963970184326,0.025647640228271484,0.5681161284446716,0.5842099189758301,-0.016093790531158447,0.12669116258621216,0.12669116258621216,109.69756042957306
crack0079_09.png,-47.65851459503174,88.68659973144531,125.1594467163086,-36.47284698486328,118.70648193359375,140.16925048828125,-21.4627685546875,0.2815120220184326,0.26826491951942444,-0.013247102499008179,0.0,0.0,0.0,0.0,0.0,0.0,0.5618069767951965,0.6003267765045166,-0.03851979970932007,0.1260964274406433,0.1260964274406433,114.84019911289215
crack0080_00.png,1.287113380432129,121.63160705566406,121.22805786132812,0.4035491943359375,108.072509765625,110.29471588134766,-2.2222061157226562,0.23079562187194824,0.2509661018848419,0.020170480012893677,0.327625036239624,0.35496318340301514,0.027338147163391113,0.2165101170539856,0.2224414348602295,0.0059313178062438965,0.5643598437309265,0.5877277851104736,-0.02336794137954712,0.14699208736419678,0.14699208736419678,131.09120655059814
crack0080_01.png,6.516588878631592,119.16178131103516,115.813232421875,3.3485488891601562,113.88328552246094,111.66045379638672,2.2228317260742188,0.28335779905319214,0.31015828251838684,0.026800483465194702,0.4066970944404602,0.43320608139038086,0.026508986949920654,0.24702852964401245,0.2408740520477295,-0.006154477596282959,0.5697500705718994,0.5928873419761658,-0.023137271404266357,0.1518687754869461,0.1518687754869461,124.20153260231018
crack0080_02.png,4.600879573822022,113.0261459350586,110.10291290283203,2.9232330322265625,105.78021240234375,105.43588256835938,0.344329833984375,0.24929752945899963,0.27899494767189026,0.029697418212890625,0.46291399002075195,0.46246302127838135,-0.00045096874237060547,0.25499778985977173,0.2936115860939026,0.03861379623413086,0.5695732235908508,0.5900192260742188,-0.02044600248336792,0.1693829447031021,0.1693829447031021,120.20744669437408
crack0080_03.png,6.412602138519287,123.16059112548828,120.50731658935547,2.6532745361328125,121.55172729492188,113.83000946044922,7.721717834472656,0.31139516830444336,0.3326862156391144,0.02129104733467102,0.4375166893005371,0.43000125885009766,-0.007515430450439453,0.2961391806602478,0.2979615330696106,0.001822352409362793,0.573352575302124,0.5916532278060913,-0.018300652503967285,0.1684994250535965,0.1684994250535965,126.81637287139893
crack0080_04.png,6.626691675186157,110.81112670898438,106.33242797851562,4.47869873046875,102.18209838867188,103.54247283935547,-1.3603744506835938,0.21666710078716278,0.2516087293624878,0.03494162857532501,0.3430144786834717,0.3604309558868408,0.01741647720336914,0.12980574369430542,0.21542435884475708,0.08561861515045166,0.5677162408828735,0.5877124071121216,-0.019996166229248047,0.16236761212348938,0.16236761212348938,119.0802475810051
crack0080_05.png,10.109295845031738,108.01895141601562,99.03582000732422,8.983131408691406,104.81098175048828,102.93819427490234,1.8727874755859375,0.27846112847328186,0.2714398503303528,-0.007021278142929077,0.4305516481399536,0.4736744165420532,0.04312276840209961,0.2786833643913269,0.2899460792541504,0.011262714862823486,0.567539393901825,0.5871933698654175,-0.01965397596359253,0.1651114821434021,0.1651114821434021,110.72872948646545
crack0080_06.png,-2.1119540214538572,117.86768341064453,118.33403015136719,-0.46634674072265625,106.06228637695312,106.99745178222656,-0.9351654052734375,0.29103052616119385,0.27230918407440186,-0.018721342086791992,0.27101457118988037,0.29569220542907715,0.024677634239196777,0.16958016157150269,0.21331405639648438,0.04373389482498169,0.568546712398529,0.5875701904296875,-0.019023478031158447,0.15667463839054108,0.15667463839054108,125.26511335372925
crack0080_07.png,3.458086681365967,111.12420654296875,109.21687316894531,1.9073333740234375,105.26761627197266,103.42999267578125,1.8376235961914062,0.35209110379219055,0.3392249643802643,-0.01286613941192627,0.3211531639099121,0.39178401231765747,0.07063084840774536,0.1668006181716919,0.2041085958480835,0.0373079776763916,0.5650941729545593,0.589600145816803,-0.024505972862243652,0.150416299700737,0.150416299700737,113.4010478258133
crack0080_08.png,4.340602684020996,114.78553009033203,109.82171630859375,4.963813781738281,108.83829498291016,109.31307983398438,-0.47478485107421875,0.2788110077381134,0.3014034330844879,0.02259242534637451,0.3278602361679077,0.2923581600189209,-0.035502076148986816,0.2022683024406433,0.22353225946426392,0.021263957023620605,0.5705190300941467,0.5910342335700989,-0.02051520347595215,0.18797947466373444,0.18797947466373444,119.21633207798004
crack0080_09.png,1.6700894355773928,118.49354553222656,120.13278198242188,-1.6392364501953125,109.21949005126953,109.63150787353516,-0.412017822265625,0.19006597995758057,0.23892700672149658,0.048861026763916016,0.21432000398635864,0.22582733631134033,0.01150733232498169,0.000460207462310791,0.18098300695419312,0.18052279949188232,0.5710572600364685,0.5934333205223083,-0.022376060485839844,0.1369883120059967,0.1369883120059967,131.64653778076172
crack0081_00.png,0.0647120475769043,146.37911987304688,146.7626495361328,-0.3835296630859375,114.58073425292969,106.8039779663086,7.776756286621094,0.290108859539032,0.3167172968387604,0.026608437299728394,0.09260040521621704,0.0,-0.09260040521621704,0.15358954668045044,0.07416540384292603,-0.07942414283752441,0.5635678768157959,0.5907458662986755,-0.02717798948287964,0.12015406787395477,0.12015406787395477,152.79418778419495
crack0081_01.png,4.388786888122558,143.1229705810547,141.76792907714844,1.35504150390625,112.4036865234375,106.0278549194336,6.375831604003906,0.2829018235206604,0.3005111813545227,0.017609357833862305,0.0,0.0,0.0,0.0884672999382019,0.0,-0.0884672999382019,0.5678354501724243,0.5909688472747803,-0.023133397102355957,0.1250830888748169,0.1250830888748169,149.11009430885315
crack0081_02.png,-5.727829837799072,150.669921875,156.39804077148438,-5.728118896484375,115.21737670898438,104.40379333496094,10.813583374023438,0.2844640612602234,0.294392853975296,0.009928792715072632,0.10722494125366211,0.0,-0.10722494125366211,0.1684512495994568,0.05725979804992676,-0.11119145154953003,0.5633025765419006,0.5840638279914856,-0.02076125144958496,0.10489100217819214,0.10489100217819214,159.8286907672882
crack0081_03.png,-10.843432712554932,143.0445098876953,149.2291259765625,-6.1846160888671875,116.20299530029297,106.13958740234375,10.063407897949219,0.2766028940677643,0.2802276611328125,0.0036247670650482178,0.19678771495819092,0.0,-0.19678771495819092,0.2233964204788208,0.03159356117248535,-0.19180285930633545,0.5642099380493164,0.5917762517929077,-0.02756631374359131,0.11181730031967163,0.11181730031967163,153.21169435977936
crack0081_04.png,-7.4731847763061525,130.9086456298828,134.95321655273438,-4.0445709228515625,116.3036880493164,105.5042495727539,10.7994384765625,0.25672876834869385,0.266562819480896,0.009834051132202148,0.1905558705329895,0.0,-0.1905558705329895,0.17062121629714966,0.0034012198448181152,-0.16721999645233154,0.5643022060394287,0.5871241688728333,-0.02282196283340454,0.10387218743562698,0.10387218743562698,141.0121717453003
crack0081_05.png,1.2033092498779299,140.51824951171875,143.95565795898438,-3.437408447265625,116.90840911865234,106.52681732177734,10.381591796875,0.2870651185512543,0.30544987320899963,0.01838475465774536,0.0,0.0,0.0,0.052973151206970215,0.0,-0.052973151206970215,0.5658323764801025,0.5903998613357544,-0.024567484855651855,0.11472532898187637,0.11472532898187637,148.62904107570648
crack0081_06.png,2.452198362350464,149.7002716064453,151.64002990722656,-1.93975830078125,118.19076538085938,108.21542358398438,9.975341796875,0.24894322454929352,0.2668168246746063,0.017873600125312805,0.0,0.0,0.0,0.0,0.0,0.0,0.566593587398529,0.5922952890396118,-0.025701701641082764,0.11142060905694962,0.11142060905694962,159.4253688454628
crack0081_07.png,20.993187999725343,159.42465209960938,151.13803100585938,8.28662109375,130.1014404296875,107.865966796875,22.2354736328125,0.26372841000556946,0.29066526889801025,0.026936858892440796,0.017482757568359375,0.0917443037033081,0.07426154613494873,0.07510262727737427,0.1509777307510376,0.07587510347366333,0.5596924424171448,0.5925182700157166,-0.03282582759857178,0.12689070403575897,0.12689070403575897,163.15836775302887
crack0081_08.png,-0.6978833198547361,141.53013610839844,145.2224884033203,-3.692352294921875,112.05774688720703,106.95391845703125,5.103828430175781,0.2681190073490143,0.2893751859664917,0.021256178617477417,0.0,0.0,0.0,0.06854838132858276,0.0547143816947937,-0.013833999633789062,0.5668089389801025,0.5854978561401367,-0.01868891716003418,0.1145155057311058,0.1145155057311058,150.709086060524
crack0081_09.png,5.654694557189941,146.5696563720703,143.74404907226562,2.8256072998046875,117.50827026367188,108.4892578125,9.019012451171875,0.2951294481754303,0.3105405569076538,0.01541110873222351,0.07483536005020142,0.05069780349731445,-0.024137556552886963,0.14714199304580688,0.12246716022491455,-0.024674832820892334,0.5596616864204407,0.5858092904090881,-0.02614760398864746,0.13231217861175537,0.13231217861175537,150.88145744800568
crack0082_00.png,-8.62271957397461,115.51477813720703,125.35946655273438,-9.844688415527344,113.88365173339844,111.40412902832031,2.479522705078125,0.40400201082229614,0.43038222193717957,0.026380211114883423,0.37198323011398315,0.3396596312522888,-0.032323598861694336,0.2824925184249878,0.2409711480140686,-0.04152137041091919,0.5724759697914124,0.5871587991714478,-0.0146828293800354,0.15502309799194336,0.15502309799194336,119.68335366249084
crack0082_01.png,-22.540262031555176,110.95398712158203,123.6899185180664,-12.735931396484375,113.08906555175781,125.13411712646484,-12.045051574707031,0.3276364803314209,0.2937924861907959,-0.033843994140625,0.3543582558631897,0.31653493642807007,-0.03782331943511963,0.18716877698898315,0.14148437976837158,-0.04568439722061157,0.5700423121452332,0.5891887545585632,-0.019146442413330078,0.13221296668052673,0.13221296668052673,123.261953830719
crack0082_02.png,-15.497616004943847,112.89988708496094,125.44898986816406,-12.549102783203125,111.1953125,114.05088806152344,-2.8555755615234375,0.47012805938720703,0.44335025548934937,-0.026777803897857666,0.4279903173446655,0.45956069231033325,0.031570374965667725,0.33520078659057617,0.3238269090652466,-0.01137387752532959,0.5690657496452332,0.5922375917434692,-0.023171842098236084,0.14177794754505157,0.14177794754505157,116.26292681694031
crack0082_03.png,-20.298282814025878,131.01861572265625,141.16659545898438,-10.147979736328125,111.27120971679688,115.87940979003906,-4.6082000732421875,0.39206600189208984,0.3855244219303131,-0.006541579961776733,0.35829585790634155,0.1808699369430542,-0.17742592096328735,0.19596725702285767,0.17465102672576904,-0.021316230297088623,0.5708035230636597,0.5879700183868408,-0.017166495323181152,0.11471986770629883,0.11471986770629883,136.47994101047516
crack0082_04.png,-16.60110549926758,109.1453857421875,119.09242248535156,-9.947036743164062,107.32090759277344,114.1741943359375,-6.8532867431640625,0.5077484250068665,0.4873127341270447,-0.020435690879821777,0.4398893713951111,0.4059715270996094,-0.03391784429550171,0.3597643971443176,0.3475099802017212,-0.012254416942596436,0.5717531442642212,0.5947827696800232,-0.023029625415802002,0.1391661912202835,0.1391661912202835,108.67145085334778
crack0082_05.png,-8.773352336883544,139.25662231445312,149.75303649902344,-10.496414184570312,123.2171630859375,126.59977722167969,-3.3826141357421875,0.2839617431163788,0.29665407538414,0.01269233226776123,0.2656521797180176,0.3431640863418579,0.07751190662384033,0.11069023609161377,0.10021275281906128,-0.01047748327255249,0.5645520687103271,0.5905459523200989,-0.02599388360977173,0.1271766722202301,0.1271766722202301,151.0889629125595
crack0082_06.png,-9.139578533172607,113.13571166992188,120.34780883789062,-7.21209716796875,107.39761352539062,109.23268127441406,-1.8350677490234375,0.42565569281578064,0.41258472204208374,-0.0130709707736969,0.37615954875946045,0.39431440830230713,0.01815485954284668,0.2437613606452942,0.24257159233093262,-0.0011897683143615723,0.5657477974891663,0.5875970721244812,-0.02184927463531494,0.1341257095336914,0.1341257095336914,115.49055981636047
crack0082_07.png,2.187974739074707,122.43012237548828,128.4796905517578,-6.049568176269531,121.87731170654297,117.48553466796875,4.391777038574219,0.2770530879497528,0.3342418968677521,0.05718880891799927,0.2501870393753052,0.3175303339958191,0.06734329462051392,0.18364238739013672,0.26700955629348755,0.08336716890335083,0.575717031955719,0.5954171419143677,-0.01970010995864868,0.15633755922317505,0.15633755922317505,132.64840686321259
crack0082_08.png,-12.28327522277832,111.71542358398438,124.1681137084961,-12.452690124511719,113.86981201171875,117.15394592285156,-3.2841339111328125,0.29584699869155884,0.35492292046546936,0.05907592177391052,0.45222771167755127,0.3996877670288086,-0.052539944648742676,0.2868761420249939,0.23778516054153442,-0.04909098148345947,0.5678277611732483,0.5963629484176636,-0.028535187244415283,0.13020670413970947,0.13020670413970947,124.04546666145325
crack0082_09.png,-1.0324433326721192,117.75299835205078,117.76817321777344,-0.01517486572265625,114.62605285644531,114.37538146972656,0.25067138671875,0.4278314411640167,0.4299353361129761,0.0021038949489593506,0.3637682795524597,0.35642021894454956,-0.007348060607910156,0.23436766862869263,0.26102620363235474,0.02665853500366211,0.569019615650177,0.5938177704811096,-0.024798154830932617,0.12393530458211899,0.12393530458211899,115.84341013431549
crack0083_00.png,4.717850685119629,106.97582244873047,100.82707977294922,6.14874267578125,110.42948913574219,109.63885498046875,0.7906341552734375,0.3575716018676758,0.36610308289527893,0.00853148102760315,0.40651679039001465,0.3663788437843323,-0.04013794660568237,0.3421066999435425,0.3388342261314392,-0.0032724738121032715,0.5678008198738098,0.5884044766426086,-0.020603656768798828,0.23411314189434052,0.23411314189434052,105.98333406448364
crack0083_01.png,16.790323066711426,111.67544555664062,100.37539672851562,11.300048828125,116.53366088867188,109.0296630859375,7.503997802734375,0.3681245744228363,0.43325671553611755,0.06513214111328125,0.425018846988678,0.37947821617126465,-0.04554063081741333,0.2557087540626526,0.3098490238189697,0.05414026975631714,0.5715378522872925,0.5940446257591248,-0.022506773471832275,0.19021782279014587,0.19021782279014587,107.69973170757294
crack0083_02.png,8.418238544464112,109.32571411132812,107.22278594970703,2.1029281616210938,111.07640075683594,108.77234649658203,2.3040542602539062,0.2479916512966156,0.3472478985786438,0.0992562472820282,0.467104971408844,0.419105589389801,-0.04799938201904297,0.3055826425552368,0.34776222705841064,0.04217958450317383,0.573840856552124,0.5895117521286011,-0.01567089557647705,0.20598915219306946,0.20598915219306946,116.97522103786469
crack0083_03.png,-1.418917179107666,108.6964340209961,107.21583557128906,1.4805984497070312,109.87777709960938,111.38553619384766,-1.5077590942382812,0.27836984395980835,0.2806050479412079,0.002235203981399536,0.4812110662460327,0.4403799772262573,-0.04083108901977539,0.2668835520744324,0.2629905343055725,-0.0038930177688598633,0.5713610053062439,0.5924106240272522,-0.0210496187210083,0.15810513496398926,0.15810513496398926,114.95036911964417
crack0083_04.png,-5.2044679641723635,102.63954162597656,100.83514404296875,1.8043975830078125,104.17596435546875,106.98149108886719,-2.8055267333984375,0.3119840621948242,0.2589060664176941,-0.05307799577713013,0.3886861801147461,0.373473584651947,-0.015212595462799072,0.2470220923423767,0.1902529001235962,-0.05676919221878052,0.5644406080245972,0.5902383923530579,-0.025797784328460693,0.15646833181381226,0.15646833181381226,109.81251454353333
crack0083_05.png,10.740379142761231,111.99481201171875,102.0533218383789,9.941490173339844,114.17205047607422,111.73011779785156,2.4419326782226562,0.3094436526298523,0.3394710421562195,0.030027389526367188,0.37898528575897217,0.33207279443740845,-0.04691249132156372,0.23826110363006592,0.2493375539779663,0.01107645034790039,0.5740484595298767,0.5916378498077393,-0.01758939027786255,0.16565732657909393,0.16565732657909393,112.12296175956726
crack0083_06.png,-0.23213920593261728,105.74888610839844,105.14983367919922,0.5990524291992188,107.40269470214844,105.63929748535156,1.763397216796875,0.4021652340888977,0.3892882168292999,-0.012877017259597778,0.4092954397201538,0.4166472554206848,0.007351815700531006,0.3055238127708435,0.30641043186187744,0.0008866190910339355,0.5729065537452698,0.5929180979728699,-0.020011544227600098,0.2267361581325531,0.2267361581325531,105.80879080295563
crack0083_07.png,-4.922098159790039,110.6534194946289,110.86412811279297,-0.2107086181640625,105.94850158691406,110.89959716796875,-4.9510955810546875,0.32779550552368164,0.3274293839931488,-0.0003661215305328369,0.44341421127319336,0.39623403549194336,-0.04718017578125,0.2875978350639343,0.31367844343185425,0.026080608367919922,0.5647366642951965,0.5850980281829834,-0.020361363887786865,0.17946366965770721,0.17946366965770721,114.51693189144135
crack0083_08.png,15.827828216552735,108.99356079101562,101.00682830810547,7.986732482910156,105.82989501953125,104.73458862304688,1.095306396484375,0.23795780539512634,0.32666629552841187,0.08870849013328552,0.3644479513168335,0.39006757736206055,0.02561962604522705,0.2931838035583496,0.33786553144454956,0.04468172788619995,0.5668012499809265,0.5847635269165039,-0.017962276935577393,0.18124693632125854,0.18124693632125854,114.11326730251312
crack0083_09.png,-1.8424638748168949,103.41219329833984,98.16669464111328,5.2454986572265625,109.50486755371094,110.96957397460938,-1.4647064208984375,0.3180401027202606,0.26445311307907104,-0.053586989641189575,0.33844560384750366,0.29904991388320923,-0.039395689964294434,0.2587317228317261,0.1556767225265503,-0.10305500030517578,0.5711841583251953,0.5871664881706238,-0.015982329845428467,0.15730604529380798,0.15730604529380798,108.40891671180725
crack0084_00.png,0.734743595123291,114.42572784423828,107.6680908203125,6.757637023925781,112.97178649902344,118.57954406738281,-5.607757568359375,0.39075779914855957,0.3733868896961212,-0.017370909452438354,0.39687293767929077,0.35831958055496216,-0.03855335712432861,0.4183271527290344,0.3315492868423462,-0.08677786588668823,0.5736331939697266,0.5948327779769897,-0.021199584007263184,0.1696181297302246,0.1696181297302246,112.43700706958771
crack0084_01.png,-3.267052745819092,118.32239532470703,115.47554779052734,2.8468475341796875,124.29556274414062,125.29854583740234,-1.0029830932617188,0.36571449041366577,0.3457161784172058,-0.01999831199645996,0.3939807415008545,0.30771487951278687,-0.08626586198806763,0.4118797183036804,0.3234627842903137,-0.0884169340133667,0.576197624206543,0.5927528142929077,-0.016555190086364746,0.22528910636901855,0.22528910636901855,119.86611342430115
crack0084_02.png,-0.2260451316833496,127.13294982910156,122.81924438476562,4.3137054443359375,109.5061264038086,113.42767333984375,-3.9215469360351562,0.31503772735595703,0.32127705216407776,0.0062393248081207275,0.2635045051574707,0.19853538274765015,-0.06496912240982056,0.24640494585037231,0.20236974954605103,-0.04403519630432129,0.5704613327980042,0.5922491550445557,-0.021787822246551514,0.1387006938457489,0.1387006938457489,129.7637996673584
crack0084_03.png,-36.72293529510498,118.23859405517578,137.69488525390625,-19.45629119873047,132.66273498535156,132.89083862304688,-0.2281036376953125,0.25366640090942383,0.21129512786865234,-0.042371273040771484,0.3240734934806824,0.0,-0.3240734934806824,0.2880151867866516,0.0,-0.2880151867866516,0.5748904347419739,0.5954594612121582,-0.020569026470184326,0.2013077288866043,0.2013077288866043,139.1074104309082
crack0084_04.png,9.10956544876099,134.82936096191406,123.46380615234375,11.365554809570312,152.18994140625,126.06333923339844,26.126602172851562,0.26133251190185547,0.26290813088417053,0.0015756189823150635,0.29539602994918823,0.0,-0.29539602994918823,0.2617393136024475,0.04696047306060791,-0.2147788405418396,0.5670088529586792,0.5924298167228699,-0.025420963764190674,0.18330229818820953,0.18330229818820953,137.16382551193237
crack0084_05.png,-1.2657361030578613,116.57239532470703,112.19236755371094,4.380027770996094,115.79244995117188,123.53685760498047,-7.744407653808594,0.3644859790802002,0.36088883876800537,-0.0035971403121948242,0.3673069477081299,0.3397131562232971,-0.027593791484832764,0.3162112832069397,0.24278807640075684,-0.07342320680618286,0.5692387819290161,0.5981507301330566,-0.028911948204040527,0.18928062915802002,0.18928062915802002,116.65508031845093
crack0084_06.png,5.085325431823731,119.77650451660156,111.9819564819336,7.794548034667969,108.4053955078125,111.22669982910156,-2.8213043212890625,0.2945319414138794,0.30261918902397156,0.008087247610092163,0.21098250150680542,0.17930817604064941,-0.031674325466156006,0.24512964487075806,0.19619297981262207,-0.048936665058135986,0.5674009919166565,0.5914186835289001,-0.024017691612243652,0.19481316208839417,0.19481316208839417,121.86406135559082
crack0084_07.png,-10.014441442489623,112.25695037841797,113.34439086914062,-1.0874404907226562,111.70716857910156,117.31905364990234,-5.611885070800781,0.2550976276397705,0.24250249564647675,-0.012595131993293762,0.24946379661560059,0.1254064440727234,-0.1240573525428772,0.24576812982559204,0.12807923555374146,-0.11768889427185059,0.5767819881439209,0.5945905447006226,-0.01780855655670166,0.1542603224515915,0.1542603224515915,122.0341426730156
crack0084_08.png,6.610734462738037,128.73292541503906,116.69242095947266,12.040504455566406,119.63352966308594,115.74116516113281,3.892364501953125,0.2405746877193451,0.2707512676715851,0.03017657995223999,0.22142881155014038,0.010663807392120361,-0.21076500415802002,0.19429993629455566,0.0,-0.19429993629455566,0.5734832882881165,0.5977393388748169,-0.02425605058670044,0.1757432222366333,0.1757432222366333,132.18776547908783
crack0084_09.png,-18.39677448272705,98.83616638183594,109.92992401123047,-11.093757629394531,109.83853149414062,116.01396179199219,-6.1754302978515625,0.2551646828651428,0.2588184177875519,0.0036537349224090576,0.3534795641899109,0.24562394618988037,-0.10785561800003052,0.36717402935028076,0.2438933253288269,-0.12328070402145386,0.5724836587905884,0.5927566289901733,-0.02027297019958496,0.1875666081905365,0.1875666081905365,112.78342938423157
crack0085_00.png,9.213545799255371,103.36772918701172,100.12377166748047,3.24395751953125,109.8432388305664,103.00436401367188,6.838874816894531,0.25421833992004395,0.30732932686805725,0.053110986948013306,0.0,0.0,0.0,0.0,0.010012805461883545,0.010012805461883545,0.5648788809776306,0.5902498960494995,-0.025371015071868896,0.12425938248634338,0.12425938248634338,110.10264587402344
crack0085_01.png,7.412225914001464,121.07672119140625,121.70597839355469,-0.6292572021484375,116.87623596191406,109.39930725097656,7.4769287109375,0.2374567687511444,0.30822235345840454,0.07076558470726013,0.0,0.0,0.0,0.0,0.047949254512786865,0.047949254512786865,0.5630065202713013,0.578269898891449,-0.015263378620147705,0.13767839968204498,0.13767839968204498,130.27473962306976
crack0085_02.png,7.315513420104981,114.0263442993164,113.0709457397461,0.9553985595703125,115.21307373046875,107.52085876464844,7.6922149658203125,0.2292996346950531,0.28099551796913147,0.05169588327407837,0.0,0.0,0.0,0.0,0.0,0.0,0.5672356486320496,0.5885466933250427,-0.021311044692993164,0.12031131982803345,0.12031131982803345,123.33253467082977
crack0085_03.png,21.65924530029297,105.77884674072266,89.67340850830078,16.105438232421875,114.51687622070312,101.23517608642578,13.281700134277344,0.3146018087863922,0.3211337625980377,0.006531953811645508,0.0,0.0,0.0,0.0,0.0,0.0,0.5710303783416748,0.5780661106109619,-0.007035732269287109,0.12646670639514923,0.12646670639514923,101.97266352176666
crack0085_04.png,-0.5317658901214601,106.37945556640625,110.36964416503906,-3.9901885986328125,112.54460906982422,109.0909423828125,3.4536666870117188,0.24929745495319366,0.2859764099121094,0.03667895495891571,0.0,0.0,0.0,0.0,0.034917235374450684,0.034917235374450684,0.5660361647605896,0.5874701738357544,-0.021434009075164795,0.13680513203144073,0.13680513203144073,116.91550952196121
crack0085_05.png,8.791796493530274,126.37996673583984,123.66149139404297,2.718475341796875,127.07186889648438,115.32463073730469,11.747238159179688,0.27797096967697144,0.29433074593544006,0.016359776258468628,0.14045661687850952,0.17465829849243164,0.03420168161392212,0.11662918329238892,0.12762916088104248,0.010999977588653564,0.5652633309364319,0.5978239178657532,-0.03256058692932129,0.1269611418247223,0.1269611418247223,132.25542759895325
crack0085_06.png,4.100794744491577,110.03345489501953,111.22017669677734,-1.1867218017578125,116.31827545166016,108.22096252441406,8.097312927246094,0.2226105034351349,0.24840529263019562,0.02579478919506073,0.010360240936279297,0.03231912851333618,0.021958887577056885,0.029810190200805664,0.1007230281829834,0.07091283798217773,0.5660669207572937,0.5884006023406982,-0.02233368158340454,0.12733697891235352,0.12733697891235352,120.80620968341827
crack0085_07.png,10.373962688446046,98.84329986572266,93.1139144897461,5.7293853759765625,117.135986328125,111.60952758789062,5.526458740234375,0.29477933049201965,0.3330320119857788,0.038252681493759155,0.0,0.0,0.0,0.0,0.01199495792388916,0.01199495792388916,0.5662130117416382,0.5818685293197632,-0.015655517578125,0.12995636463165283,0.12995636463165283,101.56658852100372
crack0085_08.png,10.5991042137146,103.92041015625,105.7684097290039,-1.8479995727539062,111.91006469726562,103.46185302734375,8.448211669921875,0.19582217931747437,0.3139834403991699,0.11816126108169556,0.0,0.0,0.0,0.0,0.0,0.0,0.5666589736938477,0.5762860178947449,-0.009627044200897217,0.12442027032375336,0.12442027032375336,116.14651989936829
crack0085_09.png,-4.353013420104981,108.44450378417969,114.43888092041016,-5.994377136230469,120.56732177734375,118.56782531738281,1.9994964599609375,0.2834163010120392,0.30592355132102966,0.02250725030899048,0.0,0.0,0.0,0.02438652515411377,0.0,-0.02438652515411377,0.5667051076889038,0.5906804800033569,-0.023975372314453125,0.11754363775253296,0.11754363775253296,118.06393349170685
crack0086_00.png,6.73118782043457,79.28956604003906,66.11603546142578,13.173530578613281,111.97370910644531,119.18867492675781,-7.2149658203125,0.1599561870098114,0.1298423707485199,-0.030113816261291504,0.0,0.0,0.0,0.01827991008758545,0.0,-0.01827991008758545,0.5704267621040344,0.5991080403327942,-0.028681278228759766,0.11596377193927765,0.11596377193927765,88.876580119133
crack0086_01.png,3.3811492919921875,83.56898498535156,72.42018127441406,11.1488037109375,116.55946350097656,122.22642517089844,-5.666961669921875,0.17243435978889465,0.14533951878547668,-0.02709484100341797,0.054297029972076416,0.0,-0.054297029972076416,0.09588998556137085,0.0,-0.09588998556137085,0.5685505270957947,0.5975855588912964,-0.02903503179550171,0.11028584837913513,0.11028584837913513,93.17763435840607
crack0086_02.png,15.981934189796448,86.94989776611328,72.67266082763672,14.277236938476562,130.14320373535156,130.23269653320312,-0.0894927978515625,0.10367677360773087,0.137418732047081,0.03374195843935013,0.0,0.0,0.0,0.0,0.0,0.0,0.5689888596534729,0.5929604172706604,-0.0239715576171875,0.12132826447486877,0.12132826447486877,97.30908957123756
crack0086_03.png,6.214695239067076,73.31205749511719,54.97483444213867,18.337223052978516,113.14258575439453,124.03639221191406,-10.893806457519531,0.20288479328155518,0.11716210097074509,-0.08572269231081009,0.0,0.0,0.0,0.0,0.0,0.0,0.572683572769165,0.5953633189201355,-0.02267974615097046,0.11812801659107208,0.11812801659107208,80.92825266718864
crack0086_04.png,6.368345069885255,79.2194595336914,68.47081756591797,10.748641967773438,122.61370849609375,124.96475219726562,-2.351043701171875,0.1519065946340561,0.1189350038766861,-0.032971590757369995,0.0,0.0,0.0,0.0,0.0,0.0,0.5746751427650452,0.594728946685791,-0.02005380392074585,0.1139073371887207,0.1139073371887207,90.49819618463516
crack0086_05.png,8.334621095657349,93.4016342163086,76.96391296386719,16.437721252441406,111.89727783203125,116.01423645019531,-4.1169586181640625,0.15754860639572144,0.09169276058673859,-0.06585584580898285,0.0,0.0,0.0,0.0,0.0,0.0,0.5648135542869568,0.5945097804069519,-0.029696226119995117,0.11843821406364441,0.11843821406364441,103.46159917116165
crack0086_06.png,24.882390785217286,84.20545196533203,53.089332580566406,31.116119384765625,116.74658203125,125.44352722167969,-8.696945190429688,0.1695946455001831,0.14730501174926758,-0.022289633750915527,0.0,0.0,0.0,0.0,0.0,0.0,0.573479413986206,0.5977739095687866,-0.024294495582580566,0.11391273140907288,0.11391273140907288,83.72004795074463
crack0086_07.png,12.965165042877196,71.99564361572266,53.88019561767578,18.115447998046875,114.35347747802734,118.90008544921875,-4.546607971191406,0.21642209589481354,0.18646825850009918,-0.029953837394714355,0.0,0.0,0.0,0.0,0.0,0.0,0.5711072683334351,0.5944905877113342,-0.02338331937789917,0.11022907495498657,0.11022907495498657,75.52944761514664
crack0086_08.png,16.195220518112183,85.79872131347656,63.62624740600586,22.172473907470703,116.77010345458984,123.68081665039062,-6.910713195800781,0.16504375636577606,0.13361099362373352,-0.03143276274204254,0.0,0.0,0.0,0.0,0.0,0.0,0.5758323669433594,0.5932910442352295,-0.017458677291870117,0.11613498628139496,0.11613498628139496,90.42746651172638
crack0086_09.png,12.689519453048707,82.04268646240234,63.1264762878418,18.916210174560547,120.5682373046875,131.9623260498047,-11.394088745117188,0.18643230199813843,0.17835842072963715,-0.008073881268501282,0.0,0.0,0.0,0.0,0.0,0.0,0.5682352781295776,0.5938138961791992,-0.025578618049621582,0.12163390219211578,0.12163390219211578,85.63563197851181
crack0087_00.png,4.747491502761841,106.29159545898438,101.24555206298828,5.046043395996094,113.70844268798828,114.08062744140625,-0.37218475341796875,0.20390890538692474,0.20894917845726013,0.005040273070335388,0.29050302505493164,0.2981222867965698,0.007619261741638184,0.16885244846343994,0.24935877323150635,0.0805063247680664,0.5644136667251587,0.5858554244041443,-0.021441757678985596,0.18019600212574005,0.18019600212574005,114.96825641393661
crack0087_01.png,4.710001039505005,116.22957611083984,116.21067810058594,0.01889801025390625,117.65072631835938,118.46841430664062,-0.81768798828125,0.23392197489738464,0.23805995285511017,0.004137977957725525,0.08674317598342896,0.21807003021240234,0.1313268542289734,0.05799216032028198,0.19744741916656494,0.13945525884628296,0.5720069408416748,0.5861552953720093,-0.014148354530334473,0.20457562804222107,0.20457562804222107,125.63102042675018
crack0087_02.png,9.836679267883301,106.66484069824219,100.22734832763672,6.437492370605469,113.9836654663086,112.2888412475586,1.69482421875,0.17120862007141113,0.15908515453338623,-0.012123465538024902,0.14722514152526855,0.24974960088729858,0.10252445936203003,0.028949737548828125,0.17378002405166626,0.14483028650283813,0.5715224742889404,0.5817685723304749,-0.010246098041534424,0.15970993041992188,0.15970993041992188,117.17172813415527
crack0087_03.png,-1.503027772903442,110.44469451904297,117.41674041748047,-6.9720458984375,117.11975860595703,122.92262268066406,-5.802864074707031,0.18644721806049347,0.23263555765151978,0.046188339591026306,0.07768678665161133,0.20850324630737305,0.13081645965576172,0.0,0.13476431369781494,0.13476431369781494,0.5662053227424622,0.5946443676948547,-0.028439044952392578,0.18509790301322937,0.18509790301322937,126.5296590924263
crack0087_04.png,6.436086130142212,104.58761596679688,101.7823257446289,2.8052902221679688,111.86399841308594,109.96404266357422,1.8999557495117188,0.18020573258399963,0.19925956428050995,0.019053831696510315,0.3342684507369995,0.381883442401886,0.047614991664886475,0.1921740174293518,0.2860221862792969,0.09384816884994507,0.5753902196884155,0.5893425345420837,-0.013952314853668213,0.17583203315734863,0.17583203315734863,115.94632828235626
crack0087_05.png,9.061039352416993,110.0265884399414,105.95401000976562,4.072578430175781,110.72478485107422,104.7078857421875,6.016899108886719,0.18270307779312134,0.18847140669822693,0.005768328905105591,0.0,0.07293277978897095,0.07293277978897095,0.0,0.01751267910003662,0.01751267910003662,0.5641868710517883,0.5841137766838074,-0.019926905632019043,0.1729455590248108,0.1729455590248108,120.39266562461853
crack0087_06.png,11.546321439743043,106.29705810546875,99.28363037109375,7.013427734375,110.43915557861328,109.25019836425781,1.1889572143554688,0.1992386430501938,0.21932002902030945,0.02008138597011566,0.08489388227462769,0.1718347668647766,0.08694088459014893,0.0,0.03595137596130371,0.03595137596130371,0.5654017925262451,0.591072678565979,-0.025670886039733887,0.2013632357120514,0.2013632357120514,114.47893279790878
crack0087_07.png,6.979320478439331,105.59945678710938,103.15156555175781,2.4478912353515625,113.07972717285156,114.19853210449219,-1.118804931640625,0.1869480013847351,0.2025999277830124,0.015651926398277283,0.09942752122879028,0.2065843939781189,0.10715687274932861,0.0,0.06201690435409546,0.06201690435409546,0.5728527307510376,0.5868396759033203,-0.013986945152282715,0.17602619528770447,0.17602619528770447,116.6322181224823
crack0087_08.png,3.9879659652709964,98.02613067626953,92.70040893554688,5.325721740722656,114.46955108642578,115.68928527832031,-1.2197341918945312,0.18138977885246277,0.18045851588249207,-0.0009312629699707031,0.0,0.0025806427001953125,0.0025806427001953125,0.0,0.0,0.0,0.5661783814430237,0.5881430506706238,-0.021964669227600098,0.18157833814620972,0.18157833814620972,108.06148087978363
crack0087_09.png,3.5249485015869144,100.01016998291016,99.3662109375,0.6439590454101562,108.19994354248047,111.40141296386719,-3.2014694213867188,0.21635353565216064,0.22250699996948242,0.006153464317321777,0.16166651248931885,0.2707154154777527,0.10904890298843384,0.04341334104537964,0.15407466888427734,0.1106613278388977,0.5674932599067688,0.5848096609115601,-0.01731640100479126,0.16820946335792542,0.16820946335792542,110.09936475753784
crack0088_00.png,1.1128261089324951,143.45028686523438,140.50088500976562,2.94940185546875,109.67564392089844,113.22972106933594,-3.5540771484375,0.14367176592350006,0.1614566445350647,0.017784878611564636,0.3589286804199219,0.3318011164665222,-0.027127563953399658,0.3928135633468628,0.385853111743927,-0.006960451602935791,0.5685967206954956,0.5874125361442566,-0.018815815448760986,0.11789846420288086,0.11789846420288086,156.85178142786026
crack0088_01.png,-4.2964664697647095,171.351318359375,172.27603149414062,-0.924713134765625,113.83250427246094,116.74327087402344,-2.9107666015625,0.08736157417297363,0.09911688417196274,0.011755309998989105,0.25946319103240967,0.20500707626342773,-0.054456114768981934,0.33632856607437134,0.29154545068740845,-0.04478311538696289,0.5655286312103271,0.5897693037986755,-0.02424067258834839,0.11391052603721619,0.11391052603721619,190.16275262832642
crack0088_02.png,-2.152476358413696,154.50660705566406,156.2619171142578,-1.75531005859375,119.42494201660156,120.56289672851562,-1.1379547119140625,0.08515886962413788,0.10563331842422485,0.020474448800086975,0.2777293920516968,0.25658535957336426,-0.02114403247833252,0.2888323664665222,0.2928306460380554,0.003998279571533203,0.5684467554092407,0.5868012309074402,-0.018354475498199463,0.10531267523765564,0.10531267523765564,173.74677914381027
crack0088_03.png,2.980421257019043,148.35806274414062,146.25218200683594,2.1058807373046875,108.5738525390625,107.56127166748047,1.0125808715820312,0.12639646232128143,0.14957253634929657,0.023176074028015137,0.3026376962661743,0.2832443118095398,-0.01939338445663452,0.3264840245246887,0.33513766527175903,0.008653640747070312,0.5703498721122742,0.5855709314346313,-0.015221059322357178,0.11034442484378815,0.11034442484378815,163.14417189359665
crack0088_04.png,-9.176075196266174,158.76727294921875,160.79896545410156,-2.0316925048828125,112.713623046875,119.55274963378906,-6.8391265869140625,0.14097893238067627,0.12254931777715683,-0.01842961460351944,0.3596598505973816,0.3109567165374756,-0.048703134059906006,0.3814518451690674,0.3624988794326782,-0.01895296573638916,0.5636178255081177,0.5882737636566162,-0.024655938148498535,0.10762590169906616,0.10762590169906616,175.9611106812954
crack0088_05.png,-0.5849725723266603,145.3012237548828,145.2288055419922,0.072418212890625,109.83197021484375,112.00334167480469,-2.1713714599609375,0.18807485699653625,0.2124786376953125,0.024403780698776245,0.3012160658836365,0.27636492252349854,-0.02485114336013794,0.2792983651161194,0.2559717893600464,-0.023326575756072998,0.5676470398902893,0.5863245129585266,-0.018677473068237305,0.13739588856697083,0.13739588856697083,157.4335037469864
crack0088_06.png,8.617952561378479,161.03744506835938,152.08731079101562,8.95013427734375,114.66692352294922,113.35895538330078,1.3079681396484375,0.10245273262262344,0.1345997303724289,0.03214699774980545,0.35389184951782227,0.28619134426116943,-0.06770050525665283,0.40984904766082764,0.356245219707489,-0.05360382795333862,0.5690311193466187,0.5870088338851929,-0.01797771453857422,0.12008249759674072,0.12008249759674072,173.8955673277378
crack0088_07.png,-2.6989622831344606,145.61505126953125,146.57089233398438,-0.955841064453125,110.81222534179688,113.91224670410156,-3.1000213623046875,0.1200377568602562,0.1431804895401001,0.023142732679843903,0.31931072473526,0.28127408027648926,-0.03803664445877075,0.33976173400878906,0.31891798973083496,-0.0208437442779541,0.565009593963623,0.5858362317085266,-0.020826637744903564,0.11201305687427521,0.11201305687427521,162.3241556584835
crack0088_08.png,-5.306384491920472,151.8207244873047,153.5045928955078,-1.683868408203125,115.48573303222656,120.50971984863281,-5.02398681640625,0.09320496767759323,0.10104279220104218,0.007837824523448944,0.2904794216156006,0.2613627314567566,-0.029116690158843994,0.29652613401412964,0.2773720622062683,-0.019154071807861328,0.5658361911773682,0.5927181839942932,-0.02688199281692505,0.11023105680942535,0.11023105680942535,170.77908799052238
crack0088_09.png,20.797499179840088,151.16114807128906,136.24354553222656,14.9176025390625,124.48381805419922,109.26084899902344,15.222969055175781,0.1329641491174698,0.1646110564470291,0.031646907329559326,0.3309604525566101,0.2804274559020996,-0.0505329966545105,0.372437059879303,0.32764488458633423,-0.04479217529296875,0.5671395659446716,0.5851326584815979,-0.01799309253692627,0.13831950724124908,0.13831950724124908,159.12980419397354
crack0089_00.png,5.458296632766723,135.9371337890625,136.27806091308594,-0.3409271240234375,109.3370361328125,105.40440368652344,3.9326324462890625,0.14328038692474365,0.14793093502521515,0.004650548100471497,0.0,0.10855615139007568,0.10855615139007568,0.0,0.1918918490409851,0.1918918490409851,0.5757554769515991,0.5879584550857544,-0.012202978134155273,0.11920902132987976,0.11920902132987976,151.02911233901978
crack0089_01.png,9.74093656539917,131.6857147216797,123.50914764404297,8.176567077636719,109.81489562988281,107.12454986572266,2.6903457641601562,0.1416339874267578,0.159955233335495,0.018321245908737183,0.0,0.0,0.0,0.0,0.10733193159103394,0.10733193159103394,0.5688735246658325,0.5933102369308472,-0.02443671226501465,0.12101596593856812,0.12101596593856812,142.83180141448975
crack0089_02.png,1.3899995565414427,143.76690673828125,145.17840576171875,-1.4114990234375,116.9176025390625,118.38424682617188,-1.466644287109375,0.1196170449256897,0.12265559285879135,0.003038547933101654,0.017102181911468506,0.13070780038833618,0.11360561847686768,0.03790140151977539,0.14981210231781006,0.11191070079803467,0.5653479695320129,0.6003267765045166,-0.03497880697250366,0.11233345419168472,0.11233345419168472,161.30870461463928
crack0089_03.png,-8.593370342254639,135.16506958007812,140.4482421875,-5.283172607421875,112.87721252441406,112.3750228881836,0.5021896362304688,0.16650930047035217,0.14827343821525574,-0.018235862255096436,0.032850563526153564,0.0112532377243042,-0.021597325801849365,0.015231490135192871,0.06703895330429077,0.0518074631690979,0.571084201335907,0.6007919907569885,-0.029707789421081543,0.11471669375896454,0.11471669375896454,152.94192922115326
crack0089_04.png,-3.3056898593902586,123.57234191894531,131.5632781982422,-7.990936279296875,113.97607421875,108.49263000488281,5.4834442138671875,0.17423854768276215,0.20959892868995667,0.03536038100719452,0.0,0.0147286057472229,0.0147286057472229,0.06395536661148071,0.18245595693588257,0.11850059032440186,0.5768704414367676,0.600023090839386,-0.023152649402618408,0.14257200062274933,0.14257200062274933,141.11442083120346
crack0089_05.png,24.956862258911134,136.77940368652344,127.85022735595703,8.929176330566406,132.51992797851562,110.8499755859375,21.669952392578125,0.16277474164962769,0.1866500973701477,0.02387535572052002,0.0022320151329040527,0.1653597354888916,0.16312772035598755,0.0,0.20380628108978271,0.20380628108978271,0.5705382823944092,0.5974240899085999,-0.026885807514190674,0.13272181153297424,0.13272181153297424,146.44529461860657
crack0089_06.png,3.0916328668594364,142.49530029296875,141.4288330078125,1.06646728515625,112.42433166503906,113.09844970703125,-0.6741180419921875,0.12146758288145065,0.11505213379859924,-0.00641544908285141,0.0767141580581665,0.17689228057861328,0.10017812252044678,0.041789352893829346,0.13932377099990845,0.0975344181060791,0.5705344080924988,0.6005113124847412,-0.02997690439224243,0.11704903095960617,0.11704903095960617,159.07939112186432
crack0089_07.png,3.7947031497955326,126.67879486083984,124.3038330078125,2.3749618530273438,109.2806396484375,105.97026824951172,3.3103713989257812,0.13882511854171753,0.1411214917898178,0.0022963732481002808,0.0,0.019515633583068848,0.019515633583068848,0.0,0.11043435335159302,0.11043435335159302,0.5706997513771057,0.5924183130264282,-0.02171856164932251,0.11497150361537933,0.11497150361537933,140.85853934288025
crack0089_08.png,3.2321303367614744,137.04788208007812,138.6249237060547,-1.5770416259765625,118.69050598144531,115.30027770996094,3.390228271484375,0.16604433953762054,0.17983783781528473,0.013793498277664185,0.15634602308273315,0.23856931924819946,0.08222329616546631,0.14511191844940186,0.24056214094161987,0.09545022249221802,0.5747635364532471,0.5982468128204346,-0.0234832763671875,0.11780021339654922,0.11780021339654922,151.80361503362656
crack0089_09.png,11.51877989768982,146.61358642578125,138.35215759277344,8.261428833007812,113.63645935058594,114.88041687011719,-1.24395751953125,0.14372925460338593,0.1795501410961151,0.03582088649272919,0.03382354974746704,0.0796460509300232,0.04582250118255615,0.013753652572631836,0.10119342803955078,0.08743977546691895,0.5660630464553833,0.5896539688110352,-0.023590922355651855,0.13972154259681702,0.13972154259681702,157.4452754855156
crack0090_00.png,-2.163459300994873,113.54874420166016,112.33588409423828,1.212860107421875,115.82671356201172,109.88284301757812,5.943870544433594,0.32634595036506653,0.2874469757080078,-0.038898974657058716,0.4021109342575073,0.3540860414505005,-0.048024892807006836,0.34248554706573486,0.2691704034805298,-0.07331514358520508,0.5716186165809631,0.5896424651145935,-0.01802384853363037,0.21015268564224243,0.21015268564224243,119.28119421005249
crack0090_01.png,-9.648782062530518,114.8384780883789,116.53048706054688,-1.6920089721679688,108.79852294921875,111.16999816894531,-2.3714752197265625,0.28617674112319946,0.25529009103775024,-0.03088665008544922,0.3168780207633972,0.2263956069946289,-0.09048241376876831,0.27687448263168335,0.15896815061569214,-0.11790633201599121,0.5683813691139221,0.5913302302360535,-0.022948861122131348,0.1999601125717163,0.1999601125717163,124.02028632164001
crack0090_02.png,-21.51576671600342,87.71489715576172,105.95414733886719,-18.23925018310547,105.9189224243164,109.9566879272461,-4.0377655029296875,0.25657355785369873,0.27423685789108276,0.017663300037384033,0.4822022318840027,0.41952723264694214,-0.06267499923706055,0.3208983540534973,0.23820585012435913,-0.08269250392913818,0.5701115131378174,0.5842983722686768,-0.014186859130859375,0.14174342155456543,0.14174342155456543,104.8120436668396
crack0090_03.png,-19.752272033691405,102.02694702148438,111.71311950683594,-9.686172485351562,110.93087005615234,113.60418701171875,-2.6733169555664062,0.2754218876361847,0.23049378395080566,-0.04492810368537903,0.5051872134208679,0.39536052942276,-0.10982668399810791,0.3834550380706787,0.2407814860343933,-0.1426735520362854,0.5646367073059082,0.5898731350898743,-0.025236427783966064,0.15598589181900024,0.15598589181900024,116.63533163070679
crack0090_04.png,-16.06622705459595,96.00865936279297,106.36578369140625,-10.357124328613281,103.39482879638672,106.41231536865234,-3.017486572265625,0.2796045243740082,0.25908157229423523,-0.02052295207977295,0.40899455547332764,0.35315096378326416,-0.05584359169006348,0.3498522639274597,0.2713373899459839,-0.07851487398147583,0.5752902626991272,0.5909534692764282,-0.015663206577301025,0.1893046796321869,0.1893046796321869,109.28046596050262
crack0090_05.png,-12.525352954864502,110.53636169433594,117.67076110839844,-7.1343994140625,110.45718383789062,114.64198303222656,-4.1847991943359375,0.3391211926937103,0.3271127939224243,-0.01200839877128601,0.48530882596969604,0.4345850944519043,-0.05072373151779175,0.4009724259376526,0.3478925824165344,-0.053079843521118164,0.5733179450035095,0.5915032625198364,-0.018185317516326904,0.2315509170293808,0.2315509170293808,118.13692426681519
crack0090_06.png,-14.339614391326904,114.67022705078125,123.98426818847656,-9.314041137695312,114.33625793457031,117.93229675292969,-3.596038818359375,0.288421094417572,0.27488046884536743,-0.01354062557220459,0.3082820773124695,0.2660265564918518,-0.042255520820617676,0.26172465085983276,0.19618481397628784,-0.06553983688354492,0.5748443007469177,0.5951864719390869,-0.02034217119216919,0.19032958149909973,0.19032958149909973,126.64187836647034
crack0090_07.png,-14.589166116714477,105.02859497070312,112.91954803466797,-7.890953063964844,110.41828918457031,111.3298568725586,-0.9115676879882812,0.2821713984012604,0.2212059050798416,-0.06096549332141876,0.4839894771575928,0.46505868434906006,-0.018930792808532715,0.3884507417678833,0.3081362247467041,-0.0803145170211792,0.5738908052444458,0.5913686752319336,-0.017477869987487793,0.1833900809288025,0.1833900809288025,119.3564642071724
crack0090_08.png,-29.810772323608397,97.50678253173828,118.18183898925781,-20.67505645751953,108.48438262939453,115.51835632324219,-7.033973693847656,0.23764006793498993,0.18437053263187408,-0.053269535303115845,0.47618257999420166,0.44130051136016846,-0.0348820686340332,0.2949748635292053,0.22893685102462769,-0.06603801250457764,0.5705305933952332,0.5871626138687134,-0.016632020473480225,0.18007920682430267,0.18007920682430267,120.26858335733414
crack0090_09.png,-28.288687801361085,93.35189056396484,112.96471405029297,-19.612823486328125,106.53791046142578,112.60734558105469,-6.069435119628906,0.28337493538856506,0.21260836720466614,-0.07076656818389893,0.39915335178375244,0.41314244270324707,0.013989090919494629,0.30022913217544556,0.34099358320236206,0.040764451026916504,0.5676047801971436,0.5962629914283752,-0.02865821123123169,0.16067180037498474,0.16067180037498474,114.25231993198395
crack0091_00.png,3.848448085784913,100.71994018554688,100.84307861328125,-0.123138427734375,116.65458679199219,110.66624450683594,5.98834228515625,0.14009323716163635,0.17041340470314026,0.030320167541503906,0.0,0.0,0.0,0.0,0.02353423833847046,0.02353423833847046,0.5746443867683411,0.5958784818649292,-0.021234095096588135,0.1312180757522583,0.1312180757522583,116.21105444431305
crack0091_01.png,-0.4005503177642824,112.75501251220703,115.27108764648438,-2.5160751342773438,118.49783325195312,118.88224792480469,-0.3844146728515625,0.16509251296520233,0.20387771725654602,0.03878520429134369,0.0,0.0,0.0,0.0,0.05243951082229614,0.05243951082229614,0.5756132006645203,0.5964513421058655,-0.020838141441345215,0.13888120651245117,0.13888120651245117,127.96555298566818
crack0091_02.png,2.3178452968597414,87.66942596435547,88.79932403564453,-1.1298980712890625,110.43617248535156,107.56678771972656,2.869384765625,0.15594370663166046,0.17253634333610535,0.016592636704444885,0.0,0.04506415128707886,0.04506415128707886,0.0,0.1258072853088379,0.1258072853088379,0.5711995363235474,0.5919492244720459,-0.020749688148498535,0.13081780076026917,0.13081780076026917,102.55572158098221
crack0091_03.png,24.822093391418456,110.3493423461914,95.2542953491211,15.095046997070312,137.43325805664062,110.26092529296875,27.172332763671875,0.17598579823970795,0.17600862681865692,2.282857894897461e-05,0.0,0.0,0.0,0.0,0.014985620975494385,0.014985620975494385,0.5635371208190918,0.5921299457550049,-0.028592824935913086,0.12887492775917053,0.12887492775917053,115.92786878347397
crack0091_04.png,9.559422373771667,93.76959228515625,88.22343444824219,5.5461578369140625,116.55394744873047,111.45213317871094,5.101814270019531,0.0959993377327919,0.1305522620677948,0.0345529243350029,0.0,0.0,0.0,0.0,0.0,0.0,0.5727335810661316,0.5925259590148926,-0.019792377948760986,0.10681045800447464,0.10681045800447464,108.93759146332741
crack0091_05.png,23.35235505104065,89.28453826904297,80.6329116821289,8.651626586914062,112.53639221191406,109.65924072265625,2.8771514892578125,0.1173468828201294,0.17487271130084991,0.05752582848072052,0.0,0.2506500482559204,0.2506500482559204,0.0,0.2257118821144104,0.2257118821144104,0.5668973326683044,0.5938523411750793,-0.026955008506774902,0.13502013683319092,0.13502013683319092,101.67200565338135
crack0091_06.png,7.830567407608033,100.67193603515625,95.0045166015625,5.66741943359375,115.06689453125,114.07805633544922,0.9888381958007812,0.1196165382862091,0.1545874923467636,0.034970954060554504,0.0,0.0,0.0,0.0,0.0,0.0,0.5675125122070312,0.593264102935791,-0.025751590728759766,0.11342005431652069,0.11342005431652069,114.39179813861847
crack0091_07.png,-6.089566946029663,96.60066986083984,101.92456817626953,-5.3238983154296875,120.73634338378906,113.79885864257812,6.9374847412109375,0.18655157089233398,0.15370236337184906,-0.032849207520484924,0.0,0.0,0.0,0.0,0.06407523155212402,0.06407523155212402,0.5710303783416748,0.5938485264778137,-0.022818148136138916,0.12179209291934967,0.12179209291934967,113.79441827535629
crack0091_08.png,-1.1879278182983395,97.72746276855469,97.77961730957031,-0.052154541015625,114.01386260986328,110.59515380859375,3.4187088012695312,0.17338590323925018,0.11119087040424347,-0.062195032835006714,0.0,0.08639532327651978,0.08639532327651978,0.0,0.08564430475234985,0.08564430475234985,0.5692195296287537,0.5938062071800232,-0.02458667755126953,0.1147662028670311,0.1147662028670311,114.83433610200882
crack0091_09.png,2.0224971771240234,89.43052673339844,100.68250274658203,-11.251976013183594,121.62852478027344,117.37899017333984,4.249534606933594,0.14521212875843048,0.13720478117465973,-0.008007347583770752,0.0,0.3292297124862671,0.3292297124862671,0.0,0.3368261456489563,0.3368261456489563,0.5693656206130981,0.5932141542434692,-0.023848533630371094,0.12350823730230331,0.12350823730230331,110.55279403924942
crack0092_00.png,4.387702178955078,157.98985290527344,151.84042358398438,6.1494293212890625,113.92407989501953,113.71342468261719,0.21065521240234375,0.1469273567199707,0.13201281428337097,-0.014914542436599731,0.0,0.0,0.0,0.0,0.0,0.0,0.5706574320793152,0.5869780778884888,-0.016320645809173584,0.0933719202876091,0.0933719202876091,170.4734925031662
crack0092_01.png,15.728727293014526,148.64878845214844,136.95150756835938,11.697280883789062,121.42085266113281,117.58551025390625,3.8353424072265625,0.16399440169334412,0.2023099809885025,0.038315579295158386,0.0,0.0,0.0,0.04213094711303711,0.1259182095527649,0.08378726243972778,0.5714840292930603,0.5856824517250061,-0.0141984224319458,0.10524682700634003,0.10524682700634003,156.3877819776535
crack0092_02.png,3.8557625770568844,115.56362915039062,112.9286880493164,2.6349411010742188,106.96482849121094,109.33232116699219,-2.36749267578125,0.17755423486232758,0.18264885246753693,0.005094617605209351,0.12286067008972168,0.1807423233985901,0.05788165330886841,0.13563644886016846,0.21218186616897583,0.07654541730880737,0.5702075958251953,0.5840830206871033,-0.013875424861907959,0.11939679831266403,0.11939679831266403,126.95622533559799
crack0092_03.png,4.73922872543335,139.28663635253906,134.0414581298828,5.24517822265625,110.5844497680664,113.31993103027344,-2.7354812622070312,0.2171040177345276,0.22321423888206482,0.0061102211475372314,0.0,0.01714158058166504,0.01714158058166504,0.08548992872238159,0.16558659076690674,0.08009666204452515,0.5683967471122742,0.5830526947975159,-0.0146559476852417,0.10061173141002655,0.10061173141002655,146.95991396903992
crack0092_04.png,-3.485627603530884,138.05003356933594,137.1378631591797,0.91217041015625,107.65319061279297,109.51957702636719,-1.8663864135742188,0.21657660603523254,0.17952455580234528,-0.03705205023288727,0.10134339332580566,0.10967963933944702,0.008336246013641357,0.18984520435333252,0.19466406106948853,0.004818856716156006,0.5642637610435486,0.5897769927978516,-0.02551323175430298,0.10241815447807312,0.10241815447807312,150.41355472803116
crack0092_05.png,-1.4460182666778563,127.46023559570312,131.4530029296875,-3.992767333984375,111.94601440429688,113.97225952148438,-2.0262451171875,0.17812512814998627,0.18847987055778503,0.010354742407798767,0.0,0.0798499584197998,0.0798499584197998,0.06623899936676025,0.13936853408813477,0.07312953472137451,0.5696424245834351,0.5862706899642944,-0.016628265380859375,0.10477468371391296,0.10477468371391296,142.2199391722679
crack0092_06.png,5.838439798355102,137.175048828125,131.39698791503906,5.7780609130859375,115.04464721679688,112.0927734375,2.951873779296875,0.16934818029403687,0.16488216817378998,-0.004466012120246887,0.0,0.0,0.0,0.0,0.0,0.0,0.5702499151229858,0.5893271565437317,-0.01907724142074585,0.10373780131340027,0.10373780131340027,147.9661745429039
crack0092_07.png,10.048037147521972,145.9890594482422,135.18275451660156,10.806304931640625,113.61640930175781,112.08558654785156,1.53082275390625,0.16755741834640503,0.15907737612724304,-0.008480042219161987,0.0,0.0,0.0,0.0,0.009083330631256104,0.009083330631256104,0.5712110996246338,0.5885159373283386,-0.017304837703704834,0.09909775853157043,0.09909775853157043,154.58190190792084
crack0092_08.png,17.446465682983398,147.14013671875,132.28733825683594,14.852798461914062,114.18839263916016,111.1538314819336,3.0345611572265625,0.13116206228733063,0.1569068282842636,0.025744765996932983,0.0,0.0,0.0,0.0,0.0,0.0,0.5691580176353455,0.5861514806747437,-0.016993463039398193,0.09907229244709015,0.09907229244709015,155.29007297754288
crack0092_09.png,-12.447956705093384,133.7546844482422,144.59564208984375,-10.840957641601562,112.48548889160156,114.85588073730469,-2.370391845703125,0.1571371704339981,0.13953238725662231,-0.017604783177375793,0.128037691116333,0.1634621024131775,0.03542441129684448,0.11332482099533081,0.1850217580795288,0.071696937084198,0.5713225603103638,0.588008463382721,-0.016685903072357178,0.12372035533189774,0.12372035533189774,154.32355856895447
crack0093_00.png,10.326198434829712,147.82415771484375,137.4363555908203,10.387802124023438,113.19681549072266,114.58484649658203,-1.388031005859375,0.18243888020515442,0.2003621608018875,0.017923280596733093,0.0,0.0,0.0,0.0,0.0,0.0,0.5675894021987915,0.5910957455635071,-0.023506343364715576,0.11361034214496613,0.11361034214496613,155.32775366306305
crack0093_01.png,-3.8453696250915526,110.57264709472656,112.83040618896484,-2.2577590942382812,115.5211410522461,116.98487091064453,-1.4637298583984375,0.2612996995449066,0.2715652287006378,0.010265529155731201,0.019628584384918213,0.0,-0.019628584384918213,0.03285783529281616,0.012042403221130371,-0.02081543207168579,0.5703536868095398,0.5963091254234314,-0.0259554386138916,0.138947993516922,0.138947993516922,119.87590968608856
crack0093_02.png,4.77421727180481,134.21368408203125,130.04324340820312,4.170440673828125,122.10958862304688,117.7500228881836,4.359565734863281,0.2143513560295105,0.21162323653697968,-0.0027281194925308228,0.0,0.0,0.0,0.0,0.0,0.0,0.5733487010002136,0.5963937044143677,-0.023045003414154053,0.1110212653875351,0.1110212653875351,143.2868177294731
crack0093_03.png,6.200353956222534,129.19091796875,121.58328247070312,7.607635498046875,109.91998291015625,112.75942993164062,-2.839447021484375,0.1890210211277008,0.19956417381763458,0.010543152689933777,0.0,0.0,0.0,0.0,0.0,0.0,0.5668858289718628,0.5947597026824951,-0.027873873710632324,0.11460284888744354,0.11460284888744354,137.83622705936432
crack0093_04.png,7.9699643611907955,127.88285064697266,123.62574005126953,4.257110595703125,118.47325897216797,112.21900177001953,6.2542572021484375,0.21166005730628967,0.2370436042547226,0.025383546948432922,0.0,0.0,0.0,0.0,0.0,0.0,0.5730218887329102,0.5935102105140686,-0.020488321781158447,0.122516930103302,0.122516930103302,136.79510033130646
crack0093_05.png,5.098516511917114,146.18650817871094,140.5647735595703,5.621734619140625,108.06900024414062,107.63973999023438,0.42926025390625,0.18299530446529388,0.18075242638587952,-0.0022428780794143677,0.0,0.0,0.0,0.0,0.0,0.0,0.5725336670875549,0.5854209661483765,-0.012887299060821533,0.10291575640439987,0.10291575640439987,155.9473339319229
crack0093_06.png,19.10468683242798,143.25428771972656,127.68375396728516,15.570533752441406,115.18309020996094,113.8686752319336,1.3144149780273438,0.19415785372257233,0.2427450269460678,0.04858717322349548,0.0,0.0,0.0,0.0,0.0,0.0,0.5729296207427979,0.594894289970398,-0.021964669227600098,0.11470794677734375,0.11470794677734375,147.61532121896744
crack0093_07.png,10.901598834991455,129.40306091308594,118.6743392944336,10.728721618652344,110.79478454589844,109.5721206665039,1.2226638793945312,0.19920167326927185,0.20678526163101196,0.007583588361740112,0.0,0.0,0.0,0.0,0.0,0.0,0.5669896006584167,0.5900614857673645,-0.023071885108947754,0.124961718916893,0.124961718916893,135.68905913829803
crack0093_08.png,2.264508867263794,130.67959594726562,126.66167449951172,4.017921447753906,108.90835571289062,111.13703918457031,-2.2286834716796875,0.22439587116241455,0.226539745926857,0.002143874764442444,0.0,0.0,0.0,0.0,0.03584367036819458,0.03584367036819458,0.5651479959487915,0.5909842252731323,-0.02583622932434082,0.11936266720294952,0.11936266720294952,138.8462519645691
crack0093_09.png,-0.9854592323303222,119.72570037841797,119.83444213867188,-0.10874176025390625,109.41586303710938,111.6456069946289,-2.2297439575195312,0.21848315000534058,0.2292342185974121,0.010751068592071533,0.0,0.0,0.0,0.04964578151702881,0.05626344680786133,0.0066176652908325195,0.5732179880142212,0.5943406224250793,-0.021122634410858154,0.12556594610214233,0.12556594610214233,130.44470715522766
crack0094_00.png,-7.684163665771484,107.64012145996094,111.8439712524414,-4.203849792480469,104.64256286621094,104.53821563720703,0.10434722900390625,0.33248236775398254,0.3162020742893219,-0.016280293464660645,0.06548416614532471,0.02875542640686035,-0.036728739738464355,0.09320324659347534,0.08269715309143066,-0.010506093502044678,0.5665282607078552,0.585290253162384,-0.01876199245452881,0.24298977851867676,0.24298977851867676,114.18153202533722
crack0094_01.png,-5.012368869781494,104.18055725097656,109.6430892944336,-5.462532043457031,109.13035583496094,107.70496368408203,1.4253921508789062,0.33666667342185974,0.3243711590766907,-0.012295514345169067,0.014832556247711182,0.04924190044403076,0.03440934419631958,0.0,0.0,0.0,0.5721184015274048,0.5849365592002869,-0.01281815767288208,0.2201891988515854,0.2201891988515854,110.84701609611511
crack0094_02.png,-3.548202896118164,99.07575225830078,102.20352935791016,-3.127777099609375,105.0582275390625,104.04742431640625,1.01080322265625,0.33541637659072876,0.33414971828460693,-0.0012666583061218262,0.0,0.0,0.0,0.0,0.0,0.0,0.5721530318260193,0.5902383923530579,-0.018085360527038574,0.23150649666786194,0.23150649666786194,104.20019340515137
crack0094_03.png,-2.500906753540039,97.94380187988281,102.39424896240234,-4.450447082519531,110.39636993408203,111.07621765136719,-0.6798477172851562,0.29947155714035034,0.2901749312877655,-0.009296625852584839,0.0,0.09072005748748779,0.09072005748748779,0.0,0.03451526165008545,0.03451526165008545,0.5728834867477417,0.589473307132721,-0.016589820384979248,0.20158261060714722,0.20158261060714722,106.33746182918549
crack0094_04.png,-1.0077492713928224,104.90126037597656,105.8792495727539,-0.9779891967773438,109.92692565917969,110.37191772460938,-0.4449920654296875,0.30845907330513,0.2887108623981476,-0.019748210906982422,0.0,0.06562447547912598,0.06562447547912598,0.0,0.028765499591827393,0.028765499591827393,0.5662975907325745,0.5887197256088257,-0.02242213487625122,0.2127951979637146,0.2127951979637146,111.6163922548294
crack0094_05.png,1.3850822448730469,104.47676086425781,103.28829193115234,1.1884689331054688,110.3155517578125,106.7099380493164,3.6056137084960938,0.32555514574050903,0.32156214118003845,-0.003993004560470581,0.008495092391967773,0.0,-0.008495092391967773,0.0,0.0,0.0,0.5725336670875549,0.5871933698654175,-0.014659702777862549,0.217094287276268,0.217094287276268,108.07653272151947
crack0094_06.png,1.266160011291504,103.30559539794922,105.65536499023438,-2.3497695922851562,107.57308959960938,109.14543151855469,-1.5723419189453125,0.3075263798236847,0.302040696144104,-0.0054856836795806885,0.1984339952468872,0.33197450637817383,0.13354051113128662,0.15102094411849976,0.23100519180297852,0.07998424768447876,0.5728258490562439,0.5892733335494995,-0.016447484493255615,0.24207808077335358,0.24207808077335358,109.92897176742554
crack0094_07.png,-7.5053808212280275,94.98927307128906,102.06206512451172,-7.072792053222656,108.9876708984375,109.16368865966797,-0.17601776123046875,0.3035774827003479,0.30670687556266785,0.0031293928623199463,0.0,0.0,0.0,0.0,0.0,0.0,0.5747443437576294,0.5900576710700989,-0.015313327312469482,0.21211686730384827,0.21211686730384827,103.91332697868347
crack0094_08.png,-5.110398197174073,99.84971618652344,103.70858764648438,-3.8588714599609375,104.82801818847656,104.56108093261719,0.266937255859375,0.29083365201950073,0.28511980175971985,-0.005713850259780884,0.0,0.0,0.0,0.0,0.0,0.0,0.5704767107963562,0.5930065512657166,-0.02252984046936035,0.18098509311676025,0.18098509311676025,108.39222586154938
crack0094_09.png,-3.4219918251037598,110.20858001708984,113.40328979492188,-3.1947097778320312,107.52913665771484,107.81085205078125,-0.28171539306640625,0.35009217262268066,0.358492910861969,0.00840073823928833,0.0038762688636779785,0.0,-0.0038762688636779785,0.10042774677276611,0.11038064956665039,0.009952902793884277,0.5691503286361694,0.5849404335021973,-0.015790104866027832,0.2097764015197754,0.2097764015197754,114.19802188873291
crack0095_00.png,17.465976190567016,135.94744873046875,114.78678894042969,21.160659790039062,106.14811706542969,104.48322296142578,1.6648941040039062,0.2570057511329651,0.23971028625965118,-0.017295464873313904,0.13748687505722046,0.08818286657333374,-0.04930400848388672,0.24629992246627808,0.19968187808990479,-0.04661804437637329,0.5653018355369568,0.5904229283332825,-0.025121092796325684,0.14916115999221802,0.14916115999221802,134.60141879320145
crack0095_01.png,16.948736476898194,131.69296264648438,112.8846435546875,18.808319091796875,112.46102905273438,105.52870178222656,6.9323272705078125,0.17918211221694946,0.18020865321159363,0.001026540994644165,0.24433666467666626,0.1492927074432373,-0.09504395723342896,0.25118446350097656,0.18390774726867676,-0.0672767162322998,0.5679931044578552,0.5908150672912598,-0.02282196283340454,0.1748906373977661,0.1748906373977661,135.17047905921936
crack0095_02.png,10.914846515655517,132.89349365234375,123.7542495727539,9.139244079589844,111.9310302734375,106.92585754394531,5.0051727294921875,0.23442351818084717,0.26345598697662354,0.029032468795776367,0.13619351387023926,0.09801477193832397,-0.03817874193191528,0.2298845648765564,0.1543513536453247,-0.07553321123123169,0.567443311214447,0.5929911732673645,-0.02554786205291748,0.1623142808675766,0.1623142808675766,137.97810745239258
crack0095_03.png,10.499340629577638,116.16929626464844,98.57014465332031,17.599151611328125,111.03761291503906,107.12298583984375,3.9146270751953125,0.19423088431358337,0.1351405382156372,-0.05909034609794617,0.41849231719970703,0.34182310104370117,-0.07666921615600586,0.3676477074623108,0.2955371141433716,-0.07211059331893921,0.5684928894042969,0.590284526348114,-0.02179163694381714,0.15745462477207184,0.15745462477207184,122.8726692199707
crack0095_04.png,24.014576148986816,122.27938842773438,103.86327362060547,18.416114807128906,119.49418640136719,112.10858154296875,7.3856048583984375,0.19284412264823914,0.23421472311019897,0.04137060046195984,0.19625014066696167,0.20311307907104492,0.006862938404083252,0.24907565116882324,0.23992317914962769,-0.009152472019195557,0.5691964626312256,0.5926951169967651,-0.02349865436553955,0.1611804962158203,0.1611804962158203,125.20848834514618
crack0095_05.png,22.347547006607055,131.5986785888672,112.08358764648438,19.515090942382812,115.74385070800781,105.02069091796875,10.723159790039062,0.21546170115470886,0.20818613469600677,-0.007275566458702087,0.3172995448112488,0.310467004776001,-0.006832540035247803,0.2786710858345032,0.2954714894294739,0.016800403594970703,0.5691503286361694,0.584186851978302,-0.015036523342132568,0.17785540223121643,0.17785540223121643,132.71743911504745
crack0095_06.png,4.290346145629883,121.62239074707031,113.1495132446289,8.472877502441406,108.58447265625,105.19709777832031,3.3873748779296875,0.23528322577476501,0.1922435760498047,-0.04303964972496033,0.3517482280731201,0.3243424892425537,-0.027405738830566406,0.37172794342041016,0.3502728343009949,-0.021455109119415283,0.5658977031707764,0.5908496975898743,-0.0249519944190979,0.16364479064941406,0.16364479064941406,129.4853253364563
crack0095_07.png,6.486930513381958,117.61862182617188,106.67267608642578,10.945945739746094,106.8468017578125,103.83981323242188,3.006988525390625,0.27231115102767944,0.23094837367534637,-0.04136277735233307,0.3474231958389282,0.3126288652420044,-0.03479433059692383,0.3452832102775574,0.3256494998931885,-0.019633710384368896,0.5650365352630615,0.5890619158744812,-0.024025380611419678,0.16008949279785156,0.16008949279785156,121.8512231707573
crack0095_08.png,9.913224029541016,124.94723510742188,112.28398895263672,12.663246154785156,114.33833312988281,106.19430541992188,8.144027709960938,0.23218713700771332,0.19260595738887787,-0.03958117961883545,0.27001792192459106,0.21760153770446777,-0.05241638422012329,0.27555060386657715,0.24372518062591553,-0.03182542324066162,0.5688812136650085,0.5874933004379272,-0.0186120867729187,0.14435184001922607,0.14435184001922607,130.55898660421371
crack0095_09.png,8.309494733810425,115.71764373779297,105.19000244140625,10.527641296386719,108.64384460449219,107.29054260253906,1.353302001953125,0.23487232625484467,0.22783318161964417,-0.0070391446352005005,0.1383388638496399,0.10576421022415161,-0.03257465362548828,0.1403878927230835,0.12397927045822144,-0.01640862226486206,0.5731334090232849,0.5954671502113342,-0.022333741188049316,0.1522151529788971,0.1522151529788971,120.60251820087433
crack0096_00.png,-2.463612985610962,119.25642395019531,124.95278930664062,-5.6963653564453125,104.46755981445312,104.90526580810547,-0.43770599365234375,0.25593194365501404,0.24141134321689606,-0.014520600438117981,0.0,0.1321302056312561,0.1321302056312561,0.2458667755126953,0.2244725227355957,-0.02139425277709961,0.5645174980163574,0.5824106335639954,-0.01789313554763794,0.11308235675096512,0.11308235675096512,130.91635137796402
crack0096_01.png,-12.299773550033569,115.75370025634766,125.69737243652344,-9.943672180175781,108.08169555664062,106.61775207519531,1.4639434814453125,0.23575134575366974,0.19728350639343262,-0.03846783936023712,0.2707260251045227,0.29365068674087524,0.02292466163635254,0.31773513555526733,0.2923787236213684,-0.025356411933898926,0.5685274600982666,0.5880584120750427,-0.019530951976776123,0.12043416500091553,0.12043416500091553,132.4108624458313
crack0096_02.png,-20.339630603790283,125.37493133544922,142.21910095214844,-16.84416961669922,108.72828674316406,110.35578918457031,-1.62750244140625,0.23687733709812164,0.20699556171894073,-0.029881775379180908,0.15857362747192383,0.17925184965133667,0.020678222179412842,0.15615904331207275,0.12602710723876953,-0.030131936073303223,0.5641214847564697,0.5961476564407349,-0.03202617168426514,0.10235264897346497,0.10235264897346497,145.22318869829178
crack0096_03.png,0.08138132095336914,116.31621551513672,114.33248138427734,1.983734130859375,109.54942321777344,106.9124755859375,2.6369476318359375,0.265227347612381,0.2665517032146454,0.0013243556022644043,0.1104665994644165,0.04884922504425049,-0.061617374420166016,0.18812239170074463,0.14541268348693848,-0.04270970821380615,0.570003867149353,0.5849635004997253,-0.014959633350372314,0.1398462951183319,0.1398462951183319,122.80924761295319
crack0096_04.png,-3.9112550735473635,123.73380279541016,127.8597640991211,-4.1259613037109375,107.2852783203125,104.05961608886719,3.2256622314453125,0.24123123288154602,0.20176056027412415,-0.039470672607421875,0.2988249659538269,0.3749719262123108,0.07614696025848389,0.33927828073501587,0.37414658069610596,0.03486829996109009,0.5655632615089417,0.5896578431129456,-0.024094581604003906,0.11757313460111618,0.11757313460111618,137.277463555336
crack0096_05.png,26.802080345153808,140.08154296875,123.37542724609375,16.70611572265625,123.62123107910156,107.06761169433594,16.553619384765625,0.18405786156654358,0.2045719027519226,0.02051404118537903,0.09919244050979614,0.1591256856918335,0.059933245182037354,0.15357667207717896,0.1553747057914734,0.0017980337142944336,0.5736216902732849,0.5877200961112976,-0.014098405838012695,0.12099703401327133,0.12099703401327133,144.19381725788116
crack0096_06.png,-1.2132502079010008,112.46890258789062,113.98512268066406,-1.5162200927734375,103.574951171875,100.40836334228516,3.1665878295898438,0.22025947272777557,0.2146463692188263,-0.00561310350894928,0.10938012599945068,0.11147820949554443,0.00209808349609375,0.21935975551605225,0.25355082750320435,0.0341910719871521,0.5677469968795776,0.5827105045318604,-0.014963507652282715,0.11445441842079163,0.11445441842079163,123.65665066242218
crack0096_07.png,-10.15642852783203,96.85600280761719,104.64801788330078,-7.792015075683594,103.31440734863281,101.4364013671875,1.8780059814453125,0.257542222738266,0.2447342872619629,-0.0128079354763031,0.048941969871520996,0.010719716548919678,-0.03822225332260132,0.18416035175323486,0.0947413444519043,-0.08941900730133057,0.5718569755554199,0.5859092473983765,-0.014052271842956543,0.12113125622272491,0.12113125622272491,109.50432300567627
crack0096_08.png,-0.6784923076629639,119.12461853027344,121.22208404541016,-2.0974655151367188,106.32212829589844,102.43285369873047,3.8892745971679688,0.2320873886346817,0.21060711145401,-0.021480277180671692,0.0,0.06064558029174805,0.06064558029174805,0.14203089475631714,0.15082710981369019,0.008796215057373047,0.5671664476394653,0.5882698893547058,-0.02110344171524048,0.10704079270362854,0.10704079270362854,131.06772017478943
crack0096_09.png,-4.355908012390136,142.80030822753906,148.9659423828125,-6.1656341552734375,111.75933074951172,108.90538787841797,2.85394287109375,0.21293435990810394,0.21454720199108124,0.001612842082977295,0.20006418228149414,0.24085092544555664,0.0407867431640625,0.26185154914855957,0.23113620281219482,-0.030715346336364746,0.5687351226806641,0.5960438251495361,-0.02730870246887207,0.11072103679180145,0.11072103679180145,156.948816716671
crack0097_00.png,-13.64242091178894,91.24385833740234,102.50613403320312,-11.262275695800781,108.84463500976562,111.57723236083984,-2.7325973510742188,0.24898317456245422,0.23984472453594208,-0.009138450026512146,0.0,0.005434095859527588,0.005434095859527588,0.0,0.001648247241973877,0.001648247241973877,0.5639446377754211,0.5832794904708862,-0.019334852695465088,0.12712401151657104,0.12712401151657104,105.81549233198166
crack0097_01.png,-10.493056440353394,96.5609130859375,108.32283020019531,-11.761917114257812,113.6854019165039,118.85978698730469,-5.174385070800781,0.22452451288700104,0.27894654870033264,0.054422035813331604,0.0,0.0,0.0,0.0,0.0,0.0,0.5668166279792786,0.5921953320503235,-0.025378704071044922,0.15482956171035767,0.15482956171035767,112.65821415185928
crack0097_02.png,-12.693444442749023,103.57296752929688,118.6517562866211,-15.078788757324219,121.3568344116211,129.92816162109375,-8.571327209472656,0.25797635316848755,0.35474568605422974,0.09676933288574219,0.029852688312530518,0.0,-0.029852688312530518,0.07660973072052002,0.15221309661865234,0.07560336589813232,0.5727797150611877,0.5911188125610352,-0.018339097499847412,0.1635495126247406,0.1635495126247406,119.27853322029114
crack0097_03.png,-9.309560394287109,88.5445556640625,97.96943664550781,-9.424880981445312,109.23013305664062,112.21870422363281,-2.9885711669921875,0.22604918479919434,0.25453659892082214,0.028487414121627808,0.0,0.0,0.0,0.0,0.0,0.0,0.5698923468589783,0.5940984487533569,-0.024206101894378662,0.13589462637901306,0.13589462637901306,103.45798301696777
crack0097_04.png,-4.151255178451539,101.98461151123047,110.3705825805664,-8.385971069335938,118.95687866210938,121.29959106445312,-2.34271240234375,0.19911901652812958,0.2759176194667816,0.07679860293865204,0.0,0.0,0.0,0.016349315643310547,0.07381784915924072,0.057468533515930176,0.5708996653556824,0.595201849937439,-0.024302184581756592,0.14853793382644653,0.14853793382644653,118.03853005170822
crack0097_05.png,-14.545893955230714,93.50698852539062,104.15802764892578,-10.651039123535156,110.28128051757812,116.72990417480469,-6.4486236572265625,0.21124421060085297,0.24043883383274078,0.029194623231887817,0.08743119239807129,0.01862126588821411,-0.06880992650985718,0.050020694732666016,0.07985091209411621,0.029830217361450195,0.567854642868042,0.5903190970420837,-0.022464454174041748,0.14144274592399597,0.14144274592399597,109.77061933279037
crack0097_06.png,-5.827317619323731,88.4735336303711,94.85005950927734,-6.37652587890625,118.67759704589844,122.10004425048828,-3.4224472045898438,0.18335486948490143,0.22167475521564484,0.03831988573074341,0.0,0.0,0.0,0.0,0.0,0.0,0.5687428116798401,0.5974279046058655,-0.02868509292602539,0.13290773332118988,0.13290773332118988,104.55762058496475
crack0097_07.png,-5.311853933334351,99.26573181152344,107.67066192626953,-8.404930114746094,116.39012908935547,116.09158325195312,0.29854583740234375,0.19012576341629028,0.2398243397474289,0.04969857633113861,0.0,0.0,0.0,0.0,0.04424208402633667,0.04424208402633667,0.5752172470092773,0.6002729535102844,-0.02505570650100708,0.13762378692626953,0.13762378692626953,116.07156920433044
crack0097_08.png,-10.71701521873474,90.36265563964844,102.84785461425781,-12.485198974609375,108.88141632080078,112.085693359375,-3.2042770385742188,0.24760191142559052,0.29736727476119995,0.049765363335609436,0.0,0.0,0.0,0.0,0.0,0.0,0.5679892301559448,0.5912725925445557,-0.02328336238861084,0.12692129611968994,0.12692129611968994,105.40004414319992
crack0097_09.png,-5.2262073993682865,99.1628189086914,107.50322723388672,-8.340408325195312,120.2294921875,120.41970825195312,-0.190216064453125,0.17806395888328552,0.22989951074123383,0.0518355518579483,0.0,0.0,0.0,0.0,0.08557277917861938,0.08557277917861938,0.574755847454071,0.5986697673797607,-0.023913919925689697,0.12709400057792664,0.12709400057792664,116.59597623348236
crack0098_00.png,-1.9083663940429687,143.99835205078125,143.99278259277344,0.0055694580078125,110.44896697998047,107.94325256347656,2.5057144165039062,0.20523837208747864,0.17842036485671997,-0.026818007230758667,0.0,0.0,0.0,0.0,0.0,0.0,0.5725144147872925,0.5917839407920837,-0.01926952600479126,0.09794633090496063,0.09794633090496063,156.9617030620575
crack0098_01.png,5.208089709281921,156.96656799316406,156.3182830810547,0.648284912109375,118.49019622802734,111.26535034179688,7.224845886230469,0.10841231793165207,0.13973163068294525,0.03131931275129318,0.0,0.0,0.0,0.0,0.0,0.0,0.5696078538894653,0.5904998183250427,-0.020891964435577393,0.0889417752623558,0.0889417752623558,173.75767919421196
crack0098_02.png,12.558680820465089,144.1544952392578,136.24038696289062,7.9141082763671875,116.87040710449219,113.09947204589844,3.77093505859375,0.13040691614151,0.1816374659538269,0.051230549812316895,0.0,0.0,0.0,0.0,0.0,0.0,0.5692964196205139,0.5933525562286377,-0.02405613660812378,0.09667426347732544,0.09667426347732544,156.10712838172913
crack0098_03.png,-1.9140649318695067,149.58189392089844,154.04598999023438,-4.4640960693359375,114.61615753173828,109.37200927734375,5.244148254394531,0.16734442114830017,0.1872551292181015,0.01991070806980133,0.0,0.0,0.0,0.02280879020690918,0.0,-0.02280879020690918,0.5642560720443726,0.5927681922912598,-0.028512120246887207,0.09566058218479156,0.09566058218479156,165.4840043783188
crack0098_04.png,-0.26322355270385733,138.13827514648438,141.8947296142578,-3.7564544677734375,112.53465270996094,108.51618957519531,4.018463134765625,0.17568527162075043,0.20976199209690094,0.03407672047615051,0.0,0.0,0.0,0.0,0.0,0.0,0.5678585171699524,0.5888658165931702,-0.021007299423217773,0.09055259823799133,0.09055259823799133,153.03001874685287
crack0098_05.png,11.709752941131592,128.338134765625,123.02960968017578,5.308525085449219,111.51553344726562,107.44485473632812,4.0706787109375,0.16013558208942413,0.23090480268001556,0.07076922059059143,0.0,0.0,0.0,0.0,0.0,0.0,0.5709649920463562,0.5931795239448547,-0.022214531898498535,0.0969662219285965,0.0969662219285965,139.80291825532913
crack0098_06.png,10.192152214050292,140.24136352539062,131.2346954345703,9.006668090820312,123.2423095703125,113.8250732421875,9.417236328125,0.18711522221565247,0.1635211706161499,-0.023594051599502563,0.0,0.0,0.0,0.0,0.0,0.0,0.5690965056419373,0.5864436626434326,-0.01734715700149536,0.09429655969142914,0.09429655969142914,149.38450574874878
crack0098_07.png,-0.6019423007965088,138.09901428222656,134.11778259277344,3.981231689453125,112.69587707519531,112.06855010986328,0.6273269653320312,0.23631241917610168,0.1823144108057022,-0.053998008370399475,0.0,0.0,0.0,0.0,0.0,0.0,0.5730488300323486,0.5859054327011108,-0.012856602668762207,0.0941099226474762,0.0941099226474762,148.6057510972023
crack0098_08.png,-0.49604945182800275,141.80494689941406,145.76800537109375,-3.9630584716796875,114.18696594238281,111.5869369506836,2.6000289916992188,0.16266658902168274,0.20550696551799774,0.042840376496315,0.0,0.0,0.0,0.0,0.0,0.0,0.5658823251724243,0.5908881425857544,-0.025005817413330078,0.0906386524438858,0.0906386524438858,157.66200649738312
crack0098_09.png,-1.242413330078125,123.44044494628906,123.65632629394531,-0.21588134765625,110.99119567871094,110.4744873046875,0.5167083740234375,0.180068701505661,0.18119138479232788,0.0011226832866668701,0.0,0.0,0.0,0.0,0.0,0.0,0.5632795095443726,0.5963552594184875,-0.03307574987411499,0.10516753047704697,0.10516753047704697,136.59847390651703
crack0099_00.png,-21.71562271118164,114.7146224975586,130.4831085205078,-15.768486022949219,111.11356353759766,112.17892456054688,-1.0653610229492188,0.3061681091785431,0.2501641809940338,-0.05600392818450928,0.0,0.0,0.0,0.0,0.0,0.0,0.5647635459899902,0.59078049659729,-0.026016950607299805,0.12378783524036407,0.12378783524036407,131.22023451328278
crack0099_01.png,-19.364010715484618,127.05529022216797,150.178955078125,-23.12366485595703,110.07321166992188,112.77548217773438,-2.7022705078125,0.34039103984832764,0.33136793971061707,-0.009023100137710571,0.044562697410583496,0.20515316724777222,0.16059046983718872,0.13968616724014282,0.26597076654434204,0.12628459930419922,0.565497875213623,0.5870280861854553,-0.021530210971832275,0.14137254655361176,0.14137254655361176,142.21616971492767
crack0099_02.png,-17.002396392822266,116.51683807373047,130.94668579101562,-14.429847717285156,112.39412689208984,116.77953338623047,-4.385406494140625,0.38020387291908264,0.41845086216926575,0.038246989250183105,0.07653838396072388,0.0,-0.07653838396072388,0.12538158893585205,0.03669029474258423,-0.08869129419326782,0.5673241019248962,0.5877393484115601,-0.02041524648666382,0.14018823206424713,0.14018823206424713,124.42910349369049
crack0099_03.png,-18.024228858947755,114.20899200439453,135.30386352539062,-21.094871520996094,106.35076904296875,109.23795318603516,-2.8871841430664062,0.3437099754810333,0.37710854411125183,0.033398568630218506,0.18154925107955933,0.24038618803024292,0.058836936950683594,0.2023395299911499,0.22987830638885498,0.027538776397705078,0.5664628744125366,0.5864590406417847,-0.019996166229248047,0.11757619678974152,0.11757619678974152,127.59219086170197
crack0099_04.png,-13.096789646148682,114.79740905761719,125.31883239746094,-10.52142333984375,113.08258056640625,113.07410430908203,0.00847625732421875,0.3623676896095276,0.37211480736732483,0.009747117757797241,0.15607929229736328,0.0952303409576416,-0.06084895133972168,0.17931640148162842,0.11397713422775269,-0.06533926725387573,0.5688542723655701,0.5919684767723083,-0.02311420440673828,0.12485808879137039,0.12485808879137039,121.99479842185974
crack0099_05.png,-26.06219701766968,118.84532165527344,138.8344268798828,-19.989105224609375,106.30211639404297,110.86845397949219,-4.566337585449219,0.31812310218811035,0.30260026454925537,-0.01552283763885498,0.2683735489845276,0.21555441617965698,-0.052819132804870605,0.1988479495048523,0.1578817367553711,-0.0409662127494812,0.5614725351333618,0.5837716460227966,-0.022299110889434814,0.13598906993865967,0.13598906993865967,134.03472423553467
crack0099_06.png,-11.751782083511353,118.86796569824219,129.16619873046875,-10.298233032226562,113.61474609375,113.68319702148438,-0.068450927734375,0.24930338561534882,0.2820335030555725,0.032730117440223694,0.0755358338356018,0.0,-0.0755358338356018,0.0,0.0,0.0,0.5625221133232117,0.5881007313728333,-0.025578618049621582,0.1218300461769104,0.1218300461769104,132.58290833234787
crack0099_07.png,-22.968042278289794,112.09138488769531,128.57852172851562,-16.487136840820312,111.97232055664062,114.90156555175781,-2.9292449951171875,0.3578016459941864,0.3021208941936493,-0.05568075180053711,0.0,0.0,0.0,0.04200059175491333,0.0,-0.04200059175491333,0.5663129687309265,0.5876816511154175,-0.021368682384490967,0.12916797399520874,0.12916797399520874,125.71496570110321
crack0099_08.png,-24.10467472076416,118.80842590332031,135.6899871826172,-16.881561279296875,111.82530975341797,114.12432861328125,-2.2990188598632812,0.32644692063331604,0.3032836616039276,-0.023163259029388428,0.32732415199279785,0.2420145869255066,-0.08530956506729126,0.2606251835823059,0.21618807315826416,-0.04443711042404175,0.567570149898529,0.5935217142105103,-0.0259515643119812,0.11854355037212372,0.11854355037212372,132.7930554151535
crack0099_09.png,-18.657184600830078,119.38872528076172,140.93507385253906,-21.546348571777344,104.85813903808594,104.97914123535156,-0.121002197265625,0.3163753151893616,0.3358149826526642,0.019439667463302612,0.2788606882095337,0.33812636137008667,0.05926567316055298,0.07272762060165405,0.10743504762649536,0.03470742702484131,0.5648865699768066,0.589592456817627,-0.024705886840820312,0.09671176970005035,0.09671176970005035,134.76307892799377
crack0100_00.png,-4.7203398704528805,96.16365051269531,93.95403289794922,2.2096176147460938,105.63540649414062,106.38692474365234,-0.7515182495117188,0.2786443829536438,0.20855537056922913,-0.07008901238441467,0.5065546631813049,0.498576819896698,-0.007977843284606934,0.4787045121192932,0.4515477418899536,-0.0271567702293396,0.5672048926353455,0.5847827792167664,-0.0175778865814209,0.15483541786670685,0.15483541786670685,105.93683063983917
crack0100_01.png,-2.193446969985962,99.8055419921875,97.72065734863281,2.0848846435546875,108.65218353271484,107.99703216552734,0.6551513671875,0.2329995036125183,0.20828525722026825,-0.02471424639225006,0.3330220580101013,0.28533828258514404,-0.047683775424957275,0.3966878652572632,0.30087631940841675,-0.09581154584884644,0.5716032385826111,0.5880007743835449,-0.016397535800933838,0.15527501702308655,0.15527501702308655,109.78601521253586
crack0100_02.png,3.894457530975342,98.80626678466797,93.30419921875,5.502067565917969,107.70317077636719,104.03292846679688,3.6702423095703125,0.2982645034790039,0.30501076579093933,0.006746262311935425,0.3874317407608032,0.31364011764526367,-0.07379162311553955,0.4217403531074524,0.38842707872390747,-0.03331327438354492,0.5707381963729858,0.5873317718505859,-0.016593575477600098,0.15927311778068542,0.15927311778068542,101.65263366699219
crack0100_03.png,-7.785859203338623,99.01373291015625,97.94923400878906,1.0644989013671875,110.00447082519531,112.81787109375,-2.8134002685546875,0.2886095345020294,0.2651388645172119,-0.023470669984817505,0.36178135871887207,0.23740088939666748,-0.12438046932220459,0.4091522693634033,0.3116348385810852,-0.09751743078231812,0.5666974186897278,0.5885005593299866,-0.02180314064025879,0.2163465917110443,0.2163465917110443,106.1131739616394
crack0100_04.png,-5.2049487113952635,103.40766143798828,100.22438049316406,3.1832809448242188,112.93046569824219,113.94161987304688,-1.0111541748046875,0.209000825881958,0.20810848474502563,-0.000892341136932373,0.3892892003059387,0.2101956009864807,-0.179093599319458,0.4367605447769165,0.33886992931365967,-0.09789061546325684,0.5655901432037354,0.5843060612678528,-0.01871591806411743,0.15046752989292145,0.15046752989292145,112.70175433158875
crack0100_05.png,-3.4331311225891112,80.43174743652344,79.03004455566406,1.401702880859375,107.06419372558594,103.87672424316406,3.187469482421875,0.28387144207954407,0.2887520492076874,0.0048806071281433105,0.45750880241394043,0.31198012828826904,-0.1455286741256714,0.4758480191230774,0.3666127920150757,-0.10923522710800171,0.5689465403556824,0.5859246253967285,-0.016978085041046143,0.16130411624908447,0.16130411624908447,86.13559448719025
crack0100_06.png,0.0031784057617185724,109.38716888427734,107.66460418701172,1.722564697265625,109.96598815917969,109.9909439086914,-0.02495574951171875,0.34871426224708557,0.3585473299026489,0.009833067655563354,0.38380229473114014,0.34043216705322266,-0.04337012767791748,0.3913041353225708,0.37480318546295166,-0.01650094985961914,0.5707151293754578,0.5897462368011475,-0.019031107425689697,0.2426871359348297,0.2426871359348297,111.1928802728653
crack0100_07.png,-12.263293027877808,92.40656280517578,99.2955093383789,-6.888946533203125,108.84867095947266,115.93340301513672,-7.0847320556640625,0.2558949589729309,0.24303321540355682,-0.012861743569374084,0.3588941693305969,0.3455738425254822,-0.013320326805114746,0.3927680253982544,0.34974998235702515,-0.04301804304122925,0.5736024379730225,0.598069965839386,-0.024467527866363525,0.22981372475624084,0.22981372475624084,105.19184178113937
crack0100_08.png,0.6204516887664795,92.1653060913086,88.41509246826172,3.750213623046875,104.0941390991211,102.85043334960938,1.2437057495117188,0.24386058747768402,0.23312532901763916,-0.01073525846004486,0.4310520887374878,0.3829333782196045,-0.0481187105178833,0.4859979748725891,0.43113982677459717,-0.05485814809799194,0.5718108415603638,0.5929027199745178,-0.021091878414154053,0.15893781185150146,0.15893781185150146,100.01878833770752
crack0100_09.png,-67.03730149269104,104.86373138427734,150.57415771484375,-45.710426330566406,107.78375244140625,159.22628784179688,-51.442535400390625,0.27943161129951477,0.24750040471553802,-0.031931206583976746,0.3520721197128296,0.4232702851295471,0.07119816541671753,0.3952014446258545,0.4058305025100708,0.010629057884216309,0.5733794569969177,0.5994617342948914,-0.026082277297973633,0.22592784464359283,0.22592784464359283,136.84738963842392
