image,score_new_minus_old,old_crack_epe_px,new_crack_epe_px,delta_crack_epe_px_positive_is_better,old_global_epe_px,new_global_epe_px,delta_global_epe_px_positive_is_better,old_warp_crack_dice,new_warp_crack_dice,delta_warp_crack_dice_positive_is_better,old_crack_edge_fidelity,new_crack_edge_fidelity,delta_crack_edge_fidelity_positive_is_better,old_global_edge_fidelity,new_global_edge_fidelity,delta_global_edge_fidelity_positive_is_better,old_folding_rate,new_folding_rate,delta_folding_rate_positive_is_better,old_crack_ratio,new_crack_ratio,joint_failure_score
crack0001_00.png,3.0580703258514403,105.39696502685547,103.72444915771484,1.672515869140625,113.37789916992188,111.49365234375,1.884246826171875,0.21129493415355682,0.22411367297172546,0.01281873881816864,0.4682368040084839,0.4565349221229553,-0.011701881885528564,0.4446032643318176,0.44034314155578613,-0.004260122776031494,0.5856939554214478,0.5838331580162048,0.00186079740524292,0.20257893204689026,0.20257893204689026,115.31076925992966
crack0001_01.png,-1.16184458732605,121.35859680175781,120.9936752319336,0.36492156982421875,108.94732666015625,109.30009460449219,-0.3527679443359375,0.260790079832077,0.23676051199436188,-0.02402956783771515,0.3567882180213928,0.36927932500839233,0.012491106986999512,0.3662179708480835,0.37300002574920654,0.006782054901123047,0.5806228518486023,0.5796962976455688,0.0009265542030334473,0.22484156489372253,0.22484156489372253,130.19541937112808
crack0001_02.png,-0.11112036705017092,104.0478515625,104.33987426757812,-0.292022705078125,111.37183380126953,111.73767852783203,-0.3658447265625,0.2147829681634903,0.2121712565422058,-0.002611711621284485,0.23700135946273804,0.24472719430923462,0.007725834846496582,0.30822259187698364,0.31899333000183105,0.010770738124847412,0.5839408040046692,0.578262209892273,0.00567859411239624,0.1662106215953827,0.1662106215953827,114.82121968269348
crack0001_03.png,-1.5757165908813477,103.79802703857422,104.47576904296875,-0.6777420043945312,110.990478515625,112.85169219970703,-1.8612136840820312,0.29445844888687134,0.2833058536052704,-0.011152595281600952,0.3923405408859253,0.40856701135635376,0.016226470470428467,0.39092570543289185,0.39563435316085815,0.004708647727966309,0.5831295847892761,0.5808880925178528,0.00224149227142334,0.2581266462802887,0.2581266462802887,110.4637302160263
crack0001_04.png,2.528051328659058,98.44813537597656,98.07361602783203,0.37451934814453125,109.74476623535156,109.65110778808594,0.093658447265625,0.23037920892238617,0.2420472800731659,0.011668071150779724,0.3708134889602661,0.39598459005355835,0.025171101093292236,0.3939448595046997,0.4101026654243469,0.016157805919647217,0.586543619632721,0.5821491479873657,0.004394471645355225,0.19837027788162231,0.19837027788162231,107.89986795186996
crack0001_05.png,2.484430503845215,112.19584655761719,109.8438949584961,2.3519515991210938,107.39927673339844,106.60081481933594,0.7984619140625,0.2973347008228302,0.2898433208465576,-0.007491379976272583,0.39741086959838867,0.40899360179901123,0.011582732200622559,0.36232250928878784,0.37932002544403076,0.01699751615524292,0.5802537202835083,0.5815263390541077,-0.0012726187705993652,0.2655094861984253,0.2655094861984253,116.89032506942749
crack0001_06.png,0.7436306953430176,114.0334243774414,113.00740814208984,1.0260162353515625,110.7774658203125,110.99784851074219,-0.2203826904296875,0.25224944949150085,0.2513969838619232,-0.0008524656295776367,0.4781404137611389,0.47511255741119385,-0.0030278563499450684,0.48397791385650635,0.48155301809310913,-0.002424895763397217,0.5808035135269165,0.5809265375137329,-0.00012302398681640625,0.15343789756298065,0.15343789756298065,121.67365872859955
crack0001_07.png,4.592287349700928,101.13475036621094,97.90674591064453,3.2280044555664062,113.76544189453125,111.06063842773438,2.704803466796875,0.2643507122993469,0.2592039108276367,-0.005146801471710205,0.453765869140625,0.4624180197715759,0.008652150630950928,0.40663474798202515,0.4168524742126465,0.010217726230621338,0.5938677191734314,0.5851672291755676,0.00870048999786377,0.24245218932628632,0.24245218932628632,107.72322225570679
crack0001_08.png,1.3040413856506348,111.81108856201172,110.9443359375,0.8667526245117188,110.51509094238281,110.31718444824219,0.197906494140625,0.32286831736564636,0.31824836134910583,-0.004619956016540527,0.48904162645339966,0.502501904964447,0.013460278511047363,0.474697470664978,0.4812557101249695,0.006558239459991455,0.5845636129379272,0.5798308253288269,0.004732787609100342,0.16685649752616882,0.16685649752616882,115.6653550863266
crack0001_09.png,1.4014321327209474,98.76993560791016,98.4303207397461,0.3396148681640625,110.09449768066406,109.55854797363281,0.53594970703125,0.27128544449806213,0.27205342054367065,0.0007679760456085205,0.4111030101776123,0.4262431859970093,0.015140175819396973,0.4327692985534668,0.45009005069732666,0.017320752143859863,0.5869088768959045,0.5823990702629089,0.0045098066329956055,0.2565203905105591,0.2565203905105591,105.79935657978058
crack0002_00.png,2.6444704055786135,109.70796203613281,110.01034545898438,-0.3023834228515625,112.4166259765625,111.69956970214844,0.7170562744140625,0.2875470519065857,0.30135661363601685,0.013809561729431152,0.1709686517715454,0.20953887701034546,0.03857022523880005,0.2770361304283142,0.27691149711608887,-0.0001246333122253418,0.5814110040664673,0.5810995697975159,0.000311434268951416,0.10501857101917267,0.10501857101917267,115.86277079582214
crack0002_01.png,-2.675261211395264,128.2886962890625,130.97987365722656,-2.6911773681640625,121.5093994140625,120.61161804199219,0.8977813720703125,0.2873358428478241,0.282130628824234,-0.005205214023590088,0.2731251120567322,0.27219516038894653,-0.0009299516677856445,0.3816535472869873,0.3858954906463623,0.004241943359375,0.586747407913208,0.5839869379997253,0.002760469913482666,0.13827738165855408,0.13827738165855408,136.1763435602188
crack0002_02.png,-0.31933851242065425,119.3569564819336,120.56373596191406,-1.2067794799804688,116.72039031982422,116.27903747558594,0.44135284423828125,0.34368816018104553,0.34926551580429077,0.005577355623245239,0.3354535698890686,0.33749234676361084,0.0020387768745422363,0.35995715856552124,0.35832715034484863,-0.0016300082206726074,0.5879315733909607,0.5833525657653809,0.004579007625579834,0.1288696974515915,0.1288696974515915,122.85631954669952
crack0002_03.png,-0.38406772613525386,116.38461303710938,118.57321166992188,-2.1885986328125,117.32971954345703,116.43685913085938,0.8928604125976562,0.30710792541503906,0.31115785241127014,0.004049926996231079,0.3188031315803528,0.3427049517631531,0.023901820182800293,0.42052316665649414,0.4204680323600769,-5.513429641723633e-05,0.5885736346244812,0.5843906402587891,0.004182994365692139,0.11817693710327148,0.11817693710327148,122.59538221359253
crack0002_04.png,-2.4206212043762205,133.98916625976562,135.6974334716797,-1.7082672119140625,122.75273895263672,121.9548110961914,0.7979278564453125,0.32105574011802673,0.3074319660663605,-0.01362377405166626,0.2851792573928833,0.28505080938339233,-0.0001284480094909668,0.3452046513557434,0.34833914041519165,0.003134489059448242,0.5854402184486389,0.5838523507118225,0.0015878677368164062,0.14195916056632996,0.14195916056632996,139.81499063968658
crack0002_05.png,-2.00199556350708,130.9304962158203,133.0172576904297,-2.086761474609375,121.2459945678711,120.68843841552734,0.55755615234375,0.3361600935459137,0.3334311544895172,-0.0027289390563964844,0.4020770788192749,0.4040285348892212,0.001951456069946289,0.4114987850189209,0.4129409193992615,0.0014421343803405762,0.5780622959136963,0.5780122876167297,5.0008296966552734e-05,0.11589434742927551,0.11589434742927551,135.09049952030182
crack0002_06.png,-0.5677734375000001,136.02249145507812,138.11376953125,-2.091278076171875,127.06226348876953,124.93215942382812,2.1301040649414062,0.2778235971927643,0.2740747630596161,-0.0037488341331481934,0.2696940302848816,0.2913946509361267,0.021700620651245117,0.35200929641723633,0.35601890087127686,0.004009604454040527,0.588331401348114,0.5857477784156799,0.002583622932434082,0.1280955970287323,0.1280955970287323,144.15690076351166
crack0002_07.png,-7.67398099899292,105.01847839355469,111.33566284179688,-6.3171844482421875,112.285888671875,111.62422180175781,0.6616668701171875,0.35361921787261963,0.34262505173683167,-0.010994166135787964,0.33564621210098267,0.3125920295715332,-0.023054182529449463,0.36499059200286865,0.35893040895462036,-0.006060183048248291,0.5842560529708862,0.579750120639801,0.004505932331085205,0.09904506802558899,0.09904506802558899,110.98980963230133
crack0002_08.png,-2.1999977111816404,120.02867126464844,122.69071960449219,-2.66204833984375,111.9438705444336,110.97447204589844,0.9693984985351562,0.37377646565437317,0.37639304995536804,0.002616584300994873,0.3326790928840637,0.331510066986084,-0.0011690258979797363,0.3780929446220398,0.37189847230911255,-0.006194472312927246,0.577608585357666,0.5798154473304749,-0.002206861972808838,0.11995213478803635,0.11995213478803635,122.12572538852692
crack0002_09.png,-3.6778913497924806,107.5361328125,110.85546875,-3.3193359375,111.45819091796875,110.11746215820312,1.340728759765625,0.39764687418937683,0.3950824439525604,-0.0025644302368164062,0.2663424611091614,0.24797362089157104,-0.018368840217590332,0.3777848482131958,0.36887258291244507,-0.008912265300750732,0.5817685723304749,0.58064204454422,0.0011265277862548828,0.11696051806211472,0.11696051806211472,108.76159703731537
crack0003_00.png,2.1424535751342777,118.61235809326172,118.76628112792969,-0.15392303466796875,115.99801635742188,113.12690734863281,2.8711090087890625,0.15954521298408508,0.1726333200931549,0.013088107109069824,0.0,0.0,0.0,0.0,0.0,0.0,0.5863552689552307,0.5838331580162048,0.002522110939025879,0.11957511305809021,0.11957511305809021,132.57081758975983
crack0003_01.png,4.204131650924682,119.7037582397461,118.69480895996094,1.0089492797851562,117.17994689941406,115.50717163085938,1.6727752685546875,0.17007429897785187,0.19914156198501587,0.029067263007164,0.0,0.0,0.0,0.0,0.0,0.0,0.5859323143959045,0.5809150338172913,0.005017280578613281,0.09913885593414307,0.09913885593414307,132.43211823701859
crack0003_02.png,1.6056528568267823,96.26641082763672,95.04503631591797,1.22137451171875,108.11798095703125,108.12077331542969,-0.0027923583984375,0.1848420947790146,0.18757957220077515,0.002737477421760559,0.0,0.0,0.0,0.0,0.028668999671936035,0.028668999671936035,0.5826566815376282,0.5784967541694641,0.0041599273681640625,0.10084910690784454,0.10084910690784454,107.8714651465416
crack0003_03.png,4.667502927780151,111.52069091796875,110.84121704101562,0.679473876953125,107.44572448730469,106.72052001953125,0.7252044677734375,0.24792830646038055,0.2945486605167389,0.04662035405635834,0.0,0.0,0.0,0.0,0.0,0.0,0.583217978477478,0.5840100049972534,-0.0007920265197753906,0.10439929366111755,0.10439929366111755,119.66565579175949
crack0003_04.png,-0.9477970123291015,98.53054809570312,96.97915649414062,1.5513916015625,109.81874084472656,110.13903045654297,-0.32028961181640625,0.21348804235458374,0.18059894442558289,-0.032889097929000854,0.0,0.0,0.0,0.0,0.04089885950088501,0.04089885950088501,0.5869511961936951,0.5804498195648193,0.006501376628875732,0.09947497397661209,0.09947497397661209,110.3969634771347
crack0003_05.png,2.75721435546875,116.32003784179688,116.01329803466797,0.30673980712890625,114.1767578125,112.89666748046875,1.28009033203125,0.2644648551940918,0.2881224751472473,0.023657619953155518,0.0,0.0,0.0,0.0,0.0,0.0,0.5933641195297241,0.5922183990478516,0.0011457204818725586,0.1173633337020874,0.1173633337020874,124.03334140777588
crack0003_06.png,-5.240090703964233,108.82272338867188,110.364501953125,-1.541778564453125,109.88377380371094,110.44886779785156,-0.565093994140625,0.17950387299060822,0.13583707809448242,-0.04366679489612579,0.0,0.0,0.0,0.0,0.0,0.0,0.5859784483909607,0.5854517221450806,0.000526726245880127,0.09991790354251862,0.09991790354251862,124.88252592086792
crack0003_07.png,2.4090445041656494,95.89004516601562,94.49022674560547,1.3998184204101562,108.05601501464844,108.52869415283203,-0.47267913818359375,0.18002942204475403,0.1951734572649002,0.01514403522014618,0.0,0.0,0.0,0.0,0.0,0.0,0.5843214392662048,0.5846520662307739,-0.0003306269645690918,0.10389700531959534,0.10389700531959534,107.77445328235626
crack0003_08.png,1.4123045921325685,103.95248413085938,99.3230972290039,4.629386901855469,111.7271728515625,111.58338928222656,0.1437835693359375,0.21543334424495697,0.1749161034822464,-0.04051724076271057,0.0,0.0,0.0,0.0,0.0,0.0,0.585943877696991,0.5867742896080017,-0.0008304119110107422,0.09292099624872208,0.09292099624872208,114.61379605531693
crack0003_09.png,5.3269353866577145,112.46107482910156,107.19468688964844,5.266387939453125,115.760498046875,112.1092758178711,3.6512222290039062,0.19274787604808807,0.17234204709529877,-0.020405828952789307,0.0,0.0,0.0,0.0,0.0,0.0,0.5841637849807739,0.5783506631851196,0.005813121795654297,0.09756283462047577,0.09756283462047577,122.85390943288803
crack0004_00.png,-4.103178691864014,107.49876403808594,107.3441390991211,0.15462493896484375,105.77610778808594,105.1054916381836,0.6706161499023438,0.4007474184036255,0.3132834732532501,-0.08746394515037537,0.0,0.06478315591812134,0.06478315591812134,0.17878741025924683,0.21690642833709717,0.03811901807785034,0.5816993713378906,0.5847058892250061,-0.0030065178871154785,0.10235156863927841,0.10235156863927841,112.01267874240875
crack0004_01.png,-1.7648262977600098,109.80184173583984,109.66970825195312,0.13213348388671875,105.06422424316406,105.34475708007812,-0.2805328369140625,0.28155529499053955,0.2600253224372864,-0.021529972553253174,0.2808222770690918,0.28388869762420654,0.003066420555114746,0.22254151105880737,0.2136666178703308,-0.008874893188476562,0.576708972454071,0.581334114074707,-0.004625141620635986,0.13342131674289703,0.13342131674289703,117.38762021064758
crack0004_02.png,3.7916443824768065,111.23164367675781,108.65819549560547,2.5734481811523438,105.93893432617188,105.5430908203125,0.395843505859375,0.23587313294410706,0.2725455164909363,0.036672383546829224,0.1517425775527954,0.10847753286361694,-0.04326504468917847,0.2623738646507263,0.2531643509864807,-0.009209513664245605,0.5775547623634338,0.581138014793396,-0.003583252429962158,0.13177454471588135,0.13177454471588135,119.03805220127106
crack0004_03.png,-0.808716869354248,100.56456756591797,100.52690887451172,0.03765869140625,104.1546630859375,104.05424499511719,0.1004180908203125,0.3101290166378021,0.2993159592151642,-0.01081305742263794,0.1849789023399353,0.18064677715301514,-0.004332125186920166,0.2914438247680664,0.2478928565979004,-0.043550968170166016,0.5859092473983765,0.582114577293396,0.0037946701049804688,0.11057727038860321,0.11057727038860321,106.02315056324005
crack0004_04.png,-2.647138786315918,121.25303649902344,123.59422302246094,-2.3411865234375,115.46841430664062,116.91175079345703,-1.4433364868164062,0.21470199525356293,0.1956060379743576,-0.019095957279205322,0.17998254299163818,0.2248936891555786,0.04491114616394043,0.240362286567688,0.23482155799865723,-0.005540728569030762,0.5884928703308105,0.5884275436401367,6.532669067382812e-05,0.1537206768989563,0.1537206768989563,134.22698229551315
crack0004_05.png,-1.3850802421569823,109.73445892333984,110.36226654052734,-0.6278076171875,108.48516082763672,108.35353088378906,0.13162994384765625,0.3582230508327484,0.34094130992889404,-0.01728174090385437,0.3556315302848816,0.37192302942276,0.016291499137878418,0.3774985671043396,0.3734685182571411,-0.004030048847198486,0.5758823752403259,0.5778585076332092,-0.0019761323928833008,0.15855690836906433,0.15855690836906433,112.70622444152832
crack0004_06.png,3.0695430755615236,109.42266082763672,110.0745620727539,-0.6519012451171875,110.7051010131836,109.60115814208984,1.10394287109375,0.2794027626514435,0.30814704298973083,0.028744280338287354,0.17777788639068604,0.19731485843658447,0.019536972045898438,0.20663148164749146,0.24351811408996582,0.036886632442474365,0.5874663591384888,0.5824952125549316,0.004971146583557129,0.15409721434116364,0.15409721434116364,116.48310005664825
crack0004_07.png,-1.5290520668029786,99.53485107421875,98.09797668457031,1.4368743896484375,106.01079559326172,105.27703094482422,0.7337646484375,0.4545624554157257,0.4124796688556671,-0.042082786560058594,0.0,0.0,0.0,0.19797378778457642,0.16679811477661133,-0.031175673007965088,0.5875548124313354,0.5848750472068787,0.002679765224456787,0.12383512407541275,0.12383512407541275,97.56982624530792
crack0004_08.png,4.35929651260376,106.92755126953125,105.92147064208984,1.0060806274414062,108.94279479980469,107.76610565185547,1.1766891479492188,0.3151406943798065,0.3163217008113861,0.0011810064315795898,0.1630234718322754,0.23039120435714722,0.06736773252487183,0.14832431077957153,0.19828885793685913,0.0499645471572876,0.5823644995689392,0.5800307393074036,0.0023337602615356445,0.17653876543045044,0.17653876543045044,110.81064927577972
crack0004_09.png,-2.3024959564208984,102.07323455810547,103.03524780273438,-0.9620132446289062,101.36878204345703,103.32240295410156,-1.9536209106445312,0.31771746277809143,0.3174590766429901,-0.00025838613510131836,0.03100907802581787,0.017257750034332275,-0.013751327991485596,0.10855400562286377,0.02211982011795044,-0.08643418550491333,0.5831603407859802,0.5828680992126465,0.00029224157333374023,0.12279215455055237,0.12279215455055237,106.83311021327972
crack0005_00.png,3.722446060180664,97.72222137451172,95.98401641845703,1.7382049560546875,104.48008728027344,103.4410171508789,1.0390701293945312,0.240593820810318,0.2500312924385071,0.009437471628189087,0.5029036402702332,0.5215485095977783,0.018644869327545166,0.41370558738708496,0.43674129247665405,0.023035705089569092,0.5794617533683777,0.5777662396430969,0.0016955137252807617,0.20253926515579224,0.20253926515579224,105.5959597826004
crack0005_01.png,-1.1188908576965333,99.53096771240234,99.79104614257812,-0.26007843017578125,110.49513244628906,111.28834533691406,-0.793212890625,0.2850140333175659,0.27401474118232727,-0.010999292135238647,0.3158324360847473,0.33005988597869873,0.014227449893951416,0.3427271842956543,0.3525093197822571,0.009782135486602783,0.5812302827835083,0.5869973301887512,-0.00576704740524292,0.21761998534202576,0.21761998534202576,106.70001566410065
crack0005_02.png,1.8098645687103272,92.02975463867188,91.11259460449219,0.9171600341796875,109.18341064453125,108.68586730957031,0.4975433349609375,0.22849731147289276,0.2349814474582672,0.006484135985374451,0.3660329580307007,0.3690035939216614,0.0029706358909606934,0.33571916818618774,0.35224348306655884,0.016524314880371094,0.5895463228225708,0.5881430506706238,0.0014032721519470215,0.25102299451828003,0.25102299451828003,101.4431888461113
crack0005_03.png,1.3365770339965821,95.93250274658203,95.47715759277344,0.45534515380859375,106.58916473388672,107.01852416992188,-0.42935943603515625,0.20618467032909393,0.21328236162662506,0.007097691297531128,0.4098353385925293,0.41773521900177,0.007899880409240723,0.33948642015457153,0.33608120679855347,-0.0034052133560180664,0.5845251679420471,0.5802960395812988,0.004229128360748291,0.21311336755752563,0.21311336755752563,106.71475666761398
crack0005_04.png,1.7164578437805176,91.65229034423828,90.59878540039062,1.0535049438476562,100.56334686279297,100.19011688232422,0.37322998046875,0.2178591936826706,0.22580237686634064,0.007943183183670044,0.46992117166519165,0.4634737968444824,-0.0064473748207092285,0.4312448501586914,0.42909473180770874,-0.002150118350982666,0.5812495350837708,0.5778470039367676,0.003402531147003174,0.22032934427261353,0.22032934427261353,101.30396765470505
crack0005_05.png,2.645509719848633,101.09270477294922,100.29411315917969,0.7985916137695312,115.57539367675781,115.46461486816406,0.11077880859375,0.2475462257862091,0.2586359977722168,0.01108977198600769,0.4430338740348816,0.4599948525428772,0.016960978507995605,0.3580661416053772,0.3725726008415222,0.01450645923614502,0.6002537608146667,0.5943291187286377,0.005924642086029053,0.24577471613883972,0.24577471613883972,109.85078585147858
crack0005_06.png,1.086095666885376,91.35527038574219,90.86810302734375,0.4871673583984375,107.49514770507812,107.35585021972656,0.1392974853515625,0.22250092029571533,0.23008595407009125,0.0075850337743759155,0.3830775022506714,0.3798844814300537,-0.0031930208206176758,0.3389556407928467,0.3542996644973755,0.015344023704528809,0.5796270370483398,0.5780238509178162,0.0016031861305236816,0.19751125574111938,0.19751125574111938,100.94671297073364
crack0005_07.png,4.126735591888428,93.82952880859375,91.29903411865234,2.5304946899414062,111.25204467773438,109.72725677490234,1.5247879028320312,0.27215033769607544,0.27620890736579895,0.004058569669723511,0.4491947293281555,0.4622255563735962,0.013030827045440674,0.386349081993103,0.40421080589294434,0.01786172389984131,0.5848289132118225,0.581318736076355,0.0035101771354675293,0.22634294629096985,0.22634294629096985,99.62841773033142
crack0005_08.png,-0.2546480655670166,96.57418823242188,95.93647766113281,0.6377105712890625,104.31004333496094,104.10960388183594,0.200439453125,0.23724611103534698,0.22787219285964966,-0.009373918175697327,0.4541502594947815,0.4488039016723633,-0.005346357822418213,0.4011213779449463,0.386211633682251,-0.014909744262695312,0.5825067162513733,0.5827258825302124,-0.00021916627883911133,0.2256229817867279,0.2256229817867279,105.89203667640686
crack0005_09.png,1.1891961097717285,93.4516372680664,93.29792022705078,0.153717041015625,105.40093994140625,105.56855773925781,-0.1676177978515625,0.2084810733795166,0.2247987985610962,0.01631772518157959,0.284795343875885,0.2784081697463989,-0.006387174129486084,0.283944308757782,0.28614574670791626,0.0022014379501342773,0.5789619088172913,0.5776470303535461,0.0013148784637451172,0.20035973191261292,0.20035973191261292,104.02439069747925
crack0006_00.png,-1.261833095550537,99.325439453125,101.15099334716797,-1.8255538940429688,108.04219055175781,109.45581817626953,-1.4136276245117188,0.3533800542354584,0.3405541479587555,-0.01282590627670288,0.21005624532699585,0.2608923316001892,0.05083608627319336,0.25952452421188354,0.29339903593063354,0.03387451171875,0.5838331580162048,0.5807881355285645,0.003045022487640381,0.15768983960151672,0.15768983960151672,103.15829384326935
crack0006_01.png,-5.132868051528931,102.67023468017578,102.7181625366211,-0.0479278564453125,104.56694030761719,105.0306167602539,-0.46367645263671875,0.23269809782505035,0.17698952555656433,-0.05570857226848602,0.332830011844635,0.3219680190086365,-0.010861992835998535,0.31438714265823364,0.24743187427520752,-0.06695526838302612,0.5754402279853821,0.5756478309631348,-0.00020760297775268555,0.16798068583011627,0.16798068583011627,115.10074031352997
crack0006_02.png,5.453629970550537,93.75057220458984,92.7654037475586,0.98516845703125,105.0793685913086,105.86809539794922,-0.788726806640625,0.2650742828845978,0.28123268485069275,0.01615840196609497,0.15759819746017456,0.23893630504608154,0.08133810758590698,0.19490653276443481,0.21478277444839478,0.01987624168395996,0.5904306173324585,0.584486722946167,0.005943894386291504,0.14102491736412048,0.14102491736412048,100.97075569629669
crack0006_03.png,1.638843059539795,92.4168701171875,93.55149841308594,-1.1346282958984375,104.3974838256836,105.88948822021484,-1.49200439453125,0.38224583864212036,0.4023583233356476,0.02011248469352722,0.31248295307159424,0.35571128129959106,0.043228328227996826,0.3126729726791382,0.3186124563217163,0.005939483642578125,0.5789888501167297,0.5781853199005127,0.000803530216217041,0.12309841066598892,0.12309841066598892,93.20898795127869
crack0006_04.png,-0.6635027885437013,92.00245666503906,92.8665771484375,-0.8641204833984375,112.0809555053711,112.31939697265625,-0.23844146728515625,0.3682374060153961,0.3641204237937927,-0.0041169822216033936,0.25926172733306885,0.27198517322540283,0.012723445892333984,0.3147985339164734,0.30564624071121216,-0.00915229320526123,0.5866205096244812,0.5837101340293884,0.0029103755950927734,0.16034792363643646,0.16034792363643646,94.05211186408997
crack0006_05.png,-2.4319628715515136,86.85830688476562,88.03553009033203,-1.1772232055664062,107.61676025390625,108.38337707519531,-0.7666168212890625,0.30953511595726013,0.2879267632961273,-0.021608352661132812,0.2992781400680542,0.3142250180244446,0.01494687795639038,0.3354213237762451,0.31841498613357544,-0.017006337642669678,0.5887581706047058,0.5841906666755676,0.004567503929138184,0.1692425012588501,0.1692425012588501,93.72163951396942
crack0006_06.png,-1.556006908416748,86.04549407958984,87.20990753173828,-1.1644134521484375,108.47029876708984,109.03327178955078,-0.5629730224609375,0.34190598130226135,0.33294203877449036,-0.008963942527770996,0.2969968318939209,0.3058549761772156,0.008858144283294678,0.3257625102996826,0.3217849135398865,-0.003977596759796143,0.5896693468093872,0.5847597122192383,0.004909634590148926,0.1729971468448639,0.1729971468448639,90.23795235157013
crack0006_07.png,3.8285525321960447,93.14241790771484,94.26641845703125,-1.1240005493164062,106.90081787109375,107.95467376708984,-1.0538558959960938,0.33035042881965637,0.3483997583389282,0.01804932951927185,0.15885579586029053,0.25564855337142944,0.09679275751113892,0.2933868169784546,0.3267647624015808,0.03337794542312622,0.5814917087554932,0.5800307393074036,0.0014609694480895996,0.11012320965528488,0.11012320965528488,97.14306080341339
crack0006_08.png,1.462674045562744,94.198486328125,93.52285766601562,0.675628662109375,110.22245025634766,110.30128479003906,-0.07883453369140625,0.1780674308538437,0.1884719878435135,0.0104045569896698,0.18931519985198975,0.18547576665878296,-0.003839433193206787,0.12657207250595093,0.11827224493026733,-0.008299827575683594,0.590599775314331,0.5871049761772156,0.0034947991371154785,0.16916029155254364,0.16916029155254364,106.80061715841293
crack0006_09.png,-0.08638238906860352,108.48912811279297,108.36542510986328,0.1237030029296875,113.85649108886719,113.84573364257812,0.0107574462890625,0.37976527214050293,0.3792373836040497,-0.0005278885364532471,0.38183432817459106,0.3740432858467102,-0.007791042327880859,0.3787468671798706,0.38089263439178467,0.0021457672119140625,0.5922876000404358,0.5888004899024963,0.003487110137939453,0.21978279948234558,0.21978279948234558,109.36453759670258
crack0007_00.png,3.27445912361145,108.56238555908203,106.91023254394531,1.6521530151367188,104.32255554199219,103.62599182128906,0.696563720703125,0.24151764810085297,0.2552166283130646,0.013698980212211609,0.403414249420166,0.40464097261428833,0.0012267231941223145,0.2426050305366516,0.2649883031845093,0.022383272647857666,0.5909188985824585,0.585951566696167,0.004967331886291504,0.16673919558525085,0.16673919558525085,116.88200610876083
crack0007_01.png,2.531608486175537,96.18771362304688,95.55854034423828,0.6291732788085938,101.86325073242188,101.24586486816406,0.6173858642578125,0.2817627489566803,0.2964852452278137,0.014722496271133423,0.3396093249320984,0.35321611166000366,0.013606786727905273,0.2539069652557373,0.2537025213241577,-0.00020444393157958984,0.5789042711257935,0.5805690288543701,-0.0016647577285766602,0.17278946936130524,0.17278946936130524,102.19012320041656
crack0007_02.png,1.411551570892334,98.9688720703125,97.4214859008789,1.5473861694335938,106.15204620361328,105.74385070800781,0.40819549560546875,0.3130171597003937,0.30979761481285095,-0.0032195448875427246,0.47446709871292114,0.4715905785560608,-0.0028765201568603516,0.35754281282424927,0.34665828943252563,-0.010884523391723633,0.5852018594741821,0.5833640694618225,0.0018377900123596191,0.17905372381210327,0.17905372381210327,103.01539647579193
crack0007_03.png,4.574078750610352,100.50515747070312,98.17219543457031,2.3329620361328125,102.40286254882812,102.35200500488281,0.0508575439453125,0.3284914195537567,0.33962562680244446,0.011134207248687744,0.47406458854675293,0.5051164031028748,0.031051814556121826,0.4021134376525879,0.4065290093421936,0.004415571689605713,0.5793348550796509,0.5771357417106628,0.002199113368988037,0.1474006175994873,0.1474006175994873,102.80258548259735
crack0007_04.png,0.0612492561340332,108.00440979003906,107.49935150146484,0.5050582885742188,105.64918518066406,105.91411590576172,-0.26493072509765625,0.2904666066169739,0.29615792632102966,0.005691319704055786,0.4561011791229248,0.4370992183685303,-0.01900196075439453,0.3572387099266052,0.3535439968109131,-0.0036947131156921387,0.5808612108230591,0.5816878080368042,-0.0008265972137451172,0.19055411219596863,0.19055411219596863,113.59139657020569
crack0007_05.png,5.351847982406616,107.99539184570312,106.37687683105469,1.6185150146484375,107.91812896728516,107.99211120605469,-0.07398223876953125,0.23826761543750763,0.2631828188896179,0.02491520345211029,0.28568315505981445,0.3214445114135742,0.035761356353759766,0.12539339065551758,0.17912167310714722,0.05372828245162964,0.5935332775115967,0.5850518941879272,0.008481383323669434,0.20079153776168823,0.20079153776168823,116.63140851259232
crack0007_06.png,1.5222721099853516,117.89752197265625,116.3176498413086,1.5798721313476562,107.94688415527344,108.43146514892578,-0.48458099365234375,0.31661495566368103,0.31644123792648315,-0.00017371773719787598,0.44743478298187256,0.4497808814048767,0.0023460984230041504,0.3691639304161072,0.37010180950164795,0.0009378790855407715,0.5801845192909241,0.5787773728370667,0.0014071464538574219,0.18690380454063416,0.18690380454063416,121.3284924030304
crack0007_07.png,3.287659931182861,110.89884185791016,108.72960662841797,2.1692352294921875,105.07237243652344,103.90702819824219,1.16534423828125,0.2596889138221741,0.2627090811729431,0.003020167350769043,0.40370678901672363,0.4092254638671875,0.005518674850463867,0.3351498246192932,0.3408971428871155,0.005747318267822266,0.5954478979110718,0.5906997323036194,0.004748165607452393,0.23206445574760437,0.23206445574760437,118.05080533027649
crack0007_08.png,3.0665087699890137,95.66840362548828,94.62657928466797,1.0418243408203125,102.81101989746094,103.75447082519531,-0.943450927734375,0.30745837092399597,0.34301236271858215,0.03555399179458618,0.4458531141281128,0.43340498208999634,-0.012448132038116455,0.3465418815612793,0.3520358204841614,0.00549393892288208,0.5808573365211487,0.5794655680656433,0.001391768455505371,0.12504097819328308,0.12504097819328308,99.93428266048431
crack0007_09.png,2.8823683738708494,107.84965515136719,106.6590576171875,1.1905975341796875,104.68144226074219,104.26732635498047,0.41411590576171875,0.33249491453170776,0.34285834431648254,0.01036342978477478,0.3727768063545227,0.38788092136383057,0.015104115009307861,0.3172077536582947,0.3182397484779358,0.0010319948196411133,0.5853440761566162,0.5830219388008118,0.0023221373558044434,0.18638603389263153,0.18638603389263153,110.71842455863953
crack0008_00.png,3.759322929382324,103.43791198730469,101.79842376708984,1.6394882202148438,100.19383239746094,99.92753601074219,0.26629638671875,0.28640109300613403,0.31417176127433777,0.027770668268203735,0.3648790717124939,0.3562104105949402,-0.008668661117553711,0.39111006259918213,0.3935908079147339,0.002480745315551758,0.5796155333518982,0.5761553049087524,0.003460228443145752,0.14815375208854675,0.14815375208854675,108.61872363090515
crack0008_01.png,1.9110872268676757,104.28974151611328,103.50264739990234,0.7870941162109375,100.25199890136719,99.55489349365234,0.6971054077148438,0.2975713908672333,0.3003018796443939,0.0027304887771606445,0.3622131943702698,0.3800647258758545,0.017851531505584717,0.3468106985092163,0.37009304761886597,0.023282349109649658,0.5759285092353821,0.5781122446060181,-0.0021837353706359863,0.16408318281173706,0.16408318281173706,109.16640079021454
crack0008_02.png,2.9116275787353514,109.96276092529297,108.52063751220703,1.4421234130859375,104.9717788696289,103.86514282226562,1.1066360473632812,0.28147825598716736,0.29485398530960083,0.013375729322433472,0.40853172540664673,0.4047026038169861,-0.0038291215896606445,0.3890475034713745,0.4102533459663391,0.0212058424949646,0.5799461603164673,0.577197253704071,0.0027489066123962402,0.15786784887313843,0.15786784887313843,115.55085027217865
crack0008_03.png,2.891015338897705,113.14256286621094,111.63298797607422,1.5095748901367188,105.68485260009766,104.86294555664062,0.8219070434570312,0.2645341753959656,0.2755107283592224,0.010976552963256836,0.31320321559906006,0.3129957318305969,-0.00020748376846313477,0.346446692943573,0.35077184438705444,0.004325151443481445,0.5896270871162415,0.5850557684898376,0.004571318626403809,0.2196296751499176,0.2196296751499176,120.1008083820343
crack0008_04.png,1.4772268295288087,123.93507385253906,122.54093933105469,1.394134521484375,104.53492736816406,103.57058715820312,0.9643402099609375,0.2681201994419098,0.2677474915981293,-0.0003727078437805176,0.4631984829902649,0.4548014998435974,-0.00839698314666748,0.38893741369247437,0.38881105184555054,-0.00012636184692382812,0.5766666531562805,0.5750903487205505,0.0015763044357299805,0.20230171084403992,0.20230171084403992,130.23982322216034
crack0008_05.png,0.03874788284301767,119.12263488769531,117.54096984863281,1.5816650390625,104.28181457519531,103.9654769897461,0.31633758544921875,0.2838608920574188,0.28124478459358215,-0.00261610746383667,0.3701367974281311,0.3325369954109192,-0.037599802017211914,0.41037237644195557,0.3998705744743347,-0.01050180196762085,0.5858169794082642,0.5847212672233582,0.0010957121849060059,0.13863840699195862,0.13863840699195862,124.8897944688797
crack0008_06.png,0.44427127838134783,120.03782653808594,117.54425811767578,2.4935684204101562,103.2526626586914,101.95077514648438,1.3018875122070312,0.2697875499725342,0.26922836899757385,-0.0005591809749603271,0.2724573612213135,0.2104739546775818,-0.06198340654373169,0.3372114300727844,0.3089589476585388,-0.028252482414245605,0.5888427495956421,0.5899922847747803,-0.0011495351791381836,0.16472041606903076,0.16472041606903076,126.23703157901764
crack0008_07.png,3.885414505004883,122.97686767578125,120.35888671875,2.61798095703125,110.88134765625,108.2934799194336,2.5878677368164062,0.22320228815078735,0.22851240634918213,0.005310118198394775,0.41300976276397705,0.40231817960739136,-0.010691583156585693,0.4279055595397949,0.41893255710601807,-0.008973002433776855,0.5925912857055664,0.5867127776145935,0.0058785080909729,0.2001877725124359,0.2001877725124359,131.97939133644104
crack0008_08.png,0.6841683387756348,121.53731536865234,120.48758697509766,1.0497283935546875,101.79737091064453,102.14641571044922,-0.3490447998046875,0.26884129643440247,0.26000529527664185,-0.00883600115776062,0.5116515159606934,0.5210220813751221,0.009370565414428711,0.4401899576187134,0.45152217149734497,0.011332213878631592,0.5796655416488647,0.5770126581192017,0.002652883529663086,0.16731321811676025,0.16731321811676025,128.59875512123108
crack0008_09.png,4.867884826660156,114.66669464111328,112.05465698242188,2.6120376586914062,104.90727996826172,104.60194396972656,0.30533599853515625,0.28494229912757874,0.2971900701522827,0.01224777102470398,0.43041497468948364,0.4563094973564148,0.025894522666931152,0.44326692819595337,0.45095980167388916,0.007692873477935791,0.5765244364738464,0.5735716819763184,0.002952754497528076,0.1539730280637741,0.1539730280637741,119.32511532306671
crack0009_00.png,3.1746460437774657,105.74890899658203,104.091552734375,1.6573562622070312,104.31413269042969,103.99383544921875,0.3202972412109375,0.19779759645462036,0.1990535706281662,0.0012559741735458374,0.4682363271713257,0.49669355154037476,0.028457224369049072,0.32777881622314453,0.3192982077598572,-0.008480608463287354,0.5885582566261292,0.5847981572151184,0.003760099411010742,0.15424567461013794,0.15424567461013794,116.59470534324646
crack0009_01.png,1.959384059906006,112.72906494140625,111.13831329345703,1.5907516479492188,104.60861206054688,103.76813507080078,0.8404769897460938,0.291509211063385,0.29095950722694397,-0.00054970383644104,0.4932452440261841,0.4935986399650574,0.000353395938873291,0.3708162307739258,0.3589615225791931,-0.011854708194732666,0.5866281986236572,0.5850711464881897,0.0015570521354675293,0.23164796829223633,0.23164796829223633,117.94124662876129
crack0009_02.png,2.281338691711426,110.64507293701172,108.7294921875,1.9155807495117188,104.91436767578125,104.4947509765625,0.41961669921875,0.22334937751293182,0.22885124385356903,0.005501866340637207,0.42168664932250977,0.4144003987312317,-0.007286250591278076,0.2531101703643799,0.2623399496078491,0.009229779243469238,0.5899038910865784,0.5886735916137695,0.0012302994728088379,0.1622130274772644,0.1622130274772644,119.88247555494308
crack0009_03.png,2.7462955474853517,108.83967590332031,107.29845428466797,1.5412216186523438,106.72705841064453,106.55701446533203,0.1700439453125,0.1987403780221939,0.20980475842952728,0.011064380407333374,0.38395291566848755,0.3847680687904358,0.0008151531219482422,0.30895620584487915,0.29332637786865234,-0.015629827976226807,0.5910226702690125,0.5855401754379272,0.005482494831085205,0.18843068182468414,0.18843068182468414,119.785549223423
crack0009_04.png,0.15481657981872554,106.71878814697266,106.13333129882812,0.5854568481445312,103.15550994873047,102.65104675292969,0.5044631958007812,0.21954166889190674,0.20997865498065948,-0.009563013911247253,0.47040486335754395,0.4743046760559082,0.003899812698364258,0.36282122135162354,0.355243980884552,-0.007577240467071533,0.5828219652175903,0.583406388759613,-0.0005844235420227051,0.18430732190608978,0.18430732190608978,117.16359597444534
crack0009_05.png,1.7172330856323241,106.99223327636719,105.56964874267578,1.4225845336914062,108.94841003417969,108.1419677734375,0.8064422607421875,0.25459492206573486,0.25666964054107666,0.002074718475341797,0.5348694920539856,0.5286646485328674,-0.006204843521118164,0.3897131681442261,0.376468300819397,-0.013244867324829102,0.5870819091796875,0.5857247114181519,0.0013571977615356445,0.21499629318714142,0.21499629318714142,114.48852205276489
crack0009_06.png,0.39700646400451656,113.29673767089844,112.76280212402344,0.533935546875,112.55745697021484,111.92115783691406,0.6362991333007812,0.2137478142976761,0.20480209589004517,-0.00894571840763092,0.37368863821029663,0.38345855474472046,0.009769916534423828,0.29338598251342773,0.3188055157661438,0.025419533252716064,0.5927758812904358,0.5944405794143677,-0.0016646981239318848,0.1847282499074936,0.1847282499074936,124.51926732063293
crack0009_07.png,1.447209119796753,108.2833251953125,107.09455108642578,1.1887741088867188,104.59281921386719,103.63494873046875,0.9578704833984375,0.2136174887418747,0.21884027123451233,0.005222782492637634,0.5007154941558838,0.4886130690574646,-0.01210242509841919,0.31623250246047974,0.2985118627548218,-0.01772063970565796,0.5834602117538452,0.5849211812019348,-0.0014609694480895996,0.1509304940700531,0.1509304940700531,118.26873606443405
crack0009_08.png,1.5206204414367677,102.10442352294922,101.26612091064453,0.8383026123046875,99.66250610351562,99.1328125,0.529693603515625,0.23903851211071014,0.2452549785375595,0.006216466426849365,0.5124468803405762,0.5059771537780762,-0.0064697265625,0.3786344528198242,0.3706473112106323,-0.007987141609191895,0.5890926718711853,0.5832948684692383,0.0057978034019470215,0.19634543359279633,0.19634543359279633,110.90666836500168
crack0009_09.png,0.7819006443023682,111.91663360595703,111.385498046875,0.5311355590820312,110.59180450439453,110.34403991699219,0.24776458740234375,0.1985739916563034,0.19734594225883484,-0.001228049397468567,0.46693408489227295,0.46641504764556885,-0.0005190372467041016,0.3006332516670227,0.2832515239715576,-0.017381727695465088,0.5882545113563538,0.5814878940582275,0.006766617298126221,0.1642390787601471,0.1642390787601471,123.34048974514008
crack0010_00.png,-3.3340503692626955,95.7325439453125,96.22027587890625,-0.48773193359375,105.66866302490234,106.9631118774414,-1.2944488525390625,0.4115634858608246,0.40511849522590637,-0.006444990634918213,0.1197311282157898,0.0769951343536377,-0.0427359938621521,0.24609678983688354,0.22621208429336548,-0.019884705543518066,0.5821799039840698,0.5847674012184143,-0.0025874972343444824,0.09764929115772247,0.09764929115772247,95.05999624729156
crack0010_01.png,0.36818695068359375,92.21061706542969,92.84615325927734,-0.6355361938476562,112.94451904296875,112.6134033203125,0.33111572265625,0.40449413657188416,0.3957309126853943,-0.008763223886489868,0.20108067989349365,0.23655205965042114,0.03547137975692749,0.2832474112510681,0.2893788814544678,0.006131470203399658,0.5868743062019348,0.5830373167991638,0.003836989402770996,0.10672260820865631,0.10672260820865631,92.25950264930725
crack0010_02.png,1.0350784301757812,105.35432434082031,106.24555206298828,-0.8912277221679688,111.48263549804688,109.22538757324219,2.2572479248046875,0.43649157881736755,0.43072664737701416,-0.0057649314403533936,0.08971667289733887,0.12410587072372437,0.0343891978263855,0.17812097072601318,0.15776562690734863,-0.02035534381866455,0.5859784483909607,0.5832526087760925,0.002725839614868164,0.09935634583234787,0.09935634583234787,103.39547729492188
crack0010_03.png,0.19324731826782227,98.30267333984375,98.68711853027344,-0.3844451904296875,109.80418395996094,108.63681030273438,1.1673736572265625,0.37744247913360596,0.3814067244529724,0.003964245319366455,0.02953273057937622,0.023680806159973145,-0.005851924419403076,0.20159810781478882,0.18883883953094482,-0.012759268283843994,0.5840753316879272,0.583383321762085,0.0006920099258422852,0.10766187310218811,0.10766187310218811,99.21136045455933
crack0010_04.png,0.1399919509887695,89.76331329345703,91.82034301757812,-2.0570297241210938,107.039794921875,106.46258544921875,0.57720947265625,0.44196534156799316,0.45617130398750305,0.014205962419509888,0.2525986433029175,0.2696530818939209,0.017054438591003418,0.29849475622177124,0.3058233857154846,0.007328629493713379,0.5825644135475159,0.578877329826355,0.0036870837211608887,0.11525531858205795,0.11525531858205795,87.57648420333862
crack0010_05.png,-1.4682348251342774,87.63844299316406,89.83741760253906,-2.198974609375,111.41047668457031,110.2112045288086,1.1992721557617188,0.4102182388305664,0.40856441855430603,-0.001653820276260376,0.24779349565505981,0.25869566202163696,0.010902166366577148,0.26906925439834595,0.27369147539138794,0.004622220993041992,0.5830872654914856,0.5844060182571411,-0.0013187527656555176,0.1024579256772995,0.1024579256772995,87.60030591487885
crack0010_06.png,-3.8180562973022463,88.52020263671875,92.3751449584961,-3.8549423217773438,107.59944152832031,108.05755615234375,-0.4581146240234375,0.3832506537437439,0.37913599610328674,-0.004114657640457153,0.0638810396194458,0.07639485597610474,0.012513816356658936,0.20368629693984985,0.2044847011566162,0.0007984042167663574,0.5852710604667664,0.5840522646903992,0.0012187957763671875,0.1039733812212944,0.1039733812212944,91.11035645008087
crack0010_07.png,-1.5936285018920895,68.37088012695312,72.04316711425781,-3.6722869873046875,106.23627471923828,107.5130386352539,-1.276763916015625,0.38533201813697815,0.4193272888660431,0.03399527072906494,0.0,0.0,0.0,0.17257750034332275,0.16447335481643677,-0.008104145526885986,0.577301025390625,0.5805574655532837,-0.0032564401626586914,0.09766608476638794,0.09766608476638794,70.30940115451813
crack0010_08.png,4.19515962600708,81.69781494140625,81.10603332519531,0.5917816162109375,110.01583862304688,108.80504608154297,1.2107925415039062,0.45392557978630066,0.4631779193878174,0.009252339601516724,0.18168717622756958,0.24147045612335205,0.05978327989578247,0.3206273317337036,0.33375728130340576,0.013129949569702148,0.58465975522995,0.5849711894989014,-0.000311434268951416,0.10851509869098663,0.10851509869098663,77.5652369260788
crack0010_09.png,-1.1240959167480469,95.46021270751953,97.00790405273438,-1.5476913452148438,106.84860229492188,107.1432113647461,-0.29460906982421875,0.36951780319213867,0.3677109479904175,-0.0018068552017211914,0.00987619161605835,0.025291919708251953,0.015415728092193604,0.09760540723800659,0.11876296997070312,0.021157562732696533,0.5811841487884521,0.5794501900672913,0.0017339587211608887,0.10994493961334229,0.10994493961334229,97.41876745223999
crack0011_00.png,1.6368448257446289,111.42198181152344,110.63933563232422,0.7826461791992188,105.38838195800781,105.18775939941406,0.20062255859375,0.30162307620048523,0.2997705638408661,-0.0018525123596191406,0.3985695242881775,0.4237416982650757,0.025172173976898193,0.3778302073478699,0.40445584058761597,0.026625633239746094,0.5766282081604004,0.5787466168403625,-0.002118408679962158,0.23416699469089508,0.23416699469089508,116.19428956508636
crack0011_01.png,1.058648872375488,106.22522735595703,104.45246887207031,1.7727584838867188,104.97575378417969,103.794921875,1.1808319091796875,0.35710248351097107,0.34792810678482056,-0.009174376726150513,0.4948684573173523,0.48406362533569336,-0.010804831981658936,0.4150598645210266,0.40656906366348267,-0.008490800857543945,0.5848289132118225,0.5853363871574402,-0.0005074739456176758,0.19024324417114258,0.19024324417114258,107.87661719322205
crack0011_02.png,4.142167377471924,123.20824432373047,120.41858673095703,2.7896575927734375,104.6846923828125,104.51513671875,0.1695556640625,0.30445680022239685,0.30537551641464233,0.0009187161922454834,0.41318386793136597,0.44017255306243896,0.026988685131072998,0.3301718831062317,0.35775673389434814,0.027584850788116455,0.5773587226867676,0.5740676522254944,0.0032910704612731934,0.21566715836524963,0.21566715836524963,126.64035642147064
crack0011_03.png,4.100569438934326,117.3008804321289,116.19470977783203,1.106170654296875,104.84892272949219,105.29069519042969,-0.4417724609375,0.2664922773838043,0.27375879883766174,0.007266521453857422,0.24356621503829956,0.3074881434440613,0.06392192840576172,0.1581365466117859,0.21666717529296875,0.05853062868118286,0.5859630703926086,0.5851403474807739,0.0008227229118347168,0.19331002235412598,0.19331002235412598,124.19678127765656
crack0011_04.png,2.155901336669922,132.8341522216797,131.25265502929688,1.5814971923828125,106.61921691894531,105.56939697265625,1.0498199462890625,0.2943134009838104,0.28654325008392334,-0.007770150899887085,0.4414224624633789,0.4570491909980774,0.015626728534698486,0.3675581216812134,0.37241077423095703,0.004852652549743652,0.5884044766426086,0.5846289992332458,0.003775477409362793,0.19496068358421326,0.19496068358421326,138.38698768615723
crack0011_05.png,12.08429126739502,106.85997772216797,104.37609100341797,2.48388671875,100.82563781738281,101.23965454101562,-0.4140167236328125,0.3282794654369354,0.37842118740081787,0.050141721963882446,0.3909098505973816,0.5324352979660034,0.14152544736862183,0.29671740531921387,0.44723230600357056,0.1505149006843567,0.5774086713790894,0.5750672817230225,0.0023413896560668945,0.16335754096508026,0.16335754096508026,109.01761329174042
crack0011_06.png,2.5366650581359864,121.91398620605469,120.76615905761719,1.1478271484375,106.69174194335938,106.194091796875,0.497650146484375,0.25835299491882324,0.27256080508232117,0.014207810163497925,0.5465403199195862,0.5411986112594604,-0.005341708660125732,0.49704480171203613,0.4907267689704895,-0.006318032741546631,0.5838639140129089,0.5771933794021606,0.006670534610748291,0.17245766520500183,0.17245766520500183,129.1934494972229
crack0011_07.png,1.3706897735595702,109.20906066894531,106.83606719970703,2.3729934692382812,100.14576721191406,99.80826568603516,0.33750152587890625,0.28719404339790344,0.27058592438697815,-0.016608119010925293,0.5452649593353271,0.5474188327789307,0.0021538734436035156,0.4097549319267273,0.42228156328201294,0.012526631355285645,0.5803652405738831,0.5777354836463928,0.0026297569274902344,0.19714726507663727,0.19714726507663727,115.0020180940628
crack0011_08.png,5.841542530059814,115.86256408691406,113.29830169677734,2.5642623901367188,103.52009582519531,103.99053192138672,-0.47043609619140625,0.3150201439857483,0.3346467912197113,0.019626647233963013,0.415479838848114,0.46713435649871826,0.05165451765060425,0.38581037521362305,0.43788081407546997,0.052070438861846924,0.5812687277793884,0.5855401754379272,-0.004271447658538818,0.20495091378688812,0.20495091378688812,119.1008312702179
crack0011_09.png,3.35333309173584,110.85503387451172,108.65542602539062,2.1996078491210938,105.43113708496094,105.83131408691406,-0.400177001953125,0.342068612575531,0.34990623593330383,0.007837623357772827,0.37029123306274414,0.3848465085029602,0.014555275440216064,0.3439565896987915,0.3596045970916748,0.0156480073928833,0.5849058032035828,0.5822914242744446,0.0026143789291381836,0.2164498269557953,0.2164498269557953,112.62734532356262
crack0012_00.png,0.9329164505004883,113.505615234375,112.43507385253906,1.0705413818359375,103.08384704589844,102.94679260253906,0.137054443359375,0.33666664361953735,0.33274805545806885,-0.003918588161468506,0.4911816716194153,0.49078595638275146,-0.00039571523666381836,0.43102848529815674,0.4305257797241211,-0.0005027055740356445,0.5898615717887878,0.586439847946167,0.0034217238426208496,0.25187522172927856,0.25187522172927856,116.59992408752441
crack0012_01.png,0.31317024230957036,101.6504898071289,100.64615631103516,1.00433349609375,105.1594467163086,104.61524963378906,0.5441970825195312,0.3259721100330353,0.3124917149543762,-0.013480395078659058,0.5366536378860474,0.5374254584312439,0.0007718205451965332,0.4746764898300171,0.47324949502944946,-0.001426994800567627,0.5861937999725342,0.5827258825302124,0.0034679174423217773,0.26358863711357117,0.26358863711357117,105.84657216072083
crack0012_02.png,0.7124433994293213,110.0811996459961,108.50030517578125,1.5808944702148438,103.81100463867188,103.12532043457031,0.6856842041015625,0.18992461264133453,0.17968794703483582,-0.010236665606498718,0.37055540084838867,0.3569357991218567,-0.013619601726531982,0.2971314787864685,0.3046380281448364,0.00750654935836792,0.5856555104255676,0.5801306962966919,0.005524814128875732,0.1418209969997406,0.1418209969997406,121.93569600582123
crack0012_03.png,-0.17700710296630862,96.3116455078125,96.18401336669922,0.12763214111328125,102.27946472167969,101.80287170410156,0.476593017578125,0.21523436903953552,0.21173280477523804,-0.0035015642642974854,0.4859310984611511,0.48315513134002686,-0.0027759671211242676,0.43240392208099365,0.43449318408966064,0.002089262008666992,0.5781391859054565,0.5807420015335083,-0.002602815628051758,0.2448882907629013,0.2448882907629013,106.77354121208191
crack0012_04.png,0.8090301513671876,111.266357421875,110.57471466064453,0.6916427612304688,101.59864044189453,100.73687744140625,0.8617630004882812,0.20619642734527588,0.2034761905670166,-0.0027202367782592773,0.47825121879577637,0.47303372621536255,-0.005217492580413818,0.42242127656936646,0.42502695322036743,0.0026056766510009766,0.5863629579544067,0.5813879370689392,0.004975020885467529,0.192421555519104,0.192421555519104,122.16648292541504
crack0012_05.png,8.763126659393311,112.88388061523438,109.68948364257812,3.19439697265625,108.91998291015625,105.68695831298828,3.2330245971679688,0.19130873680114746,0.22055289149284363,0.029244154691696167,0.4031013250350952,0.44624149799346924,0.04314017295837402,0.3463890552520752,0.3784131407737732,0.032024085521698,0.5932218432426453,0.5879623293876648,0.005259513854980469,0.16087327897548676,0.16087327897548676,123.53703165054321
crack0012_06.png,2.1485432624816894,108.213623046875,106.8327407836914,1.3808822631835938,105.95100402832031,104.77655792236328,1.1744461059570312,0.22307941317558289,0.22469425201416016,0.0016148388385772705,0.46189653873443604,0.45593321323394775,-0.005963325500488281,0.4043373465538025,0.3951215147972107,-0.009215831756591797,0.5940907597541809,0.5839100480079651,0.01018071174621582,0.15036845207214355,0.15036845207214355,117.90204751491547
crack0012_07.png,2.560747814178467,117.21436309814453,116.08657836914062,1.1277847290039062,110.66975402832031,109.79904174804688,0.8707122802734375,0.19698649644851685,0.2117646336555481,0.01477813720703125,0.43228477239608765,0.42778855562210083,-0.004496216773986816,0.36047375202178955,0.3733134865760803,0.012839734554290771,0.5827797055244446,0.5807228088378906,0.002056896686553955,0.17274045944213867,0.17274045944213867,128.14246916770935
crack0012_08.png,2.071990394592285,118.9560775756836,117.24867248535156,1.7074050903320312,120.92401123046875,119.31251525878906,1.6114959716796875,0.3005848824977875,0.2929683327674866,-0.007616549730300903,0.43839746713638306,0.4456191062927246,0.007221639156341553,0.4278475046157837,0.435519814491272,0.007672309875488281,0.5946905016899109,0.5936793684959412,0.0010111331939697266,0.27050256729125977,0.27050256729125977,124.31189513206482
crack0012_09.png,4.005716991424561,111.81301879882812,109.43423461914062,2.3787841796875,105.35574340820312,103.60757446289062,1.7481689453125,0.22818730771541595,0.23310734331607819,0.0049200356006622314,0.4603550434112549,0.47368741035461426,0.013332366943359375,0.41377687454223633,0.4283866882324219,0.014609813690185547,0.5815532207489014,0.5815340280532837,1.919269561767578e-05,0.25514987111091614,0.25514987111091614,120.19451707601547
crack0013_00.png,-0.36421918869018555,81.483642578125,82.95258331298828,-1.4689407348632812,106.16283416748047,106.32488250732422,-0.16204833984375,0.36686137318611145,0.37891241908073425,0.012051045894622803,0.18773388862609863,0.19074422121047974,0.0030103325843811035,0.4240649938583374,0.4269866347312927,0.0029216408729553223,0.582587480545044,0.5804613828659058,0.0021260976791381836,0.10094471275806427,0.10094471275806427,83.50992977619171
crack0013_01.png,0.259368896484375,78.18635559082031,80.68749237060547,-2.5011367797851562,109.1639175415039,109.07560729980469,0.08831024169921875,0.35941028594970703,0.35282570123672485,-0.006584584712982178,0.1736716628074646,0.2599223256111145,0.0862506628036499,0.35091763734817505,0.3834190368652344,0.032501399517059326,0.571691632270813,0.5766435861587524,-0.004951953887939453,0.09691870957612991,0.09691870957612991,81.3331253528595
crack0013_02.png,-0.16351118087768557,71.2974853515625,71.7972412109375,-0.499755859375,102.88627624511719,102.98883056640625,-0.1025543212890625,0.3897901773452759,0.4070858061313629,0.017295628786087036,0.2473381757736206,0.22340500354766846,-0.02393317222595215,0.3958078622817993,0.38178396224975586,-0.014023900032043457,0.5817378163337708,0.5829642415046692,-0.0012264251708984375,0.10789728909730911,0.10789728909730911,71.47852230072021
crack0013_03.png,0.36649055480957027,109.5798568725586,110.42876434326172,-0.848907470703125,109.85368347167969,110.30270385742188,-0.4490203857421875,0.39854148030281067,0.3952717185020447,-0.003269761800765991,0.1825433373451233,0.22177422046661377,0.03923088312149048,0.31799447536468506,0.3290783166885376,0.011083841323852539,0.5857824087142944,0.5835986137390137,0.0021837949752807617,0.1255423128604889,0.1255423128604889,109.71930384635925
crack0013_04.png,3.4835762977600098,75.792724609375,75.78308868408203,0.00963592529296875,104.79652404785156,105.41458129882812,-0.6180572509765625,0.3396341800689697,0.41497716307640076,0.07534298300743103,0.09814339876174927,0.037010908126831055,-0.06113249063491821,0.3777342438697815,0.3343978524208069,-0.04333639144897461,0.581626296043396,0.5781506896018982,0.0034756064414978027,0.09438194334506989,0.09438194334506989,78.67490768432617
crack0013_05.png,-0.19557323455810538,101.6266860961914,102.97181701660156,-1.3451309204101562,110.03512573242188,109.90067291259766,0.13445281982421875,0.42265206575393677,0.41670694947242737,-0.005945116281509399,0.25117558240890503,0.28939908742904663,0.0382235050201416,0.3838847279548645,0.38328516483306885,-0.0005995631217956543,0.5844252109527588,0.5833640694618225,0.0010611414909362793,0.10202902555465698,0.10202902555465698,100.6738430261612
crack0013_06.png,1.4010859489440919,80.64947509765625,81.45634460449219,-0.8068695068359375,109.89436340332031,109.68731689453125,0.2070465087890625,0.36320146918296814,0.382722944021225,0.019521474838256836,0.16735607385635376,0.18221431970596313,0.014858245849609375,0.35094547271728516,0.3484798073768616,-0.002465665340423584,0.5873587131500244,0.5881314873695374,-0.0007727742195129395,0.1129446029663086,0.1129446029663086,82.78608119487762
crack0013_07.png,-1.3972683906555177,87.20303344726562,88.55363464355469,-1.3506011962890625,107.43062591552734,107.59284973144531,-0.16222381591796875,0.4267931282520294,0.42301061749458313,-0.003782510757446289,0.124045729637146,0.1300017237663269,0.005955994129180908,0.4041682481765747,0.39575517177581787,-0.008413076400756836,0.589623212814331,0.5875586271286011,0.0020645856857299805,0.1018623486161232,0.1018623486161232,86.08262550830841
crack0013_08.png,-0.6483991622924805,91.06807708740234,91.17127990722656,-0.10320281982421875,111.05332946777344,111.11046600341797,-0.05713653564453125,0.4038058817386627,0.4090142846107483,0.005208402872085571,0.2776643633842468,0.2509787678718567,-0.026685595512390137,0.4034726023674011,0.3814131021499634,-0.022059500217437744,0.5907419919967651,0.5875317454338074,0.0032102465629577637,0.09609287977218628,0.09609287977218628,90.5210052728653
crack0013_09.png,0.945639705657959,76.94879150390625,77.28861236572266,-0.33982086181640625,106.66267395019531,106.61378479003906,0.04888916015625,0.4346465766429901,0.4268789291381836,-0.0077676475048065186,0.17888003587722778,0.22238361835479736,0.04350358247756958,0.38364171981811523,0.3902280926704407,0.0065863728523254395,0.584778904914856,0.5810995697975159,0.003679335117340088,0.10504218190908432,0.10504218190908432,74.89712238311768
crack0014_00.png,2.1590222358703617,116.42676544189453,114.35859680175781,2.0681686401367188,107.65339660644531,107.28495788574219,0.368438720703125,0.20925357937812805,0.23875692486763,0.029503345489501953,0.3504619002342224,0.2865089178085327,-0.0639529824256897,0.28847306966781616,0.24176889657974243,-0.04670417308807373,0.5947827696800232,0.5912495255470276,0.0035332441329956055,0.1702074408531189,0.1702074408531189,126.62877714633942
crack0014_01.png,3.4324337959289553,111.19812774658203,109.49911499023438,1.6990127563476562,103.64999389648438,103.24799346923828,0.40200042724609375,0.2818599343299866,0.30510228872299194,0.02324235439300537,0.441484272480011,0.4344688653945923,-0.007015407085418701,0.42930787801742554,0.4253350496292114,-0.003972828388214111,0.5810534358024597,0.5812072157859802,-0.0001537799835205078,0.19547829031944275,0.19547829031944275,116.68531394004822
crack0014_02.png,1.3238089084625244,114.67906951904297,113.57413482666016,1.1049346923828125,101.9842529296875,101.91482543945312,0.069427490234375,0.23275351524353027,0.23830585181713104,0.005552336573600769,0.40712791681289673,0.4020657539367676,-0.00506216287612915,0.3387385606765747,0.33885180950164795,0.00011324882507324219,0.5795193910598755,0.5807843208312988,-0.0012649297714233398,0.1943245232105255,0.1943245232105255,123.3927640914917
crack0014_03.png,1.5149884700775147,114.6380615234375,113.06272888183594,1.5753326416015625,104.35057067871094,103.55868530273438,0.7918853759765625,0.22329215705394745,0.2122933268547058,-0.010998830199241638,0.4259871244430542,0.4336284399032593,0.007641315460205078,0.346821665763855,0.34755492210388184,0.0007332563400268555,0.5909842252731323,0.586055338382721,0.004928886890411377,0.20897427201271057,0.20897427201271057,124.75216460227966
crack0014_04.png,4.127541828155517,114.87294006347656,113.03630828857422,1.8366317749023438,107.16624450683594,107.15789794921875,0.0083465576171875,0.26419904828071594,0.29941919445991516,0.03522014617919922,0.16951066255569458,0.1523303985595703,-0.017180263996124268,0.08474791049957275,0.09053260087966919,0.0057846903800964355,0.591560959815979,0.5876317024230957,0.003929257392883301,0.1538362205028534,0.1538362205028534,121.7651196718216
crack0014_05.png,0.9452917098999023,111.53229522705078,110.5552749633789,0.977020263671875,104.0859375,104.00326538085938,0.082672119140625,0.22489547729492188,0.2204626500606537,-0.0044328272342681885,0.4212907552719116,0.42805588245391846,0.006765127182006836,0.358489453792572,0.3695531487464905,0.011063694953918457,0.5819377303123474,0.5814571380615234,0.0004805922508239746,0.19275358319282532,0.19275358319282532,121.09353530406952
crack0014_06.png,2.906130790710449,112.75296020507812,110.63195037841797,2.1210098266601562,104.05364990234375,102.91519165039062,1.138458251953125,0.274131178855896,0.2641826570034027,-0.009948521852493286,0.21821439266204834,0.24425572156906128,0.02604132890701294,0.22065508365631104,0.25650250911712646,0.03584742546081543,0.5848096609115601,0.5827105045318604,0.002099156379699707,0.1463649570941925,0.1463649570941925,119.23388230800629
crack0014_07.png,0.32562999725341796,116.99942779541016,116.54938507080078,0.450042724609375,103.41295623779297,103.28948211669922,0.12347412109375,0.26514631509780884,0.2645827531814575,-0.0005635619163513184,0.33437222242355347,0.32803624868392944,-0.0063359737396240234,0.28522205352783203,0.2939232587814331,0.008701205253601074,0.5894002318382263,0.5862821936607361,0.0031180381774902344,0.17890013754367828,0.17890013754367828,124.47545051574707
crack0014_08.png,2.887303352355957,109.86227416992188,107.80084991455078,2.0614242553710938,100.72058868408203,100.01631927490234,0.7042694091796875,0.25651609897613525,0.26498857140541077,0.008472472429275513,0.4134659171104431,0.4144850969314575,0.0010191798210144043,0.3571928143501282,0.3765154480934143,0.019322633743286133,0.5771664977073669,0.5815263390541077,-0.004359841346740723,0.20440971851348877,0.20440971851348877,116.70164966583252
crack0014_09.png,-1.8198342323303223,123.78177642822266,124.22438049316406,-0.44260406494140625,109.09998321533203,109.32115936279297,-0.2211761474609375,0.3142384886741638,0.2951364815235138,-0.019102007150650024,0.30782240629196167,0.31363826990127563,0.005815863609313965,0.24568980932235718,0.2351299524307251,-0.01055985689163208,0.5844021439552307,0.5842329859733582,0.0001691579818725586,0.16389895975589752,0.16389895975589752,129.67097532749176
crack0015_00.png,-2.121407222747803,125.16610717773438,125.6720199584961,-0.5059127807617188,111.73255157470703,109.51099395751953,2.2215576171875,0.25845280289649963,0.25528791546821594,-0.0031648874282836914,0.21812200546264648,0.1588384509086609,-0.059283554553985596,0.1458532214164734,0.06939101219177246,-0.07646220922470093,0.5873356461524963,0.5843252539634705,0.003010392189025879,0.1625521183013916,0.1625521183013916,133.59521448612213
crack0015_01.png,-2.3929824829101562,117.92793273925781,118.60260009765625,-0.6746673583984375,109.38200378417969,109.32283782958984,0.05916595458984375,0.2903740108013153,0.2833207845687866,-0.0070532262325286865,0.3193017840385437,0.29054689407348633,-0.028754889965057373,0.3457426428794861,0.33288973569869995,-0.012852907180786133,0.5829796195030212,0.5836678147315979,-0.0006881952285766602,0.1878308653831482,0.1878308653831482,124.61273193359375
crack0015_02.png,-2.37799072265625,119.22989654541016,121.30061340332031,-2.0707168579101562,108.09586334228516,108.89256286621094,-0.7966995239257812,0.28577306866645813,0.2845287322998047,-0.0012443363666534424,0.25822705030441284,0.2610008716583252,0.0027738213539123535,0.2806062698364258,0.27862006425857544,-0.001986205577850342,0.590772807598114,0.590772807598114,0.0,0.19222614169120789,0.19222614169120789,126.82444334030151
crack0015_03.png,-0.5600770950317382,116.26541137695312,116.16770935058594,0.0977020263671875,109.05859375,108.1539535522461,0.9046401977539062,0.2498074322938919,0.23909394443035126,-0.01071348786354065,0.3574877977371216,0.3521474599838257,-0.0053403377532958984,0.34285372495651245,0.33138054609298706,-0.01147317886352539,0.5926451086997986,0.5913686752319336,0.0012764334678649902,0.17165735363960266,0.17165735363960266,125.5767280459404
crack0015_04.png,-0.3738612174987793,117.93408203125,118.67929077148438,-0.745208740234375,105.729736328125,105.494384765625,0.2353515625,0.29273509979248047,0.2904842793941498,-0.0022508203983306885,0.2146204710006714,0.2229304313659668,0.00830996036529541,0.23725956678390503,0.22000688314437866,-0.017252683639526367,0.5823298692703247,0.5792080163955688,0.0031218528747558594,0.155663400888443,0.155663400888443,124.17082440853119
crack0015_05.png,1.822524356842041,133.7466278076172,132.63746643066406,1.109161376953125,118.26872253417969,116.05769348144531,2.211029052734375,0.2602255046367645,0.2546097934246063,-0.005615711212158203,0.24811822175979614,0.25400078296661377,0.005882561206817627,0.27327799797058105,0.2736019492149353,0.00032395124435424805,0.5890426635742188,0.5879700183868408,0.0010726451873779297,0.18564508855342865,0.18564508855342865,141.477166056633
crack0015_06.png,2.2057928085327148,114.80992889404297,115.15174102783203,-0.3418121337890625,113.8463134765625,113.48100280761719,0.3653106689453125,0.24194258451461792,0.2708019018173218,0.028859317302703857,0.33377158641815186,0.3351864814758301,0.0014148950576782227,0.24818623065948486,0.2665840983390808,0.018397867679595947,0.5859784483909607,0.5850749611854553,0.0009034872055053711,0.2047463357448578,0.2047463357448578,123.90341782569885
crack0015_07.png,0.3371497154235841,114.08879089355469,113.22806549072266,0.8607254028320312,108.78675842285156,107.16686248779297,1.6198959350585938,0.31785568594932556,0.3055715560913086,-0.012284129858016968,0.3541851043701172,0.3467583656311035,-0.007426738739013672,0.38301461935043335,0.3531076908111572,-0.029906928539276123,0.5876163244247437,0.5849096775054932,0.0027066469192504883,0.2306896448135376,0.2306896448135376,118.8287878036499
crack0015_08.png,-1.2207328796386718,119.10033416748047,119.51795959472656,-0.41762542724609375,107.75202941894531,106.62330627441406,1.12872314453125,0.26626190543174744,0.2627013623714447,-0.0035605430603027344,0.30086153745651245,0.2718464136123657,-0.02901512384414673,0.3320145010948181,0.2855839729309082,-0.04643052816390991,0.5922183990478516,0.5874471068382263,0.004771292209625244,0.1560850590467453,0.1560850590467453,127.2358011007309
crack0015_09.png,-0.6960806846618652,126.80873107910156,126.92696380615234,-0.11823272705078125,109.10455322265625,107.78199768066406,1.3225555419921875,0.30093464255332947,0.2990415394306183,-0.0018931031227111816,0.319430410861969,0.2955179214477539,-0.023912489414215088,0.36660492420196533,0.34217578172683716,-0.024429142475128174,0.5882968306541443,0.5882698893547058,2.6941299438476562e-05,0.21089133620262146,0.21089133620262146,132.45722830295563
crack0016_00.png,2.440155601501465,107.99935913085938,106.19703674316406,1.8023223876953125,100.87454223632812,100.19142150878906,0.6831207275390625,0.3332573473453522,0.3281136155128479,-0.0051437318325042725,0.5347857475280762,0.5523116588592529,0.017525911331176758,0.49203479290008545,0.4991205334663391,0.007085740566253662,0.5847404599189758,0.5828642845153809,0.0018761754035949707,0.15900637209415436,0.15900637209415436,110.80099940299988
crack0016_01.png,1.250826930999756,104.21758270263672,103.84687805175781,0.37070465087890625,103.07255554199219,103.15786743164062,-0.0853118896484375,0.30437594652175903,0.31971919536590576,0.015343248844146729,0.4911434054374695,0.48471641540527344,-0.006426990032196045,0.4331257939338684,0.4310958981513977,-0.002029895782470703,0.5727758407592773,0.5741791725158691,-0.0014033317565917969,0.14610785245895386,0.14610785245895386,108.73684048652649
crack0016_02.png,1.3643695831298828,107.0385971069336,105.67167663574219,1.3669204711914062,101.77578735351562,101.17851257324219,0.5972747802734375,0.35929983854293823,0.35924607515335083,-5.3763389587402344e-05,0.4853697419166565,0.48082101345062256,-0.0045487284660339355,0.4645703434944153,0.4688844680786133,0.004314124584197998,0.5876047611236572,0.588985025882721,-0.0013802647590637207,0.21572068333625793,0.21572068333625793,108.35977339744568
crack0016_03.png,3.624158573150635,105.63330078125,104.48375701904297,1.1495437622070312,106.88835144042969,106.11563873291016,0.7727127075195312,0.2910798490047455,0.30897238850593567,0.017892539501190186,0.4222032427787781,0.4362042546272278,0.014001011848449707,0.40088051557540894,0.40253305435180664,0.001652538776397705,0.5892964005470276,0.5849442481994629,0.004352152347564697,0.16205313801765442,0.16205313801765442,111.16559398174286
crack0016_04.png,0.14871377944946307,110.20674133300781,108.56490325927734,1.6418380737304688,102.452392578125,101.08710479736328,1.3652877807617188,0.3481219708919525,0.330089271068573,-0.018032699823379517,0.4166039228439331,0.40413737297058105,-0.01246654987335205,0.400549054145813,0.3818434476852417,-0.01870560646057129,0.5809381008148193,0.5833871364593506,-0.00244903564453125,0.14767709374427795,0.14767709374427795,112.91595149040222
crack0016_05.png,2.4586791038513183,113.93997955322266,112.85271453857422,1.0872650146484375,102.2977294921875,101.81980895996094,0.4779205322265625,0.2983918786048889,0.31575506925582886,0.01736319065093994,0.48978203535079956,0.48686474561691284,-0.0029172897338867188,0.4417645335197449,0.44874507188796997,0.006980538368225098,0.5843983292579651,0.5867012739181519,-0.0023029446601867676,0.13956837356090546,0.13956837356090546,118.96088528633118
crack0016_06.png,-4.940708255767822,169.98094177246094,173.04541015625,-3.0644683837890625,175.11325073242188,180.62142944335938,-5.5081787109375,0.2863546907901764,0.29058048129081726,0.004225790500640869,0.4222643971443176,0.4181554913520813,-0.004108905792236328,0.43486541509628296,0.4387490153312683,0.0038836002349853516,0.5935524702072144,0.5897193551063538,0.0038331151008605957,0.17489761114120483,0.17489761114120483,178.07399332523346
crack0016_07.png,3.5720170021057127,105.3373794555664,103.5847396850586,1.7526397705078125,103.75015258789062,102.89028930664062,0.85986328125,0.3255923390388489,0.34091663360595703,0.015324294567108154,0.5133822560310364,0.5175856351852417,0.004203379154205322,0.46623724699020386,0.47623711824417114,0.009999871253967285,0.5871511101722717,0.5851172804832458,0.002033829689025879,0.15230026841163635,0.15230026841163635,108.41156363487244
crack0016_08.png,1.7313251495361328,109.8212661743164,108.40864562988281,1.4126205444335938,107.80003356933594,107.03648376464844,0.7635498046875,0.3438008725643158,0.3421664535999298,-0.0016344189643859863,0.4483678936958313,0.44535601139068604,-0.0030118823051452637,0.43339717388153076,0.4365071654319763,0.0031099915504455566,0.5886927843093872,0.5820799469947815,0.006612837314605713,0.16214808821678162,0.16214808821678162,112.13268005847931
crack0016_09.png,2.7592251777648924,102.3095703125,102.45598602294922,-0.14641571044921875,102.14696502685547,101.63957977294922,0.50738525390625,0.3000790476799011,0.3357085585594177,0.0356295108795166,0.5638090968132019,0.5582795143127441,-0.005529582500457764,0.4962366819381714,0.5010126233100891,0.004775941371917725,0.5812687277793884,0.5794309973716736,0.0018377304077148438,0.15242375433444977,0.15242375433444977,107.62878441810608
crack0017_00.png,1.5710475444793701,102.07780456542969,100.18140411376953,1.8964004516601562,100.71591186523438,100.35031127929688,0.3656005859375,0.23083218932151794,0.22459609806537628,-0.006236091256141663,0.4257139563560486,0.4210484027862549,-0.004665553569793701,0.40797311067581177,0.4138834476470947,0.005910336971282959,0.5884698033332825,0.5831218957901001,0.005347907543182373,0.1544521152973175,0.1544521152973175,111.19263058900833
crack0017_01.png,2.112322378158569,108.21407318115234,105.12401580810547,3.090057373046875,100.75497436523438,100.26460266113281,0.4903717041015625,0.26235902309417725,0.24905084073543549,-0.01330818235874176,0.4176703691482544,0.41353631019592285,-0.004134058952331543,0.3796330690383911,0.38425779342651367,0.004624724388122559,0.5855594277381897,0.5841560959815979,0.0014033317565917969,0.12672239542007446,0.12672239542007446,115.14837116003036
crack0017_02.png,1.4996233940124513,103.97416687011719,103.22775268554688,0.7464141845703125,99.5937271118164,99.45370483398438,0.14002227783203125,0.2852815091609955,0.2931041419506073,0.007822632789611816,0.4063119888305664,0.4101805090904236,0.0038685202598571777,0.44406014680862427,0.4511013627052307,0.007041215896606445,0.584682822227478,0.5867666006088257,-0.0020837783813476562,0.22253568470478058,0.22253568470478058,109.95473325252533
crack0017_03.png,3.2929235458374024,101.35171508789062,97.82453918457031,3.5271759033203125,102.36997985839844,102.71560668945312,-0.3456268310546875,0.29021674394607544,0.2868295907974243,-0.003387153148651123,0.39765292406082153,0.40366119146347046,0.006008267402648926,0.36983585357666016,0.36737310886383057,-0.00246274471282959,0.5782275795936584,0.579861581325531,-0.0016340017318725586,0.14131730794906616,0.14131730794906616,105.57281494140625
crack0017_04.png,2.5171895027160645,113.66720581054688,111.44035339355469,2.2268524169921875,101.72343444824219,101.29168701171875,0.4317474365234375,0.3455951511859894,0.34650754928588867,0.000912398099899292,0.47496700286865234,0.4775056838989258,0.0025386810302734375,0.49217885732650757,0.49270349740982056,0.0005246400833129883,0.5796770453453064,0.5810995697975159,-0.0014225244522094727,0.21408280730247498,0.21408280730247498,115.06205332279205
crack0017_05.png,1.2470778942108154,109.70308685302734,108.96888732910156,0.7341995239257812,102.19285583496094,102.33685302734375,-0.1439971923828125,0.21450966596603394,0.219480499625206,0.004970833659172058,0.40040290355682373,0.40312379598617554,0.0027208924293518066,0.3763682246208191,0.38215750455856323,0.005789279937744141,0.5867973566055298,0.5851979851722717,0.0015993714332580566,0.18766558170318604,0.18766558170318604,119.93730139732361
crack0017_06.png,4.014109802246094,108.90974426269531,106.88143157958984,2.0283126831054688,106.49999237060547,105.58060455322266,0.9193878173828125,0.2590080797672272,0.2791156470775604,0.020107567310333252,0.3860012888908386,0.38146597146987915,-0.004535317420959473,0.40041232109069824,0.4018845558166504,0.0014722347259521484,0.5887773633003235,0.584006130695343,0.004771232604980469,0.1863136887550354,0.1863136887550354,115.90619766712189
crack0017_07.png,0.40009117126464844,100.86148834228516,98.88453674316406,1.9769515991210938,105.09541320800781,104.12773895263672,0.9676742553710938,0.3598127067089081,0.3389398157596588,-0.020872890949249268,0.40513181686401367,0.39482277631759644,-0.010309040546417236,0.3856552243232727,0.38630425930023193,0.0006490349769592285,0.5811572670936584,0.5782006978988647,0.002956569194793701,0.23061805963516235,0.23061805963516235,102.78291428089142
crack0017_08.png,2.5985021591186523,110.7138671875,108.36602020263672,2.3478469848632812,101.91287231445312,101.30973052978516,0.6031417846679688,0.2802019715309143,0.2913704216480255,0.011168450117111206,0.43808406591415405,0.41397517919540405,-0.02410888671875,0.4462276101112366,0.42907023429870605,-0.017157375812530518,0.585644006729126,0.5836370587348938,0.0020069479942321777,0.2113173007965088,0.2113173007965088,116.15358567237854
crack0017_09.png,2.173083162307739,132.42811584472656,129.37193298339844,3.056182861328125,143.04478454589844,140.55654907226562,2.4882354736328125,0.22181640565395355,0.1952090859413147,-0.026607319712638855,0.412791907787323,0.41640543937683105,0.0036135315895080566,0.3913199305534363,0.39014631509780884,-0.0011736154556274414,0.5936678051948547,0.5910265445709229,0.0026412606239318848,0.24188439548015594,0.24188439548015594,142.9341914653778
crack0018_00.png,-4.058812236785888,90.74449920654297,91.3127212524414,-0.5682220458984375,109.75881958007812,109.9363021850586,-0.17748260498046875,0.3382816016674042,0.3015541434288025,-0.036727458238601685,0.32812756299972534,0.3179149627685547,-0.010212600231170654,0.3645164370536804,0.3458019495010376,-0.018714487552642822,0.5750172734260559,0.5768396854400635,-0.0018224120140075684,0.14619851112365723,0.14619851112365723,96.00894904136658
crack0018_01.png,0.1215020179748535,99.01785278320312,98.50035095214844,0.5175018310546875,104.50645446777344,104.90861511230469,-0.40216064453125,0.24442583322525024,0.24030056595802307,-0.004125267267227173,0.377974271774292,0.37823188304901123,0.0002576112747192383,0.4653717875480652,0.4564385414123535,-0.00893324613571167,0.588638961315155,0.5865244269371033,0.002114534378051758,0.12442351132631302,0.12442351132631302,107.8866263628006
crack0018_02.png,3.301067352294922,103.31822967529297,102.99019622802734,0.328033447265625,111.63359069824219,111.38861083984375,0.2449798583984375,0.25278812646865845,0.25856778025627136,0.005779653787612915,0.27171099185943604,0.33113962411880493,0.059428632259368896,0.34891945123672485,0.3860960006713867,0.037176549434661865,0.5825836062431335,0.5816954970359802,0.0008881092071533203,0.19186043739318848,0.19186043739318848,111.29026961326599
crack0018_03.png,-1.53995361328125,94.80496215820312,94.89881896972656,-0.0938568115234375,105.652587890625,104.97724914550781,0.6753387451171875,0.24019645154476166,0.2108318954706192,-0.029364556074142456,0.2799040675163269,0.29192113876342773,0.01201707124710083,0.38084155321121216,0.3990525007247925,0.018210947513580322,0.5873087048530579,0.583502471446991,0.0038062334060668945,0.1261560022830963,0.1261560022830963,105.69432502985
crack0018_04.png,2.485707473754883,96.51889038085938,94.94290924072266,1.5759811401367188,107.87373352050781,105.92254638671875,1.9511871337890625,0.2331506907939911,0.23352700471878052,0.0003763139247894287,0.38713985681533813,0.3851048946380615,-0.0020349621772766113,0.43375343084335327,0.4440441131591797,0.010290682315826416,0.5871856808662415,0.5826720595359802,0.0045136213302612305,0.12395729869604111,0.12395729869604111,105.22928559780121
crack0018_05.png,2.8233525276184084,97.14118194580078,95.68965911865234,1.4515228271484375,108.59114837646484,108.2034912109375,0.38765716552734375,0.27384763956069946,0.26787832379341125,-0.005969315767288208,0.16828209161758423,0.2067490816116333,0.03846698999404907,0.35419344902038574,0.3682774305343628,0.01408398151397705,0.5887966156005859,0.5849058032035828,0.003890812397003174,0.13639995455741882,0.13639995455741882,103.89458572864532
crack0018_06.png,0.89583101272583,93.03678894042969,92.8440933227539,0.19269561767578125,102.84614562988281,103.18289184570312,-0.3367462158203125,0.2846817076206207,0.30313900113105774,0.01845729351043701,0.44391781091690063,0.42715704441070557,-0.01676076650619507,0.4836568832397461,0.47371917963027954,-0.009937703609466553,0.5803152918815613,0.5795232653617859,0.0007920265197753906,0.1395157277584076,0.1395157277584076,99.072150349617
crack0018_07.png,-1.1608620643615724,91.12348175048828,91.18258666992188,-0.05910491943359375,104.2410888671875,104.55387878417969,-0.3127899169921875,0.24063768982887268,0.2195059061050415,-0.021131783723831177,0.3650081157684326,0.3801605701446533,0.015152454376220703,0.43443405628204346,0.42660290002822876,-0.007831156253814697,0.5844713449478149,0.5817762613296509,0.0026950836181640625,0.1337127387523651,0.1337127387523651,101.36153364181519
crack0018_08.png,0.5251738548278808,98.258056640625,98.35254669189453,-0.09449005126953125,108.7286148071289,108.31665802001953,0.411956787109375,0.24309256672859192,0.2451486587524414,0.0020560920238494873,0.35971325635910034,0.36179816722869873,0.0020849108695983887,0.4103044271469116,0.4088450074195862,-0.0014594197273254395,0.5937139391899109,0.5885390043258667,0.0051749348640441895,0.18085625767707825,0.18085625767707825,107.46830523014069
crack0018_09.png,1.421460247039795,99.21385192871094,97.54480743408203,1.6690444946289062,109.97294616699219,108.04814147949219,1.9248046875,0.30729058384895325,0.29144084453582764,-0.01584973931312561,0.41232848167419434,0.41693711280822754,0.004608631134033203,0.4652256965637207,0.4693969488143921,0.004171252250671387,0.5873894691467285,0.5857362747192383,0.0016531944274902344,0.18280339241027832,0.18280339241027832,104.38845777511597
crack0019_00.png,-4.562174224853516,104.4091567993164,105.34666442871094,-0.9375076293945312,110.89866638183594,111.64338684082031,-0.744720458984375,0.3105633556842804,0.27042263746261597,-0.04014071822166443,0.45932793617248535,0.4508535861968994,-0.008474349975585938,0.42145973443984985,0.40719419717788696,-0.01426553726196289,0.5960361361503601,0.5904498100280762,0.0055863261222839355,0.19028222560882568,0.19028222560882568,112.49399781227112
crack0019_01.png,2.3597056388854982,101.9615707397461,101.65929412841797,0.302276611328125,100.39372253417969,99.80091094970703,0.5928115844726562,0.33224084973335266,0.3429481089115143,0.010707259178161621,0.3449592590332031,0.3673030138015747,0.022343754768371582,0.39718693494796753,0.4009336233139038,0.0037466883659362793,0.5851019024848938,0.5833525657653809,0.0017493367195129395,0.15745767951011658,0.15745767951011658,105.28005754947662
crack0019_02.png,0.45191707611083987,109.17700958251953,109.93921661376953,-0.76220703125,108.83019256591797,108.56143188476562,0.26876068115234375,0.39581191539764404,0.4028780162334442,0.007066100835800171,0.27427393198013306,0.28648847341537476,0.0122145414352417,0.3372969627380371,0.340758740901947,0.003461778163909912,0.5915302038192749,0.5902114510536194,0.0013187527656555176,0.17946380376815796,0.17946380376815796,109.47060632705688
crack0019_03.png,-0.2541897773742676,94.61151123046875,93.96748352050781,0.6440277099609375,103.865234375,103.19784545898438,0.667388916015625,0.3241805136203766,0.30705830454826355,-0.017122209072113037,0.29345279932022095,0.2992907166481018,0.005837917327880859,0.36961257457733154,0.3674793839454651,-0.002133190631866455,0.5851902961730957,0.5859131217002869,-0.0007228255271911621,0.15950024127960205,0.15950024127960205,99.30252397060394
crack0019_04.png,-3.01983699798584,96.38123321533203,96.1846694946289,0.196563720703125,109.41060638427734,108.60595703125,0.8046493530273438,0.23716425895690918,0.21231421828269958,-0.024850040674209595,0.2868437170982361,0.24210882186889648,-0.0447348952293396,0.32773488759994507,0.3093588948249817,-0.01837599277496338,0.5886505246162415,0.5826720595359802,0.0059784650802612305,0.15188774466514587,0.15188774466514587,107.09011924266815
crack0019_05.png,0.7229183197021485,92.96416473388672,91.99091339111328,0.9732513427734375,110.64580535888672,108.8935317993164,1.7522735595703125,0.3501577377319336,0.34233221411705017,-0.007825523614883423,0.18416821956634521,0.17544996738433838,-0.008718252182006836,0.18670976161956787,0.1729934811592102,-0.013716280460357666,0.5881776213645935,0.5875893831253052,0.0005882382392883301,0.13174039125442505,0.13174039125442505,95.46471107006073
crack0019_06.png,-3.1606934547424315,118.66976928710938,119.28573608398438,-0.615966796875,111.07718658447266,110.66309356689453,0.414093017578125,0.2948457896709442,0.26522427797317505,-0.029621511697769165,0.44324785470962524,0.4323442578315735,-0.010903596878051758,0.40367716550827026,0.3885672092437744,-0.01510995626449585,0.5978123545646667,0.5954248309135437,0.002387523651123047,0.15945516526699066,0.15945516526699066,126.97679018974304
crack0019_07.png,0.3613710403442383,99.70780181884766,99.49861907958984,0.2091827392578125,105.37550354003906,105.17538452148438,0.2001190185546875,0.2948562204837799,0.3031216263771057,0.008265405893325806,0.11668157577514648,0.0971214771270752,-0.01956009864807129,0.2259082794189453,0.229508638381958,0.0036003589630126953,0.5843983292579651,0.5795655250549316,0.004832804203033447,0.14532892405986786,0.14532892405986786,105.28777039051056
crack0019_08.png,3.5995951652526856,106.0372543334961,105.52062225341797,0.516632080078125,106.28057861328125,104.95269775390625,1.327880859375,0.3804929554462433,0.3991456627845764,0.01865270733833313,0.23311251401901245,0.2548465132713318,0.021733999252319336,0.3240310549736023,0.3432151675224304,0.019184112548828125,0.5887274146080017,0.5839715600013733,0.004755854606628418,0.19391176104545593,0.19391176104545593,106.4984575510025
crack0019_09.png,1.9199796676635739,98.77534484863281,97.96583557128906,0.80950927734375,104.46226501464844,103.90403747558594,0.5582275390625,0.3164673447608948,0.35915622115135193,0.04268887639045715,0.14611035585403442,0.08568412065505981,-0.06042623519897461,0.26824527978897095,0.2406570315361023,-0.027588248252868652,0.5872471928596497,0.5900192260742188,-0.002772033214569092,0.15869075059890747,0.15869075059890747,102.983318567276
crack0020_00.png,1.7115822315216065,92.92404174804688,92.40155792236328,0.5224838256835938,105.16716003417969,104.89453125,0.2726287841796875,0.22953538596630096,0.23781874775886536,0.008283361792564392,0.36404430866241455,0.3760896921157837,0.01204538345336914,0.41368967294692993,0.4258643388748169,0.012174665927886963,0.5822145342826843,0.5838254690170288,-0.0016109347343444824,0.20758336782455444,0.20758336782455444,102.24369543790817
crack0020_01.png,1.5585715293884277,95.77374267578125,94.81566619873047,0.9580764770507812,106.53523254394531,106.31343841552734,0.22179412841796875,0.22064755856990814,0.21456493437290192,-0.006082624197006226,0.37758898735046387,0.4020411968231201,0.02445220947265625,0.37670648097991943,0.3990609645843506,0.022354483604431152,0.5815685987472534,0.5810611248016357,0.0005074739456176758,0.22322764992713928,0.22322764992713928,105.68355232477188
crack0020_02.png,2.289695882797241,97.0836410522461,94.96019744873047,2.123443603515625,104.3304214477539,103.16032409667969,1.1700973510742188,0.2184271365404129,0.2170429825782776,-0.001384153962135315,0.5446889400482178,0.5433343648910522,-0.0013545751571655273,0.42098337411880493,0.43735426664352417,0.01637089252471924,0.5758323669433594,0.579254150390625,-0.003421783447265625,0.21587076783180237,0.21587076783180237,106.16950631141663
crack0020_03.png,-1.394911289215088,99.4814682006836,99.90677642822266,-0.4253082275390625,105.55500793457031,105.79190063476562,-0.2368927001953125,0.2137831300497055,0.2125345915555954,-0.0012485384941101074,0.37790077924728394,0.3585458993911743,-0.01935487985610962,0.3507956862449646,0.347309947013855,-0.003485739231109619,0.5801576375961304,0.580176830291748,-1.919269561767578e-05,0.24486911296844482,0.24486911296844482,110.14912003278732
crack0020_04.png,0.9475915908813477,98.19534301757812,97.3838119506836,0.8115310668945312,102.73725891113281,102.29655456542969,0.440704345703125,0.2601000964641571,0.2675149142742157,0.007414817810058594,0.45219331979751587,0.4372539520263672,-0.014939367771148682,0.3454846739768982,0.33597785234451294,-0.009506821632385254,0.5858861804008484,0.5867819786071777,-0.0008957982063293457,0.21628917753696442,0.21628917753696442,105.65485084056854
crack0020_05.png,1.44101939201355,95.22285461425781,95.51787567138672,-0.29502105712890625,106.27494812011719,105.52239990234375,0.7525482177734375,0.18902072310447693,0.20100177824497223,0.0119810551404953,0.3828611969947815,0.3924793601036072,0.009618163108825684,0.37192440032958984,0.37251800298690796,0.0005936026573181152,0.5830180644989014,0.5807228088378906,0.002295255661010742,0.1650812327861786,0.1650812327861786,107.3498443365097
crack0020_06.png,2.3294771671295167,99.21149444580078,97.36308288574219,1.8484115600585938,109.72156524658203,107.71585083007812,2.0057144165039062,0.2234281748533249,0.21767231822013855,-0.00575585663318634,0.43970751762390137,0.44002455472946167,0.00031703710556030273,0.39955008029937744,0.4044402241706848,0.004890143871307373,0.5836447477340698,0.5804805755615234,0.0031641721725463867,0.2192775011062622,0.2192775011062622,108.57273948192596
crack0020_07.png,0.12216181755065919,86.03752136230469,86.1377182006836,-0.10019683837890625,102.84208679199219,102.907958984375,-0.0658721923828125,0.21628345549106598,0.21183040738105774,-0.00445304811000824,0.3851613998413086,0.4011886715888977,0.01602727174758911,0.36293792724609375,0.3513332009315491,-0.011604726314544678,0.5816570520401001,0.5825605392456055,-0.0009034872055053711,0.2295682430267334,0.2295682430267334,96.6802169084549
crack0020_08.png,0.08647947311401366,85.0972900390625,84.95027160644531,0.1470184326171875,102.46368408203125,102.33128356933594,0.1324005126953125,0.2560765743255615,0.24820396304130554,-0.007872611284255981,0.3658493161201477,0.3800758123397827,0.01422649621963501,0.3420822024345398,0.3610634207725525,0.018981218338012695,0.581153392791748,0.5824721455574036,-0.0013187527656555176,0.22429610788822174,0.22429610788822174,93.43042886257172
crack0020_09.png,1.5078116416931153,96.0344467163086,94.9216537475586,1.11279296875,105.3676986694336,104.76419067382812,0.6035079956054688,0.25981301069259644,0.2630910575389862,0.0032780468463897705,0.38343381881713867,0.38047969341278076,-0.00295412540435791,0.3789868950843811,0.3698526620864868,-0.009134232997894287,0.5850403904914856,0.584801971912384,0.0002384185791015625,0.24879249930381775,0.24879249930381775,103.29088521003723
crack0021_00.png,2.4043482780456547,95.09957122802734,92.34405517578125,2.7555160522460938,99.96791076660156,98.95661926269531,1.01129150390625,0.31532880663871765,0.3449905514717102,0.029661744832992554,0.1328144073486328,0.05822819471359253,-0.07458621263504028,0.24990427494049072,0.2021273374557495,-0.04777693748474121,0.5783390998840332,0.5819684863090515,-0.0036293864250183105,0.13109058141708374,0.13109058141708374,98.0808242559433
crack0021_01.png,1.1870668888092042,119.2978515625,117.63835144042969,1.6595001220703125,108.48529052734375,107.81513977050781,0.6701507568359375,0.2264895886182785,0.22917532920837402,0.00268574059009552,0.12421685457229614,0.09650760889053345,-0.027709245681762695,0.2072352170944214,0.19676148891448975,-0.01047372817993164,0.5845328569412231,0.5807074308395386,0.0038254261016845703,0.0970100611448288,0.0970100611448288,128.26004046201706
crack0021_02.png,4.943840789794922,111.04420471191406,110.66564178466797,0.37856292724609375,112.74027252197266,111.3572998046875,1.3829727172851562,0.2622513473033905,0.2721858620643616,0.00993451476097107,0.03279578685760498,0.11135280132293701,0.07855701446533203,0.1966238021850586,0.257099986076355,0.06047618389129639,0.5904651880264282,0.5885890126228333,0.0018761754035949707,0.13712643086910248,0.13712643086910248,118.73844993114471
crack0021_03.png,3.5355374336242678,105.20330047607422,102.2284164428711,2.974884033203125,113.0776596069336,109.87742614746094,3.2002334594726562,0.22055506706237793,0.21619737148284912,-0.004357695579528809,0.2589293122291565,0.2473980188369751,-0.011531293392181396,0.2533290386199951,0.25216561555862427,-0.0011634230613708496,0.5869127511978149,0.5846520662307739,0.0022606849670410156,0.11184997856616974,0.11184997856616974,114.2205262184143
crack0021_04.png,3.9746901512146,106.27655029296875,103.90699768066406,2.3695526123046875,105.59965515136719,105.65560913085938,-0.0559539794921875,0.27488622069358826,0.2819352447986603,0.0070490241050720215,0.13748526573181152,0.15679335594177246,0.019308090209960938,0.13392096757888794,0.1574995517730713,0.02357858419418335,0.5919377207756042,0.5846558809280396,0.007281839847564697,0.11026939749717712,0.11026939749717712,112.27610957622528
crack0021_05.png,1.668008804321289,97.36717224121094,96.12305450439453,1.2441177368164062,102.40679931640625,102.7763671875,-0.36956787109375,0.3412741422653198,0.32356590032577515,-0.017708241939544678,0.0,0.044992029666900635,0.044992029666900635,0.18115347623825073,0.2024480104446411,0.02129453420639038,0.5867089629173279,0.5819915533065796,0.004717409610748291,0.10660408437252045,0.10660408437252045,100.79951786994934
crack0021_06.png,0.9908140182495115,100.2905044555664,98.26055908203125,2.0299453735351562,101.18331909179688,101.00003051757812,0.18328857421875,0.30943137407302856,0.31626853346824646,0.0068371593952178955,0.2211698293685913,0.17631256580352783,-0.04485726356506348,0.32290351390838623,0.3184158205986023,-0.0044876933097839355,0.5780084729194641,0.574636697769165,0.0033717751502990723,0.11679533123970032,0.11679533123970032,103.82998824119568
crack0021_07.png,1.6711833000183107,104.83345031738281,102.51073455810547,2.3227157592773438,104.08615112304688,104.52433776855469,-0.4381866455078125,0.2628265917301178,0.26108109951019287,-0.0017454922199249268,0.2014836072921753,0.18885821104049683,-0.012625396251678467,0.2869334816932678,0.25922340154647827,-0.02771008014678955,0.5860745906829834,0.5818646550178528,0.004209935665130615,0.1144898533821106,0.1144898533821106,111.4502100944519
crack0021_08.png,2.4513341903686525,110.45337677001953,108.40997314453125,2.0434036254882812,102.65961456298828,103.07357788085938,-0.41396331787109375,0.29490840435028076,0.30076631903648376,0.005857914686203003,0.0,0.0,0.0,0.13505065441131592,0.15107882022857666,0.016028165817260742,0.5812802910804749,0.5786582231521606,0.002622067928314209,0.13537797331809998,0.13537797331809998,114.98838233947754
crack0021_09.png,4.203266620635986,108.88504028320312,107.27979278564453,1.6052474975585938,113.77981567382812,113.80850219726562,-0.0286865234375,0.22501406073570251,0.23319748044013977,0.008183419704437256,0.026691436767578125,0.07204407453536987,0.04535263776779175,0.0,0.060941219329833984,0.060941219329833984,0.5930872559547424,0.5895693898200989,0.0035178661346435547,0.10912487655878067,0.10912487655878067,118.30506312847137
crack0022_00.png,0.9533599853515624,76.95806121826172,76.0711669921875,0.8868942260742188,117.68997192382812,118.42436218261719,-0.7343902587890625,0.07710187137126923,0.07843662798404694,0.00133475661277771,0.0,0.0,0.0,0.0,0.0,0.0,0.5876585841178894,0.5813225507736206,0.006336033344268799,0.09779324382543564,0.09779324382543564,95.39484518766403
crack0022_01.png,10.71978771686554,90.36382293701172,80.54621887207031,9.817604064941406,128.983154296875,127.36114501953125,1.62200927734375,0.09596352279186249,0.09835221618413925,0.002388693392276764,0.0,0.0,0.0,0.0,0.0,0.0,0.5819761753082275,0.5804190635681152,0.0015571117401123047,0.09776483476161957,0.09776483476161957,102.97625654935837
crack0022_02.png,4.449015426635742,91.54975891113281,86.30804443359375,5.2417144775390625,127.77103424072266,127.50218200683594,0.26885223388671875,0.11019013822078705,0.0958498865365982,-0.014340251684188843,0.0,0.0,0.0,0.0,0.0,0.0,0.5890887975692749,0.5829142928123474,0.00617450475692749,0.0901244580745697,0.0901244580745697,106.74146038293839
crack0022_03.png,5.760384631156922,81.50672912597656,76.67003631591797,4.836692810058594,133.91067504882812,130.6700439453125,3.240631103515625,0.09689151495695114,0.09181927144527435,-0.005072243511676788,0.0,0.0,0.0,0.0,0.0,0.0,0.5830219388008118,0.5821914672851562,0.0008304715156555176,0.09369558840990067,0.09369558840990067,96.90010398626328
crack0022_04.png,3.6019237518310545,70.65953826904297,66.85198974609375,3.8075485229492188,118.92789459228516,118.78713989257812,0.14075469970703125,0.10300926864147186,0.09770135581493378,-0.005307912826538086,0.0,0.0,0.0,0.0,0.0,0.0,0.5812764167785645,0.5772087574005127,0.004067659378051758,0.1068890243768692,0.1068890243768692,86.14473932981491
crack0022_05.png,1.3156682729721068,77.9554443359375,75.86669158935547,2.0887527465820312,122.54652404785156,121.893798828125,0.6527252197265625,0.12183131277561188,0.10904444009065628,-0.012786872684955597,0.0,0.0,0.0,0.0,0.0,0.0,0.5878316164016724,0.5881122350692749,-0.00028061866760253906,0.09852537512779236,0.09852537512779236,93.8928909599781
crack0022_06.png,1.131522297859192,96.24730682373047,95.4390869140625,0.8082199096679688,119.5389404296875,118.85710144042969,0.6818389892578125,0.1155187264084816,0.11274249851703644,-0.00277622789144516,0.0,0.0,0.0,0.0,0.0,0.0,0.5947405099868774,0.5879238843917847,0.0068166255950927734,0.08986804634332657,0.08986804634332657,112.8682673573494
crack0022_07.png,2.9924721002578734,103.84420013427734,101.86296081542969,1.9812393188476562,118.19403076171875,114.74871826171875,3.4453125,0.1076102927327156,0.09941206872463226,-0.008198224008083344,0.0,0.0,0.0,0.0,0.0,0.0,0.5941022634506226,0.5868781208992004,0.007224142551422119,0.09941942989826202,0.09941942989826202,120.65294688940048
crack0022_08.png,1.8364146947860718,89.83191680908203,87.6975326538086,2.1343841552734375,129.23757934570312,126.67669677734375,2.560882568359375,0.106475830078125,0.08585413545370102,-0.02062169462442398,0.0,0.0,0.0,0.0,0.0,0.0,0.5948442816734314,0.5866589546203613,0.008185327053070068,0.10054288059473038,0.10054288059473038,107.40724787116051
crack0022_09.png,3.9642077445983883,83.3200912475586,77.57999420166016,5.7400970458984375,122.18498229980469,123.17056274414062,-0.9855804443359375,0.10942800343036652,0.09154598414897919,-0.01788201928138733,0.0,0.0,0.0,0.0,0.0,0.0,0.5827988982200623,0.5815762877464294,0.0012226104736328125,0.10233398526906967,0.10233398526906967,98.26923960447311
crack0023_00.png,-0.968297004699707,119.83274841308594,120.58055114746094,-0.747802734375,121.86448669433594,121.54176330566406,0.322723388671875,0.15367437899112701,0.13684554398059845,-0.016828835010528564,0.14054274559020996,0.1632809042930603,0.022738158702850342,0.342298686504364,0.33725690841674805,-0.005041778087615967,0.5911803245544434,0.589000403881073,0.0021799206733703613,0.10234898328781128,0.10234898328781128,135.64313012361526
crack0023_01.png,2.9021161556243897,123.9810791015625,120.59734344482422,3.3837356567382812,114.2032241821289,113.1847915649414,1.0184326171875,0.25322964787483215,0.24064089357852936,-0.012588754296302795,0.0,0.0,0.0,0.23641473054885864,0.2183588743209839,-0.018055856227874756,0.5912917852401733,0.58833909034729,0.0029526948928833008,0.11272838711738586,0.11272838711738586,131.50242906808853
crack0023_02.png,4.477719688415528,99.65824890136719,98.53515625,1.1230926513671875,110.24903869628906,107.68611907958984,2.5629196166992188,0.31173449754714966,0.34108150005340576,0.029347002506256104,0.0,0.0,0.0,0.2236657738685608,0.18157637119293213,-0.04208940267562866,0.5852787494659424,0.5857362747192383,-0.00045752525329589844,0.15962162613868713,0.15962162613868713,103.82208371162415
crack0023_03.png,0.20191760063171382,112.8916244506836,114.34204864501953,-1.4504241943359375,108.81596374511719,108.93959045410156,-0.123626708984375,0.24603386223316193,0.26655080914497375,0.02051694691181183,0.0,0.0,0.0,0.29084962606430054,0.30006229877471924,0.009212672710418701,0.586086094379425,0.5845751762390137,0.001510918140411377,0.11624127626419067,0.11624127626419067,122.29824858903885
crack0023_04.png,3.571841669082642,125.04500579833984,121.52978515625,3.5152206420898438,111.83283996582031,111.67501831054688,0.1578216552734375,0.23365481197834015,0.22620874643325806,-0.007446065545082092,0.0,0.011745989322662354,0.011745989322662354,0.2836400270462036,0.29129916429519653,0.00765913724899292,0.5852633714675903,0.5822799205780029,0.0029834508895874023,0.11426049470901489,0.11426049470901489,133.12540555000305
crack0023_05.png,1.1031582355499268,120.147216796875,118.75558471679688,1.391632080078125,109.61595916748047,108.02019500732422,1.59576416015625,0.19440743327140808,0.1796436458826065,-0.014763787388801575,0.07457631826400757,0.0763784646987915,0.0018021464347839355,0.257656991481781,0.24559372663497925,-0.012063264846801758,0.5906112790107727,0.586055338382721,0.004555940628051758,0.10278402268886566,0.10278402268886566,132.29723316431046
crack0023_06.png,1.306895685195923,108.5586929321289,107.2389144897461,1.3197784423828125,113.48619079589844,111.69491577148438,1.7912750244140625,0.21843118965625763,0.20607849955558777,-0.01235269010066986,0.0,0.0,0.0,0.21145588159561157,0.22119325399398804,0.009737372398376465,0.5889503955841064,0.5824798345565796,0.0064705610275268555,0.10755792260169983,0.10755792260169983,119.09210956096649
crack0023_07.png,0.12171187400817862,115.49494171142578,113.79856872558594,1.6963729858398438,111.7393798828125,111.47164916992188,0.267730712890625,0.2476681023836136,0.22447970509529114,-0.02318839728832245,0.0,0.0,0.0,0.18188440799713135,0.19002968072891235,0.008145272731781006,0.5899807810783386,0.5856478214263916,0.0043329596519470215,0.10235977917909622,0.10235977917909622,124.77720415592194
crack0023_08.png,-1.3618574142456055,116.0057144165039,116.42919921875,-0.42348480224609375,110.001708984375,109.51228332519531,0.4894256591796875,0.27624058723449707,0.2784680724143982,0.002227485179901123,0.24477070569992065,0.2102820873260498,-0.03448861837387085,0.3198012113571167,0.31588315963745117,-0.003918051719665527,0.5840907096862793,0.5824106335639954,0.0016800761222839355,0.13949650526046753,0.13949650526046753,123.0066499710083
crack0023_09.png,2.894784355163574,121.21134948730469,119.47023010253906,1.741119384765625,110.59618377685547,109.22081756591797,1.3753662109375,0.25170063972473145,0.25822770595550537,0.006527066230773926,0.0,0.0,0.0,0.25364625453948975,0.2303633689880371,-0.023282885551452637,0.5869934558868408,0.5849596261978149,0.002033829689025879,0.11315422505140305,0.11315422505140305,128.71848964691162
crack0024_00.png,2.342707300186157,140.4685516357422,139.66954040527344,0.79901123046875,121.26374053955078,121.86930847167969,-0.6055679321289062,0.2269716113805771,0.24833834171295166,0.021366730332374573,0.0,0.0,0.0,0.02872633934020996,0.04353296756744385,0.014806628227233887,0.5914186835289001,0.589504063129425,0.0019146203994750977,0.13291366398334503,0.13291366398334503,150.1074966788292
crack0024_01.png,-0.18531026840209952,120.22197723388672,122.00664520263672,-1.78466796875,133.22439575195312,132.14401245117188,1.08038330078125,0.30598098039627075,0.3182623088359833,0.012281328439712524,0.0,0.0,0.0,0.0,0.0,0.0,0.5962360501289368,0.5916185975074768,0.004617452621459961,0.11948484182357788,0.11948484182357788,126.60489439964294
crack0024_02.png,7.9984657764434814,121.3703384399414,116.22509765625,5.145240783691406,118.15079498291016,112.94155883789062,5.209236145019531,0.2330477237701416,0.24024279415607452,0.007195070385932922,0.0,0.0,0.0,0.0,0.0,0.0,0.5970011353492737,0.592153012752533,0.004848122596740723,0.13093602657318115,0.13093602657318115,128.69490003585815
crack0024_03.png,3.0294869899749752,138.8391876220703,135.88888549804688,2.9503021240234375,120.80984497070312,117.45620727539062,3.3536376953125,0.1994197815656662,0.18350300192832947,-0.01591677963733673,0.0,0.0,0.0,0.0,0.0,0.0,0.5976047515869141,0.5973279476165771,0.00027680397033691406,0.11186271160840988,0.11186271160840988,150.2580465078354
crack0024_04.png,6.134260940551758,160.9253387451172,157.33767700195312,3.5876617431640625,169.4445343017578,165.11215209960938,4.3323822021484375,0.20896542072296143,0.21664080023765564,0.007675379514694214,0.0,0.0,0.0,0.0,0.0,0.0,0.5933718085289001,0.5883814096450806,0.00499039888381958,0.125923290848732,0.125923290848732,170.32845497131348
crack0024_05.png,5.022902107238769,133.76536560058594,130.31163024902344,3.4537353515625,125.45744323730469,124.15847778320312,1.2989654541015625,0.27209216356277466,0.2845909893512726,0.012498825788497925,0.0,0.0,0.0,0.0,0.0,0.0,0.5940907597541809,0.5928488969802856,0.0012418627738952637,0.1307234913110733,0.1307234913110733,139.47659850120544
crack0024_06.png,3.43621621131897,123.92992401123047,121.78784942626953,2.1420745849609375,118.28190612792969,118.85237121582031,-0.570465087890625,0.22323906421661377,0.24161456525325775,0.018375501036643982,0.0,0.0,0.0,0.16272133588790894,0.1508864164352417,-0.011834919452667236,0.5864129066467285,0.5851057171821594,0.0013071894645690918,0.15798741579055786,0.15798741579055786,132.92105913162231
crack0024_07.png,-0.9692080497741697,132.38633728027344,133.90394592285156,-1.517608642578125,116.657958984375,115.29633331298828,1.3616256713867188,0.24105508625507355,0.2399485558271408,-0.0011065304279327393,0.0,0.0,0.0,0.10748845338821411,0.11391502618789673,0.006426572799682617,0.5888965725898743,0.5865897536277771,0.002306818962097168,0.15042062103748322,0.15042062103748322,142.30409115552902
crack0024_08.png,-3.8247232913970945,171.57276916503906,177.31321716308594,-5.740447998046875,178.61314392089844,170.58926391601562,8.023880004882812,0.22072462737560272,0.2056128978729248,-0.015111729502677917,0.0,0.0,0.0,0.07878780364990234,0.0784909725189209,-0.0002968311309814453,0.5910034775733948,0.5931257009506226,-0.002122223377227783,0.15024936199188232,0.15024936199188232,185.8312473297119
crack0024_09.png,3.4638278007507326,133.513671875,132.6936492919922,0.8200225830078125,125.35923767089844,125.03421783447266,0.32501983642578125,0.2486027479171753,0.2789698541164398,0.030367106199264526,0.0,0.0,0.0,0.030311942100524902,0.002909064292907715,-0.027402877807617188,0.588323712348938,0.5862129926681519,0.002110719680786133,0.1682913899421692,0.1682913899421692,141.7204442024231
crack0025_00.png,2.484640598297119,122.63043212890625,121.27576446533203,1.3546676635742188,114.00180053710938,113.77825927734375,0.223541259765625,0.3042781352996826,0.3127690851688385,0.008490949869155884,0.3374905586242676,0.3479912281036377,0.010500669479370117,0.309822142124176,0.32369667291641235,0.013874530792236328,0.5814494490623474,0.582918107509613,-0.001468658447265625,0.19321534037590027,0.19321534037590027,127.0131344795227
crack0025_01.png,2.8975361824035644,112.02351379394531,110.14814758300781,1.8753662109375,106.3868408203125,105.9596176147461,0.42722320556640625,0.3128052055835724,0.31942513585090637,0.006619930267333984,0.4075642228126526,0.41998547315597534,0.012421250343322754,0.4400288462638855,0.44416284561157227,0.004133999347686768,0.5826451182365417,0.5870242118835449,-0.004379093647003174,0.17178452014923096,0.17178452014923096,115.79848682880402
crack0025_02.png,3.5123852729797367,115.7332534790039,113.76150512695312,1.9717483520507812,115.74171447753906,112.82723236083984,2.9144821166992188,0.2949237525463104,0.2937134802341461,-0.0012102723121643066,0.3713025450706482,0.3826097846031189,0.011307239532470703,0.3126372694969177,0.3278711438179016,0.015233874320983887,0.5934678912162781,0.5929834842681885,0.0004844069480895996,0.2132054567337036,0.2132054567337036,120.86328613758087
crack0025_03.png,3.867097759246826,116.4228286743164,114.58384704589844,1.8389816284179688,106.48100280761719,105.47047424316406,1.010528564453125,0.29257524013519287,0.3098227083683014,0.01724746823310852,0.3491974472999573,0.3552578091621399,0.006060361862182617,0.3506319522857666,0.350727379322052,9.542703628540039e-05,0.5780622959136963,0.5780199766159058,4.2319297790527344e-05,0.2183837890625,0.2183837890625,121.0713152885437
crack0025_04.png,3.035451793670654,115.82394409179688,114.40679931640625,1.417144775390625,108.21723175048828,107.81632995605469,0.40090179443359375,0.37527182698249817,0.3867149353027344,0.011443108320236206,0.44835060834884644,0.4561537504196167,0.007803142070770264,0.39340662956237793,0.39644110202789307,0.0030344724655151367,0.5870011448860168,0.5812418460845947,0.005759298801422119,0.24001821875572205,0.24001821875572205,116.07910788059235
crack0025_05.png,4.3118898391723635,118.5044937133789,115.62120819091797,2.8832855224609375,114.67413330078125,113.33795166015625,1.336181640625,0.21364963054656982,0.209367573261261,-0.004282057285308838,0.43208253383636475,0.4591476321220398,0.02706509828567505,0.4001210927963257,0.41114288568496704,0.011021792888641357,0.5887619853019714,0.5849096775054932,0.0038523077964782715,0.16336816549301147,0.16336816549301147,128.05127596855164
crack0025_06.png,0.7478917121887207,115.85200500488281,116.10733795166016,-0.25533294677734375,119.23245239257812,120.17476654052734,-0.9423141479492188,0.21959738433361053,0.22860868275165558,0.009011298418045044,0.4512631893157959,0.4594513773918152,0.008188188076019287,0.3779095411300659,0.40156257152557373,0.023653030395507812,0.5969473123550415,0.5886543393135071,0.008292973041534424,0.20559129118919373,0.20559129118919373,126.68172091245651
crack0025_07.png,2.1194431304931642,98.97175598144531,98.50666046142578,0.46509552001953125,105.41961669921875,104.95799255371094,0.4616241455078125,0.3477048873901367,0.35586386919021606,0.008158981800079346,0.43002891540527344,0.4453515410423279,0.015322625637054443,0.44054216146469116,0.43976956605911255,-0.0007725954055786133,0.5893348455429077,0.5842329859733582,0.0051018595695495605,0.19939856231212616,0.19939856231212616,101.45030879974365
crack0025_08.png,3.6973968505859376,108.31511688232422,106.78299713134766,1.5321197509765625,108.03269958496094,106.94003295898438,1.0926666259765625,0.36385899782180786,0.37931352853775024,0.015454530715942383,0.446122944355011,0.4545590877532959,0.008436143398284912,0.4400750994682312,0.44515830278396606,0.005083203315734863,0.5872164368629456,0.5833563804626465,0.0038600564002990723,0.19730620086193085,0.19730620086193085,109.20617461204529
crack0025_09.png,2.273055076599121,122.64015197753906,120.63327026367188,2.0068817138671875,102.01753234863281,102.28501892089844,-0.267486572265625,0.284378319978714,0.2891075909137726,0.004729270935058594,0.48695605993270874,0.48307812213897705,-0.0038779377937316895,0.3581392765045166,0.34505021572113037,-0.01308906078338623,0.5823798775672913,0.5786312818527222,0.003748595714569092,0.15856242179870605,0.15856242179870605,127.86920702457428
crack0026_00.png,-1.946234941482544,92.3091812133789,95.59646606445312,-3.2872848510742188,126.32772827148438,121.9803466796875,4.347381591796875,0.1692863553762436,0.1625632345676422,-0.006723120808601379,0.0,0.0,0.0,0.0,0.0,0.0,0.5903998613357544,0.5869011878967285,0.003498673439025879,0.10572037100791931,0.10572037100791931,107.81502401828766
crack0026_01.png,-0.480981397628784,88.74706268310547,91.13728332519531,-2.3902206420898438,124.47576141357422,121.06396484375,3.4117965698242188,0.17654170095920563,0.181400865316391,0.004859164357185364,0.0,0.0,0.0,0.0,0.0,0.0,0.5933141112327576,0.589419424533844,0.0038946866989135742,0.10066191852092743,0.10066191852092743,103.08223539590836
crack0026_02.png,-1.9596907138824462,78.21327209472656,80.7981948852539,-2.5849227905273438,123.69825744628906,121.5423583984375,2.1558990478515625,0.1562165766954422,0.1514820158481598,-0.00473456084728241,0.0,0.0,0.0,0.0,0.0,0.0,0.5952517986297607,0.5917108654975891,0.003540933132171631,0.10061944276094437,0.10061944276094437,94.22688448429108
crack0026_03.png,3.8422213077545164,100.37026977539062,96.36175537109375,4.008514404296875,121.90272521972656,121.62574768066406,0.2769775390625,0.1464717984199524,0.14194710552692413,-0.004524692893028259,0.0,0.0,0.0,0.0,0.0,0.0,0.5915493965148926,0.58942711353302,0.0021222829818725586,0.09839978814125061,0.09839978814125061,113.51116210222244
crack0026_04.png,-1.446357011795044,68.69100189208984,71.85174560546875,-3.1607437133789062,119.24227905273438,116.94941711425781,2.2928619384765625,0.14141134917736053,0.15054064989089966,0.009129300713539124,0.0,0.0,0.0,0.0,0.0,0.0,0.5978623628616333,0.5961899161338806,0.0016724467277526855,0.09744466841220856,0.09744466841220856,85.701187312603
crack0026_05.png,-1.3403866291046143,79.51976776123047,82.55768585205078,-3.0379180908203125,117.89860534667969,116.0743408203125,1.8242645263671875,0.15951207280158997,0.16978944838047028,0.01027737557888031,0.0,0.0,0.0,0.0,0.0,0.0,0.588811993598938,0.585171103477478,0.003640890121459961,0.10009300708770752,0.10009300708770752,95.02048218250275
crack0026_06.png,7.722127628326416,124.6160888671875,118.8885498046875,5.7275390625,123.486328125,119.75089263916016,3.7354354858398438,0.22848916053771973,0.23168396949768066,0.0031948089599609375,0.0,0.0,0.0,0.0,0.0,0.0,0.5929681062698364,0.5868473649024963,0.006120741367340088,0.09782159328460693,0.09782159328460693,131.76169395446777
crack0026_07.png,0.22989063262939458,81.57911682128906,82.69037628173828,-1.1112594604492188,122.94485473632812,121.89959716796875,1.045257568359375,0.13421118259429932,0.14613759517669678,0.011926412582397461,0.0,0.0,0.0,0.0,0.0,0.0,0.5828258395195007,0.5836024880409241,-0.0007766485214233398,0.1127258762717247,0.1127258762717247,97.42617511749268
crack0026_08.png,-3.5421467781066895,64.4377212524414,66.90409851074219,-2.4663772583007812,122.76810455322266,123.8178939819336,-1.0497894287109375,0.15922872722148895,0.1470416933298111,-0.012187033891677856,0.0,0.0,0.0,0.0,0.0,0.0,0.5901461243629456,0.5821684002876282,0.007977724075317383,0.09711403399705887,0.09711403399705887,80.45425325632095
crack0026_09.png,3.5153802394866944,66.78160858154297,65.22200775146484,1.559600830078125,131.9754638671875,127.80864715576172,4.166816711425781,0.155922070145607,0.15577703714370728,-0.00014503300189971924,0.0,0.0,0.0,0.0,0.0,0.0,0.5940753817558289,0.586558997631073,0.007516384124755859,0.09416142106056213,0.09416142106056213,80.41820120811462
crack0027_00.png,3.6417699813842774,118.58311462402344,117.79426574707031,0.788848876953125,105.24480438232422,105.0487060546875,0.19609832763671875,0.3314339518547058,0.3541232943534851,0.022689342498779297,0.229539155960083,0.2510964870452881,0.021557331085205078,0.36237257719039917,0.3707456588745117,0.008373081684112549,0.5803691148757935,0.5779430866241455,0.0024260282516479492,0.14353108406066895,0.14353108406066895,121.51741766929626
crack0027_01.png,1.7036130905151365,114.66217041015625,113.39677429199219,1.2653961181640625,102.6128921508789,102.51936340332031,0.09352874755859375,0.2774282395839691,0.29648929834365845,0.01906105875968933,0.38784533739089966,0.35214245319366455,-0.03570288419723511,0.435793936252594,0.413418173789978,-0.022375762462615967,0.5885659456253052,0.5809650421142578,0.007600903511047363,0.13811570405960083,0.13811570405960083,120.92641580104828
crack0027_02.png,1.3649497985839845,95.47112274169922,94.5252685546875,0.9458541870117188,102.4085693359375,102.36013793945312,0.048431396484375,0.3734692931175232,0.37930306792259216,0.00583377480506897,0.42784762382507324,0.42657679319381714,-0.0012708306312561035,0.44363856315612793,0.44483643770217896,0.0011978745460510254,0.5766013264656067,0.5770049691200256,-0.0004036426544189453,0.19102506339550018,0.19102506339550018,95.670236825943
crack0027_03.png,0.7695517539978027,115.64116668701172,114.78925323486328,0.8519134521484375,108.28579711914062,107.29588317871094,0.9899139404296875,0.254172146320343,0.2556883692741394,0.0015162229537963867,0.26134753227233887,0.24581480026245117,-0.015532732009887695,0.44489264488220215,0.4328138828277588,-0.01207876205444336,0.578081488609314,0.5775393843650818,0.0005421042442321777,0.10246765613555908,0.10246765613555908,123.08814072608948
crack0027_04.png,2.3447943210601805,121.41844177246094,119.5279541015625,1.8904876708984375,106.88224029541016,107.18315124511719,-0.30091094970703125,0.24254539608955383,0.24426884949207306,0.001723453402519226,0.3817629814147949,0.3886997699737549,0.006936788558959961,0.44027358293533325,0.43856239318847656,-0.0017111897468566895,0.5866128206253052,0.5826297402381897,0.0039830803871154785,0.14276111125946045,0.14276111125946045,129.3849869966507
crack0027_05.png,0.3372419357299805,115.46891784667969,114.70635986328125,0.7625579833984375,102.7335205078125,102.37429809570312,0.359222412109375,0.3511049151420593,0.34671828150749207,-0.004386633634567261,0.34654444456100464,0.34133100509643555,-0.005213439464569092,0.443767249584198,0.4479867219924927,0.004219472408294678,0.5724259614944458,0.5726643800735474,-0.0002384185791015625,0.10731207579374313,0.10731207579374313,117.19111716747284
crack0027_06.png,-0.5610050201416016,110.0982666015625,109.83995056152344,0.2583160400390625,103.73905944824219,103.47925567626953,0.25980377197265625,0.2990970015525818,0.30198508501052856,0.0028880834579467773,0.4618948698043823,0.4321148991584778,-0.02977997064590454,0.4923107624053955,0.48197561502456665,-0.010335147380828857,0.5729411840438843,0.5720184445381165,0.0009227395057678223,0.1259549856185913,0.1259549856185913,114.94093585014343
crack0027_07.png,1.7418208122253418,108.19961547851562,106.97146606445312,1.2281494140625,104.69297790527344,104.37803649902344,0.31494140625,0.29424503445625305,0.29952263832092285,0.0052776038646698,0.31688791513442993,0.3133222460746765,-0.003565669059753418,0.38943880796432495,0.3801434636116028,-0.009295344352722168,0.5804536938667297,0.5777508616447449,0.0027028322219848633,0.1290547251701355,0.1290547251701355,113.14898645877838
crack0027_08.png,0.3047464370727539,114.80219268798828,114.82839965820312,-0.02620697021484375,103.53758239746094,103.31755828857422,0.22002410888671875,0.32610177993774414,0.3214268386363983,-0.004674941301345825,0.34125906229019165,0.35284554958343506,0.011586487293243408,0.4190245270729065,0.4233677387237549,0.004343211650848389,0.5833602547645569,0.5795232653617859,0.003836989402770996,0.1270390748977661,0.1270390748977661,118.86409604549408
crack0027_09.png,3.4832934379577636,105.10333251953125,103.62644958496094,1.4768829345703125,102.10926818847656,101.7817611694336,0.32750701904296875,0.3469895124435425,0.3697332441806793,0.02274373173713684,0.44499021768569946,0.4469377398490906,0.0019475221633911133,0.45127469301223755,0.4529532790184021,0.0016785860061645508,0.5769434571266174,0.5774932503700256,-0.0005497932434082031,0.22728751599788666,0.22728751599788666,106.64525032043457
crack0028_00.png,1.1427861213684083,92.18727111816406,91.67737579345703,0.5098953247070312,98.49519348144531,98.17256164550781,0.3226318359375,0.5282767415046692,0.5100897550582886,-0.018186986446380615,0.0,0.0483701229095459,0.0483701229095459,0.3290024399757385,0.33636587858200073,0.007363438606262207,0.5796732306480408,0.579073429107666,0.0005998015403747559,0.11024355888366699,0.11024355888366699,84.51386737823486
crack0028_01.png,2.409675121307373,99.15274047851562,96.99911499023438,2.15362548828125,103.84994506835938,102.99755096435547,0.8523941040039062,0.4406912922859192,0.4377460479736328,-0.002945244312286377,0.0,0.0,0.0,0.017097890377044678,0.07492506504058838,0.0578271746635437,0.5760476589202881,0.5722798705101013,0.0037677884101867676,0.10156865417957306,0.10156865417957306,94.85307121276855
crack0028_02.png,-1.6722526550292969,98.77861022949219,99.08158874511719,-0.302978515625,102.87664794921875,102.84033203125,0.03631591796875,0.5038221478462219,0.48703405261039734,-0.016788095235824585,0.0,0.0,0.0,0.2826038599014282,0.2839115858078003,0.0013077259063720703,0.5781161189079285,0.5791349411010742,-0.001018822193145752,0.11559105664491653,0.11559105664491653,92.87345397472382
crack0028_03.png,0.8429665565490723,99.73085021972656,99.14276885986328,0.5880813598632812,106.14352416992188,105.34266662597656,0.8008575439453125,0.42412513494491577,0.4230108857154846,-0.0011142492294311523,0.0,0.0,0.0,0.2254352569580078,0.23055744171142578,0.005122184753417969,0.5824990272521973,0.5819069743156433,0.0005920529365539551,0.11039721220731735,0.11039721220731735,97.35611748695374
crack0028_04.png,0.9404002189636231,99.33568572998047,98.2511215209961,1.084564208984375,101.41554260253906,100.67066192626953,0.7448806762695312,0.5036601424217224,0.4966265559196472,-0.007033586502075195,0.0,0.0,0.0,0.206135094165802,0.21765810251235962,0.011523008346557617,0.5844752192497253,0.5814609527587891,0.0030142664909362793,0.10411306470632553,0.10411306470632553,92.37481904029846
crack0028_05.png,1.1812513351440428,102.11508178710938,100.88174438476562,1.23333740234375,103.7506103515625,103.06942749023438,0.681182861328125,0.4317241907119751,0.44422492384910583,0.012500733137130737,0.03155064582824707,0.0,-0.03155064582824707,0.23192232847213745,0.1957884430885315,-0.03613388538360596,0.5757554769515991,0.5773202776908875,-0.00156480073928833,0.09631698578596115,0.09631698578596115,98.68777275085449
crack0028_06.png,-1.4941274642944335,97.40728759765625,96.8434066772461,0.5638809204101562,99.35874938964844,98.90385437011719,0.45489501953125,0.554555356502533,0.5264788866043091,-0.028076469898223877,0.0,0.0,0.0,0.17856049537658691,0.20512795448303223,0.026567459106445312,0.5711918473243713,0.5710380673408508,0.0001537799835205078,0.10669681429862976,0.10669681429862976,88.38428783416748
crack0028_07.png,0.25284900665283205,105.21173095703125,105.53467559814453,-0.32294464111328125,106.5844497680664,105.91545104980469,0.6689987182617188,0.3448750674724579,0.3503345549106598,0.005459487438201904,0.0,0.0,0.0,0.05243784189224243,0.12309926748275757,0.07066142559051514,0.5763590931892395,0.5795732140541077,-0.003214120864868164,0.09564971923828125,0.09564971923828125,107.86362779140472
crack0028_08.png,0.11599092483520512,105.98375701904297,105.13694763183594,0.8468093872070312,106.00727844238281,105.32113647460938,0.6861419677734375,0.469001829624176,0.43892180919647217,-0.030080020427703857,0.052171409130096436,0.08513498306274414,0.032963573932647705,0.26837676763534546,0.2852363586425781,0.016859591007232666,0.5718185305595398,0.5697539448738098,0.0020645856857299805,0.1146741434931755,0.1146741434931755,102.09778499603271
crack0028_09.png,0.04182453155517579,97.88316345214844,97.81388854980469,0.06927490234375,102.56527709960938,102.01927185058594,0.5460052490234375,0.4700154662132263,0.46452784538269043,-0.005487620830535889,0.0,0.0,0.0,0.20434176921844482,0.19526809453964233,-0.00907367467880249,0.5893848538398743,0.5845559239387512,0.004828929901123047,0.12011030316352844,0.12011030316352844,93.55224943161011
crack0029_00.png,4.055240154266357,109.17765808105469,109.79544830322266,-0.6177902221679688,111.69204711914062,111.71531677246094,-0.0232696533203125,0.284380704164505,0.29938456416130066,0.015003859996795654,0.23765122890472412,0.3170241117477417,0.07937288284301758,0.23282629251480103,0.30943232774734497,0.07660603523254395,0.5917301177978516,0.5840522646903992,0.007677853107452393,0.19730636477470398,0.19730636477470398,116.09291565418243
crack0029_01.png,2.59368839263916,101.2271499633789,100.24256896972656,0.9845809936523438,101.91035461425781,101.96412658691406,-0.05377197265625,0.2964540421962738,0.2886475622653961,-0.0078064799308776855,0.23586034774780273,0.2930768132209778,0.05721646547317505,0.24204814434051514,0.2843664884567261,0.04231834411621094,0.5777009129524231,0.5785390138626099,-0.0008381009101867676,0.2465083748102188,0.2465083748102188,106.55756628513336
crack0029_02.png,-1.1941388130187989,99.32930755615234,99.97279357910156,-0.6434860229492188,103.90723419189453,105.214599609375,-1.3073654174804688,0.1935470998287201,0.1902845799922943,-0.0032625198364257812,0.0,0.0,0.0,0.0,0.0,0.0,0.5859323143959045,0.5800999402999878,0.005832374095916748,0.20594516396522522,0.20594516396522522,111.67126834392548
crack0029_03.png,5.607891082763672,102.10098266601562,102.61976623535156,-0.5187835693359375,101.84547424316406,101.4937973022461,0.35167694091796875,0.34618648886680603,0.3688357174396515,0.02264922857284546,0.04516279697418213,0.14968740940093994,0.10452461242675781,0.1850782036781311,0.23470979928970337,0.049631595611572266,0.5804383158683777,0.5806112885475159,-0.0001729726791381836,0.199369877576828,0.199369877576828,104.81363666057587
crack0029_04.png,9.448465585708618,105.77227783203125,105.7235336303711,0.04874420166015625,111.76487731933594,111.27522277832031,0.489654541015625,0.17709583044052124,0.2136441022157669,0.036548271775245667,0.09210216999053955,0.24765264987945557,0.15555047988891602,0.027489006519317627,0.18751001358032227,0.16002100706100464,0.5881353616714478,0.5866858959197998,0.0014494657516479492,0.1947961002588272,0.1947961002588272,118.64757037162781
crack0029_05.png,2.6252503395080566,100.84663391113281,100.53080749511719,0.315826416015625,104.19015502929688,103.98572540283203,0.20442962646484375,0.3219670355319977,0.31307581067085266,-0.00889122486114502,0.3445356488227844,0.4174019694328308,0.07286632061004639,0.34023964405059814,0.40075618028640747,0.060516536235809326,0.5867204666137695,0.5861130356788635,0.0006074309349060059,0.21188408136367798,0.21188408136367798,105.37299072742462
crack0029_06.png,8.185623121261596,107.0774917602539,106.04407501220703,1.033416748046875,107.58343505859375,106.69269561767578,0.8907394409179688,0.22869335114955902,0.253339022397995,0.024645671248435974,0.008561432361602783,0.12248581647872925,0.11392438411712646,0.0,0.12168657779693604,0.12168657779693604,0.5911957025527954,0.5845136642456055,0.006682038307189941,0.15635430812835693,0.15635430812835693,116.48701041936874
crack0029_07.png,9.806697988510132,93.08888244628906,92.8810806274414,0.20780181884765625,109.9211196899414,109.19413757324219,0.7269821166992188,0.1676694005727768,0.2104504406452179,0.0427810400724411,0.19262933731079102,0.3344718813896179,0.1418425440788269,0.10054266452789307,0.2699729800224304,0.16943031549453735,0.5939984321594238,0.5887004733085632,0.005297958850860596,0.19056645035743713,0.19056645035743713,106.68475478887558
crack0029_08.png,2.1092501640319825,106.00450897216797,106.5829086303711,-0.578399658203125,102.3631820678711,103.26274108886719,-0.8995590209960938,0.26952558755874634,0.26709064841270447,-0.00243493914604187,0.2741026282310486,0.35218358039855957,0.07808095216751099,0.20586872100830078,0.2651525139808655,0.0592837929725647,0.5884544253349304,0.585478663444519,0.002975761890411377,0.23122218251228333,0.23122218251228333,113.80644690990448
crack0029_09.png,4.115680265426636,95.67315673828125,96.3382568359375,-0.66510009765625,105.41167449951172,105.69583892822266,-0.2841644287109375,0.20126521587371826,0.20356996357440948,0.002304747700691223,0.12212848663330078,0.23452067375183105,0.11239218711853027,0.06856685876846313,0.15793335437774658,0.08936649560928345,0.5886005163192749,0.5832410454750061,0.005359470844268799,0.17071771621704102,0.17071771621704102,107.47381448745728
crack0030_00.png,3.0376169681549072,186.183349609375,184.5977783203125,1.5855712890625,116.89151000976562,116.64435577392578,0.24715423583984375,0.1862180531024933,0.1794993132352829,-0.006718739867210388,0.23749136924743652,0.28138279914855957,0.04389142990112305,0.2473675012588501,0.2890360355377197,0.04166853427886963,0.5795232653617859,0.5761476159095764,0.0033756494522094727,0.12978169322013855,0.12978169322013855,197.8015357851982
crack0030_01.png,3.346631956100464,187.63934326171875,184.3985595703125,3.24078369140625,125.34213256835938,124.99449157714844,0.3476409912109375,0.18874256312847137,0.18744513392448425,-0.0012974292039871216,0.0,0.0,0.0,0.0,0.0,0.0,0.5886082053184509,0.5868435502052307,0.0017646551132202148,0.12323646992444992,0.12323646992444992,198.3165715932846
crack0030_02.png,1.8453870296478272,196.41098022460938,195.14511108398438,1.265869140625,131.44827270507812,129.62969970703125,1.818572998046875,0.12789109349250793,0.12566350400447845,-0.00222758948802948,0.0,0.0,0.0,0.0,0.0,0.0,0.5835601687431335,0.5828027725219727,0.0007573962211608887,0.11551937460899353,0.11551937460899353,211.5806421637535
crack0030_03.png,2.651664066314697,183.7909698486328,184.6644287109375,-0.8734588623046875,115.76005554199219,115.24908447265625,0.5109710693359375,0.20324604213237762,0.20145370066165924,-0.0017923414707183838,0.018280863761901855,0.10013186931610107,0.08185100555419922,0.18245381116867065,0.2564573287963867,0.07400351762771606,0.5798039436340332,0.5750519037246704,0.004752039909362793,0.1327868402004242,0.1327868402004242,195.33263498544693
crack0030_04.png,-0.23300909996032715,191.69268798828125,192.30555725097656,-0.6128692626953125,121.32361602783203,121.53071594238281,-0.20709991455078125,0.23697106540203094,0.24262988567352295,0.005658820271492004,0.0,0.0,0.0,0.04904437065124512,0.07796120643615723,0.02891683578491211,0.5805728435516357,0.5803229808807373,0.0002498626708984375,0.10515876114368439,0.10515876114368439,201.00377243757248
crack0030_05.png,-0.5132583141326904,196.07362365722656,196.6251678466797,-0.551544189453125,121.72921752929688,121.73881530761719,-0.0095977783203125,0.21159207820892334,0.2122877985239029,0.0006957203149795532,0.0,0.0,0.0,0.016328275203704834,0.03883707523345947,0.02250880002975464,0.583210289478302,0.5835486054420471,-0.0003383159637451172,0.12229064106941223,0.12229064106941223,206.9958152770996
crack0030_06.png,-1.7399827480316161,175.39747619628906,176.93338012695312,-1.5359039306640625,129.623291015625,130.3706817626953,-0.7473907470703125,0.16527049243450165,0.16740134358406067,0.002130851149559021,0.012615084648132324,0.003531932830810547,-0.009083151817321777,0.0,0.0,0.0,0.5949365496635437,0.5877431631088257,0.007193386554718018,0.12786975502967834,0.12786975502967834,190.04666060209274
crack0030_07.png,4.900045490264892,181.4631805419922,178.1953125,3.2678680419921875,115.03085327148438,114.62132263183594,0.4095306396484375,0.20548462867736816,0.20831146836280823,0.0028268396854400635,0.020912647247314453,0.05259096622467041,0.03167831897735596,0.23068076372146606,0.2592902183532715,0.02860945463180542,0.5828450322151184,0.5834679007530212,-0.000622868537902832,0.13400495052337646,0.13400495052337646,190.83888483047485
crack0030_08.png,2.8390949726104737,204.1824188232422,202.03053283691406,2.151885986328125,127.84962463378906,127.8055419921875,0.0440826416015625,0.1591133177280426,0.16199035942554474,0.0028770416975021362,0.26263874769210815,0.2730012536048889,0.010362505912780762,0.13763487339019775,0.15946578979492188,0.02183091640472412,0.5855324864387512,0.5849096775054932,0.0006228089332580566,0.12979012727737427,0.12979012727737427,216.98097622394562
crack0030_09.png,0.6918809413909912,179.53135681152344,178.9193878173828,0.611968994140625,115.71095275878906,115.59651184082031,0.11444091796875,0.217132106423378,0.2193811535835266,0.0022490471601486206,0.0,0.0,0.0,0.11214643716812134,0.13224422931671143,0.020097792148590088,0.5824721455574036,0.5861168503761292,-0.003644704818725586,0.14239126443862915,0.14239126443862915,189.6421199440956
crack0031_00.png,6.217511987686157,103.11251068115234,101.18877410888672,1.923736572265625,105.65061950683594,104.84878540039062,0.8018341064453125,0.23014895617961884,0.2529813051223755,0.022832348942756653,0.15098673105239868,0.20178377628326416,0.05079704523086548,0.14425873756408691,0.1990126371383667,0.054753899574279785,0.5878316164016724,0.584967315196991,0.0028643012046813965,0.2508903443813324,0.2508903443813324,111.8549696803093
crack0031_01.png,0.6349452495574951,82.05380249023438,82.05033874511719,0.0034637451171875,103.24809265136719,102.9795913696289,0.26850128173828125,0.17795208096504211,0.16901512444019318,-0.008936956524848938,0.3230522871017456,0.3551047444343567,0.032052457332611084,0.21061921119689941,0.24494868516921997,0.03432947397232056,0.582122266292572,0.5831987857818604,-0.00107651948928833,0.20922335982322693,0.20922335982322693,95.2391145825386
crack0031_02.png,3.484482765197754,101.2855224609375,99.62715911865234,1.6583633422851562,105.05165100097656,104.24236297607422,0.8092880249023438,0.21181365847587585,0.22915637493133545,0.017342716455459595,0.007905900478363037,0.009350359439849854,0.0014444589614868164,0.014694392681121826,0.020626068115234375,0.005931675434112549,0.5826413035392761,0.5812110900878906,0.001430213451385498,0.26686638593673706,0.26686638593673706,111.05317342281342
crack0031_03.png,3.2299097061157225,105.34247589111328,103.51602172851562,1.8264541625976562,104.66371154785156,104.04505157470703,0.6186599731445312,0.24065685272216797,0.2359675168991089,-0.004689335823059082,0.1139935851097107,0.14637815952301025,0.03238457441329956,0.06570279598236084,0.10324549674987793,0.03754270076751709,0.5893886685371399,0.5834947824478149,0.005893886089324951,0.2634718716144562,0.2634718716144562,113.84674453735352
crack0031_04.png,6.721839761734008,107.41670989990234,104.49327087402344,2.9234390258789062,117.48480987548828,115.35862731933594,2.1261825561523438,0.16713808476924896,0.16884106397628784,0.0017029792070388794,0.2533460259437561,0.3164833188056946,0.06313729286193848,0.10419803857803345,0.19627827405929565,0.09208023548126221,0.5932256579399109,0.586070716381073,0.007154941558837891,0.15802283585071564,0.15802283585071564,119.65573161840439
crack0031_05.png,4.2325439453125,111.38948822021484,109.4757080078125,1.9137802124023438,107.22560119628906,106.72625732421875,0.4993438720703125,0.15344639122486115,0.1713993400335312,0.017952948808670044,0.13922858238220215,0.156044602394104,0.016816020011901855,0.0655064582824707,0.09940564632415771,0.03389918804168701,0.5861399173736572,0.5858861804008484,0.0002537369728088379,0.18495340645313263,0.18495340645313263,124.67141133546829
crack0031_06.png,3.8013302803039553,113.80803680419922,111.4881591796875,2.3198776245117188,110.976318359375,109.79413604736328,1.1821823120117188,0.1759282797574997,0.1650669425725937,-0.010861337184906006,0.247683584690094,0.2920525074005127,0.0443689227104187,0.16653013229370117,0.21658337116241455,0.05005323886871338,0.5914302468299866,0.5888620018959045,0.0025682449340820312,0.1704685240983963,0.1704685240983963,126.4012913107872
crack0031_07.png,2.6360215187072753,105.05046081542969,104.62873840332031,0.421722412109375,109.0985107421875,108.53060150146484,0.5679092407226562,0.16911184787750244,0.17165502905845642,0.0025431811809539795,0.17330312728881836,0.2185218334197998,0.045218706130981445,0.08728092908859253,0.167463481426239,0.08018255233764648,0.5843790769577026,0.5850057601928711,-0.000626683235168457,0.19216370582580566,0.19216370582580566,118.0931191444397
crack0031_08.png,4.978564167022705,104.06930541992188,100.38299560546875,3.686309814453125,114.6787109375,112.10213470458984,2.5765762329101562,0.18188418447971344,0.18502436578273773,0.003140181303024292,0.23602229356765747,0.22986572980880737,-0.006156563758850098,0.17390108108520508,0.15205353498458862,-0.021847546100616455,0.5917070508003235,0.585290253162384,0.006416797637939453,0.16380174458026886,0.16380174458026886,114.98138147592545
crack0031_09.png,8.65820770263672,107.88713836669922,105.26057434082031,2.6265640258789062,107.13037109375,105.17191314697266,1.9584579467773438,0.20700803399085999,0.24163591861724854,0.03462788462638855,0.18447250127792358,0.2415059208869934,0.057033419609069824,0.1354612112045288,0.21549147367477417,0.08003026247024536,0.5891426205635071,0.5842252969741821,0.004917323589324951,0.17623062431812286,0.17623062431812286,117.71907913684845
crack0032_00.png,1.9053811073303222,102.892578125,102.43619537353516,0.45638275146484375,105.25706481933594,105.14772033691406,0.109344482421875,0.21348273754119873,0.21889996528625488,0.005417227745056152,0.27160120010375977,0.293445348739624,0.021844148635864258,0.2128874659538269,0.2409690022468567,0.028081536293029785,0.5822991132736206,0.579846203327179,0.0024529099464416504,0.16101855039596558,0.16101855039596558,113.14738702774048
crack0032_01.png,3.756317901611328,101.51871490478516,101.22084045410156,0.29787445068359375,108.41300201416016,107.02259063720703,1.390411376953125,0.2208707630634308,0.22089925408363342,2.849102020263672e-05,0.27804815769195557,0.35029059648513794,0.07224243879318237,0.13041937351226807,0.1941128373146057,0.06369346380233765,0.5848173499107361,0.5845597982406616,0.0002575516700744629,0.14929404854774475,0.14929404854774475,111.51022589206696
crack0032_02.png,0.6280096530914308,92.97252655029297,91.90387725830078,1.0686492919921875,108.07768249511719,107.29583740234375,0.7818450927734375,0.20238904654979706,0.19063204526901245,-0.011757001280784607,0.5669161081314087,0.5658209323883057,-0.0010951757431030273,0.40170997381210327,0.4049091935157776,0.0031992197036743164,0.5795155763626099,0.5737408399581909,0.005774736404418945,0.1570822298526764,0.1570822298526764,104.18090224266052
crack0032_03.png,-0.5168842315673828,105.68209075927734,105.50562286376953,0.1764678955078125,108.72392272949219,109.39212036132812,-0.6681976318359375,0.25497564673423767,0.24519434571266174,-0.009781301021575928,0.32104402780532837,0.3303700089454651,0.009325981140136719,0.21053040027618408,0.2306218147277832,0.02009141445159912,0.5842560529708862,0.5846712589263916,-0.0004152059555053711,0.19226929545402527,0.19226929545402527,114.2690464258194
crack0032_04.png,4.29717607498169,100.5331039428711,99.43470001220703,1.0984039306640625,107.17005920410156,106.80288696289062,0.3671722412109375,0.3070777356624603,0.3094802498817444,0.0024025142192840576,0.25399982929229736,0.3292178511619568,0.07521802186965942,0.14149057865142822,0.20702087879180908,0.06553030014038086,0.5749519467353821,0.5786774158477783,-0.0037254691123962402,0.20856119692325592,0.20856119692325592,104.70633447170258
crack0032_05.png,0.16043782234191895,94.48748016357422,93.520263671875,0.9672164916992188,105.88804626464844,105.39251708984375,0.4955291748046875,0.23015986382961273,0.2264307737350464,-0.003729090094566345,0.44268280267715454,0.4274883270263672,-0.015194475650787354,0.2701246738433838,0.2666904330253601,-0.0034342408180236816,0.5803691148757935,0.5828412175178528,-0.002472102642059326,0.16383399069309235,0.16383399069309235,103.73167419433594
crack0032_06.png,-0.6117978572845459,99.44405364990234,98.01753997802734,1.426513671875,102.06401824951172,101.61002349853516,0.4539947509765625,0.2604845464229584,0.24019236862659454,-0.02029217779636383,0.4255436062812805,0.4098997712135315,-0.015643835067749023,0.31773537397384644,0.3092959523200989,-0.008439421653747559,0.5815762877464294,0.580845832824707,0.0007304549217224121,0.19262754917144775,0.19262754917144775,107.58230620622635
crack0032_07.png,1.8184194564819336,101.56751251220703,100.38070678710938,1.1868057250976562,101.56177520751953,100.833740234375,0.7280349731445312,0.2772289216518402,0.2763679027557373,-0.0008610188961029053,0.2643946409225464,0.27588003873825073,0.011485397815704346,0.17202866077423096,0.187710702419281,0.01568204164505005,0.5794233083724976,0.5806766748428345,-0.001253366470336914,0.21477806568145752,0.21477806568145752,107.61910247802734
crack0032_08.png,0.45016784667968746,103.2101821899414,101.58704376220703,1.623138427734375,107.4490966796875,107.00475311279297,0.44434356689453125,0.26724743843078613,0.2498651146888733,-0.017382323741912842,0.4814964532852173,0.4778375029563904,-0.0036589503288269043,0.374267578125,0.3733460307121277,-0.0009215474128723145,0.5816993713378906,0.5770434737205505,0.004655897617340088,0.16366873681545258,0.16366873681545258,110.67468094825745
crack0032_09.png,1.3031527519226074,107.29503631591797,106.12391662597656,1.1711196899414062,103.5811767578125,103.97480773925781,-0.3936309814453125,0.2919244170188904,0.28133124113082886,-0.010593175888061523,0.3176342248916626,0.3488566279411316,0.031222403049468994,0.2567695379257202,0.26611918210983276,0.009349644184112549,0.5812533497810364,0.5840522646903992,-0.002798914909362793,0.22406518459320068,0.22406518459320068,113.1916925907135
crack0033_00.png,2.419380044937134,152.43641662597656,150.02008056640625,2.4163360595703125,107.85523986816406,107.90133666992188,-0.0460968017578125,0.21135595440864563,0.20991362631320953,-0.0014423280954360962,0.0,0.0,0.0,0.0428774356842041,0.07862597703933716,0.03574854135513306,0.5859246253967285,0.5825029015541077,0.0034217238426208496,0.09418472647666931,0.09418472647666931,162.07041603326797
crack0033_01.png,2.6949883460998536,137.91983032226562,134.74281311035156,3.1770172119140625,109.56088256835938,108.55152893066406,1.0093536376953125,0.18434208631515503,0.17214733362197876,-0.01219475269317627,0.0,0.0,0.0,0.23336613178253174,0.22690480947494507,-0.00646132230758667,0.5880661010742188,0.5858208537101746,0.0022452473640441895,0.10372082889080048,0.10372082889080048,149.52512574195862
crack0033_02.png,1.2504914283752442,163.0390167236328,161.79051208496094,1.248504638671875,108.2112045288086,107.96730041503906,0.24390411376953125,0.22596479952335358,0.22552944719791412,-0.0004353523254394531,0.0,0.0,0.0,0.12887024879455566,0.13161271810531616,0.002742469310760498,0.5802383422851562,0.5817570090293884,-0.0015186667442321777,0.08771365880966187,0.08771365880966187,172.15327793359756
crack0033_03.png,3.333105230331421,137.5124969482422,133.94789123535156,3.564605712890625,106.58551025390625,106.29847717285156,0.2870330810546875,0.22520047426223755,0.22295154631137848,-0.00224892795085907,0.0,0.0,0.0,0.18458116054534912,0.19528108835220337,0.010699927806854248,0.5807804465293884,0.5849404335021973,-0.004159986972808838,0.1110895574092865,0.1110895574092865,145.75071865320206
crack0033_04.png,4.497093343734742,127.37187957763672,123.20850372314453,4.1633758544921875,106.20447540283203,105.43644714355469,0.7680282592773438,0.2307654768228531,0.23068350553512573,-8.197128772735596e-05,0.0,0.0,0.0,0.14366888999938965,0.15101277828216553,0.007343888282775879,0.583886981010437,0.5830603837966919,0.0008265972137451172,0.10198361426591873,0.10198361426591873,134.80466055870056
crack0033_05.png,4.036257410049439,160.76121520996094,156.8533477783203,3.907867431640625,114.30229187011719,113.59449768066406,0.707794189453125,0.15247519314289093,0.151494562625885,-0.0009806305170059204,0.0,0.0,0.0,0.0,0.0,0.0,0.5824490785598755,0.5843560099601746,-0.0019069314002990723,0.08826491236686707,0.08826491236686707,173.0918481349945
crack0033_06.png,1.7097720146179198,150.431640625,148.29649353027344,2.1351470947265625,112.73326110839844,111.78384399414062,0.9494171142578125,0.1649356484413147,0.15317395329475403,-0.011761695146560669,0.0,0.0,0.0,0.16441398859024048,0.17590928077697754,0.01149529218673706,0.5861091613769531,0.582714319229126,0.0033948421478271484,0.09648236632347107,0.09648236632347107,163.6179963350296
crack0033_07.png,5.412535047531128,153.16796875,148.6807861328125,4.4871826171875,108.05621337890625,107.0390396118164,1.0171737670898438,0.17604127526283264,0.18372760713100433,0.007686331868171692,0.0,0.0,0.0,0.01764237880706787,0.03832930326461792,0.02068692445755005,0.5826489925384521,0.5850595831871033,-0.002410590648651123,0.09586767107248306,0.09586767107248306,163.76428425312042
crack0033_08.png,0.3203527450561523,149.4808807373047,149.5135955810547,-0.03271484375,110.09901428222656,110.45796966552734,-0.35895538330078125,0.18516236543655396,0.1915646493434906,0.0064022839069366455,0.0,0.0,0.0,0.05211108922958374,0.06719475984573364,0.015083670616149902,0.579546332359314,0.5799346566200256,-0.0003883242607116699,0.09181816875934601,0.09181816875934601,161.58488249778748
crack0033_09.png,0.29593634605407715,145.21551513671875,144.21881103515625,0.9967041015625,110.17560577392578,110.20753479003906,-0.03192901611328125,0.1768767386674881,0.1684170961380005,-0.00845964252948761,0.0,0.0,0.0,0.08199411630630493,0.1122332215309143,0.030239105224609375,0.582610547542572,0.5828911662101746,-0.00028061866760253906,0.10215051472187042,0.10215051472187042,157.92778396606445
crack0034_00.png,-0.0209933280944824,110.90223693847656,110.54058074951172,0.36165618896484375,104.86467742919922,104.81777954101562,0.04689788818359375,0.2798236310482025,0.2822956442832947,0.002472013235092163,0.45741939544677734,0.4401564598083496,-0.017262935638427734,0.4193440079689026,0.4107229709625244,-0.008621037006378174,0.5799769163131714,0.5776932239532471,0.0022836923599243164,0.22250333428382874,0.22250333428382874,117.13106763362885
crack0034_01.png,1.8270853996276855,96.24713134765625,96.32406616210938,-0.076934814453125,102.93993377685547,102.92080688476562,0.01912689208984375,0.2469477653503418,0.26691004633903503,0.019962280988693237,0.4924851059913635,0.500135064125061,0.00764995813369751,0.3810327649116516,0.3824688196182251,0.0014360547065734863,0.5774125456809998,0.5775778293609619,-0.0001652836799621582,0.14429888129234314,0.14429888129234314,104.57184600830078
crack0034_02.png,0.9994939327239991,99.48120880126953,98.98798370361328,0.49322509765625,101.95603942871094,101.71786499023438,0.2381744384765625,0.24660252034664154,0.2548428773880005,0.008240357041358948,0.49203455448150635,0.48106521368026733,-0.010969340801239014,0.4303576350212097,0.4322274327278137,0.001869797706604004,0.5882660746574402,0.583502471446991,0.004763603210449219,0.14727440476417542,0.14727440476417542,107.96908801794052
crack0034_03.png,0.5206562995910644,121.09661865234375,120.84173583984375,0.2548828125,119.56026458740234,119.96717071533203,-0.4069061279296875,0.2693527340888977,0.27108675241470337,0.001734018325805664,0.501059889793396,0.5041607022285461,0.0031008124351501465,0.4602663516998291,0.4647195339202881,0.004453182220458984,0.5973740816116333,0.5932295322418213,0.004144549369812012,0.23594218492507935,0.23594218492507935,128.70297646522522
crack0034_04.png,0.4329728126525879,111.9544906616211,111.20616912841797,0.748321533203125,105.37472534179688,105.22883605957031,0.1458892822265625,0.298422247171402,0.2985452115535736,0.00012296438217163086,0.5168991684913635,0.508660078048706,-0.00823909044265747,0.44830572605133057,0.4388389587402344,-0.009466767311096191,0.5826797485351562,0.5840291976928711,-0.0013494491577148438,0.18142712116241455,0.18142712116241455,117.03616297245026
crack0034_05.png,1.9614823818206788,101.37120819091797,100.68416595458984,0.687042236328125,102.305419921875,101.86197662353516,0.44344329833984375,0.2451343983411789,0.2579217553138733,0.012787356972694397,0.3789995312690735,0.38488060235977173,0.005881071090698242,0.3514758348464966,0.36209845542907715,0.010622620582580566,0.5826989412307739,0.5867281556129456,-0.004029214382171631,0.17116719484329224,0.17116719484329224,109.788749396801
crack0034_06.png,2.4094754219055177,100.61277770996094,99.84671020507812,0.7660675048828125,104.68011474609375,103.64474487304688,1.035369873046875,0.26758873462677,0.27476006746292114,0.007171332836151123,0.46281003952026367,0.47516578435897827,0.0123557448387146,0.3775760531425476,0.39306432008743286,0.015488266944885254,0.5868319869041443,0.5827988982200623,0.004033088684082031,0.16501128673553467,0.16501128673553467,107.6476993560791
crack0034_07.png,0.626641845703125,107.5235824584961,107.04727935791016,0.4763031005859375,106.74154663085938,106.17095947265625,0.570587158203125,0.3111197352409363,0.3140607476234436,0.0029410123825073242,0.4646570682525635,0.4562317132949829,-0.008425354957580566,0.4178065061569214,0.4155769348144531,-0.0022295713424682617,0.5843983292579651,0.5838024020195007,0.0005959272384643555,0.2507583498954773,0.2507583498954773,111.99417996406555
crack0034_08.png,2.0564221382141112,105.0404281616211,104.4734878540039,0.5669403076171875,103.6128921508789,103.1640396118164,0.4488525390625,0.2845056653022766,0.2989141345024109,0.014408469200134277,0.5357831716537476,0.5380461812019348,0.002263009548187256,0.47243285179138184,0.47637253999710083,0.003939688205718994,0.5867204666137695,0.5850518941879272,0.0016685724258422852,0.23043422400951385,0.23043422400951385,111.15543675422668
crack0034_09.png,2.3311039924621584,103.28678131103516,102.3505630493164,0.93621826171875,105.11421203613281,103.71066284179688,1.4035491943359375,0.3174994885921478,0.3323611617088318,0.01486167311668396,0.491718590259552,0.4836008548736572,-0.008117735385894775,0.42427676916122437,0.4263569712638855,0.002080202102661133,0.5835639834403992,0.5843329429626465,-0.0007689595222473145,0.24353060126304626,0.24353060126304626,107.14202058315277
crack0035_00.png,1.368594264984131,110.4504623413086,109.57930755615234,0.87115478515625,106.33146667480469,105.43838500976562,0.8930816650390625,0.3098280429840088,0.30483290553092957,-0.004995137453079224,0.5375757813453674,0.552466869354248,0.014891088008880615,0.36748188734054565,0.38420069217681885,0.016718804836273193,0.5840983986854553,0.5854940414428711,-0.0013956427574157715,0.16254298388957977,0.16254298388957977,115.14467227458954
crack0035_01.png,0.8320602416992188,117.92639923095703,117.52781677246094,0.39858245849609375,108.88345336914062,108.35517883300781,0.5282745361328125,0.3397483229637146,0.34263068437576294,0.00288236141204834,0.5197813510894775,0.5189518332481384,-0.0008295178413391113,0.42319345474243164,0.42123913764953613,-0.001954317092895508,0.5812726020812988,0.5806536078453064,0.0006189942359924316,0.23117069900035858,0.23117069900035858,120.59311270713806
crack0035_02.png,2.520008850097656,103.68016052246094,101.70398712158203,1.9761734008789062,105.8822021484375,105.32179260253906,0.5604095458984375,0.3185039162635803,0.31931447982788086,0.0008105635643005371,0.5100951194763184,0.5109332799911499,0.000838160514831543,0.42256200313568115,0.4363408088684082,0.01377880573272705,0.5831257104873657,0.577593207359314,0.005532503128051758,0.21095967292785645,0.21095967292785645,106.9068672657013
crack0035_03.png,0.3095754623413086,119.22467041015625,118.4989013671875,0.72576904296875,105.9417724609375,105.63818359375,0.3035888671875,0.4279864430427551,0.42040178179740906,-0.007584661245346069,0.604058027267456,0.6013845205307007,-0.002673506736755371,0.4701855182647705,0.4625638723373413,-0.007621645927429199,0.5814993977546692,0.5770972967147827,0.004402101039886475,0.15865503251552582,0.15865503251552582,116.8976548910141
crack0035_04.png,3.7365885734558106,114.59893035888672,113.56918334960938,1.0297470092773438,108.06346130371094,107.10186767578125,0.9615936279296875,0.32437482476234436,0.35263001918792725,0.028255194425582886,0.5557447671890259,0.5599538087844849,0.004209041595458984,0.42938536405563354,0.45905762910842896,0.02967226505279541,0.5845674872398376,0.5872318148612976,-0.002664327621459961,0.2175413817167282,0.2175413817167282,118.11083996295929
crack0035_05.png,-0.7014241218566895,109.13703918457031,109.13713073730469,-9.1552734375e-05,103.37127685546875,103.56651306152344,-0.1952362060546875,0.39848601818084717,0.39428868889808655,-0.00419732928276062,0.550396203994751,0.5432829856872559,-0.007113218307495117,0.4607545733451843,0.45788633823394775,-0.0028682351112365723,0.5789888501167297,0.5790619254112244,-7.30752944946289e-05,0.23273316025733948,0.23273316025733948,108.64224064350128
crack0035_06.png,-0.5518163681030274,99.98795318603516,99.88993072509766,0.0980224609375,104.71861267089844,104.68025207519531,0.038360595703125,0.33024829626083374,0.3205234408378601,-0.009724855422973633,0.5146146416664124,0.51499342918396,0.0003787875175476074,0.470201313495636,0.4685453176498413,-0.0016559958457946777,0.5828719735145569,0.5804306268692017,0.0024413466453552246,0.2784891426563263,0.2784891426563263,104.02241444587708
crack0035_07.png,-0.2502448081970215,106.1891860961914,105.61139678955078,0.577789306640625,101.41790771484375,102.220947265625,-0.80303955078125,0.3715597987174988,0.36247435212135315,-0.00908544659614563,0.5851136445999146,0.5882880687713623,0.003174424171447754,0.40476512908935547,0.4167529344558716,0.011987805366516113,0.578585147857666,0.5762591361999512,0.0023260116577148438,0.1590650975704193,0.1590650975704193,107.29523622989655
crack0035_08.png,-1.477277946472168,105.97398376464844,106.01039123535156,-0.036407470703125,102.00328063964844,101.86248779296875,0.1407928466796875,0.4460694491863251,0.430507093667984,-0.015562355518341064,0.552520751953125,0.5460119843482971,-0.006508767604827881,0.475610613822937,0.4624660611152649,-0.01314455270767212,0.5790773034095764,0.5788735151290894,0.00020378828048706055,0.20254111289978027,0.20254111289978027,103.32485401630402
crack0035_09.png,0.6811007499694824,99.97987365722656,99.74281311035156,0.237060546875,103.12605285644531,102.034423828125,1.0916290283203125,0.4630190432071686,0.46352100372314453,0.0005019605159759521,0.5509589314460754,0.5488978624343872,-0.0020610690116882324,0.4877411723136902,0.48437613248825073,-0.003365039825439453,0.5831372737884521,0.5818954110145569,0.0012418627738952637,0.210706889629364,0.210706889629364,95.40569174289703
crack0036_00.png,2.328111934661865,106.49394989013672,104.92278289794922,1.5711669921875,106.34208679199219,106.95511627197266,-0.6130294799804688,0.3114813268184662,0.32420507073402405,0.012723743915557861,0.21019798517227173,0.2044064998626709,-0.00579148530960083,0.34276342391967773,0.33673274517059326,-0.006030678749084473,0.586243748664856,0.580845832824707,0.005397915840148926,0.118601493537426,0.118601493537426,110.46923673152924
crack0036_01.png,2.2187857627868652,106.99748992919922,105.41670227050781,1.5807876586914062,106.88909149169922,106.59032440185547,0.29876708984375,0.28871750831604004,0.2970113158226013,0.00829380750656128,0.10732179880142212,0.09870606660842896,-0.008615732192993164,0.27630025148391724,0.26903581619262695,-0.007264435291290283,0.5850250124931335,0.580034613609314,0.00499039888381958,0.09613677859306335,0.09613677859306335,112.28504610061646
crack0036_02.png,4.949349212646484,109.95759582519531,107.33776092529297,2.6198348999023438,103.62809753417969,103.09534454345703,0.5327529907226562,0.2947102189064026,0.32104620337486267,0.026335984468460083,0.0,0.0,0.0,0.22592437267303467,0.23350894451141357,0.007584571838378906,0.5789157748222351,0.5786774158477783,0.0002383589744567871,0.10459883511066437,0.10459883511066437,114.12169623374939
crack0036_03.png,1.5346329689025877,96.43744659423828,94.57880401611328,1.858642578125,104.53282165527344,103.89665222167969,0.63616943359375,0.28155285120010376,0.2817309498786926,0.0001780986785888672,0.34576553106307983,0.32981324195861816,-0.01595228910446167,0.44768190383911133,0.44156402349472046,-0.006117880344390869,0.5788812041282654,0.5777470469474792,0.0011341571807861328,0.13393425941467285,0.13393425941467285,101.77020239830017
crack0036_04.png,1.092685031890869,105.10111999511719,103.45610046386719,1.64501953125,104.15971374511719,104.00289916992188,0.1568145751953125,0.27587494254112244,0.2973920404911041,0.02151709794998169,0.2612467408180237,0.201401948928833,-0.059844791889190674,0.3640400171279907,0.36284661293029785,-0.001193404197692871,0.5793617963790894,0.5779277086257935,0.0014340877532958984,0.11920495331287384,0.11920495331287384,110.90058553218842
crack0036_05.png,-0.9850980281829833,113.89772033691406,112.93141174316406,0.96630859375,105.67481231689453,105.4069595336914,0.267852783203125,0.19346611201763153,0.18471527099609375,-0.00875084102153778,0.23456066846847534,0.1995183229446411,-0.03504234552383423,0.34303587675094604,0.3426981568336487,-0.0003377199172973633,0.5833948254585266,0.5823144912719727,0.001080334186553955,0.10994775593280792,0.10994775593280792,125.6674427986145
crack0036_06.png,0.518780517578125,121.56816101074219,121.43724060058594,0.13092041015625,110.16120910644531,110.39204406738281,-0.2308349609375,0.28218215703964233,0.2787342965602875,-0.0034478604793548584,0.31846535205841064,0.3345900774002075,0.016124725341796875,0.36404353380203247,0.3836537003517151,0.019610166549682617,0.5925682187080383,0.5897923707962036,0.002775847911834717,0.1479015052318573,0.1479015052318573,128.48137176036835
crack0036_07.png,1.1843845367431642,133.0579071044922,131.17544555664062,1.8824615478515625,104.51409912109375,104.07826232910156,0.4358367919921875,0.31060656905174255,0.3052355945110321,-0.005370974540710449,0.3664187788963318,0.35209017992019653,-0.014328598976135254,0.4050648808479309,0.39753735065460205,-0.007527530193328857,0.5934986472129822,0.5902383923530579,0.0032602548599243164,0.11669644713401794,0.11669644713401794,137.54248654842377
crack0036_08.png,2.8381272315979005,108.5871810913086,106.43475341796875,2.1524276733398438,102.767578125,102.21247863769531,0.5550994873046875,0.2849145829677582,0.2944468855857849,0.009532302618026733,0.4001542329788208,0.38756000995635986,-0.012594223022460938,0.42939233779907227,0.42463183403015137,-0.0047605037689208984,0.5833218097686768,0.5782006978988647,0.005121111869812012,0.1513681560754776,0.1513681560754776,113.74896466732025
crack0036_09.png,2.029836130142212,102.7144775390625,101.64884185791016,1.0656356811523438,103.43440246582031,102.90403747558594,0.530364990234375,0.2414829581975937,0.2658790946006775,0.0243961364030838,0.38805264234542847,0.3556203842163086,-0.03243225812911987,0.4267032742500305,0.42921334505081177,0.00251007080078125,0.583502471446991,0.5810611248016357,0.0024413466453552246,0.12368201464414597,0.12368201464414597,111.03278106451035
crack0037_00.png,1.1371070861816406,113.3780288696289,111.34795379638672,2.0300750732421875,105.93838500976562,106.0409164428711,-0.10253143310546875,0.23293595016002655,0.18661539256572723,-0.046320557594299316,0.09288948774337769,0.15700757503509521,0.06411808729171753,0.18157720565795898,0.2054119110107422,0.023834705352783203,0.5879200100898743,0.5806958675384521,0.007224142551422119,0.10527747869491577,0.10527747869491577,124.68286818265915
crack0037_01.png,-0.25236334800720206,124.97383880615234,125.08293914794922,-0.109100341796875,109.85505676269531,110.68217468261719,-0.827117919921875,0.2451867014169693,0.23739278316497803,-0.007793918251991272,0.29889166355133057,0.31227558851242065,0.013383924961090088,0.31328892707824707,0.31354641914367676,0.0002574920654296875,0.5898423790931702,0.5829488635063171,0.006893515586853027,0.14155736565589905,0.14155736565589905,134.3785171508789
crack0037_02.png,2.907546138763428,105.75882720947266,105.47981262207031,0.27901458740234375,99.74165344238281,100.41748046875,-0.6758270263671875,0.19776101410388947,0.20579175651073456,0.008030742406845093,0.0,0.0581478476524353,0.0581478476524353,0.23589062690734863,0.27166831493377686,0.03577768802642822,0.5799500346183777,0.5816878080368042,-0.0017377734184265137,0.1294323354959488,0.1294323354959488,117.02117139101028
crack0037_03.png,2.801454544067383,114.11367797851562,112.41667938232422,1.6969985961914062,104.90670013427734,104.31538391113281,0.5913162231445312,0.24945425987243652,0.23779404163360596,-0.011660218238830566,0.10763269662857056,0.15248990058898926,0.0448572039604187,0.25101590156555176,0.27608853578567505,0.02507263422012329,0.5831372737884521,0.5829758048057556,0.0001614689826965332,0.16702967882156372,0.16702967882156372,122.32302713394165
crack0037_04.png,4.87779130935669,111.65188598632812,109.17272186279297,2.4791641235351562,103.48493194580078,104.04380798339844,-0.5588760375976562,0.21375861763954163,0.22593644261360168,0.012177824974060059,0.06774759292602539,0.1115492582321167,0.04380166530609131,0.28988564014434814,0.31846529245376587,0.028579652309417725,0.5763475298881531,0.5789504051208496,-0.002602875232696533,0.1507730484008789,0.1507730484008789,120.74480307102203
crack0037_05.png,0.4289513587951661,116.66205596923828,115.57588195800781,1.0861740112304688,109.2688217163086,109.19746398925781,0.07135772705078125,0.2114683836698532,0.20062796771526337,-0.010840415954589844,0.0,0.0,0.0,0.18648666143417358,0.20326560735702515,0.016778945922851562,0.5927181839942932,0.5881814956665039,0.004536688327789307,0.1220109611749649,0.1220109611749649,127.79001826047897
crack0037_06.png,2.399345636367798,101.34136199951172,100.57589721679688,0.7654647827148438,104.64361572265625,105.84822082519531,-1.2046051025390625,0.18369777500629425,0.19380402565002441,0.010106250643730164,0.14490342140197754,0.17882579565048218,0.03392237424850464,0.18970787525177002,0.21694225072860718,0.027234375476837158,0.5790234804153442,0.5802652835845947,-0.0012418031692504883,0.12146870791912079,0.12146870791912079,113.14737445116043
crack0037_07.png,2.6980472564697267,115.17012786865234,112.6921157836914,2.4780120849609375,101.07049560546875,101.44549560546875,-0.375,0.2164371758699417,0.2222183793783188,0.005781203508377075,0.3298974633216858,0.3246946930885315,-0.005202770233154297,0.30764520168304443,0.3135279417037964,0.005882740020751953,0.5803460478782654,0.5774548053741455,0.002891242504119873,0.14769555628299713,0.14769555628299713,124.15873318910599
crack0037_08.png,10.497571802139282,133.078857421875,127.55133819580078,5.527519226074219,99.75725555419922,99.80121612548828,-0.0439605712890625,0.18110276758670807,0.1849571168422699,0.0038543492555618286,0.18955093622207642,0.3088899254798889,0.1193389892578125,0.2377278208732605,0.283750057220459,0.046022236347198486,0.5756555199623108,0.5780122876167297,-0.0023567676544189453,0.11620599031448364,0.11620599031448364,142.5694232583046
crack0037_09.png,1.825751829147339,120.82726287841797,119.83815002441406,0.9891128540039062,103.56729125976562,104.2511215209961,-0.6838302612304688,0.2043483406305313,0.19778522849082947,-0.006563112139701843,0.18360459804534912,0.22177845239639282,0.0381738543510437,0.32903367280960083,0.32763350009918213,-0.0014001727104187012,0.5878316164016724,0.5851249694824219,0.0027066469192504883,0.11482194066047668,0.11482194066047668,131.97885739803314
crack0038_00.png,6.200941562652588,119.69178009033203,120.8511962890625,-1.1594161987304688,107.31610107421875,107.44324493408203,-0.12714385986328125,0.3785707354545593,0.4698595404624939,0.09128880500793457,0.0,0.0,0.0,0.10954415798187256,0.05044698715209961,-0.05909717082977295,0.5833102464675903,0.5806074738502502,0.002702772617340088,0.10755221545696259,0.10755221545696259,120.88965392112732
crack0038_01.png,-3.7683531761169435,113.45337677001953,114.661865234375,-1.2084884643554688,103.68025970458984,103.98056030273438,-0.30030059814453125,0.34295013546943665,0.312495619058609,-0.030454516410827637,0.0,0.0,0.0,0.15905797481536865,0.1692022681236267,0.010144293308258057,0.5773048996925354,0.5773894786834717,-8.45789909362793e-05,0.11243848502635956,0.11243848502635956,118.40346300601959
crack0038_02.png,-1.6324389457702637,117.76744079589844,119.41265106201172,-1.6452102661132812,106.16546630859375,105.77021789550781,0.3952484130859375,0.4604140520095825,0.4581149220466614,-0.0022991299629211426,0.0,0.0,0.0,0.10087317228317261,0.14085614681243896,0.03998297452926636,0.5810496211051941,0.5800845623016357,0.0009650588035583496,0.13948309421539307,0.13948309421539307,114.34513545036316
crack0038_03.png,-3.662232780456543,120.92996215820312,121.59251403808594,-0.6625518798828125,108.91172790527344,108.40065002441406,0.511077880859375,0.27664613723754883,0.23519721627235413,-0.0414489209651947,0.0,0.0,0.0,0.2574930787086487,0.2648389935493469,0.007345914840698242,0.5857862234115601,0.5829911828041077,0.0027950406074523926,0.1170341819524765,0.1170341819524765,130.5808540582657
crack0038_04.png,-0.251066780090332,111.84233093261719,111.58439636230469,0.2579345703125,107.80303955078125,107.90785217285156,-0.1048126220703125,0.44138723611831665,0.4358505606651306,-0.005536675453186035,0.0,0.0,0.0,0.09495329856872559,0.08543306589126587,-0.009520232677459717,0.5816532373428345,0.5822567939758301,-0.0006035566329956055,0.11476988345384598,0.11476988345384598,108.8526017665863
crack0038_05.png,2.275199794769287,107.03314971923828,106.38748168945312,0.6456680297851562,105.0789566040039,105.1440200805664,-0.0650634765625,0.3480282723903656,0.3679710924625397,0.019942820072174072,0.0,0.0,0.0,0.10100609064102173,0.11515218019485474,0.014146089553833008,0.5831603407859802,0.5816570520401001,0.001503288745880127,0.11717191338539124,0.11717191338539124,109.15503299236298
crack0038_06.png,0.2031194686889648,118.39265441894531,117.11609649658203,1.2765579223632812,113.64720153808594,112.47112274169922,1.1760787963867188,0.3992292881011963,0.3816802501678467,-0.01754903793334961,0.0,0.0,0.0,0.0,0.0,0.0,0.5813609957695007,0.5848596692085266,-0.003498673439025879,0.11296015977859497,0.11296015977859497,118.24794721603394
crack0038_07.png,-1.5087509155273438,115.18240356445312,116.1507568359375,-0.968353271484375,109.31090545654297,110.36692810058594,-1.0560226440429688,0.4278618395328522,0.42716553807258606,-0.0006963014602661133,0.0,0.0,0.0,0.07219117879867554,0.06874525547027588,-0.003445923328399658,0.5830718874931335,0.5846289992332458,-0.0015571117401123047,0.11079336702823639,0.11079336702823639,113.42180788516998
crack0038_08.png,-3.078859043121338,118.6241683959961,120.1252670288086,-1.5010986328125,109.56866455078125,110.14625549316406,-0.5775909423828125,0.5157649517059326,0.4992288649082184,-0.016536086797714233,0.0,0.0,0.0,0.13382995128631592,0.16608011722564697,0.032250165939331055,0.5850365161895752,0.5856324434280396,-0.0005959272384643555,0.11951066553592682,0.11951066553592682,112.84628355503082
crack0038_09.png,-7.245510101318359,119.23367309570312,121.30341339111328,-2.0697402954101562,107.35728454589844,107.6585693359375,-0.3012847900390625,0.41885560750961304,0.35615894198417664,-0.0626966655254364,0.0,0.0,0.0,0.12371444702148438,0.12902653217315674,0.005312085151672363,0.5838677287101746,0.5848557949066162,-0.0009880661964416504,0.11498669534921646,0.11498669534921646,122.29323852062225
crack0039_00.png,1.3823688983917237,120.91645050048828,119.45335388183594,1.4630966186523438,106.71134948730469,106.14141082763672,0.5699386596679688,0.18664951622486115,0.17459207773208618,-0.012057438492774963,0.2909126281738281,0.30897849798202515,0.01806586980819702,0.3432167172431946,0.34664446115493774,0.003427743911743164,0.5844482779502869,0.5861168503761292,-0.0016685724258422852,0.13280394673347473,0.13280394673347473,133.1540515422821
crack0039_01.png,-1.540814256668091,111.02781677246094,110.89959716796875,0.1282196044921875,101.58179473876953,101.54073333740234,0.0410614013671875,0.2147507518529892,0.18873023986816406,-0.026020511984825134,0.3901108503341675,0.39497894048690796,0.0048680901527404785,0.4107992649078369,0.42256391048431396,0.01176464557647705,0.5816070437431335,0.5765705704689026,0.005036473274230957,0.13863733410835266,0.13863733410835266,122.90417432785034
crack0039_02.png,-3.8069087505340575,105.09654235839844,104.96641540527344,0.130126953125,102.0892333984375,102.13067626953125,-0.04144287109375,0.24009738862514496,0.20066678524017334,-0.03943060338497162,0.3185129165649414,0.3035302758216858,-0.014982640743255615,0.4131917953491211,0.41174226999282837,-0.0014495253562927246,0.5779815316200256,0.5821491479873657,-0.004167616367340088,0.12235701829195023,0.12235701829195023,116.27743768692017
crack0039_03.png,-1.0749645709991453,136.70440673828125,136.594482421875,0.10992431640625,110.9862060546875,110.07002258300781,0.9161834716796875,0.15424683690071106,0.12314264476299286,-0.0311041921377182,0.23486864566802979,0.25753939151763916,0.022670745849609375,0.2941642999649048,0.3113026022911072,0.017138302326202393,0.5780776739120483,0.5773240923881531,0.0007535815238952637,0.10853826999664307,0.10853826999664307,152.3839928507805
crack0039_04.png,-5.253120565414429,123.21543884277344,123.97021484375,-0.7547760009765625,108.0484390258789,109.12576293945312,-1.0773239135742188,0.16128501296043396,0.1408618837594986,-0.020423129200935364,0.21364015340805054,0.14709943532943726,-0.06654071807861328,0.28890126943588257,0.22608065605163574,-0.06282061338424683,0.5821645259857178,0.5764629244804382,0.005701601505279541,0.1161927729845047,0.1161927729845047,138.4276948571205
crack0039_05.png,2.833403730392456,120.7163314819336,121.37251281738281,-0.6561813354492188,108.07470703125,106.35960388183594,1.7151031494140625,0.20522964000701904,0.22662825882434845,0.021398618817329407,0.20419400930404663,0.23184674978256226,0.027652740478515625,0.27333515882492065,0.29682254791259766,0.023487389087677002,0.5825182795524597,0.5828796625137329,-0.00036138296127319336,0.11277500540018082,0.11277500540018082,132.04583024978638
crack0039_06.png,0.635952639579773,132.08795166015625,131.94137573242188,0.146575927734375,104.80601501464844,104.8495101928711,-0.04349517822265625,0.09468700736761093,0.10345439612865448,0.008767388761043549,0.23920857906341553,0.22864538431167603,-0.010563194751739502,0.345190167427063,0.3337652087211609,-0.0114249587059021,0.5783621668815613,0.5726643800735474,0.005697786808013916,0.10320296883583069,0.10320296883583069,149.46792992949486
crack0039_07.png,-1.6969464063644408,133.19178771972656,134.3737335205078,-1.18194580078125,107.51152038574219,108.81784057617188,-1.3063201904296875,0.09047301113605499,0.0894525870680809,-0.0010204240679740906,0.2652420997619629,0.26134270429611206,-0.00389939546585083,0.2664998769760132,0.22498804330825806,-0.04151183366775513,0.5818685293197632,0.5757400989532471,0.006128430366516113,0.09413475543260574,0.09413475543260574,151.69034656882286
crack0039_08.png,2.286091375350952,128.45907592773438,128.63348388671875,-0.174407958984375,110.23213195800781,108.13577270507812,2.0963592529296875,0.1929265856742859,0.1982635110616684,0.005336925387382507,0.15845894813537598,0.18897604942321777,0.030517101287841797,0.3083583116531372,0.34610623121261597,0.03774791955947876,0.5901691913604736,0.5908112525939941,-0.0006420612335205078,0.12097904086112976,0.12097904086112976,140.60313487052917
crack0039_09.png,1.6890244960784913,120.93225860595703,120.06915283203125,0.8631057739257812,114.51201629638672,113.95973205566406,0.5522842407226562,0.16698060929775238,0.17258131504058838,0.0056007057428359985,0.33738112449645996,0.34163546562194824,0.004254341125488281,0.3798035979270935,0.3782634735107422,-0.0015401244163513184,0.5778623819351196,0.5781930088996887,-0.0003306269645690918,0.11194059997797012,0.11194059997797012,133.60958951711655
crack0040_00.png,3.4142088890075684,98.89983367919922,94.98241424560547,3.91741943359375,114.46273040771484,114.12921142578125,0.33351898193359375,0.2754445970058441,0.26730039715766907,-0.008144199848175049,0.0,0.0,0.0,0.0,0.0,0.0,0.577773928642273,0.5774009823799133,0.00037294626235961914,0.12604273855686188,0.12604273855686188,104.01405727863312
crack0040_01.png,1.7854151725769043,128.55543518066406,126.8395004272461,1.7159347534179688,112.67046356201172,111.95642852783203,0.7140350341796875,0.2343611866235733,0.2317075878381729,-0.0026535987854003906,0.0,0.0,0.0,0.13199633359909058,0.13132208585739136,-0.0006742477416992188,0.5769050121307373,0.57700115442276,-9.614229202270508e-05,0.11820685118436813,0.11820685118436813,136.8750587105751
crack0040_02.png,-3.3358805656433104,121.01411437988281,120.59410858154297,0.42000579833984375,115.2865219116211,112.41950225830078,2.8670196533203125,0.3289163112640381,0.27084678411483765,-0.05806952714920044,0.0,0.0,0.0,0.0,0.0,0.0,0.5776893496513367,0.5841176509857178,-0.0064283013343811035,0.11923162639141083,0.11923162639141083,127.91801047325134
crack0040_03.png,0.681765842437744,116.58369445800781,114.07329559326172,2.5103988647460938,114.0331802368164,114.49705505371094,-0.46387481689453125,0.2910633087158203,0.2717973589897156,-0.019265949726104736,0.0,0.0,0.0,0.0,0.0,0.0,0.5798000693321228,0.5823452472686768,-0.002545177936553955,0.10536836832761765,0.10536836832761765,122.3144633769989
crack0040_04.png,8.21126070022583,111.95352935791016,104.17684173583984,7.7766876220703125,116.77963256835938,113.51236724853516,3.2672653198242188,0.2665608525276184,0.2552645206451416,-0.011296331882476807,0.0,0.0,0.0,0.007748544216156006,0.0,-0.007748544216156006,0.577985405921936,0.5772010684013367,0.0007843375205993652,0.12367172539234161,0.12367172539234161,115.86873054504395
crack0040_05.png,2.422720718383789,110.96275329589844,108.2446517944336,2.7181015014648438,115.94636535644531,115.59507751464844,0.351287841796875,0.3043421804904938,0.29841291904449463,-0.0059292614459991455,0.0,0.0,0.0,0.07179832458496094,0.08205622434616089,0.010257899761199951,0.5807727575302124,0.5798116326332092,0.0009611248970031738,0.11376836895942688,0.11376836895942688,114.92983770370483
crack0040_06.png,0.06440286636352544,97.98175048828125,97.18208312988281,0.7996673583984375,112.55227661132812,111.26806640625,1.284210205078125,0.3389498293399811,0.3224402368068695,-0.016509592533111572,0.0,0.0,0.0,0.2098139524459839,0.19643950462341309,-0.0133744478225708,0.5891810655593872,0.5873855948448181,0.0017954707145690918,0.11402051895856857,0.11402051895856857,101.80274522304535
crack0040_07.png,4.267771816253662,106.88948059082031,104.68952178955078,2.1999588012695312,113.53892517089844,113.1974105834961,0.34151458740234375,0.2825518548488617,0.30758005380630493,0.025028198957443237,0.0,0.0,0.0,0.024996519088745117,0.018831312656402588,-0.006165206432342529,0.5823606252670288,0.5841368436813354,-0.0017762184143066406,0.1198132261633873,0.1198132261633873,112.20186364650726
crack0040_08.png,1.5714773178100585,121.41863250732422,119.91781616210938,1.5008163452148438,107.11396789550781,106.25003814697266,0.8639297485351562,0.34091082215309143,0.3369457721710205,-0.003965049982070923,0.0,0.0,0.0,0.11041593551635742,0.08030498027801514,-0.030110955238342285,0.5803921818733215,0.5793348550796509,0.0010573267936706543,0.10471250116825104,0.10471250116825104,123.66716527938843
crack0040_09.png,4.407263374328613,122.00865173339844,114.24543762207031,7.763214111328125,114.9604721069336,113.84136962890625,1.1191024780273438,0.2884485125541687,0.23986169695854187,-0.04858681559562683,0.0,0.0,0.0,0.1359664797782898,0.06060779094696045,-0.07535868883132935,0.58053058385849,0.5784467458724976,0.0020838379859924316,0.12727394700050354,0.12727394700050354,126.95656621456146
crack0041_00.png,-1.4446482181549074,121.28794860839844,123.04266357421875,-1.7547149658203125,105.10897827148438,105.10162353515625,0.007354736328125,0.16347503662109375,0.1600162833929062,-0.003458753228187561,0.3303123116493225,0.34358149766921997,0.013269186019897461,0.3059956431388855,0.32204949855804443,0.016053855419158936,0.5817839503288269,0.5804575085639954,0.001326441764831543,0.16117748618125916,0.16117748618125916,135.8356871008873
crack0041_01.png,-0.39596781730651864,120.19023895263672,121.19747161865234,-1.007232666015625,112.34090423583984,113.28788757324219,-0.9469833374023438,0.20684346556663513,0.21035577356815338,0.0035123080015182495,0.3916561007499695,0.4094175100326538,0.017761409282684326,0.3510357141494751,0.36057865619659424,0.00954294204711914,0.5866166949272156,0.5866512656211853,-3.457069396972656e-05,0.18158859014511108,0.18158859014511108,131.74929797649384
crack0041_02.png,-0.29006543159484854,119.97209930419922,121.0724105834961,-1.100311279296875,107.24480438232422,107.38359832763672,-0.1387939453125,0.19598639011383057,0.19849754869937897,0.002511158585548401,0.3220127820968628,0.33485907316207886,0.012846291065216064,0.4135041832923889,0.4137563109397888,0.00025212764739990234,0.5830296277999878,0.579254150390625,0.003775477409362793,0.1570153832435608,0.1570153832435608,132.08425664901733
crack0041_03.png,1.0165299415588378,123.75861358642578,122.9762191772461,0.7823944091796875,107.65018463134766,106.92861938476562,0.7215652465820312,0.2181670218706131,0.2161315232515335,-0.00203549861907959,0.413918137550354,0.41407400369644165,0.00015586614608764648,0.3597351312637329,0.36457008123397827,0.004834949970245361,0.5814993977546692,0.5789465308189392,0.0025528669357299805,0.17578567564487457,0.17578567564487457,133.6595008969307
crack0041_04.png,1.6641350746154786,124.34968566894531,124.97720336914062,-0.6275177001953125,110.79674530029297,111.00519561767578,-0.2084503173828125,0.1640593558549881,0.18272171914577484,0.018662363290786743,0.3182547688484192,0.33861422538757324,0.020359456539154053,0.38908833265304565,0.3841703534126282,-0.0049179792404174805,0.5748212337493896,0.5731295943260193,0.0016916394233703613,0.149347186088562,0.149347186088562,137.81273251771927
crack0041_05.png,2.161183214187622,122.06110382080078,120.17222595214844,1.8888778686523438,112.54850006103516,111.81292724609375,0.7355728149414062,0.17153634130954742,0.16811931133270264,-0.0034170299768447876,0.3521578311920166,0.3620731830596924,0.009915351867675781,0.38031095266342163,0.3752620220184326,-0.005048930644989014,0.5802998542785645,0.5839292407035828,-0.0036293864250183105,0.1580473929643631,0.1580473929643631,134.38667583465576
crack0041_06.png,-2.215991401672363,120.21236419677734,121.73346710205078,-1.5211029052734375,109.341796875,109.61006164550781,-0.2682647705078125,0.17997173964977264,0.17454729974269867,-0.005424439907073975,0.3226292133331299,0.31873083114624023,-0.0038983821868896484,0.3141170144081116,0.30596399307250977,-0.008153021335601807,0.5817378163337708,0.5816801190376282,5.7697296142578125e-05,0.13707032799720764,0.13707032799720764,133.76959031820297
crack0041_07.png,0.48749375343322754,112.26752471923828,111.90535736083984,0.3621673583984375,107.44590759277344,106.90849304199219,0.53741455078125,0.24989371001720428,0.23466596007347107,-0.015227749943733215,0.3596394658088684,0.38567405939102173,0.02603459358215332,0.35111290216445923,0.3544885516166687,0.0033756494522094727,0.5812418460845947,0.5790619254112244,0.0021799206733703613,0.1931370198726654,0.1931370198726654,121.25615727901459
crack0041_08.png,-0.9049788475036622,111.5589599609375,111.1393051147461,0.41965484619140625,103.7376708984375,103.28401184082031,0.4536590576171875,0.22929050028324127,0.21065522730350494,-0.018635272979736328,0.4431324601173401,0.4373488426208496,-0.0057836174964904785,0.4099137783050537,0.3972123861312866,-0.01270139217376709,0.577616274356842,0.5722145438194275,0.005401730537414551,0.20102760195732117,0.20102760195732117,121.81446987390518
crack0041_09.png,0.5814295768737793,121.82778930664062,122.61859893798828,-0.7908096313476562,106.26419830322266,106.21534729003906,0.04885101318359375,0.17953723669052124,0.1842067837715149,0.004669547080993652,0.428306519985199,0.4504357576370239,0.02212923765182495,0.40451037883758545,0.4193647503852844,0.014854371547698975,0.5855671167373657,0.583217978477478,0.0023491382598876953,0.1569211184978485,0.1569211184978485,134.8736445903778
crack0042_00.png,0.39798431396484374,107.2530746459961,107.19352722167969,0.05954742431640625,112.61274719238281,113.2723159790039,-0.6595687866210938,0.3305231034755707,0.3388414680957794,0.00831836462020874,0.0,0.0,0.0,0.29215943813323975,0.28532153367996216,-0.006837904453277588,0.5806074738502502,0.5821875929832458,-0.0015801191329956055,0.12427066266536713,0.12427066266536713,110.67941844463348
crack0042_01.png,-2.724476146697998,119.01004791259766,119.88373565673828,-0.873687744140625,109.59381103515625,109.52086639404297,0.07294464111328125,0.3838609755039215,0.35954439640045166,-0.02431657910346985,0.0,0.0,0.0,0.29315751791000366,0.27699047327041626,-0.016167044639587402,0.5846366882324219,0.5830026865005493,0.0016340017318725586,0.11316028237342834,0.11316028237342834,121.25969552993774
crack0042_02.png,-1.9927124977111816,121.126220703125,120.7447509765625,0.3814697265625,105.98189544677734,105.22154998779297,0.760345458984375,0.3488931357860565,0.3148604929447174,-0.03403264284133911,0.0,0.0,0.0,0.29488444328308105,0.2816210389137268,-0.013263404369354248,0.5796616673469543,0.5785543918609619,0.0011072754859924316,0.10549889504909515,0.10549889504909515,125.23032295703888
crack0042_03.png,2.5517627716064455,114.64867401123047,113.22286987304688,1.4258041381835938,107.898193359375,107.74006652832031,0.1581268310546875,0.4178059697151184,0.43019014596939087,0.012384176254272461,0.0,0.0,0.0,0.3331136107444763,0.3331374526023865,2.384185791015625e-05,0.5855363607406616,0.5837370157241821,0.0017993450164794922,0.11379143595695496,0.11379143595695496,112.28886818885803
crack0042_04.png,2.925543022155762,106.09906005859375,105.5721206665039,0.5269393920898438,105.51265716552734,105.14910888671875,0.36354827880859375,0.35498154163360596,0.38031089305877686,0.0253293514251709,0.0,0.0,0.0,0.25123870372772217,0.26148509979248047,0.0102463960647583,0.5854171514511108,0.5797462463378906,0.005670905113220215,0.09825006872415543,0.09825006872415543,107.9533839225769
crack0042_05.png,4.749949264526367,108.44498443603516,108.801513671875,-0.35652923583984375,110.30966186523438,108.79088592529297,1.5187759399414062,0.44095155596733093,0.49606409668922424,0.05511254072189331,0.0,0.0,0.0,0.30583417415618896,0.36156362295150757,0.055729448795318604,0.588008463382721,0.5857593417167664,0.00224912166595459,0.10675480961799622,0.10675480961799622,105.68649423122406
crack0042_06.png,-0.059783935546875,116.55282592773438,118.34587097167969,-1.7930450439453125,109.07012176513672,108.4217758178711,0.648345947265625,0.3455205261707306,0.34774214029312134,0.002221614122390747,0.09505760669708252,0.12711644172668457,0.03205883502960205,0.3835207223892212,0.383699893951416,0.00017917156219482422,0.5840868949890137,0.5837408900260925,0.0003460049629211426,0.1210491955280304,0.1210491955280304,120.08159267902374
crack0042_07.png,0.14089717864990225,128.9432373046875,128.5890350341797,0.3542022705078125,113.37213897705078,111.57475280761719,1.7973861694335938,0.31068724393844604,0.3246228098869324,0.013935565948486328,0.05550724267959595,0.004752516746520996,-0.05075472593307495,0.31615298986434937,0.3232382535934448,0.007085263729095459,0.5856478214263916,0.586070716381073,-0.0004228949546813965,0.11739662289619446,0.11739662289619446,133.56773018836975
crack0042_08.png,-1.5585251808166505,106.3277359008789,107.49727630615234,-1.1695404052734375,108.91519165039062,109.29412841796875,-0.378936767578125,0.3150165379047394,0.31232380867004395,-0.0026927292346954346,0.0,0.0,0.0,0.30050069093704224,0.30869096517562866,0.008190274238586426,0.5772318243980408,0.577781617641449,-0.0005497932434082031,0.12742185592651367,0.12742185592651367,111.28434228897095
crack0042_09.png,-2.257316780090332,124.08010864257812,124.28922271728516,-0.20911407470703125,108.86528015136719,109.01703643798828,-0.15175628662109375,0.3315690755844116,0.30498045682907104,-0.026588618755340576,0.058639347553253174,0.060671985149383545,0.002032637596130371,0.3257148861885071,0.3172234296798706,-0.008491456508636475,0.5789542198181152,0.577497124671936,0.0014570951461791992,0.13619425892829895,0.13619425892829895,129.044007062912
crack0043_00.png,-3.857262682914734,95.44136810302734,95.12664794921875,0.31472015380859375,106.55040740966797,110.68138885498047,-4.1309814453125,0.144789919257164,0.1028868779540062,-0.041903041303157806,0.20429778099060059,0.2213117480278015,0.017013967037200928,0.0509677529335022,0.03632664680480957,-0.014641106128692627,0.5743175745010376,0.5705152153968811,0.003802359104156494,0.10275302827358246,0.10275302827358246,112.08349832892418
crack0043_01.png,2.5688357591629027,80.12701416015625,76.3575210571289,3.7694931030273438,115.58732604980469,116.2497329711914,-0.6624069213867188,0.10656094551086426,0.07175201922655106,-0.0348089262843132,0.0009111166000366211,0.04088902473449707,0.03997790813446045,0.0,0.0,0.0,0.5783390998840332,0.5720915198326111,0.006247580051422119,0.10121063888072968,0.10121063888072968,97.07071045041084
crack0043_02.png,0.07027785778045637,86.53252410888672,81.42607116699219,5.106452941894531,109.22510528564453,114.55504608154297,-5.3299407958984375,0.13278990983963013,0.09763162583112717,-0.03515828400850296,0.12158125638961792,0.11772036552429199,-0.0038608908653259277,0.0,0.0,0.0,0.5797770023345947,0.5782045125961304,0.0015724897384643555,0.10321442782878876,0.10321442782878876,101.31248018145561
crack0043_03.png,-1.693975305557251,100.36322784423828,96.29017639160156,4.073051452636719,106.37684631347656,112.05561828613281,-5.67877197265625,0.14752282202243805,0.09885361790657043,-0.048669204115867615,0.18133455514907837,0.1893165111541748,0.007981956005096436,0.15688204765319824,0.03525930643081665,-0.12162274122238159,0.5774663686752319,0.5754978656768799,0.0019685029983520508,0.10400072485208511,0.10400072485208511,115.49413979053497
crack0043_04.png,5.051100873947144,100.00273895263672,96.16867065429688,3.8340682983398438,114.82118225097656,116.51924133300781,-1.69805908203125,0.09795650839805603,0.105524942278862,0.007568433880805969,0.1271253228187561,0.15731102228164673,0.030185699462890625,0.0,0.0,0.0,0.5794233083724976,0.5773394703865051,0.0020838379859924316,0.11878247559070587,0.11878247559070587,115.38524663448334
crack0043_05.png,-3.3787073612213137,107.0635757446289,105.74716186523438,1.3164138793945312,111.10706329345703,115.801513671875,-4.694450378417969,0.13403140008449554,0.08268490433692932,-0.05134649574756622,0.30009931325912476,0.32924461364746094,0.02914530038833618,0.22636061906814575,0.2050754427909851,-0.021285176277160645,0.5814648270606995,0.5783506631851196,0.003114163875579834,0.11106685549020767,0.11106685549020767,124.70286762714386
crack0043_06.png,-1.010302448272705,90.53436279296875,89.00634765625,1.52801513671875,120.27703857421875,119.09487915039062,1.182159423828125,0.1301499456167221,0.08906726539134979,-0.041082680225372314,0.0,0.0,0.0,0.0,0.0,0.0,0.5812994837760925,0.5744136571884155,0.006885826587677002,0.0941099300980568,0.0941099300980568,107.67829865217209
crack0043_07.png,2.554352569580078,91.21245574951172,88.75445556640625,2.4580001831054688,112.65892028808594,113.86814880371094,-1.209228515625,0.1445411741733551,0.11958584189414978,-0.024955332279205322,0.0,0.05958282947540283,0.05958282947540283,0.03326898813247681,0.023629307746887207,-0.0096396803855896,0.5826489925384521,0.5778200626373291,0.004828929901123047,0.10803796350955963,0.10803796350955963,106.11426484584808
crack0043_08.png,-6.621329641342163,87.26750946044922,88.07733154296875,-0.8098220825195312,108.27218627929688,113.68904113769531,-5.4168548583984375,0.16590578854084015,0.14852339029312134,-0.01738239824771881,0.33669137954711914,0.2766346335411072,-0.06005674600601196,0.26842713356018066,0.25323593616485596,-0.015191197395324707,0.5776470303535461,0.573944628238678,0.003702402114868164,0.10570892691612244,0.10570892691612244,101.86689829826355
crack0043_09.png,-4.148114502429962,103.319580078125,104.21332550048828,-0.8937454223632812,112.53750610351562,119.50077819824219,-6.9632720947265625,0.09878645092248917,0.057388756424188614,-0.04139769449830055,0.10588276386260986,0.17835110425949097,0.0724683403968811,0.0,0.0,0.0,0.5777277946472168,0.5791272521018982,-0.0013994574546813965,0.11604486405849457,0.11604486405849457,123.48821748793125
crack0044_00.png,-0.4955693244934082,97.29344940185547,96.49742126464844,0.7960281372070312,106.29595947265625,106.47664642333984,-0.18068695068359375,0.24089230597019196,0.23009707033634186,-0.010795235633850098,0.45748472213745117,0.44614309072494507,-0.011341631412506104,0.40396589040756226,0.3984304666519165,-0.005535423755645752,0.5815724730491638,0.5791234374046326,0.00244903564453125,0.25766119360923767,0.25766119360923767,106.352510035038
crack0044_01.png,1.455721092224121,100.20588684082031,99.11466217041016,1.0912246704101562,103.86136627197266,103.86769104003906,-0.00632476806640625,0.28730806708335876,0.2924932837486267,0.005185216665267944,0.48864126205444336,0.4883807301521301,-0.0002605319023132324,0.464479923248291,0.4657382369041443,0.0012583136558532715,0.5846520662307739,0.5855863094329834,-0.0009342432022094727,0.19269351661205292,0.19269351661205292,105.84524285793304
crack0044_02.png,0.7198643684387207,101.32933044433594,100.50334167480469,0.82598876953125,105.35675048828125,105.33565521240234,0.02109527587890625,0.2410106509923935,0.24405469000339508,0.003044039011001587,0.5557870864868164,0.5474462509155273,-0.008340835571289062,0.4665182828903198,0.4487285017967224,-0.017789781093597412,0.5780737996101379,0.5786851048469543,-0.0006113052368164062,0.17710644006729126,0.17710644006729126,109.60310119390488
crack0044_03.png,-1.8831312656402588,91.35275268554688,90.90283203125,0.449920654296875,100.23939514160156,100.5753173828125,-0.3359222412109375,0.2116578221321106,0.19053666293621063,-0.021121159195899963,0.3660552501678467,0.35303831100463867,-0.013016939163208008,0.41282516717910767,0.38673365116119385,-0.02609151601791382,0.5755401849746704,0.5752480030059814,0.00029218196868896484,0.15981429815292358,0.15981429815292358,102.71719998121262
crack0044_04.png,0.6198899269104006,122.39730834960938,120.93741607666016,1.4598922729492188,111.31179809570312,110.90541076660156,0.4063873291015625,0.26063013076782227,0.2726985514163971,0.012068420648574829,0.21036797761917114,0.15922564268112183,-0.051142334938049316,0.17202210426330566,0.15011364221572876,-0.021908462047576904,0.5954478979110718,0.5935063362121582,0.0019415616989135742,0.1923048496246338,0.1923048496246338,129.8474702835083
crack0044_05.png,-0.3939704895019531,104.15800476074219,103.53244018554688,0.6255645751953125,104.10787200927734,105.29901123046875,-1.1911392211914062,0.24848434329032898,0.2432086169719696,-0.005275726318359375,0.4282328486442566,0.424984335899353,-0.0032485127449035645,0.38681167364120483,0.3905465602874756,0.003734886646270752,0.5799230933189392,0.5797001123428345,0.00022298097610473633,0.24687610566616058,0.24687610566616058,112.44962918758392
crack0044_06.png,4.561490726470947,100.88795471191406,99.30962371826172,1.5783309936523438,109.83030700683594,109.31649780273438,0.5138092041015625,0.26613861322402954,0.29339343309402466,0.027254819869995117,0.42199283838272095,0.43192213773727417,0.009929299354553223,0.36942440271377563,0.4017214775085449,0.03229707479476929,0.5896424651145935,0.5846405029296875,0.005001962184906006,0.2074676901102066,0.2074676901102066,107.71617102622986
crack0044_07.png,1.5574066162109377,99.61187744140625,97.979736328125,1.63214111328125,109.36489868164062,108.85173797607422,0.5131607055664062,0.20295193791389465,0.20589801669120789,0.0029460787773132324,0.4771180748939514,0.46644049882888794,-0.010677576065063477,0.421098530292511,0.41519469022750854,-0.005903840065002441,0.5833486914634705,0.5855632424354553,-0.0022145509719848633,0.2580581307411194,0.2580581307411194,110.04122030735016
crack0044_08.png,-0.02468271255493165,96.46240997314453,96.54133605957031,-0.07892608642578125,106.77214813232422,107.1414566040039,-0.3693084716796875,0.2704406976699829,0.2773198187351227,0.0068791210651397705,0.4889487624168396,0.4812777042388916,-0.007671058177947998,0.4155925512313843,0.41436415910720825,-0.0012283921241760254,0.583075761795044,0.5841137766838074,-0.0010380148887634277,0.2399924099445343,0.2399924099445343,103.63998222351074
crack0044_09.png,-0.015376043319702104,116.37042236328125,114.84949493408203,1.5209274291992188,117.27009582519531,116.35015106201172,0.9199447631835938,0.22244393825531006,0.20600681006908417,-0.01643712818622589,0.5206676721572876,0.5024592876434326,-0.01820838451385498,0.46081310510635376,0.44255805015563965,-0.01825505495071411,0.5966320633888245,0.5931564569473267,0.0034756064414978027,0.2708546221256256,0.2708546221256256,127.11483258008957
crack0045_00.png,-1.1604391098022462,138.2862091064453,138.74688720703125,-0.4606781005859375,114.75508117675781,113.9848403930664,0.7702407836914062,0.21057547628879547,0.21354569494724274,0.0029702186584472656,0.15542000532150269,0.11964261531829834,-0.035777390003204346,0.3262924551963806,0.29897183179855347,-0.02732062339782715,0.5828104615211487,0.5781699419021606,0.004640519618988037,0.11071042716503143,0.11071042716503143,149.1944380402565
crack0045_01.png,-1.4957199096679688,119.27149200439453,120.80994415283203,-1.5384521484375,110.3671875,109.84369659423828,0.5234909057617188,0.2611914873123169,0.2532368302345276,-0.007954657077789307,0.21624666452407837,0.22962337732315063,0.013376712799072266,0.37962448596954346,0.33156299591064453,-0.048061490058898926,0.579569399356842,0.5812034010887146,-0.0016340017318725586,0.12907199561595917,0.12907199561595917,128.0946443080902
crack0045_02.png,-2.3144370555877685,133.40786743164062,135.18214416503906,-1.7742767333984375,113.38212585449219,113.26384735107422,0.11827850341796875,0.24168288707733154,0.23023726046085358,-0.011445626616477966,0.11893081665039062,0.12328290939331055,0.004352092742919922,0.29429489374160767,0.27684497833251953,-0.017449915409088135,0.5845789909362793,0.5807266235351562,0.003852367401123047,0.14874225854873657,0.14874225854873657,143.8639298081398
crack0045_03.png,-1.6492219924926759,122.62203979492188,125.35143280029297,-2.7293930053710938,117.43338012695312,116.58230590820312,0.85107421875,0.20359231531620026,0.20092473924160004,-0.0026675760746002197,0.22150397300720215,0.24522501230239868,0.023721039295196533,0.29304105043411255,0.31612420082092285,0.023083150386810303,0.5843252539634705,0.5842176079750061,0.00010764598846435547,0.14713534712791443,0.14713534712791443,135.30426210165024
crack0045_04.png,0.7387814521789551,103.0500259399414,104.86264038085938,-1.8126144409179688,108.7437744140625,108.32759094238281,0.4161834716796875,0.15339653193950653,0.1699162870645523,0.016519755125045776,0.25042247772216797,0.27411866188049316,0.023696184158325195,0.3131449818611145,0.33388233184814453,0.02073734998703003,0.5863168239593506,0.5834294557571411,0.0028873682022094727,0.13998082280158997,0.13998082280158997,118.20521420240402
crack0045_05.png,0.27771997451782227,124.9006118774414,125.02645874023438,-0.12584686279296875,107.35445404052734,107.05221557617188,0.30223846435546875,0.17220327258110046,0.1689065396785736,-0.0032967329025268555,0.23749423027038574,0.25011640787124634,0.012622177600860596,0.350707471370697,0.34914737939834595,-0.0015600919723510742,0.5819761753082275,0.5809381008148193,0.0010380744934082031,0.14807525277137756,0.14807525277137756,138.10818994045258
crack0045_06.png,-3.584753227233887,114.30413055419922,116.1015853881836,-1.797454833984375,107.23851776123047,107.59024047851562,-0.35172271728515625,0.2847580909729004,0.26604604721069336,-0.01871204376220703,0.23462271690368652,0.23197734355926514,-0.0026453733444213867,0.3510023355484009,0.3393407464027405,-0.0116615891456604,0.5801922082901001,0.5812879800796509,-0.0010957717895507812,0.16703791916370392,0.16703791916370392,122.49161434173584
crack0045_07.png,0.5669882774353028,138.1311798095703,139.4234619140625,-1.2922821044921875,112.95738983154297,112.45645141601562,0.5009384155273438,0.24055680632591248,0.2458866834640503,0.005329877138137817,0.17600655555725098,0.20742279291152954,0.031416237354278564,0.28643739223480225,0.2918679118156433,0.0054305195808410645,0.5796924233436584,0.5802960395812988,-0.0006036162376403809,0.14006274938583374,0.14006274938583374,147.5557540655136
crack0045_08.png,-2.8121859550476076,118.57421112060547,119.62193298339844,-1.0477218627929688,105.61479187011719,105.33705139160156,0.277740478515625,0.19647006690502167,0.17764903604984283,-0.018821030855178833,0.2993595600128174,0.29053550958633423,-0.008824050426483154,0.390362024307251,0.3885098695755005,-0.0018521547317504883,0.5771511197090149,0.5775740146636963,-0.0004228949546813965,0.14428144693374634,0.14428144693374634,131.54209047555923
crack0045_09.png,-0.4652261734008789,122.47990417480469,123.32801055908203,-0.8481063842773438,113.73651885986328,112.97323608398438,0.7632827758789062,0.16564272344112396,0.17129160463809967,0.005648881196975708,0.15098172426223755,0.13700950145721436,-0.013972222805023193,0.21811586618423462,0.20857447385787964,-0.00954139232635498,0.5867704749107361,0.5821568369865417,0.004613637924194336,0.152633935213089,0.152633935213089,136.43621295690536
crack0046_00.png,10.672570323944091,77.73455047607422,67.31279754638672,10.4217529296875,116.90895080566406,117.05106353759766,-0.14211273193359375,0.16324056684970856,0.16630204021930695,0.0030614733695983887,0.0,0.0,0.0,0.0,0.0,0.0,0.5774624943733215,0.5758938789367676,0.001568615436553955,0.10412738472223282,0.10412738472223282,85.82773977518082
crack0046_01.png,3.468127393722534,71.46613311767578,69.64790344238281,1.8182296752929688,122.78520202636719,122.43907928466797,0.34612274169921875,0.13419431447982788,0.15167836844921112,0.01748405396938324,0.0,0.0,0.0,0.0,0.0,0.0,0.5840753316879272,0.5812572240829468,0.0028181076049804688,0.12165742367506027,0.12165742367506027,85.86837267875671
crack0046_02.png,1.778342056274414,69.06703186035156,68.33895874023438,0.7280731201171875,124.58308410644531,124.25769805908203,0.32538604736328125,0.16785289347171783,0.17822401225566864,0.010371118783950806,0.0,0.0,0.0,0.0,0.0,0.0,0.5806728005409241,0.5784121751785278,0.0022606253623962402,0.11497074365615845,0.11497074365615845,81.85873371362686
crack0046_03.png,4.840842294692993,88.76737976074219,85.61227416992188,3.1551055908203125,119.68417358398438,120.78758239746094,-1.1034088134765625,0.17714685201644897,0.20156528055667877,0.024418428540229797,0.0,0.0,0.0,0.0,0.0,0.0,0.5852364301681519,0.5808957815170288,0.004340648651123047,0.12271523475646973,0.12271523475646973,99.97047305107117
crack0046_04.png,1.7880489349365236,83.1645736694336,82.36396789550781,0.8006057739257812,121.46434020996094,119.50067901611328,1.9636611938476562,0.18918918073177338,0.19112376868724823,0.0019345879554748535,0.0,0.0,0.0,0.0,0.0,0.0,0.5791195631027222,0.5779392719268799,0.0011802911758422852,0.10470691323280334,0.10470691323280334,94.57770246267319
crack0046_05.png,2.0992364406585695,94.2930679321289,94.49282836914062,-0.19976043701171875,120.65858459472656,120.97019958496094,-0.311614990234375,0.17815078794956207,0.20779851078987122,0.029647722840309143,0.0,0.0,0.0,0.0,0.0,0.0,0.5822606682777405,0.5809650421142578,0.001295626163482666,0.10732534527778625,0.10732534527778625,106.99432760477066
crack0046_06.png,1.9988911628723143,67.80799102783203,71.0030746459961,-3.1950836181640625,131.26731872558594,119.3338851928711,11.933433532714844,0.15072409808635712,0.15191011130809784,0.0011860132217407227,0.0,0.0,0.0,0.0,0.0,0.0,0.5819031000137329,0.5737600922584534,0.008143007755279541,0.12525232136249542,0.12525232136249542,83.63821095228195
crack0046_07.png,3.666958141326904,77.45513153076172,77.31558990478516,0.1395416259765625,117.68974304199219,115.7804946899414,1.9092483520507812,0.19815482199192047,0.2318054586648941,0.03365063667297363,0.0,0.0,0.0,0.0,0.0,0.0,0.5856132507324219,0.5838215947151184,0.0017916560173034668,0.1058574765920639,0.1058574765920639,88.92060142755508
crack0046_08.png,6.664845895767211,70.94562530517578,63.25585174560547,7.6897735595703125,116.82980346679688,123.69697570800781,-6.8671722412109375,0.17076662182807922,0.1934635192155838,0.022696897387504578,0.0,0.0,0.0,0.0,0.0,0.0,0.5773894786834717,0.579734742641449,-0.002345263957977295,0.10992326587438583,0.10992326587438583,80.04413092136383
crack0046_09.png,-2.3299893856048586,66.63577270507812,69.35487365722656,-2.7191009521484375,122.09513092041016,120.34724426269531,1.7478866577148438,0.22498609125614166,0.2230347990989685,-0.0019512921571731567,0.0,0.0,0.0,0.0,0.0,0.0,0.5753556489944458,0.5792041420936584,-0.0038484930992126465,0.11411724984645844,0.11411724984645844,77.78140091896057
crack0047_00.png,-2.0346922874450684,137.68479919433594,138.6409912109375,-0.9561920166015625,103.57557678222656,103.19761657714844,0.377960205078125,0.26603177189826965,0.2603619694709778,-0.00566980242729187,0.1096082329750061,0.09254330396652222,-0.017064929008483887,0.27926766872406006,0.29342204332351685,0.014154374599456787,0.5769819021224976,0.5793194770812988,-0.0023375749588012695,0.1107284277677536,0.1107284277677536,145.71395611763
crack0047_01.png,1.6228792190551757,149.73403930664062,149.83355712890625,-0.099517822265625,107.1918716430664,106.51719665527344,0.6746749877929688,0.27328744530677795,0.2763480842113495,0.003060638904571533,0.21534234285354614,0.24733740091323853,0.03199505805969238,0.424510657787323,0.430678129196167,0.006167471408843994,0.5760784149169922,0.5778815746307373,-0.0018031597137451172,0.11977816373109818,0.11977816373109818,156.50181448459625
crack0047_02.png,0.2694972515106202,155.4881591796875,156.81143188476562,-1.323272705078125,109.66715240478516,108.49079132080078,1.176361083984375,0.2477674037218094,0.23882058262825012,-0.008946821093559265,0.06872838735580444,0.1142086386680603,0.04548025131225586,0.27974432706832886,0.30738264322280884,0.02763831615447998,0.5802152752876282,0.5797462463378906,0.00046902894973754883,0.11401143670082092,0.11401143670082092,165.02917158603668
crack0047_03.png,-0.22200679779052734,151.1089630126953,152.91827392578125,-1.8093109130859375,106.53977966308594,106.30921936035156,0.230560302734375,0.22600151598453522,0.22267265617847443,-0.003328859806060791,0.11515569686889648,0.1566106081008911,0.04145491123199463,0.3202456831932068,0.3450857996940613,0.024840116500854492,0.5767474174499512,0.5741676092147827,0.002579808235168457,0.10558788478374481,0.10558788478374481,161.72315579652786
crack0047_04.png,-0.17689619064331052,147.125244140625,148.32168579101562,-1.196441650390625,113.76249694824219,112.75055694580078,1.0119400024414062,0.26686471700668335,0.2733228802680969,0.006458163261413574,0.0,0.0,0.0,0.2028248906135559,0.22308111190795898,0.020256221294403076,0.5777162909507751,0.5752633810043335,0.0024529099464416504,0.10666801035404205,0.10666801035404205,154.82023358345032
crack0047_05.png,-3.5068318843841553,155.18165588378906,157.0056610107422,-1.824005126953125,106.15606689453125,106.37228393554688,-0.216217041015625,0.2529734969139099,0.23367859423160553,-0.019294902682304382,0.0,0.0,0.0,0.19754475355148315,0.2248150110244751,0.027270257472991943,0.5748673677444458,0.5761860609054565,-0.0013186931610107422,0.09991727769374847,0.09991727769374847,165.12038522958755
crack0047_06.png,-0.6052605628967285,157.03663635253906,158.99749755859375,-1.9608612060546875,109.04505920410156,109.0597152709961,-0.01465606689453125,0.21538349986076355,0.2187044620513916,0.0033209621906280518,0.10188603401184082,0.1325371265411377,0.030651092529296875,0.34700047969818115,0.36091190576553345,0.013911426067352295,0.577301025390625,0.5805574655532837,-0.0032564401626586914,0.10161793231964111,0.10161793231964111,168.31635558605194
crack0047_07.png,-1.9506443977355956,134.84263610839844,136.56703186035156,-1.724395751953125,105.22206115722656,104.73837280273438,0.4836883544921875,0.2924264073371887,0.28613218665122986,-0.006294220685958862,0.0,0.0,0.0,0.2839798331260681,0.30403614044189453,0.020056307315826416,0.5821376442909241,0.58004230260849,0.002095341682434082,0.10719369351863861,0.10719369351863861,141.82240855693817
crack0047_08.png,-1.0975483417510987,154.06785583496094,155.68202209472656,-1.614166259765625,116.18443298339844,115.21746826171875,0.9669647216796875,0.21730484068393707,0.20836836099624634,-0.008936479687690735,0.21940380334854126,0.24089550971984863,0.021491706371307373,0.3378201127052307,0.3632897734642029,0.025469660758972168,0.5802960395812988,0.5806689858436584,-0.00037294626235961914,0.10761433839797974,0.10761433839797974,165.5995967388153
crack0047_09.png,-7.85350799561435e-05,159.83966064453125,161.82284545898438,-1.983184814453125,118.83006286621094,116.81512451171875,2.0149383544921875,0.18136218190193176,0.17581619322299957,-0.00554598867893219,0.1945365071296692,0.23313438892364502,0.03859788179397583,0.3478812575340271,0.3665947914123535,0.018713533878326416,0.5828104615211487,0.5808880925178528,0.0019223690032958984,0.10535380989313126,0.10535380989313126,173.59469991922379
crack0048_00.png,-1.8055633544921874,77.52330017089844,76.58869934082031,0.934600830078125,113.86211395263672,114.87775421142578,-1.0156402587890625,0.18869508802890778,0.1530209332704544,-0.03567415475845337,0.0,0.008921384811401367,0.008921384811401367,0.09161055088043213,0.14145004749298096,0.04983949661254883,0.5869242548942566,0.5828450322151184,0.004079222679138184,0.13731983304023743,0.13731983304023743,91.35171395540237
crack0048_01.png,0.35107221603393557,72.0936050415039,72.15511322021484,-0.0615081787109375,110.66316223144531,109.88883972167969,0.774322509765625,0.16803036630153656,0.16927947103977203,0.0012491047382354736,0.0,0.0,0.0,0.0692557692527771,0.05756324529647827,-0.011692523956298828,0.5877701044082642,0.5876970291137695,7.30752944946289e-05,0.11340188980102539,0.11340188980102539,85.55334132909775
crack0048_02.png,1.1364262580871582,76.48214721679688,76.73904418945312,-0.25689697265625,112.56857299804688,112.4165267944336,0.15204620361328125,0.1930331438779831,0.1931099146604538,7.677078247070312e-05,0.0,0.02943742275238037,0.02943742275238037,0.11809796094894409,0.1504858136177063,0.03238785266876221,0.586259126663208,0.5825374722480774,0.0037216544151306152,0.1475643515586853,0.1475643515586853,88.47897213697433
crack0048_03.png,0.5022603511810303,70.34596252441406,69.90641021728516,0.43955230712890625,115.04776000976562,114.70884704589844,0.3389129638671875,0.19577957689762115,0.18892988562583923,-0.006849691271781921,0.0,0.008540809154510498,0.008540809154510498,0.08377349376678467,0.08201658725738525,-0.001756906509399414,0.5950749516487122,0.5917378067970276,0.0033371448516845703,0.1343851387500763,0.1343851387500763,82.59339129924774
crack0048_04.png,-0.9518093585968017,69.25099182128906,70.66744995117188,-1.4164581298828125,112.58387756347656,111.88163757324219,0.702239990234375,0.17978891730308533,0.17943300306797028,-0.00035591423511505127,0.0,0.0,0.0,0.06561613082885742,0.03294992446899414,-0.03266620635986328,0.596312940120697,0.5910072922706604,0.005305647850036621,0.11356669664382935,0.11356669664382935,83.04575830698013
crack0048_05.png,1.0552872657775878,68.74860382080078,68.9006118774414,-0.152008056640625,120.24424743652344,120.72442626953125,-0.4801788330078125,0.15176045894622803,0.1669265329837799,0.01516607403755188,0.0,0.0,0.0,0.0,0.0,0.0,0.5944559574127197,0.58980393409729,0.0046520233154296875,0.10281916707754135,0.10281916707754135,83.4972186088562
crack0048_06.png,-1.322572183609009,59.661468505859375,60.569454193115234,-0.9079856872558594,112.0686264038086,115.23887634277344,-3.1702499389648438,0.14996062219142914,0.16083139181137085,0.010870769619941711,0.0,0.0,0.0,0.0469743013381958,0.0386430025100708,-0.008331298828125,0.5858746767044067,0.5862783789634705,-0.0004037022590637207,0.13001374900341034,0.13001374900341034,74.56895917654037
crack0048_07.png,0.4213363647460937,76.26616668701172,75.24187469482422,1.0242919921875,112.45270538330078,112.79747009277344,-0.34476470947265625,0.172266885638237,0.16577325761318207,-0.006493628025054932,0.0,0.0,0.0,0.04062718152999878,0.09106934070587158,0.0504421591758728,0.5803191065788269,0.5789580941200256,0.0013610124588012695,0.11123140156269073,0.11123140156269073,89.02038949728012
crack0048_08.png,0.6726786136627197,56.882041931152344,56.45626449584961,0.4257774353027344,109.43976593017578,110.854736328125,-1.4149703979492188,0.15931683778762817,0.16941837966442108,0.010101541876792908,0.0,0.0,0.0,0.04537731409072876,0.06384158134460449,0.018464267253875732,0.586574375629425,0.586455225944519,0.00011914968490600586,0.11305082589387894,0.11305082589387894,70.57311797142029
crack0048_09.png,-1.19858775138855,75.68321990966797,76.58169555664062,-0.8984756469726562,108.05903625488281,107.36199951171875,0.6970367431640625,0.17153891921043396,0.1600511223077774,-0.011487796902656555,0.1966661810874939,0.20135849714279175,0.0046923160552978516,0.28524917364120483,0.28786230087280273,0.0026131272315979004,0.5923106670379639,0.5885005593299866,0.003810107707977295,0.15551979839801788,0.15551979839801788,90.22181707620621
crack0049_00.png,-1.0560758590698243,84.1790771484375,85.68106842041016,-1.5019912719726562,109.89472198486328,109.63729858398438,0.25742340087890625,0.3548184335231781,0.367439866065979,0.012621432542800903,0.26156675815582275,0.2415257692337036,-0.02004098892211914,0.22727173566818237,0.2193036675453186,-0.00796806812286377,0.5870665311813354,0.5836947560310364,0.0033717751502990723,0.11142250150442123,0.11142250150442123,87.12362802028656
crack0049_01.png,2.277618408203125,85.12744140625,85.9820785522461,-0.8546371459960938,109.251953125,108.99415588378906,0.2577972412109375,0.2984744608402252,0.3124467432498932,0.013972282409667969,0.2569543719291687,0.3004014492034912,0.04344707727432251,0.25361156463623047,0.2828184962272644,0.029206931591033936,0.5809688568115234,0.5766320824623108,0.0043367743492126465,0.13197965919971466,0.13197965919971466,90.88504660129547
crack0049_02.png,0.722084140777588,93.036376953125,93.05107879638672,-0.01470184326171875,114.39433288574219,113.49846649169922,0.8958663940429688,0.2877325713634491,0.29014015197753906,0.002407580614089966,0.26043981313705444,0.2591186761856079,-0.0013211369514465332,0.250546932220459,0.22675079107284546,-0.023796141147613525,0.594925045967102,0.5889580845832825,0.00596696138381958,0.1097642108798027,0.1097642108798027,99.576775431633
crack0049_03.png,-1.331388568878174,69.42620849609375,69.80498504638672,-0.37877655029296875,101.61904907226562,102.65281677246094,-1.0337677001953125,0.3479892611503601,0.3409300446510315,-0.007059216499328613,0.3268938660621643,0.32714253664016724,0.0002486705780029297,0.2634109854698181,0.25785940885543823,-0.005551576614379883,0.5799538493156433,0.579561710357666,0.0003921389579772949,0.11725929379463196,0.11725929379463196,72.35794806480408
crack0049_04.png,1.0737053871154785,96.38861083984375,95.49469757080078,0.8939132690429688,114.62724304199219,114.03729248046875,0.5899505615234375,0.2760853171348572,0.2788809537887573,0.0027956366539001465,0.2554774880409241,0.2449328899383545,-0.01054459810256958,0.224118173122406,0.22704732418060303,0.0029291510581970215,0.5967397093772888,0.5931910872459412,0.0035486221313476562,0.13694436848163605,0.13694436848163605,103.24612355232239
crack0049_05.png,-2.6760650634765626,77.1124267578125,79.282958984375,-2.1705322265625,106.90927124023438,107.49198913574219,-0.5827178955078125,0.2875336706638336,0.27422550320625305,-0.013308167457580566,0.22434526681900024,0.24282407760620117,0.018478810787200928,0.16849029064178467,0.20134395360946655,0.032853662967681885,0.5880507230758667,0.5867243409156799,0.0013263821601867676,0.1096375361084938,0.1096375361084938,85.26619160175323
crack0049_06.png,0.6618334770202638,87.27348327636719,86.82882690429688,0.4446563720703125,117.30838775634766,115.27129364013672,2.0370941162109375,0.272491991519928,0.27830520272254944,0.00581321120262146,0.2410528063774109,0.21063631772994995,-0.030416488647460938,0.20114773511886597,0.1802789568901062,-0.020868778228759766,0.5878008604049683,0.5839523077011108,0.003848552703857422,0.10785672068595886,0.10785672068595886,94.21367001533508
crack0049_07.png,5.426981496810913,88.03499603271484,87.55487060546875,0.48012542724609375,115.92666625976562,115.12142944335938,0.80523681640625,0.24662669003009796,0.2847079336643219,0.03808124363422394,0.2314896583557129,0.26962363719940186,0.038133978843688965,0.22958827018737793,0.24622124433517456,0.01663297414779663,0.5865398049354553,0.5852172374725342,0.0013225674629211426,0.11036068201065063,0.11036068201065063,96.45892411470413
crack0049_08.png,1.3293424606323243,77.62557983398438,80.06820678710938,-2.442626953125,109.7140884399414,108.93235778808594,0.7817306518554688,0.35769665241241455,0.3892926275730133,0.031595975160598755,0.32737839221954346,0.3495802879333496,0.022201895713806152,0.2250712513923645,0.23188042640686035,0.00680917501449585,0.5883352756500244,0.5872471928596497,0.0010880827903747559,0.10781364142894745,0.10781364142894745,80.91850519180298
crack0049_09.png,1.0906017780303956,85.10668182373047,86.63310241699219,-1.5264205932617188,115.85328674316406,114.9388427734375,0.9144439697265625,0.22956135869026184,0.24562041461467743,0.01605905592441559,0.09892332553863525,0.11721169948577881,0.018288373947143555,0.16900038719177246,0.1578274369239807,-0.011172950267791748,0.5866512656211853,0.5807766318321228,0.0058746337890625,0.1086392030119896,0.1086392030119896,95.56226122379303
crack0050_00.png,-0.9160166740417481,75.81866455078125,75.26606750488281,0.5525970458984375,102.93104553222656,103.66448211669922,-0.7334365844726562,0.22726580500602722,0.2109147608280182,-0.016351044178009033,0.27479636669158936,0.276064395904541,0.0012680292129516602,0.34522753953933716,0.3307116627693176,-0.014515876770019531,0.5771164894104004,0.5750634074211121,0.00205308198928833,0.1108076348900795,0.1108076348900795,85.97213995456696
crack0050_01.png,3.4525271892547607,63.63263702392578,62.23820495605469,1.3944320678710938,101.54647827148438,101.23007202148438,0.31640625,0.17403879761695862,0.18691833317279816,0.012879535555839539,0.3143191933631897,0.340719997882843,0.02640080451965332,0.2782018780708313,0.2753719687461853,-0.002829909324645996,0.5794002413749695,0.5832718014717102,-0.0038715600967407227,0.1152789369225502,0.1152789369225502,75.82396519184113
crack0050_02.png,1.9922973632812502,70.02376556396484,68.35433197021484,1.66943359375,105.63887023925781,105.73541259765625,-0.0965423583984375,0.21296831965446472,0.21939948201179504,0.006431162357330322,0.08836168050765991,0.08517462015151978,-0.0031870603561401367,0.1387995481491089,0.11901676654815674,-0.01978278160095215,0.5871241688728333,0.5877624154090881,-0.0006382465362548828,0.13868296146392822,0.13868296146392822,79.92144620418549
crack0050_03.png,-1.522679328918457,74.10150146484375,72.98860168457031,1.1128997802734375,103.94898986816406,104.19313049316406,-0.244140625,0.1827930212020874,0.16748443245887756,-0.015308588743209839,0.26902395486831665,0.23202157020568848,-0.037002384662628174,0.26338374614715576,0.21999317407608032,-0.04339057207107544,0.586439847946167,0.5822683572769165,0.004171490669250488,0.14475572109222412,0.14475572109222412,86.95357954502106
crack0050_04.png,1.5605469226837159,82.68277740478516,81.23304748535156,1.4497299194335938,105.30335998535156,105.97486877441406,-0.6715087890625,0.21124859154224396,0.20722392201423645,-0.004024669528007507,0.3951798677444458,0.4143640995025635,0.019184231758117676,0.27188634872436523,0.30601704120635986,0.03413069248199463,0.5845367312431335,0.5861861109733582,-0.0016493797302246094,0.13502147793769836,0.13502147793769836,92.9719215631485
crack0050_05.png,4.120696401596069,73.56809997558594,70.50767517089844,3.0604248046875,105.48883056640625,104.8554916381836,0.6333389282226562,0.1546493023633957,0.16900169849395752,0.014352396130561829,0.3113439083099365,0.30245494842529297,-0.008888959884643555,0.3063085079193115,0.29197895526885986,-0.01432955265045166,0.5793617963790894,0.5790042281150818,0.00035756826400756836,0.12250868231058121,0.12250868231058121,85.93340128660202
crack0050_06.png,1.249576711654663,67.5625228881836,66.95759582519531,0.6049270629882812,109.25501251220703,109.00860595703125,0.24640655517578125,0.21677200496196747,0.20433002710342407,-0.012441977858543396,0.2524092197418213,0.2884770631790161,0.036067843437194824,0.29769718647003174,0.3035917282104492,0.0058945417404174805,0.5869319438934326,0.5844636559486389,0.002468287944793701,0.15184777975082397,0.15184777975082397,78.47753548622131
crack0050_07.png,1.8032350540161133,67.22281646728516,65.88285827636719,1.3399581909179688,102.95503234863281,103.041015625,-0.0859832763671875,0.1513644903898239,0.1686188131570816,0.01725432276725769,0.3513374328613281,0.3262717127799988,-0.025065720081329346,0.3252023458480835,0.31284862756729126,-0.012353718280792236,0.5806112885475159,0.5776124596595764,0.002998828887939453,0.1306588351726532,0.1306588351726532,80.69541949033737
crack0050_08.png,5.109100294113159,77.51538848876953,75.37629699707031,2.1390914916992188,104.08139038085938,103.43677520751953,0.6446151733398438,0.18014365434646606,0.18669380247592926,0.006550148129463196,0.25921058654785156,0.3068286180496216,0.04761803150177002,0.2972310185432434,0.3236865997314453,0.026455581188201904,0.5868973731994629,0.5798116326332092,0.007085740566253662,0.13882854580879211,0.13882854580879211,89.11311841011047
crack0050_09.png,6.605367374420166,67.2403564453125,65.36177062988281,1.8785858154296875,103.8287353515625,102.70858001708984,1.1201553344726562,0.17850716412067413,0.19905652105808258,0.020549356937408447,0.018371641635894775,0.08532512187957764,0.06695348024368286,0.059814453125,0.1068074107170105,0.0469929575920105,0.5811149477958679,0.5821991562843323,-0.0010842084884643555,0.12091895937919617,0.12091895937919617,78.8785999417305
crack0051_00.png,-1.2450275421142578,91.28170013427734,93.41802978515625,-2.1363296508789062,108.99945068359375,108.7366943359375,0.26275634765625,0.346235066652298,0.3660266697406769,0.019791603088378906,0.35136663913726807,0.32893556356430054,-0.02243107557296753,0.36344289779663086,0.3502005934715271,-0.01324230432510376,0.5838062167167664,0.5813033580780029,0.0025028586387634277,0.1594030112028122,0.1594030112028122,94.92800962924957
crack0051_01.png,0.4041853904724121,96.26339721679688,96.0213394165039,0.24205780029296875,109.26492309570312,108.87232971191406,0.3925933837890625,0.32700181007385254,0.3278738260269165,0.0008720159530639648,0.39202773571014404,0.3899957537651062,-0.002031981945037842,0.4136549234390259,0.4152300953865051,0.001575171947479248,0.5817493200302124,0.581334114074707,0.0004152059555053711,0.17284634709358215,0.17284634709358215,99.79223251342773
crack0051_02.png,-0.9884888648986816,86.11822509765625,87.59080505371094,-1.4725799560546875,113.86959838867188,112.61506652832031,1.2545318603515625,0.30449485778808594,0.30792710185050964,0.003432244062423706,0.14447182416915894,0.13035154342651367,-0.014120280742645264,0.1755618453025818,0.1808387041091919,0.005276858806610107,0.5887619853019714,0.5819492340087891,0.006812751293182373,0.14524365961551666,0.14524365961551666,92.1353030204773
crack0051_03.png,1.9694063186645507,98.1911392211914,97.8846435546875,0.30649566650390625,104.19322204589844,104.29487609863281,-0.101654052734375,0.3156190514564514,0.31812965869903564,0.0025106072425842285,0.22651952505111694,0.26199227571487427,0.035472750663757324,0.27139896154403687,0.2542790174484253,-0.017119944095611572,0.580169141292572,0.5780737996101379,0.002095341682434082,0.13314928114414215,0.13314928114414215,102.30751395225525
crack0051_04.png,-0.535539436340332,86.2138671875,87.68364715576172,-1.4697799682617188,105.88572692871094,104.4327392578125,1.4529876708984375,0.3200148642063141,0.32397234439849854,0.003957480192184448,0.1824178695678711,0.17768126726150513,-0.004736602306365967,0.2683280110359192,0.26130491495132446,-0.0070230960845947266,0.5906420350074768,0.5849942564964294,0.005647778511047363,0.1553853452205658,0.1553853452205658,91.37354671955109
crack0051_05.png,-6.106022930145263,80.26028442382812,84.30839538574219,-4.0481109619140625,101.40914916992188,101.89077758789062,-0.48162841796875,0.3343784809112549,0.3315421938896179,-0.002836287021636963,0.37070924043655396,0.3290005922317505,-0.04170864820480347,0.36767578125,0.3370055556297302,-0.030670225620269775,0.5866666436195374,0.5859169363975525,0.0007497072219848633,0.1448998749256134,0.1448998749256134,85.85847401618958
crack0051_06.png,-0.9976230621337892,86.77434539794922,87.05642700195312,-0.28208160400390625,109.1077880859375,108.33552551269531,0.7722625732421875,0.3361608386039734,0.3255283832550049,-0.010632455348968506,0.3915046453475952,0.38443636894226074,-0.007068276405334473,0.3640562891960144,0.36010390520095825,-0.003952383995056152,0.5805728435516357,0.5778508186340332,0.002722024917602539,0.1549270749092102,0.1549270749092102,90.60659694671631
crack0051_07.png,7.04852523803711,135.8986053466797,131.77694702148438,4.1216583251953125,136.3535919189453,131.978271484375,4.3753204345703125,0.25982236862182617,0.271626353263855,0.011803984642028809,0.22063881158828735,0.2182101607322693,-0.0024286508560180664,0.2977352738380432,0.30690836906433105,0.009173095226287842,0.5932833552360535,0.5850442051887512,0.008239150047302246,0.18831858038902283,0.18831858038902283,141.9797682762146
crack0051_08.png,-4.984053707122802,91.83817291259766,93.88711547851562,-2.0489425659179688,111.40408325195312,110.39607238769531,1.0080108642578125,0.3941795527935028,0.3569716215133667,-0.03720793128013611,0.1380738615989685,0.12503719329833984,-0.013036668300628662,0.24264132976531982,0.20392340421676636,-0.03871792554855347,0.5862245559692383,0.5822299122810364,0.003994643688201904,0.17483831942081451,0.17483831942081451,94.89332914352417
crack0051_09.png,-0.7686703681945799,97.95840454101562,100.36651611328125,-2.408111572265625,109.423828125,108.62776947021484,0.7960586547851562,0.284298300743103,0.3017945885658264,0.01749628782272339,0.3341461420059204,0.3287994861602783,-0.00534665584564209,0.35654354095458984,0.3299233913421631,-0.026620149612426758,0.5849558115005493,0.5815762877464294,0.003379523754119873,0.14525684714317322,0.14525684714317322,105.50279474258423
crack0052_00.png,-7.306200933456421,125.29627227783203,128.43020629882812,-3.1339340209960938,123.74256896972656,125.16515350341797,-1.4225845336914062,0.23845811188220978,0.18991521000862122,-0.04854290187358856,0.0,0.0,0.0,0.1056479811668396,0.13105309009552002,0.02540510892868042,0.5914417505264282,0.5844367742538452,0.007004976272583008,0.1221269890666008,0.1221269890666008,139.12599670886993
crack0052_01.png,-0.9831181526184083,124.23445892333984,125.14795684814453,-0.9134979248046875,125.84786987304688,128.45733642578125,-2.609466552734375,0.18949803709983826,0.19979634881019592,0.010298311710357666,0.0025631189346313477,0.0,-0.0025631189346313477,0.21057593822479248,0.18327784538269043,-0.02729809284210205,0.5882083773612976,0.5818877220153809,0.006320655345916748,0.13129542768001556,0.13129542768001556,136.8496607542038
crack0052_02.png,-2.082380437850952,134.0977325439453,136.0636444091797,-1.965911865234375,124.13279724121094,122.92568969726562,1.2071075439453125,0.2118930220603943,0.20328281819820404,-0.008610203862190247,0.0,0.0,0.0,0.0,0.0,0.0,0.59344482421875,0.5912072062492371,0.0022376179695129395,0.10013425350189209,0.10013425350189209,146.62151235342026
crack0052_03.png,4.91546516418457,148.1399383544922,142.63499450683594,5.50494384765625,146.4078369140625,145.94912719726562,0.458709716796875,0.2706584930419922,0.2572767436504364,-0.013381749391555786,0.0,0.0,0.0,0.0,0.016553103923797607,0.016553103923797607,0.594240665435791,0.5868012309074402,0.00743943452835083,0.11207370460033417,0.11207370460033417,153.72048842906952
crack0052_04.png,2.9053171157836912,138.88925170898438,133.83897399902344,5.0502777099609375,133.44467163085938,134.69403076171875,-1.249359130859375,0.266025185585022,0.24259185791015625,-0.023433327674865723,0.0,0.0,0.0,0.0,0.0,0.0,0.5977123975753784,0.5919761657714844,0.005736231803894043,0.10266714543104172,0.10266714543104172,145.71709728240967
crack0052_05.png,-2.015991449356079,127.10466766357422,129.10121154785156,-1.9965438842773438,123.27901458740234,125.57321166992188,-2.2941970825195312,0.22123242914676666,0.17829009890556335,-0.04294233024120331,0.0023326873779296875,0.10294151306152344,0.10060882568359375,0.08733654022216797,0.14743930101394653,0.060102760791778564,0.5886774063110352,0.5809457898139954,0.007731616497039795,0.11142157763242722,0.11142157763242722,140.9526299238205
crack0052_06.png,-1.4658784866333008,134.72879028320312,135.04751586914062,-0.3187255859375,119.96305847167969,124.48469543457031,-4.521636962890625,0.19706809520721436,0.20015615224838257,0.003088057041168213,0.0,0.0,0.0,0.15624290704727173,0.135809063911438,-0.02043384313583374,0.5855286717414856,0.5751672387123108,0.010361433029174805,0.11059202998876572,0.11059202998876572,146.48521423339844
crack0052_07.png,-5.575158548355103,126.60851287841797,130.44696044921875,-3.8384475708007812,123.40162658691406,123.15859985351562,0.2430267333984375,0.21947017312049866,0.1961309164762497,-0.023339256644248962,0.0,0.0,0.0,0.058743417263031006,0.0649610161781311,0.006217598915100098,0.5905151963233948,0.5896847248077393,0.0008304715156555176,0.1146358922123909,0.1146358922123909,140.38048952817917
crack0052_08.png,-0.94856858253479,136.46701049804688,138.59779357910156,-2.1307830810546875,123.89778137207031,126.33468627929688,-2.4369049072265625,0.16992220282554626,0.20918293297290802,0.039260730147361755,0.02614647150039673,0.0,-0.02614647150039673,0.17920136451721191,0.12911701202392578,-0.05008435249328613,0.5902383923530579,0.5886889696121216,0.0015494227409362793,0.11571667343378067,0.11571667343378067,150.94660556316376
crack0052_09.png,5.333458185195923,130.04153442382812,124.75188446044922,5.289649963378906,127.861328125,126.86416625976562,0.997161865234375,0.1980663686990738,0.19247666001319885,-0.005589708685874939,0.0,0.0,0.0,0.08593660593032837,0.08578413724899292,-0.00015246868133544922,0.5888235569000244,0.5865205526351929,0.002303004264831543,0.12004446983337402,0.12004446983337402,139.40105211734772
crack0053_00.png,5.6607780933380125,103.37325286865234,104.27656555175781,-0.9033126831054688,126.445556640625,125.2506103515625,1.1949462890625,0.24495412409305573,0.2594963014125824,0.014542177319526672,0.10382223129272461,0.22281920909881592,0.11899697780609131,0.16203761100769043,0.24773812294006348,0.08570051193237305,0.591672420501709,0.5876009464263916,0.004071474075317383,0.1913907825946808,0.1913907825946808,112.7945585846901
crack0053_01.png,-1.5310922622680665,82.29183959960938,84.83920288085938,-2.54736328125,115.14210510253906,114.1588134765625,0.9832916259765625,0.31090211868286133,0.29912638664245605,-0.011775732040405273,0.08487826585769653,0.12825584411621094,0.043377578258514404,0.23499810695648193,0.2501182556152344,0.015120148658752441,0.5866358876228333,0.5908881425857544,-0.004252254962921143,0.13689425587654114,0.13689425587654114,89.25346374511719
crack0053_02.png,-2.49804105758667,103.9173812866211,106.1934814453125,-2.2761001586914062,125.18919372558594,124.55970764160156,0.629486083984375,0.26524618268013,0.25548556447029114,-0.009760618209838867,0.37796133756637573,0.3836822509765625,0.005720913410186768,0.3599194884300232,0.3696596026420593,0.009740114212036133,0.5878316164016724,0.5858746767044067,0.001956939697265625,0.17864513397216797,0.17864513397216797,113.23956215381622
crack0053_03.png,12.637751913070678,164.79234313964844,155.96351623535156,8.828826904296875,159.16064453125,153.25169372558594,5.9089508056640625,0.24466131627559662,0.24231824278831482,-0.0023430734872817993,0.10602110624313354,0.14579898118972778,0.03977787494659424,0.09188276529312134,0.11950784921646118,0.027625083923339844,0.5866820216178894,0.5856401324272156,0.0010418891906738281,0.17171522974967957,0.17171522974967957,169.3061159849167
crack0053_04.png,-1.2718077182769776,113.29132080078125,114.80943298339844,-1.5181121826171875,121.5205078125,120.91217041015625,0.60833740234375,0.20751835405826569,0.20241281390190125,-0.005105540156364441,0.1682114601135254,0.17604005336761475,0.007828593254089355,0.17966020107269287,0.19182318449020386,0.012162983417510986,0.5880045890808105,0.5855478644371033,0.0024567246437072754,0.1452067792415619,0.1452067792415619,125.42579162120819
crack0053_05.png,4.162983036041259,167.4021453857422,165.36756896972656,2.034576416015625,150.42568969726562,147.1938934326172,3.2317962646484375,0.17645496129989624,0.1675843596458435,-0.008870601654052734,0.2261037826538086,0.25980061292648315,0.03369683027267456,0.07564389705657959,0.08763504028320312,0.011991143226623535,0.5933910012245178,0.5884544253349304,0.004936575889587402,0.13138458132743835,0.13138458132743835,180.06543564796448
crack0053_06.png,-0.4716625213623047,110.55220794677734,112.84190368652344,-2.2896957397460938,126.24319458007812,124.90362548828125,1.339569091796875,0.27677398920059204,0.2744121849536896,-0.002361804246902466,0.19910287857055664,0.23703503608703613,0.03793215751647949,0.18409770727157593,0.2075057029724121,0.02340799570083618,0.5853056311607361,0.5864590406417847,-0.001153409481048584,0.15551286935806274,0.15551286935806274,118.6906863451004
crack0053_07.png,-2.304367923736572,101.21341705322266,102.57452392578125,-1.3611068725585938,117.31806182861328,119.2962646484375,-1.9782028198242188,0.28240492939949036,0.28296828269958496,0.0005633533000946045,0.34191030263900757,0.33813363313674927,-0.0037766695022583008,0.2673783302307129,0.2901262640953064,0.022747933864593506,0.5876086354255676,0.5887581706047058,-0.0011495351791381836,0.1654158979654312,0.1654158979654312,108.50000154972076
crack0053_08.png,-2.11714448928833,91.63736724853516,92.90618133544922,-1.2688140869140625,117.02957153320312,117.59034729003906,-0.5607757568359375,0.2561318576335907,0.2559089660644531,-0.00022289156913757324,0.35486453771591187,0.336933970451355,-0.017930567264556885,0.29758286476135254,0.3035634756088257,0.0059806108474731445,0.5866897106170654,0.5839138627052307,0.002775847911834717,0.1532180905342102,0.1532180905342102,100.38482475280762
crack0053_09.png,1.5572399616241457,93.38297271728516,94.75385284423828,-1.370880126953125,117.65448760986328,113.83818054199219,3.8163070678710938,0.2436584085226059,0.23154816031455994,-0.01211024820804596,0.1440834403038025,0.20041805505752563,0.056334614753723145,0.2203177809715271,0.2411355972290039,0.020817816257476807,0.5929027199745178,0.5899769067764282,0.0029258131980895996,0.1429348587989807,0.1429348587989807,103.89163196086884
crack0054_00.png,-0.0538505554199219,93.82880401611328,94.17788696289062,-0.34908294677734375,103.97201538085938,103.923583984375,0.048431396484375,0.2831994593143463,0.2812546491622925,-0.001944810152053833,0.41283267736434937,0.41685986518859863,0.004027187824249268,0.42530083656311035,0.4339591860771179,0.008658349514007568,0.5787274241447449,0.5719684958457947,0.006758928298950195,0.1471952199935913,0.1471952199935913,100.2771635055542
crack0054_01.png,-0.6549026489257812,100.84675598144531,100.70938873291016,0.13736724853515625,108.73954772949219,108.44151306152344,0.29803466796875,0.2849878668785095,0.28228187561035156,-0.002705991268157959,0.4129679203033447,0.39734214544296265,-0.01562577486038208,0.4036617875099182,0.386971116065979,-0.01669067144393921,0.5767589211463928,0.5785082578659058,-0.0017493367195129395,0.21398842334747314,0.21398842334747314,106.98149013519287
crack0054_02.png,0.9145766258239746,87.63496398925781,87.35285186767578,0.28211212158203125,103.37419128417969,103.46286010742188,-0.0886688232421875,0.19217298924922943,0.2005365937948227,0.008363604545593262,0.46820300817489624,0.46587496995925903,-0.002328038215637207,0.41506868600845337,0.41290849447250366,-0.002160191535949707,0.5793387293815613,0.5770395994186401,0.0022991299629211426,0.17496246099472046,0.17496246099472046,99.13707774877548
crack0054_03.png,1.0590312004089355,88.33402252197266,88.02640533447266,0.3076171875,98.15193939208984,98.00643920898438,0.14550018310546875,0.31048694252967834,0.2992671728134155,-0.011219769716262817,0.36903196573257446,0.4072139859199524,0.03818202018737793,0.4206313490867615,0.4457070231437683,0.025075674057006836,0.576409101486206,0.5748212337493896,0.0015878677368164062,0.1450170874595642,0.1450170874595642,93.28054761886597
crack0054_04.png,0.42014203071594236,100.32593536376953,100.25235748291016,0.073577880859375,102.06379699707031,102.31161499023438,-0.2478179931640625,0.21217480301856995,0.20842187106609344,-0.0037529319524765015,0.5023247003555298,0.5187199115753174,0.016395211219787598,0.45032167434692383,0.45437103509902954,0.004049360752105713,0.5832641124725342,0.581011176109314,0.002252936363220215,0.21593201160430908,0.21593201160430908,111.1143986582756
crack0054_05.png,-0.9916227340698243,98.63459777832031,99.23587036132812,-0.6012725830078125,106.94430541992188,106.9629898071289,-0.01868438720703125,0.22878436744213104,0.22433267533779144,-0.0044516921043396,0.46642082929611206,0.4628918766975403,-0.0035289525985717773,0.4469623565673828,0.445578396320343,-0.001383960247039795,0.5903767943382263,0.5875163674354553,0.002860426902770996,0.2081020176410675,0.2081020176410675,109.09034532308578
crack0054_06.png,-0.025101518630981423,90.13275146484375,90.37863159179688,-0.245880126953125,101.31719970703125,100.80933380126953,0.5078659057617188,0.18720515072345734,0.1847129762172699,-0.002492174506187439,0.39337146282196045,0.3974432945251465,0.004071831703186035,0.3812021017074585,0.3952484726905823,0.01404637098312378,0.5825759172439575,0.5812225937843323,0.0013533234596252441,0.15128196775913239,0.15128196775913239,102.47594964504242
crack0054_07.png,0.06492419242858882,85.3374252319336,85.8206787109375,-0.48325347900390625,99.12037658691406,98.48831176757812,0.6320648193359375,0.24627359211444855,0.23015838861465454,-0.016115203499794006,0.39060384035110474,0.4315444231033325,0.04094058275222778,0.3621295690536499,0.37724024057388306,0.015110671520233154,0.5762975811958313,0.5776239633560181,-0.0013263821601867676,0.13269445300102234,0.13269445300102234,94.874507188797
crack0054_08.png,-1.1426027297973633,96.86729431152344,97.70861053466797,-0.8413162231445312,107.27737426757812,107.69469451904297,-0.41732025146484375,0.29871866106987,0.29070746898651123,-0.008011192083358765,0.4662895202636719,0.4783339500427246,0.012044429779052734,0.42853397130966187,0.43078911304473877,0.0022551417350769043,0.5763283371925354,0.575709342956543,0.0006189942359924316,0.19405196607112885,0.19405196607112885,102.89863777160645
crack0054_09.png,-0.4092679977416992,94.34255981445312,94.49695587158203,-0.15439605712890625,98.62064361572266,98.28108215332031,0.33956146240234375,0.21980208158493042,0.21124038100242615,-0.008561700582504272,0.3873595595359802,0.39582663774490356,0.00846707820892334,0.3582879900932312,0.3683960437774658,0.01010805368423462,0.5769165754318237,0.5780276656150818,-0.0011110901832580566,0.16122114658355713,0.16122114658355713,104.86644160747528
crack0055_00.png,-1.2892906665802002,104.08966064453125,103.78308868408203,0.30657196044921875,113.17776489257812,112.86713409423828,0.31063079833984375,0.235595703125,0.2149035483598709,-0.02069215476512909,0.0,0.0,0.0,0.0,0.0053043365478515625,0.0053043365478515625,0.574636697769165,0.5762552618980408,-0.0016185641288757324,0.1481524407863617,0.1481524407863617,114.09237223863602
crack0055_01.png,-2.1772749423980713,96.91181182861328,98.74610137939453,-1.83428955078125,114.27764129638672,114.5564956665039,-0.2788543701171875,0.2628685534000397,0.23427684605121613,-0.028591707348823547,0.0,0.05120128393173218,0.05120128393173218,0.2304709553718567,0.2534380555152893,0.022967100143432617,0.5826758742332458,0.5824798345565796,0.00019603967666625977,0.15289011597633362,0.15289011597633362,107.07938081026077
crack0055_02.png,1.0660791397094727,116.80546569824219,116.9844970703125,-0.1790313720703125,102.8348617553711,102.71725463867188,0.11760711669921875,0.27407562732696533,0.25750622153282166,-0.016569405794143677,0.040666818618774414,0.10569500923156738,0.06502819061279297,0.24253106117248535,0.27074843645095825,0.0282173752784729,0.5769780874252319,0.5789157748222351,-0.0019376873970031738,0.13135972619056702,0.13135972619056702,124.60123908519745
crack0055_03.png,-2.702278423309326,113.13387298583984,113.9488525390625,-0.8149795532226562,101.56722259521484,101.65445709228516,-0.0872344970703125,0.30598658323287964,0.2844039797782898,-0.021582603454589844,0.0,0.0,0.0,0.107593834400177,0.13043248653411865,0.02283865213394165,0.5740792155265808,0.5772241353988647,-0.0031449198722839355,0.14517280459403992,0.14517280459403992,119.56608939170837
crack0055_04.png,-1.0688465118408204,86.31646728515625,86.69597625732422,-0.37950897216796875,114.36763000488281,113.77638244628906,0.59124755859375,0.28029388189315796,0.2675982713699341,-0.012695610523223877,0.0,0.0,0.0,0.0,0.046320974826812744,0.046320974826812744,0.5804575085639954,0.5782122015953064,0.002245306968688965,0.12368130683898926,0.12368130683898926,93.668625831604
crack0055_05.png,-5.348542881011963,110.93020629882812,112.43773651123047,-1.5075302124023438,112.94688415527344,112.99659729003906,-0.049713134765625,0.2159147709608078,0.2076600342988968,-0.00825473666191101,0.36573219299316406,0.28533709049224854,-0.08039510250091553,0.382568359375,0.3587477207183838,-0.02382063865661621,0.5733102560043335,0.5719338655471802,0.0013763904571533203,0.11199603974819183,0.11199603974819183,122.15677958726883
crack0055_06.png,-1.5367329835891723,119.82635498046875,121.10054779052734,-1.2741928100585938,111.26432800292969,110.44444274902344,0.81988525390625,0.1245490089058876,0.11758553981781006,-0.006963469088077545,0.21044683456420898,0.20505547523498535,-0.005391359329223633,0.2505553364753723,0.2520446181297302,0.0014892816543579102,0.5854863524436951,0.5809304118156433,0.004555940628051758,0.15917181968688965,0.15917181968688965,136.82777309417725
crack0055_07.png,0.9927512168884278,96.16605377197266,95.29816436767578,0.867889404296875,104.24705505371094,104.43986511230469,-0.19281005859375,0.27421891689300537,0.27751845121383667,0.003299534320831299,0.0,0.0,0.0,0.10045069456100464,0.13391101360321045,0.03346031904220581,0.5719338655471802,0.5734832882881165,-0.0015494227409362793,0.12792518734931946,0.12792518734931946,102.21830558776855
crack0055_08.png,1.6054980278015136,85.78170776367188,86.64421081542969,-0.8625030517578125,107.70943450927734,107.51808166503906,0.19135284423828125,0.17628982663154602,0.1638796329498291,-0.012410193681716919,0.0,0.08385330438613892,0.08385330438613892,0.1902979016304016,0.2507532238960266,0.060455322265625,0.5758246779441833,0.5750710964202881,0.0007535815238952637,0.13175874948501587,0.13175874948501587,99.41316843032837
crack0055_09.png,-1.7623538970947266,112.09712982177734,113.59075164794922,-1.493621826171875,110.23422241210938,109.75799560546875,0.476226806640625,0.2112514227628708,0.20313896238803864,-0.008112460374832153,0.0,0.0,0.0,0.10365170240402222,0.11091941595077515,0.00726771354675293,0.586755096912384,0.5820107460021973,0.004744350910186768,0.19633886218070984,0.19633886218070984,124.12580686807632
crack0056_00.png,-1.6750871658325195,103.43079376220703,103.95701599121094,-0.5262222290039062,118.2047119140625,117.94108581542969,0.2636260986328125,0.38623741269111633,0.37036046385765076,-0.015876948833465576,0.0,0.0,0.0,0.09042578935623169,0.07082688808441162,-0.01959890127182007,0.5849058032035828,0.5845097899436951,0.0003960132598876953,0.09969661384820938,0.09969661384820938,104.86850917339325
crack0056_01.png,-2.622195339202881,112.36956787109375,114.96488952636719,-2.5953216552734375,119.8041000366211,121.13858032226562,-1.3344802856445312,0.4221782982349396,0.4265001714229584,0.004321873188018799,0.0,0.0,0.0,0.0580672025680542,0.08395320177078247,0.02588599920272827,0.5849288702011108,0.5808996558189392,0.004029214382171631,0.09474453330039978,0.09474453330039978,111.73368561267853
crack0056_02.png,-2.0912610054016114,83.66802978515625,85.71976470947266,-2.0517349243164062,114.23250579833984,115.80548095703125,-1.5729751586914062,0.4258177578449249,0.43216395378112793,0.006346195936203003,0.0,0.0,0.0,0.06884044408798218,0.036090970039367676,-0.0327494740486145,0.5869550108909607,0.5849058032035828,0.0020492076873779297,0.09475114941596985,0.09475114941596985,82.62303221225739
crack0056_03.png,-1.1240954399108887,87.25524139404297,89.5815200805664,-2.3262786865234375,113.958251953125,113.19882202148438,0.759429931640625,0.4488781690597534,0.4585627615451813,0.009684592485427856,0.0,0.0,0.0,0.026366055011749268,0.017373263835906982,-0.008992791175842285,0.5859169363975525,0.5828258395195007,0.003091096878051758,0.10096940398216248,0.10096940398216248,84.92236804962158
crack0056_04.png,-1.4338505744934082,108.84778594970703,109.45977783203125,-0.6119918823242188,116.03076171875,115.8994140625,0.13134765625,0.409892737865448,0.39830532670021057,-0.011587411165237427,0.0,0.0,0.0,0.05259186029434204,0.0342373251914978,-0.01835453510284424,0.5871511101722717,0.5858362317085266,0.0013148784637451172,0.10556571930646896,0.10556571930646896,108.74150669574738
crack0056_05.png,-1.9951935768127442,89.61048126220703,92.47657775878906,-2.8660964965820312,111.35726928710938,110.59950256347656,0.7577667236328125,0.4196382164955139,0.42591673135757446,0.006278514862060547,0.0,0.0,0.0,0.04198211431503296,0.05550271272659302,0.013520598411560059,0.585644006729126,0.584006130695343,0.001637876033782959,0.0933544784784317,0.0933544784784317,89.29099678993225
crack0056_06.png,-3.3029500007629395,92.3376693725586,94.96857452392578,-2.6309051513671875,113.84846496582031,113.53579711914062,0.3126678466796875,0.44081977009773254,0.4307578206062317,-0.010061949491500854,0.0,0.0,0.0,0.0,0.0,0.0,0.5882006883621216,0.5880045890808105,0.00019609928131103516,0.09509885311126709,0.09509885311126709,91.33568024635315
crack0056_07.png,-2.4414793968200685,113.96502685546875,117.54456329345703,-3.5795364379882812,125.47056579589844,124.80529022216797,0.6652755737304688,0.3585713803768158,0.36695438623428345,0.008383005857467651,0.0,0.0,0.0,0.039311885833740234,0.12668174505233765,0.08736985921859741,0.5871549248695374,0.582122266292572,0.005032658576965332,0.09341248124837875,0.09341248124837875,117.72670924663544
crack0056_08.png,1.8498811721801758,106.59259796142578,105.71389770507812,0.8787002563476562,118.24737548828125,117.21084594726562,1.036529541015625,0.3916599452495575,0.3987131714820862,0.0070532262325286865,0.0,0.0,0.0,0.004860281944274902,0.004436373710632324,-0.0004239082336425781,0.5891426205635071,0.5893348455429077,-0.00019222497940063477,0.10211107134819031,0.10211107134819031,106.22704493999481
crack0056_09.png,-3.7676782608032227,96.29642486572266,98.86759948730469,-2.5711746215820312,117.9951400756836,122.02288818359375,-4.027748107910156,0.4352233111858368,0.4396810233592987,0.004457712173461914,0.0,0.0,0.0,0.0,0.0,0.0,0.5812264680862427,0.5797770023345947,0.0014494657516479492,0.09165389835834503,0.09165389835834503,94.71767222881317
crack0057_00.png,0.6271938562393189,115.91168212890625,115.26371002197266,0.6479721069335938,110.42337036132812,110.24008178710938,0.18328857421875,0.11260337382555008,0.11457712948322296,0.001973755657672882,0.2272247076034546,0.22391986846923828,-0.0033048391342163086,0.26148903369903564,0.2586420774459839,-0.002846956253051758,0.5782275795936584,0.5812225937843323,-0.002995014190673828,0.16707733273506165,0.16707733273506165,132.08039739727974
crack0057_01.png,2.050174355506897,123.42832946777344,122.90205383300781,0.526275634765625,107.96502685546875,107.58706665039062,0.377960205078125,0.12171804904937744,0.11899582296609879,-0.002722226083278656,0.24521863460540771,0.28606516122817993,0.04084652662277222,0.28857678174972534,0.30432718992233276,0.015750408172607422,0.5735524892807007,0.574636697769165,-0.0010842084884643555,0.15566369891166687,0.15566369891166687,139.0109101831913
crack0057_02.png,-0.09096593856811519,139.39268493652344,140.4141387939453,-1.021453857421875,107.54428100585938,106.3442611694336,1.2000198364257812,0.08178244531154633,0.08220438659191132,0.00042194128036499023,0.342470645904541,0.3554454445838928,0.012974798679351807,0.367763876914978,0.3894343376159668,0.02167046070098877,0.579246461391449,0.5818031430244446,-0.0025566816329956055,0.13833153247833252,0.13833153247833252,158.26859086751938
crack0057_03.png,1.2271267652511597,123.26850128173828,122.45893859863281,0.8095626831054688,105.14886474609375,103.8818588256836,1.2670059204101562,0.10850232094526291,0.10646332800388336,-0.002038992941379547,0.42901837825775146,0.4297427535057068,0.0007243752479553223,0.4173884391784668,0.42425405979156494,0.0068656206130981445,0.5770972967147827,0.5759746432304382,0.0011226534843444824,0.1461758315563202,0.1461758315563202,139.55981212854385
crack0057_04.png,0.4960939884185791,120.46634674072266,120.51563262939453,-0.049285888671875,100.67338562011719,100.83222961425781,-0.158843994140625,0.10620001703500748,0.10362046211957932,-0.0025795549154281616,0.26212823390960693,0.27702009677886963,0.014891862869262695,0.26128220558166504,0.30714350938796997,0.04586130380630493,0.5753056406974792,0.569815456867218,0.0054901838302612305,0.1261599212884903,0.1261599212884903,137.285987585783
crack0057_05.png,2.8454245567321776,140.74998474121094,139.41433715820312,1.3356475830078125,106.89175415039062,105.71063232421875,1.181121826171875,0.08935533463954926,0.09366650879383087,0.004311174154281616,0.2398166060447693,0.2554934620857239,0.01567685604095459,0.2998369336128235,0.3078616261482239,0.00802469253540039,0.5746751427650452,0.5730411410331726,0.0016340017318725586,0.1532713770866394,0.1532713770866394,157.70784658193588
crack0057_06.png,1.0542951822280884,142.10670471191406,141.1287384033203,0.97796630859375,116.64988708496094,115.20732116699219,1.44256591796875,0.10215766727924347,0.11377962678670883,0.011621959507465363,0.22623658180236816,0.19155943393707275,-0.03467714786529541,0.26529383659362793,0.24690234661102295,-0.01839148998260498,0.5807189345359802,0.5818031430244446,-0.0010842084884643555,0.15897732973098755,0.15897732973098755,158.76038724184036
crack0057_07.png,-4.008088064193726,128.63955688476562,130.1993865966797,-1.5598297119140625,115.30615997314453,115.18363952636719,0.12252044677734375,0.1310025453567505,0.10405467450618744,-0.02694787085056305,0.273404598236084,0.26677173376083374,-0.006632864475250244,0.3235735297203064,0.2912845015525818,-0.03228902816772461,0.5796501636505127,0.5815532207489014,-0.0019030570983886719,0.13903434574604034,0.13903434574604034,146.43832010030746
crack0057_08.png,-0.8537563562393189,123.62501525878906,124.51702117919922,-0.8920059204101562,104.34640502929688,103.66795349121094,0.6784515380859375,0.08917681872844696,0.0838872566819191,-0.0052895620465278625,0.35297244787216187,0.3601146936416626,0.007142245769500732,0.35288357734680176,0.37687867879867554,0.02399510145187378,0.581430196762085,0.5838215947151184,-0.0023913979530334473,0.14151480793952942,0.14151480793952942,142.39064660668373
crack0057_09.png,0.8882215023040771,117.0611343383789,117.1650161743164,-0.1038818359375,102.7404556274414,102.58111572265625,0.15933990478515625,0.1701522022485733,0.169569194316864,-0.0005830079317092896,0.21682393550872803,0.2437635064125061,0.026939570903778076,0.2970292568206787,0.31501978635787964,0.017990529537200928,0.5743944644927979,0.5769588351249695,-0.002564370632171631,0.1412540078163147,0.1412540078163147,130.0172770023346
crack0058_00.png,-2.2431562423706053,123.4332504272461,124.44990539550781,-1.0166549682617188,115.71627044677734,113.77984619140625,1.9364242553710938,0.40896517038345337,0.38243699073791504,-0.02652817964553833,0.0,0.0,0.0,0.26514554023742676,0.2774714231491089,0.012325882911682129,0.5864359736442566,0.583406388759613,0.0030295848846435547,0.08855094760656357,0.08855094760656357,124.45279741287231
crack0058_01.png,-3.4839022636413572,167.21432495117188,170.79017639160156,-3.5758514404296875,119.59107208251953,119.81536865234375,-0.22429656982421875,0.3036576211452484,0.30465778708457947,0.0010001659393310547,0.0,0.0,0.0,0.18971115350723267,0.2191869616508484,0.029475808143615723,0.5849096775054932,0.5823683142662048,0.00254136323928833,0.08720401674509048,0.08720401674509048,174.17918050289154
crack0058_02.png,-0.884063720703125,142.19044494628906,143.0311737060547,-0.840728759765625,122.928466796875,122.36255645751953,0.5659103393554688,0.3565155565738678,0.3525426387786865,-0.003972917795181274,0.0,0.0,0.0,0.21532189846038818,0.22111821174621582,0.005796313285827637,0.5825220942497253,0.581318736076355,0.0012033581733703613,0.0918157696723938,0.0918157696723938,144.7591347694397
crack0058_03.png,-2.834819030761719,151.47100830078125,153.5144500732422,-2.0434417724609375,119.968994140625,119.54789733886719,0.4210968017578125,0.33790355920791626,0.32658252120018005,-0.011321038007736206,0.0,0.0,0.0,0.19570690393447876,0.21778088808059692,0.022073984146118164,0.5804383158683777,0.5817916393280029,-0.0013533234596252441,0.09643399715423584,0.09643399715423584,156.16944348812103
crack0058_04.png,-2.3253992080688475,157.95689392089844,161.3681182861328,-3.411224365234375,124.4738540649414,122.48707580566406,1.9867782592773438,0.3101006746292114,0.31338396668434143,0.003283292055130005,0.0,0.0,0.0,0.18702906370162964,0.2137293815612793,0.026700317859649658,0.5863168239593506,0.5856055617332458,0.0007112622261047363,0.09183710068464279,0.09183710068464279,164.50913858413696
crack0058_05.png,-4.701201343536377,119.63762664794922,123.8615493774414,-4.2239227294921875,113.10121154785156,110.3065414428711,2.7946701049804688,0.3107245862483978,0.3074931502342224,-0.003231436014175415,0.032154738903045654,0.0,-0.032154738903045654,0.33542752265930176,0.3296716809272766,-0.0057558417320251465,0.5864667296409607,0.5877277851104736,-0.0012610554695129395,0.08741968870162964,0.08741968870162964,126.80911040306091
crack0058_06.png,-2.0483819007873536,166.77174377441406,168.62623596191406,-1.8544921875,122.39939880371094,121.5133056640625,0.8860931396484375,0.3581755459308624,0.3514098823070526,-0.0067656636238098145,0.0,0.0,0.0,0.2979598641395569,0.28607767820358276,-0.011882185935974121,0.5815724730491638,0.5817493200302124,-0.00017684698104858398,0.09589288383722305,0.09589288383722305,169.8843697309494
crack0058_07.png,-3.492625904083252,164.0294189453125,167.5823211669922,-3.5529022216796875,121.28590393066406,120.95765686035156,0.3282470703125,0.3057422935962677,0.3043450713157654,-0.0013972222805023193,0.0,0.0,0.0,0.2785308361053467,0.2832314968109131,0.004700660705566406,0.5849942564964294,0.5839753746986389,0.0010188817977905273,0.09714149683713913,0.09714149683713913,170.9449360370636
crack0058_08.png,-0.6977198600769043,157.9654083251953,159.0399932861328,-1.0745849609375,118.90458679199219,118.1578140258789,0.7467727661132812,0.3351345956325531,0.3362153470516205,0.0010807514190673828,0.0,0.0,0.0,0.2673121690750122,0.2628093957901001,-0.004502773284912109,0.5828873515129089,0.5830949544906616,-0.00020760297775268555,0.09420793503522873,0.09420793503522873,161.71842324733734
crack0058_09.png,0.10109529495239256,155.23974609375,154.92135620117188,0.318389892578125,118.61897277832031,118.15306091308594,0.465911865234375,0.2916678190231323,0.2883560061454773,-0.0033118128776550293,0.0,0.0,0.0,0.28603196144104004,0.3299497961997986,0.043917834758758545,0.5837408900260925,0.5872087478637695,-0.003467857837677002,0.09076611697673798,0.09076611697673798,161.26754069328308
crack0059_00.png,-0.7351251602172852,101.38859558105469,101.27935028076172,0.10924530029296875,104.66828918457031,104.63272094726562,0.0355682373046875,0.3200747072696686,0.30444785952568054,-0.015626847743988037,0.39149707555770874,0.39573413133621216,0.004237055778503418,0.3328382968902588,0.3275325298309326,-0.005305767059326172,0.5783429145812988,0.5727912187576294,0.005551695823669434,0.1704489290714264,0.1704489290714264,106.20081794261932
crack0059_01.png,2.5340657234191895,106.87479400634766,104.93119049072266,1.943603515625,106.45960235595703,105.52168273925781,0.9379196166992188,0.3649282455444336,0.37464407086372375,0.009715825319290161,0.18239569664001465,0.1691461205482483,-0.013249576091766357,0.21675246953964233,0.22211754322052002,0.0053650736808776855,0.5762091279029846,0.577008843421936,-0.000799715518951416,0.16093288362026215,0.16093288362026215,107.08765125274658
crack0059_02.png,3.320436429977417,94.98761749267578,94.5715103149414,0.416107177734375,109.79534912109375,108.8140869140625,0.98126220703125,0.2435973733663559,0.2680741548538208,0.024476781487464905,0.2997945547103882,0.31089532375335693,0.01110076904296875,0.3583541512489319,0.36855369806289673,0.010199546813964844,0.5785428881645203,0.5758016109466553,0.0027412772178649902,0.1872509866952896,0.1872509866952896,103.30543702840805
crack0059_03.png,2.034104585647583,102.43977355957031,100.6603775024414,1.7793960571289062,113.08732604980469,112.10466003417969,0.982666015625,0.21763642132282257,0.23039865493774414,0.01276223361492157,0.351914644241333,0.3250112533569336,-0.026903390884399414,0.3458612561225891,0.35022515058517456,0.004363894462585449,0.5795809030532837,0.5816609263420105,-0.0020800232887268066,0.1497000753879547,0.1497000753879547,111.75832730531693
crack0059_04.png,-0.34267668724060063,109.5038070678711,111.31963348388672,-1.815826416015625,110.5663833618164,109.49978637695312,1.0665969848632812,0.23135751485824585,0.24105004966259003,0.009692534804344177,0.2617260217666626,0.2694764733314514,0.007750451564788818,0.34608232975006104,0.34951919317245483,0.003436863422393799,0.5841445326805115,0.5851172804832458,-0.000972747802734375,0.17058447003364563,0.17058447003364563,119.93496060371399
crack0059_05.png,1.6771530151367187,103.51616668701172,102.49131774902344,1.0248489379882812,113.2437744140625,112.0057373046875,1.238037109375,0.25725749135017395,0.2625540494918823,0.005296558141708374,0.1881149411201477,0.18198347091674805,-0.006131470203399658,0.26608937978744507,0.22981733083724976,-0.03627204895019531,0.5720376968383789,0.5725721120834351,-0.0005344152450561523,0.13764458894729614,0.13764458894729614,110.47117722034454
crack0059_06.png,-3.0194644927978516,98.92859649658203,99.51005554199219,-0.5814590454101562,110.00650024414062,109.69613647460938,0.31036376953125,0.2960873544216156,0.2884243428707123,-0.00766301155090332,0.34311234951019287,0.2943692207336426,-0.04874312877655029,0.3559863567352295,0.3060591220855713,-0.0499272346496582,0.5758092999458313,0.5757939219474792,1.537799835205078e-05,0.18063582479953766,0.18063582479953766,104.94623744487762
crack0059_07.png,1.4370083808898926,104.41695404052734,103.50047302246094,0.9164810180664062,117.26004028320312,116.59552001953125,0.664520263671875,0.2650875747203827,0.2825990617275238,0.017511487007141113,0.19581806659698486,0.1669631004333496,-0.028854966163635254,0.27025800943374634,0.2824077010154724,0.012149691581726074,0.5796809196472168,0.5794809460639954,0.00019997358322143555,0.15005925297737122,0.15005925297737122,111.24069583415985
crack0059_08.png,1.023841905593872,109.40147399902344,109.10602569580078,0.29544830322265625,116.55673217773438,115.89630126953125,0.660430908203125,0.23207075893878937,0.2575114667415619,0.025440707802772522,0.33480459451675415,0.29546719789505005,-0.0393373966217041,0.401300847530365,0.3676644563674927,-0.033636391162872314,0.5815032720565796,0.5814417600631714,6.151199340820312e-05,0.13844357430934906,0.13844357430934906,118.58963519334793
crack0059_09.png,-1.3340380668640137,102.07242584228516,102.59225463867188,-0.5198287963867188,114.20927429199219,115.19368743896484,-0.9844131469726562,0.25766292214393616,0.2624613642692566,0.004798442125320435,0.23186194896697998,0.21624070405960083,-0.01562124490737915,0.30538153648376465,0.2973160743713379,-0.008065462112426758,0.5757400989532471,0.5802268385887146,-0.004486739635467529,0.14365914463996887,0.14365914463996887,110.08163845539093
crack0060_00.png,-1.9252543449401855,117.39623260498047,118.02481842041016,-0.6285858154296875,111.6232681274414,111.05976104736328,0.563507080078125,0.30168354511260986,0.2856625020503998,-0.016021043062210083,0.07792502641677856,0.07010835409164429,-0.007816672325134277,0.18669724464416504,0.1724749207496643,-0.014222323894500732,0.58882737159729,0.5870203971862793,0.0018069744110107422,0.1227245032787323,0.1227245032787323,124.12387025356293
crack0060_01.png,-0.6282151222229004,105.83271789550781,105.2021484375,0.6305694580078125,107.093505859375,107.06973266601562,0.023773193359375,0.24456816911697388,0.25149965286254883,0.006931483745574951,0.2276298999786377,0.1800987720489502,-0.0475311279296875,0.21353864669799805,0.1734483242034912,-0.040090322494506836,0.5864629149436951,0.584502100944519,0.0019608139991760254,0.12343297898769379,0.12343297898769379,114.30185961723328
crack0060_02.png,0.6384036540985107,113.41992950439453,112.4005126953125,1.0194168090820312,110.17449951171875,107.74701690673828,2.4274826049804688,0.19816870987415314,0.1914571225643158,-0.006711587309837341,0.2534254193305969,0.22866934537887573,-0.02475607395172119,0.2916615605354309,0.26839858293533325,-0.023262977600097656,0.5905420780181885,0.5861629843711853,0.004379093647003174,0.10654997080564499,0.10654997080564499,125.0444768667221
crack0060_03.png,0.32332611083984375,114.31977081298828,114.4693832397461,-0.1496124267578125,110.26432800292969,110.4053955078125,-0.1410675048828125,0.26209259033203125,0.26876699924468994,0.006674408912658691,0.16042691469192505,0.16006231307983398,-0.00036460161209106445,0.19662845134735107,0.19730961322784424,0.0006811618804931641,0.5877854824066162,0.587535560131073,0.0002499222755432129,0.13557150959968567,0.13557150959968567,122.18044090270996
crack0060_04.png,2.257365846633911,112.86184692382812,110.86589813232422,1.9959487915039062,110.76939392089844,110.86062622070312,-0.0912322998046875,0.21070869266986847,0.2283841371536255,0.01767544448375702,0.06856667995452881,0.037557005882263184,-0.031009674072265625,0.025906920433044434,0.0,-0.025906920433044434,0.5817147493362427,0.5786082148551941,0.003106534481048584,0.1090487539768219,0.1090487539768219,122.48994094133377
crack0060_05.png,0.5134787559509277,114.76195526123047,112.74560546875,2.0163497924804688,105.40374755859375,104.64889526367188,0.754852294921875,0.28651389479637146,0.27674663066864014,-0.009767264127731323,0.07194709777832031,0.04536557197570801,-0.026581525802612305,0.1736466884613037,0.16731661558151245,-0.00633007287979126,0.5855632424354553,0.5845674872398376,0.0009957551956176758,0.12135475128889084,0.12135475128889084,120.57151222229004
crack0060_06.png,1.470539855957031,117.95361328125,117.39656829833984,0.5570449829101562,110.82269287109375,112.45474243164062,-1.632049560546875,0.26231008768081665,0.27423596382141113,0.011925876140594482,0.16760563850402832,0.1813930869102478,0.013787448406219482,0.24730873107910156,0.24767208099365234,0.00036334991455078125,0.584690511226654,0.5831718444824219,0.0015186667442321777,0.13528254628181458,0.13528254628181458,125.32410597801208
crack0060_07.png,1.4222332954406738,110.70370483398438,110.72478485107422,-0.02108001708984375,109.37905883789062,109.51359558105469,-0.1345367431640625,0.25305822491645813,0.2745668292045593,0.021508604288101196,0.1708846092224121,0.16581076383590698,-0.005073845386505127,0.16045516729354858,0.15818434953689575,-0.002270817756652832,0.5806920528411865,0.5812072157859802,-0.0005151629447937012,0.12170270830392838,0.12170270830392838,118.77903997898102
crack0060_08.png,1.1983927726745605,108.9703598022461,107.4242172241211,1.546142578125,107.6783676147461,106.816650390625,0.8617172241210938,0.24711108207702637,0.23953822255134583,-0.007572859525680542,0.2834125757217407,0.27626848220825195,-0.0071440935134887695,0.2928312420845032,0.31348878145217896,0.02065753936767578,0.5897501111030579,0.5847712159156799,0.00497889518737793,0.13358506560325623,0.13358506560325623,117.41499960422516
crack0060_09.png,1.098249626159668,112.89862060546875,111.60714721679688,1.291473388671875,105.66481018066406,105.38968658447266,0.27512359619140625,0.23107565939426422,0.23808158934116364,0.007005929946899414,0.21037715673446655,0.18892574310302734,-0.02145141363143921,0.21832358837127686,0.1782638430595398,-0.04005974531173706,0.5821107029914856,0.5822529792785645,-0.00014227628707885742,0.11264131218194962,0.11264131218194962,121.67846351861954
crack0061_00.png,1.9482560634613035,99.279052734375,97.71241760253906,1.5666351318359375,110.85778045654297,110.28642272949219,0.5713577270507812,0.1946820318698883,0.19882069528102875,0.004138663411140442,0.4543575048446655,0.4485768675804138,-0.005780637264251709,0.3833717703819275,0.3798385262489319,-0.0035332441329956055,0.5846558809280396,0.5833256244659424,0.001330256462097168,0.1689995974302292,0.1689995974302292,110.20104849338531
crack0061_01.png,6.129028940200806,103.7542724609375,100.55241394042969,3.2018585205078125,112.59834289550781,111.41928100585938,1.1790618896484375,0.22093768417835236,0.2507994771003723,0.02986179292201996,0.16317254304885864,0.16202712059020996,-0.0011454224586486816,0.2070838212966919,0.23983871936798096,0.03275489807128906,0.5823452472686768,0.5795347690582275,0.0028104782104492188,0.11145859956741333,0.11145859956741333,112.19089204072952
crack0061_02.png,1.3937860965728759,91.51476287841797,90.25218963623047,1.2625732421875,109.26271057128906,108.13243865966797,1.1302719116210938,0.24695752561092377,0.23548075556755066,-0.011476770043373108,0.3718329071998596,0.37849026918411255,0.00665736198425293,0.3470458388328552,0.34936535358428955,0.002319514751434326,0.5875163674354553,0.5792425870895386,0.008273780345916748,0.1438511610031128,0.1438511610031128,100.25528562068939
crack0061_03.png,7.192117977142335,89.92559814453125,85.10079193115234,4.824806213378906,110.31808471679688,107.82205963134766,2.4960250854492188,0.15931136906147003,0.20101888477802277,0.041707515716552734,0.23272466659545898,0.18159830570220947,-0.05112636089324951,0.23226088285446167,0.23158156871795654,-0.000679314136505127,0.5850518941879272,0.5831180214881897,0.0019338726997375488,0.12008385360240936,0.12008385360240936,101.35658866167068
crack0061_04.png,2.0153852462768556,98.88847351074219,97.34239959716797,1.5460739135742188,119.80397033691406,117.49590301513672,2.3080673217773438,0.2121112197637558,0.20782680809497833,-0.004284411668777466,0.3401148319244385,0.3359670639038086,-0.004147768020629883,0.33425402641296387,0.340331494808197,0.006077468395233154,0.5889465808868408,0.5875778794288635,0.001368701457977295,0.16175615787506104,0.16175615787506104,109.20369130373001
crack0061_05.png,2.1820427417755126,76.05096435546875,74.95457458496094,1.0963897705078125,104.86347198486328,104.15880584716797,0.7046661376953125,0.1634022742509842,0.1719675064086914,0.008565232157707214,0.4410499930381775,0.4396812915802002,-0.001368701457977295,0.31556570529937744,0.29703593254089355,-0.018529772758483887,0.5835332274436951,0.5792003273963928,0.004332900047302246,0.1358231008052826,0.1358231008052826,89.0399621129036
crack0061_06.png,-2.2817463874816895,87.4848861694336,88.56119537353516,-1.0763092041015625,106.35538482666016,105.87530517578125,0.48007965087890625,0.2485702782869339,0.2295505851507187,-0.01901969313621521,0.4456784129142761,0.45079952478408813,0.005121111869812012,0.32818466424942017,0.3228877782821655,-0.005296885967254639,0.5817723870277405,0.5837908387184143,-0.002018451690673828,0.15266145765781403,0.15266145765781403,97.60163921117783
crack0061_07.png,0.10989675521850584,96.2185287475586,95.70494079589844,0.5135879516601562,113.15609741210938,112.8210678100586,0.33502960205078125,0.2748264968395233,0.27764302492141724,0.002816528081893921,0.37057220935821533,0.3475019931793213,-0.023070216178894043,0.34599268436431885,0.3310864567756653,-0.014906227588653564,0.5872779488563538,0.5832833647727966,0.003994584083557129,0.1882626861333847,0.1882626861333847,102.96326291561127
crack0061_08.png,2.7689478397369385,111.92903137207031,110.82569122314453,1.1033401489257812,112.71195983886719,111.32798767089844,1.38397216796875,0.15798918902873993,0.17579463124275208,0.017805442214012146,0.3996972441673279,0.39076805114746094,-0.008929193019866943,0.3623214364051819,0.38051658868789673,0.018195152282714844,0.585478663444519,0.584359884262085,0.001118779182434082,0.12944373488426208,0.12944373488426208,125.31715649366379
crack0061_09.png,1.2454789638519288,90.65628051757812,89.25497436523438,1.40130615234375,105.02368927001953,104.19721221923828,0.82647705078125,0.12626954913139343,0.12526489794254303,-0.0010046511888504028,0.4079711437225342,0.3941829204559326,-0.013788223266601562,0.3515748381614685,0.3459439277648926,-0.005630910396575928,0.5814878940582275,0.5778508186340332,0.003637075424194336,0.14931327104568481,0.14931327104568481,105.69924932718277
crack0062_00.png,0.01117019653320317,108.12589263916016,109.75520324707031,-1.6293106079101562,105.98175811767578,106.22544860839844,-0.24369049072265625,0.3076383173465729,0.32560643553733826,0.01796811819076538,0.5272596478462219,0.5383286476135254,0.011068999767303467,0.5034443736076355,0.5077007412910461,0.0042563676834106445,0.5782160758972168,0.5817723870277405,-0.0035563111305236816,0.13484975695610046,0.13484975695610046,113.75314438343048
crack0062_01.png,0.9284214973449707,109.32769012451172,110.56470489501953,-1.2370147705078125,109.9457778930664,108.30423736572266,1.64154052734375,0.3736048638820648,0.37871360778808594,0.005108743906021118,0.4692539572715759,0.4942386746406555,0.02498471736907959,0.4637690782546997,0.4754423499107361,0.011673271656036377,0.5829988718032837,0.5804805755615234,0.002518296241760254,0.15323269367218018,0.15323269367218018,110.84986054897308
crack0062_02.png,-1.5387134552001953,114.39054107666016,116.40973663330078,-2.019195556640625,110.12025451660156,110.95635986328125,-0.8361053466796875,0.3891456127166748,0.3908093571662903,0.0016637444496154785,0.5418990850448608,0.5553076267242432,0.013408541679382324,0.4816116690635681,0.48658692836761475,0.004975259304046631,0.5831218957901001,0.5794848203659058,0.003637075424194336,0.1309087574481964,0.1309087574481964,115.37627792358398
crack0062_03.png,0.39592657089233396,107.00621032714844,107.77582550048828,-0.7696151733398438,109.94292449951172,109.40628814697266,0.5366363525390625,0.3082512319087982,0.3135118782520294,0.005260646343231201,0.4420967698097229,0.45819276571273804,0.016095995903015137,0.41959184408187866,0.42257457971572876,0.0029827356338500977,0.5782198905944824,0.5810649991035461,-0.0028451085090637207,0.15827657282352448,0.15827657282352448,112.13854396343231
crack0062_04.png,0.06521100997924811,115.14928436279297,116.14826202392578,-0.9989776611328125,114.25707244873047,112.66282653808594,1.5942459106445312,0.4307706356048584,0.42455118894577026,-0.006219446659088135,0.4597727060317993,0.4821779727935791,0.022405266761779785,0.4477390646934509,0.46199870109558105,0.014259636402130127,0.590080738067627,0.5893848538398743,0.0006958842277526855,0.17064610123634338,0.17064610123634338,113.77893137931824
crack0062_05.png,1.3724639415740967,112.21533966064453,113.83788299560547,-1.6225433349609375,110.86468505859375,110.73979187011719,0.1248931884765625,0.19694355130195618,0.22460855543613434,0.02766500413417816,0.48785972595214844,0.5081090927124023,0.020249366760253906,0.4404575824737549,0.45564496517181396,0.015187382698059082,0.5810534358024597,0.5830065608024597,-0.001953125,0.12238278239965439,0.12238278239965439,124.53026068210602
crack0062_06.png,-0.3644215583801269,107.18689727783203,108.43058013916016,-1.243682861328125,111.21832275390625,110.52470397949219,0.6936187744140625,0.31052374839782715,0.312473863363266,0.0019501149654388428,0.4945945739746094,0.5063778758049011,0.011783301830291748,0.48532581329345703,0.48826658725738525,0.0029407739639282227,0.5863629579544067,0.5870011448860168,-0.0006381869316101074,0.14846667647361755,0.14846667647361755,112.65735960006714
crack0062_07.png,-1.778800106048584,114.11368560791016,115.30267333984375,-1.1889877319335938,115.95616149902344,116.16145324707031,-0.205291748046875,0.3139016926288605,0.30524808168411255,-0.008653610944747925,0.48692142963409424,0.49460816383361816,0.007686734199523926,0.4918619990348816,0.49534326791763306,0.003481268882751465,0.5779238939285278,0.5809957981109619,-0.003071904182434082,0.17164647579193115,0.17164647579193115,119.63312649726868
crack0062_08.png,-1.6640202522277834,105.84036254882812,107.17855834960938,-1.33819580078125,111.24787902832031,110.38694763183594,0.860931396484375,0.3381119966506958,0.31865641474723816,-0.01945558190345764,0.45666396617889404,0.48120003938674927,0.024536073207855225,0.44625216722488403,0.4564031958580017,0.010151028633117676,0.5814263820648193,0.5838062167167664,-0.0023798346519470215,0.17673081159591675,0.17673081159591675,110.74232423305511
crack0062_09.png,-0.41153020858764644,113.69126892089844,113.39598083496094,0.2952880859375,115.10977172851562,113.67991638183594,1.4298553466796875,0.3519222140312195,0.3349163234233856,-0.017005890607833862,0.47577083110809326,0.4754260182380676,-0.00034481287002563477,0.4571436643600464,0.4630882143974304,0.005944550037384033,0.5829527378082275,0.5805651545524597,0.0023875832557678223,0.17180417478084564,0.17180417478084564,116.76675498485565
crack0063_00.png,1.0719924926757813,111.1303482055664,110.73403930664062,0.39630889892578125,109.07357788085938,108.1307144165039,0.9428634643554688,0.30148160457611084,0.29997602105140686,-0.0015055835247039795,0.3084576725959778,0.31603336334228516,0.007575690746307373,0.2596192955970764,0.2644580006599426,0.004838705062866211,0.5910188555717468,0.5881199240684509,0.0028989315032958984,0.15597298741340637,0.15597298741340637,116.57438671588898
crack0063_01.png,-1.162584972381592,100.67365264892578,97.94696044921875,2.7266921997070312,109.88860321044922,110.8953857421875,-1.0067825317382812,0.2862287759780884,0.243706613779068,-0.042522162199020386,0.3325393795967102,0.3260597586631775,-0.006479620933532715,0.2119542956352234,0.23424643278121948,0.022292137145996094,0.5910764932632446,0.5867166519165039,0.004359841346740723,0.1891382336616516,0.1891382336616516,108.33096945285797
crack0063_02.png,3.5981207847595216,111.9260482788086,110.03819274902344,1.8878555297851562,112.47869873046875,112.39337921142578,0.08531951904296875,0.21417205035686493,0.23085011541843414,0.016678065061569214,0.28504496812820435,0.2908010482788086,0.005756080150604248,0.2531355023384094,0.25778084993362427,0.004645347595214844,0.5844675302505493,0.5816763043403625,0.0027912259101867676,0.1389225423336029,0.1389225423336029,121.51049870252609
crack0063_03.png,3.258160877227783,124.10648345947266,122.98924255371094,1.1172409057617188,110.47483825683594,111.51614379882812,-1.0413055419921875,0.29634714126586914,0.2976289987564087,0.0012818574905395508,0.046061933040618896,0.10228627920150757,0.05622434616088867,0.0,0.04293113946914673,0.04293113946914673,0.5882314443588257,0.58308345079422,0.005147993564605713,0.14864420890808105,0.14864420890808105,129.29629230499268
crack0063_04.png,2.376086473464966,108.85652160644531,108.0667495727539,0.7897720336914062,106.09990692138672,104.96675109863281,1.1331558227539062,0.24028824269771576,0.2476336658000946,0.007345423102378845,0.22788041830062866,0.2413005828857422,0.013420164585113525,0.15168946981430054,0.1488294005393982,-0.0028600692749023438,0.5867858529090881,0.5865705609321594,0.00021529197692871094,0.14880096912384033,0.14880096912384033,117.51577514410019
crack0063_05.png,4.510383367538452,220.3566131591797,217.31591796875,3.0406951904296875,189.4644012451172,188.6215057373047,0.8428955078125,0.11392959952354431,0.12685208022594452,0.012922480702400208,0.0,0.0,0.0,0.009423434734344482,0.0,-0.009423434734344482,0.5958362221717834,0.5933679342269897,0.002468287944793701,0.16991664469242096,0.16991664469242096,235.83393847942352
crack0063_06.png,2.8638882637023926,110.30587768554688,108.81743621826172,1.4884414672851562,110.13926696777344,110.39912414550781,-0.259857177734375,0.29229629039764404,0.29668742418289185,0.004391133785247803,0.26433897018432617,0.2909766435623169,0.026637673377990723,0.2881028652191162,0.3055883049964905,0.017485439777374268,0.589615523815155,0.5880507230758667,0.00156480073928833,0.18904849886894226,0.18904849886894226,115.60850048065186
crack0063_07.png,-4.717146015167236,142.7149200439453,146.7500457763672,-4.035125732421875,134.69503784179688,136.82911682128906,-2.1340789794921875,0.3398819863796234,0.34230586886405945,0.002423882484436035,0.0,0.0,0.0,0.008699893951416016,0.03207743167877197,0.023377537727355957,0.5904421210289001,0.5909996032714844,-0.0005574822425842285,0.18813607096672058,0.18813607096672058,147.97954785823822
crack0063_08.png,1.9468788146972655,115.46086883544922,113.20980834960938,2.2510604858398438,109.12980651855469,110.20301818847656,-1.073211669921875,0.2693708837032318,0.2689635753631592,-0.00040730834007263184,0.2540092468261719,0.2527611255645752,-0.0012481212615966797,0.11640888452529907,0.1344042420387268,0.017995357513427734,0.5955671072006226,0.5903767943382263,0.00519031286239624,0.13706496357917786,0.13706496357917786,122.02020835876465
crack0063_09.png,2.3092004299163817,114.0948486328125,112.71577453613281,1.3790740966796875,108.97998809814453,108.19193267822266,0.788055419921875,0.18121659755706787,0.2048269659280777,0.023610368371009827,0.3164505362510681,0.2817842960357666,-0.034666240215301514,0.2538946866989136,0.2402486801147461,-0.01364600658416748,0.5860245823860168,0.5832064747810364,0.0028181076049804688,0.1393287479877472,0.1393287479877472,125.97329902648926
crack0064_00.png,4.322375869750976,110.31920623779297,106.24178314208984,4.077423095703125,105.28504943847656,105.75434875488281,-0.46929931640625,0.2886653542518616,0.29455628991127014,0.005890935659408569,0.0,0.0,0.0,0.0,0.0,0.0,0.5793886780738831,0.5803537368774414,-0.0009650588035583496,0.1057000607252121,0.1057000607252121,114.17472290992737
crack0064_01.png,5.586243057250977,119.34794616699219,114.39710998535156,4.950836181640625,103.50919342041016,103.24287414550781,0.26631927490234375,0.20733703672885895,0.21270619332790375,0.0053691565990448,0.0,0.0,0.0,0.0,0.019505321979522705,0.019505321979522705,0.5779392719268799,0.5754556059837341,0.002483665943145752,0.13111965358257294,0.13111965358257294,127.54987674951553
crack0064_02.png,-0.3685743331909179,83.44254302978516,82.83534240722656,0.6072006225585938,102.3067626953125,102.22765350341797,0.07910919189453125,0.25026601552963257,0.23850178718566895,-0.011764228343963623,0.0,0.0,0.0,0.0,0.0,0.0,0.5811188220977783,0.5827758312225342,-0.0016570091247558594,0.13528594374656677,0.13528594374656677,92.13986873626709
crack0064_03.png,3.9465886116027833,100.9750747680664,97.87705993652344,3.0980148315429688,108.10946655273438,107.74716186523438,0.3623046875,0.23504537343978882,0.24416205286979675,0.009116679430007935,0.0,0.0,0.0,0.0,0.0,0.0,0.5820684432983398,0.5827105045318604,-0.0006420612335205078,0.12938076257705688,0.12938076257705688,108.631765127182
crack0064_04.png,0.0570063591003418,107.801513671875,106.59025573730469,1.2112579345703125,107.0162582397461,108.258056640625,-1.2417984008789062,0.21904759109020233,0.20957507193088531,-0.009472519159317017,0.0,0.0,0.0,0.0,0.0,0.0,0.5868934988975525,0.5843867659568787,0.002506732940673828,0.11533595621585846,0.11533595621585846,118.09712034463882
crack0064_05.png,5.274254274368286,104.04342651367188,100.99286651611328,3.0505599975585938,103.8017578125,103.54338073730469,0.2583770751953125,0.2183009833097458,0.2427368462085724,0.0244358628988266,0.0,0.0,0.0,0.0,0.0,0.0,0.5848366022109985,0.5806997418403625,0.004136860370635986,0.1114705502986908,0.1114705502986908,112.81355160474777
crack0064_06.png,1.8711240768432618,127.5029296875,125.32984924316406,2.1730804443359375,103.82589721679688,104.29610443115234,-0.47020721435546875,0.28817200660705566,0.2869773209095001,-0.001194685697555542,0.0,0.0,0.0,0.0,0.0,0.0,0.5888773798942566,0.5893348455429077,-0.00045746564865112305,0.11630871891975403,0.11630871891975403,132.77114403247833
crack0064_07.png,2.410941743850708,92.08663177490234,90.656005859375,1.4306259155273438,106.873291015625,106.4802474975586,0.39304351806640625,0.18915316462516785,0.19764642417430878,0.00849325954914093,0.0,0.0,0.0,0.0,0.0,0.0,0.583706259727478,0.5801153182983398,0.0035909414291381836,0.10692232847213745,0.10692232847213745,103.37037932872772
crack0064_08.png,4.310831689834595,106.2317123413086,102.64049530029297,3.591217041015625,102.18820190429688,102.02499389648438,0.1632080078125,0.22261665761470795,0.2289772629737854,0.006360605359077454,0.0,0.0,0.0,0.0,0.0,0.0,0.5753902196884155,0.5717531442642212,0.003637075424194336,0.10253222286701202,0.10253222286701202,114.09471315145493
crack0064_09.png,3.0876785278320313,111.25397491455078,109.06842803955078,2.185546875,104.0074462890625,103.89073181152344,0.1167144775390625,0.2837091386318207,0.29117268323898315,0.007463544607162476,0.0,0.0,0.0,0.13375937938690186,0.11532610654830933,-0.01843327283859253,0.5845828652381897,0.5781238079071045,0.006459057331085205,0.10901565849781036,0.10901565849781036,116.52196776866913
crack0065_00.png,-1.4115542411804198,89.8183822631836,90.17191314697266,-0.3535308837890625,102.67900085449219,102.68794250488281,-0.008941650390625,0.35121023654937744,0.3364437222480774,-0.014766514301300049,0.0,0.0,0.0,0.25597667694091797,0.23463386297225952,-0.021342813968658447,0.58991539478302,0.5867435336112976,0.003171861171722412,0.16977302730083466,0.16977302730083466,93.40514016151428
crack0065_01.png,1.071162509918213,96.31387329101562,96.19037628173828,0.12349700927734375,104.86959838867188,104.52666473388672,0.34293365478515625,0.1392994374036789,0.14799077808856964,0.008691340684890747,0.0,0.0,0.0,0.0,0.0,0.0,0.5880353450775146,0.585155725479126,0.002879619598388672,0.14008349180221558,0.14008349180221558,111.4155723452568
crack0065_02.png,0.7827747344970704,96.66350555419922,97.37843322753906,-0.7149276733398438,108.34129333496094,107.984130859375,0.3571624755859375,0.30267229676246643,0.29231640696525574,-0.010355889797210693,0.0,0.053540825843811035,0.053540825843811035,0.09386241436004639,0.13867157697677612,0.044809162616729736,0.5844713449478149,0.5834294557571411,0.0010418891906738281,0.2562011480331421,0.2562011480331421,102.8608387708664
crack0065_03.png,2.3130663871765136,102.08318328857422,100.82003021240234,1.263153076171875,107.6816177368164,107.02757263183594,0.6540451049804688,0.15690858662128448,0.1670909970998764,0.010182410478591919,0.0,0.0,0.0,0.0,0.0,0.0,0.5802229642868042,0.5808804035186768,-0.0006574392318725586,0.15640142560005188,0.15640142560005188,115.27230769395828
crack0065_04.png,0.3595259666442871,100.57667541503906,100.38339233398438,0.1932830810546875,110.68470001220703,111.16234588623047,-0.4776458740234375,0.28090226650238037,0.2851993441581726,0.004297077655792236,0.0,0.0,0.0,0.17500662803649902,0.1070665717124939,-0.06794005632400513,0.5817916393280029,0.581453263759613,0.0003383755683898926,0.2003212720155716,0.2003212720155716,106.89756345748901
crack0065_05.png,0.07783937454223633,96.22685241699219,97.36114501953125,-1.1342926025390625,103.63076782226562,104.36261749267578,-0.7318496704101562,0.3094942271709442,0.326385498046875,0.016891270875930786,0.0015355944633483887,0.0,-0.0015355944633483887,0.2059093713760376,0.14043492078781128,-0.06547445058822632,0.5834294557571411,0.5780546069145203,0.00537484884262085,0.1844850331544876,0.1844850331544876,101.56152331829071
crack0065_06.png,-0.24570369720458984,95.6247787475586,95.22152709960938,0.40325164794921875,107.35394287109375,106.64456176757812,0.709381103515625,0.3178147077560425,0.3073938488960266,-0.01042085886001587,0.0,0.0,0.0,0.11366015672683716,0.1273859143257141,0.013725757598876953,0.5840599536895752,0.5865359306335449,-0.0024759769439697266,0.21376949548721313,0.21376949548721313,100.44095921516418
crack0065_07.png,2.265551280975342,105.13951873779297,104.24419403076172,0.89532470703125,106.70646667480469,105.71078491210938,0.9956817626953125,0.24870532751083374,0.25878632068634033,0.010080993175506592,0.0,0.0,0.0,0.0,0.0,0.0,0.5808073878288269,0.5766705274581909,0.004136860370635986,0.1386987268924713,0.1386987268924713,113.0018322467804
crack0065_08.png,1.929879093170166,98.43456268310547,96.65059661865234,1.783966064453125,105.70525360107422,104.81671905517578,0.8885345458984375,0.2648816704750061,0.2618669271469116,-0.0030147433280944824,0.0,0.0,0.0,0.0,0.0,0.0,0.5817570090293884,0.5809650421142578,0.0007919669151306152,0.15920878946781158,0.15920878946781158,105.10084438323975
crack0065_09.png,1.1167763233184815,107.63090515136719,107.58650970458984,0.04439544677734375,108.79373168945312,108.87240600585938,-0.07867431640625,0.20615270733833313,0.21841295063495636,0.01226024329662323,0.0,0.0,0.0,0.0,0.0,0.0,0.5915917158126831,0.5885159373283386,0.0030757784843444824,0.16055269539356232,0.16055269539356232,118.90321362018585
crack0066_00.png,-0.9405200958251954,133.18910217285156,134.65695190429688,-1.4678497314453125,120.20779418945312,117.57270812988281,2.6350860595703125,0.2500217854976654,0.23700979351997375,-0.01301199197769165,0.06836527585983276,0.07724237442016602,0.008877098560333252,0.2531910538673401,0.2795843482017517,0.02639329433441162,0.5895117521286011,0.5855324864387512,0.0039792656898498535,0.127351313829422,0.127351313829422,143.28290951251984
crack0066_01.png,-0.4050905704498291,107.23702239990234,107.66212463378906,-0.42510223388671875,117.36465454101562,115.40580749511719,1.9588470458984375,0.2439863234758377,0.2346201241016388,-0.009366199374198914,0.28621047735214233,0.2874079942703247,0.001197516918182373,0.37492847442626953,0.3750980496406555,0.00016957521438598633,0.5826912522315979,0.5842445492744446,-0.0015532970428466797,0.16142308712005615,0.16142308712005615,116.74214804172516
crack0066_02.png,-1.0526175498962402,99.78752899169922,101.26264190673828,-1.4751129150390625,111.89615631103516,109.10318756103516,2.79296875,0.214668408036232,0.2064216583967209,-0.008246749639511108,0.03531676530838013,0.03204387426376343,-0.0032728910446166992,0.2987903952598572,0.3002995252609253,0.0015091300010681152,0.5874509811401367,0.5850518941879272,0.0023990869522094727,0.12243487685918808,0.12243487685918808,111.63782519102097
crack0066_03.png,-0.7705471038818359,104.3764877319336,105.82963562011719,-1.4531478881835938,109.28822326660156,108.29537963867188,0.9928436279296875,0.2494945526123047,0.23833337426185608,-0.011161178350448608,0.15768754482269287,0.1867581605911255,0.029070615768432617,0.34310489892959595,0.3599739074707031,0.016869008541107178,0.5822145342826843,0.5818262100219727,0.0003883242607116699,0.1330152153968811,0.1330152153968811,114.0916405916214
crack0066_04.png,0.5664458274841309,136.97467041015625,136.67465209960938,0.300018310546875,116.66630554199219,115.78732299804688,0.8789825439453125,0.17890237271785736,0.17412234842777252,-0.004780024290084839,0.2791086435317993,0.2854515314102173,0.006342887878417969,0.34723109006881714,0.362454891204834,0.015223801136016846,0.5845328569412231,0.5834448337554932,0.0010880231857299805,0.1267601102590561,0.1267601102590561,149.7586346268654
crack0066_05.png,-3.1209611892700195,109.33203125,111.06138610839844,-1.7293548583984375,113.01448822021484,111.78558349609375,1.2289047241210938,0.2847992777824402,0.26092132925987244,-0.02387794852256775,0.0,0.0,0.0,0.19326627254486084,0.14181524515151978,-0.051451027393341064,0.578750491142273,0.5780737996101379,0.0006766915321350098,0.11652204394340515,0.11652204394340515,117.69144856929779
crack0066_06.png,-1.8073582172393798,102.42904663085938,103.67833709716797,-1.2492904663085938,112.9693603515625,109.53888702392578,3.4304733276367188,0.26630115509033203,0.24086381494998932,-0.025437340140342712,0.0,0.0,0.0,0.0,0.06976044178009033,0.06976044178009033,0.5854479074478149,0.5828296542167664,0.002618253231048584,0.10958243161439896,0.10958243161439896,112.01977926492691
crack0066_07.png,0.2953632831573487,112.13715362548828,112.10807037353516,0.029083251953125,119.95823669433594,117.8800048828125,2.0782318115234375,0.2552689015865326,0.24764685332775116,-0.007622048258781433,0.0,0.0,0.0,0.13004803657531738,0.13151347637176514,0.001465439796447754,0.5874894261360168,0.5863706469535828,0.001118779182434082,0.12190040946006775,0.12190040946006775,120.76337784528732
crack0066_08.png,0.056585502624511896,110.71366882324219,111.69451904296875,-0.9808502197265625,111.80259704589844,109.71892547607422,2.0836715698242188,0.21571001410484314,0.2020423710346222,-0.013667643070220947,0.14632999897003174,0.1759001612663269,0.029570162296295166,0.3274218440055847,0.34008562564849854,0.012663781642913818,0.5857324004173279,0.5828680992126465,0.0028643012046813965,0.14106371998786926,0.14106371998786926,122.51084768772125
crack0066_09.png,-1.0700896739959718,107.7021713256836,109.5322494506836,-1.830078125,114.53620910644531,113.03881072998047,1.4973983764648438,0.2068682461977005,0.18781766295433044,-0.019050583243370056,0.05765068531036377,0.09340697526931763,0.03575628995895386,0.2631891369819641,0.28033339977264404,0.01714426279067993,0.5917262434959412,0.5853556394577026,0.006370604038238525,0.13129043579101562,0.13129043579101562,121.01720035076141
crack0067_00.png,-0.8739383220672607,124.42207336425781,123.66014099121094,0.761932373046875,103.00234985351562,103.68312072753906,-0.6807708740234375,0.2043997347354889,0.17911233007907867,-0.025287404656410217,0.30312347412109375,0.32063186168670654,0.017508387565612793,0.450547456741333,0.46089500188827515,0.010347545146942139,0.5836716890335083,0.5846943259239197,-0.001022636890411377,0.11632649600505829,0.11632649600505829,136.68214040994644
crack0067_01.png,2.7258957862854003,112.89990997314453,113.13253784179688,-0.23262786865234375,109.11149597167969,108.58589172363281,0.525604248046875,0.24305492639541626,0.26769140362739563,0.02463647723197937,0.33591681718826294,0.3568810820579529,0.02096426486968994,0.41913747787475586,0.4429423213005066,0.023804843425750732,0.5840330719947815,0.5855632424354553,-0.0015301704406738281,0.15459060668945312,0.15459060668945312,121.85545802116394
crack0067_02.png,1.7081701278686525,113.45602416992188,111.83099365234375,1.625030517578125,101.859375,102.1693115234375,-0.3099365234375,0.3159456253051758,0.3306516408920288,0.014706015586853027,0.26261574029922485,0.23651307821273804,-0.026102662086486816,0.4035547971725464,0.3964155912399292,-0.0071392059326171875,0.5803267955780029,0.578458309173584,0.0018684864044189453,0.1620991826057434,0.1620991826057434,116.89984321594238
crack0067_03.png,3.569721746444702,120.2838134765625,117.04067993164062,3.243133544921875,104.69671630859375,103.57169342041016,1.1250228881835938,0.24965514242649078,0.23693546652793884,-0.012719675898551941,0.25846660137176514,0.27951323986053467,0.02104663848876953,0.40165358781814575,0.40598106384277344,0.0043274760246276855,0.5778354406356812,0.5765282511711121,0.0013071894645690918,0.12374517321586609,0.12374517321586609,127.55953633785248
crack0067_04.png,-0.2043058395385744,122.5473861694336,122.68553924560547,-0.138153076171875,104.00682067871094,104.24116516113281,-0.234344482421875,0.31521129608154297,0.2891978919506073,-0.02601340413093567,0.18766725063323975,0.23626983165740967,0.04860258102416992,0.3626551628112793,0.38901686668395996,0.026361703872680664,0.588212251663208,0.5840983986854553,0.0041138529777526855,0.1310989260673523,0.1310989260673523,128.7930792570114
crack0067_05.png,1.4417506217956544,123.57986450195312,122.02168273925781,1.5581817626953125,106.28732299804688,106.8550796508789,-0.5677566528320312,0.2319110631942749,0.2335834801197052,0.0016724169254302979,0.18221122026443481,0.1770002841949463,-0.005210936069488525,0.33632713556289673,0.33080971240997314,-0.005517423152923584,0.588196873664856,0.5835639834403992,0.004632890224456787,0.12368305027484894,0.12368305027484894,132.4139847755432
crack0067_06.png,4.585127496719361,140.78268432617188,137.44273376464844,3.3399505615234375,108.77190399169922,107.56568145751953,1.2062225341796875,0.1758459508419037,0.15752319991588593,-0.01832275092601776,0.2686976194381714,0.3214038014411926,0.05270618200302124,0.3974077105522156,0.4159090518951416,0.018501341342926025,0.5870703458786011,0.5840638279914856,0.0030065178871154785,0.1147880107164383,0.1147880107164383,153.14413088560104
crack0067_07.png,0.6612135410308838,110.0273208618164,109.23107147216797,0.7962493896484375,101.62696075439453,101.27801513671875,0.34894561767578125,0.22020341455936432,0.21006730198860168,-0.010136112570762634,0.2811200022697449,0.29418087005615234,0.01306086778640747,0.4252545237541199,0.42619597911834717,0.0009414553642272949,0.5833025574684143,0.5829565525054932,0.0003460049629211426,0.12383198738098145,0.12383198738098145,120.35726034641266
crack0067_08.png,4.921083736419678,116.8553695678711,115.24425506591797,1.611114501953125,101.20038604736328,100.78916931152344,0.41121673583984375,0.3239067792892456,0.3342991769313812,0.01039239764213562,0.15933001041412354,0.21996194124221802,0.06063193082809448,0.35102880001068115,0.3734194040298462,0.02239060401916504,0.577962338924408,0.5807420015335083,-0.002779662609100342,0.16230374574661255,0.16230374574661255,119.84508562088013
crack0067_09.png,2.9824637889862062,126.64073181152344,125.11741638183594,1.5233154296875,102.00788879394531,101.53558349609375,0.4723052978515625,0.23881323635578156,0.2574044167995453,0.018591180443763733,0.15293282270431519,0.14520317316055298,-0.007729649543762207,0.346870481967926,0.3465219736099243,-0.000348508358001709,0.5810534358024597,0.578750491142273,0.0023029446601867676,0.10964419692754745,0.10964419692754745,134.79241734743118
crack0068_00.png,0.4254694938659668,113.2568359375,113.21467590332031,0.0421600341796875,109.53829193115234,109.04495239257812,0.49333953857421875,0.2572771906852722,0.2593522071838379,0.002075016498565674,0.4831312298774719,0.48210036754608154,-0.0010308623313903809,0.43619102239608765,0.43819165229797363,0.0020006299018859863,0.5859208106994629,0.5843906402587891,0.0015301704406738281,0.17198505997657776,0.17198505997657776,121.23595690727234
crack0068_01.png,1.9846796512603762,109.6735610961914,108.66938018798828,1.004180908203125,108.32548522949219,106.84983825683594,1.47564697265625,0.2436060905456543,0.24445365369319916,0.0008475631475448608,0.42162221670150757,0.4215131402015686,-0.00010907649993896484,0.394259512424469,0.3937481641769409,-0.0005113482475280762,0.5934063792228699,0.5852364301681519,0.008169949054718018,0.1656772494316101,0.1656772494316101,118.29136037826538
crack0068_02.png,0.5373808860778808,109.4196548461914,109.8448486328125,-0.42519378662109375,105.203125,104.75386047363281,0.4492645263671875,0.26913905143737793,0.26597490906715393,-0.003164142370223999,0.44709163904190063,0.4737182855606079,0.026626646518707275,0.4500964283943176,0.4450732469558716,-0.005023181438446045,0.587708592414856,0.5884352326393127,-0.0007266402244567871,0.18394359946250916,0.18394359946250916,117.21116650104523
crack0068_03.png,0.021747493743896507,115.99095153808594,116.1512680053711,-0.16031646728515625,109.42880249023438,108.44482421875,0.983978271484375,0.2517310380935669,0.25156933069229126,-0.00016170740127563477,0.4378933906555176,0.4277075529098511,-0.010185837745666504,0.44939208030700684,0.4440782070159912,-0.005313873291015625,0.5928220152854919,0.5876009464263916,0.005221068859100342,0.1810351014137268,0.1810351014137268,124.68983054161072
crack0068_04.png,-1.3384320259094238,121.96241760253906,123.19750213623047,-1.2350845336914062,105.58154296875,105.28388977050781,0.2976531982421875,0.2565562129020691,0.25371408462524414,-0.002842128276824951,0.41856318712234497,0.4195291996002197,0.0009660124778747559,0.4154469966888428,0.4127887487411499,-0.002658247947692871,0.5775817036628723,0.5784236788749695,-0.000841975212097168,0.1636948585510254,0.1636948585510254,130.4940619468689
crack0068_05.png,0.13132905960083008,138.31015014648438,138.85629272460938,-0.546142578125,118.54844665527344,118.15141296386719,0.39703369140625,0.21563655138015747,0.21900317072868347,0.003366619348526001,0.33043092489242554,0.33013206720352173,-0.0002988576889038086,0.34006303548812866,0.3464354872703552,0.0063724517822265625,0.5898538827896118,0.5833218097686768,0.006532073020935059,0.13876783847808838,0.13876783847808838,149.2391836643219
crack0068_06.png,-1.5669968605041502,137.35952758789062,137.2891845703125,0.070343017578125,119.50453186035156,117.77898406982422,1.7255477905273438,0.2300756573677063,0.1997637152671814,-0.030311942100524902,0.47872012853622437,0.47573399543762207,-0.002986133098602295,0.459652841091156,0.44624197483062744,-0.013410866260528564,0.586920440196991,0.5814993977546692,0.005421042442321777,0.15039141476154327,0.15039141476154327,148.81535077095032
crack0068_07.png,0.39840764999389644,128.22613525390625,128.28167724609375,-0.0555419921875,116.95929718017578,115.72008514404297,1.2392120361328125,0.25540676712989807,0.25922074913978577,0.0038139820098876953,0.39808356761932373,0.3901657462120056,-0.007917821407318115,0.36784619092941284,0.3599447011947632,-0.007901489734649658,0.5850250124931335,0.585778534412384,-0.0007535219192504883,0.17055994272232056,0.17055994272232056,136.36064159870148
crack0068_08.png,1.0745988368988038,128.62078857421875,128.1831512451172,0.4376373291015625,114.14082336425781,113.11593627929688,1.0248870849609375,0.24589088559150696,0.24994145333766937,0.0040505677461624146,0.36701464653015137,0.36624574661254883,-0.0007688999176025391,0.36680305004119873,0.3631616234779358,-0.0036414265632629395,0.5852287411689758,0.5868858098983765,-0.0016570687294006348,0.17752787470817566,0.17752787470817566,137.1239491701126
crack0068_09.png,-1.8852444648742677,119.3449935913086,120.85567474365234,-1.51068115234375,111.1787338256836,111.50228118896484,-0.32354736328125,0.22028297185897827,0.22162270545959473,0.001339733600616455,0.40396231412887573,0.39325493574142456,-0.010707378387451172,0.377807080745697,0.37122267484664917,-0.0065844058990478516,0.5814648270606995,0.5795655250549316,0.0018993020057678223,0.1745554804801941,0.1745554804801941,130.14194893836975
crack0069_00.png,-3.438980770111084,117.43572998046875,120.48619842529297,-3.0504684448242188,110.23430633544922,109.02635192871094,1.2079544067382812,0.2472870796918869,0.23516829311847687,-0.012118786573410034,0.0,0.0,0.0,0.23559236526489258,0.227275550365448,-0.00831681489944458,0.5927758812904358,0.5903306603431702,0.002445220947265625,0.10762615501880646,0.10762615501880646,128.56190186738968
crack0069_01.png,-4.523248958587646,113.6014633178711,118.40557861328125,-4.804115295410156,110.31651306152344,110.07240295410156,0.244110107421875,0.22294335067272186,0.20486478507518768,-0.01807856559753418,0.1313786506652832,0.16854077577590942,0.03716212511062622,0.3485374450683594,0.3769311308860779,0.028393685817718506,0.5846443772315979,0.5810688138008118,0.003575563430786133,0.10248066484928131,0.10248066484928131,127.09740895032883
crack0069_02.png,-2.4734919548034666,131.81192016601562,134.87986755371094,-3.0679473876953125,107.31861877441406,106.33647918701172,0.9821395874023438,0.19815757870674133,0.19521313905715942,-0.002944439649581909,0.14354276657104492,0.15197646617889404,0.008433699607849121,0.34052711725234985,0.35960984230041504,0.019082725048065186,0.5814993977546692,0.5790042281150818,0.0024951696395874023,0.10698117315769196,0.10698117315769196,144.89308142662048
crack0069_03.png,-2.5202825546264647,120.57588958740234,124.13695526123047,-3.561065673828125,105.7979965209961,105.07807922363281,0.7199172973632812,0.2528667449951172,0.25498199462890625,0.0021152496337890625,0.110920250415802,0.12325716018676758,0.012336909770965576,0.3634082078933716,0.3738836646080017,0.010475456714630127,0.5810803771018982,0.5788273811340332,0.0022529959678649902,0.10339104384183884,0.10339104384183884,130.4276328086853
crack0069_04.png,-2.4785030364990233,115.31513214111328,117.80660247802734,-2.4914703369140625,103.90248107910156,103.72913360595703,0.17334747314453125,0.2744218111038208,0.2735922336578369,-0.0008295774459838867,0.0,0.0,0.0,0.25978219509124756,0.261189341545105,0.0014071464538574219,0.5787081718444824,0.578458309173584,0.0002498626708984375,0.09426037222146988,0.09426037222146988,123.2936601638794
crack0069_05.png,-3.6802947521209717,122.41065979003906,123.91010284423828,-1.4994430541992188,118.57308197021484,118.99441528320312,-0.42133331298828125,0.25350457429885864,0.2256460040807724,-0.027858570218086243,0.3045279383659363,0.3115096092224121,0.00698167085647583,0.3555799126625061,0.34619414806365967,-0.009385764598846436,0.5818723440170288,0.5834448337554932,-0.0015724897384643555,0.13773605227470398,0.13773605227470398,132.95941442251205
crack0069_06.png,-1.864549922943115,118.12338256835938,120.6220703125,-2.498687744140625,104.85310363769531,105.19943237304688,-0.3463287353515625,0.16049563884735107,0.1566798985004425,-0.0038157403469085693,0.16333019733428955,0.19213157892227173,0.028801381587982178,0.3190091848373413,0.3279900550842285,0.008980870246887207,0.5776393413543701,0.5794925093650818,-0.00185316801071167,0.12345391511917114,0.12345391511917114,133.1516329050064
crack0069_07.png,-2.031375598907471,112.63114929199219,115.65082550048828,-3.0196762084960938,110.05406188964844,109.18283081054688,0.8712310791015625,0.21228857338428497,0.2143414169549942,0.0020528435707092285,0.1554771065711975,0.16624397039413452,0.010766863822937012,0.33495551347732544,0.34488892555236816,0.009933412075042725,0.5810380578041077,0.5799154043197632,0.0011226534843444824,0.10851873457431793,0.10851873457431793,124.64519530534744
crack0069_08.png,-0.9747388839721678,122.89456176757812,125.3707504272461,-2.4761886596679688,114.16932678222656,112.83985900878906,1.3294677734375,0.24274277687072754,0.23595568537712097,-0.006787091493606567,0.0,0.0411798357963562,0.0411798357963562,0.34346532821655273,0.35263925790786743,0.009173929691314697,0.5756401419639587,0.5790042281150818,-0.003364086151123047,0.09932678937911987,0.09932678937911987,133.13548409938812
crack0069_09.png,-0.9494558811187743,119.23039245605469,121.13048553466797,-1.9000930786132812,110.59908294677734,110.59268951416016,0.0063934326171875,0.2084536850452423,0.2098759263753891,0.0014222413301467896,0.19458407163619995,0.2198014259338379,0.02521735429763794,0.2920578122138977,0.32062625885009766,0.02856844663619995,0.5810649991035461,0.5854248404502869,-0.004359841346740723,0.11882707476615906,0.11882707476615906,131.09021151065826
crack0070_00.png,-1.5095577239990234,123.9453125,124.37519073486328,-0.42987823486328125,113.4348373413086,113.49591064453125,-0.06107330322265625,0.2510043680667877,0.23800596594810486,-0.012998402118682861,0.0,0.0,0.0,0.0,0.0,0.0,0.582287609577179,0.5826720595359802,-0.00038444995880126953,0.0929703339934349,0.0929703339934349,133.18677604198456
crack0070_01.png,-2.362547779083252,121.32880401611328,121.43199157714844,-0.10318756103515625,106.24717712402344,106.25947570800781,-0.012298583984375,0.3013089597225189,0.27229028940200806,-0.029018670320510864,0.0,0.0,0.0,0.0,0.0,0.0,0.5845059752464294,0.5828296542167664,0.001676321029663086,0.09318257868289948,0.09318257868289948,128.42321944236755
crack0070_02.png,-1.6641849994659426,120.18798065185547,117.06610870361328,3.1218719482421875,107.14789581298828,108.57917785644531,-1.4312820434570312,0.30041179060935974,0.24692167341709137,-0.05349011719226837,0.0,0.0,0.0,0.0,0.0,0.0,0.5768819451332092,0.5752403140068054,0.0016416311264038086,0.0891578197479248,0.0891578197479248,126.88702207803726
crack0070_03.png,-6.6440657615661625,121.86609649658203,121.31361389160156,0.5524826049804688,106.03864288330078,108.1544418334961,-2.1157989501953125,0.3298344612121582,0.24971842765808105,-0.08011603355407715,0.0,0.0,0.0,0.0,0.0,0.0,0.5799307823181152,0.5784544348716736,0.0014763474464416504,0.08928963541984558,0.08928963541984558,129.80398082733154
crack0070_04.png,-1.7930083274841309,122.3910140991211,121.12368774414062,1.2673263549804688,106.21825408935547,106.97512817382812,-0.7568740844726562,0.3523196578025818,0.3180958926677704,-0.0342237651348114,0.0,0.0,0.0,0.0,0.0,0.0,0.5763744711875916,0.5768665671348572,-0.000492095947265625,0.09469710290431976,0.09469710290431976,125.74626004695892
crack0070_05.png,0.7760678768157958,130.0836181640625,126.27628326416016,3.8073348999023438,113.98527526855469,114.33560180664062,-0.3503265380859375,0.22799555957317352,0.18809625506401062,-0.0398993045091629,0.0,0.0,0.0,0.0,0.0,0.0,0.5882775783538818,0.5807573795318604,0.007520198822021484,0.08965452015399933,0.08965452015399933,140.42527854442596
crack0070_06.png,0.47821989059448233,119.58153533935547,118.51177215576172,1.06976318359375,107.43125915527344,108.22229766845703,-0.7910385131835938,0.42251646518707275,0.4179643392562866,-0.004552125930786133,0.0,0.0,0.0,0.0,0.0,0.0,0.5872471928596497,0.5850211381912231,0.0022260546684265137,0.09480579942464828,0.09480579942464828,117.45868110656738
crack0070_07.png,-2.7926225662231445,113.43659973144531,114.72421264648438,-1.2876129150390625,106.10234069824219,106.91532897949219,-0.81298828125,0.2756849229335785,0.2592148184776306,-0.016470104455947876,0.0,0.0,0.0,0.0,0.0,0.0,0.5817531943321228,0.5783083438873291,0.003444850444793701,0.08920380473136902,0.08920380473136902,121.79764485359192
crack0070_08.png,-0.299838924407959,125.46649932861328,124.60040283203125,0.8660964965820312,106.78163146972656,107.55156707763672,-0.7699356079101562,0.29612135887145996,0.28329381346702576,-0.012827545404434204,0.0,0.0,0.0,0.0,0.0,0.0,0.5819876790046692,0.577781617641449,0.004206061363220215,0.09187768399715424,0.09187768399715424,131.3153294324875
crack0070_09.png,4.963926029205322,128.78738403320312,127.91498565673828,0.8723983764648438,109.8956298828125,109.11544036865234,0.7801895141601562,0.2564905285835266,0.3024514615535736,0.045960932970047,0.0,0.0,0.0,0.0,0.0,0.0,0.5879085063934326,0.5853440761566162,0.0025644302368164062,0.09104660898447037,0.09104660898447037,136.4780933856964
crack0071_00.png,6.985409784317016,131.6302947998047,126.55801391601562,5.0722808837890625,118.79098510742188,117.38764190673828,1.4033432006835938,0.1810394674539566,0.19749665260314941,0.01645718514919281,0.0,0.0,0.0,0.0,0.0,0.0,0.5835409164428711,0.5826604962348938,0.0008804202079772949,0.09117661416530609,0.09117661416530609,141.5734229683876
crack0071_01.png,4.86863374710083,140.28318786621094,138.6758575439453,1.607330322265625,124.03194427490234,120.09586334228516,3.9360809326171875,0.1576002836227417,0.17705026268959045,0.019449979066848755,0.0,0.0,0.0,0.0,0.0,0.0,0.5895425081253052,0.5862706899642944,0.003271818161010742,0.09329341351985931,0.09329341351985931,153.60520601272583
crack0071_02.png,3.926193857192993,143.8878631591797,141.146484375,2.7413787841796875,119.15632629394531,117.39712524414062,1.7592010498046875,0.11114160716533661,0.11577171087265015,0.004630103707313538,0.0,0.0,0.0,0.0,0.0,0.0,0.5863475799560547,0.583579421043396,0.0027681589126586914,0.08960679918527603,0.08960679918527603,159.30258053541183
crack0071_03.png,2.248798704147339,155.3529815673828,154.08067321777344,1.272308349609375,124.59805297851562,119.29041290283203,5.307640075683594,0.17977379262447357,0.16631445288658142,-0.013459339737892151,0.0,0.0,0.0,0.0,0.0,0.0,0.5822837352752686,0.5840291976928711,-0.001745462417602539,0.08884935826063156,0.08884935826063156,168.09912812709808
crack0071_04.png,4.308895397186279,141.83885192871094,138.52593994140625,3.3129119873046875,122.35128784179688,117.96858978271484,4.382698059082031,0.1937505453824997,0.18322186172008514,-0.01052868366241455,0.0,0.0,0.0,0.0,0.0,0.0,0.5858823657035828,0.5837523937225342,0.002129971981048584,0.08938324451446533,0.08938324451446533,152.6243788599968
crack0071_05.png,-1.2584237575531005,137.6961669921875,135.94610595703125,1.75006103515625,114.03587341308594,114.77680969238281,-0.740936279296875,0.2516086995601654,0.21890686452388763,-0.03270183503627777,0.0,0.0,0.0,0.0,0.0,0.0,0.5781353116035461,0.5805343985557556,-0.0023990869522094727,0.09053736925125122,0.09053736925125122,146.90810054540634
crack0071_06.png,3.72856023311615,157.48756408691406,155.52516174316406,1.96240234375,117.29562377929688,115.33638000488281,1.9592437744140625,0.09245368093252182,0.10224886238574982,0.009795181453227997,0.0,0.0,0.0,0.0,0.0,0.0,0.5928412079811096,0.5878700613975525,0.004971146583557129,0.08841351419687271,0.08841351419687271,174.67279037833214
crack0071_07.png,-5.366531467437744,129.03646850585938,132.38609313964844,-3.3496246337890625,121.12012481689453,118.13468933105469,2.9854354858398438,0.16161862015724182,0.11961928009986877,-0.04199934005737305,0.0,0.0,0.0,0.0,0.0,0.0,0.5861591696739197,0.5824375152587891,0.0037216544151306152,0.09236839413642883,0.09236839413642883,146.98049080371857
crack0071_08.png,-1.5597844123840332,135.8233184814453,135.52198791503906,0.30133056640625,120.76792907714844,120.64234924316406,0.125579833984375,0.22695337235927582,0.2015428990125656,-0.025410473346710205,0.0,0.0,0.0,0.0,0.0,0.0,0.5868012309074402,0.5837639570236206,0.00303727388381958,0.09277866780757904,0.09277866780757904,147.05212849378586
crack0071_09.png,5.297329711914062,123.42815399169922,121.41936492919922,2.0087890625,116.0210189819336,113.59648132324219,2.4245376586914062,0.19705265760421753,0.22555804252624512,0.028505384922027588,0.0,0.0,0.0,0.0,0.0,0.0,0.5803768038749695,0.5794194340705872,0.0009573698043823242,0.09516450762748718,0.09516450762748718,133.81567215919495
crack0072_00.png,1.7477350234985352,116.00212097167969,115.0064697265625,0.9956512451171875,108.987060546875,108.97744750976562,0.009613037109375,0.3035822808742523,0.30735066533088684,0.0037683844566345215,0.5198014974594116,0.5275143384933472,0.007712841033935547,0.479509174823761,0.48494577407836914,0.005436599254608154,0.5865128636360168,0.5830565094947815,0.0034563541412353516,0.1973726600408554,0.1973726600408554,120.74987304210663
crack0072_01.png,1.4818175315856932,111.81924438476562,109.57406616210938,2.24517822265625,106.52040100097656,106.15423583984375,0.3661651611328125,0.3534533679485321,0.33781319856643677,-0.015640169382095337,0.5410352945327759,0.5480974912643433,0.007062196731567383,0.49745625257492065,0.5029233694076538,0.005467116832733154,0.5851134061813354,0.5836409330368042,0.00147247314453125,0.18889354169368744,0.18889354169368744,113.83239960670471
crack0072_02.png,-0.3649172782897949,112.40381622314453,112.41148376464844,-0.00766754150390625,105.1077880859375,105.29913330078125,-0.19134521484375,0.28550878167152405,0.28913888335227966,0.0036301016807556152,0.5454260110855103,0.5308365821838379,-0.014589428901672363,0.5162675380706787,0.5123580694198608,-0.003909468650817871,0.5836293697357178,0.5833179354667664,0.000311434268951416,0.16502349078655243,0.16502349078655243,118.62229788303375
crack0072_03.png,2.8707591533660892,111.2053451538086,109.2777099609375,1.9276351928710938,115.08683776855469,111.66610717773438,3.4207305908203125,0.2521352469921112,0.24379102885723114,-0.008344218134880066,0.5267305374145508,0.525704026222229,-0.0010265111923217773,0.4606962203979492,0.4694117307662964,0.008715510368347168,0.5875701904296875,0.5804844498634338,0.007085740566253662,0.15579535067081451,0.15579535067081451,119.11687344312668
crack0072_04.png,1.868649959564209,111.1742172241211,109.90494537353516,1.2692718505859375,103.02207946777344,102.41836547851562,0.6037139892578125,0.23731635510921478,0.24014319479465485,0.0028268396854400635,0.49221688508987427,0.49134284257888794,-0.0008740425109863281,0.46009135246276855,0.46072834730148315,0.0006369948387145996,0.5850711464881897,0.5809034705162048,0.004167675971984863,0.1598973125219345,0.1598973125219345,119.70344585180283
crack0072_05.png,1.934687042236328,117.60337829589844,115.99159240722656,1.611785888671875,101.59292602539062,101.02242279052734,0.5705032348632812,0.27288609743118286,0.27428001165390015,0.0013939142227172852,0.47596949338912964,0.47800207138061523,0.0020325779914855957,0.4680975675582886,0.47620677947998047,0.008109211921691895,0.5826912522315979,0.5851441621780396,-0.0024529099464416504,0.21360689401626587,0.21360689401626587,123.83008599281311
crack0072_06.png,2.509918594360352,121.61804962158203,119.95831298828125,1.6597366333007812,112.79329681396484,110.23480224609375,2.5584945678710938,0.26241007447242737,0.2600425183773041,-0.002367556095123291,0.5007092952728271,0.5046472549438477,0.003937959671020508,0.47788387537002563,0.48538434505462646,0.00750046968460083,0.5826797485351562,0.5862129926681519,-0.0035332441329956055,0.18629969656467438,0.18629969656467438,128.63414990901947
crack0072_07.png,2.705323362350464,131.86224365234375,130.3647003173828,1.4975433349609375,122.08646392822266,119.81521606445312,2.2712478637695312,0.24404434859752655,0.2500168979167938,0.005972549319267273,0.5485587120056152,0.538040280342102,-0.010518431663513184,0.5290737748146057,0.5293573141098022,0.0002835392951965332,0.5986428260803223,0.5925874710083008,0.006055355072021484,0.17512401938438416,0.17512401938438416,140.41652411222458
crack0072_08.png,-0.7460877418518066,105.0448989868164,104.58430480957031,0.46059417724609375,106.5276870727539,106.28286743164062,0.24481964111328125,0.3756699860095978,0.37886327505111694,0.003193289041519165,0.4871981143951416,0.44825392961502075,-0.03894418478012085,0.4924374222755432,0.4698675870895386,-0.02256983518600464,0.5823644995689392,0.582422137260437,-5.7637691497802734e-05,0.1874488741159439,0.1874488741159439,105.57128822803497
crack0072_09.png,0.27127180099487314,105.18405151367188,104.04084014892578,1.1432113647460938,107.53578186035156,106.96115112304688,0.5746307373046875,0.3485901653766632,0.3345855474472046,-0.014004617929458618,0.5355739593505859,0.5338814854621887,-0.0016924738883972168,0.48760688304901123,0.48765408992767334,4.7206878662109375e-05,0.5888543128967285,0.5866973996162415,0.0021569132804870605,0.1872614026069641,0.1872614026069641,108.0914855003357
crack0073_00.png,0.3971145629882813,99.93682098388672,98.82898712158203,1.1078338623046875,101.93302154541016,101.57025146484375,0.36277008056640625,0.37109315395355225,0.37116020917892456,6.705522537231445e-05,0.4678128957748413,0.4442877173423767,-0.0235251784324646,0.49429261684417725,0.48164623975753784,-0.012646377086639404,0.5826912522315979,0.5806958675384521,0.001995384693145752,0.2245386391878128,0.2245386391878128,100.42496490478516
crack0073_01.png,-0.03886680603027348,114.6878433227539,113.3287582397461,1.3590850830078125,111.90530395507812,111.39134216308594,0.5139617919921875,0.2282508760690689,0.210519477725029,-0.017731398344039917,0.3803499937057495,0.37417495250701904,-0.006175041198730469,0.33672744035720825,0.3224727511405945,-0.01425468921661377,0.5863283276557922,0.584778904914856,0.0015494227409362793,0.22010314464569092,0.22010314464569092,124.83026522397995
crack0073_02.png,-0.7943190574645995,121.98202514648438,120.46588134765625,1.516143798828125,107.50804138183594,107.77649688720703,-0.26845550537109375,0.18246278166770935,0.16632089018821716,-0.016141891479492188,0.3922792673110962,0.36648333072662354,-0.025795936584472656,0.3328632712364197,0.2936120629310608,-0.03925120830535889,0.5865090489387512,0.5835063457489014,0.0030027031898498535,0.13190746307373047,0.13190746307373047,134.70506179332733
crack0073_03.png,1.1037739753723144,118.87933349609375,117.48887634277344,1.3904571533203125,106.19602966308594,106.05746459960938,0.1385650634765625,0.2543703615665436,0.2542646825313568,-0.00010567903518676758,0.43720757961273193,0.42648637294769287,-0.010721206665039062,0.46011674404144287,0.44634658098220825,-0.01377016305923462,0.5827988982200623,0.5804190635681152,0.0023798346519470215,0.19915568828582764,0.19915568828582764,126.24017989635468
crack0073_04.png,-0.3373974323272705,116.37506866455078,115.30720520019531,1.0678634643554688,108.26691436767578,109.74673461914062,-1.4798202514648438,0.24134884774684906,0.22497320175170898,-0.016375645995140076,0.2963637709617615,0.3078474998474121,0.011483728885650635,0.2427387237548828,0.23324954509735107,-0.009489178657531738,0.5873279571533203,0.5863937139511108,0.0009342432022094727,0.16376402974128723,0.16376402974128723,125.83586311340332
crack0073_05.png,2.168240261077881,123.60073852539062,121.12158203125,2.479156494140625,105.06828308105469,104.49778747558594,0.57049560546875,0.33172962069511414,0.3281501531600952,-0.003579467535018921,0.4182214140892029,0.409576416015625,-0.00864499807357788,0.4684898257255554,0.46885204315185547,0.00036221742630004883,0.5875394344329834,0.5852133631706238,0.002326071262359619,0.15981093049049377,0.15981093049049377,126.17372846603394
crack0073_06.png,1.8139951705932618,114.13249969482422,112.36251831054688,1.7699813842773438,105.81074523925781,105.7705078125,0.0402374267578125,0.2629869878292084,0.2581186592578888,-0.00486832857131958,0.35351407527923584,0.35972344875335693,0.006209373474121094,0.36422640085220337,0.3525708317756653,-0.011655569076538086,0.5861629843711853,0.5819377303123474,0.004225254058837891,0.1777040809392929,0.1777040809392929,121.20690882205963
crack0073_07.png,-0.8090286254882812,112.1728515625,110.8336410522461,1.3392105102539062,103.62429809570312,104.3379135131836,-0.7136154174804688,0.239227756857872,0.21734966337680817,-0.021878093481063843,0.43852877616882324,0.4386140704154968,8.529424667358398e-05,0.4334346652030945,0.4220956563949585,-0.011339008808135986,0.584013819694519,0.5869127511978149,-0.0028989315032958984,0.15759572386741638,0.15759572386741638,121.93877655267715
crack0073_08.png,2.8061059951782226,117.13681030273438,114.77986907958984,2.3569412231445312,101.86538696289062,100.807861328125,1.057525634765625,0.29344671964645386,0.30522021651268005,0.011773496866226196,0.30355286598205566,0.28271663188934326,-0.020836234092712402,0.34943515062332153,0.33473825454711914,-0.014696896076202393,0.583690881729126,0.5857477784156799,-0.002056896686553955,0.14721465110778809,0.14721465110778809,121.78144764900208
crack0073_09.png,3.3990475654602053,115.97003936767578,113.8397445678711,2.1302947998046875,97.90647888183594,97.43867492675781,0.467803955078125,0.26037830114364624,0.27031466364860535,0.009936362504959106,0.35526764392852783,0.35867559909820557,0.0034079551696777344,0.410697877407074,0.403814435005188,-0.006883442401885986,0.5843368172645569,0.5805767178535461,0.003760099411010742,0.1392020434141159,0.1392020434141159,122.65566658973694
crack0074_00.png,-0.7262116432189941,117.6078109741211,118.39030456542969,-0.7824935913085938,109.97898864746094,109.37693786621094,0.60205078125,0.30238476395606995,0.3012365698814392,-0.0011481940746307373,0.4921413064002991,0.4879634380340576,-0.004177868366241455,0.39746707677841187,0.3968690037727356,-0.0005980730056762695,0.5837370157241821,0.5818762183189392,0.00186079740524292,0.21571511030197144,0.21571511030197144,123.27434420585632
crack0074_01.png,0.3389669418334962,106.59385681152344,107.12767791748047,-0.5338211059570312,104.90255737304688,103.87809753417969,1.0244598388671875,0.3134062886238098,0.33360299468040466,0.02019670605659485,0.36195647716522217,0.32747113704681396,-0.0344853401184082,0.3685795068740845,0.3648620843887329,-0.0037174224853515625,0.591191828250885,0.5855247974395752,0.0056670308113098145,0.18947833776474,0.18947833776474,111.70406317710876
crack0074_02.png,1.8427196502685548,111.06907653808594,110.25941467285156,0.809661865234375,109.42672729492188,107.98894500732422,1.4377822875976562,0.3460972011089325,0.355869323015213,0.009772121906280518,0.3948380947113037,0.38700777292251587,-0.007830321788787842,0.3939981460571289,0.39259183406829834,-0.0014063119888305664,0.5854132771492004,0.5856785774230957,-0.00026530027389526367,0.20457357168197632,0.20457357168197632,113.32555663585663
crack0074_03.png,0.9701337814331055,108.51028442382812,108.17333221435547,0.33695220947265625,105.43655395507812,105.18558502197266,0.25096893310546875,0.3125254213809967,0.31061625480651855,-0.0019091665744781494,0.37758129835128784,0.3924972414970398,0.014915943145751953,0.3634660243988037,0.3666287660598755,0.0031627416610717773,0.5890311598777771,0.5868089199066162,0.0022222399711608887,0.17842456698417664,0.17842456698417664,113.26607942581177
crack0074_04.png,-0.22148752212524414,100.91300201416016,100.05144500732422,0.8615570068359375,103.21806335449219,102.23890686035156,0.979156494140625,0.30770981311798096,0.3032587170600891,-0.004451096057891846,0.27305716276168823,0.24278485774993896,-0.030272305011749268,0.3579753041267395,0.35207802057266235,-0.0058972835540771484,0.5885351896286011,0.5862283706665039,0.002306818962097168,0.18909123539924622,0.18909123539924622,105.82810807228088
crack0074_05.png,-3.2337989807128906,105.31791687011719,105.67240905761719,-0.3544921875,113.67152404785156,113.22509002685547,0.44643402099609375,0.29698166251182556,0.3038669526576996,0.0068852901458740234,0.371298611164093,0.2814462184906006,-0.08985239267349243,0.27300333976745605,0.24919557571411133,-0.023807764053344727,0.5875163674354553,0.5878815650939941,-0.00036519765853881836,0.13342323899269104,0.13342323899269104,111.19152581691742
crack0074_06.png,4.1145893096923825,101.94791412353516,100.2218017578125,1.7261123657226562,106.75191497802734,105.81938934326172,0.932525634765625,0.3298003077507019,0.33540600538253784,0.0056056976318359375,0.27893710136413574,0.3177471160888672,0.038810014724731445,0.2661416530609131,0.2737712264060974,0.007629573345184326,0.5895463228225708,0.5891810655593872,0.00036525726318359375,0.17109766602516174,0.17109766602516174,104.87869238853455
crack0074_07.png,1.5414751052856446,99.74713134765625,99.14118957519531,0.6059417724609375,104.27598571777344,103.03121948242188,1.2447662353515625,0.3784736394882202,0.38824453949928284,0.009770900011062622,0.44243067502975464,0.42988109588623047,-0.01254957914352417,0.4312019944190979,0.4281134009361267,-0.0030885934829711914,0.587054967880249,0.583106517791748,0.0039484500885009766,0.201755553483963,0.201755553483963,100.21794080734253
crack0074_08.png,1.0427658081054687,110.82025146484375,110.57244110107422,0.24781036376953125,112.33750915527344,111.32324981689453,1.0142593383789062,0.31692397594451904,0.31073153018951416,-0.006192445755004883,0.32200491428375244,0.33838099241256714,0.016376078128814697,0.32610273361206055,0.334746778011322,0.008644044399261475,0.5943098664283752,0.5885697603225708,0.005740106105804443,0.18207916617393494,0.18207916617393494,115.82484912872314
crack0074_09.png,3.5769295692443848,82.89398956298828,80.57988739013672,2.3141021728515625,107.361572265625,105.66334533691406,1.6982269287109375,0.27058202028274536,0.2749391496181488,0.004357129335403442,0.37877488136291504,0.3827228546142578,0.0039479732513427734,0.29312950372695923,0.3017345070838928,0.008605003356933594,0.5852787494659424,0.5833525657653809,0.0019261837005615234,0.15298081934452057,0.15298081934452057,88.91316723823547
crack0075_00.png,3.298094940185547,115.82105255126953,114.98686218261719,0.8341903686523438,106.60458374023438,105.29754638671875,1.307037353515625,0.3714679777622223,0.3952125608921051,0.023744583129882812,0.0,0.0,0.0,0.14810162782669067,0.1540113091468811,0.00590968132019043,0.5793156623840332,0.578277587890625,0.0010380744934082031,0.11406776309013367,0.11406776309013367,116.28850519657135
crack0075_01.png,1.7340780258178712,117.48690795898438,117.76122283935547,-0.27431488037109375,105.03059387207031,104.65089416503906,0.37969970703125,0.3148305416107178,0.3381292223930359,0.023298680782318115,0.0,0.0,0.0,0.0,0.0,0.0,0.5829834938049316,0.5831680297851562,-0.00018453598022460938,0.1139579713344574,0.1139579713344574,122.0609540939331
crack0075_02.png,1.9710708618164063,111.83832550048828,111.00797271728516,0.830352783203125,106.84176635742188,106.67103576660156,0.1707305908203125,0.4236638844013214,0.43639639019966125,0.012732505798339844,0.0,0.0,0.0,0.17965668439865112,0.19065546989440918,0.010998785495758057,0.5816070437431335,0.5802614092826843,0.0013456344604492188,0.11742189526557922,0.11742189526557922,109.26759779453278
crack0075_03.png,1.4010240554809572,115.87730407714844,115.73426818847656,0.143035888671875,110.63485717773438,108.87158203125,1.763275146484375,0.2952147424221039,0.3081813156604767,0.012966573238372803,0.08551734685897827,0.07047152519226074,-0.01504582166671753,0.18902736902236938,0.18017470836639404,-0.008852660655975342,0.5894848108291626,0.5865551829338074,0.0029296278953552246,0.12712231278419495,0.12712231278419495,121.67229402065277
crack0075_04.png,-1.529988956451416,113.32040405273438,113.84920501708984,-0.5288009643554688,105.01984405517578,104.82781982421875,0.19202423095703125,0.388529896736145,0.3740379810333252,-0.014491915702819824,0.0,0.0,0.0,0.09012812376022339,0.08277595043182373,-0.007352173328399658,0.5829681158065796,0.5809342265129089,0.0020338892936706543,0.10492110997438431,0.10492110997438431,114.46125030517578
crack0075_05.png,1.1199058532714843,115.94986724853516,114.96566772460938,0.9841995239257812,104.75888061523438,104.13432312011719,0.6245574951171875,0.3513069450855255,0.3574211895465851,0.00611424446105957,0.2317342758178711,0.21525341272354126,-0.016480863094329834,0.32552146911621094,0.33781564235687256,0.012294173240661621,0.5813763737678528,0.5799769163131714,0.0013994574546813965,0.15347734093666077,0.15347734093666077,117.63440573215485
crack0075_06.png,2.8468266487121583,121.6395263671875,120.11664581298828,1.5228805541992188,106.98967742919922,106.02373504638672,0.9659423828125,0.33469483256340027,0.3467753529548645,0.012080520391464233,0.08335262537002563,0.08088922500610352,-0.002463400363922119,0.2776540517807007,0.2811315059661865,0.00347745418548584,0.5821414589881897,0.5803998708724976,0.0017415881156921387,0.13118785619735718,0.13118785619735718,124.08205449581146
crack0075_07.png,4.345846652984619,108.90703582763672,105.87621307373047,3.03082275390625,105.42918395996094,104.1560287475586,1.2731552124023438,0.3976861536502838,0.40774279832839966,0.010056644678115845,0.0,0.0,0.0,0.0034245848655700684,0.018209755420684814,0.014785170555114746,0.5809381008148193,0.5809073448181152,3.075599670410156e-05,0.11594834178686142,0.11594834178686142,106.76797926425934
crack0075_08.png,1.2182748794555665,118.49851989746094,117.28781127929688,1.2107086181640625,103.0624008178711,102.56127166748047,0.501129150390625,0.40457236766815186,0.4102022647857666,0.005629897117614746,0.1432512402534485,0.12867647409439087,-0.014574766159057617,0.3023090362548828,0.3056914210319519,0.003382384777069092,0.5750710964202881,0.5765782594680786,-0.0015071630477905273,0.14996811747550964,0.14996811747550964,116.68195390701294
crack0075_09.png,2.5158329010009766,114.55683898925781,113.28004455566406,1.27679443359375,106.32161712646484,105.47986602783203,0.8417510986328125,0.39090895652770996,0.4020959138870239,0.011186957359313965,0.0,0.0,0.0,0.24856412410736084,0.23652249574661255,-0.012041628360748291,0.5780084729194641,0.5778239369392395,0.00018453598022460938,0.10911169648170471,0.10911169648170471,113.5842432975769
crack0076_00.png,3.7225624084472653,93.4128189086914,93.2234878540039,0.1893310546875,129.1433563232422,122.13432312011719,7.009033203125,0.12312693893909454,0.15902455151081085,0.03589761257171631,0.17135471105575562,0.11694639921188354,-0.05440831184387207,0.033862411975860596,0.11346369981765747,0.07960128784179688,0.5908535122871399,0.5899999737739563,0.0008535385131835938,0.10703563690185547,0.10703563690185547,109.56467753648758
crack0076_01.png,-0.8396060943603516,86.99247741699219,87.27418518066406,-0.281707763671875,106.76052856445312,108.3902359008789,-1.6297073364257812,0.28280723094940186,0.2887805998325348,0.005973368883132935,0.11103314161300659,0.09946757555007935,-0.011565566062927246,0.12098139524459839,0.10022717714309692,-0.020754218101501465,0.5882468223571777,0.5862783789634705,0.0019684433937072754,0.10336180031299591,0.10336180031299591,93.69477033615112
crack0076_02.png,6.782868242263794,105.19792938232422,103.47496795654297,1.72296142578125,102.18125915527344,103.00631713867188,-0.8250579833984375,0.13507211208343506,0.18189258873462677,0.04682047665119171,0.1559814214706421,0.1937207579612732,0.037739336490631104,0.12439435720443726,0.1709500551223755,0.04655569791793823,0.5887197256088257,0.5853517651557922,0.0033679604530334473,0.09635430574417114,0.09635430574417114,119.78091096878052
crack0076_03.png,3.136032772064209,117.62464904785156,116.54131317138672,1.0833358764648438,114.52890014648438,114.15875244140625,0.370147705078125,0.19229665398597717,0.19536316394805908,0.003066509962081909,0.0,0.03571587800979614,0.03571587800979614,0.0,0.003236711025238037,0.003236711025238037,0.6004229187965393,0.5946558713912964,0.00576704740524292,0.0949261337518692,0.0949261337518692,129.56209862232208
crack0076_04.png,-5.521289300918579,171.99070739746094,178.4747314453125,-6.4840240478515625,209.58392333984375,210.16395568847656,-0.5800323486328125,0.14785760641098022,0.16327445209026337,0.015416845679283142,0.0,0.0,0.0,0.0,0.0,0.0,0.5848596692085266,0.5858246684074402,-0.0009649991989135742,0.11128204315900803,0.11128204315900803,189.7942497730255
crack0076_05.png,1.5281216859817506,133.66094970703125,135.34547424316406,-1.6845245361328125,122.8798828125,119.97760009765625,2.90228271484375,0.1205822303891182,0.1332399696111679,0.012657739222049713,0.09364646673202515,0.11509144306182861,0.021444976329803467,0.11389762163162231,0.1569952368736267,0.043097615242004395,0.5951364636421204,0.5906035900115967,0.004532873630523682,0.09628836810588837,0.09628836810588837,151.07373669743538
crack0076_06.png,-1.453294324874878,100.57245635986328,100.0718765258789,0.500579833984375,112.16108703613281,111.00770568847656,1.15338134765625,0.24917593598365784,0.2234262377023697,-0.025749698281288147,0.07016986608505249,0.06479495763778687,-0.005374908447265625,0.02712458372116089,0.0,-0.02712458372116089,0.5924298167228699,0.5959361791610718,-0.0035063624382019043,0.09488722681999207,0.09488722681999207,110.75403934717178
crack0076_07.png,1.1267061710357669,105.41590881347656,105.16666412353516,0.24924468994140625,128.5792694091797,122.49761962890625,6.0816497802734375,0.22747260332107544,0.2089347094297409,-0.018537893891334534,0.17714792490005493,0.17847329378128052,0.001325368881225586,0.05968219041824341,0.08541744947433472,0.02573525905609131,0.5893617868423462,0.5924913287162781,-0.0031295418739318848,0.09981957823038101,0.09981957823038101,116.45485705137253
crack0076_08.png,4.960939359664917,96.69679260253906,97.49061584472656,-0.7938232421875,115.40950775146484,114.20504760742188,1.2044601440429688,0.2361573427915573,0.2573813796043396,0.021224036812782288,0.16064369678497314,0.24908965826034546,0.08844596147537231,0.004046797752380371,0.0167466402053833,0.01269984245300293,0.5893694758415222,0.5884390473365784,0.0009304285049438477,0.10019947588443756,0.10019947588443756,106.49904268980026
crack0076_09.png,-0.46609420776367194,91.78601837158203,92.06816101074219,-0.28214263916015625,108.47523498535156,110.08882141113281,-1.61358642578125,0.19963814318180084,0.2064950317144394,0.00685688853263855,0.1878836750984192,0.1804397702217102,-0.007443904876708984,0.13717174530029297,0.14233964681625366,0.005167901515960693,0.5897616147994995,0.584494411945343,0.005267202854156494,0.0998496562242508,0.0998496562242508,103.53926569223404
crack0077_00.png,5.281380963325501,131.47718811035156,127.0055923461914,4.471595764160156,103.45333862304688,103.09017181396484,0.36316680908203125,0.11913766711950302,0.125654399394989,0.006516732275485992,0.26101768016815186,0.2619020938873291,0.0008844137191772461,0.3749510645866394,0.3720983862876892,-0.0028526782989501953,0.573756217956543,0.5710611343383789,0.0026950836181640625,0.09440547227859497,0.09440547227859497,145.04337891936302
crack0077_01.png,1.1316654205322267,126.12757873535156,123.841796875,2.2857818603515625,104.82835388183594,104.78207397460938,0.0462799072265625,0.17939132452011108,0.16480088233947754,-0.014590442180633545,0.2794790267944336,0.2790250778198242,-0.000453948974609375,0.3719320297241211,0.3503350019454956,-0.02159702777862549,0.5778892636299133,0.5775701403617859,0.0003191232681274414,0.10197828710079193,0.10197828710079193,138.21220541000366
crack0077_02.png,1.8243036270141602,131.3448486328125,131.1219482421875,0.222900390625,110.0280990600586,109.11016845703125,0.9179306030273438,0.18777237832546234,0.20468531548976898,0.01691293716430664,0.004554152488708496,0.0,-0.004554152488708496,0.06843757629394531,0.13066953420639038,0.06223195791244507,0.5829988718032837,0.5814148187637329,0.0015840530395507812,0.08671064674854279,0.08671064674854279,143.2870106101036
crack0077_03.png,4.093613958358764,125.34406280517578,121.80793762207031,3.5361251831054688,109.65949249267578,107.01718139648438,2.6423110961914062,0.23598018288612366,0.23000510036945343,-0.005975082516670227,0.30303138494491577,0.30216503143310547,-0.0008663535118103027,0.3498300313949585,0.3634556531906128,0.013625621795654297,0.5822567939758301,0.581926167011261,0.0003306269645690918,0.11632444709539413,0.11632444709539413,133.06596595048904
crack0077_04.png,2.3237861156463624,137.6324462890625,136.42942810058594,1.2030181884765625,106.01521301269531,104.67672729492188,1.3384857177734375,0.17596174776554108,0.18112781643867493,0.00516606867313385,0.0,0.0,0.0,0.24218297004699707,0.25982844829559326,0.01764547824859619,0.5889503955841064,0.5846481919288635,0.00430220365524292,0.09150942414999008,0.09150942414999008,150.031248152256
crack0077_05.png,1.113436794281006,137.4155731201172,139.6000518798828,-2.184478759765625,110.33856201171875,108.42497253417969,1.9135894775390625,0.20734690129756927,0.23095162212848663,0.02360472083091736,0.014080464839935303,0.0290796160697937,0.014999151229858398,0.08662337064743042,0.20525455474853516,0.11863118410110474,0.5845405459403992,0.5834371447563171,0.0011034011840820312,0.09232378005981445,0.09232378005981445,149.4486202597618
crack0077_06.png,5.897501850128174,132.5333709716797,131.3425750732422,1.1907958984375,104.6041259765625,103.49899291992188,1.105133056640625,0.20189295709133148,0.23399107158184052,0.03209811449050903,0.17349976301193237,0.2122597098350525,0.03875994682312012,0.2463897466659546,0.31388890743255615,0.06749916076660156,0.5869934558868408,0.5833333134651184,0.003660142421722412,0.09345932304859161,0.09345932304859161,143.30413383245468
crack0077_07.png,6.567150831222534,145.0285186767578,142.11888122558594,2.909637451171875,107.40953826904297,106.00279235839844,1.4067459106445312,0.19800856709480286,0.21047072112560272,0.012462154030799866,0.17763864994049072,0.22774332761764526,0.05010467767715454,0.23023784160614014,0.2632087469100952,0.03297090530395508,0.584502100944519,0.5821607112884521,0.0023413896560668945,0.103543221950531,0.103543221950531,155.07326996326447
crack0077_08.png,3.288117027282715,115.4022216796875,113.47538757324219,1.9268341064453125,103.1295166015625,103.50699615478516,-0.37747955322265625,0.23634643852710724,0.24247519671916962,0.006128758192062378,0.182378888130188,0.2081589698791504,0.025780081748962402,0.30168044567108154,0.2968321442604065,-0.004848301410675049,0.5809034705162048,0.5811342000961304,-0.0002307295799255371,0.11651606857776642,0.11651606857776642,123.50338631868362
crack0077_09.png,3.412216901779175,167.8649139404297,165.4663543701172,2.3985595703125,107.68885803222656,107.35476684570312,0.3340911865234375,0.18530400097370148,0.17622783780097961,-0.009076163172721863,0.1533486247062683,0.1925210952758789,0.039172470569610596,0.36275094747543335,0.3610777258872986,-0.0016732215881347656,0.5858592987060547,0.5848789215087891,0.000980377197265625,0.09343983978033066,0.09343983978033066,179.52633583545685
crack0078_00.png,-0.19486141204833984,98.18659210205078,98.27229309082031,-0.08570098876953125,108.08934783935547,108.44918823242188,-0.35984039306640625,0.44496262073516846,0.4422081410884857,-0.0027544796466827393,0.0,0.0,0.0,0.0,0.0,0.0,0.5856286287307739,0.5792502760887146,0.006378352642059326,0.1053386777639389,0.1053386777639389,95.12209928035736
crack0078_01.png,-3.8071836471557616,88.60481262207031,89.19436645507812,-0.5895538330078125,106.97886657714844,108.53386688232422,-1.5550003051757812,0.4745154082775116,0.44225651025772095,-0.03225889801979065,0.0,0.0,0.0,0.0,0.0,0.0,0.5840445756912231,0.5844175219535828,-0.00037294626235961914,0.11250545084476471,0.11250545084476471,85.74089980125427
crack0078_02.png,-0.45137777328491213,92.2059555053711,92.52812194824219,-0.32216644287109375,110.51298522949219,110.62435150146484,-0.11136627197265625,0.4664370119571686,0.46304112672805786,-0.0033958852291107178,0.0,0.0,0.0,0.0,0.0,0.0,0.5852018594741821,0.5805267095565796,0.004675149917602539,0.11425267159938812,0.11425267159938812,87.99264550209045
crack0078_03.png,-0.5309281349182129,98.99085235595703,100.8101806640625,-1.8193283081054688,120.5993423461914,120.54048156738281,0.05886077880859375,0.39617979526519775,0.4096202552318573,0.013440459966659546,0.0,0.0,0.0,0.0,0.0,0.0,0.5891810655593872,0.5844405889511108,0.004740476608276367,0.1041187196969986,0.1041187196969986,99.69697141647339
crack0078_04.png,1.8327396392822266,82.1165771484375,81.55393981933594,0.5626373291015625,117.84355926513672,116.19611358642578,1.6474456787109375,0.4338039457798004,0.4379020631313324,0.004098117351531982,0.0,0.0,0.0,0.0,0.0,0.0,0.5852518081665039,0.5781699419021606,0.007081866264343262,0.10702013969421387,0.10702013969421387,79.21709406375885
crack0078_05.png,-1.7317185401916504,94.0858154296875,95.06804656982422,-0.9822311401367188,118.52676391601562,117.74482727050781,0.7819366455078125,0.5404028296470642,0.5251868367195129,-0.01521599292755127,0.0,0.0,0.0,0.0552714467048645,0.07086396217346191,0.015592515468597412,0.5921261310577393,0.5882506966590881,0.003875434398651123,0.11311125755310059,0.11311125755310059,86.75076603889465
crack0078_06.png,-0.09360589981079104,100.64030456542969,101.41529846191406,-0.774993896484375,107.14884948730469,107.09904479980469,0.0498046875,0.44181081652641296,0.44803571701049805,0.006224900484085083,0.0,0.0,0.0,0.014048159122467041,0.006754875183105469,-0.007293283939361572,0.5864436626434326,0.5823568105697632,0.004086852073669434,0.10800446569919586,0.10800446569919586,97.9768990278244
crack0078_07.png,1.0219440460205078,88.7698974609375,87.21176147460938,1.558135986328125,106.72392272949219,107.35079193115234,-0.6268692016601562,0.4077224135398865,0.4036007225513458,-0.004121690988540649,0.0,0.0,0.0,0.1513546109199524,0.15392249822616577,0.002567887306213379,0.5777508616447449,0.5766435861587524,0.0011072754859924316,0.10368189960718155,0.10368189960718155,86.88482058048248
crack0078_08.png,-1.461503505706787,85.60279083251953,86.03255462646484,-0.4297637939453125,110.13700103759766,109.9971923828125,0.13980865478515625,0.45809435844421387,0.44248586893081665,-0.015608489513397217,0.0,0.0,0.0,0.0,0.0,0.0,0.5868012309074402,0.5827758312225342,0.004025399684906006,0.11764176934957504,0.11764176934957504,82.7405698299408
crack0078_09.png,-1.4312590599060058,98.30198669433594,99.49495697021484,-1.1929702758789062,115.09263610839844,115.41575622558594,-0.3231201171875,0.427280455827713,0.4280839264392853,0.0008034706115722656,0.0,0.0,0.0,0.0,0.0,0.0,0.5761130452156067,0.5804460048675537,-0.0043329596519470215,0.1184007078409195,0.1184007078409195,96.47948467731476
crack0079_00.png,2.7530524253845217,111.59622192382812,110.00827026367188,1.58795166015625,109.29981994628906,107.22915649414062,2.0706634521484375,0.29948151111602783,0.3001164197921753,0.0006349086761474609,0.0,0.0,0.0,0.0,0.0,0.0,0.5890195965766907,0.5818685293197632,0.00715106725692749,0.11766833066940308,0.11766833066940308,116.39413928985596
crack0079_01.png,2.033237171173096,103.69010925292969,102.0445556640625,1.6455535888671875,103.724853515625,103.66686248779297,0.05799102783203125,0.38278231024742126,0.3863368630409241,0.0035545527935028076,0.0,0.0,0.0,0.0,0.0,0.0,0.5801845192909241,0.5781814455986023,0.0020030736923217773,0.1287020593881607,0.1287020593881607,103.10777461528778
crack0079_02.png,4.67049503326416,114.09092712402344,111.29144287109375,2.7994842529296875,126.58831024169922,123.53628540039062,3.0520248413085938,0.2776867151260376,0.28265196084976196,0.004965245723724365,0.0,0.0,0.0,0.060898542404174805,0.043132662773132324,-0.01776587963104248,0.5894656181335449,0.5831410884857178,0.0063245296478271484,0.12959221005439758,0.12959221005439758,119.60860681533813
crack0079_03.png,0.656588363647461,107.4117202758789,107.12091827392578,0.290802001953125,110.86459350585938,109.757080078125,1.107513427734375,0.3033422529697418,0.301779180765152,-0.0015630722045898438,0.0,0.0,0.0,0.046037375926971436,0.043554067611694336,-0.0024833083152770996,0.5842329859733582,0.5830373167991638,0.001195669174194336,0.11826884746551514,0.11826884746551514,112.52888786792755
crack0079_04.png,2.295886421203613,108.58598327636719,106.32514953613281,2.260833740234375,101.80123901367188,102.12722778320312,-0.32598876953125,0.3531420826911926,0.3549545109272003,0.0018124282360076904,0.0,0.0,0.0,0.0,0.0,0.0,0.5721491575241089,0.5716378092765808,0.0005113482475280762,0.12117154896259308,0.12117154896259308,109.1530077457428
crack0079_05.png,2.71488733291626,107.03304290771484,104.98535919189453,2.0476837158203125,104.99162292480469,104.86332702636719,0.1282958984375,0.33624812960624695,0.3441677689552307,0.007919639348983765,0.0,0.0,0.0,0.0,0.0,0.0,0.5766435861587524,0.5770857334136963,-0.00044214725494384766,0.11443409323692322,0.11443409323692322,108.91774260997772
crack0079_06.png,2.818751907348633,107.90518951416016,105.40911865234375,2.4960708618164062,109.16851806640625,108.21783447265625,0.95068359375,0.3169808089733124,0.3129967749118805,-0.003984034061431885,0.0,0.0,0.0,0.0,0.0,0.0,0.5845097899436951,0.5779815316200256,0.006528258323669434,0.13142140209674835,0.13142140209674835,111.25773918628693
crack0079_07.png,-4.3204854965209964,73.50408172607422,75.45433807373047,-1.95025634765625,106.17167663574219,108.54534912109375,-2.3736724853515625,0.36073029041290283,0.3414483070373535,-0.019281983375549316,0.0,0.0,0.0,0.0,0.0,0.0,0.5786312818527222,0.5755863189697266,0.0030449628829956055,0.119801826775074,0.119801826775074,77.13756275177002
crack0079_08.png,2.376927947998047,107.63710021972656,105.80052947998047,1.8365707397460938,110.4051284790039,110.35337829589844,0.05175018310546875,0.3302786350250244,0.3359823524951935,0.005703717470169067,0.0,0.0,0.0,0.05784112215042114,0.08637112379074097,0.028530001640319824,0.5782429575920105,0.5766589641571045,0.0015839934349060059,0.12669116258621216,0.12669116258621216,110.03181505203247
crack0079_09.png,6.773599147796631,139.530029296875,134.6455078125,4.884521484375,151.94862365722656,149.4139862060547,2.534637451171875,0.2621338665485382,0.2717554271221161,0.00962156057357788,0.0,0.0,0.0,0.0,0.0,0.0,0.5932756662368774,0.5906382203102112,0.0026374459266662598,0.1260964274406433,0.1260964274406433,145.0907632112503
crack0080_00.png,0.07926454544067385,116.80013275146484,116.37004852294922,0.430084228515625,106.11849212646484,105.38510131835938,0.7333908081054688,0.25786763429641724,0.2517118752002716,-0.00615575909614563,0.3590632677078247,0.35143721103668213,-0.007626056671142578,0.23953121900558472,0.23554348945617676,-0.003987729549407959,0.5836793780326843,0.579846203327179,0.003833174705505371,0.14699208736419678,0.14699208736419678,124.82955324649811
crack0080_01.png,2.489782428741455,109.65780639648438,108.43302154541016,1.2247848510742188,105.27516174316406,105.14757537841797,0.12758636474609375,0.2977249026298523,0.30700719356536865,0.009282290935516357,0.4432463049888611,0.45320838689804077,0.009962081909179688,0.25707370042800903,0.2666243314743042,0.009550631046295166,0.5865936279296875,0.5847712159156799,0.0018224120140075684,0.1518687754869461,0.1518687754869461,114.64566493034363
crack0080_02.png,-0.7054686546325684,106.99163818359375,106.2398681640625,0.75177001953125,102.23411560058594,102.29164123535156,-0.057525634765625,0.2849492132663727,0.2759406566619873,-0.009008556604385376,0.48493069410324097,0.4660463333129883,-0.018884360790252686,0.30397355556488037,0.2816961407661438,-0.022277414798736572,0.5851979851722717,0.5841522216796875,0.0010457634925842285,0.1693829447031021,0.1693829447031021,113.46723318099976
crack0080_03.png,1.517857837677002,114.049560546875,112.85411834716797,1.1954421997070312,108.33575439453125,107.91259765625,0.42315673828125,0.3185083866119385,0.31558743119239807,-0.0029209554195404053,0.4406033754348755,0.44734448194503784,0.0067411065101623535,0.3181458115577698,0.3080979585647583,-0.010047852993011475,0.5889350175857544,0.5860053896903992,0.0029296278953552246,0.1684994250535965,0.1684994250535965,118.07399427890778
crack0080_04.png,1.135707139968872,102.77850341796875,102.55596923828125,0.2225341796875,99.75323486328125,100.05917358398438,-0.305938720703125,0.24920354783535004,0.25710350275039673,0.007899954915046692,0.373013436794281,0.377327561378479,0.004314124584197998,0.22288209199905396,0.21561294794082642,-0.007269144058227539,0.5858323574066162,0.580057680606842,0.00577467679977417,0.16236761212348938,0.16236761212348938,111.14831775426865
crack0080_05.png,1.5906298637390137,96.97710418701172,96.44219207763672,0.534912109375,99.95159912109375,100.36965942382812,-0.418060302734375,0.2902529835700989,0.3067712187767029,0.016518235206604004,0.46975433826446533,0.4699134826660156,0.00015914440155029297,0.2984241247177124,0.30052512884140015,0.002101004123687744,0.5772318243980408,0.579853892326355,-0.002622067928314209,0.1651114821434021,0.1651114821434021,102.48862481117249
crack0080_06.png,0.5358439445495605,116.03874206542969,115.02570343017578,1.0130386352539062,103.2853775024414,103.68940734863281,-0.40402984619140625,0.26107943058013916,0.2553699016571045,-0.005709528923034668,0.3006688952445984,0.30167239904403687,0.0010035037994384766,0.2258836030960083,0.19192785024642944,-0.03395575284957886,0.5851019024848938,0.5825759172439575,0.0025259852409362793,0.15667463839054108,0.15667463839054108,123.61410474777222
crack0080_07.png,0.2511324882507324,106.1431655883789,105.64237213134766,0.50079345703125,100.32170104980469,100.41195678710938,-0.0902557373046875,0.3495938181877136,0.34740591049194336,-0.0021879076957702637,0.3960421085357666,0.3942407965660095,-0.00180131196975708,0.1992480754852295,0.2005244493484497,0.0012763738632202148,0.5791041851043701,0.5782660245895386,0.000838160514831543,0.150416299700737,0.150416299700737,108.21258163452148
crack0080_08.png,1.5540366172790527,105.8918228149414,104.5879898071289,1.3038330078125,105.29074096679688,104.84175109863281,0.4489898681640625,0.30372947454452515,0.30553242564201355,0.0018029510974884033,0.30737996101379395,0.3052278757095337,-0.002152085304260254,0.2238566279411316,0.20702844858169556,-0.016828179359436035,0.5880122780799866,0.5877009034156799,0.0003113746643066406,0.18797947466373444,0.18797947466373444,110.53662896156311
crack0080_09.png,0.12577953338623038,117.12374877929688,115.69335174560547,1.4303970336914062,104.85521697998047,105.08854675292969,-0.23332977294921875,0.2420678287744522,0.24030469357967377,-0.0017631351947784424,0.21871542930603027,0.19078689813613892,-0.027928531169891357,0.175248384475708,0.17040085792541504,-0.004847526550292969,0.587731659412384,0.586558997631073,0.0011726617813110352,0.1369883120059967,0.1369883120059967,125.49953502416611
crack0081_00.png,0.42527561187744145,145.66636657714844,144.84512329101562,0.8212432861328125,103.21101379394531,103.27888488769531,-0.06787109375,0.32054534554481506,0.3155275881290436,-0.005017757415771484,0.0,0.0,0.0,0.06444239616394043,0.073760986328125,0.00931859016418457,0.5831410884857178,0.5823260545730591,0.0008150339126586914,0.12015406787395477,0.12015406787395477,149.64973318576813
crack0081_01.png,2.7502120971679687,142.18988037109375,139.65220642089844,2.5376739501953125,102.35325622558594,102.2090072631836,0.14424896240234375,0.30242565274238586,0.3025733530521393,0.00014770030975341797,0.0,0.0,0.0,0.01563560962677002,0.0058293938636779785,-0.009806215763092041,0.5838562250137329,0.5802806615829468,0.003575563430786133,0.1250830888748169,0.1250830888748169,146.12975323200226
crack0081_02.png,3.4808705329895018,154.73448181152344,150.99618530273438,3.7382965087890625,101.4350357055664,102.21324157714844,-0.7782058715820312,0.29286035895347595,0.29089996218681335,-0.0019603967666625977,0.0,0.0,0.0,0.037429094314575195,0.022335290908813477,-0.015093803405761719,0.5791656970977783,0.5738984942436218,0.005267202854156494,0.10489100217819214,0.10489100217819214,158.57796370983124
crack0081_03.png,4.954851722717285,148.5146484375,145.5873260498047,2.9273223876953125,103.94802856445312,104.43975830078125,-0.491729736328125,0.26955682039260864,0.28188085556030273,0.012324035167694092,0.0,0.02932727336883545,0.02932727336883545,0.045589327812194824,0.0648687481880188,0.019279420375823975,0.5818915963172913,0.5802614092826843,0.0016301870346069336,0.11181730031967163,0.11181730031967163,154.15324187278748
crack0081_04.png,0.8483308792114257,135.19200134277344,133.91458129882812,1.2774200439453125,102.41499328613281,103.41400909423828,-0.9990158081054688,0.26533541083335876,0.2641114294528961,-0.0012239813804626465,0.0,0.0,0.0,0.0,0.0,0.0,0.5813225507736206,0.5796116590499878,0.0017108917236328125,0.10387218743562698,0.10387218743562698,141.95950758457184
crack0081_05.png,4.674720001220703,144.83163452148438,140.8199005126953,4.0117340087890625,104.54289245605469,104.24942016601562,0.2934722900390625,0.2959275245666504,0.3006771206855774,0.004749596118927002,0.0,0.0,0.0,0.0,0.0,0.0,0.588496744632721,0.5843560099601746,0.004140734672546387,0.11472532898187637,0.11472532898187637,148.60998582839966
crack0081_06.png,4.500269889831543,153.1252899169922,148.94969177246094,4.17559814453125,105.00863647460938,104.45405578613281,0.5545806884765625,0.2643607258796692,0.264358252286911,-2.473592758178711e-06,0.0,0.0,0.0,0.0,0.0,0.0,0.5851057171821594,0.5825297832489014,0.0025759339332580566,0.11142060905694962,0.11142060905694962,158.58022439479828
crack0081_07.png,4.357379627227783,150.37045288085938,146.2048797607422,4.1655731201171875,104.41474151611328,104.86952209472656,-0.45478057861328125,0.293653279542923,0.29110804200172424,-0.0025452375411987305,0.10073697566986084,0.10871517658233643,0.007978200912475586,0.14938265085220337,0.15934693813323975,0.009964287281036377,0.5892618298530579,0.5828065872192383,0.00645524263381958,0.12689070403575897,0.12689070403575897,154.39165699481964
crack0081_08.png,2.627707290649414,144.53599548339844,141.93365478515625,2.6023406982421875,102.99082946777344,103.26332092285156,-0.272491455078125,0.2882363498210907,0.2912134826183319,0.002977132797241211,0.0,0.0,0.0,0.0233495831489563,0.0,-0.0233495831489563,0.581138014793396,0.5837332010269165,-0.002595186233520508,0.1145155057311058,0.1145155057311058,149.28997218608856
crack0081_09.png,6.277952861785889,143.39476013183594,140.19920349121094,3.195556640625,105.69498443603516,104.961181640625,0.7338027954101562,0.3126823306083679,0.3130759596824646,0.0003936290740966797,0.014310598373413086,0.07577884197235107,0.06146824359893799,0.11506515741348267,0.1261730194091797,0.011107861995697021,0.5903114080429077,0.5828450322151184,0.007466375827789307,0.13231217861175537,0.13231217861175537,146.64849829673767
crack0082_00.png,2.3555062294006346,122.29558563232422,121.21224212646484,1.083343505859375,110.12574768066406,109.98213195800781,0.14361572265625,0.43030470609664917,0.43809711933135986,0.007792413234710693,0.32523125410079956,0.33858799934387207,0.01335674524307251,0.2295374870300293,0.22906219959259033,-0.00047528743743896484,0.5833102464675903,0.5818839073181152,0.0014263391494750977,0.15502309799194336,0.15502309799194336,119.2680413722992
crack0082_01.png,3.8115968704223633,121.97400665283203,119.84011840820312,2.1338882446289062,121.01846313476562,117.26785278320312,3.7506103515625,0.28901782631874084,0.3031568229198456,0.014138996601104736,0.27294033765792847,0.24740731716156006,-0.025533020496368408,0.11625206470489502,0.11300373077392578,-0.0032483339309692383,0.5885005593299866,0.5868089199066162,0.0016916394233703613,0.13221296668052673,0.13221296668052673,127.10601532459259
crack0082_02.png,1.9593040466308593,124.17719268798828,123.54925537109375,0.6279373168945312,110.6207046508789,109.56723022460938,1.0534744262695312,0.44798699021339417,0.443445086479187,-0.004541903734207153,0.4383806586265564,0.4675303101539612,0.029149651527404785,0.315299928188324,0.31726986169815063,0.00196993350982666,0.5850557684898376,0.5823721885681152,0.002683579921722412,0.14177794754505157,0.14177794754505157,120.6587495803833
crack0082_03.png,1.5090615272521972,138.0581817626953,136.8928680419922,1.165313720703125,113.44408416748047,113.33993530273438,0.10414886474609375,0.38499897718429565,0.378754198551178,-0.006244778633117676,0.25046730041503906,0.26656824350357056,0.016100943088531494,0.20232969522476196,0.2090083360671997,0.006678640842437744,0.582918107509613,0.5789772868156433,0.0039408206939697266,0.11471986770629883,0.11471986770629883,138.0669972896576
crack0082_04.png,0.9998328208923339,117.67794036865234,117.08406829833984,0.5938720703125,113.68929290771484,114.01639556884766,-0.3271026611328125,0.5160830616950989,0.5137872099876404,-0.002295851707458496,0.41655629873275757,0.42766690254211426,0.01111060380935669,0.35817092657089233,0.3554037809371948,-0.0027671456336975098,0.5985620617866516,0.5916609168052673,0.006901144981384277,0.1391661912202835,0.1391661912202835,110.49625420570374
crack0082_05.png,2.5974568367004394,149.85739135742188,148.91311645507812,0.94427490234375,124.45947265625,122.41561889648438,2.043853759765625,0.2892686724662781,0.2988050878047943,0.009536415338516235,0.358933687210083,0.356641948223114,-0.002291738986968994,0.116635262966156,0.1266099214553833,0.009974658489227295,0.5874009728431702,0.5832910537719727,0.00410991907119751,0.1271766722202301,0.1271766722202301,155.52517247200012
crack0082_06.png,2.7518808364868166,118.771484375,117.83817291259766,0.9333114624023438,106.88029479980469,106.79159545898438,0.0886993408203125,0.4175090491771698,0.4126504361629486,-0.004858613014221191,0.3747698664665222,0.4241277575492859,0.04935789108276367,0.2197851538658142,0.2477361559867859,0.02795100212097168,0.5863283276557922,0.5813917517662048,0.004936575889587402,0.1341257095336914,0.1341257095336914,116.9989355802536
crack0082_07.png,1.8709234237670898,127.66635131835938,125.96475982666016,1.7015914916992188,115.55360412597656,114.86194610595703,0.6916580200195312,0.34900471568107605,0.344417005777359,-0.004587709903717041,0.3262745141983032,0.32926416397094727,0.002989649772644043,0.27368462085723877,0.27391868829727173,0.00023406744003295898,0.5955862998962402,0.5920838117599487,0.003502488136291504,0.15633755922317505,0.15633755922317505,129.97398722171783
crack0082_08.png,-1.6249667167663575,123.25906372070312,124.50225830078125,-1.243194580078125,115.2874984741211,114.93065643310547,0.356842041015625,0.3317109942436218,0.3213281035423279,-0.010382890701293945,0.4174124002456665,0.4203057885169983,0.002893388271331787,0.23180460929870605,0.23396772146224976,0.002163112163543701,0.5936447381973267,0.5888850688934326,0.004759669303894043,0.13020670413970947,0.13020670413970947,128.34676432609558
crack0082_09.png,1.8652174949645997,115.93621063232422,115.78072357177734,0.155487060546875,111.48820495605469,110.37916564941406,1.109039306640625,0.43300241231918335,0.4331131875514984,0.00011077523231506348,0.37475281953811646,0.40065550804138184,0.02590268850326538,0.27343887090682983,0.266714870929718,-0.006723999977111816,0.5867435336112976,0.5812149047851562,0.005528628826141357,0.12393530458211899,0.12393530458211899,113.34806370735168
crack0083_00.png,-0.5766707420349121,95.5574951171875,95.09483337402344,0.4626617431640625,105.50225067138672,104.65472412109375,0.8475265502929688,0.38140055537223816,0.3668273091316223,-0.014573246240615845,0.3883185386657715,0.38459813594818115,-0.003720402717590332,0.34246206283569336,0.3310093879699707,-0.011452674865722656,0.5816532373428345,0.5832449197769165,-0.0015916824340820312,0.23411314189434052,0.23411314189434052,96.64632248878479
crack0083_01.png,-1.4367521286010743,93.39788055419922,93.12358093261719,0.27429962158203125,104.12825012207031,104.02413940429688,0.1041107177734375,0.4494447410106659,0.4455393850803375,-0.003905355930328369,0.40880370140075684,0.3728354573249817,-0.035968244075775146,0.3326612710952759,0.31816816329956055,-0.014493107795715332,0.5815685987472534,0.5816070437431335,-3.844499588012695e-05,0.19021782279014587,0.19021782279014587,89.7926493883133
crack0083_02.png,-0.5405442237854003,99.4331283569336,99.2856674194336,0.1474609375,103.54930114746094,103.55388641357422,-0.00458526611328125,0.35558947920799255,0.3508628308773041,-0.0047266483306884766,0.46413886547088623,0.4591330289840698,-0.005005836486816406,0.3857268691062927,0.37565821409225464,-0.010068655014038086,0.5844252109527588,0.5871203541755676,-0.002695143222808838,0.20598915219306946,0.20598915219306946,101.79244220256805
crack0083_03.png,1.6546907424926758,99.3572006225586,97.70044708251953,1.6567535400390625,106.32362365722656,105.48221588134766,0.8414077758789062,0.3073936402797699,0.3033989369869232,-0.00399470329284668,0.48249727487564087,0.4808407425880432,-0.0016565322875976562,0.29710710048675537,0.2882689833641052,-0.008838117122650146,0.5856708884239197,0.5844905972480774,0.0011802911758422852,0.15810513496398926,0.15810513496398926,103.75172317028046
crack0083_04.png,5.894912672042847,96.82035064697266,95.6722183227539,1.14813232421875,103.44573211669922,102.2577133178711,1.188018798828125,0.2499570995569229,0.3141796886920929,0.06422258913516998,0.3818821907043457,0.35951119661331177,-0.022370994091033936,0.20371013879776,0.24416548013687134,0.04045534133911133,0.5786582231521606,0.5779430866241455,0.0007151365280151367,0.15646833181381226,0.15646833181381226,104.39518743753433
crack0083_05.png,-2.2409413337707518,95.93335723876953,96.17213439941406,-0.23877716064453125,107.35676574707031,108.0617904663086,-0.7050247192382812,0.32176584005355835,0.32139310240745544,-0.0003727376461029053,0.3684804439544678,0.32769840955734253,-0.040782034397125244,0.2619193196296692,0.24683737754821777,-0.015081942081451416,0.5845828652381897,0.5860592126846313,-0.0014763474464416504,0.16565732657909393,0.16565732657909393,100.21152818202972
crack0083_06.png,-0.7677868843078612,102.88516998291016,101.4172134399414,1.46795654296875,104.20521545410156,104.29975891113281,-0.09454345703125,0.376827210187912,0.355852872133255,-0.020974338054656982,0.4135911464691162,0.40078771114349365,-0.012803435325622559,0.29831624031066895,0.2829509377479553,-0.015365302562713623,0.5844137072563171,0.5846097469329834,-0.00019603967666625977,0.2267361581325531,0.2267361581325531,104.18440926074982
crack0083_07.png,1.3011721611022948,103.08777618408203,103.16858673095703,-0.080810546875,106.5058822631836,105.97962951660156,0.5262527465820312,0.34879031777381897,0.3554874360561371,0.006697118282318115,0.4433203935623169,0.45733314752578735,0.014012753963470459,0.33787405490875244,0.3393034338951111,0.0014293789863586426,0.5817416310310364,0.579861581325531,0.001880049705505371,0.17946366965770721,0.17946366965770721,105.47042763233185
crack0083_08.png,-1.7548070907592774,96.99246215820312,97.49246978759766,-0.5000076293945312,101.5145492553711,101.7603530883789,-0.2458038330078125,0.3096866309642792,0.30057406425476074,-0.009112566709518433,0.3877142071723938,0.3768851161003113,-0.01082909107208252,0.34308868646621704,0.3135796785354614,-0.029509007930755615,0.575724720954895,0.5755824446678162,0.00014227628707885742,0.18124693632125854,0.18124693632125854,102.23701095581055
crack0083_09.png,2.320215129852295,95.86126708984375,94.70299530029297,1.1582717895507812,108.1379623413086,107.54449462890625,0.5934677124023438,0.27555719017982483,0.279603511095047,0.004046320915222168,0.312735915184021,0.3237471580505371,0.011011242866516113,0.17667865753173828,0.18142741918563843,0.0047487616539001465,0.5822376012802124,0.5782275795936584,0.004010021686553955,0.15730604529380798,0.15730604529380798,102.03820383548737
crack0084_00.png,-0.9811612129211426,106.25774383544922,106.71932220458984,-0.461578369140625,116.15809631347656,114.77090454101562,1.3871917724609375,0.3784194886684418,0.3708662688732147,-0.007553219795227051,0.38302868604660034,0.3722924590110779,-0.010736227035522461,0.323469340801239,0.31597375869750977,-0.007495582103729248,0.5860592126846313,0.5870780348777771,-0.001018822193145752,0.1696181297302246,0.1696181297302246,107.71967828273773
crack0084_01.png,1.083178997039795,112.80218505859375,113.10126495361328,-0.29907989501953125,122.13348388671875,119.62013244628906,2.5133514404296875,0.3440655767917633,0.34689971804618835,0.002834141254425049,0.3174908757209778,0.3219183683395386,0.004427492618560791,0.34896016120910645,0.34417831897735596,-0.004781842231750488,0.5846789479255676,0.5853517651557922,-0.0006728172302246094,0.22528910636901855,0.22528910636901855,115.7218610048294
crack0084_02.png,-0.5886171340942383,119.3830337524414,119.88819885253906,-0.5051651000976562,111.10076904296875,111.28306579589844,-0.1822967529296875,0.3407823145389557,0.335736483335495,-0.005045831203460693,0.20249837636947632,0.20675575733184814,0.004257380962371826,0.22064703702926636,0.20961594581604004,-0.011031091213226318,0.586243748664856,0.5806728005409241,0.005570948123931885,0.1387006938457489,0.1387006938457489,122.94117724895477
crack0084_03.png,1.563216781616211,137.62599182128906,135.59239196777344,2.033599853515625,130.5844268798828,130.21884155273438,0.3655853271484375,0.21900682151317596,0.21276970207691193,-0.006237119436264038,0.0,0.0,0.0,0.0,0.0,0.0,0.5912649035453796,0.5942060947418213,-0.0029411911964416504,0.2013077288866043,0.2013077288866043,147.6112535595894
crack0084_04.png,-0.5216784477233887,120.72308349609375,122.28645324707031,-1.5633697509765625,123.02290344238281,120.75773620605469,2.265167236328125,0.2660849690437317,0.26738426089286804,0.0012992918491363525,0.0,0.0,0.0,0.05749964714050293,0.08802199363708496,0.03052234649658203,0.5892233848571777,0.5884313583374023,0.0007920265197753906,0.18330229818820953,0.18330229818820953,129.10860562324524
crack0084_05.png,1.6115184783935548,108.74769592285156,109.5722885131836,-0.8245925903320312,120.1656265258789,118.39947509765625,1.7661514282226562,0.3623257279396057,0.3715163469314575,0.009190618991851807,0.34353309869766235,0.36831241846084595,0.024779319763183594,0.2782753109931946,0.3134850263595581,0.035209715366363525,0.5878046751022339,0.587723970413208,8.07046890258789e-05,0.18928062915802002,0.18928062915802002,110.93263554573059
crack0084_06.png,-2.4417484283447264,109.28958892822266,111.05303955078125,-1.7634506225585938,108.51969909667969,108.7796630859375,-0.2599639892578125,0.31599751114845276,0.31325969099998474,-0.0027378201484680176,0.201218843460083,0.19435513019561768,-0.006863713264465332,0.21446478366851807,0.22079718112945557,0.0063323974609375,0.5853787064552307,0.5873971581459045,-0.002018451690673828,0.19481316208839417,0.19481316208839417,114.87161910533905
crack0084_07.png,-1.2406713485717773,111.3725357055664,111.80654907226562,-0.43401336669921875,115.28165435791016,114.25985717773438,1.0217971801757812,0.2526377737522125,0.25882405042648315,0.00618627667427063,0.1418088674545288,0.09959012269973755,-0.04221874475479126,0.13102859258651733,0.12496274709701538,-0.006065845489501953,0.5871587991714478,0.5876970291137695,-0.0005382299423217773,0.1542603224515915,0.1542603224515915,119.93915712833405
crack0084_08.png,-1.5014257431030273,114.37648010253906,116.26840209960938,-1.8919219970703125,114.0927734375,114.06683349609375,0.02593994140625,0.2763931453227997,0.280025839805603,0.0036326944828033447,0.0,0.0,0.0,0.0,0.0,0.0,0.5895540118217468,0.5873163938522339,0.0022376179695129395,0.1757432222366333,0.1757432222366333,122.32101285457611
crack0084_09.png,2.918835926055908,107.1612548828125,105.7083969116211,1.4528579711914062,113.02194213867188,110.93778991699219,2.0841522216796875,0.2646706998348236,0.27236729860305786,0.007696598768234253,0.2613624334335327,0.26127350330352783,-8.893013000488281e-05,0.24984437227249146,0.2696342468261719,0.01978987455368042,0.587228000164032,0.5867243409156799,0.0005036592483520508,0.1875666081905365,0.1875666081905365,114.04370391368866
crack0085_00.png,3.3244601249694825,99.177490234375,96.82362365722656,2.3538665771484375,101.22416687011719,100.2817611694336,0.9424057006835938,0.293958455324173,0.2980647385120392,0.004106283187866211,0.0,0.0,0.0,0.0,0.0,0.0,0.5847250819206238,0.578096866607666,0.006628215312957764,0.12425938248634338,0.12425938248634338,103.75205290317535
crack0085_01.png,0.39742431640625,118.2076416015625,117.95506286621094,0.2525787353515625,107.60226440429688,106.17222595214844,1.4300384521484375,0.3034229576587677,0.2969895303249359,-0.006433427333831787,0.0,0.0,0.0,0.037472546100616455,0.020217716693878174,-0.01725482940673828,0.5806536078453064,0.57846599817276,0.0021876096725463867,0.13767839968204498,0.13767839968204498,123.48812472820282
crack0085_02.png,2.505792236328125,112.38036346435547,109.99561309814453,2.3847503662109375,104.43879699707031,103.7642593383789,0.6745376586914062,0.2795264720916748,0.274366170167923,-0.005160301923751831,0.0,0.0,0.0,0.0,0.0,0.0,0.5813994407653809,0.5747981667518616,0.006601274013519287,0.12031131982803345,0.12031131982803345,117.98199570178986
crack0085_03.png,1.6998579025268556,88.38758087158203,86.27821350097656,2.1093673706054688,98.7427978515625,98.80439758300781,-0.0615997314453125,0.3316701650619507,0.3241834044456482,-0.00748676061630249,0.0,0.0,0.0,0.0,0.0,0.0,0.5771011114120483,0.5717493295669556,0.0053517818450927734,0.12646670639514923,0.12646670639514923,90.96593737602234
crack0085_04.png,3.6776700973510743,111.73495483398438,108.75764465332031,2.9773101806640625,107.63455200195312,106.3483657836914,1.2861862182617188,0.2639026641845703,0.2635638117790222,-0.0003388524055480957,0.0,0.0,0.0,0.0,0.0,0.0,0.5871626138687134,0.5818377733230591,0.005324840545654297,0.13680513203144073,0.13680513203144073,117.91897559165955
crack0085_05.png,0.06632394790649432,121.76083374023438,119.9530029296875,1.807830810546875,113.03385925292969,111.16476440429688,1.8690948486328125,0.27974092960357666,0.2818772792816162,0.0021363496780395508,0.10718625783920288,0.0370786190032959,-0.07010763883590698,0.06249046325683594,0.02274036407470703,-0.039750099182128906,0.588992714881897,0.5853863954544067,0.0036063194274902344,0.1269611418247223,0.1269611418247223,127.63217115402222
crack0085_06.png,2.462325382232666,110.1175765991211,107.90924072265625,2.2083358764648438,106.0560531616211,106.4675521850586,-0.4114990234375,0.25690582394599915,0.26404497027397156,0.007139146327972412,0.02002871036529541,0.01701486110687256,-0.0030138492584228516,0.09136837720870972,0.08238029479980469,-0.00898808240890503,0.57651287317276,0.5773125886917114,-0.000799715518951416,0.12733697891235352,0.12733697891235352,116.69156277179718
crack0085_07.png,0.490810489654541,91.25833892822266,90.2258071899414,1.03253173828125,106.88758850097656,107.13353729248047,-0.24594879150390625,0.3499641716480255,0.3435496687889099,-0.006414502859115601,0.0,0.0,0.0,0.0,0.0,0.0,0.5769511461257935,0.5752056837081909,0.001745462417602539,0.12995636463165283,0.12995636463165283,93.20713877677917
crack0085_08.png,1.16823091506958,102.88837432861328,101.08733367919922,1.8010406494140625,102.75701141357422,102.41035461425781,0.34665679931640625,0.2962826192378998,0.2865411639213562,-0.009741455316543579,0.0,0.0,0.0,0.0,0.0,0.0,0.5771664977073669,0.5769703984260559,0.00019609928131103516,0.12442027032375336,0.12442027032375336,107.88204407691956
crack0085_09.png,3.7083888053894043,113.67666625976562,111.5281982421875,2.148468017578125,116.26099395751953,113.66802978515625,2.5929641723632812,0.28986799716949463,0.2951757311820984,0.00530773401260376,0.0,0.0,0.0,0.0,0.0,0.0,0.5870703458786011,0.5846174359321594,0.0024529099464416504,0.11754363775253296,0.11754363775253296,118.69316625595093
crack0086_00.png,-0.6831353664398193,63.3201789855957,63.40903854370117,-0.08885955810546875,114.22981262207031,114.42648315429688,-0.1966705322265625,0.1411980837583542,0.13091793656349182,-0.010280147194862366,0.0,0.0,0.0,0.0,0.0,0.0,0.597108781337738,0.5894386768341064,0.007670104503631592,0.11596377193927765,0.11596377193927765,79.39388382434845
crack0086_01.png,3.473932075500488,74.77385711669922,73.91242218017578,0.8614349365234375,118.58880615234375,118.65919494628906,-0.0703887939453125,0.1793636977672577,0.21021884679794312,0.030855149030685425,0.0,0.0,0.0,0.0,0.0,0.0,0.5953248739242554,0.5910188555717468,0.004306018352508545,0.11028584837913513,0.11028584837913513,87.39431273937225
crack0086_02.png,0.7080417633056642,67.84674835205078,66.34868621826172,1.4980621337890625,125.2735595703125,123.95292663574219,1.3206329345703125,0.1443147510290146,0.12512777745723724,-0.019186973571777344,0.0,0.0,0.0,0.0,0.0,0.0,0.594232976436615,0.5888158679008484,0.0054171085357666016,0.12132826447486877,0.12132826447486877,83.35936969518661
crack0086_03.png,-0.7068636417388916,52.34601974487305,52.412471771240234,-0.0664520263671875,120.37257385253906,120.08433532714844,0.288238525390625,0.12410850822925568,0.11170369386672974,-0.01240481436252594,0.0,0.0,0.0,0.0,0.0,0.0,0.5911034345626831,0.5851864814758301,0.005916953086853027,0.11812801659107208,0.11812801659107208,69.32116150856018
crack0086_04.png,-2.9933534145355223,65.78707885742188,66.81449890136719,-1.0274200439453125,120.4510498046875,120.8332748413086,-0.38222503662109375,0.1430971622467041,0.11920766532421112,-0.02388949692249298,0.0,0.0,0.0,0.0,0.0,0.0,0.590276837348938,0.5878239274024963,0.0024529099464416504,0.1139073371887207,0.1139073371887207,82.75940245389938
crack0086_05.png,0.20182504653930666,75.9830322265625,76.33943176269531,-0.3563995361328125,113.04203796386719,111.94293212890625,1.0991058349609375,0.13350579142570496,0.13101652264595032,-0.0024892687797546387,0.0,0.0,0.0,0.0,0.0,0.0,0.5935832262039185,0.5856401324272156,0.00794309377670288,0.11843821406364441,0.11843821406364441,92.04356968402863
crack0086_06.png,4.088699197769165,55.466148376464844,53.764827728271484,1.7013206481933594,121.875,117.95625305175781,3.9187469482421875,0.14370165765285492,0.15103203058242798,0.007330372929573059,0.0,0.0,0.0,0.0,0.0,0.0,0.5929450392723083,0.5871087908744812,0.0058362483978271484,0.11391273140907288,0.11391273140907288,69.7111901640892
crack0086_07.png,1.0301594257354736,54.04044723510742,53.251800537109375,0.7886466979980469,118.44081115722656,118.45262908935547,-0.01181793212890625,0.17732292413711548,0.17847667634487152,0.0011537522077560425,0.0,0.0,0.0,0.0,0.0,0.0,0.5912917852401733,0.5874432921409607,0.0038484930992126465,0.11022907495498657,0.11022907495498657,66.6584198474884
crack0086_08.png,0.6783043384552001,62.36432647705078,63.988800048828125,-1.6244735717773438,118.4049072265625,117.75486755371094,0.6500396728515625,0.136379674077034,0.15943822264671326,0.02305854856967926,0.0,0.0,0.0,0.0,0.0,0.0,0.590111494064331,0.5851595401763916,0.004951953887939453,0.11613498628139496,0.11613498628139496,78.59824258089066
crack0086_09.png,1.6708271503448486,63.021026611328125,64.9455337524414,-1.9245071411132812,128.03048706054688,122.47361755371094,5.5568695068359375,0.1714574098587036,0.18808607757091522,0.01662866771221161,0.0,0.0,0.0,0.0,0.0,0.0,0.5829142928123474,0.5818569660186768,0.0010573267936706543,0.12163390219211578,0.12163390219211578,77.01240730285645
crack0087_00.png,0.4960629463195801,100.10902404785156,100.18849182128906,-0.0794677734375,110.02882385253906,109.36956024169922,0.6592636108398438,0.2098645716905594,0.21263404190540314,0.00276947021484375,0.3248007297515869,0.3260309100151062,0.0012301802635192871,0.251189649105072,0.26515430212020874,0.013964653015136719,0.5820530652999878,0.581026554107666,0.0010265111923217773,0.18019600212574005,0.18019600212574005,110.83900624513626
crack0087_01.png,1.7368669509887695,116.45586395263672,115.853271484375,0.6025924682617188,117.43453979492188,117.14546203613281,0.2890777587890625,0.24456524848937988,0.24818545579910278,0.0036202073097229004,0.19954925775527954,0.21764421463012695,0.018094956874847412,0.16458255052566528,0.17548930644989014,0.010906755924224854,0.5814878940582275,0.5813571810722351,0.00013071298599243164,0.20457562804222107,0.20457562804222107,124.74016857147217
crack0087_02.png,-0.43882541656494145,99.1067886352539,100.36145782470703,-1.254669189453125,111.44683837890625,110.20510864257812,1.241729736328125,0.16477303206920624,0.16871540248394012,0.003942370414733887,0.23441147804260254,0.23266011476516724,-0.0017513632774353027,0.10822820663452148,0.08210933208465576,-0.026118874549865723,0.5829334855079651,0.5810880661010742,0.0018454194068908691,0.15970993041992188,0.15970993041992188,113.1650807261467
crack0087_03.png,4.421106290817261,117.8713607788086,116.08486938476562,1.7864913940429688,122.35859680175781,119.22416687011719,3.134429931640625,0.23210927844047546,0.2264561802148819,-0.005653098225593567,0.1500629186630249,0.1938217282295227,0.0437588095664978,0.08458876609802246,0.11770224571228027,0.03311347961425781,0.5959938764572144,0.593925416469574,0.002068459987640381,0.18509790301322937,0.18509790301322937,127.23049932718277
crack0087_04.png,1.5434969425201417,100.46733093261719,100.4880599975586,-0.02072906494140625,108.77314758300781,106.9398193359375,1.8333282470703125,0.20263409614562988,0.20739813148975372,0.00476403534412384,0.35681623220443726,0.3666648864746094,0.00984865427017212,0.2371690273284912,0.21088504791259766,-0.026283979415893555,0.5815878510475159,0.5801922082901001,0.0013956427574157715,0.17583203315734863,0.17583203315734863,111.58316373825073
crack0087_05.png,-1.8419422626495363,104.59133911132812,105.56172180175781,-0.9703826904296875,104.02960968017578,104.20173645019531,-0.17212677001953125,0.18570898473262787,0.18314522504806519,-0.002563759684562683,0.1243138313293457,0.10425251722335815,-0.02006131410598755,0.0,0.0,0.0,0.5835063457489014,0.5783852338790894,0.005121111869812012,0.1729455590248108,0.1729455590248108,117.42807078361511
crack0087_06.png,0.29343247413635254,97.67372131347656,98.9486083984375,-1.2748870849609375,106.80635833740234,106.56027221679688,0.24608612060546875,0.23180462419986725,0.23421674966812134,0.0024121254682540894,0.09299683570861816,0.1236010193824768,0.030604183673858643,0.0,0.01734870672225952,0.01734870672225952,0.58942711353302,0.5881084203720093,0.0013186931610107422,0.2013632357120514,0.2013632357120514,107.9799719452858
crack0087_07.png,1.204237699508667,101.78536987304688,101.62635803222656,0.1590118408203125,110.76673126220703,108.83878326416016,1.927947998046875,0.20204588770866394,0.20198513567447662,-6.0752034187316895e-05,0.18535196781158447,0.1924976110458374,0.00714564323425293,0.04403585195541382,0.019859492778778076,-0.024176359176635742,0.5851249694824219,0.5852979421615601,-0.0001729726791381836,0.17602619528770447,0.17602619528770447,112.99867349863052
crack0087_08.png,2.237661933898926,94.04899597167969,92.56521606445312,1.4837799072265625,115.87385559082031,113.28620910644531,2.587646484375,0.1896829605102539,0.18579146265983582,-0.003891497850418091,0.0,0.0,0.0,0.0,0.0,0.0,0.5856747627258301,0.5849211812019348,0.0007535815238952637,0.18157833814620972,0.18157833814620972,105.58660876750946
crack0087_09.png,2.1027591705322264,98.21467590332031,97.79680633544922,0.41786956787109375,108.28050231933594,106.55939483642578,1.7211074829101562,0.22630858421325684,0.22973647713661194,0.0034278929233551025,0.2405359148979187,0.25648826360702515,0.015952348709106445,0.1151190996170044,0.11298584938049316,-0.0021332502365112305,0.5838331580162048,0.5817301273345947,0.0021030306816101074,0.16820946335792542,0.16820946335792542,107.78055238723755
crack0088_00.png,-1.066777801513672,138.44793701171875,139.48275756835938,-1.034820556640625,108.33544921875,108.33108520507812,0.004364013671875,0.16640783846378326,0.16234706342220306,-0.0040607750415802,0.3059456944465637,0.31585443019866943,0.009908735752105713,0.35446399450302124,0.36077332496643066,0.006309330463409424,0.5776124596595764,0.5802422165870667,-0.0026297569274902344,0.11789846420288086,0.11789846420288086,152.43421214818954
crack0088_01.png,-2.6398727655410767,170.51589965820312,172.74822998046875,-2.232330322265625,113.99252319335938,114.79893493652344,-0.8064117431640625,0.11111385375261307,0.10804003477096558,-0.0030738189816474915,0.12712866067886353,0.13430064916610718,0.007171988487243652,0.24831503629684448,0.24151474237442017,-0.006800293922424316,0.5782237648963928,0.5813725590705872,-0.003148794174194336,0.11391052603721619,0.11391052603721619,188.4045650959015
crack0088_02.png,-1.9452717781066893,156.42745971679688,158.5294952392578,-2.1020355224609375,116.06748962402344,115.25636291503906,0.811126708984375,0.1135467067360878,0.11200956255197525,-0.0015371441841125488,0.24297356605529785,0.23676913976669312,-0.006204426288604736,0.27933090925216675,0.2657107710838318,-0.013620138168334961,0.5866782069206238,0.5815916657447815,0.005086541175842285,0.10531267523765564,0.10531267523765564,174.22503200173378
crack0088_03.png,-0.9151851654052734,143.40126037597656,144.898681640625,-1.4974212646484375,104.36903381347656,104.20569610595703,0.16333770751953125,0.1559533178806305,0.15364369750022888,-0.0023096203804016113,0.2322390079498291,0.25336402654647827,0.02112501859664917,0.2862187623977661,0.3058464527130127,0.019627690315246582,0.5770319104194641,0.5806151628494263,-0.003583252429962158,0.11034442484378815,0.11034442484378815,158.1559556722641
crack0088_04.png,-0.7243967533111573,160.49957275390625,161.22801208496094,-0.7284393310546875,115.78479766845703,115.40286254882812,0.38193511962890625,0.13676512241363525,0.13669650256633759,-6.861984729766846e-05,0.25004005432128906,0.24825066328048706,-0.001789391040802002,0.3047229051589966,0.29139018058776855,-0.013332724571228027,0.5772779583930969,0.5790696144104004,-0.0017916560173034668,0.10762590169906616,0.10762590169906616,175.82478684186935
crack0088_05.png,-1.8010434627532959,143.66094970703125,144.35848999023438,-0.697540283203125,107.57218933105469,108.00650024414062,-0.4343109130859375,0.21741138398647308,0.20648634433746338,-0.010925039649009705,0.25828003883361816,0.2577545642852783,-0.0005254745483398438,0.23195379972457886,0.22214055061340332,-0.009813249111175537,0.5783852338790894,0.579254150390625,-0.0008689165115356445,0.13739588856697083,0.13739588856697083,154.79070520401
crack0088_06.png,-1.1187334537506104,151.86524963378906,152.4073486328125,-0.5420989990234375,110.53031158447266,109.5938720703125,0.9364395141601562,0.1347087323665619,0.1356465369462967,0.0009378045797348022,0.26057106256484985,0.23457682132720947,-0.02599424123764038,0.32447534799575806,0.3335795998573303,0.009104251861572266,0.5751480460166931,0.5748096704483032,0.0003383755683898926,0.12008249759674072,0.12008249759674072,167.0596970319748
crack0088_07.png,1.0639780521392823,145.61570739746094,145.124267578125,0.4914398193359375,108.53569030761719,108.51510620117188,0.0205841064453125,0.14697928726673126,0.14630714058876038,-0.0006721466779708862,0.2337687611579895,0.24899762868881226,0.015228867530822754,0.28833943605422974,0.31530487537384033,0.026965439319610596,0.5817147493362427,0.5814917087554932,0.00022304058074951172,0.11201305687427521,0.11201305687427521,159.86014902591705
crack0088_08.png,-0.08697559833526608,152.63882446289062,152.75938415527344,-0.1205596923828125,116.06050872802734,115.3607177734375,0.6997909545898438,0.11664105206727982,0.1133013665676117,-0.0033396854996681213,0.19251668453216553,0.19455641508102417,0.0020397305488586426,0.21748268604278564,0.20480740070343018,-0.012675285339355469,0.581641674041748,0.5831603407859802,-0.0015186667442321777,0.11023105680942535,0.11023105680942535,169.22743594646454
crack0088_09.png,-1.1524788379669189,133.9689483642578,135.2482452392578,-1.279296875,107.11996459960938,106.41288757324219,0.7070770263671875,0.17139671742916107,0.16902607679367065,-0.0023706406354904175,0.24394261837005615,0.24747872352600098,0.0035361051559448242,0.2936566472053528,0.28477537631988525,-0.00888127088546753,0.5778508186340332,0.580545961856842,-0.002695143222808838,0.13831950724124908,0.13831950724124908,147.68887066841125
crack0089_00.png,4.795270109176636,135.3129425048828,129.58328247070312,5.7296600341796875,103.51029968261719,103.57967376708984,-0.06937408447265625,0.1435709297657013,0.15347005426883698,0.009899124503135681,0.10238170623779297,0.059229254722595215,-0.043152451515197754,0.17018002271652222,0.12909972667694092,-0.0410802960395813,0.577804684638977,0.5771164894104004,0.0006881952285766602,0.11920902132987976,0.11920902132987976,146.94604408740997
crack0089_01.png,3.621496391296387,125.36894989013672,122.0888671875,3.2800827026367188,104.58680725097656,104.03729248046875,0.5495147705078125,0.16084477305412292,0.16203874349594116,0.0011939704418182373,0.0,0.0002447366714477539,0.0002447366714477539,0.10665136575698853,0.11483258008956909,0.008181214332580566,0.5839869379997253,0.583579421043396,0.0004075169563293457,0.12101596593856812,0.12101596593856812,137.43769967556
crack0089_02.png,4.465105390548706,144.32618713378906,142.2769317626953,2.04925537109375,114.13674926757812,112.91072082519531,1.2260284423828125,0.11959208548069,0.1314271092414856,0.011835023760795593,0.1565956473350525,0.17243415117263794,0.01583850383758545,0.1802600622177124,0.1774107813835144,-0.002849280834197998,0.5987658500671387,0.5901384353637695,0.00862741470336914,0.11233345419168472,0.11233345419168472,160.07666832208633
crack0089_03.png,1.3766487121582032,141.73797607421875,140.88450622558594,0.8534698486328125,109.179443359375,107.66574096679688,1.513702392578125,0.13513416051864624,0.13356229662895203,-0.0015718638896942139,0.0030776262283325195,0.0,-0.0030776262283325195,0.103335440158844,0.05883294343948364,-0.04450249671936035,0.5932910442352295,0.589127242565155,0.004163801670074463,0.11471669375896454,0.11471669375896454,157.0291451215744
crack0089_04.png,2.963723087310791,133.01329040527344,131.1854248046875,1.8278656005859375,107.3646240234375,107.53230285644531,-0.1676788330078125,0.19672371447086334,0.20200704038143158,0.005283325910568237,0.05567747354507446,0.07034355401992798,0.014666080474853516,0.20388567447662354,0.20233160257339478,-0.0015540719032287598,0.5955747961997986,0.5907343029975891,0.004840493202209473,0.14257200062274933,0.14257200062274933,144.1189265847206
crack0089_05.png,3.206719970703125,128.7837677001953,125.60834503173828,3.1754226684570312,107.57595825195312,106.57560729980469,1.0003509521484375,0.1785782277584076,0.17692860960960388,-0.001649618148803711,0.14348649978637695,0.12828361988067627,-0.015202879905700684,0.20657998323440552,0.16696691513061523,-0.03961306810379028,0.5951480269432068,0.5858669877052307,0.009281039237976074,0.13272181153297424,0.13272181153297424,140.38626086711884
crack0089_06.png,0.7669975996017455,139.90048217773438,138.6868438720703,1.2136383056640625,108.545654296875,107.32073974609375,1.22491455078125,0.12452205270528793,0.12717010080814362,0.0026480481028556824,0.06955760717391968,0.04121541976928711,-0.02834218740463257,0.11768901348114014,0.08006852865219116,-0.037620484828948975,0.5915109515190125,0.5918800234794617,-0.00036907196044921875,0.11704903095960617,0.11704903095960617,155.49754080176353
crack0089_07.png,4.314918899536133,124.18065643310547,121.44523620605469,2.7354202270507812,104.10637664794922,103.76788330078125,0.33849334716796875,0.14285112917423248,0.15000741183757782,0.007156282663345337,0.0,0.023597002029418945,0.023597002029418945,0.0942879319190979,0.0728219747543335,-0.021465957164764404,0.576812744140625,0.5786197781562805,-0.0018070340156555176,0.11497150361537933,0.11497150361537933,137.38666969537735
crack0089_08.png,3.454232931137085,138.07530212402344,135.3186798095703,2.756622314453125,111.14692687988281,110.34034729003906,0.80657958984375,0.16159836947917938,0.18546420335769653,0.02386583387851715,0.20521032810211182,0.16624951362609863,-0.038960814476013184,0.23294204473495483,0.19654834270477295,-0.036393702030181885,0.5909573435783386,0.5903537273406982,0.0006036162376403809,0.11780021339654922,0.11780021339654922,150.63938254117966
crack0089_09.png,0.954255151748657,136.7563018798828,134.6527862548828,2.103515625,110.83662414550781,109.90508270263672,0.9315414428710938,0.16515667736530304,0.16199731826782227,-0.003159359097480774,0.11698806285858154,0.08443325757980347,-0.032554805278778076,0.1491416096687317,0.11223727464675903,-0.036904335021972656,0.5836447477340698,0.5828181505203247,0.0008265972137451172,0.13972154259681702,0.13972154259681702,149.33049488067627
crack0090_00.png,0.7629763603210449,105.70889282226562,104.65443420410156,1.0544586181640625,105.24567413330078,104.42825317382812,0.8174209594726562,0.3169267177581787,0.30727019906044006,-0.009656518697738647,0.41378509998321533,0.4122158885002136,-0.001569211483001709,0.3166605830192566,0.315721333026886,-0.0009392499923706055,0.5901653170585632,0.5847443342208862,0.005420982837677002,0.21015268564224243,0.21015268564224243,110.35206425189972
crack0090_01.png,0.6155949592590333,111.12908935546875,110.04312133789062,1.085968017578125,107.76528930664062,107.32482147216797,0.44046783447265625,0.26589447259902954,0.2567615211009979,-0.009132951498031616,0.2840493321418762,0.2854553461074829,0.0014060139656066895,0.22310709953308105,0.20661967992782593,-0.016487419605255127,0.5898231267929077,0.589127242565155,0.0006958842277526855,0.1999601125717163,0.1999601125717163,118.77333915233612
crack0090_02.png,0.6709305763244628,101.76666259765625,100.10533142089844,1.6613311767578125,106.99201965332031,106.2701187133789,0.7219009399414062,0.26713377237319946,0.2671608626842499,2.709031105041504e-05,0.48785144090652466,0.45485323667526245,-0.03299820423126221,0.314903199672699,0.26967430114746094,-0.04522889852523804,0.5769280791282654,0.5759630799293518,0.0009649991989135742,0.14174342155456543,0.14174342155456543,107.98509383201599
crack0090_03.png,-2.056028127670288,103.03326416015625,103.84941101074219,-0.8161468505859375,107.01042175292969,107.78045654296875,-0.7700347900390625,0.22264905273914337,0.2181778848171234,-0.0044711679220199585,0.47793465852737427,0.4612157940864563,-0.01671886444091797,0.3229086399078369,0.33036988973617554,0.007461249828338623,0.588196873664856,0.5858323574066162,0.002364516258239746,0.15598589181900024,0.15598589181900024,113.87853944301605
crack0090_04.png,1.1832666397094727,102.68961334228516,101.87325286865234,0.8163604736328125,103.69189453125,103.78977966308594,-0.0978851318359375,0.2712414264678955,0.27247458696365356,0.0012331604957580566,0.3869774341583252,0.3945702910423279,0.0075928568840026855,0.3339223861694336,0.33247822523117065,-0.0014441609382629395,0.5842291712760925,0.5841368436813354,9.232759475708008e-05,0.1893046796321869,0.1893046796321869,109.37611436843872
crack0090_05.png,1.6692693710327147,108.65364837646484,107.31784057617188,1.3358078002929688,109.25006103515625,107.7902603149414,1.4598007202148438,0.3227151036262512,0.32557225227355957,0.0028571486473083496,0.4810750484466553,0.4615406394004822,-0.019534409046173096,0.39531993865966797,0.38358229398727417,-0.011737644672393799,0.592837393283844,0.5852787494659424,0.007558643817901611,0.2315509170293808,0.2315509170293808,112.33633399009705
crack0090_06.png,9.872447204589843,115.36140441894531,111.10833740234375,4.2530670166015625,112.43049621582031,109.33718872070312,3.0933074951171875,0.25285962224006653,0.2741555869579315,0.02129596471786499,0.3048151135444641,0.3644005060195923,0.059585392475128174,0.23647814989089966,0.2974334955215454,0.06095534563064575,0.5950788259506226,0.5877047181129456,0.007374107837677002,0.19032958149909973,0.19032958149909973,121.86644661426544
crack0090_07.png,0.13795385360717782,108.93453979492188,108.16262817382812,0.77191162109375,106.70034790039062,106.0415267944336,0.6588211059570312,0.2515149414539337,0.24394384026527405,-0.007571101188659668,0.5015877485275269,0.49357765913009644,-0.00801008939743042,0.36753129959106445,0.361348032951355,-0.006183266639709473,0.5885967016220093,0.5878815650939941,0.0007151365280151367,0.1833900809288025,0.1833900809288025,117.45582163333893
crack0090_08.png,0.5046288013458251,114.13529205322266,113.44673919677734,0.6885528564453125,111.35405731201172,110.55795288085938,0.7961044311523438,0.20199882984161377,0.18691407144069672,-0.015084758400917053,0.4778745770454407,0.4883415699005127,0.010466992855072021,0.29581594467163086,0.29416507482528687,-0.0016508698463439941,0.5863052606582642,0.5791618824005127,0.007143378257751465,0.18007920682430267,0.18007920682430267,126.02838176488876
crack0090_09.png,0.5431756019592285,109.53306579589844,110.3819580078125,-0.8488922119140625,109.58709716796875,109.16555786132812,0.421539306640625,0.2345549613237381,0.2371336668729782,0.0025787055492401123,0.4353718161582947,0.4564792513847351,0.02110743522644043,0.3707628846168518,0.3943145275115967,0.023551642894744873,0.5929757952690125,0.5886543393135071,0.004321455955505371,0.16067180037498474,0.16067180037498474,119.60324603319168
crack0091_00.png,5.641623067855835,99.73682403564453,94.5055160522461,5.2313079833984375,109.43333435058594,110.11079406738281,-0.677459716796875,0.1627599149942398,0.16932496428489685,0.0065650492906570435,0.0,0.0,0.0,0.0,0.0,0.0,0.5883814096450806,0.584479033946991,0.0039023756980895996,0.1312180757522583,0.1312180757522583,110.89083153009415
crack0091_01.png,1.6651978492736816,115.37708282470703,114.06404876708984,1.3130340576171875,115.17786407470703,114.4073715209961,0.7704925537109375,0.19960595667362213,0.19723935425281525,-0.0023666024208068848,0.0,0.0,0.0,0.010994136333465576,0.026762425899505615,0.01576828956604004,0.5959361791610718,0.590103805065155,0.005832374095916748,0.13888120651245117,0.13888120651245117,126.7236517071724
crack0091_02.png,9.493897867202758,91.30926513671875,82.43444061279297,8.874824523925781,105.96578979492188,107.33636474609375,-1.370574951171875,0.18575678765773773,0.20061719417572021,0.014860406517982483,0.0,0.0,0.0,0.07391631603240967,0.0,-0.07391631603240967,0.587243378162384,0.5877816081047058,-0.0005382299423217773,0.13081780076026917,0.13081780076026917,99.23770993947983
crack0091_03.png,6.786078357696534,96.76412963867188,91.34796142578125,5.416168212890625,108.74128723144531,108.86368560791016,-0.12239837646484375,0.17498432099819183,0.1925337165594101,0.01754939556121826,0.0,0.0,0.0,0.0,0.0,0.0,0.5858208537101746,0.5854479074478149,0.00037294626235961914,0.12887492775917053,0.12887492775917053,106.98982042074203
crack0091_04.png,9.201244497299195,88.91151428222656,81.49472045898438,7.4167938232421875,110.3580322265625,109.81816101074219,0.5398712158203125,0.12807857990264893,0.14245803654193878,0.014379456639289856,0.0,0.0,0.0,0.0,0.0,0.0,0.5901422500610352,0.5796886086463928,0.010453641414642334,0.10681045800447464,0.10681045800447464,101.12409257888794
crack0091_05.png,3.014339590072632,81.324462890625,75.2521743774414,6.072288513183594,108.11187744140625,110.88713073730469,-2.7752532958984375,0.19509895145893097,0.22248631715774536,0.027387365698814392,0.24947547912597656,0.14714640378952026,-0.1023290753364563,0.25247061252593994,0.18686306476593018,-0.06560754776000977,0.5880545973777771,0.5891964435577393,-0.0011418461799621582,0.13502013683319092,0.13502013683319092,90.15023928880692
crack0091_06.png,4.47303409576416,95.34534454345703,91.71041107177734,3.6349334716796875,112.07791137695312,112.02682495117188,0.05108642578125,0.1507495641708374,0.15859821438789368,0.007848650217056274,0.0,0.0,0.0,0.0,0.0,0.0,0.5933525562286377,0.5886082053184509,0.004744350910186768,0.11342005431652069,0.11342005431652069,108.21700620651245
crack0091_07.png,6.7465808391571045,102.48822784423828,97.16219329833984,5.3260345458984375,112.00823974609375,112.08369445800781,-0.0754547119140625,0.142179936170578,0.15784381330013275,0.01566387712955475,0.0,0.0,0.0,0.011698126792907715,0.0,-0.011698126792907715,0.5935947895050049,0.5886543393135071,0.004940450191497803,0.12179209291934967,0.12179209291934967,115.03820598125458
crack0091_08.png,5.4221021890640255,98.79803466796875,93.96495056152344,4.8330841064453125,109.0318603515625,110.52128601074219,-1.4894256591796875,0.1097235158085823,0.1291974037885666,0.019473887979984283,0.016690611839294434,0.0,-0.016690611839294434,0.005600273609161377,0.0,-0.005600273609161377,0.59138023853302,0.5840176939964294,0.007362544536590576,0.1147662028670311,0.1147662028670311,113.45329120755196
crack0091_09.png,-0.43959364891052255,102.23361206054688,99.21720886230469,3.0164031982421875,116.040283203125,116.99539184570312,-0.955108642578125,0.13951408863067627,0.135519340634346,-0.003994747996330261,0.2638481855392456,0.19379311800003052,-0.07005506753921509,0.26555585861206055,0.20016485452651978,-0.06539100408554077,0.5929757952690125,0.5917800664901733,0.0011957287788391113,0.12350823730230331,0.12350823730230331,116.31328183412552
crack0092_00.png,1.4621803760528564,153.11907958984375,151.77520751953125,1.3438720703125,109.01109313964844,109.7384033203125,-0.7273101806640625,0.1262081414461136,0.13037583231925964,0.004167690873146057,0.0,0.0,0.0,0.0,0.0,0.0,0.5841522216796875,0.5822567939758301,0.0018954277038574219,0.0933719202876091,0.0933719202876091,168.24074393510818
crack0092_01.png,0.4140545368194579,134.4414825439453,134.95919799804688,-0.5177154541015625,113.75597381591797,114.57501220703125,-0.8190383911132812,0.14990074932575226,0.16590067744255066,0.0159999281167984,0.0,0.0,0.0,0.1008291244506836,0.11430180072784424,0.013472676277160645,0.5748788714408875,0.5753940939903259,-0.0005152225494384766,0.10524682700634003,0.10524682700634003,148.722059071064
crack0092_02.png,1.0822168350219727,112.25418853759766,111.14825439453125,1.1059341430664062,105.00067138671875,105.12077331542969,-0.1201019287109375,0.18693086504936218,0.1768874228000641,-0.010043442249298096,0.17734897136688232,0.19874364137649536,0.021394670009613037,0.19183242321014404,0.191389799118042,-0.0004426240921020508,0.5773741006851196,0.5780737996101379,-0.0006996989250183105,0.11939679831266403,0.11939679831266403,124.21092808246613
crack0092_03.png,-1.206433582305908,133.9103240966797,133.85997009277344,0.05035400390625,109.25062561035156,107.80076599121094,1.449859619140625,0.19714319705963135,0.18763503432273865,-0.0095081627368927,0.023833930492401123,0.0,-0.023833930492401123,0.14166539907455444,0.16253989934921265,0.020874500274658203,0.5739061832427979,0.5769742131233215,-0.0030680298805236816,0.10061173141002655,0.10061173141002655,145.7060135602951
crack0092_04.png,1.5470650672912598,137.076171875,135.98243713378906,1.0937347412109375,105.44007873535156,105.08390808105469,0.356170654296875,0.16076889634132385,0.14810475707054138,-0.01266413927078247,0.08083158731460571,0.11553078889846802,0.034699201583862305,0.1867862343788147,0.18117552995681763,-0.00561070442199707,0.5818031430244446,0.5834025144577026,-0.0015993714332580566,0.10241815447807312,0.10241815447807312,150.97911965847015
crack0092_05.png,3.0217730522155763,132.28956604003906,130.62109375,1.6684722900390625,109.50157165527344,109.01087951660156,0.490692138671875,0.17444981634616852,0.18135766685009003,0.006907850503921509,0.036900460720062256,0.05272549390792847,0.01582503318786621,0.11521768569946289,0.08450978994369507,-0.030707895755767822,0.5793886780738831,0.5801038146018982,-0.0007151365280151367,0.10477468371391296,0.10477468371391296,144.19249349832535
crack0092_06.png,1.9743523120880127,132.6663055419922,131.07383728027344,1.59246826171875,107.67523193359375,107.60560607910156,0.0696258544921875,0.15628401935100555,0.1586717665195465,0.0023877471685409546,0.0,0.0,0.0,0.0,0.0,0.0,0.5847366452217102,0.5806612968444824,0.004075348377227783,0.10373780131340027,0.10373780131340027,145.8824960589409
crack0092_07.png,2.2830406188964845,136.91136169433594,134.42369079589844,2.4876708984375,107.34688568115234,106.55474090576172,0.792144775390625,0.1523563265800476,0.14686039090156555,-0.005495935678482056,0.0,0.0,0.0,0.0,0.0,0.0,0.5790926814079285,0.581138014793396,-0.0020453333854675293,0.09909775853157043,0.09909775853157043,150.1014233827591
crack0092_08.png,4.117015981674195,134.7984161376953,131.11207580566406,3.68634033203125,106.47322082519531,105.14469909667969,1.328521728515625,0.14492861926555634,0.14394819736480713,-0.0009804219007492065,0.0,0.0,0.0,0.0,0.0,0.0,0.5803114175796509,0.5808688998222351,-0.0005574822425842285,0.09907229244709015,0.09907229244709015,147.55311012268066
crack0092_09.png,2.6348265171051026,142.42617797851562,140.4058380126953,2.0203399658203125,110.40925598144531,108.7380142211914,1.6712417602539062,0.14478817582130432,0.14774666726589203,0.0029584914445877075,0.14138507843017578,0.13017702102661133,-0.011208057403564453,0.15637212991714478,0.1314728856086731,-0.02489924430847168,0.5855594277381897,0.58161860704422,0.0039408206939697266,0.12372035533189774,0.12372035533189774,156.1510945558548
crack0093_00.png,-0.04419484138488772,140.87574768066406,140.7445068359375,0.1312408447265625,110.63417053222656,111.32998657226562,-0.6958160400390625,0.20373506844043732,0.2055709958076477,0.0018359273672103882,0.0,0.0,0.0,0.0,0.0,0.0,0.586266815662384,0.5873664021492004,-0.0010995864868164062,0.11361034214496613,0.11361034214496613,152.08067923784256
crack0093_01.png,1.1182300567626953,111.7064208984375,110.52558135986328,1.1808395385742188,113.8796157836914,113.66690063476562,0.21271514892578125,0.27858415246009827,0.27485406398773193,-0.003730088472366333,0.0,0.0,0.0,0.0,0.0,0.0,0.5928258299827576,0.5890580415725708,0.0037677884101867676,0.138947993516922,0.138947993516922,118.33779048919678
crack0093_02.png,1.3980764389038085,132.27938842773438,131.88296508789062,0.39642333984375,112.05642700195312,110.79973602294922,1.2566909790039062,0.23839810490608215,0.244283527135849,0.005885422229766846,0.0,0.0,0.0,0.0,0.0,0.0,0.5904421210289001,0.5897385478019714,0.0007035732269287109,0.1110212653875351,0.1110212653875351,141.39497530460358
crack0093_03.png,-1.780533790588379,121.04773712158203,122.37948608398438,-1.3317489624023438,108.42987823486328,108.40050506591797,0.0293731689453125,0.2084691822528839,0.19928497076034546,-0.009184211492538452,0.0,0.0,0.0,0.0,0.0,0.0,0.589592456817627,0.582737386226654,0.0068550705909729,0.11460284888744354,0.11460284888744354,133.34021162986755
crack0093_04.png,0.1456811904907227,125.66309356689453,126.34137725830078,-0.67828369140625,108.31373596191406,106.98344421386719,1.330291748046875,0.24332208931446075,0.24722008407115936,0.0038979947566986084,0.0,0.0,0.0,0.0,0.0,0.0,0.5881891846656799,0.5886889696121216,-0.0004997849464416504,0.122516930103302,0.122516930103302,134.95046883821487
crack0093_05.png,-1.997267484664917,139.5333251953125,142.51031494140625,-2.97698974609375,104.94396209716797,103.9291763305664,1.0147857666015625,0.187809556722641,0.1936499923467636,0.00584043562412262,0.0,0.0,0.0,0.0,0.0,0.0,0.5830949544906616,0.5804306268692017,0.002664327621459961,0.10291575640439987,0.10291575640439987,153.07704484462738
crack0093_06.png,1.367497730255127,129.7364501953125,128.88975524902344,0.8466949462890625,110.48519897460938,109.72772216796875,0.757476806640625,0.252958744764328,0.25316122174263,0.00020247697830200195,0.0,0.0,0.0,0.0,0.0,0.0,0.5930795669555664,0.588039219379425,0.005040347576141357,0.11470794677734375,0.11470794677734375,137.85876071453094
crack0093_07.png,0.11357336044311522,119.2232666015625,119.54300689697266,-0.31974029541015625,107.14354705810547,106.87583923339844,0.26770782470703125,0.22018951177597046,0.22549769282341003,0.005308181047439575,0.0,0.0,0.0,0.0,0.0,0.0,0.5829065442085266,0.5853671431541443,-0.0024605989456176758,0.124961718916893,0.124961718916893,129.58645176887512
crack0093_08.png,0.45476741790771485,125.36436462402344,125.76856231689453,-0.40419769287109375,108.912109375,107.83074951171875,1.08135986328125,0.23431634902954102,0.23871812224388123,0.00440177321434021,0.0,0.0,0.0,0.010297000408172607,0.007113158702850342,-0.0031838417053222656,0.5851595401763916,0.5833025574684143,0.001856982707977295,0.11936266720294952,0.11936266720294952,134.9138641357422
crack0093_09.png,-0.9311722278594972,121.0950927734375,122.21709442138672,-1.1220016479492188,109.03691864013672,108.57536315917969,0.46155548095703125,0.2388620525598526,0.2369711697101593,-0.0018908828496932983,0.0,0.0,0.0,0.058756113052368164,0.05306553840637207,-0.005690574645996094,0.5927297472953796,0.5887928009033203,0.003936946392059326,0.12556594610214233,0.12556594610214233,131.14701330661774
crack0094_00.png,2.704974365234375,107.93054962158203,106.61929321289062,1.3112564086914062,102.17134094238281,101.5784912109375,0.5928497314453125,0.32618263363838196,0.33674725890159607,0.010564625263214111,0.01214742660522461,0.01892530918121338,0.0067778825759887695,0.07286965847015381,0.08594644069671631,0.0130767822265625,0.5832372307777405,0.5822299122810364,0.0010073184967041016,0.24298977851867676,0.24298977851867676,111.03345263004303
crack0094_01.png,0.8860818862915039,105.92562103271484,105.33263397216797,0.592987060546875,104.71122741699219,104.33779907226562,0.3734283447265625,0.33501362800598145,0.324165403842926,-0.01084822416305542,0.06261968612670898,0.08662891387939453,0.024009227752685547,0.008954167366027832,0.045118510723114014,0.03616434335708618,0.577497124671936,0.5762168169021606,0.0012803077697753906,0.2201891988515854,0.2201891988515854,109.27908825874329
crack0094_02.png,0.12857866287231445,99.49116516113281,99.24101257324219,0.250152587890625,100.66128540039062,100.42561340332031,0.2356719970703125,0.3308219611644745,0.32901591062545776,-0.0018060505390167236,0.0,0.0,0.0,0.0,0.0,0.0,0.583202600479126,0.5849865674972534,-0.0017839670181274414,0.23150649666786194,0.23150649666786194,103.02459692955017
crack0094_03.png,-0.022838020324707053,98.60834503173828,98.2269515991211,0.3813934326171875,107.68167877197266,107.0925521850586,0.5891265869140625,0.3081262707710266,0.3092483878135681,0.001122117042541504,0.08909285068511963,0.0688638687133789,-0.020228981971740723,0.06674081087112427,0.06088566780090332,-0.005855143070220947,0.5839676856994629,0.5819799900054932,0.0019876956939697266,0.20158261060714722,0.20158261060714722,103.2887794971466
crack0094_04.png,-1.2115262985229491,102.29839324951172,101.97677612304688,0.32161712646484375,107.23512268066406,106.56245422363281,0.67266845703125,0.29771196842193604,0.28828495740890503,-0.009427011013031006,0.03317946195602417,0.012295424938201904,-0.020884037017822266,0.058392107486724854,0.0,-0.058392107486724854,0.578869640827179,0.584186851978302,-0.005317211151123047,0.2127951979637146,0.2127951979637146,108.20796132087708
crack0094_05.png,2.381642532348633,99.54170989990234,99.00502014160156,0.5366897583007812,103.4916763305664,103.11172485351562,0.37995147705078125,0.32451337575912476,0.32778891921043396,0.003275543451309204,0.0,0.038737475872039795,0.038737475872039795,0.014600813388824463,0.02602982521057129,0.011429011821746826,0.5771395564079285,0.5801038146018982,-0.0029642581939697266,0.217094287276268,0.217094287276268,103.0067150592804
crack0094_06.png,-0.7690224647521973,102.3744888305664,102.24028778076172,0.1342010498046875,105.85650634765625,105.26507568359375,0.5914306640625,0.319426566362381,0.3071496784687042,-0.012276887893676758,0.30554723739624023,0.3005911111831665,-0.0049561262130737305,0.25272613763809204,0.2570825219154358,0.00435638427734375,0.5855478644371033,0.5845328569412231,0.001015007495880127,0.24207808077335358,0.24207808077335358,107.30032217502594
crack0094_07.png,1.6649227142333984,97.58426666259766,96.99942779541016,0.5848388671875,106.15132141113281,105.89783477783203,0.25348663330078125,0.3234807550907135,0.3386959135532379,0.015215158462524414,0.0,0.0,0.0,0.0,0.0,0.0,0.5797385573387146,0.5857016444206238,-0.00596308708190918,0.21211686730384827,0.21211686730384827,101.31106770038605
crack0094_08.png,0.7132510185241699,100.48919677734375,99.927734375,0.56146240234375,101.2052001953125,101.08929443359375,0.11590576171875,0.2819041609764099,0.2823896110057831,0.00048545002937316895,0.0,0.0,0.0,0.0,0.0,0.0,0.5844290852546692,0.5827643275260925,0.0016647577285766602,0.18098509311676025,0.18098509311676025,106.67137932777405
crack0094_09.png,0.9426028251647949,109.94239807128906,108.8421859741211,1.1002120971679688,105.03667449951172,104.3027572631836,0.733917236328125,0.3655593991279602,0.36324918270111084,-0.0023102164268493652,0.0,0.0,0.0,0.09824055433273315,0.11006999015808105,0.0118294358253479,0.5736408829689026,0.5802998542785645,-0.006658971309661865,0.2097764015197754,0.2097764015197754,110.809335231781
crack0095_00.png,5.96693639755249,116.90341186523438,112.2883071899414,4.615104675292969,103.25088500976562,102.07466888427734,1.1762161254882812,0.26077285408973694,0.2646290957927704,0.0038562417030334473,0.02735799551010132,0.04044884443283081,0.013090848922729492,0.1692487597465515,0.19257724285125732,0.02332848310470581,0.5898846387863159,0.5886543393135071,0.0012302994728088379,0.14916115999221802,0.14916115999221802,122.54487383365631
crack0095_01.png,1.5170744895935058,115.2125015258789,112.7489242553711,2.4635772705078125,103.7724380493164,104.088623046875,-0.31618499755859375,0.18434447050094604,0.17763957381248474,-0.006704896688461304,0.14809107780456543,0.1398736834526062,-0.008217394351959229,0.18120115995407104,0.18088698387145996,-0.000314176082611084,0.5795309543609619,0.5784044861793518,0.0011264681816101074,0.1748906373977661,0.1748906373977661,126.50357663631439
crack0095_02.png,3.302463436126709,125.2377700805664,121.70758056640625,3.5301895141601562,105.47264862060547,104.97260284423828,0.5000457763671875,0.26852449774742126,0.25965169072151184,-0.008872807025909424,0.07084965705871582,0.07588708400726318,0.005037426948547363,0.14409714937210083,0.15575581789016724,0.011658668518066406,0.5887389183044434,0.5867243409156799,0.0020145773887634277,0.1623142808675766,0.1623142808675766,131.44313061237335
crack0095_03.png,3.3909352302551268,100.26988220214844,97.78047943115234,2.4894027709960938,105.74580383300781,105.42648315429688,0.3193206787109375,0.16148926317691803,0.16240103542804718,0.0009117722511291504,0.3524326682090759,0.36561745405197144,0.013184785842895508,0.31479203701019287,0.3099055290222168,-0.004886507987976074,0.5890272855758667,0.584690511226654,0.0043367743492126465,0.15745462477207184,0.15745462477207184,112.89691644906998
crack0095_04.png,-3.1153486251831053,102.72300720214844,103.85676574707031,-1.133758544921875,107.64692687988281,108.40608215332031,-0.7591552734375,0.2270597666501999,0.21453316509723663,-0.012526601552963257,0.2055455446243286,0.1873164176940918,-0.018229126930236816,0.25071293115615845,0.25016987323760986,-0.000543057918548584,0.5899577140808105,0.588623583316803,0.0013341307640075684,0.1611804962158203,0.1611804962158203,114.0162051320076
crack0095_05.png,4.5271196365356445,111.38713836669922,108.63947296142578,2.7476654052734375,103.56169128417969,103.34547424316406,0.216217041015625,0.22301043570041656,0.23896892368793488,0.01595848798751831,0.33476847410202026,0.3477247357368469,0.01295626163482666,0.29790031909942627,0.32233649492263794,0.02443617582321167,0.5782198905944824,0.5807689428329468,-0.0025490522384643555,0.17785540223121643,0.17785540223121643,119.86343723535538
crack0095_06.png,2.3336894035339357,113.24642944335938,111.94429016113281,1.3021392822265625,103.41259765625,103.13629150390625,0.27630615234375,0.18990781903266907,0.19440025091171265,0.004492431879043579,0.317592978477478,0.3353862166404724,0.017793238162994385,0.33942997455596924,0.3328167796134949,-0.006613194942474365,0.5833602547645569,0.5871126651763916,-0.003752410411834717,0.16364479064941406,0.16364479064941406,124.68539726734161
crack0095_07.png,3.289277744293213,106.85462188720703,105.52294921875,1.3316726684570312,100.9166030883789,100.51616668701172,0.4004364013671875,0.25073838233947754,0.26284870505332947,0.012110322713851929,0.3183671832084656,0.3397012948989868,0.02133411169052124,0.33992546796798706,0.32790112495422363,-0.012024343013763428,0.582722008228302,0.5833410024642944,-0.0006189942359924316,0.16008949279785156,0.16008949279785156,114.47812271118164
crack0095_08.png,8.418110895156861,114.0069351196289,110.79782104492188,3.2091140747070312,104.88804626464844,104.55270385742188,0.3353424072265625,0.19420796632766724,0.23545251786708832,0.04124455153942108,0.21741116046905518,0.264803946018219,0.04739278554916382,0.2457539439201355,0.25605010986328125,0.010296165943145752,0.5766358971595764,0.5796462893486023,-0.003010392189025879,0.14435184001922607,0.14435184001922607,123.93575167655945
crack0095_09.png,4.604245233535766,107.02725219726562,104.72476959228516,2.3024826049804688,106.54936981201172,106.1663818359375,0.38298797607421875,0.24360118806362152,0.24651625752449036,0.0029150694608688354,0.09940940141677856,0.14479440450668335,0.045385003089904785,0.10425007343292236,0.12482041120529175,0.020570337772369385,0.5949903726577759,0.5924913287162781,0.0024990439414978027,0.1522151529788971,0.1522151529788971,115.05955451726913
crack0096_00.png,0.490800142288208,123.77352905273438,121.88594055175781,1.8875885009765625,103.72081756591797,103.83068084716797,-0.10986328125,0.24713410437107086,0.243345707654953,-0.003788396716117859,0.13368964195251465,0.10879480838775635,-0.0248948335647583,0.23430263996124268,0.2068069577217102,-0.02749568223953247,0.5807996988296509,0.5821491479873657,-0.0013494491577148438,0.11308235675096512,0.11308235675096512,131.51495826244354
crack0096_01.png,1.8790109634399412,121.78881072998047,120.12610626220703,1.6627044677734375,103.2280502319336,103.75173950195312,-0.5236892700195312,0.1937238872051239,0.20690423250198364,0.013180345296859741,0.30241066217422485,0.2845030426979065,-0.01790761947631836,0.2700716257095337,0.30740630626678467,0.03733468055725098,0.5865551829338074,0.5843636989593506,0.002191483974456787,0.12043416500091553,0.12043416500091553,132.7962325811386
crack0096_02.png,2.721856260299683,138.29246520996094,135.1489715576172,3.14349365234375,107.44952392578125,106.96328735351562,0.486236572265625,0.21144382655620575,0.22119662165641785,0.009752795100212097,0.22816109657287598,0.18420571088790894,-0.04395538568496704,0.17422497272491455,0.16452383995056152,-0.009701132774353027,0.5972356796264648,0.5881891846656799,0.009046494960784912,0.10235264897346497,0.10235264897346497,147.9235159754753
crack0096_03.png,10.048733901977538,110.72252655029297,104.4193115234375,6.303215026855469,104.85083770751953,104.18867492675781,0.6621627807617188,0.24401775002479553,0.2565009295940399,0.012483179569244385,0.08688610792160034,0.1481364369392395,0.06125032901763916,0.12536585330963135,0.1982998251914978,0.07293397188186646,0.5818031430244446,0.5810034871101379,0.0007996559143066406,0.1398462951183319,0.1398462951183319,116.20197975635529
crack0096_04.png,3.1215052127838137,124.03251647949219,121.08939361572266,2.9431228637695312,101.35652923583984,101.38272857666016,-0.0261993408203125,0.2155224233865738,0.22442972660064697,0.008907303214073181,0.3835790157318115,0.3697400689125061,-0.01383894681930542,0.3670457601547241,0.3669896721839905,-5.608797073364258e-05,0.5863168239593506,0.5855709314346313,0.0007458925247192383,0.11757313460111618,0.11757313460111618,133.08228260278702
crack0096_05.png,0.4415339469909667,118.67169189453125,116.12397766113281,2.5477142333984375,102.65666961669922,102.71002197265625,-0.05335235595703125,0.22465258836746216,0.21729916334152222,-0.007353425025939941,0.1385069489479065,0.10110437870025635,-0.037402570247650146,0.15213674306869507,0.11374443769454956,-0.03839230537414551,0.583225667476654,0.5832372307777405,-1.1563301086425781e-05,0.12099703401327133,0.12099703401327133,127.68937420845032
crack0096_06.png,3.1663023471832275,111.0910415649414,108.06090545654297,3.0301361083984375,98.95814514160156,99.38278198242188,-0.4246368408203125,0.21823705732822418,0.21950805187225342,0.0012709945440292358,0.08735889196395874,0.09518176317214966,0.007822871208190918,0.23829686641693115,0.24575573205947876,0.007458865642547607,0.5787850618362427,0.5814993977546692,-0.0027143359184265137,0.11445441842079163,0.11445441842079163,119.7417259812355
crack0096_07.png,3.3098237037658693,101.87346649169922,98.38675689697266,3.4867095947265625,99.62319946289062,99.77936553955078,-0.15616607666015625,0.2444731891155243,0.2435915172100067,-0.0008816719055175781,0.0037653446197509766,0.0,-0.0037653446197509766,0.07997524738311768,0.10096240043640137,0.02098715305328369,0.5822567939758301,0.5795885920524597,0.0026682019233703613,0.12113125622272491,0.12113125622272491,108.80489242076874
crack0096_08.png,2.5735664844512938,117.87590789794922,114.85954284667969,3.0163650512695312,100.90972900390625,100.38105773925781,0.5286712646484375,0.23256106674671173,0.2304387390613556,-0.00212232768535614,0.06251323223114014,0.05067801475524902,-0.011835217475891113,0.1683710813522339,0.18970400094985962,0.021332919597625732,0.5826259255409241,0.582902729511261,-0.00027680397033691406,0.10704079270362854,0.10704079270362854,125.85751020908356
crack0096_09.png,3.5473208904266356,145.10379028320312,142.67031860351562,2.4334716796875,105.42266845703125,104.81137084960938,0.611297607421875,0.19782677292823792,0.20680297911167145,0.008976206183433533,0.2593519687652588,0.26075679063796997,0.0014048218727111816,0.24580085277557373,0.26640743017196655,0.020606577396392822,0.592153012752533,0.5897769927978516,0.0023760199546813965,0.11072103679180145,0.11072103679180145,155.70356857776642
crack0097_00.png,-3.746839666366577,93.02342987060547,96.76598358154297,-3.7425537109375,109.36801147460938,109.85264587402344,-0.4846343994140625,0.2462157905101776,0.24649004638195038,0.0002742558717727661,0.0,0.0,0.0,0.0,0.0,0.0,0.577616274356842,0.5734255909919739,0.004190683364868164,0.12712401151657104,0.12712401151657104,103.22641026973724
crack0097_01.png,-1.3863709449768067,102.49038696289062,103.70238494873047,-1.2119979858398438,113.9103775024414,114.18251037597656,-0.27213287353515625,0.2754770517349243,0.27295488119125366,-0.0025221705436706543,0.0,0.0,0.0,0.015808463096618652,0.031313419342041016,0.015504956245422363,0.5884082913398743,0.5850019454956055,0.003406345844268799,0.15482956171035767,0.15482956171035767,110.2554247379303
crack0097_02.png,-0.4650670051574708,112.4979248046875,113.19248962402344,-0.6945648193359375,124.4828872680664,125.18775177001953,-0.704864501953125,0.3441096842288971,0.34964343905448914,0.005533754825592041,0.0,0.0,0.0,0.1728922724723816,0.16121554374694824,-0.01167672872543335,0.5885582566261292,0.5868396759033203,0.0017185807228088379,0.1635495126247406,0.1635495126247406,115.74095642566681
crack0097_03.png,0.47667551040649414,95.26053619384766,94.65274047851562,0.6077957153320312,108.67225646972656,108.96110534667969,-0.288848876953125,0.26612237095832825,0.2643628418445587,-0.0017595291137695312,0.0,0.0,0.0,0.006074845790863037,0.020397543907165527,0.01432269811630249,0.5933986902236938,0.590269148349762,0.0031295418739318848,0.13589462637901306,0.13589462637901306,102.83081543445587
crack0097_04.png,-0.2713148117065429,107.23058319091797,107.5020751953125,-0.27149200439453125,118.09738159179688,117.38350677490234,0.7138748168945312,0.27478426694869995,0.261565238237381,-0.01321902871131897,0.002486884593963623,0.021613776683807373,0.01912689208984375,0.10804152488708496,0.13490456342697144,0.026863038539886475,0.5885620713233948,0.5883852243423462,0.00017684698104858398,0.14853793382644653,0.14853793382644653,115.21489775180817
crack0097_05.png,1.3591126441955566,101.24236297607422,100.66659545898438,0.5757675170898438,112.80545043945312,113.00311279296875,-0.197662353515625,0.24666479229927063,0.2573734223842621,0.010708630084991455,0.0741153359413147,0.07500803470611572,0.0008926987648010254,0.10990077257156372,0.10697978734970093,-0.002920985221862793,0.5833679437637329,0.5841176509857178,-0.0007497072219848633,0.14144274592399597,0.14144274592399597,109.51929771900177
crack0097_06.png,1.4632007122039794,90.40267944335938,88.53845977783203,1.8642196655273438,118.34465026855469,118.66712951660156,-0.322479248046875,0.24702505767345428,0.24436673521995544,-0.0026583224534988403,0.0,0.0,0.0,0.0,0.0,0.0,0.5878123641014099,0.5892964005470276,-0.0014840364456176758,0.13290773332118988,0.13290773332118988,98.38042151927948
crack0097_07.png,1.10435209274292,104.98258972167969,104.3772201538086,0.6053695678710938,111.58647155761719,111.82051849365234,-0.23404693603515625,0.2501395642757416,0.25496920943260193,0.0048296451568603516,0.0,0.0,0.0,0.09031063318252563,0.08486723899841309,-0.005443394184112549,0.5958131551742554,0.5906574130058289,0.005155742168426514,0.13762378692626953,0.13762378692626953,113.50405728816986
crack0097_08.png,-1.3518016815185547,97.87220764160156,98.15263366699219,-0.280426025390625,108.48273468017578,107.36299896240234,1.1197357177734375,0.3053140640258789,0.2880917191505432,-0.017222344875335693,0.0,0.0,0.0,0.0,0.0,0.0,0.5791311264038086,0.5826681852340698,-0.0035370588302612305,0.12692129611968994,0.12692129611968994,104.03364491462708
crack0097_09.png,0.45777177810668945,104.88630676269531,104.73628997802734,0.15001678466796875,117.03852844238281,118.14128112792969,-1.102752685546875,0.23168237507343292,0.24010689556598663,0.008424520492553711,0.0,0.0,0.0,0.08459776639938354,0.07077568769454956,-0.013822078704833984,0.5877931714057922,0.5859208106994629,0.0018723607063293457,0.12709400057792664,0.12709400057792664,114.42208272218704
crack0098_00.png,4.091932201385498,145.2337646484375,141.37843322753906,3.8553314208984375,105.75840759277344,105.09806823730469,0.66033935546875,0.1865255981683731,0.18499340116977692,-0.0015321969985961914,0.0,0.0,0.0,0.0,0.0,0.0,0.5864706039428711,0.5840945839881897,0.0023760199546813965,0.09794633090496063,0.09794633090496063,155.6653190255165
crack0098_01.png,5.143792915344238,155.76171875,150.88662719726562,4.875091552734375,109.88691711425781,109.45159149169922,0.43532562255859375,0.17165817320346832,0.16800947487354279,-0.003648698329925537,0.0,0.0,0.0,0.0,0.0,0.0,0.586243748664856,0.5765820741653442,0.009661674499511719,0.0889417752623558,0.0889417752623558,166.69335442781448
crack0098_02.png,0.2400584697723389,137.03855895996094,135.67172241210938,1.3668365478515625,110.12594604492188,109.91053771972656,0.2154083251953125,0.18297018110752106,0.1685985028743744,-0.014371678233146667,0.0,0.0,0.0,0.0,0.0,0.0,0.5874894261360168,0.5890696048736572,-0.0015801787376403809,0.09667426347732544,0.09667426347732544,149.80201470851898
crack0098_03.png,4.8319268226623535,152.31480407714844,149.15841674804688,3.1563873291015625,107.74742126464844,107.72937774658203,0.01804351806640625,0.1914905458688736,0.21079711616039276,0.019306570291519165,0.0,0.0,0.0,0.0,0.0,0.0,0.5861476063728333,0.5830526947975159,0.003094911575317383,0.09566058218479156,0.09566058218479156,162.69308191537857
crack0098_04.png,5.261118412017822,141.80535888671875,136.7083740234375,5.09698486328125,106.51123046875,106.4822769165039,0.02895355224609375,0.20476122200489044,0.20747743546962738,0.0027162134647369385,0.0,0.0,0.0,0.0,0.0,0.0,0.5778892636299133,0.5795078873634338,-0.0016186237335205078,0.09055259823799133,0.09055259823799133,150.15150862932205
crack0098_05.png,3.599764108657837,123.16787719726562,118.99221801757812,4.1756591796875,104.53131103515625,104.6900405883789,-0.15872955322265625,0.22345693409442902,0.21767473220825195,-0.005782201886177063,0.0,0.0,0.0,0.0,0.0,0.0,0.581326425075531,0.5825721025466919,-0.0012456774711608887,0.0969662219285965,0.0969662219285965,131.32244777679443
crack0098_06.png,2.149000358581543,130.50894165039062,128.1479034423828,2.3610382080078125,111.22029876708984,111.6777114868164,-0.4574127197265625,0.1947353184223175,0.19069641828536987,-0.004038900136947632,0.0,0.0,0.0,0.0,0.0,0.0,0.5863898396492004,0.5790388584136963,0.00735098123550415,0.09429655969142914,0.09429655969142914,141.34223103523254
crack0098_07.png,4.30148549079895,133.59967041015625,130.81564331054688,2.784027099609375,109.01009368896484,108.91181945800781,0.09827423095703125,0.18923163414001465,0.20577655732631683,0.016544923186302185,0.0,0.0,0.0,0.0,0.0,0.0,0.5808496475219727,0.576985776424408,0.0038638710975646973,0.0941099226474762,0.0941099226474762,144.0877447128296
crack0098_08.png,2.310034894943237,145.88095092773438,142.72015380859375,3.160797119140625,110.25070190429688,110.46598815917969,-0.2152862548828125,0.20010636746883392,0.1902599036693573,-0.009846463799476624,0.0,0.0,0.0,0.0,0.0,0.0,0.585943877696991,0.5853671431541443,0.0005767345428466797,0.0906386524438858,0.0906386524438858,156.32271325588226
crack0098_09.png,3.495670795440674,121.85552215576172,118.15115356445312,3.7043685913085938,108.05956268310547,107.87199401855469,0.18756866455078125,0.18580050766468048,0.18174834549427032,-0.004052162170410156,0.0,0.0,0.0,0.0,0.0,0.0,0.5851941704750061,0.5841829776763916,0.001011192798614502,0.10516753047704697,0.10516753047704697,132.50620394945145
crack0099_00.png,4.437342596054077,125.96243286132812,123.2061996459961,2.7562332153320312,109.64588165283203,110.19160461425781,-0.5457229614257812,0.24091441929340363,0.2628595232963562,0.021945104002952576,0.0,0.0,0.0,0.03524893522262573,0.0,-0.03524893522262573,0.5840445756912231,0.5804498195648193,0.0035947561264038086,0.12378783524036407,0.12378783524036407,133.49123412370682
crack0099_01.png,0.3051518440246582,142.1231689453125,141.1558074951172,0.9673614501953125,109.90565490722656,110.12769317626953,-0.22203826904296875,0.33380886912345886,0.3313928246498108,-0.0024160444736480713,0.17390179634094238,0.16065818071365356,-0.013243615627288818,0.24668341875076294,0.23964464664459229,-0.007038772106170654,0.5847635269165039,0.5810226798057556,0.003740847110748291,0.14137254655361176,0.14137254655361176,145.14645981788635
crack0099_02.png,-0.22504320144653323,125.87345123291016,126.09236907958984,-0.2189178466796875,112.14080810546875,112.04789733886719,0.0929107666015625,0.42137446999549866,0.4297890067100525,0.008414536714553833,0.01862257719039917,0.0,-0.01862257719039917,0.09646183252334595,0.09936290979385376,0.0029010772705078125,0.5865128636360168,0.5858016014099121,0.0007112622261047363,0.14018823206424713,0.14018823206424713,124.16095650196075
crack0099_03.png,0.9526450157165527,130.13931274414062,129.360595703125,0.778717041015625,106.72051239013672,106.28787994384766,0.4326324462890625,0.3634450137615204,0.3632555902004242,-0.0001894235610961914,0.256499707698822,0.25480127334594727,-0.0016984343528747559,0.25619035959243774,0.2512460947036743,-0.004944264888763428,0.5804805755615234,0.5783814191818237,0.002099156379699707,0.11757619678974152,0.11757619678974152,131.1738418340683
crack0099_04.png,1.0304485321044923,122.51118469238281,121.1627197265625,1.3484649658203125,108.67124938964844,110.20431518554688,-1.5330657958984375,0.38614439964294434,0.39057788252830505,0.004433482885360718,0.1950972080230713,0.18838554620742798,-0.0067116618156433105,0.18417596817016602,0.19761335849761963,0.013437390327453613,0.5875240564346313,0.5822991132736206,0.005224943161010742,0.12485808879137039,0.12485808879137039,122.16925048828125
crack0099_05.png,2.450062942504883,135.393310546875,133.21839904785156,2.1749114990234375,107.45264434814453,108.16678619384766,-0.714141845703125,0.3084242641925812,0.3185475766658783,0.01012331247329712,0.24496853351593018,0.23387861251831055,-0.011089920997619629,0.1872105598449707,0.1823338270187378,-0.00487673282623291,0.5802075862884521,0.5753440856933594,0.0048635005950927734,0.13598906993865967,0.13598906993865967,139.0087023973465
crack0099_06.png,2.7828925132751463,127.74712371826172,125.28380584716797,2.46331787109375,109.45651245117188,109.74266052246094,-0.2861480712890625,0.2810499668121338,0.29051950573921204,0.009469538927078247,0.013705313205718994,0.0,-0.013705313205718994,0.0,0.0,0.0,0.5849058032035828,0.5792887210845947,0.005617082118988037,0.1218300461769104,0.1218300461769104,133.04869890213013
crack0099_07.png,4.030118560791015,123.29843139648438,120.8988037109375,2.399627685546875,113.2854995727539,112.59410095214844,0.6913986206054688,0.2759076654911041,0.2935161888599396,0.01760852336883545,0.0,0.0,0.0,0.014708936214447021,0.03749191761016846,0.022782981395721436,0.5802921652793884,0.5816609263420105,-0.0013687610626220703,0.12916797399520874,0.12916797399520874,128.8105946779251
crack0099_08.png,2.150318813323975,133.3790283203125,133.33058166503906,0.0484466552734375,110.17963409423828,110.43494415283203,-0.25531005859375,0.32891950011253357,0.3285483717918396,-0.0003711283206939697,0.24920308589935303,0.30111217498779297,0.05190908908843994,0.24287980794906616,0.2535175681114197,0.010637760162353516,0.5869857668876648,0.5830526947975159,0.003933072090148926,0.11854355037212372,0.11854355037212372,137.121333360672
crack0099_09.png,2.4353179931640625,135.7179718017578,134.27359008789062,1.4443817138671875,102.74800109863281,102.81029510498047,-0.06229400634765625,0.34370917081832886,0.35125645995140076,0.007547289133071899,0.29430949687957764,0.29988235235214233,0.005572855472564697,0.14012253284454346,0.16357403993606567,0.023451507091522217,0.5844328999519348,0.5797039866447449,0.004728913307189941,0.09671176970005035,0.09671176970005035,137.75054669380188
crack0100_00.png,0.44581050872802735,92.35140991210938,91.99832153320312,0.35308837890625,103.59709167480469,103.40699768066406,0.190093994140625,0.2595488131046295,0.25472885370254517,-0.004819959402084351,0.5136253833770752,0.5190034508705139,0.005378067493438721,0.47701966762542725,0.4834241271018982,0.006404459476470947,0.5807496905326843,0.5760707259178162,0.004678964614868164,0.15483541786670685,0.15483541786670685,100.12112212181091
crack0100_01.png,1.7632847785949708,94.09435272216797,94.30595397949219,-0.21160125732421875,103.33906555175781,103.77044677734375,-0.4313812255859375,0.22224728763103485,0.24398376047611237,0.021736472845077515,0.26570218801498413,0.2769109606742859,0.011208772659301758,0.29886865615844727,0.31857824325561523,0.01970958709716797,0.5802499055862427,0.5812456607818604,-0.0009957551956176758,0.15527501702308655,0.15527501702308655,104.1151425242424
crack0100_02.png,1.1743669509887695,91.77538299560547,92.16332244873047,-0.387939453125,101.84076690673828,101.85690307617188,-0.01613616943359375,0.29906946420669556,0.2976343035697937,-0.0014351606369018555,0.3523891568183899,0.39307135343551636,0.040682196617126465,0.4190095067024231,0.4416309595108032,0.022621452808380127,0.5798116326332092,0.5784044861793518,0.0014071464538574219,0.15927311778068542,0.15927311778068542,97.30375981330872
crack0100_03.png,1.1817510604858399,94.6700439453125,94.6639404296875,0.006103515625,108.82291412353516,108.55268859863281,0.27022552490234375,0.30692794919013977,0.2996995151042938,-0.007228434085845947,0.23395872116088867,0.2796373963356018,0.045678675174713135,0.3204002380371094,0.35431402921676636,0.03391379117965698,0.5761591792106628,0.5806920528411865,-0.004532873630523682,0.2163465917110443,0.2163465917110443,99.91270339488983
crack0100_04.png,1.7670012950897216,98.4996109008789,99.1045150756836,-0.6049041748046875,112.26127624511719,111.91877746582031,0.342498779296875,0.21586543321609497,0.2201874703168869,0.004322037100791931,0.28001147508621216,0.3237183690071106,0.04370689392089844,0.36496251821517944,0.4001125693321228,0.03515005111694336,0.5821491479873657,0.5786274671554565,0.0035216808319091797,0.15046752989292145,0.15046752989292145,109.13610291481018
crack0100_05.png,-0.2484893798828125,77.2117691040039,77.88304901123047,-0.6712799072265625,100.81272888183594,101.09356689453125,-0.2808380126953125,0.2930522561073303,0.2907315492630005,-0.002320706844329834,0.36639392375946045,0.38147997856140137,0.015086054801940918,0.40973955392837524,0.4296068549156189,0.019867300987243652,0.5814033150672913,0.5784698128700256,0.002933502197265625,0.16130411624908447,0.16130411624908447,83.35964870452881
crack0100_06.png,-0.14643201828002927,105.69561767578125,105.51348114013672,0.18213653564453125,106.78850555419922,106.77830505371094,0.01020050048828125,0.36539795994758606,0.3527244031429291,-0.012673556804656982,0.335524320602417,0.35401618480682373,0.01849186420440674,0.38052457571029663,0.38957250118255615,0.009047925472259521,0.5805959105491638,0.5820568799972534,-0.0014609694480895996,0.2426871359348297,0.2426871359348297,107.72336041927338
crack0100_07.png,3.8164183616638185,95.20842742919922,94.39774322509766,0.8106842041015625,112.07275390625,110.89305114746094,1.1797027587890625,0.21439945697784424,0.2342408001422882,0.01984134316444397,0.32068705558776855,0.34089434146881104,0.02020728588104248,0.3192216157913208,0.35150671005249023,0.032285094261169434,0.596808910369873,0.5933525562286377,0.0034563541412353516,0.22981372475624084,0.22981372475624084,105.8114743232727
crack0100_08.png,2.004108953475952,87.4360122680664,86.82743835449219,0.6085739135742188,101.35665893554688,100.83294677734375,0.523712158203125,0.2336769551038742,0.2529604136943817,0.019283458590507507,0.38114291429519653,0.3725232481956482,-0.00861966609954834,0.4354820251464844,0.44185179471969604,0.00636976957321167,0.5812649130821228,0.5815609097480774,-0.00029599666595458984,0.15893781185150146,0.15893781185150146,96.37354439496994
crack0100_09.png,6.459532880783081,162.19314575195312,157.72459411621094,4.4685516357421875,168.84451293945312,164.00250244140625,4.842010498046875,0.24526043236255646,0.2484428882598877,0.003182455897331238,0.42024946212768555,0.4099448323249817,-0.010304629802703857,0.40682828426361084,0.394247829914093,-0.012580454349517822,0.594901978969574,0.589607834815979,0.005294144153594971,0.22592784464359283,0.22592784464359283,169.0393231511116
