image,score_new_minus_old,old_crack_epe_px,new_crack_epe_px,delta_crack_epe_px_positive_is_better,old_global_epe_px,new_global_epe_px,delta_global_epe_px_positive_is_better,old_warp_crack_dice,new_warp_crack_dice,delta_warp_crack_dice_positive_is_better,old_crack_edge_fidelity,new_crack_edge_fidelity,delta_crack_edge_fidelity_positive_is_better,old_global_edge_fidelity,new_global_edge_fidelity,delta_global_edge_fidelity_positive_is_better,old_folding_rate,new_folding_rate,delta_folding_rate_positive_is_better,old_crack_ratio,new_crack_ratio,joint_failure_score
crack0001_00.png,205.29702054262162,103.72444915771484,7.012289047241211,96.71216011047363,111.49365234375,4.2994890213012695,107.19416332244873,0.22411367297172546,0.6310976147651672,0.4069839417934418,0.4565349221229553,0.7397874593734741,0.2832525372505188,0.44034314155578613,0.7070722579956055,0.26672911643981934,0.5838331580162048,0.03837370127439499,0.5454594567418098,0.20257893204689026,0.20257893204689026,65.27487504482269
crack0001_01.png,226.10412294268608,120.9936752319336,4.518399238586426,116.47527599334717,109.30009460449219,3.066608428955078,106.23348617553711,0.23676051199436188,0.6368368864059448,0.40007637441158295,0.36927932500839233,0.7086739540100098,0.33939462900161743,0.37300002574920654,0.6862666010856628,0.3132665753364563,0.5796962976455688,0.04085736349225044,0.5388389341533184,0.22484156489372253,0.22484156489372253,71.73825842142105
crack0001_02.png,220.07399359941482,104.33987426757812,3.7150614261627197,100.6248128414154,111.73767852783203,2.396885395050049,109.34079313278198,0.2121712565422058,0.6666211485862732,0.4544498920440674,0.24472719430923462,0.6972418427467346,0.4525146484375,0.31899333000183105,0.7182706594467163,0.39927732944488525,0.578262209892273,0.046855054795742035,0.5314071550965309,0.1662106215953827,0.1662106215953827,64.42768085002899
crack0001_03.png,209.46163244247435,104.47576904296875,1.1582132577896118,103.31755578517914,112.85169219970703,1.8077664375305176,111.04392576217651,0.2833058536052704,0.6331902742385864,0.34988442063331604,0.40856701135635376,0.7229297161102295,0.31436270475387573,0.39563435316085815,0.6793503165245056,0.28371596336364746,0.5808880925178528,0.051856979727745056,0.5290311127901077,0.2581266462802887,0.2581266462802887,59.05416363477707
crack0001_04.png,206.11105268001558,98.07361602783203,4.264737606048584,93.80887842178345,109.65110778808594,2.7571325302124023,106.89397525787354,0.2420472800731659,0.690424382686615,0.4483771026134491,0.39598459005355835,0.6938811540603638,0.2978965640068054,0.4101026654243469,0.6820951700210571,0.2719925045967102,0.5821491479873657,0.03818531334400177,0.543963834643364,0.19837027788162231,0.19837027788162231,59.93230593204498
crack0001_05.png,207.00913841724395,109.8438949584961,2.3053767681121826,107.53851819038391,106.60081481933594,1.6722540855407715,104.92856073379517,0.2898433208465576,0.5723873972892761,0.2825440764427185,0.40899360179901123,0.7348109483718872,0.325817346572876,0.37932002544403076,0.7081388235092163,0.32881879806518555,0.5815263390541077,0.034951940178871155,0.5465743988752365,0.2655094861984253,0.2655094861984253,61.94509017467499
crack0001_06.png,227.68969356119632,113.00740814208984,2.017307758331299,110.99010038375854,110.99784851074219,2.1748909950256348,108.82295751571655,0.2513969838619232,0.7324419021606445,0.4810449182987213,0.47511255741119385,0.7895455956459045,0.3144330382347107,0.48155301809310913,0.7850747108459473,0.30352169275283813,0.5809265375137329,0.0281891580671072,0.5527373794466257,0.15343789756298065,0.15343789756298065,65.6656004190445
crack0001_07.png,197.30566950142384,97.90674591064453,1.8767632246017456,96.02998268604279,111.06063842773438,1.735755205154419,109.32488322257996,0.2592039108276367,0.5744890570640564,0.3152851462364197,0.4624180197715759,0.7068194150924683,0.24440139532089233,0.4168524742126465,0.6898720264434814,0.27301955223083496,0.5851672291755676,0.021495578810572624,0.563671650364995,0.24245218932628632,0.24245218932628632,57.74620908498764
crack0001_08.png,217.0535513460636,110.9443359375,1.306686282157898,109.6376496553421,110.31718444824219,1.4185519218444824,108.8986325263977,0.31824836134910583,0.6925583481788635,0.3743099868297577,0.502501904964447,0.8085938096046448,0.30609190464019775,0.4812557101249695,0.7649925351142883,0.28373682498931885,0.5798308253288269,0.038131486624479294,0.5416993387043476,0.16685649752616882,0.16685649752616882,60.223842442035675
crack0001_09.png,201.9614072203636,98.4303207397461,2.473503589630127,95.95681715011597,109.55854797363281,2.44939923286438,107.10914874076843,0.27205342054367065,0.6696979999542236,0.397644579410553,0.4262431859970093,0.6839065551757812,0.257663369178772,0.45009005069732666,0.6776501536369324,0.2275601029396057,0.5823990702629089,0.05632833391427994,0.526070736348629,0.2565203905105591,0.2565203905105591,57.42466974258423
crack0002_00.png,223.19372336268424,110.01034545898438,4.041895389556885,105.96845006942749,111.69956970214844,2.049499750137329,109.65006995201111,0.30135661363601685,0.7123199105262756,0.4109632968902588,0.20953887701034546,0.6730160117149353,0.46347713470458984,0.27691149711608887,0.7417454719543457,0.46483397483825684,0.5810995697975159,0.032372165471315384,0.5487274043262005,0.10501857101917267,0.10501857101917267,62.188706398010254
crack0002_01.png,240.80249613523483,130.97987365722656,6.06636905670166,124.9135046005249,120.61161804199219,2.2245733737945557,118.38704466819763,0.282130628824234,0.7174869179725647,0.4353562891483307,0.27219516038894653,0.5799810886383057,0.30778592824935913,0.3858954906463623,0.6707454919815063,0.28485000133514404,0.5839869379997253,0.04913110285997391,0.5348558351397514,0.13827738165855408,0.13827738165855408,74.95476114749908
crack0002_02.png,223.77758931517602,120.56373596191406,3.6551198959350586,116.908616065979,116.27903747558594,1.763352870941162,114.51568460464478,0.34926551580429077,0.7259081602096558,0.376642644405365,0.33749234676361084,0.5653958320617676,0.22790348529815674,0.35832715034484863,0.6753071546554565,0.3169800043106079,0.5833525657653809,0.037973854690790176,0.5453787110745907,0.1288696974515915,0.1288696974515915,64.48759961128235
crack0002_03.png,228.53312409818173,118.57321166992188,4.284977436065674,114.2882342338562,116.43685913085938,1.9640153646469116,114.47284376621246,0.31115785241127014,0.7474385499954224,0.4362806975841522,0.3427049517631531,0.6276965141296387,0.2849915623664856,0.4204680323600769,0.7241656184196472,0.3036975860595703,0.5843906402587891,0.03054978884756565,0.5538408514112234,0.11817693710327148,0.11817693710327148,66.13524901866913
crack0002_04.png,242.7275545656681,135.6974334716797,5.365296363830566,130.33213710784912,121.9548110961914,2.3246302604675293,119.63018083572388,0.3074319660663605,0.7201197147369385,0.412687748670578,0.28505080938339233,0.5350275039672852,0.24997669458389282,0.34833914041519165,0.6370517015457153,0.2887125611305237,0.5838523507118225,0.04562091454863548,0.538231436163187,0.14195916056632996,0.14195916056632996,75.4395409822464
crack0002_05.png,241.93059275150299,133.0172576904297,3.992166757583618,129.02509093284607,120.68843841552734,1.9581077098846436,118.7303307056427,0.3334311544895172,0.7682355642318726,0.43480440974235535,0.4040285348892212,0.6319146752357483,0.2278861403465271,0.4129409193992615,0.6923353672027588,0.2793944478034973,0.5780122876167297,0.0401730090379715,0.5378392785787582,0.11589434742927551,0.11589434742927551,71.61933445930481
crack0002_06.png,249.0318808555603,138.11376953125,4.202824592590332,133.91094493865967,124.93215942382812,1.8643202781677246,123.0678391456604,0.2740747630596161,0.6905600428581238,0.4164852797985077,0.2913946509361267,0.5696330070495605,0.27823835611343384,0.35601890087127686,0.6785736083984375,0.32255470752716064,0.5857477784156799,0.049611687660217285,0.5361360907554626,0.1280955970287323,0.1280955970287323,78.1437224149704
crack0002_07.png,230.8037600070238,111.33566284179688,1.7509138584136963,109.58474898338318,111.62422180175781,2.166872024536133,109.45734977722168,0.34262505173683167,0.7939613461494446,0.4513362944126129,0.3125920295715332,0.7865785956382751,0.47398656606674194,0.35893040895462036,0.7475156188011169,0.3885852098464966,0.579750120639801,0.02050749771296978,0.5592426229268312,0.09904506802558899,0.09904506802558899,59.17579007148743
crack0002_08.png,220.95891970992088,122.69071960449219,6.035864353179932,116.65485525131226,110.97447204589844,1.8049230575561523,109.16954898834229,0.37639304995536804,0.740958571434021,0.36456552147865295,0.331510066986084,0.566620409488678,0.235110342502594,0.37189847230911255,0.6927803754806519,0.3208819031715393,0.5798154473304749,0.028150711208581924,0.5516647361218929,0.11995213478803635,0.11995213478803635,64.97232687473297
crack0002_09.png,213.60793810784816,110.85546875,6.379995822906494,104.4754729270935,110.11746215820312,1.7505723237991333,108.36688983440399,0.3950824439525604,0.7522690296173096,0.35718658566474915,0.24797362089157104,0.6173896789550781,0.3694160580635071,0.36887258291244507,0.7171196341514587,0.34824705123901367,0.58064204454422,0.01978854276239872,0.5608535017818213,0.11696051806211472,0.11696051806211472,58.13846743106842
crack0003_00.png,257.4232019305229,118.76628112792969,2.5251917839050293,116.24108934402466,113.12690734863281,1.6351343393325806,111.49177300930023,0.1726333200931549,0.800176203250885,0.6275428831577301,0.0,0.6137745976448059,0.6137745976448059,0.0,0.6764757633209229,0.6764757633209229,0.5838331580162048,0.038058437407016754,0.5457747206091881,0.11957511305809021,0.11957511305809021,73.64106357097626
crack0003_01.png,254.98915141224862,118.69480895996094,3.770805835723877,114.92400312423706,115.50717163085938,2.9955108165740967,112.51166081428528,0.19914156198501587,0.8261784315109253,0.6270368695259094,0.0,0.6005006432533264,0.6005006432533264,0.0,0.6485844850540161,0.6485844850540161,0.5809150338172913,0.058977317065000534,0.5219377167522907,0.09913885593414307,0.09913885593414307,72.5209150314331
crack0003_02.png,236.56922622919083,95.04503631591797,3.1396541595458984,91.90538215637207,108.12077331542969,1.8100519180297852,106.3107213973999,0.18757957220077515,0.8498798608779907,0.6623002886772156,0.0,0.6861393451690674,0.6861393451690674,0.028668999671936035,0.7150530815124512,0.6863840818405151,0.5784967541694641,0.03574778884649277,0.5427489653229713,0.10084910690784454,0.10084910690784454,60.97744107246399
crack0003_03.png,243.53928952515125,110.84121704101562,2.8197367191314697,108.02148032188416,106.72052001953125,1.1692912578582764,105.55122876167297,0.2945486605167389,0.8449119329452515,0.5503632724285126,0.0,0.6655972003936768,0.6655972003936768,0.0,0.7380695343017578,0.7380695343017578,0.5840100049972534,0.017900807783007622,0.5661091972142458,0.10439929366111755,0.10439929366111755,62.51795744895935
crack0003_04.png,243.21906477212906,96.97915649414062,2.405008554458618,94.574147939682,110.13903045654297,1.6302510499954224,108.50877940654755,0.18059894442558289,0.8780050277709961,0.6974060833454132,0.0,0.6908942461013794,0.6908942461013794,0.04089885950088501,0.7109895944595337,0.6700907349586487,0.5804498195648193,0.03512110561132431,0.545328713953495,0.09947497397661209,0.09947497397661209,62.07413864135742
crack0003_05.png,245.63201830387115,116.01329803466797,3.431306838989258,112.58199119567871,112.89666748046875,1.6915137767791748,111.20515370368958,0.2881224751472473,0.8063821792602539,0.5182597041130066,0.0,0.6177412271499634,0.6177412271499634,0.0,0.7125146389007568,0.7125146389007568,0.5922183990478516,0.03227989375591278,0.5599385052919388,0.1173633337020874,0.1173633337020874,66.12368988990784
crack0003_06.png,257.89248923659324,110.364501953125,2.610438823699951,107.75406312942505,110.44886779785156,1.3805296421051025,109.06833815574646,0.13583707809448242,0.8347827792167664,0.6989457011222839,0.0,0.7069427967071533,0.7069427967071533,0.0,0.7524270415306091,0.7524270415306091,0.5854517221450806,0.027508649975061417,0.5579430721700191,0.09991790354251862,0.09991790354251862,71.75531458854675
crack0003_07.png,236.78140981197356,94.49022674560547,2.241218090057373,92.2490086555481,108.52869415283203,1.2320390939712524,107.29665505886078,0.1951734572649002,0.8382012844085693,0.6430278271436691,0.0,0.6967445611953735,0.6967445611953735,0.0,0.7745049595832825,0.7745049595832825,0.5846520662307739,0.027108803391456604,0.5575432628393173,0.10389700531959534,0.10389700531959534,60.041397631168365
crack0003_08.png,240.637306535244,99.3230972290039,3.441498279571533,95.88159894943237,111.58338928222656,2.0847277641296387,109.49866151809692,0.1749161034822464,0.8535435795783997,0.6786274760961533,0.0,0.6133062839508057,0.6133062839508057,0.0,0.6492719650268555,0.6492719650268555,0.5867742896080017,0.033429451286792755,0.553344838321209,0.09292099624872208,0.09292099624872208,64.358303129673
crack0003_09.png,251.8244638979435,107.19468688964844,3.15954852104187,104.03513836860657,112.1092758178711,1.742836833000183,110.36643898487091,0.17234204709529877,0.8359597325325012,0.6636176854372025,0.0,0.714137077331543,0.714137077331543,0.0,0.7671092748641968,0.7671092748641968,0.5783506631851196,0.02865436300635338,0.5496963001787663,0.09756283462047577,0.09756283462047577,67.97062140703201
crack0004_00.png,231.38734434843064,107.3441390991211,3.6643779277801514,103.67976117134094,105.1054916381836,2.3692431449890137,102.73624849319458,0.3132834732532501,0.8039005994796753,0.49061712622642517,0.06478315591812134,0.6911135911941528,0.6263304352760315,0.21690642833709717,0.7012858390808105,0.4843794107437134,0.5847058892250061,0.02694348245859146,0.5577624067664146,0.10235156863927841,0.10235156863927841,60.09548568725586
crack0004_01.png,229.48946670889853,109.66970825195312,1.6197699308395386,108.04993832111359,105.34475708007812,1.5582869052886963,103.78647017478943,0.2600253224372864,0.7103531956672668,0.45032787322998047,0.28388869762420654,0.8311142325401306,0.5472255349159241,0.2136666178703308,0.7650924324989319,0.5514258146286011,0.581334114074707,0.03109188750386238,0.5502422265708447,0.13342131674289703,0.13342131674289703,63.29658430814743
crack0004_02.png,235.92528455853463,108.65819549560547,1.5050522089004517,107.15314328670502,105.5430908203125,1.617864727973938,103.92522609233856,0.2725455164909363,0.7623799443244934,0.48983442783355713,0.10847753286361694,0.7570298910140991,0.6485523581504822,0.2531643509864807,0.7073743343353271,0.45420998334884644,0.581138014793396,0.029307957738637924,0.5518300570547581,0.13177454471588135,0.13177454471588135,61.97441345453262
crack0004_03.png,223.98921118080617,100.52690887451172,2.1767051219940186,98.3502037525177,104.05424499511719,1.4412318468093872,102.6130131483078,0.2993159592151642,0.76887047290802,0.46955451369285583,0.18064677715301514,0.790227472782135,0.6095806956291199,0.2478928565979004,0.7762598991394043,0.5283670425415039,0.582114577293396,0.015959246084094048,0.566155331209302,0.11057727038860321,0.11057727038860321,56.67743253707886
crack0004_04.png,250.76670920848846,123.59422302246094,2.6946232318878174,120.89959979057312,116.91175079345703,1.9930694103240967,114.91868138313293,0.1956060379743576,0.7462343573570251,0.5506283193826675,0.2248936891555786,0.6689364910125732,0.44404280185699463,0.23482155799865723,0.6672388315200806,0.43241727352142334,0.5884275436401367,0.03623606264591217,0.5521914809942245,0.1537206768989563,0.1537206768989563,74.94516259431839
crack0004_05.png,215.4792114675045,110.36226654052734,3.1317131519317627,107.23055338859558,108.35353088378906,2.2526049613952637,106.1009259223938,0.34094130992889404,0.7250980734825134,0.3841567635536194,0.37192302942276,0.7017232775688171,0.32980024814605713,0.3734685182571411,0.6534947156906128,0.2800261974334717,0.5778585076332092,0.030765090137720108,0.5470934174954891,0.15855690836906433,0.15855690836906433,59.40485155582428
crack0004_06.png,230.13642545044422,110.0745620727539,2.588935613632202,107.4856264591217,109.60115814208984,1.5438684225082397,108.0572897195816,0.30814704298973083,0.7710908651351929,0.46294382214546204,0.19731485843658447,0.6984276175498962,0.5011127591133118,0.24351811408996582,0.6806497573852539,0.4371316432952881,0.5824952125549316,0.023798538371920586,0.558696674183011,0.15409721434116364,0.15409721434116364,61.14273476600647
crack0004_07.png,219.21940085291862,98.09797668457031,1.9134840965270996,96.18449258804321,105.27703094482422,1.1518733501434326,104.12515759468079,0.4124796688556671,0.7836350798606873,0.37115541100502014,0.0,0.7241595983505249,0.7241595983505249,0.16679811477661133,0.7382943630218506,0.5714962482452393,0.5848750472068787,0.01672433689236641,0.5681507103145123,0.12383512407541275,0.12383512407541275,48.651952147483826
crack0004_08.png,221.70182829499245,105.92147064208984,1.3195208311080933,104.60194981098175,107.76610565185547,1.1847511529922485,106.58135449886322,0.3163217008113861,0.7098625302314758,0.3935408294200897,0.23039120435714722,0.753920316696167,0.5235291123390198,0.19828885793685913,0.7059990763664246,0.5077102184295654,0.5800307393074036,0.028958093374967575,0.551072645932436,0.17653876543045044,0.17653876543045044,57.842423260211945
crack0004_09.png,224.65715292096138,103.03524780273438,2.3433985710144043,100.69184923171997,103.32240295410156,1.2034631967544556,102.1189397573471,0.3174590766429901,0.7074217200279236,0.38996264338493347,0.017257750034332275,0.7528804540634155,0.7356227040290833,0.02211982011795044,0.7811941504478455,0.759074330329895,0.5828680992126465,0.020472895354032516,0.562395203858614,0.12279215455055237,0.12279215455055237,56.95650255680084
crack0005_00.png,200.62282764911652,95.98401641845703,2.7078962326049805,93.27612018585205,103.4410171508789,1.8275301456451416,101.61348700523376,0.2500312924385071,0.6944431662559509,0.44441187381744385,0.5215485095977783,0.7894386649131775,0.26789015531539917,0.43674129247665405,0.7435916662216187,0.3068503737449646,0.5777662396430969,0.0669473260641098,0.5108189135789871,0.20253926515579224,0.20253926515579224,57.45472836494446
crack0005_01.png,214.11761813163758,99.79104614257812,1.991478681564331,97.7995674610138,111.28834533691406,1.0612431764602661,110.2271021604538,0.27401474118232727,0.6769375801086426,0.4029228389263153,0.33005988597869873,0.7801135778427124,0.45005369186401367,0.3525093197822571,0.7895263433456421,0.437017023563385,0.5869973301887512,0.03721645474433899,0.5497808754444122,0.21761998534202576,0.21761998534202576,57.93027114868164
crack0005_02.png,201.22273563742638,91.11259460449219,1.272291898727417,89.84030270576477,108.68586730957031,1.1284575462341309,107.55740976333618,0.2349814474582672,0.6225640773773193,0.3875826299190521,0.3690035939216614,0.74089115858078,0.37188756465911865,0.35224348306655884,0.7136868238449097,0.36144334077835083,0.5881430506706238,0.02620914950966835,0.5619339011609554,0.25102299451828003,0.25102299451828003,55.61927843093872
crack0005_03.png,203.99195184111596,95.47715759277344,1.8696619272232056,93.60749566555023,107.01852416992188,1.7652513980865479,105.25327277183533,0.21328236162662506,0.6265154480934143,0.41323308646678925,0.41773521900177,0.7484745979309082,0.3307393789291382,0.33608120679855347,0.6946854591369629,0.3586042523384094,0.5802960395812988,0.030422914773225784,0.549873124808073,0.21311336755752563,0.21311336755752563,59.08830964565277
crack0005_04.png,196.35411453843116,90.59878540039062,2.7191951274871826,87.87959027290344,100.19011688232422,1.670499324798584,98.51961755752563,0.22580237686634064,0.673285722732544,0.4474833458662033,0.4634737968444824,0.753839910030365,0.29036611318588257,0.42909473180770874,0.7304230332374573,0.30132830142974854,0.5778470039367676,0.03651287779211998,0.5413341261446476,0.22032934427261353,0.22032934427261353,56.22472780942917
crack0005_05.png,199.29811537265778,100.29411315917969,3.232489585876465,97.06162357330322,115.46461486816406,2.46163272857666,113.0029821395874,0.2586359977722168,0.5820727348327637,0.3234367370605469,0.4599948525428772,0.7305878400802612,0.27059298753738403,0.3725726008415222,0.7050960659980774,0.3325234651565552,0.5943291187286377,0.08591310679912567,0.508416011929512,0.24577471613883972,0.24577471613883972,60.018306255340576
crack0005_06.png,201.48344487547874,90.86810302734375,2.329122304916382,88.53898072242737,107.35585021972656,1.9964041709899902,105.35944604873657,0.23008595407009125,0.6549935340881348,0.4249075800180435,0.3798844814300537,0.7711360454559326,0.3912515640258789,0.3542996644973755,0.7347196936607361,0.3804200291633606,0.5780238509178162,0.04907343164086342,0.5289504192769527,0.19751125574111938,0.19751125574111938,55.91440945863724
crack0005_07.png,197.74930967092513,91.29903411865234,1.711502194404602,89.58753192424774,109.72725677490234,1.1401402950286865,108.58711647987366,0.27620890736579895,0.6486606001853943,0.37245169281959534,0.4622255563735962,0.7944650650024414,0.3322395086288452,0.40421080589294434,0.7430143356323242,0.3388035297393799,0.581318736076355,0.040288351476192474,0.5410303846001625,0.22634294629096985,0.22634294629096985,53.185483157634735
crack0005_08.png,198.4967002928257,95.93647766113281,4.146435260772705,91.79004240036011,104.10960388183594,2.403148889541626,101.70645499229431,0.22787219285964966,0.6523107886314392,0.42443859577178955,0.4488039016723633,0.7088330984115601,0.2600291967391968,0.386211633682251,0.7158244848251343,0.3296128511428833,0.5827258825302124,0.04103037342429161,0.5416955091059208,0.2256229817867279,0.2256229817867279,59.678160190582275
crack0005_09.png,211.39535067677497,93.29792022705078,1.8462631702423096,91.45165705680847,105.56855773925781,1.1102073192596436,104.45835041999817,0.2247987985610962,0.6798490285873413,0.4550502300262451,0.2784081697463989,0.7716975808143616,0.49328941106796265,0.28614574670791626,0.7556840181350708,0.46953827142715454,0.5776470303535461,0.02702806517481804,0.5506189651787281,0.20035973191261292,0.20035973191261292,57.19004499912262
crack0006_00.png,205.40644884705543,101.15099334716797,8.082902908325195,93.06809043884277,109.45581817626953,2.889162302017212,106.56665587425232,0.3405541479587555,0.7571812868118286,0.4166271388530731,0.2608923316001892,0.621576189994812,0.3606838583946228,0.29339903593063354,0.6371347904205322,0.3437357544898987,0.5807881355285645,0.031933870166540146,0.5488542653620243,0.15768983960151672,0.15768983960151672,57.41522467136383
crack0006_01.png,220.6327384710312,102.7181625366211,3.429250717163086,99.28891181945801,105.0306167602539,2.054378032684326,102.97623872756958,0.17698952555656433,0.7531384825706482,0.5761489570140839,0.3219680190086365,0.6327613592147827,0.31079334020614624,0.24743187427520752,0.624383807182312,0.3769519329071045,0.5756478309631348,0.034905806183815,0.5407420247793198,0.16798068583011627,0.16798068583011627,65.48024833202362
crack0006_02.png,202.67828967273235,92.7654037475586,4.678266525268555,88.08713722229004,105.86809539794922,2.025458812713623,103.8426365852356,0.28123268485069275,0.6871842741966248,0.405951589345932,0.23893630504608154,0.6943813562393188,0.4554450511932373,0.21478277444839478,0.6999616622924805,0.4851788878440857,0.584486722946167,0.025482507422566414,0.5590042155236006,0.14102491736412048,0.14102491736412048,55.22734296321869
crack0006_03.png,196.25852047502994,93.55149841308594,3.8057994842529297,89.74569892883301,105.88948822021484,1.8315954208374023,104.05789279937744,0.4023583233356476,0.7418985962867737,0.3395402729511261,0.35571128129959106,0.7338742613792419,0.3781629800796509,0.3186124563217163,0.715315580368042,0.3967031240463257,0.5781853199005127,0.013187235221266747,0.564998084679246,0.12309841066598892,0.12309841066598892,47.664562344551086
crack0006_04.png,198.61022146344186,92.8665771484375,4.882226943969727,87.98435020446777,112.31939697265625,1.9971681833267212,110.32222878932953,0.3641204237937927,0.7476146221160889,0.38349419832229614,0.27198517322540283,0.6270098686218262,0.35502469539642334,0.30564624071121216,0.6352982521057129,0.32965201139450073,0.5837101340293884,0.04329873248934746,0.540411401540041,0.16034792363643646,0.16034792363643646,50.37558197975159
crack0006_05.png,200.05562091469764,88.03553009033203,1.8694030046463013,86.16612708568573,108.38337707519531,1.5938260555267334,106.78955101966858,0.2879267632961273,0.6924721598625183,0.404545396566391,0.3142250180244446,0.7207775115966797,0.4065524935722351,0.31841498613357544,0.7038828134536743,0.3854678273200989,0.5841906666755676,0.02049211785197258,0.563698548823595,0.1692425012588501,0.1692425012588501,51.04448741674423
crack0006_06.png,196.36587777733803,87.20990753173828,3.2672150135040283,83.94269251823425,109.03327178955078,1.5293331146240234,107.50393867492676,0.33294203877449036,0.7359919548034668,0.40304991602897644,0.3058549761772156,0.6706740856170654,0.36481910943984985,0.3217849135398865,0.7048709392547607,0.38308602571487427,0.5847597122192383,0.020138408988714218,0.5646213032305241,0.1729971468448639,0.1729971468448639,48.652427434921265
crack0006_07.png,207.44993995726108,94.26641845703125,5.348139762878418,88.91827869415283,107.95467376708984,2.303316354751587,105.65135741233826,0.3483997583389282,0.8108029961585999,0.46240323781967163,0.25564855337142944,0.6821759939193726,0.4265274405479431,0.3267647624015808,0.6675758361816406,0.3408110737800598,0.5800307393074036,0.024586698040366173,0.5554440412670374,0.11012320965528488,0.11012320965528488,52.10452318191528
crack0006_08.png,216.8180405676365,93.52285766601562,3.245610475540161,90.27724719047546,110.30128479003906,2.423043727874756,107.8782410621643,0.1884719878435135,0.722235381603241,0.5337633937597275,0.18547576665878296,0.6507256031036377,0.46524983644485474,0.11827224493026733,0.6340740323066711,0.5158017873764038,0.5871049761772156,0.035144176334142685,0.5519607998430729,0.16916029155254364,0.16916029155254364,60.56011384725571
crack0006_09.png,198.46469510793685,108.36542510986328,5.962313652038574,102.4031114578247,113.84573364257812,2.5819215774536133,111.26381206512451,0.3792373836040497,0.6337404251098633,0.2545030415058136,0.3740432858467102,0.6286675930023193,0.25462430715560913,0.38089263439178467,0.6648679971694946,0.28397536277770996,0.5888004899024963,0.06352940946817398,0.5252710804343224,0.21978279948234558,0.21978279948234558,57.9616459608078
crack0007_00.png,219.67402876764535,106.91023254394531,1.5289405584335327,105.38129198551178,103.62599182128906,1.4151211977005005,102.21087062358856,0.2552166283130646,0.7035884857177734,0.44837185740470886,0.40464097261428833,0.7724841237068176,0.3678431510925293,0.2649883031845093,0.7297031879425049,0.4647148847579956,0.585951566696167,0.015328719280660152,0.5706228474155068,0.16673919558525085,0.16673919558525085,62.34465152025223
crack0007_01.png,204.81945312470197,95.55854034423828,1.6100586652755737,93.94848167896271,101.24586486816406,1.713263750076294,99.53260111808777,0.2964852452278137,0.7137163877487183,0.41723114252090454,0.35321611166000366,0.7264862060546875,0.37327009439468384,0.2537025213241577,0.6745098829269409,0.4208073616027832,0.5805690288543701,0.011853133328258991,0.5687158955261111,0.17278946936130524,0.17278946936130524,54.01794594526291
crack0007_02.png,196.64607007503508,97.4214859008789,3.2255752086639404,94.19591069221497,105.74385070800781,3.3659825325012207,102.37786817550659,0.30979761481285095,0.6793764233589172,0.3695788085460663,0.4715905785560608,0.720177412033081,0.24858683347702026,0.34665828943252563,0.6487282514572144,0.3020699620246887,0.5833640694618225,0.033633217215538025,0.5497308522462845,0.17905372381210327,0.17905372381210327,55.07023644447327
crack0007_03.png,196.84002941548823,98.17219543457031,2.990201234817505,95.18199419975281,102.35200500488281,4.971478462219238,97.38052654266357,0.33962562680244446,0.727389931678772,0.3877643048763275,0.5051164031028748,0.7376024723052979,0.2324860692024231,0.4065290093421936,0.6577172875404358,0.2511882781982422,0.5771357417106628,0.017504805698990822,0.559630936011672,0.1474006175994873,0.1474006175994873,53.289090394973755
crack0007_04.png,214.19716556370258,107.49935150146484,1.9846841096878052,105.51466739177704,105.91411590576172,2.112576961517334,103.80153894424438,0.29615792632102966,0.7178000807762146,0.42164215445518494,0.4370992183685303,0.7110626697540283,0.27396345138549805,0.3535439968109131,0.6724013090133667,0.3188573122024536,0.5816878080368042,0.01988850347697735,0.5617993045598269,0.19055411219596863,0.19055411219596863,60.24005454778671
crack0007_05.png,216.20870486497878,106.37687683105469,2.5173871517181396,103.85948967933655,107.99211120605469,2.927751064300537,105.06436014175415,0.2631828188896179,0.6510969400405884,0.38791412115097046,0.3214445114135742,0.7510963678359985,0.4296518564224243,0.17912167310714722,0.7251728177070618,0.5460511445999146,0.5850518941879272,0.032445214688777924,0.5526066794991493,0.20079153776168823,0.20079153776168823,62.05823862552643
crack0007_06.png,212.7289763212204,116.3176498413086,3.800985336303711,112.51666450500488,108.43146514892578,5.11802339553833,103.31344175338745,0.31644123792648315,0.6714038252830505,0.3549625873565674,0.4497808814048767,0.6779345273971558,0.22815364599227905,0.37010180950164795,0.616999626159668,0.24689781665802002,0.5787773728370667,0.0446828156709671,0.5340945571660995,0.18690380454063416,0.18690380454063416,64.22393822669983
crack0007_07.png,211.80637349188328,108.72960662841797,2.4527742862701416,106.27683234214783,103.90702819824219,2.3026201725006104,101.60440802574158,0.2627090811729431,0.6489806175231934,0.38627153635025024,0.4092254638671875,0.6862586140632629,0.27703315019607544,0.3408971428871155,0.6472034454345703,0.30630630254745483,0.5906997323036194,0.018081506714224815,0.5726182255893946,0.23206445574760437,0.23206445574760437,63.456634879112244
crack0007_08.png,211.59611267894508,94.62657928466797,0.6256714463233948,94.00090783834457,103.75447082519531,1.4084837436676025,102.34598708152771,0.34301236271858215,0.7965279221534729,0.45351555943489075,0.43340498208999634,0.8757545351982117,0.44234955310821533,0.3520358204841614,0.7705639600753784,0.41852813959121704,0.5794655680656433,0.012425989843904972,0.5670395782217383,0.12504097819328308,0.12504097819328308,50.224006325006485
crack0007_09.png,203.46127378344536,106.6590576171875,2.5297739505767822,104.12928366661072,104.26732635498047,2.3964011669158936,101.87092518806458,0.34285834431648254,0.6477553248405457,0.3048969805240631,0.38788092136383057,0.6861568689346313,0.2982759475708008,0.3182397484779358,0.6708287000656128,0.352588951587677,0.5830219388008118,0.02650134637951851,0.5565205924212933,0.18638603389263153,0.18638603389263153,57.34379267692566
crack0008_00.png,216.67343988269567,101.79842376708984,0.9732752442359924,100.82514852285385,99.92753601074219,0.8905536532402039,99.03698235750198,0.31417176127433777,0.7598270177841187,0.4456552565097809,0.3562104105949402,0.8060353398323059,0.4498249292373657,0.3935908079147339,0.7818012237548828,0.3882104158401489,0.5761553049087524,0.011453286744654179,0.5647020181640983,0.14815375208854675,0.14815375208854675,55.58175602555275
crack0008_01.png,208.83799045085908,103.50264739990234,1.4174079895019531,102.08523941040039,99.55489349365234,1.2956571578979492,98.2592363357544,0.3003018796443939,0.6719551682472229,0.371653288602829,0.3800647258758545,0.7621810436248779,0.38211631774902344,0.37009304761886597,0.7325454354286194,0.3624523878097534,0.5781122446060181,0.017308726906776428,0.5608035176992416,0.16408318281173706,0.16408318281173706,57.566404700279236
crack0008_02.png,213.67229283154012,108.52063751220703,1.7909214496612549,106.72971606254578,103.86514282226562,1.8081345558166504,102.05700826644897,0.29485398530960083,0.6599241495132446,0.3650701642036438,0.4047026038169861,0.7686061859130859,0.36390358209609985,0.4102533459663391,0.749398410320282,0.33914506435394287,0.577197253704071,0.018246827647089958,0.5589504260569811,0.15786784887313843,0.15786784887313843,60.552430510520935
crack0008_03.png,217.2041802287102,111.63298797607422,2.1927311420440674,109.44025683403015,104.86294555664062,1.7525837421417236,103.1103618144989,0.2755107283592224,0.6637486219406128,0.3882378935813904,0.3129957318305969,0.6459580659866333,0.3329623341560364,0.35077184438705444,0.6471363306045532,0.2963644862174988,0.5850557684898376,0.03149942308664322,0.5535563454031944,0.2196296751499176,0.2196296751499176,63.784446597099304
crack0008_04.png,223.53647615611553,122.54093933105469,2.1179511547088623,120.42298817634583,103.57058715820312,1.6094629764556885,101.96112418174744,0.2677474915981293,0.6361185908317566,0.3683710992336273,0.4548014998435974,0.7234209775924683,0.26861947774887085,0.38881105184555054,0.7078292369842529,0.3190181851387024,0.5750903487205505,0.022226067259907722,0.5528642814606428,0.20230171084403992,0.20230171084403992,69.26820969581604
crack0008_05.png,222.9148717045784,117.54096984863281,4.285679817199707,113.2552900314331,103.9654769897461,2.4096641540527344,101.55581283569336,0.28124478459358215,0.6979098320007324,0.41666504740715027,0.3325369954109192,0.6670260429382324,0.33448904752731323,0.3998705744743347,0.7104318141937256,0.31056123971939087,0.5847212672233582,0.026608996093273163,0.558112271130085,0.13863840699195862,0.13863840699195862,67.42748844623566
crack0008_06.png,229.5788664162159,117.54425811767578,1.6343798637390137,115.90987825393677,101.95077514648438,1.6278916597366333,100.32288348674774,0.26922836899757385,0.6580954790115356,0.3888671100139618,0.2104739546775818,0.7069488167762756,0.49647486209869385,0.3089589476585388,0.699970006942749,0.3910110592842102,0.5899922847747803,0.025705497711896896,0.5642867870628834,0.16472041606903076,0.16472041606903076,67.03530824184418
crack0008_07.png,228.1256203532219,120.35888671875,2.637486457824707,117.7214002609253,108.2934799194336,2.234522819519043,106.05895709991455,0.22851240634918213,0.6861326098442078,0.45762020349502563,0.40231817960739136,0.6287621259689331,0.22644394636154175,0.41893255710601807,0.6262558698654175,0.20732331275939941,0.5867127776145935,0.028881199657917023,0.5578315779566765,0.2001877725124359,0.2001877725124359,71.25595331192017
crack0008_08.png,223.9060923755169,120.48758697509766,1.8234505653381348,118.66413640975952,102.14641571044922,1.6241836547851562,100.52223205566406,0.26000529527664185,0.6624985933303833,0.40249329805374146,0.5210220813751221,0.7894207239151001,0.268398642539978,0.45152217149734497,0.722240149974823,0.270717978477478,0.5770126581192017,0.024571318179368973,0.5524413399398327,0.16731321811676025,0.16731321811676025,68.63570737838745
crack0008_09.png,210.68564566671847,112.05465698242188,4.234669208526611,107.81998777389526,104.60194396972656,2.167935371398926,102.43400859832764,0.2971900701522827,0.6793093681335449,0.3821192979812622,0.4563094973564148,0.6943280696868896,0.23801857233047485,0.45095980167388916,0.7121608257293701,0.26120102405548096,0.5735716819763184,0.02852748893201351,0.5450441930443048,0.1539730280637741,0.1539730280637741,63.256126165390015
crack0009_00.png,215.8757460653782,104.091552734375,3.1713554859161377,100.92019724845886,103.99383544921875,2.1460273265838623,101.84780812263489,0.1990535706281662,0.7040215730667114,0.5049680024385452,0.49669355154037476,0.7938829064369202,0.2971893548965454,0.3192982077598572,0.7705421447753906,0.45124393701553345,0.5847981572151184,0.03651287779211998,0.5482852794229984,0.15424567461013794,0.15424567461013794,65.08016616106033
crack0009_01.png,205.03333262205123,111.13831329345703,4.179651737213135,106.9586615562439,103.76813507080078,2.7993948459625244,100.96874022483826,0.29095950722694397,0.6209631562232971,0.33000364899635315,0.4935986399650574,0.7280429005622864,0.234444260597229,0.3589615225791931,0.6943527460098267,0.33539122343063354,0.5850711464881897,0.037343330681324005,0.5477278158068657,0.23164796829223633,0.23164796829223633,63.60425794124603
crack0009_02.png,212.3452563047409,108.7294921875,4.679622173309326,104.04987001419067,104.4947509765625,3.323427677154541,101.17132329940796,0.22885124385356903,0.6366026997566223,0.4077514559030533,0.4144003987312317,0.7623851299285889,0.3479847311973572,0.2623399496078491,0.7356048822402954,0.4732649326324463,0.5886735916137695,0.05648981034755707,0.5321837812662125,0.1622130274772644,0.1622130274772644,66.5204262137413
crack0009_03.png,223.2994637131691,107.29845428466797,2.4233250617980957,104.87512922286987,106.55701446533203,1.7895526885986328,104.7674617767334,0.20980475842952728,0.6991868019104004,0.4893820434808731,0.3847680687904358,0.7495720982551575,0.3648040294647217,0.29332637786865234,0.7168384790420532,0.4235121011734009,0.5855401754379272,0.016174547374248505,0.5693656280636787,0.18843068182468414,0.18843068182468414,65.69421118497849
crack0009_04.png,213.58512033820153,106.13333129882812,2.4131956100463867,103.72013568878174,102.65104675292969,2.7557272911071777,99.89531946182251,0.20997865498065948,0.6779550909996033,0.4679764360189438,0.4743046760559082,0.7470805048942566,0.2727758288383484,0.355243980884552,0.6987354755401611,0.34349149465560913,0.583406388759613,0.04446366801857948,0.5389427207410336,0.18430732190608978,0.18430732190608978,65.01079970598221
crack0009_05.png,203.68659851551055,105.56964874267578,3.4564902782440186,102.11315846443176,108.1419677734375,2.859018325805664,105.28294944763184,0.25666964054107666,0.6332931518554688,0.3766235113143921,0.5286646485328674,0.7208976149559021,0.19223296642303467,0.376468300819397,0.6898585557937622,0.31339025497436523,0.5857247114181519,0.04469819366931915,0.5410265177488327,0.21499629318714142,0.21499629318714142,62.541879534721375
crack0009_06.png,228.35532371401786,112.76280212402344,2.5159218311309814,110.24688029289246,111.92115783691406,2.2227461338043213,109.69841170310974,0.20480209589004517,0.6869932413101196,0.48219114542007446,0.38345855474472046,0.7290862202644348,0.34562766551971436,0.3188055157661438,0.7017468214035034,0.3829413056373596,0.5944405794143677,0.04872356727719307,0.5457170121371746,0.1847282499074936,0.1847282499074936,69.1288594007492
crack0009_07.png,208.26245140731334,107.09455108642578,5.39345121383667,101.70109987258911,103.63494873046875,3.577012538909912,100.05793619155884,0.21884027123451233,0.624292254447937,0.4054519832134247,0.4886130690574646,0.7866421937942505,0.2980291247367859,0.2985118627548218,0.7128587961196899,0.41434693336486816,0.5849211812019348,0.03039984591305256,0.5545213352888823,0.1509304940700531,0.1509304940700531,66.51043212413788
crack0009_08.png,203.82868347167968,101.26612091064453,2.4344801902770996,98.83164072036743,99.1328125,2.4041619300842285,96.72865056991577,0.2452549785375595,0.6809040904045105,0.435649111866951,0.5059771537780762,0.7397041320800781,0.23372697830200195,0.3706473112106323,0.687676191329956,0.31702888011932373,0.5832948684692383,0.03068050742149353,0.5526143610477448,0.19634543359279633,0.19634543359279633,60.466796576976776
crack0009_09.png,219.06160454154013,111.385498046875,3.5343198776245117,107.85117816925049,110.34403991699219,2.950645923614502,107.39339399337769,0.19734594225883484,0.6141664981842041,0.41682055592536926,0.46641504764556885,0.8066900372505188,0.34027498960494995,0.2832515239715576,0.746890664100647,0.46363914012908936,0.5814878940582275,0.04907727614045143,0.5324106179177761,0.1642390787601471,0.1642390787601471,68.87866818904877
crack0010_00.png,209.81326153874397,96.22027587890625,1.173526406288147,95.0467494726181,106.9631118774414,1.1608649492263794,105.80224692821503,0.40511849522590637,0.7086424827575684,0.303523987531662,0.0769951343536377,0.7295534610748291,0.6525583267211914,0.22621208429336548,0.7581472992897034,0.5319352149963379,0.5847674012184143,0.03323337063193321,0.5515340305864811,0.09764929115772247,0.09764929115772247,47.78048747777939
crack0010_01.png,196.4107886314392,92.84615325927734,3.0363025665283203,89.80985069274902,112.6134033203125,1.6996912956237793,110.91371202468872,0.3957309126853943,0.708523154258728,0.31279224157333374,0.23655205965042114,0.6132091283798218,0.37665706872940063,0.2893788814544678,0.6681489944458008,0.378770112991333,0.5830373167991638,0.029392540454864502,0.5536447763442993,0.10672260820865631,0.10672260820865631,47.51886582374573
crack0010_02.png,207.1040507555008,106.24555206298828,3.526336908340454,102.71921515464783,109.22538757324219,1.9442057609558105,107.28118181228638,0.43072664737701416,0.6629676222801208,0.2322409749031067,0.12410587072372437,0.65068519115448,0.5265793204307556,0.15776562690734863,0.737613320350647,0.5798476934432983,0.5832526087760925,0.037504807114601135,0.5457478016614914,0.09935634583234787,0.09935634583234787,52.37244999408722
crack0010_03.png,207.14374586045741,98.68711853027344,3.9775736331939697,94.70954489707947,108.63681030273438,2.274294376373291,106.36251592636108,0.3814067244529724,0.6599151492118835,0.27850842475891113,0.023680806159973145,0.6437746286392212,0.620093822479248,0.18883883953094482,0.688115119934082,0.4992762804031372,0.583383321762085,0.013264128938317299,0.5701191928237677,0.10766187310218811,0.10766187310218811,51.78327548503876
crack0010_04.png,191.89435850977898,91.82034301757812,2.3242602348327637,89.49608278274536,106.46258544921875,1.9458017349243164,104.51678371429443,0.45617130398750305,0.7159844040870667,0.2598131000995636,0.2696530818939209,0.7020055055618286,0.4323524236679077,0.3058233857154846,0.6815433502197266,0.37571996450424194,0.578877329826355,0.01606689766049385,0.5628104321658611,0.11525531858205795,0.11525531858205795,42.85711658000946
crack0010_05.png,191.674336707592,89.83741760253906,3.3360283374786377,86.50138926506042,110.2112045288086,1.3483154773712158,108.86288905143738,0.40856441855430603,0.6930649280548096,0.28450050950050354,0.25869566202163696,0.6748530864715576,0.41615742444992065,0.27369147539138794,0.777355968952179,0.503664493560791,0.5844060182571411,0.028869666159152985,0.5555363520979881,0.1024579256772995,0.1024579256772995,45.44909858703613
crack0010_06.png,197.6929220199585,92.3751449584961,3.4135401248931885,88.9616048336029,108.05755615234375,1.9179596900939941,106.13959646224976,0.37913599610328674,0.6817042231559753,0.3025682270526886,0.07639485597610474,0.5832511186599731,0.5068562626838684,0.2044847011566162,0.6591108441352844,0.4546261429786682,0.5840522646903992,0.039158016443252563,0.5448942482471466,0.1039733812212944,0.1039733812212944,48.5082733631134
crack0010_07.png,182.12026718854904,72.04316711425781,5.088657855987549,66.95450925827026,107.5130386352539,1.8663774728775024,105.6466611623764,0.4193272888660431,0.7548083662986755,0.33548107743263245,0.0,0.5967863202095032,0.5967863202095032,0.16447335481643677,0.7414990663528442,0.5770257115364075,0.5805574655532837,0.025628603994846344,0.5549288615584373,0.09766608476638794,0.09766608476638794,36.62857377529144
crack0010_08.png,174.91912072896957,81.10603332519531,5.0906853675842285,76.01534795761108,108.80504608154297,2.0087361335754395,106.79630994796753,0.4631779193878174,0.7273101210594177,0.26413220167160034,0.24147045612335205,0.577422022819519,0.335951566696167,0.33375728130340576,0.6541861295700073,0.32042884826660156,0.5849711894989014,0.044555939733982086,0.5404152497649193,0.10851509869098663,0.10851509869098663,38.70653176307678
crack0010_09.png,206.45442843437195,97.00790405273438,2.636108636856079,94.3717954158783,107.1432113647461,1.7555618286132812,105.38764953613281,0.3677109479904175,0.7025788426399231,0.3348678946495056,0.025291919708251953,0.5732418298721313,0.5479499101638794,0.11876296997070312,0.6400914788246155,0.5213285088539124,0.5794501900672913,0.0489465594291687,0.5305036306381226,0.10994493961334229,0.10994493961334229,50.93735706806183
crack0011_00.png,210.1313274294138,110.63933563232422,2.2705233097076416,108.36881232261658,105.18775939941406,2.5503089427948,102.63745045661926,0.2997705638408661,0.6586224436759949,0.3588518798351288,0.4237416982650757,0.6669673919677734,0.24322569370269775,0.40445584058761597,0.6587471961975098,0.2542913556098938,0.5787466168403625,0.02198769710958004,0.5567589197307825,0.23416699469089508,0.23416699469089508,61.61856031417847
crack0011_01.png,204.76834505796432,104.45246887207031,1.3577219247817993,103.09474694728851,103.794921875,1.7087277173995972,102.0861941576004,0.34792810678482056,0.6871489882469177,0.33922088146209717,0.48406362533569336,0.7606675624847412,0.27660393714904785,0.40656906366348267,0.709559440612793,0.3029903769493103,0.5853363871574402,0.019404076039791107,0.5659323111176491,0.19024324417114258,0.19024324417114258,55.44286447763443
crack0011_02.png,225.33604932576418,120.41858673095703,1.1341482400894165,119.28443849086761,104.51513671875,2.2843637466430664,102.23077297210693,0.30537551641464233,0.6943817138671875,0.38900619745254517,0.44017255306243896,0.7308428287506104,0.2906702756881714,0.35775673389434814,0.6448976397514343,0.2871409058570862,0.5740676522254944,0.013767781667411327,0.5602998705580831,0.21566715836524963,0.21566715836524963,65.41654258966446
crack0011_03.png,221.91359563469888,116.19470977783203,2.1116139888763428,114.08309578895569,105.29069519042969,2.544309139251709,102.74638605117798,0.27375879883766174,0.6385354995727539,0.36477670073509216,0.3074881434440613,0.7047839164733887,0.3972957730293274,0.21666717529296875,0.6524481177330017,0.43578094244003296,0.5851403474807739,0.04369088634848595,0.541449461132288,0.19331002235412598,0.19331002235412598,66.13324785232544
crack0011_04.png,238.89742480516435,131.25265502929688,1.8530128002166748,129.3996422290802,105.56939697265625,3.129706621170044,102.4396903514862,0.28654325008392334,0.7127678990364075,0.42622464895248413,0.4570491909980774,0.7714037895202637,0.3143545985221863,0.37241077423095703,0.6617826819419861,0.28937190771102905,0.5846289992332458,0.03838523477315903,0.5462437644600868,0.19496068358421326,0.19496068358421326,72.74539887905121
crack0011_05.png,198.3271289408207,104.37609100341797,1.2082046270370483,103.16788637638092,101.23965454101562,1.6051212549209595,99.63453328609467,0.37842118740081787,0.6584636569023132,0.28004246950149536,0.5324352979660034,0.792567789554596,0.26013249158859253,0.44723230600357056,0.7283554077148438,0.2811231017112732,0.5750672817230225,0.01264898106455803,0.5624183006584644,0.16335754096508026,0.16335754096508026,53.089567840099335
crack0011_06.png,223.53431317210197,120.76615905761719,1.6889855861663818,119.0771734714508,106.194091796875,2.204400062561035,103.98969173431396,0.27256080508232117,0.6682396531105042,0.395678848028183,0.5411986112594604,0.7883505821228027,0.24715197086334229,0.4907267689704895,0.7162735462188721,0.22554677724838257,0.5771933794021606,0.044171471148729324,0.5330219082534313,0.17245766520500183,0.17245766520500183,67.96165919303894
crack0011_07.png,207.47490438520907,106.83606719970703,1.8551350831985474,104.98093211650848,99.80826568603516,2.5727357864379883,97.23552989959717,0.27058592438697815,0.6739372611045837,0.4033513367176056,0.5474188327789307,0.7733399271965027,0.22592109441757202,0.42228156328201294,0.7143154144287109,0.292033851146698,0.5777354836463928,0.020365243777632713,0.5573702398687601,0.19714726507663727,0.19714726507663727,61.21986502408981
crack0011_08.png,215.59711438268423,113.29830169677734,1.2069458961486816,112.09135580062866,103.99053192138672,1.4585371017456055,102.53199481964111,0.3346467912197113,0.6833873987197876,0.3487406075000763,0.46713435649871826,0.7601701617240906,0.2930358052253723,0.43788081407546997,0.719321608543396,0.281440794467926,0.5855401754379272,0.013733179308474064,0.5718069961294532,0.20495091378688812,0.20495091378688812,60.595423340797424
crack0011_09.png,213.09101908504962,108.65542602539062,1.3617591857910156,107.29366683959961,105.83131408691406,1.4952565431594849,104.33605754375458,0.34990623593330383,0.6852689385414124,0.3353627026081085,0.3848465085029602,0.7581779956817627,0.3733314871788025,0.3596045970916748,0.7108870148658752,0.35128241777420044,0.5822914242744446,0.024775085970759392,0.5575163383036852,0.2164498269557953,0.2164498269557953,57.30587542057037
crack0012_00.png,201.07838276028633,112.43507385253906,2.0695884227752686,110.3654854297638,102.94679260253906,2.1853134632110596,100.761479139328,0.33274805545806885,0.5899068713188171,0.2571588158607483,0.49078595638275146,0.7091903686523438,0.21840441226959229,0.4305257797241211,0.6605219841003418,0.2299962043762207,0.586439847946167,0.05895425006747246,0.5274855978786945,0.25187522172927856,0.25187522172927856,60.745041728019714
crack0012_01.png,194.2391478806734,100.64615631103516,0.8851915001869202,99.76096481084824,104.61524963378906,1.0014768838882446,103.61377274990082,0.3124917149543762,0.5643029808998108,0.25181126594543457,0.5374254584312439,0.8014959692955017,0.2640705108642578,0.47324949502944946,0.7622696757316589,0.2890201807022095,0.5827258825302124,0.024602076038718224,0.5581238064914942,0.26358863711357117,0.26358863711357117,55.32520630955696
crack0012_02.png,226.923285728693,108.50030517578125,3.0759189128875732,105.42438626289368,103.12532043457031,2.1360058784484863,100.98931455612183,0.17968794703483582,0.7210596799850464,0.5413717329502106,0.3569357991218567,0.7600877285003662,0.4031519293785095,0.3046380281448364,0.7263480424880981,0.4217100143432617,0.5801306962966919,0.03844675049185753,0.5416839458048344,0.1418209969997406,0.1418209969997406,68.21206307411194
crack0012_03.png,198.86095714867116,96.18401336669922,2.076209545135498,94.10780382156372,101.80287170410156,1.634421706199646,100.16844999790192,0.21173280477523804,0.6401771306991577,0.4284443259239197,0.48315513134002686,0.6890586614608765,0.2059035301208496,0.43449318408966064,0.670081615447998,0.2355884313583374,0.5807420015335083,0.026389850303530693,0.5543521512299776,0.2448882907629013,0.2448882907629013,59.65582323074341
crack0012_04.png,218.60862743556498,110.57471466064453,1.6004745960235596,108.97424006462097,100.73687744140625,1.6890408992767334,99.04783654212952,0.2034761905670166,0.6528439521789551,0.4493677616119385,0.47303372621536255,0.7622535228729248,0.28921979665756226,0.42502695322036743,0.7273571491241455,0.3023301959037781,0.5813879370689392,0.018961938098073006,0.5624259989708662,0.192421555519104,0.192421555519104,67.13454067707062
crack0012_05.png,219.88770479559898,109.68948364257812,3.4679107666015625,106.22157287597656,105.68695831298828,2.754211664199829,102.93274664878845,0.22055289149284363,0.6838095784187317,0.46325668692588806,0.44624149799346924,0.7892165780067444,0.34297508001327515,0.3784131407737732,0.7368287444114685,0.3584156036376953,0.5879623293876648,0.045124951750040054,0.5428373776376247,0.16087327897548676,0.16087327897548676,66.86401689052582
crack0012_06.png,225.6416767179966,106.8327407836914,1.329694390296936,105.50304639339447,104.77655792236328,1.0882585048675537,103.68829941749573,0.22469425201416016,0.7500491142272949,0.5253548622131348,0.45593321323394775,0.8201414942741394,0.36420828104019165,0.3951215147972107,0.7696434855461121,0.37452197074890137,0.5839100480079651,0.03224528953433037,0.5516647584736347,0.15036845207214355,0.15036845207214355,63.955964386463165
crack0012_07.png,234.47905507981778,116.08657836914062,1.674557089805603,114.41202127933502,109.79904174804688,1.42873215675354,108.37030959129333,0.2117646336555481,0.7328178286552429,0.5210531949996948,0.42778855562210083,0.7469497919082642,0.31916123628616333,0.3733134865760803,0.7218633890151978,0.34854990243911743,0.5807228088378906,0.024017686024308205,0.5567051228135824,0.17274045944213867,0.17274045944213867,69.40360206365585
crack0012_08.png,217.60539387464524,117.24867248535156,1.8768996000289917,115.37177288532257,119.31251525878906,1.4477639198303223,117.86475133895874,0.2929683327674866,0.5694019794464111,0.27643364667892456,0.4456191062927246,0.7172266244888306,0.27160751819610596,0.435519814491272,0.694530725479126,0.259010910987854,0.5936793684959412,0.040961168706417084,0.5527181997895241,0.27050256729125977,0.27050256729125977,65.73186081647873
crack0012_09.png,212.48336442112924,109.43423461914062,1.857883334159851,107.57635128498077,103.60757446289062,1.4501311779022217,102.1574432849884,0.23310734331607819,0.618480920791626,0.3853735774755478,0.47368741035461426,0.74201500415802,0.26832759380340576,0.4283866882324219,0.7107887268066406,0.28240203857421875,0.5815340280532837,0.01950788125395775,0.5620261467993259,0.25514987111091614,0.25514987111091614,64.9209794998169
crack0013_00.png,205.92973898053168,82.95258331298828,2.2811546325683594,80.67142868041992,106.32488250732422,0.9189028739929199,105.4059796333313,0.37891241908073425,0.8804484009742737,0.5015359818935394,0.19074422121047974,0.7077153325080872,0.5169711112976074,0.4269866347312927,0.7240402698516846,0.29705363512039185,0.5804613828659058,0.023106496781110764,0.557354886084795,0.10094471275806427,0.10094471275806427,43.100579142570496
crack0013_01.png,198.31571134626864,80.68749237060547,3.6577839851379395,77.02970838546753,109.07560729980469,1.56992769241333,107.50567960739136,0.35282570123672485,0.8496645092964172,0.4968388080596924,0.2599223256111145,0.6725959777832031,0.4126736521720886,0.3834190368652344,0.7262864112854004,0.342867374420166,0.5766435861587524,0.02590157650411129,0.5507420096546412,0.09691870957612991,0.09691870957612991,44.06883955001831
crack0013_02.png,183.2695671349764,71.7972412109375,4.546224117279053,67.25101709365845,102.98883056640625,2.7328505516052246,100.25598001480103,0.4070858061313629,0.8610951900482178,0.45400938391685486,0.22340500354766846,0.6518176794052124,0.42841267585754395,0.38178396224975586,0.6235659122467041,0.24178194999694824,0.5829642415046692,0.02149173431098461,0.5614725071936846,0.10789728909730911,0.10789728909730911,37.06515395641327
crack0013_03.png,220.2274756371975,110.42876434326172,3.868736982345581,106.56002736091614,110.30270385742188,2.20627498626709,108.09642887115479,0.3952717185020447,0.7927542328834534,0.3974825143814087,0.22177422046661377,0.6386306881904602,0.41685646772384644,0.3290783166885376,0.6360363960266113,0.30695807933807373,0.5835986137390137,0.03469819203019142,0.5489004217088223,0.1255423128604889,0.1255423128604889,56.776392102241516
crack0013_04.png,192.37102704644204,75.78308868408203,5.824981689453125,69.9581069946289,105.41458129882812,3.498310089111328,101.9162712097168,0.41497716307640076,0.8605978488922119,0.44562068581581116,0.037010908126831055,0.6459379196166992,0.6089270114898682,0.3343978524208069,0.6662125587463379,0.331814706325531,0.5781506896018982,0.0371587835252285,0.5409919060766697,0.09438194334506989,0.09438194334506989,39.03143298625946
crack0013_05.png,214.81160085201265,102.97181701660156,3.351558208465576,99.62025880813599,109.90067291259766,2.0753583908081055,107.82531452178955,0.41670694947242737,0.8548995852470398,0.4381926357746124,0.28939908742904663,0.6693577766418457,0.3799586892127991,0.38328516483306885,0.683757483959198,0.30047231912612915,0.5833640694618225,0.038177624344825745,0.5451864451169968,0.10202902555465698,0.10202902555465698,51.49383342266083
crack0013_06.png,196.10544169843197,81.45634460449219,5.175105094909668,76.28123950958252,109.68731689453125,1.8154628276824951,107.87185406684875,0.382722944021225,0.8495352864265442,0.4668123424053192,0.18221431970596313,0.604634165763855,0.42241984605789185,0.3484798073768616,0.6861019730567932,0.33762216567993164,0.5881314873695374,0.027289504185318947,0.5608419831842184,0.1129446029663086,0.1129446029663086,43.87760770320892
crack0013_07.png,211.56403940320016,88.55363464355469,1.8639315366744995,86.68970310688019,107.59284973144531,0.9284826517105103,106.6643670797348,0.42301061749458313,0.8777990341186523,0.4547884166240692,0.1300017237663269,0.6971352100372314,0.5671334862709045,0.39575517177581787,0.7293548583984375,0.33359968662261963,0.5875586271286011,0.009054210036993027,0.578504417091608,0.1018623486161232,0.1018623486161232,43.33049112558365
crack0013_08.png,169.67107446193694,91.17127990722656,23.903427124023438,67.26785278320312,111.11046600341797,6.209912300109863,104.9005537033081,0.4090142846107483,0.7419589161872864,0.3329446315765381,0.2509787678718567,0.578763484954834,0.3277847170829773,0.3814131021499634,0.6672612428665161,0.28584814071655273,0.5875317454338074,0.07013072073459625,0.5174010246992111,0.09609287977218628,0.09609287977218628,56.4977662563324
crack0013_09.png,186.8268401414156,77.28861236572266,4.452480792999268,72.83613157272339,106.61378479003906,1.5814542770385742,105.03233051300049,0.4268789291381836,0.8496890664100647,0.4228101372718811,0.22238361835479736,0.6231435537338257,0.4007599353790283,0.3902280926704407,0.6843279600143433,0.2940998673439026,0.5810995697975159,0.028035370633006096,0.5530641991645098,0.10504218190908432,0.10504218190908432,38.50179362297058
crack0014_00.png,227.89346105456352,114.35859680175781,2.8065109252929688,111.55208587646484,107.28495788574219,1.527933955192566,105.75702393054962,0.23875692486763,0.6491434574127197,0.4103865325450897,0.2865089178085327,0.7493758797645569,0.46286696195602417,0.24176889657974243,0.7452890872955322,0.5035201907157898,0.5912495255470276,0.023925412446260452,0.5673241131007671,0.1702074408531189,0.1702074408531189,67.9071193933487
crack0014_01.png,209.4503380060196,109.49911499023438,2.880772829055786,106.61834216117859,103.24799346923828,1.9970862865447998,101.25090718269348,0.30510228872299194,0.6606212854385376,0.35551899671554565,0.4344688653945923,0.7236863374710083,0.289217472076416,0.4253350496292114,0.6969868540763855,0.2716518044471741,0.5812072157859802,0.023171856999397278,0.558035358786583,0.19547829031944275,0.19547829031944275,61.13209521770477
crack0014_02.png,219.70393360555173,113.57413482666016,2.9433414936065674,110.63079333305359,101.91482543945312,1.8522002696990967,100.06262516975403,0.23830585181713104,0.6604732871055603,0.42216743528842926,0.4020657539367676,0.7310996055603027,0.32903385162353516,0.33885180950164795,0.6768500804901123,0.33799827098846436,0.5807843208312988,0.027950787916779518,0.5528335329145193,0.1943245232105255,0.1943245232105255,67.19175988435745
crack0014_03.png,217.69299507141113,113.06272888183594,3.3599138259887695,109.70281505584717,103.55868530273438,2.0534629821777344,101.50522232055664,0.2122933268547058,0.6508409976959229,0.43854767084121704,0.4336284399032593,0.6963142156600952,0.26268577575683594,0.34755492210388184,0.6792485117912292,0.3316935896873474,0.586055338382721,0.04113417863845825,0.5449211597442627,0.20897427201271057,0.20897427201271057,68.91593527793884
crack0014_04.png,223.42815712094307,113.03630828857422,3.302372932434082,109.73393535614014,107.15789794921875,1.769944429397583,105.38795351982117,0.29941919445991516,0.6303861737251282,0.330966979265213,0.1523303985595703,0.7325863838195801,0.5802559852600098,0.09053260087966919,0.7301895022392273,0.6396569013595581,0.5876317024230957,0.041345637291669846,0.5462860651314259,0.1538362205028534,0.1538362205028534,63.70945703983307
crack0014_05.png,213.61033371686935,110.5552749633789,3.4542717933654785,107.10100317001343,104.00326538085938,1.8861606121063232,102.11710476875305,0.2204626500606537,0.6404293775558472,0.4199667274951935,0.42805588245391846,0.6862513422966003,0.2581954598426819,0.3695531487464905,0.7127569913864136,0.3432038426399231,0.5814571380615234,0.03802383691072464,0.5434333011507988,0.19275358319282532,0.19275358319282532,67.03529989719391
crack0014_06.png,225.02458736002444,110.63195037841797,2.1286370754241943,108.50331330299377,102.91519165039062,1.3648320436477661,101.55035960674286,0.2641826570034027,0.6730817556381226,0.40889909863471985,0.24425572156906128,0.7707870006561279,0.5265312790870667,0.25650250911712646,0.7565256953239441,0.5000231862068176,0.5827105045318604,0.029511725530028343,0.553198779001832,0.1463649570941925,0.1463649570941925,63.83775448799133
crack0014_07.png,224.69348671138286,116.54938507080078,2.8526930809020996,113.69669198989868,103.28948211669922,1.5884130001068115,101.70106911659241,0.2645827531814575,0.6598435640335083,0.3952608108520508,0.32803624868392944,0.7346433401107788,0.40660709142684937,0.2939232587814331,0.7285178899765015,0.43459463119506836,0.5862821936607361,0.025501729920506477,0.5607804637402296,0.17890013754367828,0.17890013754367828,67.27736163139343
crack0014_08.png,208.96692111492158,107.80084991455078,2.922504186630249,104.87834572792053,100.01631927490234,1.9810936450958252,98.03522562980652,0.26498857140541077,0.6646867990493774,0.3996982276439667,0.4144850969314575,0.6792498826980591,0.26476478576660156,0.3765154480934143,0.6614763736724854,0.28496092557907104,0.5815263390541077,0.023825451731681824,0.5577008873224258,0.20440971851348877,0.20440971851348877,62.723416328430176
crack0014_09.png,233.4907242000103,124.22438049316406,2.9740283489227295,121.25035214424133,109.32115936279297,1.7256473302841187,107.59551203250885,0.2951364815235138,0.6625887751579285,0.3674522936344147,0.31363826990127563,0.7471538782119751,0.43351560831069946,0.2351299524307251,0.7300044298171997,0.4948744773864746,0.5842329859733582,0.022599000483751297,0.5616339854896069,0.16389895975589752,0.16389895975589752,69.2603349685669
crack0015_00.png,239.96685468554497,125.6720199584961,2.2008652687072754,123.47115468978882,109.51099395751953,1.4927812814712524,108.01821267604828,0.25528791546821594,0.5997081995010376,0.34442028403282166,0.1588384509086609,0.7529079914093018,0.5940695405006409,0.06939101219177246,0.7350292205810547,0.6656382083892822,0.5843252539634705,0.035024989396333694,0.5493002645671368,0.1625521183013916,0.1625521183013916,71.99217784404755
crack0015_01.png,219.15065357685089,118.60260009765625,3.3634238243103027,115.23917627334595,109.32283782958984,2.1438145637512207,107.17902326583862,0.2833207845687866,0.5960912108421326,0.31277042627334595,0.29054689407348633,0.6454856395721436,0.3549387454986572,0.33288973569869995,0.6541382074356079,0.32124847173690796,0.5836678147315979,0.038150712847709656,0.5455171018838882,0.1878308653831482,0.1878308653831482,67.33047747612
crack0015_02.png,224.10727330446244,121.30061340332031,5.156097888946533,116.14451551437378,108.89256286621094,5.694579601287842,103.1979832649231,0.2845287322998047,0.6223270297050476,0.3377982974052429,0.2610008716583252,0.6831161975860596,0.4221153259277344,0.27862006425857544,0.646325945854187,0.3677058815956116,0.590772807598114,0.021395616233348846,0.5693771913647652,0.19222614169120789,0.19222614169120789,69.7875440120697
crack0015_03.png,226.83084014058113,116.16770935058594,2.0251305103302,114.14257884025574,108.1539535522461,1.7551970481872559,106.39875650405884,0.23909394443035126,0.658948540687561,0.4198545962572098,0.3521474599838257,0.7123969793319702,0.36024951934814453,0.33138054609298706,0.6851312518119812,0.35375070571899414,0.5913686752319336,0.03810841962695122,0.5532602556049824,0.17165735363960266,0.17165735363960266,68.40553027391434
crack0015_04.png,229.75056484937667,118.67929077148438,1.3551744222640991,117.32411634922028,105.494384765625,0.8209953308105469,104.67338943481445,0.2904842793941498,0.6180155873298645,0.3275313079357147,0.2229304313659668,0.777869701385498,0.5549392700195312,0.22000688314437866,0.7960084676742554,0.5760015845298767,0.5792080163955688,0.025282584130764008,0.5539254322648048,0.155663400888443,0.155663400888443,65.756496489048
crack0015_05.png,246.76648317575456,132.63746643066406,3.2955915927886963,129.34187483787537,116.05769348144531,2.099630832672119,113.9580626487732,0.2546097934246063,0.69785475730896,0.44324496388435364,0.25400078296661377,0.6263097524642944,0.37230896949768066,0.2736019492149353,0.6317204833030701,0.35811853408813477,0.5879700183868408,0.05073433369398117,0.5372356846928596,0.18564508855342865,0.18564508855342865,76.20874214172363
crack0015_06.png,210.41846659183503,115.15174102783203,5.410242080688477,109.74149894714355,113.48100280761719,5.104770660400391,108.3762321472168,0.2708019018173218,0.6138201951980591,0.3430182933807373,0.3351864814758301,0.5738842487335205,0.23869776725769043,0.2665840983390808,0.601524293422699,0.33494019508361816,0.5850749611854553,0.07664744555950165,0.5084275156259537,0.2047463357448578,0.2047463357448578,67.43587589263916
crack0015_07.png,211.3640643775463,113.22806549072266,1.8564225435256958,111.37164294719696,107.16686248779297,2.2266573905944824,104.94020509719849,0.3055715560913086,0.5734179615974426,0.26784640550613403,0.3467583656311035,0.6982021927833557,0.3514438271522522,0.3531076908111572,0.6533205509185791,0.3002128601074219,0.5849096775054932,0.02163783088326454,0.5632718466222286,0.2306896448135376,0.2306896448135376,62.60433775186539
crack0015_08.png,230.83191633820533,119.51795959472656,2.0577900409698486,117.46016955375671,106.62330627441406,1.811542272567749,104.81176400184631,0.2627013623714447,0.614814817905426,0.3521134555339813,0.2718464136123657,0.7995471954345703,0.5277007818222046,0.2855839729309082,0.7811188697814941,0.49553489685058594,0.5874471068382263,0.0331987701356411,0.5542483367025852,0.1560850590467453,0.1560850590467453,68.52367734909058
crack0015_09.png,236.134322860837,126.92696380615234,1.0903209447860718,125.83664286136627,107.78199768066406,0.8821326494216919,106.89986503124237,0.2990415394306183,0.6339424848556519,0.33490094542503357,0.2955179214477539,0.756200909614563,0.4606829881668091,0.34217578172683716,0.7319999933242798,0.3898242115974426,0.5882698893547058,0.03031141869723797,0.5579584706574678,0.21089133620262146,0.21089133620262146,69.59694558382034
crack0016_00.png,201.08272601664066,106.19703674316406,4.2543230056762695,101.9427137374878,100.19142150878906,3.1031346321105957,97.08828687667847,0.3281136155128479,0.7072173357009888,0.37910372018814087,0.5523116588592529,0.7489957809448242,0.1966841220855713,0.4991205334663391,0.6928012371063232,0.19368070363998413,0.5828642845153809,0.0301384087651968,0.5527258757501841,0.15900637209415436,0.15900637209415436,58.853434324264526
crack0016_01.png,203.05716729164124,103.84687805175781,3.917424440383911,99.9294536113739,103.15786743164062,3.041416645050049,100.11645078659058,0.31971919536590576,0.703476071357727,0.3837568759918213,0.48471641540527344,0.7467992305755615,0.2620828151702881,0.4310958981513977,0.6798129081726074,0.24871701002120972,0.5741791725158691,0.026747405529022217,0.5474317669868469,0.14610785245895386,0.14610785245895386,57.66616642475128
crack0016_02.png,201.71119424700737,105.67167663574219,1.681648850440979,103.99002778530121,101.17851257324219,1.078391671180725,100.10012090206146,0.35924607515335083,0.6732950806617737,0.31404900550842285,0.48082101345062256,0.7234898805618286,0.24266886711120605,0.4688844680786133,0.7205358743667603,0.251651406288147,0.588985025882721,0.01772395148873329,0.5712610743939877,0.21572068333625793,0.21572068333625793,55.68129926919937
crack0016_03.png,209.35264264941216,104.48375701904297,2.0579895973205566,102.42576742172241,106.11563873291016,1.9210819005966187,104.19455683231354,0.30897238850593567,0.7174897193908691,0.40851733088493347,0.4362042546272278,0.7128757238388062,0.27667146921157837,0.40253305435180664,0.6741475462913513,0.2716144919395447,0.5849442481994629,0.0474240668118,0.5375201813876629,0.16205313801765442,0.16205313801765442,58.13029992580414
crack0016_04.png,210.5890453159809,108.56490325927734,2.4507253170013428,106.114177942276,101.08710479736328,1.7791528701782227,99.30795192718506,0.330089271068573,0.7020280957221985,0.3719388246536255,0.40413737297058105,0.7252649068832397,0.3211275339126587,0.3818434476852417,0.7266892194747925,0.3448457717895508,0.5833871364593506,0.029600154608488083,0.5537869818508625,0.14767709374427795,0.14767709374427795,59.03794348239899
crack0016_05.png,212.83595125079154,112.85271453857422,4.196461200714111,108.65625333786011,101.81980895996094,3.0287718772888184,98.79103708267212,0.31575506925582886,0.7243425846099854,0.4085875153541565,0.48686474561691284,0.7404778599739075,0.25361311435699463,0.44874507188796997,0.71860671043396,0.26986163854599,0.5867012739181519,0.04090734198689461,0.5457939319312572,0.13956837356090546,0.13956837356090546,63.04733467102051
crack0016_06.png,289.793940782547,173.04541015625,12.549703598022461,160.49570655822754,180.62142944335938,4.895435333251953,175.72599411010742,0.29058048129081726,0.6349677443504333,0.3443872630596161,0.4181554913520813,0.6559724807739258,0.23781698942184448,0.4387490153312683,0.6644306182861328,0.2256816029548645,0.5897193551063538,0.04111495614051819,0.5486043989658356,0.17489761114120483,0.17489761114120483,98.95150220394135
crack0016_07.png,204.59410924613476,103.5847396850586,2.7777512073516846,100.80698847770691,102.89028930664062,1.5977962017059326,101.29249310493469,0.34091663360595703,0.7248682379722595,0.3839516043663025,0.5175856351852417,0.7603897452354431,0.24280411005020142,0.47623711824417114,0.7380892038345337,0.26185208559036255,0.5851172804832458,0.01407151110470295,0.5710457693785429,0.15230026841163635,0.15230026841163635,56.13093864917755
crack0016_08.png,208.9334938943386,108.40864562988281,2.402764081954956,106.00588154792786,107.03648376464844,1.8372976779937744,105.19918608665466,0.3421664535999298,0.6752773523330688,0.33311089873313904,0.44535601139068604,0.7470570206642151,0.30170100927352905,0.4365071654319763,0.7287229895591736,0.29221582412719727,0.5820799469947815,0.02880430594086647,0.553275641053915,0.16214808821678162,0.16214808821678162,58.158915519714355
crack0016_09.png,204.5508955180645,102.45598602294922,1.4226877689361572,101.03329825401306,101.63957977294922,1.4003324508666992,100.23924732208252,0.3357085585594177,0.7228667736053467,0.38715821504592896,0.5582795143127441,0.8067885041236877,0.2485089898109436,0.5010126233100891,0.740068793296814,0.23905616998672485,0.5794309973716736,0.01670895889401436,0.5627220384776592,0.15242375433444977,0.15242375433444977,54.97406327724457
crack0017_00.png,213.3777715563774,100.18140411376953,1.8628853559494019,98.31851875782013,100.35031127929688,1.169885277748108,99.18042600154877,0.22459609806537628,0.7352168560028076,0.5106207579374313,0.4210484027862549,0.7286015748977661,0.30755317211151123,0.4138834476470947,0.7490747570991516,0.3351913094520569,0.5831218957901001,0.027239523828029633,0.5558823719620705,0.1544521152973175,0.1544521152973175,60.871254682540894
crack0017_01.png,220.3979123622179,105.12401580810547,2.207528591156006,102.91648721694946,100.26460266113281,1.2499457597732544,99.01465690135956,0.24905084073543549,0.7729716897010803,0.5239208489656448,0.41353631019592285,0.7496117353439331,0.33607542514801025,0.38425779342651367,0.7840144038200378,0.39975661039352417,0.5841560959815979,0.021184159442782402,0.5629719365388155,0.12672239542007446,0.12672239542007446,62.088965594768524
crack0017_02.png,197.93976151943207,103.22775268554688,3.268836259841919,99.95891642570496,99.45370483398438,2.50272798538208,96.9509768486023,0.2931041419506073,0.6519250869750977,0.35882094502449036,0.4101805090904236,0.6154642701148987,0.2052837610244751,0.4511013627052307,0.6347025036811829,0.18360114097595215,0.5867666006088257,0.029680892825126648,0.557085707783699,0.22253568470478058,0.22253568470478058,59.132709980010986
crack0017_03.png,207.73640280663966,97.82453918457031,1.629459261894226,96.19507992267609,102.71560668945312,1.0149307250976562,101.70067596435547,0.2868295907974243,0.7204462885856628,0.4336166977882385,0.40366119146347046,0.7482001781463623,0.34453898668289185,0.36737310886383057,0.7577724456787109,0.39039933681488037,0.579861581325531,0.020107651129364967,0.559753930196166,0.14131730794906616,0.14131730794906616,55.71168702840805
crack0017_04.png,207.7321602344513,111.44035339355469,1.8468059301376343,109.59354746341705,101.29168701171875,1.6432926654815674,99.64839434623718,0.34650754928588867,0.6710622906684875,0.3245547413825989,0.4775056838989258,0.7209331393241882,0.24342745542526245,0.49270349740982056,0.6951908469200134,0.20248734951019287,0.5810995697975159,0.016655132174491882,0.564444437623024,0.21408280730247498,0.21408280730247498,59.097109496593475
crack0017_05.png,213.43074440956116,108.96888732910156,3.294964075088501,105.67392325401306,102.33685302734375,3.131427049636841,99.20542597770691,0.219480499625206,0.6647874116897583,0.4453069120645523,0.40312379598617554,0.6735804080963135,0.27045661211013794,0.38215750455856323,0.661324143409729,0.27916663885116577,0.5851979851722717,0.04440215229988098,0.5407958328723907,0.18766558170318604,0.18766558170318604,66.37101513147354
crack0017_06.png,206.73019847869872,106.88143157958984,2.550978899002075,104.33045268058777,105.58060455322266,1.8024399280548096,103.77816462516785,0.2791156470775604,0.6381933689117432,0.35907772183418274,0.38146597146987915,0.6413702964782715,0.25990432500839233,0.4018845558166504,0.660528302192688,0.2586437463760376,0.584006130695343,0.03985390067100525,0.5441522300243378,0.1863136887550354,0.1863136887550354,61.329511642456055
crack0017_07.png,195.05132596492768,98.88453674316406,1.9637892246246338,96.92074751853943,104.12773895263672,1.5619138479232788,102.56582510471344,0.3389398157596588,0.638523519039154,0.29958370327949524,0.39482277631759644,0.6793169379234314,0.28449416160583496,0.38630425930023193,0.6736404895782471,0.28733623027801514,0.5782006978988647,0.03425605595111847,0.5439446419477463,0.23061805963516235,0.23061805963516235,53.21580195426941
crack0017_08.png,200.9027469933033,108.36602020263672,4.690176486968994,103.67584371566772,101.30973052978516,3.005017042160034,98.30471348762512,0.2913704216480255,0.6487600803375244,0.3573896586894989,0.41397517919540405,0.6012542247772217,0.18727904558181763,0.42907023429870605,0.6530710458755493,0.22400081157684326,0.5836370587348938,0.03806997463107109,0.5455670841038227,0.2113173007965088,0.2113173007965088,62.39135539531708
crack0017_09.png,234.53568558692933,129.37193298339844,7.585948467254639,121.7859845161438,140.55654907226562,8.537847518920898,132.01870155334473,0.1952090859413147,0.5822640061378479,0.3870549201965332,0.41640543937683105,0.6046919226646423,0.18828648328781128,0.39014631509780884,0.581933856010437,0.19178754091262817,0.5910265445709229,0.05486735701560974,0.5361591875553131,0.24188439548015594,0.24188439548015594,80.40745735168457
crack0018_00.png,197.25826580524443,91.3127212524414,3.809479236602783,87.50324201583862,109.9363021850586,2.552715539932251,107.38358664512634,0.3015541434288025,0.7032559514045715,0.40170180797576904,0.3179149627685547,0.6523980498313904,0.3344830870628357,0.3458019495010376,0.6625082492828369,0.3167062997817993,0.5768396854400635,0.044686660170555115,0.5321530252695084,0.14619851112365723,0.14619851112365723,52.541439056396484
crack0018_01.png,217.92655382752417,98.50035095214844,2.0749294757843018,96.42542147636414,104.90861511230469,1.5773146152496338,103.33130049705505,0.24030056595802307,0.7798973321914673,0.5395967662334442,0.37823188304901123,0.7551798224449158,0.37694793939590454,0.4564385414123535,0.7613686919212341,0.3049301505088806,0.5865244269371033,0.03845059499144554,0.5480738319456577,0.12442351132631302,0.12442351132631302,59.330583333969116
crack0018_02.png,211.5182619512081,102.99019622802734,2.838599443435669,100.15159678459167,111.38861083984375,2.236147880554199,109.15246295928955,0.25856778025627136,0.6764717698097229,0.41790398955345154,0.33113962411880493,0.650076687335968,0.3189370632171631,0.3860960006713867,0.678816556930542,0.2927205562591553,0.5816954970359802,0.0437985397875309,0.5378969572484493,0.19186043739318848,0.19186043739318848,60.668150901794434
crack0018_03.png,221.8440698236227,94.89881896972656,1.8006961345672607,93.0981228351593,104.97724914550781,1.5669920444488525,103.41025710105896,0.2108318954706192,0.7953973412513733,0.5845654457807541,0.29192113876342773,0.7396854758262634,0.4477643370628357,0.3990525007247925,0.7326521277427673,0.33359962701797485,0.583502471446991,0.015851596370339394,0.5676508750766516,0.1261560022830963,0.1261560022830963,59.0399426817894
crack0018_04.png,218.50863035172225,94.94290924072266,1.189897060394287,93.75301218032837,105.92254638671875,1.5019937753677368,104.42055261135101,0.23352700471878052,0.768980860710144,0.5354538559913635,0.3851048946380615,0.8151296973228455,0.43002480268478394,0.4440441131591797,0.7792869806289673,0.3352428674697876,0.5826720595359802,0.00891964603215456,0.5737524135038257,0.12395729869604111,0.12395729869604111,57.36166524887085
crack0018_05.png,208.96032764911652,95.68965911865234,2.323467493057251,93.36619162559509,108.2034912109375,1.9898383617401123,106.21365284919739,0.26787832379341125,0.6738681793212891,0.4059898555278778,0.2067490816116333,0.6718518733978271,0.46510279178619385,0.3682774305343628,0.7067203521728516,0.33844292163848877,0.5849058032035828,0.03427143394947052,0.5506343692541122,0.13639995455741882,0.13639995455741882,56.33009600639343
crack0018_06.png,198.56666857004166,92.8440933227539,2.8018345832824707,90.04225873947144,103.18289184570312,1.6666390895843506,101.51625275611877,0.30313900113105774,0.7379032373428345,0.43476423621177673,0.42715704441070557,0.716998815536499,0.28984177112579346,0.47371917963027954,0.7228597402572632,0.24914056062698364,0.5795232653617859,0.04094579070806503,0.5385774746537209,0.1395157277584076,0.1395157277584076,52.81555449962616
crack0018_07.png,207.101992829144,91.18258666992188,2.937227964401245,88.24535870552063,104.55387878417969,2.0230021476745605,102.53087663650513,0.2195059061050415,0.7448975443840027,0.5253916382789612,0.3801605701446533,0.7042194604873657,0.3240588903427124,0.42660290002822876,0.7314355373382568,0.3048326373100281,0.5817762613296509,0.010511341504752636,0.5712649198248982,0.1337127387523651,0.1337127387523651,57.160603404045105
crack0018_08.png,206.06749482750894,98.35254669189453,3.136544942855835,95.2160017490387,108.31665802001953,2.3626694679260254,105.9539885520935,0.2451486587524414,0.6920385956764221,0.4468899369239807,0.36179816722869873,0.6355289220809937,0.2737307548522949,0.4088450074195862,0.6475428342819214,0.2386978268623352,0.5885390043258667,0.04430219158530235,0.5442368127405643,0.18085625767707825,0.18085625767707825,59.57718646526337
crack0018_09.png,210.0518667012453,97.54480743408203,1.9340875148773193,95.61071991920471,108.04814147949219,1.4577784538269043,106.59036302566528,0.29144084453582764,0.753584086894989,0.4621432423591614,0.41693711280822754,0.7196172475814819,0.3026801347732544,0.4693969488143921,0.7126545906066895,0.24325764179229736,0.5857362747192383,0.01757785491645336,0.5681584198027849,0.18280339241027832,0.18280339241027832,55.68244779109955
crack0019_00.png,207.18291026353836,105.34666442871094,3.190580129623413,102.15608429908752,111.64338684082031,3.1754860877990723,108.46790075302124,0.27042263746261597,0.6517102122306824,0.3812875747680664,0.4508535861968994,0.6732224225997925,0.22236883640289307,0.40719419717788696,0.623393177986145,0.21619898080825806,0.5904498100280762,0.03440215438604355,0.5560476556420326,0.19028222560882568,0.19028222560882568,61.661256432533264
crack0019_01.png,194.29750609993934,101.65929412841797,5.226448059082031,96.43284606933594,99.80091094970703,3.9639172554016113,95.83699369430542,0.3429481089115143,0.6553475260734558,0.31239941716194153,0.3673030138015747,0.6805892586708069,0.3132862448692322,0.4009336233139038,0.6693873405456543,0.2684537172317505,0.5833525657653809,0.03319108113646507,0.5501614846289158,0.15745767951011658,0.15745767951011658,56.20008718967438
crack0019_02.png,215.57059981673956,109.93921661376953,1.0745052099227905,108.86471140384674,108.56143188476562,1.1067707538604736,107.45466113090515,0.4028780162334442,0.6778572201728821,0.27497920393943787,0.28648847341537476,0.7493884563446045,0.46289998292922974,0.340758740901947,0.7197883725166321,0.37902963161468506,0.5902114510536194,0.009969242848455906,0.5802422082051635,0.17946380376815796,0.17946380376815796,54.94263797998428
crack0019_03.png,200.09046280682088,93.96748352050781,2.7036163806915283,91.26386713981628,103.19784545898438,2.484297275543213,100.71354818344116,0.30705830454826355,0.6646870970726013,0.35762879252433777,0.2992907166481018,0.7383891344070435,0.43909841775894165,0.3674793839454651,0.6926361322402954,0.3251567482948303,0.5859131217002869,0.026739714667201042,0.5591734070330858,0.15950024127960205,0.15950024127960205,53.34857654571533
crack0019_04.png,207.1846652150154,96.1846694946289,8.501163482666016,87.68350601196289,108.60595703125,5.862349987030029,102.74360704421997,0.21231421828269958,0.6744354367256165,0.46212121844291687,0.24210882186889648,0.738843560218811,0.49673473834991455,0.3093588948249817,0.7140070199966431,0.4046481251716614,0.5826720595359802,0.043556325137615204,0.539115734398365,0.15188774466514587,0.15188774466514587,62.910945773124695
crack0019_05.png,210.39033846259116,91.99091339111328,1.7015349864959717,90.28937840461731,108.8935317993164,1.3033733367919922,107.59015846252441,0.34233221411705017,0.6957806944847107,0.3534484803676605,0.17544996738433838,0.8226802349090576,0.6472302675247192,0.1729934811592102,0.7808260917663574,0.6078326106071472,0.5875893831253052,0.015094194561243057,0.5724951885640621,0.13174039125442505,0.13174039125442505,49.80986666679382
crack0019_06.png,222.46153255701066,119.28573608398438,3.7070436477661133,115.57869243621826,110.66309356689453,2.236428737640381,108.42666482925415,0.26522427797317505,0.6588919162750244,0.39366763830184937,0.4323442578315735,0.687515377998352,0.25517112016677856,0.3885672092437744,0.7114624977111816,0.3228952884674072,0.5954248309135437,0.05012687295675278,0.5452979579567909,0.15945516526699066,0.15945516526699066,69.39992642402649
crack0019_07.png,209.78070359826089,99.49861907958984,5.308974742889404,94.18964433670044,105.17538452148438,3.972198247909546,101.20318627357483,0.3031216263771057,0.6889065504074097,0.38578492403030396,0.0971214771270752,0.6712701320648193,0.5741486549377441,0.229508638381958,0.6426208019256592,0.41311216354370117,0.5795655250549316,0.04753940925002098,0.5320261158049107,0.14532892405986786,0.14532892405986786,57.39912033081055
crack0019_08.png,206.27676914930345,105.52062225341797,2.6795055866241455,102.84111666679382,104.95269775390625,2.0621185302734375,102.89057922363281,0.3991456627845764,0.6656134128570557,0.26646775007247925,0.2548465132713318,0.7192310094833374,0.4643844962120056,0.3432151675224304,0.6876741647720337,0.34445899724960327,0.5839715600013733,0.0243060365319252,0.5596655234694481,0.19391176104545593,0.19391176104545593,53.510186553001404
crack0019_09.png,213.07675589621067,97.96583557128906,1.4291861057281494,96.53664946556091,103.90403747558594,1.413959264755249,102.49007821083069,0.35915622115135193,0.6739112138748169,0.31475499272346497,0.08568412065505981,0.7793434858322144,0.6936593651771545,0.2406570315361023,0.7408353090286255,0.5001782774925232,0.5900192260742188,0.024586698040366173,0.5654325280338526,0.15869075059890747,0.15869075059890747,51.74890661239624
crack0020_00.png,197.92997160553932,92.40155792236328,3.0013043880462646,89.40025353431702,104.89453125,2.5318567752838135,102.36267447471619,0.23781874775886536,0.6722165942192078,0.4343978464603424,0.3760896921157837,0.6521543264389038,0.2760646343231201,0.4258643388748169,0.6684092283248901,0.24254488945007324,0.5838254690170288,0.03906958922743797,0.5447558797895908,0.20758336782455444,0.20758336782455444,56.785325050354004
crack0020_01.png,192.76623318195342,94.81566619873047,5.117667198181152,89.69799900054932,106.31343841552734,3.62545108795166,102.68798732757568,0.21456493437290192,0.5910930633544922,0.37652812898159027,0.4020411968231201,0.6546432971954346,0.25260210037231445,0.3990609645843506,0.6652710437774658,0.26621007919311523,0.5810611248016357,0.03689350187778473,0.544167622923851,0.22322764992713928,0.22322764992713928,60.335215628147125
crack0020_02.png,189.22582736313342,94.96019744873047,2.9745428562164307,91.98565459251404,103.16032409667969,2.5007314682006836,100.659592628479,0.2170429825782776,0.5397027730941772,0.32265979051589966,0.5433343648910522,0.7721924781799316,0.2288581132888794,0.43735426664352417,0.732660174369812,0.29530590772628784,0.579254150390625,0.02902345173060894,0.5502306986600161,0.21587076783180237,0.21587076783180237,59.114957213401794
crack0020_03.png,199.9096269249916,99.90677642822266,3.2573366165161133,96.64943981170654,105.79190063476562,2.9227538108825684,102.86914682388306,0.2125345915555954,0.5854954123497009,0.37296082079410553,0.3585458993911743,0.6131845116615295,0.2546386122703552,0.347309947013855,0.6148571968078613,0.26754724979400635,0.580176830291748,0.02792387455701828,0.5522529557347298,0.24486911296844482,0.24486911296844482,62.03705424070358
crack0020_04.png,194.85909221768378,97.3838119506836,2.4317593574523926,94.9520525932312,102.29655456542969,2.587524890899658,99.70902967453003,0.2675149142742157,0.6209402680397034,0.35342535376548767,0.4372539520263672,0.6757986545562744,0.23854470252990723,0.33597785234451294,0.6455525159835815,0.3095746636390686,0.5867819786071777,0.03159169480204582,0.5551902838051319,0.21628917753696442,0.21628917753696442,57.32816994190216
crack0020_05.png,199.9810848891735,95.51787567138672,3.2038276195526123,92.3140480518341,105.52239990234375,2.939786434173584,102.58261346817017,0.20100177824497223,0.5873103737831116,0.38630859553813934,0.3924793601036072,0.73412024974823,0.3416408896446228,0.37251800298690796,0.7240802049636841,0.3515622019767761,0.5807228088378906,0.029131103307008743,0.5515917055308819,0.1650812327861786,0.1650812327861786,60.52965730428696
crack0020_06.png,202.19172058105468,97.36308288574219,1.9969561100006104,95.36612677574158,107.71585083007812,2.284872055053711,105.43097877502441,0.21767231822013855,0.6162869930267334,0.39861467480659485,0.44002455472946167,0.7223894000053406,0.2823648452758789,0.4044402241706848,0.6831433176994324,0.27870309352874756,0.5804805755615234,0.04374471306800842,0.536735862493515,0.2192775011062622,0.2192775011062622,59.83890342712402
crack0020_07.png,186.78499128818513,86.1377182006836,2.201622486114502,83.93609571456909,102.907958984375,2.4991536140441895,100.40880537033081,0.21183040738105774,0.5806464552879333,0.3688160479068756,0.4011886715888977,0.6758543252944946,0.2746656537055969,0.3513332009315491,0.6579358577728271,0.3066026568412781,0.5825605392456055,0.027723953127861023,0.5548365861177444,0.2295682430267334,0.2295682430267334,54.7622674703598
crack0020_08.png,187.67443994283676,84.95027160644531,1.7513408660888672,83.19893074035645,102.33128356933594,1.487715482711792,100.84356808662415,0.24820396304130554,0.6096554398536682,0.36145147681236267,0.3800758123397827,0.6881104707717896,0.30803465843200684,0.3610634207725525,0.6783333420753479,0.3172699213027954,0.5824721455574036,0.009957708418369293,0.5725144371390343,0.22429610788822174,0.22429610788822174,51.7574542760849
crack0020_09.png,193.76926413178444,94.9216537475586,2.0088789463043213,92.91277480125427,104.76419067382812,1.8225667476654053,102.94162392616272,0.2630910575389862,0.5783528089523315,0.31526175141334534,0.38047969341278076,0.6890648603439331,0.30858516693115234,0.3698526620864868,0.6861487627029419,0.3162961006164551,0.584801971912384,0.03191464766860008,0.552887324243784,0.24879249930381775,0.24879249930381775,56.07188177108765
crack0021_00.png,205.72206405997275,92.34405517578125,2.7742578983306885,89.56979727745056,98.95661926269531,2.14628267288208,96.81033658981323,0.3449905514717102,0.7369038462638855,0.3919132947921753,0.05822819471359253,0.6575943231582642,0.5993661284446716,0.2021273374557495,0.6466610431671143,0.44453370571136475,0.5819684863090515,0.029457900673151016,0.5525105856359005,0.13109058141708374,0.13109058141708374,50.13846290111542
crack0021_01.png,244.41804925203323,117.63835144042969,4.198066711425781,113.4402847290039,107.81513977050781,2.8447201251983643,104.97041964530945,0.22917532920837402,0.7928718328475952,0.5636965036392212,0.09650760889053345,0.665838360786438,0.5693307518959045,0.19676148891448975,0.685346245765686,0.4885847568511963,0.5807074308395386,0.052691273391246796,0.5280161574482918,0.0970100611448288,0.0970100611448288,70.39598655700684
crack0021_02.png,231.3638408243656,110.66564178466797,2.6556296348571777,108.01001214981079,111.3572998046875,1.9037281274795532,109.45357167720795,0.2721858620643616,0.724698543548584,0.4525126814842224,0.11135280132293701,0.651992678642273,0.5406398773193359,0.257099986076355,0.6449700593948364,0.38787007331848145,0.5885890126228333,0.04494425281882286,0.5436447598040104,0.13712643086910248,0.13712643086910248,63.87304449081421
crack0021_03.png,233.49076967537403,102.2284164428711,1.9857410192489624,100.24267542362213,109.87742614746094,1.2457828521728516,108.63164329528809,0.21619737148284912,0.8275864124298096,0.6113890409469604,0.2473980188369751,0.7096365690231323,0.4622385501861572,0.25216561555862427,0.6960806250572205,0.4439150094985962,0.5846520662307739,0.024782774969935417,0.5598692912608385,0.11184997856616974,0.11184997856616974,62.52131909132004
crack0021_04.png,223.5983597934246,103.90699768066406,3.9784557819366455,99.92854189872742,105.65560913085938,2.0494089126586914,103.60620021820068,0.2819352447986603,0.772994339466095,0.4910590946674347,0.15679335594177246,0.6839995384216309,0.5272061824798584,0.1574995517730713,0.7071218490600586,0.5496222972869873,0.5846558809280396,0.03829680755734444,0.5463590733706951,0.11026939749717712,0.11026939749717712,60.41284728050232
crack0021_05.png,215.01870859861373,96.12305450439453,5.362998008728027,90.7600564956665,102.7763671875,1.6775181293487549,101.09884905815125,0.32356590032577515,0.8315742611885071,0.5080083608627319,0.044992029666900635,0.5857449173927307,0.5407528877258301,0.2024480104446411,0.6748111248016357,0.47236311435699463,0.5819915533065796,0.04328335076570511,0.5387082025408745,0.10660408437252045,0.10660408437252045,54.608734369277954
crack0021_06.png,213.39540466666222,98.26055908203125,4.4043169021606445,93.8562421798706,101.00003051757812,2.0927278995513916,98.90730261802673,0.31626853346824646,0.7781423926353455,0.461873859167099,0.17631256580352783,0.7009097337722778,0.52459716796875,0.3184158205986023,0.7038185596466064,0.38540273904800415,0.574636697769165,0.023575548082590103,0.5510611496865749,0.11679533123970032,0.11679533123970032,55.34179389476776
crack0021_07.png,223.00897013247013,102.51073455810547,3.735872268676758,98.77486228942871,104.52433776855469,1.773108720779419,102.75122904777527,0.26108109951019287,0.7904838919639587,0.5294027924537659,0.18885821104049683,0.6442638635635376,0.45540565252304077,0.25922340154647827,0.6827510595321655,0.42352765798568726,0.5818646550178528,0.01773548685014248,0.5641291681677103,0.1144898533821106,0.1144898533821106,60.73302364349365
crack0021_08.png,229.26681976914406,108.40997314453125,4.234487056732178,104.17548608779907,103.07357788085938,2.315260410308838,100.75831747055054,0.30076631903648376,0.7690021991729736,0.46823588013648987,0.0,0.6469308137893677,0.6469308137893677,0.15107882022857666,0.6602498292922974,0.5091710090637207,0.5786582231521606,0.04236062988638878,0.5362975932657719,0.13537797331809998,0.13537797331809998,61.422579884529114
crack0021_09.png,240.3424740642309,107.27979278564453,3.6273317337036133,103.65246105194092,113.80850219726562,1.6025781631469727,112.20592403411865,0.23319748044013977,0.8101750016212463,0.5769775211811066,0.07204407453536987,0.6425188779830933,0.5704748034477234,0.060941219329833984,0.6853786706924438,0.6244374513626099,0.5895693898200989,0.0188081506639719,0.570761239156127,0.10912487655878067,0.10912487655878067,65.04448902606964
crack0022_00.png,229.33629373013974,76.0711669921875,1.8953180313110352,74.17584896087646,118.42436218261719,1.1867119073867798,117.23765027523041,0.07843662798404694,0.8022032380104065,0.7237666100263596,0.0,0.6861333250999451,0.6861333250999451,0.0,0.7540537714958191,0.7540537714958191,0.5813225507736206,0.00835447944700718,0.5729680713266134,0.09779324382543564,0.09779324382543564,57.529946863651276
crack0022_01.png,222.5791652560234,80.54621887207031,6.575456619262695,73.97076225280762,127.36114501953125,3.1455955505371094,124.21554946899414,0.09835221618413925,0.7986239194869995,0.7002717033028603,0.0,0.5585242509841919,0.5585242509841919,0.0,0.651853084564209,0.651853084564209,0.5804190635681152,0.06643214076757431,0.5139869228005409,0.09776483476161957,0.09776483476161957,60.87646731734276
crack0022_02.png,246.9740221172571,86.30804443359375,1.8043417930603027,84.50370264053345,127.50218200683594,1.3670521974563599,126.13512980937958,0.0958498865365982,0.8542623519897461,0.7584124654531479,0.0,0.728848934173584,0.728848934173584,0.0,0.7712022662162781,0.7712022662162781,0.5829142928123474,0.028181469067931175,0.5547328237444162,0.0901244580745697,0.0901244580745697,61.62177163362503
crack0022_03.png,236.7283681243658,76.67003631591797,2.200427770614624,74.46960854530334,130.6700439453125,1.3574283123016357,129.31261563301086,0.09181927144527435,0.8515475392341614,0.759728267788887,0.0,0.6785345077514648,0.6785345077514648,0.0,0.7203735113143921,0.7203735113143921,0.5821914672851562,0.016839677467942238,0.565351789817214,0.09369558840990067,0.09369558840990067,57.213734447956085
crack0022_04.png,213.5458763360977,66.85198974609375,2.8348710536956787,64.01711869239807,118.78713989257812,1.834617018699646,116.95252287387848,0.09770135581493378,0.8046652674674988,0.706963911652565,0.0,0.6033279895782471,0.6033279895782471,0.0,0.6874015927314758,0.6874015927314758,0.5772087574005127,0.02577085793018341,0.5514378994703293,0.1068890243768692,0.1068890243768692,52.069699347019196
crack0022_05.png,219.92226214408873,75.86669158935547,4.610430717468262,71.2562608718872,121.893798828125,2.133786916732788,119.76001191139221,0.10904444009065628,0.8095411062240601,0.7004966661334038,0.0,0.5609439611434937,0.5609439611434937,0.0,0.7151114344596863,0.7151114344596863,0.5881122350692749,0.030999615788459778,0.5571126192808151,0.09852537512779236,0.09852537512779236,57.220384150743484
crack0022_06.png,246.16976264715194,95.4390869140625,3.943103790283203,91.4959831237793,118.85710144042969,1.3163137435913086,117.54078769683838,0.11274249851703644,0.8584261536598206,0.7456836551427841,0.0,0.6253710985183716,0.6253710985183716,0.0,0.7721996903419495,0.7721996903419495,0.5879238843917847,0.013225682079792023,0.5746982023119926,0.08986804634332657,0.08986804634332657,66.44350081682205
crack0022_07.png,248.04593074321747,101.86296081542969,4.223367214202881,97.6395936012268,114.74871826171875,1.9458855390548706,112.80283272266388,0.09941206872463226,0.8221069574356079,0.7226948887109756,0.0,0.6288971900939941,0.6288971900939941,0.0,0.7093295454978943,0.7093295454978943,0.5868781208992004,0.029034987092018127,0.5578431338071823,0.09941942989826202,0.09941942989826202,70.55356472730637
crack0022_08.png,237.02251454889773,87.6975326538086,5.305845737457275,82.39168691635132,126.67669677734375,2.41970157623291,124.25699520111084,0.08585413545370102,0.811631977558136,0.725777842104435,0.0,0.6121987104415894,0.6121987104415894,0.0,0.6853801012039185,0.6853801012039185,0.5866589546203613,0.027212610468268394,0.5594463441520929,0.10054288059473038,0.10054288059473038,64.81679925322533
crack0022_09.png,230.82671548873185,77.57999420166016,2.978935480117798,74.60105872154236,123.17056274414062,1.7724155187606812,121.39814722537994,0.09154598414897919,0.8346982598304749,0.7431522756814957,0.0,0.6357437372207642,0.6357437372207642,0.0,0.6819683313369751,0.6819683313369751,0.5815762877464294,0.011964629404246807,0.5696116583421826,0.10233398526906967,0.10233398526906967,58.049757301807404
crack0023_00.png,261.04390739500525,120.58055114746094,4.669490337371826,115.91106081008911,121.54176330566406,2.8191144466400146,118.72264885902405,0.13684554398059845,0.8103814721107483,0.6735359281301498,0.1632809042930603,0.6902948617935181,0.5270139575004578,0.33725690841674805,0.6934301257133484,0.35617321729660034,0.589000403881073,0.021991541609168053,0.567008862271905,0.10234898328781128,0.10234898328781128,77.9743042588234
crack0023_01.png,256.68996188640597,120.59734344482422,2.550328016281128,118.04701542854309,113.1847915649414,1.8530620336532593,111.33172953128815,0.24064089357852936,0.8068150877952576,0.5661741942167282,0.0,0.6532876491546631,0.6532876491546631,0.2183588743209839,0.6822617053985596,0.4639028310775757,0.58833909034729,0.021218761801719666,0.5671203285455704,0.11272838711738586,0.11272838711738586,70.66894572973251
crack0023_02.png,216.67558302879334,98.53515625,2.53216290473938,96.00299334526062,107.68611907958984,1.82501220703125,105.8611068725586,0.34108150005340576,0.6985361576080322,0.35745465755462646,0.0,0.6869121789932251,0.6869121789932251,0.18157637119293213,0.6901549696922302,0.5085785984992981,0.5857362747192383,0.029354095458984375,0.5563821792602539,0.15962162613868713,0.15962162613868713,53.498220562934875
crack0023_03.png,252.18238331973552,114.34204864501953,2.162429094314575,112.17961955070496,108.93959045410156,1.129002332687378,107.81058812141418,0.26655080914497375,0.8426656126976013,0.5761148035526276,0.0,0.7060811519622803,0.7060811519622803,0.30006229877471924,0.7167823314666748,0.41672003269195557,0.5845751762390137,0.020922722294926643,0.563652453944087,0.11624127626419067,0.11624127626419067,65.64219737052917
crack0023_04.png,262.0644577741623,121.52978515625,2.32023549079895,119.20954966545105,111.67501831054688,1.4476897716522217,110.22732853889465,0.22620874643325806,0.8228024840354919,0.5965937376022339,0.011745989322662354,0.7226598262786865,0.7109138369560242,0.29129916429519653,0.7272801995277405,0.43598103523254395,0.5822799205780029,0.01728181540966034,0.5649981051683426,0.11426049470901489,0.11426049470901489,71.64368236064911
crack0023_05.png,260.01723414957524,118.75558471679688,1.700012445449829,117.05557227134705,108.02019500732422,1.2013335227966309,106.81886148452759,0.1796436458826065,0.7885148525238037,0.6088712066411972,0.0763784646987915,0.7876877784729004,0.7113093137741089,0.24559372663497925,0.7838459014892578,0.5382521748542786,0.586055338382721,0.009254133328795433,0.5768012050539255,0.10278402268886566,0.10278402268886566,72.8913933634758
crack0023_06.png,237.8097172021866,107.2389144897461,5.060883045196533,102.17803144454956,111.69491577148438,3.0329246520996094,108.66199111938477,0.20607849955558777,0.782888650894165,0.5768101513385773,0.0,0.6029740571975708,0.6029740571975708,0.22119325399398804,0.6459689140319824,0.4247756600379944,0.5824798345565796,0.03490196168422699,0.5475778728723526,0.10755792260169983,0.10755792260169983,67.08438217639923
crack0023_07.png,251.89446334987878,113.79856872558594,3.303480625152588,110.49508810043335,111.47164916992188,1.6781805753707886,109.79346859455109,0.22447970509529114,0.822045087814331,0.5975653827190399,0.0,0.6678282022476196,0.6678282022476196,0.19002968072891235,0.7041550874710083,0.514125406742096,0.5856478214263916,0.011557093821465969,0.5740907276049256,0.10235977917909622,0.10235977917909622,68.50815522670746
crack0023_08.png,241.5499816596508,116.42919921875,1.4966793060302734,114.93251991271973,109.51228332519531,1.4163099527359009,108.09597337245941,0.2784680724143982,0.7575162053108215,0.47904813289642334,0.2102820873260498,0.7788002490997314,0.5685181617736816,0.31588315963745117,0.7153539061546326,0.3994707465171814,0.5824106335639954,0.024548251181840897,0.5578623823821545,0.13949650526046753,0.13949650526046753,65.55128026008606
crack0023_09.png,255.6307449489832,119.47023010253906,1.952924370765686,117.51730573177338,109.22081756591797,1.1324589252471924,108.08835864067078,0.25822770595550537,0.8314846158027649,0.5732569098472595,0.0,0.6611748337745667,0.6611748337745667,0.2303633689880371,0.7396302819252014,0.5092669129371643,0.5849596261978149,0.020695885643363,0.5642637405544519,0.11315422505140305,0.11315422505140305,68.61629992723465
crack0024_00.png,262.75125543773174,139.66954040527344,3.8024301528930664,135.86711025238037,121.86930847167969,2.611579418182373,119.25772905349731,0.24833834171295166,0.6783781051635742,0.43003976345062256,0.0,0.5534721612930298,0.5534721612930298,0.04353296756744385,0.6297509670257568,0.586217999458313,0.589504063129425,0.0235294122248888,0.5659746509045362,0.13291366398334503,0.13291366398334503,80.41584730148315
crack0024_01.png,248.14342319369317,122.00664520263672,2.6992170810699463,119.30742812156677,132.14401245117188,1.7044939994812012,130.43951845169067,0.3182623088359833,0.6842585206031799,0.36599621176719666,0.0,0.6135241985321045,0.6135241985321045,0.0,0.7079492807388306,0.7079492807388306,0.5916185975074768,0.020630527287721634,0.5709880702197552,0.11948484182357788,0.11948484182357788,66.92193651199341
crack0024_02.png,239.0535000681877,116.22509765625,4.6206955909729,111.6044020652771,112.94155883789062,3.0369162559509277,109.9046425819397,0.24024279415607452,0.6932418346405029,0.4529990404844284,0.0,0.6029092073440552,0.6029092073440552,0.0,0.6739776730537415,0.6739776730537415,0.592153012752533,0.013879276812076569,0.5782737359404564,0.13093602657318115,0.13093602657318115,69.6944494843483
crack0024_03.png,264.9825660914183,135.88888549804688,2.0521459579467773,133.8367395401001,117.45620727539062,1.422316312789917,116.03389096260071,0.18350300192832947,0.6358861923217773,0.4523831903934479,0.0,0.6253858208656311,0.6253858208656311,0.0,0.7607144713401794,0.7607144713401794,0.5973279476165771,0.009173395112156868,0.5881545525044203,0.11186271160840988,0.11186271160840988,81.85345351696014
crack0024_04.png,292.5053562760353,157.33767700195312,6.837100505828857,150.50057649612427,165.11215209960938,3.0564393997192383,162.05571269989014,0.21664080023765564,0.622877836227417,0.40623703598976135,0.0,0.5585530996322632,0.5585530996322632,0.0,0.6712073087692261,0.6712073087692261,0.5883814096450806,0.02984621375799179,0.5585351958870888,0.125923290848732,0.125923290848732,92.62419712543488
crack0024_05.png,254.01557933986186,130.31163024902344,1.9924814701080322,128.3191487789154,124.15847778320312,2.478869676589966,121.67960810661316,0.2845909893512726,0.6429435014724731,0.35835251212120056,0.0,0.6422007083892822,0.6422007083892822,0.0,0.6634691953659058,0.6634691953659058,0.5928488969802856,0.026139946654438972,0.5667089503258467,0.1307234913110733,0.1307234913110733,72.7905523777008
crack0024_06.png,248.9412678062916,121.78784942626953,2.1665351390838623,119.62131428718567,118.85237121582031,1.7457873821258545,117.10658383369446,0.24161456525325775,0.6779745221138,0.4363599568605423,0.0,0.6278674602508545,0.6278674602508545,0.1508864164352417,0.6839990615844727,0.533112645149231,0.5851057171821594,0.02376009151339531,0.5613456256687641,0.15798741579055786,0.15798741579055786,70.88454705476761
crack0024_07.png,256.1281365841627,133.90394592285156,2.4594976902008057,131.44444823265076,115.29633331298828,1.833744764328003,113.46258854866028,0.2399485558271408,0.6494669914245605,0.40951843559741974,0.0,0.5967743396759033,0.5967743396759033,0.11391502618789673,0.6544351577758789,0.5405201315879822,0.5865897536277771,0.0199346411973238,0.5666551124304533,0.15042062103748322,0.15042062103748322,77.24839860200882
crack0024_08.png,327.343918389082,177.31321716308594,1.7453563213348389,175.5678608417511,170.58926391601562,1.4960225820541382,169.0932413339615,0.2056128978729248,0.6615688800811768,0.45595598220825195,0.0,0.6138561964035034,0.6138561964035034,0.0784909725189209,0.6771224737167358,0.5986315011978149,0.5931257009506226,0.015424836426973343,0.5777008645236492,0.15024936199188232,0.15024936199188232,100.9175409078598
crack0024_09.png,250.4616950571537,132.6936492919922,4.2354655265808105,128.45818376541138,125.03421783447266,2.3332316875457764,122.70098614692688,0.2789698541164398,0.6425427198410034,0.3635728657245636,0.0,0.5494154691696167,0.5494154691696167,0.002909064292907715,0.6100473403930664,0.6071382761001587,0.5862129926681519,0.03969627246260643,0.5465167202055454,0.1682913899421692,0.1682913899421692,75.17488586902618
crack0025_00.png,223.87823070883752,121.27576446533203,1.7473876476287842,119.52837681770325,113.77825927734375,2.203052043914795,111.57520723342896,0.3127690851688385,0.6095284819602966,0.29675939679145813,0.3479912281036377,0.7024993896484375,0.3545081615447998,0.32369667291641235,0.6507111191749573,0.3270144462585449,0.582918107509613,0.0379507876932621,0.5449673198163509,0.19321534037590027,0.19321534037590027,66.06215524673462
crack0025_01.png,211.46951362788678,110.14814758300781,1.902126669883728,108.24602091312408,105.9596176147461,1.6182202100753784,104.34139740467072,0.31942513585090637,0.659838855266571,0.3404137194156647,0.41998547315597534,0.7170849442481995,0.2970994710922241,0.44416284561157227,0.7039081454277039,0.2597452998161316,0.5870242118835449,0.02777777798473835,0.5592464338988066,0.17178452014923096,0.17178452014923096,60.340597450733185
crack0025_02.png,218.11020704954862,113.76150512695312,1.854029655456543,111.90747547149658,112.82723236083984,1.6696652173995972,111.15756714344025,0.2937134802341461,0.6154313087463379,0.3217178285121918,0.3826097846031189,0.7026705741882324,0.3200607895851135,0.3278711438179016,0.6981390714645386,0.37026792764663696,0.5929834842681885,0.012987312860786915,0.5799961714074016,0.2132054567337036,0.2132054567337036,63.904297947883606
crack0025_03.png,213.87786598056556,114.58384704589844,2.0731427669525146,112.51070427894592,105.47047424316406,2.0724592208862305,103.39801502227783,0.3098227083683014,0.6195585131645203,0.30973580479621887,0.3552578091621399,0.673170804977417,0.3179129958152771,0.350727379322052,0.6397832632064819,0.28905588388442993,0.5780199766159058,0.015205689705908298,0.5628142869099975,0.2183837890625,0.2183837890625,62.85993146896362
crack0025_04.png,197.61621450185777,114.40679931640625,2.4189467430114746,111.98785257339478,107.81632995605469,3.181736707687378,104.63459324836731,0.3867149353027344,0.5473958253860474,0.160680890083313,0.4561537504196167,0.6755064725875854,0.21935272216796875,0.39644110202789307,0.6266298294067383,0.23018872737884521,0.5812418460845947,0.027593232691287994,0.5536486133933067,0.24001821875572205,0.24001821875572205,58.45965075492859
crack0025_05.png,231.08888342678546,115.62120819091797,1.5390057563781738,114.0822024345398,113.33795166015625,1.5123783349990845,111.82557332515717,0.209367573261261,0.6695573329925537,0.4601897597312927,0.4591476321220398,0.7835724949836731,0.3244248628616333,0.41114288568496704,0.7525565028190613,0.34141361713409424,0.5849096775054932,0.022802768275141716,0.5621069092303514,0.16336816549301147,0.16336816549301147,69.41443967819214
crack0025_06.png,231.71699064970016,116.10733795166016,1.429397463798523,114.67794048786163,120.17476654052734,1.2143830060958862,118.96038353443146,0.22860868275165558,0.6815363168716431,0.4529276341199875,0.4594513773918152,0.7181115746498108,0.2586601972579956,0.40156257152557373,0.6956356763839722,0.29407310485839844,0.5886543393135071,0.01679738610982895,0.5718569532036781,0.20559129118919373,0.20559129118919373,68.59802031517029
crack0025_07.png,195.8917142137885,98.50666046142578,1.605600357055664,96.90106010437012,104.95799255371094,1.623565435409546,103.33442711830139,0.35586386919021606,0.6481581926345825,0.29229432344436646,0.4453515410423279,0.7302165031433105,0.28486496210098267,0.43976956605911255,0.6906465291976929,0.2508769631385803,0.5842329859733582,0.012264513410627842,0.5719684725627303,0.19939856231212616,0.19939856231212616,52.073617696762085
crack0025_08.png,198.86760118603706,106.78299713134766,2.0753655433654785,104.70763158798218,106.94003295898438,2.0446712970733643,104.89536166191101,0.37931352853775024,0.6068732142448425,0.22755968570709229,0.4545590877532959,0.7533857822418213,0.2988266944885254,0.44515830278396606,0.6990222930908203,0.25386399030685425,0.5833563804626465,0.032256823033094406,0.5510995574295521,0.19730620086193085,0.19730620086193085,55.00462484359741
crack0025_09.png,220.5810966849327,120.63327026367188,1.7777998447418213,118.85547041893005,102.28501892089844,2.069129467010498,100.21588945388794,0.2891075909137726,0.642214834690094,0.3531072437763214,0.48307812213897705,0.7772533297538757,0.2941752076148987,0.34505021572113037,0.7406798601150513,0.3956296443939209,0.5786312818527222,0.03803921490907669,0.5405920669436455,0.15856242179870605,0.15856242179870605,67.00433087348938
crack0026_00.png,234.88149951696397,95.59646606445312,4.32609748840332,91.2703685760498,121.9803466796875,2.2455544471740723,119.73479223251343,0.1625632345676422,0.7811625003814697,0.6185992658138275,0.0,0.590514600276947,0.590514600276947,0.0,0.6543061137199402,0.6543061137199402,0.5869011878967285,0.021683968603610992,0.5652172192931175,0.10572037100791931,0.10572037100791931,63.68353521823883
crack0026_01.png,230.05435243844985,91.13728332519531,2.7595956325531006,88.37768769264221,121.06396484375,2.2609760761260986,118.8029887676239,0.181400865316391,0.7736803889274597,0.5922795236110687,0.0,0.6012961864471436,0.6012961864471436,0.0,0.7240347862243652,0.7240347862243652,0.589419424533844,0.02138792723417282,0.5680314972996712,0.10066191852092743,0.10066191852092743,59.64116454124451
crack0026_02.png,221.06858692765235,80.7981948852539,4.5981855392456055,76.2000093460083,121.5423583984375,1.9709683656692505,119.57139003276825,0.1514820158481598,0.7763503789901733,0.6248683631420135,0.0,0.611896276473999,0.611896276473999,0.0,0.7064158320426941,0.7064158320426941,0.5917108654975891,0.027343329042196274,0.5643675364553928,0.10061944276094437,0.10061944276094437,57.27770388126373
crack0026_03.png,236.85223688185215,96.36175537109375,4.377301216125488,91.98445415496826,121.62574768066406,1.8024682998657227,119.82327938079834,0.14194710552692413,0.7550461888313293,0.6130990833044052,0.0,0.6376634836196899,0.6376634836196899,0.0,0.7059801816940308,0.7059801816940308,0.58942711353302,0.029826989397406578,0.5596001241356134,0.09839978814125061,0.09839978814125061,65.42978650331497
crack0026_04.png,213.79017416238784,71.85174560546875,4.054716110229492,67.79702949523926,116.94941711425781,2.03012752532959,114.91928958892822,0.15054064989089966,0.7662450075149536,0.615704357624054,0.0,0.6937483549118042,0.6937483549118042,0.0,0.7622910737991333,0.7622910737991333,0.5961899161338806,0.0207112655043602,0.5754786506295204,0.09744466841220856,0.09744466841220856,52.768388509750366
crack0026_05.png,221.33498019576072,82.55768585205078,4.137792110443115,78.41989374160767,116.0743408203125,2.0297136306762695,114.04462718963623,0.16978944838047028,0.8185244798660278,0.6487350314855576,0.0,0.5824771523475647,0.5824771523475647,0.0,0.6839150190353394,0.6839150190353394,0.585171103477478,0.03268742933869362,0.5524836741387844,0.10009300708770752,0.10009300708770752,56.56721621751785
crack0026_06.png,252.03892994523048,118.8885498046875,2.8318185806274414,116.05673122406006,119.75089263916016,1.5985398292541504,118.152352809906,0.23168396949768066,0.7480213046073914,0.5163373351097107,0.0,0.6153990626335144,0.6153990626335144,0.0,0.7146848440170288,0.7146848440170288,0.5868473649024963,0.016889657825231552,0.5699577070772648,0.09782159328460693,0.09782159328460693,70.43304061889648
crack0026_07.png,218.43133223950863,82.69037628173828,5.7085065841674805,76.9818696975708,121.89959716796875,2.326853036880493,119.57274413108826,0.14613759517669678,0.7591251730918884,0.6129875779151917,0.0,0.5523347854614258,0.5523347854614258,0.0,0.673080563545227,0.673080563545227,0.5836024880409241,0.02140330709517002,0.562199180945754,0.1127258762717247,0.1127258762717247,58.77528524398804
crack0026_08.png,199.91471287608147,66.90409851074219,5.504449844360352,61.399648666381836,123.8178939819336,2.4954731464385986,121.322420835495,0.1470416933298111,0.7410115003585815,0.5939698070287704,0.0,0.5171414613723755,0.5171414613723755,0.0,0.6688939929008484,0.6688939929008484,0.5821684002876282,0.03759707883000374,0.5445713214576244,0.09711403399705887,0.09711403399705887,50.66850858926773
crack0026_09.png,212.05142966508865,65.22200775146484,1.8931961059570312,63.32881164550781,127.80864715576172,2.8888986110687256,124.919748544693,0.15577703714370728,0.7723777294158936,0.6166006922721863,0.0,0.6842094659805298,0.6842094659805298,0.0,0.7194696664810181,0.7194696664810181,0.586558997631073,0.03510188311338425,0.5514571145176888,0.09416142106056213,0.09416142106056213,47.67333960533142
crack0027_00.png,223.60127660632133,117.79426574707031,6.435933589935303,111.35833215713501,105.0487060546875,3.0127103328704834,102.03599572181702,0.3541232943534851,0.7612230181694031,0.40709972381591797,0.2510964870452881,0.6822493076324463,0.4311528205871582,0.3707456588745117,0.6518912315368652,0.2811455726623535,0.5779430866241455,0.03758170083165169,0.5403613857924938,0.14353108406066895,0.14353108406066895,63.98542547225952
crack0027_01.png,226.4828016936779,113.39677429199219,1.9719091653823853,111.4248651266098,102.51936340332031,1.5207536220550537,100.99860978126526,0.29648929834365845,0.736413836479187,0.43992453813552856,0.35214245319366455,0.7696284055709839,0.41748595237731934,0.413418173789978,0.7045721411705017,0.2911539673805237,0.5809650421142578,0.011837754398584366,0.5691272877156734,0.13811570405960083,0.13811570405960083,63.13358551263809
crack0027_02.png,193.75643719285728,94.5252685546875,2.0996248722076416,92.42564368247986,102.36013793945312,1.7064507007598877,100.65368723869324,0.37930306792259216,0.7124647498130798,0.33316168189048767,0.42657679319381714,0.7220767736434937,0.2954999804496765,0.44483643770217896,0.6738013029098511,0.22896486520767212,0.5770049691200256,0.012095347978174686,0.564909621141851,0.19102506339550018,0.19102506339550018,48.634461402893066
crack0027_03.png,246.59870949983596,114.78925323486328,2.4922971725463867,112.2969560623169,107.29588317871094,2.415764570236206,104.88011860847473,0.2556883692741394,0.8743892312049866,0.6187008619308472,0.24581480026245117,0.7662099599838257,0.5203951597213745,0.4328138828277588,0.7402874827384949,0.3074735999107361,0.5775393843650818,0.026593618094921112,0.5509457662701607,0.10246765613555908,0.10246765613555908,66.40104842185974
crack0027_04.png,238.3252094388008,119.5279541015625,3.492013692855835,116.03594040870667,107.18315124511719,1.569756269454956,105.61339497566223,0.24426884949207306,0.8204230666160583,0.5761542171239853,0.3886997699737549,0.7003726363182068,0.3116728663444519,0.43856239318847656,0.6934847831726074,0.25492238998413086,0.5826297402381897,0.04551326483488083,0.5371164754033089,0.14276111125946045,0.14276111125946045,70.15904253721237
crack0027_05.png,226.77813154459,114.70635986328125,3.2611145973205566,111.4452452659607,102.37429809570312,2.191526412963867,100.18277168273926,0.34671828150749207,0.8163127899169922,0.4695945084095001,0.34133100509643555,0.7447628974914551,0.40343189239501953,0.4479867219924927,0.7258136868476868,0.2778269648551941,0.5726643800735474,0.03379084914922714,0.5388735309243202,0.10731207579374313,0.10731207579374313,61.087215542793274
crack0027_06.png,223.53345053792,109.83995056152344,3.360507011413574,106.47944355010986,103.47925567626953,2.859074354171753,100.62018132209778,0.30198508501052856,0.8506718277931213,0.5486867427825928,0.4321148991584778,0.7248551845550537,0.2927402853965759,0.48197561502456665,0.6771608591079712,0.19518524408340454,0.5720184445381165,0.04198385402560234,0.5300345905125141,0.1259549856185913,0.1259549856185913,61.36186146736145
crack0027_07.png,227.03044441640378,106.97146606445312,1.6648164987564087,105.30664956569672,104.37803649902344,1.438638687133789,102.93939781188965,0.29952263832092285,0.7997475862503052,0.5002249479293823,0.3133222460746765,0.7653429508209229,0.45202070474624634,0.3801434636116028,0.7093862295150757,0.3292427659034729,0.5777508616447449,0.01652056910097599,0.5612302925437689,0.1290547251701355,0.1290547251701355,59.45681744813919
crack0027_08.png,226.44956876039504,114.82839965820312,2.6563448905944824,112.17205476760864,103.31755828857422,1.7508723735809326,101.56668591499329,0.3214268386363983,0.774588942527771,0.4531621038913727,0.35284554958343506,0.7440207004547119,0.39117515087127686,0.4233677387237549,0.7140306234359741,0.29066288471221924,0.5795232653617859,0.03575163334608078,0.5437716320157051,0.1270390748977661,0.1270390748977661,62.63769257068634
crack0027_09.png,192.015974599123,103.62644958496094,2.9900171756744385,100.6364324092865,101.7817611694336,2.6806282997131348,99.10113286972046,0.3697332441806793,0.6294830441474915,0.25974979996681213,0.4469377398490906,0.6893813610076904,0.24244362115859985,0.4529532790184021,0.6432664394378662,0.1903131604194641,0.5774932503700256,0.045959245413541794,0.5315340049564838,0.22728751599788666,0.22728751599788666,54.223968744277954
crack0028_00.png,200.67092425078152,91.67737579345703,3.083218812942505,88.59415698051453,98.17256164550781,2.0126845836639404,96.15987706184387,0.5100897550582886,0.8030326962471008,0.29294294118881226,0.0483701229095459,0.7386754751205444,0.6903053522109985,0.33636587858200073,0.6682436466217041,0.33187776803970337,0.579073429107666,0.01494425255805254,0.5641291765496135,0.11024355888366699,0.11024355888366699,39.937849164009094
crack0028_01.png,208.92208242118357,96.99911499023438,3.9609408378601074,93.03817415237427,102.99755096435547,1.8436331748962402,101.15391778945923,0.4377460479736328,0.7773815393447876,0.3396354913711548,0.0,0.6585097908973694,0.6585097908973694,0.07492506504058838,0.7040749788284302,0.6291499137878418,0.5722798705101013,0.024502115324139595,0.5477777551859617,0.10156865417957306,0.10156865417957306,47.106459856033325
crack0028_02.png,216.10784319341184,99.08158874511719,2.0694892406463623,97.01209950447083,102.84033203125,1.4989603757858276,101.34137165546417,0.48703405261039734,0.816265344619751,0.32923129200935364,0.0,0.7471397519111633,0.7471397519111633,0.2839115858078003,0.6853158473968506,0.4014042615890503,0.5791349411010742,0.0207574013620615,0.5583775397390127,0.11559105664491653,0.11559105664491653,44.5188934803009
crack0028_03.png,220.00241614580153,99.14276885986328,3.546092987060547,95.59667587280273,105.34266662597656,1.6613330841064453,103.68133354187012,0.4230108857154846,0.8036165833473206,0.38060569763183594,0.0,0.7548407912254333,0.7548407912254333,0.23055744171142578,0.7081370949745178,0.47757965326309204,0.5819069743156433,0.02462898939847946,0.5572779849171638,0.11039721220731735,0.11039721220731735,49.24005675315857
crack0028_04.png,215.78192971646786,98.2511215209961,1.7804628610610962,96.470658659935,100.67066192626953,2.309105396270752,98.36155652999878,0.4966265559196472,0.84247225522995,0.34584569931030273,0.0,0.7405736446380615,0.7405736446380615,0.21765810251235962,0.657630980014801,0.4399728775024414,0.5814609527587891,0.014559784904122353,0.5669011678546667,0.10411306470632553,0.10411306470632553,43.476636946201324
crack0028_05.png,222.53247219920158,100.88174438476562,2.050060749053955,98.83168363571167,103.06942749023438,1.250320315361023,101.81910717487335,0.44422492384910583,0.7986639738082886,0.35443904995918274,0.0,0.8126938939094543,0.8126938939094543,0.1957884430885315,0.7869161367416382,0.5911276936531067,0.5773202776908875,0.024563629180192947,0.5527566485106945,0.09631698578596115,0.09631698578596115,47.90521824359894
crack0028_06.png,213.38654764592647,96.8434066772461,1.913177490234375,94.93022918701172,98.90385437011719,1.7380526065826416,97.16580176353455,0.5264788866043091,0.8165408968925476,0.2900620102882385,0.0,0.8508754372596741,0.8508754372596741,0.20512795448303223,0.7669392824172974,0.5618113279342651,0.5710380673408508,0.012287581339478493,0.5587504860013723,0.10669681429862976,0.10669681429862976,40.63108158111572
crack0028_07.png,229.45873027741908,105.53467559814453,4.74346923828125,100.79120635986328,105.91545104980469,2.1246631145477295,103.79078793525696,0.3503345549106598,0.7996108531951904,0.44927629828453064,0.0,0.7315194606781006,0.7315194606781006,0.12309926748275757,0.7435358166694641,0.6204365491867065,0.5795732140541077,0.030865052714943886,0.5487081613391638,0.09564971923828125,0.09564971923828125,57.30192768573761
crack0028_08.png,214.58068197667598,105.13694763183594,5.543425559997559,99.59352207183838,105.32113647460938,1.9600491523742676,103.36108732223511,0.43892180919647217,0.7797760963439941,0.340854287147522,0.08513498306274414,0.7007113695144653,0.6155763864517212,0.2852363586425781,0.6868354082107544,0.40159904956817627,0.5697539448738098,0.025970781221985817,0.543783163651824,0.1146741434931755,0.1146741434931755,51.79503583908081
crack0028_09.png,215.96869979798794,97.81388854980469,2.5934057235717773,95.22048282623291,102.01927185058594,1.0126054286956787,101.00666642189026,0.46452784538269043,0.8104478120803833,0.34591996669769287,0.0,0.7507242560386658,0.7507242560386658,0.19526809453964233,0.7517993450164795,0.5565312504768372,0.5845559239387512,0.018481353297829628,0.5660745706409216,0.12011030316352844,0.12011030316352844,45.714213371276855
crack0029_00.png,220.18378560841083,109.79544830322266,1.8062684535980225,107.98917984962463,111.71531677246094,1.5042552947998047,110.21106147766113,0.29938456416130066,0.6703968048095703,0.37101224064826965,0.3170241117477417,0.7178003191947937,0.400776207447052,0.30943232774734497,0.6772593259811401,0.36782699823379517,0.5840522646903992,0.02409842424094677,0.5599538404494524,0.19730636477470398,0.19730636477470398,61.19987511634827
crack0029_01.png,201.04776275753974,100.24256896972656,3.0686564445495605,97.173912525177,101.96412658691406,2.383068323135376,99.58105826377869,0.2886475622653961,0.6230811476707458,0.33443358540534973,0.2930768132209778,0.6723964214324951,0.37931960821151733,0.2843664884567261,0.6570369005203247,0.37267041206359863,0.5785390138626099,0.025690119713544846,0.552848894149065,0.2465083748102188,0.2465083748102188,57.47831952571869
crack0029_02.png,227.6989670842886,99.97279357910156,1.865229606628418,98.10756397247314,105.214599609375,1.546093463897705,103.6685061454773,0.1902845799922943,0.660605251789093,0.4703206717967987,0.0,0.7053921818733215,0.7053921818733215,0.0,0.6913483738899231,0.6913483738899231,0.5800999402999878,0.023033449426293373,0.5570664908736944,0.20594516396522522,0.20594516396522522,62.70593440532684
crack0029_03.png,209.4746483206749,102.61976623535156,1.5402717590332031,101.07949447631836,101.4937973022461,1.3730838298797607,100.12071347236633,0.3688357174396515,0.6437214612960815,0.27488574385643005,0.14968740940093994,0.7510059475898743,0.6013185381889343,0.23470979928970337,0.7027744054794312,0.4680646061897278,0.5806112885475159,0.02302960306406021,0.5575816854834557,0.199369877576828,0.199369877576828,53.17432749271393
crack0029_04.png,220.82744686603547,105.7235336303711,3.421881914138794,102.3016517162323,111.27522277832031,2.470162868499756,108.80505990982056,0.2136441022157669,0.672558069229126,0.45891396701335907,0.24765264987945557,0.6623238325119019,0.4146711826324463,0.18751001358032227,0.6719669103622437,0.4844568967819214,0.5866858959197998,0.04409073293209076,0.542595162987709,0.1947961002588272,0.1947961002588272,65.22149747610092
crack0029_05.png,200.051057690382,100.53080749511719,2.5524356365203857,97.9783718585968,103.98572540283203,1.6773134469985962,102.30841195583344,0.31307581067085266,0.656045138835907,0.3429693281650543,0.4174019694328308,0.7084739208221436,0.29107195138931274,0.40075618028640747,0.6943717002868652,0.29361552000045776,0.5861130356788635,0.03439061716198921,0.5517224185168743,0.21188408136367798,0.21188408136367798,56.20159435272217
crack0029_06.png,222.6096808344126,106.04407501220703,2.32854962348938,103.71552538871765,106.69269561767578,1.549330234527588,105.1433653831482,0.253339022397995,0.6508901715278625,0.39755114912986755,0.12248581647872925,0.6922906637191772,0.569804847240448,0.12168657779693604,0.7348545789718628,0.6131680011749268,0.5845136642456055,0.028500577434897423,0.556013086810708,0.15635430812835693,0.15635430812835693,62.366517543792725
crack0029_07.png,208.6035658121109,92.8810806274414,1.7518500089645386,91.12923061847687,109.19413757324219,1.5138084888458252,107.68032908439636,0.2104504406452179,0.6491333246231079,0.43868288397789,0.3344718813896179,0.7467383146286011,0.41226643323898315,0.2699729800224304,0.7135659456253052,0.44359296560287476,0.5887004733085632,0.01827758550643921,0.570422887802124,0.19056645035743713,0.19056645035743713,58.23745781183243
crack0029_08.png,211.07718015909194,106.5829086303711,1.5528579950332642,105.03005063533783,103.26274108886719,1.41138756275177,101.85135352611542,0.26709064841270447,0.6141454577445984,0.3470548093318939,0.35218358039855957,0.7158597707748413,0.36367619037628174,0.2651525139808655,0.691900908946991,0.4267483949661255,0.585478663444519,0.010599769651889801,0.5748788937926292,0.23122218251228333,0.23122218251228333,61.46159094572067
crack0029_09.png,215.4391793757677,96.3382568359375,2.8550333976745605,93.48322343826294,105.69583892822266,2.014026641845703,103.68181228637695,0.20356996357440948,0.6895075440406799,0.48593758046627045,0.23452067375183105,0.7191784381866455,0.48465776443481445,0.15793335437774658,0.7043468952178955,0.5464135408401489,0.5832410454750061,0.027693195268511772,0.5555478502064943,0.17071771621704102,0.17071771621704102,60.712089121341705
crack0030_00.png,307.8770032852888,184.5977783203125,2.0998713970184326,182.49790692329407,116.64435577392578,1.6787898540496826,114.9655659198761,0.1794993132352829,0.6950345039367676,0.5155351907014847,0.28138279914855957,0.682196855545044,0.4008140563964844,0.2890360355377197,0.6926072835922241,0.4035712480545044,0.5761476159095764,0.023210303857922554,0.5529373120516539,0.12978169322013855,0.12978169322013855,105.62477070093155
crack0030_01.png,319.56709576249125,184.3985595703125,3.510985851287842,180.88757371902466,124.99449157714844,2.3395895957946777,122.65490198135376,0.18744513392448425,0.6632024645805359,0.47575733065605164,0.0,0.7202776670455933,0.7202776670455933,0.0,0.708317756652832,0.708317756652832,0.5868435502052307,0.018196847289800644,0.5686467029154301,0.12323646992444992,0.12323646992444992,106.18180668354034
crack0030_02.png,336.6214776992798,195.14511108398438,4.098520755767822,191.04659032821655,129.62969970703125,2.4683146476745605,127.16138505935669,0.12566350400447845,0.7044309377670288,0.5787674337625504,0.0,0.6672284603118896,0.6672284603118896,0.0,0.6953616738319397,0.6953616738319397,0.5828027725219727,0.0398077666759491,0.5429950058460236,0.11551937460899353,0.11551937460899353,115.3941165804863
crack0030_03.png,311.65201090574266,184.6644287109375,2.7541584968566895,181.9102702140808,115.24908447265625,1.9772858619689941,113.27179861068726,0.20145370066165924,0.6618573665618896,0.4604036659002304,0.10013186931610107,0.7479047775268555,0.6477729082107544,0.2564573287963867,0.7440669536590576,0.4876096248626709,0.5750519037246704,0.03280661255121231,0.5422452911734581,0.1327868402004242,0.1327868402004242,104.62414771318436
crack0030_04.png,328.289862921834,192.30555725097656,1.9452922344207764,190.3602650165558,121.53071594238281,1.3300930261611938,120.20062291622162,0.24262988567352295,0.7076475024223328,0.4650176167488098,0.0,0.7518347501754761,0.7518347501754761,0.07796120643615723,0.771942675113678,0.6939814686775208,0.5803229808807373,0.015959246084094048,0.5643637347966433,0.10515876114368439,0.10515876114368439,105.78055083751678
crack0030_05.png,332.8566435009241,196.6251678466797,1.9938139915466309,194.63135385513306,121.73881530761719,1.339524269104004,120.39929103851318,0.2122877985239029,0.6860931515693665,0.47380535304546356,0.0,0.7493381500244141,0.7493381500244141,0.03883707523345947,0.7478961944580078,0.7090591192245483,0.5835486054420471,0.028858130797743797,0.5546904746443033,0.12229064106941223,0.12229064106941223,109.91416722536087
crack0030_06.png,314.86465487778185,176.93338012695312,2.2901611328125,174.64321899414062,130.3706817626953,2.0269734859466553,128.34370827674866,0.16740134358406067,0.663571834564209,0.4961704909801483,0.003531932830810547,0.6745508313179016,0.6710188984870911,0.0,0.66225266456604,0.66225266456604,0.5877431631088257,0.029004229232668877,0.5587389338761568,0.12786975502967834,0.12786975502967834,103.0774165391922
crack0030_07.png,307.1321401551366,178.1953125,2.2881062030792236,175.90720629692078,114.62132263183594,1.6746608018875122,112.94666182994843,0.20831146836280823,0.6811479330062866,0.4728364646434784,0.05259096622467041,0.6888629198074341,0.6362719535827637,0.2592902183532715,0.7159380316734314,0.4566478133201599,0.5834679007530212,0.01425605546683073,0.5692118452861905,0.13400495052337646,0.13400495052337646,101.08173727989197
crack0030_08.png,330.4290877819061,202.03053283691406,3.318441152572632,198.71209168434143,127.8055419921875,2.538344144821167,125.26719784736633,0.16199035942554474,0.6957289576530457,0.5337385982275009,0.2730012536048889,0.6856616139411926,0.4126603603363037,0.15946578979492188,0.664821982383728,0.5053561925888062,0.5849096775054932,0.024794310331344604,0.5601153671741486,0.12979012727737427,0.12979012727737427,116.35145252943039
crack0030_09.png,306.41290099322794,178.9193878173828,4.02712345123291,174.8922643661499,115.59651184082031,1.6594423055648804,113.93706953525543,0.2193811535835266,0.6718962788581848,0.4525151252746582,0.0,0.6836419105529785,0.6836419105529785,0.13224422931671143,0.7161508798599243,0.5839066505432129,0.5861168503761292,0.026143791154026985,0.5599730592221022,0.14239126443862915,0.14239126443862915,101.75506043434143
crack0031_00.png,213.87950966358184,101.18877410888672,1.6887613534927368,99.50001275539398,104.84878540039062,1.5818301439285278,103.2669552564621,0.2529813051223755,0.6518197655677795,0.39883846044540405,0.20178377628326416,0.672704815864563,0.47092103958129883,0.1990126371383667,0.6616920232772827,0.462679386138916,0.584967315196991,0.026747405529022217,0.5582199096679688,0.2508903443813324,0.2508903443813324,59.65858203172684
crack0031_01.png,190.1069262832403,82.05033874511719,3.4163129329681396,78.63402581214905,102.9795913696289,2.5884618759155273,100.39112949371338,0.16901512444019318,0.5791521072387695,0.41013698279857635,0.3551047444343567,0.7598757743835449,0.40477102994918823,0.24494868516921997,0.7143828868865967,0.4694342017173767,0.5831987857818604,0.025332564488053322,0.557866221293807,0.20922335982322693,0.20922335982322693,55.92036980390549
crack0031_02.png,220.5686900615692,99.62715911865234,1.54262113571167,98.08453798294067,104.24236297607422,1.9791781902313232,102.2631847858429,0.22915637493133545,0.6306823492050171,0.40152597427368164,0.009350359439849854,0.7076234817504883,0.6982731223106384,0.020626068115234375,0.6962358355522156,0.6756097674369812,0.5812110900878906,0.04306420683860779,0.5381468832492828,0.26686638593673706,0.26686638593673706,60.083951234817505
crack0031_03.png,219.1672113120556,103.51602172851562,2.7397563457489014,100.77626538276672,104.04505157470703,1.5206093788146973,102.52444219589233,0.2359675168991089,0.6353425979614258,0.3993750810623169,0.14637815952301025,0.7212614417076111,0.5748832821846008,0.10324549674987793,0.7267512083053589,0.623505711555481,0.5834947824478149,0.022599000483751297,0.5608957819640636,0.2634718716144562,0.2634718716144562,62.30962932109833
crack0031_04.png,225.16514427661895,104.49327087402344,4.851191520690918,99.64207935333252,115.35862731933594,2.5841712951660156,112.77445602416992,0.16884106397628784,0.6842700242996216,0.5154289603233337,0.3164833188056946,0.7467533349990845,0.4302700161933899,0.19627827405929565,0.7094446420669556,0.5131663680076599,0.586070716381073,0.03686659038066864,0.5492041260004044,0.15802283585071564,0.15802283585071564,67.98459601402283
crack0031_05.png,230.24017136096955,109.4757080078125,4.122354030609131,105.35335397720337,106.72625732421875,2.3189079761505127,104.40734934806824,0.1713993400335312,0.6658122539520264,0.4944129139184952,0.156044602394104,0.6930589079856873,0.5370143055915833,0.09940564632415771,0.6903609037399292,0.5909552574157715,0.5858861804008484,0.03362937271595001,0.5522568076848984,0.18495340645313263,0.18495340645313263,69.95051783323288
crack0031_06.png,232.44128739833832,111.4881591796875,3.4703853130340576,108.01777386665344,109.79413604736328,2.4256560802459717,107.36847996711731,0.1650669425725937,0.6905315518379211,0.5254646092653275,0.2920525074005127,0.7207906246185303,0.4287381172180176,0.21658337116241455,0.7146704196929932,0.4980870485305786,0.5888620018959045,0.031626299023628235,0.5572357028722763,0.1704685240983963,0.1704685240983963,71.12973576784134
crack0031_07.png,225.62145408988,104.62873840332031,4.33939266204834,100.28934574127197,108.53060150146484,2.051830530166626,106.47877097129822,0.17165502905845642,0.6892479062080383,0.5175928771495819,0.2185218334197998,0.6982332468032837,0.4797114133834839,0.167463481426239,0.6958391666412354,0.5283756852149963,0.5850057601928711,0.03138792887330055,0.5536178313195705,0.19216370582580566,0.19216370582580566,67.58499419689178
crack0031_08.png,226.2068519949913,100.38299560546875,2.6974377632141113,97.68555784225464,112.10213470458984,1.7498185634613037,110.35231614112854,0.18502436578273773,0.7069481611251831,0.5219237953424454,0.22986572980880737,0.7391105890274048,0.5092448592185974,0.15205353498458862,0.7197942137718201,0.5677406787872314,0.585290253162384,0.028873510658740997,0.556416742503643,0.16380174458026886,0.16380174458026886,63.85036486387253
crack0031_09.png,217.99687347710133,105.26057434082031,5.099278926849365,100.16129541397095,105.17191314697266,3.155026912689209,102.01688623428345,0.24163591861724854,0.6830809116363525,0.441444993019104,0.2415059208869934,0.7291346788406372,0.4876287579536438,0.21549147367477417,0.7047672271728516,0.4892757534980774,0.5842252969741821,0.02902345173060894,0.5552018452435732,0.17623062431812286,0.17623062431812286,64.05078339576721
crack0032_00.png,215.56026144623758,102.43619537353516,3.08099365234375,99.3552017211914,105.14772033691406,2.5228800773620605,102.624840259552,0.21889996528625488,0.6693251132965088,0.4504251480102539,0.293445348739624,0.7482974529266357,0.4548521041870117,0.2409690022468567,0.73567795753479,0.49470895528793335,0.579846203327179,0.05667051300406456,0.5231756903231144,0.16101855039596558,0.16101855039596558,62.81844472885132
crack0032_01.png,211.2474471747875,101.22084045410156,6.503636360168457,94.7172040939331,107.02259063720703,3.653001308441162,103.36958932876587,0.22089925408363342,0.6693496108055115,0.44845035672187805,0.35029059648513794,0.7932076454162598,0.4429170489311218,0.1941128373146057,0.7522353529930115,0.5581225156784058,0.5845597982406616,0.044817376881837845,0.5397424213588238,0.14929404854774475,0.14929404854774475,63.99067509174347
crack0032_02.png,202.36638789176942,91.90387725830078,2.362708330154419,89.54116892814636,107.29583740234375,1.774145245552063,105.52169215679169,0.19063204526901245,0.6617222428321838,0.4710901975631714,0.5658209323883057,0.8375085592269897,0.2716876268386841,0.4049091935157776,0.7844690680503845,0.37955987453460693,0.5737408399581909,0.02219530940055847,0.5515455305576324,0.1570822298526764,0.1570822298526764,58.64500367641449
crack0032_03.png,220.16860531270504,105.50562286376953,1.2133548259735107,104.29226803779602,109.39212036132812,1.4638538360595703,107.92826652526855,0.24519434571266174,0.6442519426345825,0.3990575969219208,0.3303700089454651,0.7964127063751221,0.466042697429657,0.2306218147277832,0.7459976673126221,0.5153758525848389,0.5846712589263916,0.031203383579850197,0.5534678753465414,0.19226929545402527,0.19226929545402527,62.03467845916748
crack0032_04.png,200.50017381310462,99.43470001220703,2.7589199542999268,96.6757800579071,106.80288696289062,2.144268751144409,104.65861821174622,0.3094802498817444,0.5879393815994263,0.2784591317176819,0.3292178511619568,0.7745643258094788,0.445346474647522,0.20702087879180908,0.721403956413269,0.51438307762146,0.5786774158477783,0.031918492168188095,0.5467589236795902,0.20856119692325592,0.20856119692325592,55.67509162425995
crack0032_05.png,209.57839486598968,93.520263671875,0.952737033367157,92.56752663850784,105.39251708984375,0.9818172454833984,104.41069984436035,0.2264307737350464,0.6655569076538086,0.4391261339187622,0.4274883270263672,0.8663292527198792,0.43884092569351196,0.2666904330253601,0.8157681822776794,0.5490777492523193,0.5828412175178528,0.018769703805446625,0.5640715137124062,0.16383399069309235,0.16383399069309235,56.96430262923241
crack0032_06.png,202.35145186185838,98.01753997802734,2.2774441242218018,95.74009585380554,101.61002349853516,2.009187936782837,99.60083556175232,0.24019236862659454,0.6177367568016052,0.3775443881750107,0.4098997712135315,0.7754244804382324,0.3655247092247009,0.3092959523200989,0.7091332674026489,0.39983731508255005,0.580845832824707,0.032183773815631866,0.5486620590090752,0.19262754917144775,0.19262754917144775,58.96978324651718
crack0032_07.png,199.05769000053405,100.38070678710938,2.438544511795044,97.94216227531433,100.833740234375,2.1928796768188477,98.64086055755615,0.2763679027557373,0.5467625260353088,0.27039462327957153,0.27588003873825073,0.7383196949958801,0.4624396562576294,0.187710702419281,0.7159654498100281,0.5282547473907471,0.5806766748428345,0.04242599010467529,0.5382506847381592,0.21477806568145752,0.21477806568145752,58.05461847782135
crack0032_08.png,215.2605927735567,101.58704376220703,0.820431113243103,100.76661264896393,107.00475311279297,1.1630711555480957,105.84168195724487,0.2498651146888733,0.675566554069519,0.42570143938064575,0.4778375029563904,0.8673261404037476,0.3894886374473572,0.3733460307121277,0.8067832589149475,0.4334372282028198,0.5770434737205505,0.014002306386828423,0.5630411673337221,0.16366873681545258,0.16366873681545258,59.29356950521469
crack0032_09.png,214.41587904691696,106.12391662597656,1.2039282321929932,104.91998839378357,103.97480773925781,1.5929176807403564,102.38189005851746,0.28133124113082886,0.6603885293006897,0.37905728816986084,0.3488566279411316,0.749137818813324,0.4002811908721924,0.26611918210983276,0.6887130737304688,0.422593891620636,0.5840522646903992,0.028869666159152985,0.5551825985312462,0.22406518459320068,0.22406518459320068,60.14613854885101
crack0033_00.png,286.65494287610056,150.02008056640625,4.435582637786865,145.58449792861938,107.90133666992188,1.871561884880066,106.02977478504181,0.20991362631320953,0.8617576956748962,0.6518440693616867,0.0,0.6131558418273926,0.6131558418273926,0.07862597703933716,0.7224234342575073,0.6437974572181702,0.5825029015541077,0.03288350626826286,0.5496193952858448,0.09418472647666931,0.09418472647666931,87.93313008546829
crack0033_01.png,273.8159163892269,134.74281311035156,3.596982002258301,131.14583110809326,108.55152893066406,1.8828569650650024,106.66867196559906,0.17214733362197876,0.8491621613502502,0.6770148277282715,0.0,0.5909723043441772,0.5909723043441772,0.22690480947494507,0.6552352905273438,0.4283304810523987,0.5858208537101746,0.030757401138544083,0.5550634525716305,0.10372082889080048,0.10372082889080048,82.27389168739319
crack0033_02.png,302.0233882725239,161.79051208496094,3.3212790489196777,158.46923303604126,107.96730041503906,2.1447107791900635,105.822589635849,0.22552944719791412,0.8835154175758362,0.6579859703779221,0.0,0.667108952999115,0.667108952999115,0.13161271810531616,0.7438793182373047,0.6122666001319885,0.5817570090293884,0.03420991823077202,0.5475470907986164,0.08771365880966187,0.08771365880966187,92.294409096241
crack0033_03.png,267.94946277439595,133.94789123535156,4.2242279052734375,129.72366333007812,106.29847717285156,2.1808254718780518,104.11765170097351,0.22295154631137848,0.8165757060050964,0.593624159693718,0.0,0.666393518447876,0.666393518447876,0.19528108835220337,0.6967231035232544,0.501442015171051,0.5849404335021973,0.02411380223929882,0.5608266312628984,0.1110895574092865,0.1110895574092865,79.10658413171768
crack0033_04.png,248.53997603058815,123.20850372314453,8.651122093200684,114.55738162994385,105.43644714355469,1.7765634059906006,103.65988373756409,0.23068350553512573,0.8362149596214294,0.6055314540863037,0.0,0.5507458448410034,0.5507458448410034,0.15101277828216553,0.7277357578277588,0.5767229795455933,0.5830603837966919,0.031903114169836044,0.5511572696268559,0.10198361426591873,0.10198361426591873,75.41121792793274
crack0033_05.png,308.82952354252336,156.8533477783203,1.502641201019287,155.35070657730103,113.59449768066406,1.3464908599853516,112.24800682067871,0.151494562625885,0.8430159687995911,0.691521406173706,0.0,0.7699019908905029,0.7699019908905029,0.0,0.7605496644973755,0.7605496644973755,0.5843560099601746,0.02281045727431774,0.5615455526858568,0.08826491236686707,0.08826491236686707,93.46256113052368
crack0033_06.png,288.1062099933624,148.29649353027344,4.513844966888428,143.782648563385,111.78384399414062,2.011974811553955,109.77186918258667,0.15317395329475403,0.844862699508667,0.691688746213913,0.0,0.5723446607589722,0.5723446607589722,0.17590928077697754,0.6695992946624756,0.49369001388549805,0.582714319229126,0.028066128492355347,0.5546481907367706,0.09648236632347107,0.09648236632347107,90.52330482006073
crack0033_07.png,277.6468516647816,148.6807861328125,5.20780611038208,143.47298002243042,107.0390396118164,2.7126612663269043,104.3263783454895,0.18372760713100433,0.8101918697357178,0.6264642626047134,0.0,0.5144251585006714,0.5144251585006714,0.03832930326461792,0.6804410219192505,0.6421117186546326,0.5850595831871033,0.041330259293317795,0.5437293238937855,0.09586767107248306,0.09586767107248306,89.32302302122116
crack0033_08.png,292.47437036037445,149.5135955810547,4.379332065582275,145.1342635154724,110.45796966552734,1.5156683921813965,108.94230127334595,0.1915646493434906,0.866714358329773,0.6751497089862823,0.0,0.6909466981887817,0.6909466981887817,0.06719475984573364,0.7723833322525024,0.7051885724067688,0.5799346566200256,0.02710111439228058,0.5528335422277451,0.09181816875934601,0.09181816875934601,88.64997112751007
crack0033_09.png,282.51525365114213,144.21881103515625,3.829268217086792,140.38954281806946,110.20753479003906,1.7100694179534912,108.49746537208557,0.1684170961380005,0.8467141389846802,0.6782970428466797,0.0,0.5722507238388062,0.5722507238388062,0.1122332215309143,0.6823863387107849,0.5701531171798706,0.5828911662101746,0.04356785863637924,0.5393233075737953,0.10215051472187042,0.10215051472187042,87.23466050624847
crack0034_00.png,214.42419826984406,110.54058074951172,1.6202441453933716,108.92033660411835,104.81777954101562,1.5437417030334473,103.27403783798218,0.2822956442832947,0.6548162698745728,0.3725206255912781,0.4401564598083496,0.7392600774765015,0.29910361766815186,0.4107229709625244,0.6866393089294434,0.27591633796691895,0.5776932239532471,0.016981929540634155,0.5607112944126129,0.22250333428382874,0.22250333428382874,62.25040274858475
crack0034_01.png,203.0389474183321,96.32406616210938,2.396327495574951,93.92773866653442,102.92080688476562,1.7187576293945312,101.2020492553711,0.26691004633903503,0.6972038745880127,0.43029382824897766,0.500135064125061,0.8077062368392944,0.3075711727142334,0.3824688196182251,0.758143961429596,0.37567514181137085,0.5775778293609619,0.02997693233191967,0.5476008970290422,0.14429888129234314,0.14429888129234314,56.44870722293854
crack0034_02.png,209.2537005662918,98.98798370361328,1.7579432725906372,97.23004043102264,101.71786499023438,1.610066533088684,100.10779845714569,0.2548428773880005,0.7196539044380188,0.4648110270500183,0.48106521368026733,0.790318489074707,0.3092532753944397,0.4322274327278137,0.7645348310470581,0.3323073983192444,0.583502471446991,0.02286428213119507,0.5606381893157959,0.14727440476417542,0.14727440476417542,58.42248970270157
crack0034_03.png,230.92259307801723,120.84173583984375,1.6070582866668701,119.23467755317688,119.96717071533203,1.3242430686950684,118.64292764663696,0.27108675241470337,0.6786262392997742,0.4075394868850708,0.5041607022285461,0.7148849368095398,0.21072423458099365,0.4647195339202881,0.6907659769058228,0.22604644298553467,0.5932295322418213,0.013264128938317299,0.579965403303504,0.23594218492507935,0.23594218492507935,68.68837320804596
crack0034_04.png,207.8085608959198,111.20616912841797,2.479008197784424,108.72716093063354,105.22883605957031,2.044328451156616,103.1845076084137,0.2985452115535736,0.6157721281051636,0.31722691655158997,0.508660078048706,0.796105146408081,0.287445068359375,0.4388389587402344,0.7432265281677246,0.30438756942749023,0.5840291976928711,0.060738176107406616,0.5232910215854645,0.18142712116241455,0.18142712116241455,62.29104387760162
crack0034_05.png,208.32821229994298,100.68416595458984,3.022922992706299,97.66124296188354,101.86197662353516,1.9362168312072754,99.92575979232788,0.2579217553138733,0.6912570595741272,0.4333353042602539,0.38488060235977173,0.7287369966506958,0.3438563942909241,0.36209845542907715,0.7070198059082031,0.344921350479126,0.5867281556129456,0.029838522896170616,0.5568896327167749,0.17116719484329224,0.17116719484329224,59.847365379333496
crack0034_06.png,204.452105563879,99.84671020507812,2.9400923252105713,96.90661787986755,103.64474487304688,2.1874918937683105,101.45725297927856,0.27476006746292114,0.6818786859512329,0.40711861848831177,0.47516578435897827,0.7868809700012207,0.31171518564224243,0.39306432008743286,0.7469934225082397,0.3539291024208069,0.5827988982200623,0.03468665853142738,0.5481122396886349,0.16501128673553467,0.16501128673553467,58.21975314617157
crack0034_07.png,201.49678815305234,107.04727935791016,2.5450339317321777,104.50224542617798,106.17095947265625,1.8851276636123657,104.28583180904388,0.3140607476234436,0.6172626614570618,0.30320191383361816,0.4562317132949829,0.679253339767456,0.22302162647247314,0.4155769348144531,0.6410807371139526,0.2255038022994995,0.5838024020195007,0.03122260607779026,0.5525797959417105,0.2507583498954773,0.2507583498954773,59.30460786819458
crack0034_08.png,196.6565611243248,104.4734878540039,2.396770477294922,102.07671737670898,103.1640396118164,2.11448335647583,101.04955625534058,0.2989141345024109,0.6068927645683289,0.30797863006591797,0.5380461812019348,0.7231636643409729,0.18511748313903809,0.47637253999710083,0.6765018701553345,0.20012933015823364,0.5850518941879272,0.032126106321811676,0.5529257878661156,0.23043422400951385,0.23043422400951385,58.90235686302185
crack0034_09.png,197.98123728483915,102.3505630493164,1.3095332384109497,101.04102981090546,103.71066284179688,1.0884864330291748,102.6221764087677,0.3323611617088318,0.6080674529075623,0.27570629119873047,0.4836008548736572,0.7571572065353394,0.27355635166168213,0.4263569712638855,0.7157446146011353,0.28938764333724976,0.5843329429626465,0.012018454261124134,0.5723144887015224,0.24353060126304626,0.24353060126304626,55.26169615983963
crack0035_00.png,205.2821100950241,109.57930755615234,2.407911539077759,107.17139601707458,105.43838500976562,3.3145713806152344,102.12381362915039,0.30483290553092957,0.6155403256416321,0.3107074201107025,0.552466869354248,0.8074337244033813,0.2549668550491333,0.38420069217681885,0.7056529521942139,0.321452260017395,0.5854940414428711,0.030346021056175232,0.5551480203866959,0.16254298388957977,0.16254298388957977,61.12339687347412
crack0035_01.png,211.10262717604638,117.52781677246094,2.4839718341827393,115.0438449382782,108.35517883300781,2.7390592098236084,105.6161196231842,0.34263068437576294,0.6424649357795715,0.2998342514038086,0.5189518332481384,0.7068792581558228,0.18792742490768433,0.42123913764953613,0.6405020952224731,0.219262957572937,0.5806536078453064,0.02294117584824562,0.5577124319970608,0.23117069900035858,0.23117069900035858,62.67419755458832
crack0035_02.png,192.61709764003754,101.70398712158203,2.6540451049804688,99.04994201660156,105.32179260253906,2.667181968688965,102.6546106338501,0.31931447982788086,0.6016038656234741,0.28228938579559326,0.5109332799911499,0.7182568311691284,0.20732355117797852,0.4363408088684082,0.6648122072219849,0.22847139835357666,0.577593207359314,0.03686274588108063,0.5407304614782333,0.21095967292785645,0.21095967292785645,56.12387561798096
crack0035_03.png,211.1359117090702,118.4989013671875,1.0101896524429321,117.48871171474457,105.63818359375,1.921379566192627,103.71680402755737,0.42040178179740906,0.6883915066719055,0.26798972487449646,0.6013845205307007,0.8363181948661804,0.23493367433547974,0.4625638723373413,0.7330737113952637,0.27050983905792236,0.5770972967147827,0.043998461216688156,0.5330988354980946,0.15865503251552582,0.15865503251552582,57.61433047056198
crack0035_04.png,202.45958396792412,113.56918334960938,3.4869680404663086,110.08221530914307,107.10186767578125,3.927753448486328,103.17411422729492,0.35263001918792725,0.6352760195732117,0.2826460003852844,0.5599538087844849,0.7129431366920471,0.15298932790756226,0.45905762910842896,0.6501109004020691,0.19105327129364014,0.5872318148612976,0.02782006934285164,0.559411745518446,0.2175413817167282,0.2175413817167282,60.85954713821411
crack0035_05.png,199.00446912050248,109.13713073730469,1.3915401697158813,107.7455905675888,103.56651306152344,1.8379333019256592,101.72857975959778,0.39428868889808655,0.6472330689430237,0.25294438004493713,0.5432829856872559,0.7429336905479431,0.19965070486068726,0.45788633823394775,0.6745628714561462,0.2166765332221985,0.5790619254112244,0.020415224134922028,0.5586467012763023,0.23273316025733948,0.23273316025733948,54.769491136074066
crack0035_06.png,185.15646926164627,99.88993072509766,3.726630687713623,96.16330003738403,104.68025207519531,4.178825378417969,100.50142669677734,0.3205234408378601,0.5909779071807861,0.270454466342926,0.51499342918396,0.6426922082901001,0.12769877910614014,0.4685453176498413,0.5995050668716431,0.13095974922180176,0.5804306268692017,0.029223375022411346,0.5512072518467903,0.2784891426563263,0.2784891426563263,55.7940993309021
crack0035_07.png,193.58347888588906,105.61139678955078,1.8985999822616577,103.71279680728912,102.220947265625,3.620426654815674,98.60052061080933,0.36247435212135315,0.6185824871063232,0.2561081349849701,0.5882880687713623,0.8065029978752136,0.21821492910385132,0.4167529344558716,0.7085744142532349,0.2918214797973633,0.5762591361999512,0.04592848941683769,0.5303306467831135,0.1590650975704193,0.1590650975704193,55.05690270662308
crack0035_08.png,199.45252674221993,106.01039123535156,0.9163872599601746,105.09400397539139,101.86248779296875,1.864333987236023,99.99815380573273,0.430507093667984,0.729692816734314,0.29918572306632996,0.5460119843482971,0.7679523229598999,0.22194033861160278,0.4624660611152649,0.6830060482025146,0.22053998708724976,0.5788735151290894,0.0402037687599659,0.5386697463691235,0.20254111289978027,0.20254111289978027,50.7879042327404
crack0035_09.png,186.57204243838788,99.74281311035156,1.87147057056427,97.87134253978729,102.034423828125,2.6068649291992188,99.42755889892578,0.46352100372314453,0.7220063805580139,0.2584853768348694,0.5488978624343872,0.699105978012085,0.15020811557769775,0.48437613248825073,0.6250306963920593,0.1406545639038086,0.5818954110145569,0.025832371786236763,0.5560630392283201,0.210706889629364,0.210706889629364,46.27169805765152
crack0036_00.png,207.66711920797826,104.92278289794922,7.798382759094238,97.12440013885498,106.95511627197266,4.100681304931641,102.85443496704102,0.32420507073402405,0.6978843808174133,0.3736793100833893,0.2044064998626709,0.6378039121627808,0.43339741230010986,0.33673274517059326,0.66632080078125,0.32958805561065674,0.580845832824707,0.026578238233923912,0.5542675945907831,0.118601493537426,0.118601493537426,60.14211189746857
crack0036_01.png,229.2742615044117,105.41670227050781,2.396841287612915,103.0198609828949,106.59032440185547,2.0177695751190186,104.57255482673645,0.2970113158226013,0.7544586062431335,0.4574472904205322,0.09870606660842896,0.734222948551178,0.635516881942749,0.26903581619262695,0.712093710899353,0.4430578947067261,0.580034613609314,0.019811611622571945,0.560223001986742,0.09613677859306335,0.09613677859306335,59.28747737407684
crack0036_02.png,233.6258011698723,107.33776092529297,2.5201306343078613,104.81763029098511,103.09534454345703,1.6060285568237305,101.4893159866333,0.32104620337486267,0.8064246773719788,0.4853784739971161,0.0,0.6729932427406311,0.6729932427406311,0.23350894451141357,0.7026671171188354,0.4691581726074219,0.5786774158477783,0.017116494476795197,0.5615609213709831,0.10459883511066437,0.10459883511066437,58.81327021121979
crack0036_03.png,203.68264726400375,94.57880401611328,3.846461296081543,90.73234272003174,103.89665222167969,3.6777896881103516,100.21886253356934,0.2817309498786926,0.7491781115531921,0.4674471616744995,0.32981324195861816,0.6728392839431763,0.3430260419845581,0.44156402349472046,0.6729220151901245,0.23135799169540405,0.5777470469474792,0.03409842401742935,0.5436486229300499,0.13393425941467285,0.13393425941467285,55.418657541275024
crack0036_04.png,217.97090638279914,103.45610046386719,3.686119794845581,99.7699806690216,104.00289916992188,4.065542221069336,99.93735694885254,0.2973920404911041,0.7540748119354248,0.4566827714443207,0.201401948928833,0.6849278211593628,0.4835258722305298,0.36284661293029785,0.6623284816741943,0.2994818687438965,0.5779277086257935,0.019169550389051437,0.558758158236742,0.11920495331287384,0.11920495331287384,58.844696044921875
crack0036_05.png,236.68890333771705,112.93141174316406,4.409425258636475,108.52198648452759,105.4069595336914,2.89371395111084,102.51324558258057,0.18471527099609375,0.7655842304229736,0.5808689594268799,0.1995183229446411,0.6664248704910278,0.4669065475463867,0.3426981568336487,0.6697080135345459,0.3270098567008972,0.5823144912719727,0.031918492168188095,0.5503959991037846,0.10994775593280792,0.10994775593280792,70.88008189201355
crack0036_06.png,228.30090859532356,121.43724060058594,5.546611785888672,115.89062881469727,110.39204406738281,2.8679661750793457,107.52407789230347,0.2787342965602875,0.7219631671905518,0.4432288706302643,0.3345900774002075,0.6256091594696045,0.291019082069397,0.3836537003517151,0.6397002935409546,0.2560465931892395,0.5897923707962036,0.03225297853350639,0.5575393922626972,0.1479015052318573,0.1479015052318573,70.3595632314682
crack0036_07.png,247.08797939419748,131.17544555664062,2.4009435176849365,128.7745020389557,104.07826232910156,1.772433876991272,102.30582845211029,0.3052355945110321,0.8219180107116699,0.5166824162006378,0.35209017992019653,0.6857223510742188,0.3336321711540222,0.39753735065460205,0.675055205821991,0.2775178551673889,0.5902383923530579,0.02245674654841423,0.5677816458046436,0.11669644713401794,0.11669644713401794,72.08359456062317
crack0036_08.png,212.3897211879492,106.43475341796875,4.4191508293151855,102.01560258865356,102.21247863769531,1.8771451711654663,100.33533346652985,0.2944468855857849,0.7400792837142944,0.4456323981285095,0.38756000995635986,0.6968123316764832,0.3092523217201233,0.42463183403015137,0.7041891813278198,0.27955734729766846,0.5782006978988647,0.022718185558915138,0.5554825123399496,0.1513681560754776,0.1513681560754776,60.88816690444946
crack0036_09.png,213.15583850741388,101.64884185791016,4.595288276672363,97.0535535812378,102.90403747558594,3.3286542892456055,99.57538318634033,0.2658790946006775,0.7750195860862732,0.5091404914855957,0.3556203842163086,0.688960075378418,0.3333396911621094,0.42921334505081177,0.696768045425415,0.26755470037460327,0.5810611248016357,0.025878507643938065,0.5551826171576977,0.12368201464414597,0.12368201464414597,60.41176438331604
crack0037_00.png,240.70942555963993,111.34795379638672,3.222630739212036,108.12532305717468,106.0409164428711,1.5660992860794067,104.47481715679169,0.18661539256572723,0.7598159313201904,0.5732005387544632,0.15700757503509521,0.7214374542236328,0.5644298791885376,0.2054119110107422,0.8035615086555481,0.5981495976448059,0.5806958675384521,0.021672433242201805,0.5590234342962503,0.10527747869491577,0.10527747869491577,69.31620341539383
crack0037_01.png,245.23095673024653,125.08293914794922,1.504975438117981,123.57796370983124,110.68217468261719,1.295735478401184,109.386439204216,0.23739278316497803,0.7090709209442139,0.47167813777923584,0.31227558851242065,0.757790744304657,0.44551515579223633,0.31354641914367676,0.751731812953949,0.4381853938102722,0.5829488635063171,0.02435986138880253,0.5585890021175146,0.14155736565589905,0.14155736565589905,72.3683448433876
crack0037_02.png,232.77728147506713,105.47981262207031,2.426603078842163,103.05320954322815,100.41748046875,1.440469741821289,98.97701072692871,0.20579175651073456,0.7518382668495178,0.5460465103387833,0.0581478476524353,0.6749343872070312,0.616786539554596,0.27166831493377686,0.7608214616775513,0.4891531467437744,0.5816878080368042,0.03723567724227905,0.5444521307945251,0.1294323354959488,0.1294323354959488,64.87321478128433
crack0037_03.png,226.34051229953766,112.41667938232422,4.027858734130859,108.38882064819336,104.31538391113281,2.303375720977783,102.01200819015503,0.23779404163360596,0.7268350720405579,0.4890410304069519,0.15248990058898926,0.5517266988754272,0.399236798286438,0.27608853578567505,0.6347088813781738,0.3586203455924988,0.5829758048057556,0.03162245452404022,0.5513533502817154,0.16702967882156372,0.16702967882156372,67.2736587524414
crack0037_04.png,221.5335659712553,109.17272186279297,6.197348117828369,102.9753737449646,104.04380798339844,3.02960205078125,101.01420593261719,0.22593644261360168,0.7187003493309021,0.4927639067173004,0.1115492582321167,0.5205185413360596,0.40896928310394287,0.31846529245376587,0.6522319316864014,0.3337666392326355,0.5789504051208496,0.019634755328297615,0.559315649792552,0.1507730484008789,0.1507730484008789,67.28686463832855
crack0037_05.png,243.21742909401655,115.57588195800781,4.748247146606445,110.82763481140137,109.19746398925781,2.6102495193481445,106.58721446990967,0.20062796771526337,0.7457848787307739,0.5451569110155106,0.0,0.5808137655258179,0.5808137655258179,0.20326560735702515,0.6582939624786377,0.45502835512161255,0.5881814956665039,0.015436370857059956,0.572745124809444,0.1220109611749649,0.1220109611749649,71.65164631605148
crack0037_06.png,216.96672459840775,100.57589721679688,3.291524648666382,97.2843725681305,105.84822082519531,2.7759222984313965,103.07229852676392,0.19380402565002441,0.6842448711395264,0.49044084548950195,0.17882579565048218,0.6290876865386963,0.4502618908882141,0.21694225072860718,0.681479811668396,0.4645375609397888,0.5802652835845947,0.0500730499625206,0.5301922336220741,0.12146870791912079,0.12146870791912079,63.51608073711395
crack0037_07.png,222.4638387620449,112.6921157836914,3.6069555282592773,109.08516025543213,101.44549560546875,2.152829647064209,99.29266595840454,0.2222183793783188,0.6727302670478821,0.4505118876695633,0.3246946930885315,0.710689902305603,0.38599520921707153,0.3135279417037964,0.7048087120056152,0.39128077030181885,0.5774548053741455,0.022933486849069595,0.5545213185250759,0.14769555628299713,0.14769555628299713,67.91462510824203
crack0037_08.png,237.92146926522256,127.55133819580078,6.320615768432617,121.23072242736816,99.80121612548828,2.4495067596435547,97.35170936584473,0.1849571168422699,0.6686254739761353,0.48366835713386536,0.3088899254798889,0.7339783906936646,0.42508846521377563,0.283750057220459,0.7547988891601562,0.47104883193969727,0.5780122876167297,0.026685889810323715,0.551326397806406,0.11620599031448364,0.11620599031448364,78.9590414762497
crack0037_09.png,239.13160347044467,119.83815002441406,3.815966844558716,116.02218317985535,104.2511215209961,2.119002342224121,102.13211917877197,0.19778522849082947,0.7256395816802979,0.5278543531894684,0.22177845239639282,0.6652060747146606,0.4434276223182678,0.32763350009918213,0.7363742589950562,0.408740758895874,0.5851249694824219,0.027846982702612877,0.557277986779809,0.11482194066047668,0.11482194066047668,73.3649435043335
crack0038_00.png,235.66733932793142,120.8511962890625,2.9642627239227295,117.88693356513977,107.44324493408203,1.7096749544143677,105.73356997966766,0.4698595404624939,0.7838268280029297,0.3139672875404358,0.0,0.7004778385162354,0.7004778385162354,0.05044698715209961,0.7474567890167236,0.697009801864624,0.5806074738502502,0.021845443174242973,0.5587620306760073,0.10755221545696259,0.10755221545696259,56.94045603275299
crack0038_01.png,235.8756595492363,114.661865234375,4.839146614074707,109.8227186203003,103.98056030273438,2.167639970779419,101.81292033195496,0.312495619058609,0.7785334587097168,0.4660378396511078,0.0,0.6617453098297119,0.6617453098297119,0.1692022681236267,0.7152599096298218,0.5460576415061951,0.5773894786834717,0.038016147911548615,0.5393733307719231,0.11243848502635956,0.11243848502635956,64.09634792804718
crack0038_02.png,226.4821061015129,119.41265106201172,4.509901523590088,114.90274953842163,105.77021789550781,2.308342695236206,103.4618752002716,0.4581149220466614,0.7452746629714966,0.2871597409248352,0.0,0.6273699998855591,0.6273699998855591,0.14085614681243896,0.6465370655059814,0.5056809186935425,0.5800845623016357,0.026908881962299347,0.5531756803393364,0.13948309421539307,0.13948309421539307,57.67776346206665
crack0038_03.png,250.6782696425915,121.59251403808594,4.246086120605469,117.34642791748047,108.40065002441406,1.7519514560699463,106.64869856834412,0.23519721627235413,0.7768884897232056,0.5416912734508514,0.0,0.6223807334899902,0.6223807334899902,0.2648389935493469,0.7215337753295898,0.4566947817802429,0.5829911828041077,0.02194540575146675,0.5610457770526409,0.1170341819524765,0.1170341819524765,72.12711441516876
crack0038_04.png,223.5088401913643,111.58439636230469,6.143791675567627,105.44060468673706,107.90785217285156,1.9142110347747803,105.99364113807678,0.4358505606651306,0.8044121265411377,0.3685615658760071,0.0,0.6074837446212769,0.6074837446212769,0.08543306589126587,0.6873782873153687,0.6019452214241028,0.5822567939758301,0.03509419411420822,0.5471625998616219,0.11476988345384598,0.11476988345384598,56.00333213806152
crack0038_05.png,229.98419678211212,106.38748168945312,2.240173101425171,104.14730858802795,105.1440200805664,1.3647661209106445,103.77925395965576,0.3679710924625397,0.771609902381897,0.4036388099193573,0.0,0.760033130645752,0.760033130645752,0.11515218019485474,0.7788069844245911,0.6636548042297363,0.5816570520401001,0.04083813726902008,0.54081891477108,0.11717191338539124,0.11717191338539124,55.50184392929077
crack0038_06.png,236.03500027060508,117.11609649658203,4.337717533111572,112.77837896347046,112.47112274169922,2.0297060012817383,110.44141674041748,0.3816802501678467,0.8181568384170532,0.43647658824920654,0.0,0.5669201612472534,0.5669201612472534,0.0,0.6402164697647095,0.6402164697647095,0.5848596692085266,0.04773164168000221,0.5371280275285244,0.11296015977859497,0.11296015977859497,61.220478773117065
crack0038_07.png,232.68578855097294,116.1507568359375,4.350801467895508,111.79995536804199,110.36692810058594,1.403638482093811,108.96328961849213,0.42716553807258606,0.7993841171264648,0.3722185790538788,0.0,0.629010021686554,0.629010021686554,0.06874525547027588,0.7330124378204346,0.6642671823501587,0.5846289992332458,0.02556324563920498,0.5590657535940409,0.11079336702823639,0.11079336702823639,58.006006836891174
crack0038_08.png,236.4726939380169,120.1252670288086,2.0611352920532227,118.06413173675537,110.14625549316406,1.2597994804382324,108.88645601272583,0.4992288649082184,0.8210705518722534,0.32184168696403503,0.0,0.6698537468910217,0.6698537468910217,0.16608011722564697,0.7117018699645996,0.5456217527389526,0.5856324434280396,0.02782006934285164,0.5578123740851879,0.11951066553592682,0.11951066553592682,54.56476700305939
crack0038_09.png,236.61191694736482,121.30341339111328,5.266518592834473,116.03689479827881,107.6585693359375,2.0396363735198975,105.6189329624176,0.35615894198417664,0.7948451638221741,0.43868622183799744,0.0,0.5452620983123779,0.5452620983123779,0.12902653217315674,0.6847637891769409,0.5557372570037842,0.5848557949066162,0.049304112792015076,0.5355516821146011,0.11498669534921646,0.11498669534921646,65.30966126918793
crack0039_00.png,245.29062773287296,119.45335388183594,2.517606019973755,116.93574786186218,106.14141082763672,1.3050947189331055,104.83631610870361,0.17459207773208618,0.8047588467597961,0.63016676902771,0.30897849798202515,0.6355705857276917,0.3265920877456665,0.34664446115493774,0.7253264784812927,0.378682017326355,0.5861168503761292,0.0125336404889822,0.573583209887147,0.13280394673347473,0.13280394673347473,73.95462930202484
crack0039_01.png,220.09296939074994,110.89959716796875,3.6286890506744385,107.27090811729431,101.54073333740234,2.924071788787842,98.6166615486145,0.18873023986816406,0.6771017909049988,0.4883715510368347,0.39497894048690796,0.7035088539123535,0.30852991342544556,0.42256391048431396,0.7408627271652222,0.3182988166809082,0.5765705704689026,0.027458669617772102,0.5491119008511305,0.13863733410835266,0.13863733410835266,69.00315153598785
crack0039_02.png,229.64633286595344,104.96641540527344,2.0091819763183594,102.95723342895508,102.13067626953125,2.245034694671631,99.88564157485962,0.20066678524017334,0.7618597149848938,0.5611929297447205,0.3035302758216858,0.7963167428970337,0.4927864670753479,0.41174226999282837,0.7593381404876709,0.34759587049484253,0.5821491479873657,0.02895040437579155,0.5531987436115742,0.12235701829195023,0.12235701829195023,64.73375749588013
crack0039_03.png,264.5637108206749,136.594482421875,3.1022911071777344,133.49219131469727,110.07002258300781,1.737999677658081,108.33202290534973,0.12314264476299286,0.7610657215118408,0.637923076748848,0.25753939151763916,0.6306396722793579,0.37310028076171875,0.3113026022911072,0.6982216238975525,0.3869190216064453,0.5773240923881531,0.0328027680516243,0.5445213243365288,0.10853826999664307,0.10853826999664307,85.55279177427292
crack0039_04.png,255.34713879823684,123.97021484375,4.922493934631348,119.04772090911865,109.12576293945312,1.938746690750122,107.187016248703,0.1408618837594986,0.7840717434883118,0.6432098597288132,0.14709943532943726,0.6490439176559448,0.5019444823265076,0.22608065605163574,0.7028945684432983,0.4768139123916626,0.5764629244804382,0.02921184152364731,0.5472510829567909,0.1161927729845047,0.1161927729845047,79.05315834283829
crack0039_05.png,243.78689291477204,121.37251281738281,4.7502031326293945,116.62230968475342,106.35960388183594,2.175842046737671,104.18376183509827,0.22662825882434845,0.8048511147499084,0.57822285592556,0.23184674978256226,0.6516706943511963,0.41982394456863403,0.29682254791259766,0.7005158066749573,0.4036932587623596,0.5828796625137329,0.02187235653400421,0.5610073059797287,0.11277500540018082,0.11277500540018082,72.77884894609451
crack0039_06.png,264.5506266653538,131.94137573242188,3.352717876434326,128.58865785598755,104.8495101928711,1.7713391780853271,103.07817101478577,0.10345439612865448,0.7817599773406982,0.6783055812120438,0.22864538431167603,0.6917011737823486,0.4630557894706726,0.3337652087211609,0.7754036784172058,0.4416384696960449,0.5726643800735474,0.024063821882009506,0.5486005581915379,0.10320296883583069,0.10320296883583069,84.34635823965073
crack0039_07.png,273.35546074658635,134.3737335205078,2.392552614212036,131.98118090629578,108.81784057617188,1.1289663314819336,107.68887424468994,0.0894525870680809,0.7908651828765869,0.701412595808506,0.26134270429611206,0.7520526647567749,0.49070996046066284,0.22498804330825806,0.8013375997543335,0.5763495564460754,0.5757400989532471,0.01180699747055769,0.5639331014826894,0.09413475543260574,0.09413475543260574,86.04559180140495
crack0039_08.png,254.46786685287952,128.63348388671875,4.186257839202881,124.44722604751587,108.13577270507812,1.7971429824829102,106.33862972259521,0.1982635110616684,0.7854331731796265,0.5871696621179581,0.18897604942321777,0.6353765726089478,0.44640052318573,0.34610623121261597,0.7120433449745178,0.36593711376190186,0.5908112525939941,0.02442137710750103,0.5663898754864931,0.12097904086112976,0.12097904086112976,78.14651030302048
crack0039_09.png,236.0615451991558,120.06915283203125,9.623651504516602,110.44550132751465,113.95973205566406,3.134033441543579,110.82569861412048,0.17258131504058838,0.7741733193397522,0.6015920042991638,0.34163546562194824,0.6287462711334229,0.2871108055114746,0.3782634735107422,0.7184581756591797,0.3401947021484375,0.5781930088996887,0.036343712359666824,0.5418492965400219,0.11194059997797012,0.11194059997797012,77.61924362182617
crack0040_00.png,218.8889106154442,94.98241424560547,4.139463901519775,90.8429503440857,114.12921142578125,3.8926563262939453,110.2365550994873,0.26730039715766907,0.7630918622016907,0.4957914650440216,0.0,0.5841555595397949,0.5841555595397949,0.0,0.6150099039077759,0.6150099039077759,0.5774009823799133,0.05435601621866226,0.5230449661612511,0.12604273855686188,0.12604273855686188,56.61895453929901
crack0040_01.png,260.30626537799833,126.8395004272461,3.111811876296997,123.7276885509491,111.95642852783203,1.8553553819656372,110.1010731458664,0.2317075878381729,0.7361453771591187,0.5044377893209457,0.0,0.7559698820114136,0.7559698820114136,0.13132208585739136,0.7599887847900391,0.6286666989326477,0.57700115442276,0.02839292585849762,0.5486082285642624,0.11820685118436813,0.11820685118436813,74.15324705839157
crack0040_02.png,251.44251936078072,120.59410858154297,2.4256715774536133,118.16843700408936,112.41950225830078,1.320778489112854,111.09872376918793,0.27084678411483765,0.7782756686210632,0.5074288845062256,0.0,0.6430274248123169,0.6430274248123169,0.0,0.7179152965545654,0.7179152965545654,0.5841176509857178,0.0211380235850811,0.5629796274006367,0.11923162639141083,0.11923162639141083,68.62378907203674
crack0040_03.png,246.36224756240844,114.07329559326172,2.230307102203369,111.84298849105835,114.49705505371094,1.7383968830108643,112.75865817070007,0.2717973589897156,0.7715039849281311,0.4997066259384155,0.0,0.6966813802719116,0.6966813802719116,0.0,0.7082768678665161,0.7082768678665161,0.5823452472686768,0.043044984340667725,0.539300262928009,0.10536836832761765,0.10536836832761765,65.13776969909668
crack0040_04.png,234.99466201663017,104.17684173583984,3.0172817707061768,101.15955996513367,113.51236724853516,1.9649019241333008,111.54746532440186,0.2552645206451416,0.760270357131958,0.5050058364868164,0.0,0.6625365614891052,0.6625365614891052,0.0,0.684801459312439,0.684801459312439,0.5772010684013367,0.01934640482068062,0.557854663580656,0.12367172539234161,0.12367172539234161,61.36923325061798
crack0040_05.png,237.46527131199838,108.2446517944336,3.090121030807495,105.1545307636261,115.59507751464844,1.977216124534607,113.61786139011383,0.29841291904449463,0.7917897701263428,0.49337685108184814,0.0,0.6196266412734985,0.6196266412734985,0.08205622434616089,0.6753873825073242,0.5933311581611633,0.5798116326332092,0.014602076262235641,0.5652095563709736,0.11376836895942688,0.11376836895942688,60.955076575279236
crack0040_06.png,222.01200066208838,97.18208312988281,3.5653223991394043,93.61676073074341,111.26806640625,2.2697482109069824,108.99831819534302,0.3224402368068695,0.7696444988250732,0.44720426201820374,0.0,0.6686996221542358,0.6686996221542358,0.19643950462341309,0.6965913772583008,0.5001518726348877,0.5873855948448181,0.030595924705266953,0.5567896701395512,0.11402051895856857,0.11402051895856857,54.52271234989166
crack0040_07.png,228.75045292377473,104.68952178955078,4.388920783996582,100.3006010055542,113.1974105834961,2.3069891929626465,110.89042139053345,0.30758005380630493,0.7745121717453003,0.46693211793899536,0.0,0.6395082473754883,0.6395082473754883,0.018831312656402588,0.6653780937194824,0.6465467810630798,0.5841368436813354,0.055167242884635925,0.5289696007966995,0.1198132261633873,0.1198132261633873,59.449891805648804
crack0040_08.png,241.79953834414482,119.91781616210938,2.684330701828003,117.23348546028137,106.25003814697266,2.275712490081787,103.97432565689087,0.3369457721710205,0.7651441097259521,0.42819833755493164,0.0,0.6822021007537842,0.6822021007537842,0.08030498027801514,0.7167309522628784,0.6364259719848633,0.5793348550796509,0.043525565415620804,0.5358092896640301,0.10471250116825104,0.10471250116825104,64.2577213048935
crack0040_09.png,248.11428308486938,114.24543762207031,2.0745656490325928,112.17087197303772,113.84136962890625,1.9813309907913208,111.86003863811493,0.23986169695854187,0.7555370330810547,0.5156753361225128,0.0,0.7047703266143799,0.7047703266143799,0.06060779094696045,0.6753956079483032,0.6147878170013428,0.5784467458724976,0.03458285331726074,0.5438638925552368,0.12727394700050354,0.12727394700050354,66.90616965293884
crack0041_00.png,239.01952127963304,123.04266357421875,2.7016212940216064,120.34104228019714,105.10162353515625,1.4027330875396729,103.69889044761658,0.1600162833929062,0.6735005974769592,0.513484314084053,0.34358149766921997,0.6797308921813965,0.3361493945121765,0.32204949855804443,0.7177337408065796,0.39568424224853516,0.5804575085639954,0.013602460734546185,0.5668550478294492,0.16117748618125916,0.16117748618125916,76.48946577310562
crack0041_01.png,229.91411204338073,121.19747161865234,2.6947476863861084,118.50272393226624,113.28788757324219,2.117291212081909,111.17059636116028,0.21035577356815338,0.6505256295204163,0.4401698559522629,0.4094175100326538,0.6780352592468262,0.26861774921417236,0.36057865619659424,0.6613138914108276,0.3007352352142334,0.5866512656211853,0.06202998757362366,0.5246212780475616,0.18158859014511108,0.18158859014511108,72.79081386327744
crack0041_02.png,229.93431196212768,121.0724105834961,4.612718105316162,116.45969247817993,107.38359832763672,2.014644145965576,105.36895418167114,0.19849754869937897,0.6551610231399536,0.45666347444057465,0.33485907316207886,0.6737699508666992,0.33891087770462036,0.4137563109397888,0.6954256296157837,0.2816693186759949,0.579254150390625,0.04831603169441223,0.5309381186962128,0.1570153832435608,0.1570153832435608,74.10287743806839
crack0041_03.png,229.2783042818308,122.9762191772461,2.6797311305999756,120.29648804664612,106.92861938476562,1.6037542819976807,105.32486510276794,0.2161315232515335,0.6218616366386414,0.40573011338710785,0.41407400369644165,0.7175976037979126,0.30352360010147095,0.36457008123397827,0.7037878036499023,0.3392177224159241,0.5789465308189392,0.02263360284268856,0.5563129279762506,0.17578567564487457,0.17578567564487457,73.01794499158859
crack0041_04.png,230.39378561973572,124.97720336914062,5.5963568687438965,119.38084650039673,111.00519561767578,2.755805730819702,108.24938988685608,0.18272171914577484,0.6263700127601624,0.4436482936143875,0.33861422538757324,0.6422171592712402,0.303602933883667,0.3841703534126282,0.6817285418510437,0.2975581884384155,0.5731295943260193,0.07119953632354736,0.5019300580024719,0.149347186088562,0.149347186088562,77.24866074323654
crack0041_05.png,238.4837949991226,120.17222595214844,2.4727439880371094,117.69948196411133,111.81292724609375,1.8022706508636475,110.0106565952301,0.16811931133270264,0.6697244048118591,0.5016050934791565,0.3620731830596924,0.7476299405097961,0.38555675745010376,0.3752620220184326,0.7220174074172974,0.34675538539886475,0.5839292407035828,0.05319492518901825,0.5307343155145645,0.1580473929643631,0.1580473929643631,74.59249591827393
crack0041_06.png,244.43892590999604,121.73346710205078,2.414632797241211,119.31883430480957,109.61006164550781,1.3060508966445923,108.30401074886322,0.17454729974269867,0.7056949138641357,0.5311476141214371,0.31873083114624023,0.7500521540641785,0.43132132291793823,0.30596399307250977,0.7775241732597351,0.47156018018722534,0.5816801190376282,0.030334487557411194,0.551345631480217,0.13707032799720764,0.13707032799720764,74.8684167265892
crack0041_07.png,212.08262078166007,111.90535736083984,3.320885419845581,108.58447194099426,106.90849304199219,1.7873884439468384,105.12110459804535,0.23466596007347107,0.6012576818466187,0.3665917217731476,0.38567405939102173,0.6511938571929932,0.26551979780197144,0.3544885516166687,0.6682668924331665,0.3137783408164978,0.5790619254112244,0.041522491723299026,0.5375394336879253,0.1931370198726654,0.1931370198726654,66.69564080238342
crack0041_08.png,219.17375096082688,111.1393051147461,2.350020408630371,108.78928470611572,103.28401184082031,1.6850876808166504,101.59892416000366,0.21065522730350494,0.648030698299408,0.437375470995903,0.4373488426208496,0.7537481784820557,0.31639933586120605,0.3972123861312866,0.7129243016242981,0.3157119154930115,0.5722145438194275,0.019742406904697418,0.5524721369147301,0.20102760195732117,0.20102760195732117,66.99393087625504
crack0041_09.png,234.67570447027683,122.61859893798828,2.784000873565674,119.83459806442261,106.21534729003906,1.3075333833694458,104.90781390666962,0.1842067837715149,0.654113233089447,0.46990644931793213,0.4504357576370239,0.7719918489456177,0.32155609130859375,0.4193647503852844,0.7623904943466187,0.34302574396133423,0.583217978477478,0.022637447342276573,0.5605805311352015,0.1569211184978485,0.1569211184978485,74.9776120185852
crack0042_00.png,232.3640944004059,107.19352722167969,3.449686288833618,103.74384093284607,113.2723159790039,3.091357707977295,110.18095827102661,0.3388414680957794,0.7927818894386292,0.45394042134284973,0.0,0.6608255505561829,0.6608255505561829,0.28532153367996216,0.6413029432296753,0.35598140954971313,0.5821875929832458,0.037197232246398926,0.5449903607368469,0.12427066266536713,0.12427066266536713,58.27862238883972
crack0042_01.png,246.64605711996555,119.88373565673828,2.6156692504882812,117.26806640625,109.52086639404297,1.9623463153839111,107.55852007865906,0.35954439640045166,0.8233606815338135,0.4638162851333618,0.0,0.6643500328063965,0.6643500328063965,0.27699047327041626,0.6703325510025024,0.3933420777320862,0.5830026865005493,0.016120722517371178,0.5668819639831781,0.11316028237342834,0.11316028237342834,62.997146129608154
crack0042_02.png,250.8180995941162,120.7447509765625,1.960493803024292,118.78425717353821,105.22154998779297,1.436572551727295,103.78497743606567,0.3148604929447174,0.7987982034683228,0.48393771052360535,0.0,0.7374392151832581,0.7374392151832581,0.2816210389137268,0.7335431575775146,0.45192211866378784,0.5785543918609619,0.02087274193763733,0.5576816499233246,0.10549889504909515,0.10549889504909515,65.60316848754883
crack0042_03.png,227.76851287186145,113.22286987304688,4.543654441833496,108.67921543121338,107.74006652832031,2.102487087249756,105.63757944107056,0.43019014596939087,0.8087435364723206,0.3785533905029297,0.0,0.6083750128746033,0.6083750128746033,0.3331374526023865,0.6827287673950195,0.34959131479263306,0.5837370157241821,0.02836216799914837,0.5553748477250338,0.11379143595695496,0.11379143595695496,56.42133402824402
crack0042_04.png,228.8046964287758,105.5721206665039,3.7685749530792236,101.80354571342468,105.14910888671875,2.395104169845581,102.75400471687317,0.38031089305877686,0.8140425086021423,0.4337316155433655,0.0,0.726238489151001,0.726238489151001,0.26148509979248047,0.7271578907966614,0.4656727910041809,0.5797462463378906,0.02595924586057663,0.553787000477314,0.09825006872415543,0.09825006872415543,55.04154407978058
crack0042_05.png,227.18806352615357,108.801513671875,3.346933364868164,105.45458030700684,108.79088592529297,1.5221378803253174,107.26874804496765,0.49606409668922424,0.852647602558136,0.35658350586891174,0.0,0.7089512348175049,0.7089512348175049,0.36156362295150757,0.7154371738433838,0.3538735508918762,0.5857593417167664,0.03722798824310303,0.5485313534736633,0.10675480961799622,0.10675480961799622,49.74075138568878
crack0042_06.png,234.14346045851707,118.34587097167969,4.074154853820801,114.27171611785889,108.4217758178711,1.8350975513458252,106.58667826652527,0.34774214029312134,0.8048828840255737,0.4571407437324524,0.12711644172668457,0.5946614146232605,0.4675449728965759,0.383699893951416,0.6761099696159363,0.29241007566452026,0.5837408900260925,0.03464052453637123,0.5491003654897213,0.1210491955280304,0.1210491955280304,63.695120096206665
crack0042_07.png,260.1370899349451,128.5890350341797,2.1260108947753906,126.4630241394043,111.57475280761719,1.2508410215377808,110.3239117860794,0.3246228098869324,0.7825555801391602,0.4579327702522278,0.004752516746520996,0.7611442804336548,0.7563917636871338,0.3232382535934448,0.743038535118103,0.4198002815246582,0.586070716381073,0.01971549354493618,0.5663552228361368,0.11739662289619446,0.11739662289619446,69.32298302650452
crack0042_08.png,233.41514286994934,107.49727630615234,3.6015117168426514,103.89576458930969,109.29412841796875,2.2864363193511963,107.00769209861755,0.31232380867004395,0.8144705891609192,0.5021467804908752,0.0,0.6172049045562744,0.6172049045562744,0.30869096517562866,0.6283419728279114,0.3196510076522827,0.577781617641449,0.0313725471496582,0.5464090704917908,0.12742185592651367,0.12742185592651367,59.92123019695282
crack0042_09.png,243.6409907400608,124.28922271728516,3.5300686359405518,120.7591540813446,109.01703643798828,1.889251708984375,107.1277847290039,0.30498045682907104,0.7639937996864319,0.45901334285736084,0.060671985149383545,0.600422203540802,0.5397502183914185,0.3172234296798706,0.6461093425750732,0.32888591289520264,0.577497124671936,0.03450595960021019,0.5429911650717258,0.13619425892829895,0.13619425892829895,68.71070325374603
crack0043_00.png,227.51164751946925,95.12664794921875,3.4611592292785645,91.66548871994019,110.68138885498047,2.3206698894500732,108.3607189655304,0.1028868779540062,0.7527127265930176,0.6498258486390114,0.2213117480278015,0.6877131462097168,0.4664013981819153,0.03632664680480957,0.7577639818191528,0.7214373350143433,0.5705152153968811,0.024021530523896217,0.5464936848729849,0.10275302827358246,0.10275302827358246,65.94129952788353
crack0043_01.png,230.46018762737512,76.3575210571289,1.3807222843170166,74.97679877281189,116.2497329711914,1.7797259092330933,114.47000706195831,0.07175201922655106,0.8086140751838684,0.7368620559573174,0.04088902473449707,0.7486883401870728,0.7077993154525757,0.0,0.7480823993682861,0.7480823993682861,0.5720915198326111,0.011230296455323696,0.5608612233772874,0.10121063888072968,0.10121063888072968,57.44766131043434
crack0043_02.png,230.9053012639284,81.42607116699219,1.959916591644287,79.4661545753479,114.55504608154297,1.9860427379608154,112.56900334358215,0.09763162583112717,0.8410905003547668,0.7434588745236397,0.11772036552429199,0.7262200713157654,0.6084997057914734,0.0,0.7140846252441406,0.7140846252441406,0.5782045125961304,0.013333333656191826,0.5648711789399385,0.10321442782878876,0.10321442782878876,58.96327683329582
crack0043_03.png,242.571536180377,96.29017639160156,1.7800559997558594,94.5101203918457,112.05561828613281,1.9397600889205933,110.11585819721222,0.09885361790657043,0.8103148341178894,0.711461216211319,0.1893165111541748,0.810900092124939,0.6215835809707642,0.03525930643081665,0.7687000036239624,0.7334406971931458,0.5754978656768799,0.01962706632912159,0.5558707993477583,0.10400072485208511,0.10400072485208511,66.12381374835968
crack0043_04.png,240.0010580599308,96.16867065429688,2.1672933101654053,94.00137734413147,116.51924133300781,1.9558064937591553,114.56343483924866,0.105524942278862,0.7856516242027283,0.6801266819238663,0.15731102228164673,0.7390124201774597,0.581701397895813,0.0,0.6896682381629944,0.6896682381629944,0.5773394703865051,0.01493656262755394,0.5624029077589512,0.11878247559070587,0.11878247559070587,65.93006426095963
crack0043_05.png,240.65888849794865,105.74716186523438,2.835371494293213,102.91179037094116,115.801513671875,1.5393317937850952,114.2621818780899,0.08268490433692932,0.8114014267921448,0.7287165224552155,0.32924461364746094,0.6200990080833435,0.29085439443588257,0.2050754427909851,0.7012711763381958,0.4961957335472107,0.5783506631851196,0.025582468137145042,0.5527681950479746,0.11106685549020767,0.11106685549020767,72.46419894695282
crack0043_06.png,240.34724603295325,89.00634765625,3.570559024810791,85.43578863143921,119.09487915039062,2.316836357116699,116.77804279327393,0.08906726539134979,0.8101805448532104,0.7211132794618607,0.0,0.7228986620903015,0.7228986620903015,0.0,0.756509006023407,0.756509006023407,0.5744136571884155,0.03453287109732628,0.5398807860910892,0.0941099300980568,0.0941099300980568,63.92096370458603
crack0043_07.png,228.70041645169258,88.75445556640625,3.5318222045898438,85.2226333618164,113.86814880371094,2.595595359802246,111.27255344390869,0.11958584189414978,0.8258096575737,0.7062238156795502,0.05958282947540283,0.5796895027160645,0.5201066732406616,0.023629307746887207,0.6264691352844238,0.6028398275375366,0.5778200626373291,0.036155324429273605,0.5416647382080555,0.10803796350955963,0.10803796350955963,62.080790877342224
crack0043_08.png,215.46520447731018,88.07733154296875,5.888734817504883,82.18859672546387,113.68904113769531,2.589038610458374,111.10000252723694,0.14852339029312134,0.8081866502761841,0.6596632599830627,0.2766346335411072,0.6336365938186646,0.3570019602775574,0.25323593616485596,0.685081958770752,0.431846022605896,0.573944628238678,0.029357939958572388,0.5445866882801056,0.10570892691612244,0.10570892691612244,61.029414892196655
crack0043_09.png,244.22781563401222,104.21332550048828,2.5647237300872803,101.648601770401,119.50077819824219,2.803611993789673,116.69716620445251,0.057388756424188614,0.724632740020752,0.6672439835965633,0.17835110425949097,0.694670557975769,0.5163194537162781,0.0,0.6784342527389526,0.6784342527389526,0.5791272521018982,0.03242598846554756,0.5467012636363506,0.11604486405849457,0.11604486405849457,73.11078931391239
crack0044_00.png,195.0017784267664,96.49742126464844,2.3503005504608154,94.14712071418762,106.47664642333984,2.0689096450805664,104.40773677825928,0.23009707033634186,0.570375919342041,0.34027884900569916,0.44614309072494507,0.6925976276397705,0.24645453691482544,0.3984304666519165,0.6674458980560303,0.26901543140411377,0.5791234374046326,0.02884659729897976,0.5502768401056528,0.25766119360923767,0.25766119360923767,58.78297418355942
crack0044_01.png,197.61487931013107,99.11466217041016,2.5903899669647217,96.52427220344543,103.86769104003906,1.449087142944336,102.41860389709473,0.2924932837486267,0.6249880194664001,0.33249473571777344,0.4883807301521301,0.7730178833007812,0.2846371531486511,0.4657382369041443,0.7860872745513916,0.3203490376472473,0.5855863094329834,0.0321337953209877,0.5534525141119957,0.19269351661205292,0.19269351661205292,56.72638142108917
crack0044_02.png,193.76804773807527,100.50334167480469,5.129129409790039,95.37421226501465,105.33565521240234,2.769570827484131,102.56608438491821,0.24405469000339508,0.5942001938819885,0.35014550387859344,0.5474462509155273,0.7525513768196106,0.20510512590408325,0.4487285017967224,0.7463822364807129,0.2976537346839905,0.5786851048469543,0.04989619553089142,0.5287889093160629,0.17710644006729126,0.17710644006729126,61.32035833597183
crack0044_03.png,199.05332856178285,90.90283203125,2.927273988723755,87.97555804252625,100.5753173828125,3.1523079872131348,97.42300939559937,0.19053666293621063,0.6394489407539368,0.44891227781772614,0.35303831100463867,0.7140024900436401,0.36096417903900146,0.38673365116119385,0.6854037046432495,0.29867005348205566,0.5752480030059814,0.03132256865501404,0.5439254343509674,0.15981429815292358,0.15981429815292358,58.4927733540535
crack0044_04.png,234.74463733434678,120.93741607666016,2.313861131668091,118.62355494499207,110.90541076660156,2.241046190261841,108.66436457633972,0.2726985514163971,0.6317432522773743,0.3590447008609772,0.15922564268112183,0.6981463432312012,0.5389207005500793,0.15011364221572876,0.6495629549026489,0.49944931268692017,0.5935063362121582,0.034133024513721466,0.5593733116984367,0.1923048496246338,0.1923048496246338,69.00397896766663
crack0044_05.png,206.67003348767759,103.53244018554688,1.6135387420654297,101.91890144348145,105.29901123046875,1.286747694015503,104.01226353645325,0.2432086169719696,0.5993174910545349,0.3561088740825653,0.424984335899353,0.7363972663879395,0.3114129304885864,0.3905465602874756,0.7272740602493286,0.336727499961853,0.5797001123428345,0.024675125256180763,0.5550249870866537,0.24687610566616058,0.24687610566616058,61.168476939201355
crack0044_06.png,200.1835234642029,99.30962371826172,2.885815143585205,96.42380857467651,109.31649780273438,2.202124834060669,107.1143729686737,0.29339343309402466,0.637069582939148,0.3436761498451233,0.43192213773727417,0.7362886667251587,0.3043665289878845,0.4017214775085449,0.7025667428970337,0.30084526538848877,0.5846405029296875,0.053510189056396484,0.531130313873291,0.2074676901102066,0.2074676901102066,56.87973356246948
crack0044_07.png,195.0117131590843,97.979736328125,3.719606637954712,94.26012969017029,108.85173797607422,2.983380079269409,105.86835789680481,0.20589801669120789,0.5553299784660339,0.34943196177482605,0.46644049882888794,0.6925806999206543,0.22614020109176636,0.41519469022750854,0.6587332487106323,0.24353855848312378,0.5855632424354553,0.050461359322071075,0.5351018831133842,0.2580581307411194,0.2580581307411194,61.918320178985596
crack0044_08.png,198.21521832346917,96.54133605957031,1.458288311958313,95.083047747612,107.1414566040039,1.3386874198913574,105.80276918411255,0.2773198187351227,0.6063750386238098,0.32905521988868713,0.4812777042388916,0.7848894596099854,0.30361175537109375,0.41436415910720825,0.752941370010376,0.3385772109031677,0.5841137766838074,0.025559399276971817,0.5585543774068356,0.2399924099445343,0.2399924099445343,55.72517412900925
crack0044_09.png,220.80166684389116,114.84949493408203,2.0722687244415283,112.7772262096405,116.35015106201172,2.600475788116455,113.74967527389526,0.20600681006908417,0.6097961068153381,0.40378929674625397,0.5024592876434326,0.7162456512451172,0.21378636360168457,0.44255805015563965,0.6828561425209045,0.2402980923652649,0.5931564569473267,0.05140715092420578,0.5417493060231209,0.2708546221256256,0.2708546221256256,69.8267315030098
crack0045_00.png,262.44728307724,138.74688720703125,2.907508611679077,135.83937859535217,113.9848403930664,2.274139881134033,111.71070051193237,0.21354569494724274,0.7157281637191772,0.5021824687719345,0.11964261531829834,0.6296197175979614,0.5099771022796631,0.29897183179855347,0.7179863452911377,0.41901451349258423,0.5781699419021606,0.044421374797821045,0.5337485671043396,0.11071042716503143,0.11071042716503143,81.14125388860703
crack0045_01.png,239.32619293928147,120.80994415283203,3.3010528087615967,117.50889134407043,109.84369659423828,2.5194292068481445,107.32426738739014,0.2532368302345276,0.7327558994293213,0.4795190691947937,0.22962337732315063,0.704828143119812,0.4752047657966614,0.33156299591064453,0.7270427942276001,0.39547979831695557,0.5812034010887146,0.04325643926858902,0.5379469618201256,0.12907199561595917,0.12907199561595917,70.10942471027374
crack0045_02.png,263.0439438462257,135.18214416503906,1.5566030740737915,133.62554109096527,113.26384735107422,1.0940358638763428,112.16981148719788,0.23023726046085358,0.7313095927238464,0.5010723322629929,0.12328290939331055,0.6909017562866211,0.5676188468933105,0.27684497833251953,0.7304600477218628,0.45361506938934326,0.5807266235351562,0.036728180944919586,0.5439984425902367,0.14874225854873657,0.14874225854873657,77.78420293331146
crack0045_03.png,249.37635014653205,125.35143280029297,2.1992411613464355,123.15219163894653,116.58230590820312,1.5089887380599976,115.07331717014313,0.20092473924160004,0.7217056155204773,0.5207808762788773,0.24522501230239868,0.6630746126174927,0.417849600315094,0.31612420082092285,0.6876441240310669,0.37151992321014404,0.5842176079750061,0.03875816985964775,0.5454594381153584,0.14713534712791443,0.14713534712791443,75.08855694532394
crack0045_04.png,237.1050876170397,104.86264038085938,1.197150707244873,103.6654896736145,108.32759094238281,0.8197561502456665,107.50783479213715,0.1699162870645523,0.7579849362373352,0.5880686491727829,0.27411866188049316,0.8051251769065857,0.5310065150260925,0.33388233184814453,0.7944614291191101,0.4605790972709656,0.5834294557571411,0.029661668464541435,0.5537677872925997,0.13998082280158997,0.13998082280158997,66.17209655046463
crack0045_05.png,250.30717678964137,125.02645874023438,1.9320067167282104,123.09445202350616,107.05221557617188,1.3010114431381226,105.75120413303375,0.1689065396785736,0.7355071306228638,0.5666005909442902,0.25011640787124634,0.6867455244064331,0.43662911653518677,0.34914737939834595,0.724735677242279,0.3755882978439331,0.5809381008148193,0.027962321415543556,0.5529757793992758,0.14807525277137756,0.14807525277137756,76.58236438035965
crack0045_06.png,229.74772459864616,116.1015853881836,2.807401180267334,113.29418420791626,107.59024047851562,1.5659523010253906,106.02428817749023,0.26604604721069336,0.7170454263687134,0.45099937915802,0.23197734355926514,0.6380292177200317,0.4060518741607666,0.3393407464027405,0.6978888511657715,0.358548104763031,0.5812879800796509,0.03824298456311226,0.5430449955165386,0.16703791916370392,0.16703791916370392,66.7432496547699
crack0045_07.png,263.58001590371134,139.4234619140625,2.043405055999756,137.38005685806274,112.45645141601562,1.6040534973144531,110.85239791870117,0.2458866834640503,0.7508848309516907,0.5049981474876404,0.20742279291152954,0.7078884243965149,0.5004656314849854,0.2918679118156433,0.7042512893676758,0.41238337755203247,0.5802960395812988,0.04428296908736229,0.5360130704939365,0.14006274938583374,0.14006274938583374,79.19207406044006
crack0045_08.png,239.39651409983634,119.62193298339844,2.5621142387390137,117.05981874465942,105.33705139160156,1.6591475009918213,103.67790389060974,0.17764903604984283,0.7443897724151611,0.5667407363653183,0.29053550958633423,0.6347784996032715,0.34424299001693726,0.3885098695755005,0.696487307548523,0.30797743797302246,0.5775740146636963,0.03366013243794441,0.5439138822257519,0.14428144693374634,0.14428144693374634,73.536042034626
crack0045_09.png,261.5642067819834,123.32801055908203,1.5257724523544312,121.8022381067276,112.97323608398438,0.9465773105621338,112.02665877342224,0.17129160463809967,0.7685878276824951,0.5972962230443954,0.13700950145721436,0.7557114362716675,0.6187019348144531,0.20857447385787964,0.7450634241104126,0.536488950252533,0.5821568369865417,0.021668588742613792,0.560488248243928,0.152633935213089,0.152633935213089,75.43566870689392
crack0046_00.png,204.58789843320847,67.31279754638672,2.3422584533691406,64.97053909301758,117.05106353759766,1.393131971359253,115.6579315662384,0.16630204021930695,0.7098532915115356,0.5435512512922287,0.0,0.6971443295478821,0.6971443295478821,0.0,0.7600991129875183,0.7600991129875183,0.5758938789367676,0.026286043226718903,0.5496078357100487,0.10412738472223282,0.10412738472223282,47.885160744190216
crack0046_01.png,214.83514075577258,69.64790344238281,1.545153260231018,68.1027501821518,122.43907928466797,1.2923989295959473,121.14668035507202,0.15167836844921112,0.7478863000869751,0.596207931637764,0.0,0.7105401158332825,0.7105401158332825,0.0,0.7257614731788635,0.7257614731788635,0.5812572240829468,0.027370242401957512,0.5538869816809893,0.12165742367506027,0.12165742367506027,49.74611520767212
crack0046_02.png,203.1385129928589,68.33895874023438,3.79136061668396,64.54759812355042,124.25769805908203,2.586627244949341,121.67107081413269,0.17822401225566864,0.7572324275970459,0.5790084153413773,0.0,0.5606027841567993,0.5606027841567993,0.0,0.6134815216064453,0.6134815216064453,0.5784121751785278,0.04896962642669678,0.529442548751831,0.11497074365615845,0.11497074365615845,48.50820595026016
crack0046_03.png,226.07092210948468,85.61227416992188,2.3666930198669434,83.24558115005493,120.78758239746094,1.67375910282135,119.11382329463959,0.20156528055667877,0.7638756632804871,0.5623103827238083,0.0,0.6975158452987671,0.6975158452987671,0.0,0.7098152041435242,0.7098152041435242,0.5808957815170288,0.023537101224064827,0.557358680292964,0.12271523475646973,0.12271523475646973,55.131398022174835
crack0046_04.png,222.50037968158722,82.36396789550781,2.876298427581787,79.48766946792603,119.50067901611328,2.342874050140381,117.1578049659729,0.19112376868724823,0.7737146019935608,0.5825908333063126,0.0,0.6851131916046143,0.6851131916046143,0.0,0.6890254616737366,0.6890254616737366,0.5779392719268799,0.02449442446231842,0.5534448474645615,0.10470691323280334,0.10470691323280334,54.2702779173851
crack0046_05.png,237.08287906050683,94.49282836914062,2.134742498397827,92.3580858707428,120.97019958496094,1.4417065382003784,119.52849304676056,0.20779851078987122,0.7921943068504333,0.5843957960605621,0.0,0.7116557359695435,0.7116557359695435,0.0,0.7159819602966309,0.7159819602966309,0.5809650421142578,0.03857747092843056,0.5423875711858273,0.10732534527778625,0.10732534527778625,59.084476470947266
crack0046_06.png,203.5893351018429,71.0030746459961,4.437343597412109,66.56573104858398,119.3338851928711,2.019253730773926,117.31463146209717,0.15191011130809784,0.7320706844329834,0.5801605731248856,0.0,0.5608769655227661,0.5608769655227661,0.0,0.6719484329223633,0.6719484329223633,0.5737600922584534,0.04251441732048988,0.5312456749379635,0.12525232136249542,0.12525232136249542,51.556006133556366
crack0046_07.png,215.52154847085475,77.31558990478516,2.385568618774414,74.93002128601074,115.7804946899414,2.052241802215576,113.72825288772583,0.2318054586648941,0.7657583951950073,0.5339529365301132,0.0,0.7534175515174866,0.7534175515174866,0.0,0.7405374050140381,0.7405374050140381,0.5838215947151184,0.027639368548989296,0.5561822261661291,0.1058574765920639,0.1058574765920639,49.295115530490875
crack0046_08.png,209.39612528681755,63.25585174560547,1.502798318862915,61.753053426742554,123.69697570800781,1.7251509428024292,121.97182476520538,0.1934635192155838,0.7606970071792603,0.5672334879636765,0.0,0.7738850116729736,0.7738850116729736,0.0,0.7183141708374023,0.7183141708374023,0.579734742641449,0.016728181391954422,0.5630065612494946,0.10992326587438583,0.10992326587438583,43.96090358495712
crack0046_09.png,203.81489174365998,69.35487365722656,3.4291234016418457,65.92575025558472,120.34724426269531,2.739635705947876,117.60760855674744,0.2230347990989685,0.7589476704597473,0.5359128713607788,0.0,0.6576850414276123,0.6576850414276123,0.0,0.657895565032959,0.657895565032959,0.5792041420936584,0.037562474608421326,0.5416416674852371,0.11411724984645844,0.11411724984645844,46.17807626724243
crack0047_00.png,266.55552869737147,138.6409912109375,2.7651004791259766,135.87589073181152,103.19761657714844,2.0227465629577637,101.17487001419067,0.2603619694709778,0.8008974194526672,0.5405354499816895,0.09254330396652222,0.7182832956314087,0.6257399916648865,0.29342204332351685,0.6958513259887695,0.4024292826652527,0.5793194770812988,0.030888119712471962,0.5484313573688269,0.1107284277677536,0.1107284277677536,78.25410676002502
crack0047_01.png,268.5232197970152,149.83355712890625,3.142310380935669,146.69124674797058,106.51719665527344,1.8199410438537598,104.69725561141968,0.2763480842113495,0.7756140828132629,0.49926599860191345,0.24733740091323853,0.6900351047515869,0.4426977038383484,0.430678129196167,0.702843427658081,0.27216529846191406,0.5778815746307373,0.020284505560994148,0.5575970690697432,0.11977816373109818,0.11977816373109818,83.02231168746948
crack0047_02.png,285.40420284867287,156.81143188476562,2.926058769226074,153.88537311553955,108.49079132080078,1.7031437158584595,106.78764760494232,0.23882058262825012,0.801335871219635,0.5625152885913849,0.1142086386680603,0.6542396545410156,0.5400310158729553,0.30738264322280884,0.6653639078140259,0.35798126459121704,0.5797462463378906,0.02471357211470604,0.5550326742231846,0.11401143670082092,0.11401143670082092,88.72936022281647
crack0047_03.png,286.14116154909135,152.91827392578125,2.1727914810180664,150.74548244476318,106.30921936035156,1.248038649559021,105.06118071079254,0.22267265617847443,0.8059425354003906,0.5832698792219162,0.1566106081008911,0.7709138989448547,0.6143032908439636,0.3450857996940613,0.7709257006645203,0.425839900970459,0.5741676092147827,0.020730488002300262,0.5534371212124825,0.10558788478374481,0.10558788478374481,87.1518777012825
crack0047_04.png,269.6880254030228,148.32168579101562,6.267062187194824,142.0546236038208,112.75055694580078,3.0732569694519043,109.67729997634888,0.2733228802680969,0.7450425624847412,0.4717196822166443,0.0,0.6239675283432007,0.6239675283432007,0.22308111190795898,0.6863704919815063,0.46328938007354736,0.5752633810043335,0.04860822856426239,0.5266551524400711,0.10666801035404205,0.10666801035404205,83.90553641319275
crack0047_05.png,286.78579515814783,157.0056610107422,4.0764546394348145,152.92920637130737,106.37228393554688,1.9788247346878052,104.39345920085907,0.23367859423160553,0.8027145862579346,0.569035992026329,0.0,0.6176915168762207,0.6176915168762207,0.2248150110244751,0.7299507260322571,0.505135715007782,0.5761860609054565,0.029469434171915054,0.5467166267335415,0.09991727769374847,0.09991727769374847,89.56778460741043
crack0047_06.png,296.5577464580536,158.99749755859375,1.5935078859329224,157.40398967266083,109.0597152709961,1.2866847515106201,107.77303051948547,0.2187044620513916,0.8189992308616638,0.6002947688102722,0.1325371265411377,0.7652257680892944,0.6326886415481567,0.36091190576553345,0.7532632946968079,0.3923513889312744,0.5805574655532837,0.012722030282020569,0.5678354352712631,0.10161793231964111,0.10161793231964111,90.39553362131119
crack0047_07.png,272.2121320530772,136.56703186035156,1.5914212465286255,134.97561061382294,104.73837280273438,0.9915046691894531,103.74686813354492,0.28613218665122986,0.8269404172897339,0.540808230638504,0.0,0.746241569519043,0.746241569519043,0.30403614044189453,0.727831244468689,0.42379510402679443,0.58004230260849,0.014455978758633137,0.5655863238498569,0.10719369351863861,0.10719369351863861,75.1129874587059
crack0047_08.png,283.3870208323002,155.68202209472656,3.9049785137176514,151.7770435810089,115.21746826171875,2.620087146759033,112.59738111495972,0.20836836099624634,0.7801430821418762,0.5717747211456299,0.24089550971984863,0.7193994522094727,0.478503942489624,0.3632897734642029,0.7177957892417908,0.3545060157775879,0.5806689858436584,0.03844675049185753,0.5422222353518009,0.10761433839797974,0.10761433839797974,90.51815807819366
crack0047_09.png,294.19461477398875,161.82284545898438,3.5256686210632324,158.29717683792114,116.81512451171875,2.3280460834503174,114.48707842826843,0.17581619322299957,0.7944333553314209,0.6186171621084213,0.23313438892364502,0.7037516832351685,0.47061729431152344,0.3665947914123535,0.7319746017456055,0.36537981033325195,0.5808880925178528,0.03617454692721367,0.5447135455906391,0.10535380989313126,0.10535380989313126,95.36080914735794
crack0048_00.png,212.6762212097645,76.58869934082031,3.1673200130462646,73.42137932777405,114.87775421142578,1.75177001953125,113.12598419189453,0.1530209332704544,0.7311643958091736,0.5781434625387192,0.008921384811401367,0.6632147431373596,0.6542933583259583,0.14145004749298096,0.6925275325775146,0.5510774850845337,0.5828450322151184,0.04331411048769951,0.5395309217274189,0.13731983304023743,0.13731983304023743,54.01055496931076
crack0048_01.png,213.29001531898976,72.15511322021484,2.1246018409729004,70.03051137924194,109.88883972167969,0.9502663612365723,108.93857336044312,0.16927947103977203,0.7680383920669556,0.5987589210271835,0.0,0.7234998345375061,0.7234998345375061,0.05756324529647827,0.8227462768554688,0.7651830315589905,0.5876970291137695,0.016612840816378593,0.5710841882973909,0.11340188980102539,0.11340188980102539,50.49097043275833
crack0048_02.png,210.86449898183346,76.73904418945312,2.243540048599243,74.49550414085388,112.4165267944336,1.445922613143921,110.97060418128967,0.1931099146604538,0.7339295148849487,0.5408196002244949,0.02943742275238037,0.6933801174163818,0.6639426946640015,0.1504858136177063,0.7251737713813782,0.5746879577636719,0.5825374722480774,0.02860053814947605,0.5539369340986013,0.1475643515586853,0.1475643515586853,51.20619612932205
crack0048_03.png,209.20794274508953,69.90641021728516,2.4443910121917725,67.46201920509338,114.70884704589844,1.423836350440979,113.28501069545746,0.18892988562583923,0.7630993127822876,0.5741694271564484,0.008540809154510498,0.7093390226364136,0.7007982134819031,0.08201658725738525,0.7442145347595215,0.6621979475021362,0.5917378067970276,0.0300768930464983,0.5616609137505293,0.1343851387500763,0.1343851387500763,48.509119749069214
crack0048_04.png,210.43781939446927,70.66744995117188,2.207289218902588,68.46016073226929,111.88163757324219,1.2724380493164062,110.60919952392578,0.17943300306797028,0.7705128192901611,0.5910798162221909,0.0,0.6860418319702148,0.6860418319702148,0.03294992446899414,0.7739020586013794,0.7409521341323853,0.5910072922706604,0.01585928536951542,0.575148006901145,0.11356669664382935,0.11356669664382935,49.31168109178543
crack0048_05.png,215.98073222637177,68.9006118774414,2.0428240299224854,66.85778784751892,120.72442626953125,1.9249844551086426,118.79944181442261,0.1669265329837799,0.7908145189285278,0.6238879859447479,0.0,0.7524608373641968,0.7524608373641968,0.0,0.776538074016571,0.776538074016571,0.58980393409729,0.049961552023887634,0.5398423820734024,0.10281916707754135,0.10281916707754135,49.04828333854675
crack0048_06.png,199.88968422412873,60.569454193115234,2.190471887588501,58.37898230552673,115.23887634277344,1.2079306840896606,114.03094565868378,0.16083139181137085,0.7504982352256775,0.5896668434143066,0.0,0.6465288400650024,0.6465288400650024,0.0386430025100708,0.7260034680366516,0.6873604655265808,0.5862783789634705,0.014682814478874207,0.5715955644845963,0.13001374900341034,0.13001374900341034,45.181214690208435
crack0048_07.png,205.45823630690575,75.24187469482422,4.056145191192627,71.18572950363159,112.79747009277344,1.8106454610824585,110.98682463169098,0.16577325761318207,0.7210867404937744,0.5553134828805923,0.0,0.5959599018096924,0.5959599018096924,0.09106934070587158,0.7394540905952454,0.6483847498893738,0.5789580941200256,0.03860053792595863,0.540357556194067,0.11123140156269073,0.11123140156269073,52.860938251018524
crack0048_08.png,195.65088630914687,56.45626449584961,2.2643141746520996,54.19195032119751,110.854736328125,1.3365273475646973,109.5182089805603,0.16941837966442108,0.7533823251724243,0.5839639455080032,0.0,0.7194187641143799,0.7194187641143799,0.06384158134460449,0.7844579815864563,0.7206164002418518,0.586455225944519,0.03251057118177414,0.5539446547627449,0.11305082589387894,0.11305082589387894,42.65339559316635
crack0048_09.png,200.5543698579073,76.58169555664062,2.844003438949585,73.73769211769104,107.36199951171875,2.438704490661621,104.92329502105713,0.1600511223077774,0.7236707210540771,0.5636195987462997,0.20135849714279175,0.6250303387641907,0.4236718416213989,0.28786230087280273,0.6696164608001709,0.38175415992736816,0.5885005593299866,0.018227605149149895,0.5702729541808367,0.15551979839801788,0.15551979839801788,53.649804532527924
crack0049_00.png,203.21082451641558,85.68106842041016,2.0812132358551025,83.59985518455505,109.63729858398438,1.159839153289795,108.47745943069458,0.367439866065979,0.778698205947876,0.411258339881897,0.2415257692337036,0.7583879828453064,0.5168622136116028,0.2193036675453186,0.7737711668014526,0.554467499256134,0.5836947560310364,0.01757401041686535,0.566120745614171,0.11142250150442123,0.11142250150442123,45.182539105415344
crack0049_01.png,199.0569949924946,85.9820785522461,3.0200393199920654,82.96203923225403,108.99415588378906,1.1528077125549316,107.84134817123413,0.3124467432498932,0.7650995254516602,0.45265278220176697,0.3004014492034912,0.6720551252365112,0.37165367603302,0.2828184962272644,0.7057772874832153,0.4229587912559509,0.5766320824623108,0.029630910605192184,0.5470011718571186,0.13197965919971466,0.13197965919971466,48.81953763961792
crack0049_02.png,210.8403507322073,93.05107879638672,3.9913039207458496,89.05977487564087,113.49846649169922,2.4357264041900635,111.06274008750916,0.29014015197753906,0.7482361793518066,0.4580960273742676,0.2591186761856079,0.7069904804229736,0.4478718042373657,0.22675079107284546,0.6995449066162109,0.4727941155433655,0.5889580845832825,0.019134948030114174,0.5698231365531683,0.1097642108798027,0.1097642108798027,54.67110562324524
crack0049_03.png,183.34294219911098,69.80498504638672,1.6549763679504395,68.15000867843628,102.65281677246094,1.6719696521759033,100.98084712028503,0.3409300446510315,0.7858670949935913,0.4449370503425598,0.32714253664016724,0.7455301284790039,0.41838759183883667,0.25785940885543823,0.6939700841903687,0.4361106753349304,0.579561710357666,0.01780853606760502,0.561753174290061,0.11725929379463196,0.11725929379463196,38.45664644241333
crack0049_04.png,215.8988096833229,95.49469757080078,3.173933506011963,92.32076406478882,114.03729248046875,1.2475305795669556,112.7897619009018,0.2788809537887573,0.7358246445655823,0.45694369077682495,0.2449328899383545,0.7227451205253601,0.4778122305870056,0.22704732418060303,0.734505295753479,0.507457971572876,0.5931910872459412,0.02333717793226242,0.5698539093136787,0.13694436848163605,0.13694436848163605,56.32910180091858
crack0049_05.png,198.72195975780488,79.282958984375,3.5717766284942627,75.71118235588074,107.49198913574219,1.5241913795471191,105.96779775619507,0.27422550320625305,0.7464920282363892,0.4722665250301361,0.24282407760620117,0.7483692169189453,0.5055451393127441,0.20134395360946655,0.7761988639831543,0.5748549103736877,0.5867243409156799,0.02121107280254364,0.5655132681131363,0.1096375361084938,0.1096375361084938,48.442811250686646
crack0049_06.png,213.3104610145092,86.82882690429688,1.7219377756118774,85.106889128685,115.27129364013672,1.4742786884307861,113.79701495170593,0.27830520272254944,0.7497134208679199,0.4714082181453705,0.21063631772994995,0.797407329082489,0.5867710113525391,0.1802789568901062,0.7709205150604248,0.5906415581703186,0.5839523077011108,0.04642060771584511,0.5375316999852657,0.10785672068595886,0.10785672068595886,50.93516248464584
crack0049_07.png,210.47080478668212,87.55487060546875,1.873016595840454,85.6818540096283,115.12142944335938,1.3627042770385742,113.7587251663208,0.2847079336643219,0.7548725605010986,0.47016462683677673,0.26962363719940186,0.7575439214706421,0.48792028427124023,0.24622124433517456,0.7814326286315918,0.5352113842964172,0.5852172374725342,0.031330257654190063,0.5538869798183441,0.11036068201065063,0.11036068201065063,51.040157079696655
crack0049_08.png,192.84944661855698,80.06820678710938,1.6850993633270264,78.38310742378235,108.93235778808594,1.356690526008606,107.57566726207733,0.3892926275730133,0.792206346988678,0.4029137194156647,0.3495802879333496,0.7699699401855469,0.42038965225219727,0.23188042640686035,0.7370965480804443,0.505216121673584,0.5872471928596497,0.027562476694583893,0.5596847161650658,0.10781364142894745,0.10781364142894745,41.00898313522339
crack0049_09.png,212.88299584388733,86.63310241699219,3.912612199783325,82.72049021720886,114.9388427734375,1.8818624019622803,113.05698037147522,0.24562041461467743,0.7579772472381592,0.5123568326234818,0.11721169948577881,0.688093900680542,0.5708822011947632,0.1578274369239807,0.7293976545333862,0.5715702176094055,0.5807766318321228,0.052879661321640015,0.5278969705104828,0.1086392030119896,0.1086392030119896,53.76669770479202
crack0050_00.png,200.5272592306137,75.26606750488281,1.939263939857483,73.32680356502533,103.66448211669922,1.7465298175811768,101.91795229911804,0.2109147608280182,0.7929100394248962,0.581995278596878,0.276064395904541,0.7167850136756897,0.4407206177711487,0.3307116627693176,0.7298363447189331,0.3991246819496155,0.5750634074211121,0.018942713737487793,0.5561206936836243,0.1108076348900795,0.1108076348900795,48.95031636953354
crack0050_01.png,183.26711993813515,62.23820495605469,2.789884567260742,59.448320388793945,101.23007202148438,2.1460132598876953,99.08405876159668,0.18691833317279816,0.7734647393226624,0.5865464061498642,0.340719997882843,0.7195960879325867,0.37887609004974365,0.2753719687461853,0.7266750931739807,0.4513031244277954,0.5832718014717102,0.030611302703619003,0.5526604987680912,0.1152789369225502,0.1152789369225502,44.629816830158234
crack0050_02.png,191.85733847618104,68.35433197021484,4.138051509857178,64.21628046035767,105.73541259765625,3.3770623207092285,102.35835027694702,0.21939948201179504,0.7564496397972107,0.5370501577854156,0.08517462015151978,0.6214276552200317,0.536253035068512,0.11901676654815674,0.653666615486145,0.5346498489379883,0.5877624154090881,0.030672818422317505,0.5570895969867706,0.13868296146392822,0.13868296146392822,46.59271943569183
crack0050_03.png,193.1965375483036,72.98860168457031,3.3741257190704346,69.61447596549988,104.19313049316406,2.15584397315979,102.03728652000427,0.16748443245887756,0.723993718624115,0.5565092861652374,0.23202157020568848,0.6397579908370972,0.4077364206314087,0.21999317407608032,0.6556391716003418,0.4356459975242615,0.5822683572769165,0.03384467586874962,0.5484236814081669,0.14475572109222412,0.14475572109222412,51.42303204536438
crack0050_04.png,197.84855794906616,81.23304748535156,1.7193208932876587,79.5137265920639,105.97486877441406,1.5578492879867554,104.41701948642731,0.20722392201423645,0.7040583491325378,0.4968344271183014,0.4143640995025635,0.7679523229598999,0.3535882234573364,0.30601704120635986,0.7451034784317017,0.4390864372253418,0.5861861109733582,0.019242599606513977,0.5669435113668442,0.13502147793769836,0.13502147793769836,52.49019330739975
crack0050_05.png,196.42832140922548,70.50767517089844,2.2713093757629395,68.2363657951355,104.8554916381836,1.519424319267273,103.33606731891632,0.16900169849395752,0.7650330066680908,0.5960313081741333,0.30245494842529297,0.725010097026825,0.422555148601532,0.29197895526885986,0.7269827723503113,0.4350038170814514,0.5790042281150818,0.022183775901794434,0.5568204522132874,0.12250868231058121,0.12250868231058121,49.40955948829651
crack0050_06.png,188.114781960845,66.95759582519531,2.1761202812194824,64.78147554397583,109.00860595703125,2.0480756759643555,106.9605302810669,0.20433002710342407,0.7364688515663147,0.5321388244628906,0.2884770631790161,0.6804488897323608,0.3919718265533447,0.3035917282104492,0.6913343667984009,0.38774263858795166,0.5844636559486389,0.02698577381670475,0.5574778821319342,0.15184777975082397,0.15184777975082397,45.68560266494751
crack0050_07.png,183.5430893421173,65.88285827636719,3.6061692237854004,62.27668905258179,103.041015625,2.400019645690918,100.64099597930908,0.1686188131570816,0.7473520636558533,0.5787332504987717,0.3262717127799988,0.649726152420044,0.32345443964004517,0.31284862756729126,0.6840815544128418,0.37123292684555054,0.5776124596595764,0.033283352851867676,0.5443291068077087,0.1306588351726532,0.1306588351726532,47.731883347034454
crack0050_08.png,200.73075513839723,75.37629699707031,1.831061601638794,73.54523539543152,103.43677520751953,1.1753724813461304,102.2614027261734,0.18669380247592926,0.7606403231620789,0.5739465206861496,0.3068286180496216,0.7531067728996277,0.4462781548500061,0.3236865997314453,0.7495021820068359,0.4258155822753906,0.5798116326332092,0.01695886254310608,0.5628527700901031,0.13882854580879211,0.13882854580879211,50.59451645612717
crack0050_09.png,196.3611896276474,65.36177062988281,2.233185291290283,63.12858533859253,102.70858001708984,1.6292039155960083,101.07937610149384,0.19905652105808258,0.7805071473121643,0.5814506262540817,0.08532512187957764,0.6847404837608337,0.5994153618812561,0.1068074107170105,0.7030869722366333,0.5962795615196228,0.5821991562843323,0.02449442446231842,0.5577047318220139,0.12091895937919617,0.12091895937919617,45.142052948474884
crack0051_00.png,193.0834412753582,93.41802978515625,2.1550612449645996,91.26296854019165,108.7366943359375,1.431060791015625,107.30563354492188,0.3660266697406769,0.6281501054763794,0.2621234357357025,0.32893556356430054,0.7073402404785156,0.3784046769142151,0.3502005934715271,0.7333656549453735,0.38316506147384644,0.5813033580780029,0.011499423533678055,0.5698039345443249,0.1594030112028122,0.1594030112028122,49.07707965373993
crack0051_01.png,194.4289373755455,96.0213394165039,3.412357807159424,92.60898160934448,108.87232971191406,1.962068796157837,106.91026091575623,0.3278738260269165,0.6548211574554443,0.32694733142852783,0.3899957537651062,0.66987144947052,0.2798756957054138,0.4152300953865051,0.6877832412719727,0.27255314588546753,0.581334114074707,0.03870818763971329,0.5426259264349937,0.17284634709358215,0.17284634709358215,53.297783613204956
crack0051_02.png,197.62735306620598,87.59080505371094,2.6089584827423096,84.98184657096863,112.61506652832031,1.566617488861084,111.04844903945923,0.30792710185050964,0.5884799361228943,0.28055283427238464,0.13035154342651367,0.7220847606658936,0.5917332172393799,0.1808387041091919,0.7510138154029846,0.5701751112937927,0.5819492340087891,0.029134947806596756,0.5528142862021923,0.14524365961551666,0.14524365961551666,49.90222501754761
crack0051_03.png,198.5879973948002,97.8846435546875,2.6860191822052,95.1986243724823,104.29487609863281,1.9615627527236938,102.33331334590912,0.31812965869903564,0.5865548849105835,0.26842522621154785,0.26199227571487427,0.7397110462188721,0.4777187705039978,0.2542790174484253,0.7402676343917847,0.4859886169433594,0.5780737996101379,0.031241830438375473,0.5468319691717625,0.13314928114414215,0.13314928114414215,54.32050383090973
crack0051_04.png,197.61887101531028,87.68364715576172,1.4883383512496948,86.19530880451202,104.4327392578125,1.7942140102386475,102.63852524757385,0.32397234439849854,0.6396431922912598,0.31567084789276123,0.17768126726150513,0.7320600748062134,0.5543788075447083,0.26130491495132446,0.735007643699646,0.47370272874832153,0.5849942564964294,0.011510957032442093,0.5734832994639874,0.1553853452205658,0.1553853452205658,48.54742234945297
crack0051_05.png,189.3189362719655,84.30839538574219,1.3293654918670654,82.97902989387512,101.89077758789062,1.1030805110931396,100.78769707679749,0.3315421938896179,0.6520854234695435,0.32054322957992554,0.3290005922317505,0.7645825147628784,0.43558192253112793,0.3370055556297302,0.7625537514686584,0.4255481958389282,0.5859169363975525,0.011964629404246807,0.5739523069933057,0.1448998749256134,0.1448998749256134,46.36302626132965
crack0051_06.png,186.9983068585396,87.05642700195312,2.552283525466919,84.5041434764862,108.33552551269531,1.7975854873657227,106.53794002532959,0.3255283832550049,0.6516733765602112,0.3261449933052063,0.38443636894226074,0.7033002376556396,0.3188638687133789,0.36010390520095825,0.7034792900085449,0.34337538480758667,0.5778508186340332,0.052029989659786224,0.525820828974247,0.1549270749092102,0.1549270749092102,48.38668501377106
crack0051_07.png,250.74323302209376,131.77694702148438,2.361175775527954,129.41577124595642,131.978271484375,1.5318644046783447,130.44640707969666,0.271626353263855,0.6273415088653564,0.35571515560150146,0.2182101607322693,0.6722112894058228,0.45400112867355347,0.30690836906433105,0.6755720376968384,0.3686636686325073,0.5850442051887512,0.02175317145884037,0.5632910337299109,0.18831858038902283,0.18831858038902283,74.17324841022491
crack0051_08.png,206.69957124888896,93.88711547851562,1.1892545223236084,92.69786095619202,110.39607238769531,0.9631814956665039,109.43289089202881,0.3569716215133667,0.6448903679847717,0.28791874647140503,0.12503719329833984,0.7331603765487671,0.6081231832504272,0.20392340421676636,0.7715110182762146,0.5675876140594482,0.5822299122810364,0.010476740077137947,0.5717531722038984,0.17483831942081451,0.17483831942081451,49.40908420085907
crack0051_09.png,209.86862320005895,100.36651611328125,1.0800492763519287,99.28646683692932,108.62776947021484,0.8709615468978882,107.75680792331696,0.3017945885658264,0.6193392872810364,0.31754469871520996,0.3287994861602783,0.8034871816635132,0.47468769550323486,0.3299233913421631,0.8065528869628906,0.47662949562072754,0.5815762877464294,0.00436755083501339,0.577208736911416,0.14525684714317322,0.14525684714317322,55.87865889072418
crack0052_00.png,261.83943794369696,128.43020629882812,3.8196280002593994,124.61057829856873,125.16515350341797,2.1399049758911133,123.02524852752686,0.18991521000862122,0.7338745594024658,0.5439593493938446,0.0,0.5590516328811646,0.5590516328811646,0.13105309009552002,0.6372325420379639,0.5061794519424438,0.5844367742538452,0.030938100069761276,0.5534986741840839,0.1221269890666008,0.1221269890666008,78.1074755191803
crack0052_01.png,262.2536615103483,125.14795684814453,3.1222305297851562,122.02572631835938,128.45733642578125,2.2676010131835938,126.18973541259766,0.19979634881019592,0.7451517581939697,0.5453554093837738,0.0,0.6012639999389648,0.6012639999389648,0.18327784538269043,0.6535276770591736,0.47024983167648315,0.5818877220153809,0.030061515048146248,0.5518262069672346,0.13129542768001556,0.13129542768001556,75.42282164096832
crack0052_02.png,273.4157486014068,136.0636444091797,2.032045841217041,134.03159856796265,122.92568969726562,1.5485281944274902,121.37716150283813,0.20328281819820404,0.7047113180160522,0.5014284998178482,0.0,0.6829770803451538,0.6829770803451538,0.0,0.7447667121887207,0.7447667121887207,0.5912072062492371,0.006209150422364473,0.5849980558268726,0.10013425350189209,0.10013425350189209,80.4991642832756
crack0052_03.png,283.33317916989324,142.63499450683594,1.9285483360290527,140.70644617080688,145.94912719726562,1.5377519130706787,144.41137528419495,0.2572767436504364,0.6891787648200989,0.4319020211696625,0.0,0.6979542970657349,0.6979542970657349,0.016553103923797607,0.7299989461898804,0.7134458422660828,0.5868012309074402,0.027004998177289963,0.5597962327301502,0.11207370460033417,0.11207370460033417,80.31721603870392
crack0052_04.png,273.5625610589981,133.83897399902344,2.141043186187744,131.6979308128357,134.69403076171875,1.9140101671218872,132.78002059459686,0.24259185791015625,0.734860360622406,0.49226850271224976,0.0,0.6792112588882446,0.6792112588882446,0.0,0.6994583010673523,0.6994583010673523,0.5919761657714844,0.03690887987613678,0.5550672858953476,0.10266714543104172,0.10266714543104172,77.11354374885559
crack0052_05.png,264.0598309755325,129.10121154785156,2.8595175743103027,126.24169397354126,125.57321166992188,1.938896656036377,123.6343150138855,0.17829009890556335,0.7154400944709778,0.5371499955654144,0.10294151306152344,0.6740955114364624,0.571153998374939,0.14743930101394653,0.716555118560791,0.5691158175468445,0.5809457898139954,0.017289504408836365,0.563656285405159,0.11142157763242722,0.11142157763242722,78.52079021930695
crack0052_06.png,267.84309147298336,135.04751586914062,3.3642520904541016,131.68326377868652,124.48469543457031,1.9533922672271729,122.53130316734314,0.20015615224838257,0.7114170789718628,0.5112609267234802,0.0,0.6069797277450562,0.6069797277450562,0.135809063911438,0.7193998098373413,0.5835907459259033,0.5751672387123108,0.025986159220337868,0.5491810794919729,0.11059202998876572,0.11059202998876572,80.20320439338684
crack0052_07.png,270.49591739475727,130.44696044921875,1.9454463720321655,128.50151407718658,123.15859985351562,1.807366132736206,121.35123372077942,0.1961309164762497,0.7164466977119446,0.5203157812356949,0.0,0.7258968949317932,0.7258968949317932,0.0649610161781311,0.7165854573249817,0.6516244411468506,0.5896847248077393,0.019865436479449272,0.56981928832829,0.1146358922123909,0.1146358922123909,78.01573741436005
crack0052_08.png,273.09245759248734,138.59779357910156,3.68713641166687,134.9106571674347,126.33468627929688,2.2128820419311523,124.12180423736572,0.20918293297290802,0.7312578558921814,0.5220749229192734,0.0,0.6155669689178467,0.6155669689178467,0.12911701202392578,0.6604106426239014,0.5312936305999756,0.5886889696121216,0.03507881611585617,0.5536101534962654,0.11571667343378067,0.11571667343378067,82.1390478014946
crack0052_09.png,258.6141921937466,124.75188446044922,4.160501956939697,120.59138250350952,126.86416625976562,2.2209665775299072,124.64319968223572,0.19247666001319885,0.6953751444816589,0.5028984844684601,0.0,0.6347349882125854,0.6347349882125854,0.08578413724899292,0.6797387599945068,0.5939546227455139,0.5865205526351929,0.022914264351129532,0.5636062882840633,0.12004446983337402,0.12004446983337402,76.36841571331024
crack0053_00.png,222.91913890838623,104.27656555175781,2.01285457611084,102.26371097564697,125.2506103515625,1.8010916709899902,123.44951868057251,0.2594963014125824,0.6462834477424622,0.38678714632987976,0.22281920909881592,0.6728962659835815,0.4500770568847656,0.24773812294006348,0.6735457181930542,0.4258075952529907,0.5876009464263916,0.0293617844581604,0.5582391619682312,0.1913907825946808,0.1913907825946808,61.078969836235046
crack0053_01.png,206.7609868824482,84.83920288085938,2.785352945327759,82.05384993553162,114.1588134765625,2.592982053756714,111.56583142280579,0.29912638664245605,0.7199471592903137,0.42082077264785767,0.12825584411621094,0.7397608757019043,0.6115050315856934,0.2501182556152344,0.6809607744216919,0.4308425188064575,0.5908881425857544,0.04201461002230644,0.548873532563448,0.13689425587654114,0.13689425587654114,49.50022041797638
crack0053_02.png,219.28087953329086,106.1934814453125,3.1506869792938232,103.04279446601868,124.55970764160156,2.434173583984375,122.12553405761719,0.25548556447029114,0.6884335279464722,0.43294796347618103,0.3836822509765625,0.6513681411743164,0.2676858901977539,0.3696596026420593,0.6460821628570557,0.27642256021499634,0.5858746767044067,0.03475970774888992,0.5511149689555168,0.17864513397216797,0.17864513397216797,62.77793741226196
crack0053_03.png,289.24562430381775,155.96351623535156,3.552036762237549,152.411479473114,153.25169372558594,2.17081356048584,151.0808801651001,0.24231824278831482,0.6727112531661987,0.4303930103778839,0.14579898118972778,0.6420166492462158,0.49621766805648804,0.11950784921646118,0.6690793037414551,0.5495714545249939,0.5856401324272156,0.03259900212287903,0.5530411303043365,0.17171522974967957,0.17171522974967957,88.64428722858429
crack0053_04.png,238.79266214966773,114.80943298339844,3.2555155754089355,111.5539174079895,120.91217041015625,3.4506914615631104,117.46147894859314,0.20241281390190125,0.656627893447876,0.45421507954597473,0.17604005336761475,0.7196999788284302,0.5436599254608154,0.19182318449020386,0.6672972440719604,0.4754740595817566,0.5855478644371033,0.03128411993384361,0.5542637445032597,0.1452067792415619,0.1452067792415619,70.30962002277374
crack0053_05.png,305.53359546363356,165.36756896972656,3.2678966522216797,162.09967231750488,147.1938934326172,1.9895339012145996,145.2043595314026,0.1675843596458435,0.7094122171401978,0.5418278574943542,0.25980061292648315,0.7505991458892822,0.4907985329627991,0.08763504028320312,0.7341662645339966,0.6465312242507935,0.5884544253349304,0.029104189947247505,0.5593502353876829,0.13138458132743835,0.13138458132743835,97.80084824562073
crack0053_06.png,228.20547932386398,112.84190368652344,3.012662887573242,109.8292407989502,124.90362548828125,2.536498546600342,122.36712694168091,0.2744121849536896,0.6513175368309021,0.3769053518772125,0.23703503608703613,0.6704853773117065,0.4334503412246704,0.2075057029724121,0.6495517492294312,0.44204604625701904,0.5864590406417847,0.03798539191484451,0.5484736487269402,0.15551286935806274,0.15551286935806274,64.92091381549835
crack0053_07.png,219.0893798351288,102.57452392578125,0.7133492827415466,101.8611746430397,119.2962646484375,1.0114006996154785,118.28486394882202,0.28296828269958496,0.6463862061500549,0.36341792345046997,0.33813363313674927,0.7836140990257263,0.44548046588897705,0.2901262640953064,0.738534688949585,0.44840842485427856,0.5887581706047058,0.013217993080615997,0.5755401775240898,0.1654158979654312,0.1654158979654312,58.21616646647453
crack0053_08.png,209.17413021326064,92.90618133544922,2.398794174194336,90.50738716125488,117.59034729003906,2.5692920684814453,115.02105522155762,0.2559089660644531,0.6845598816871643,0.4286509156227112,0.336933970451355,0.7420302033424377,0.40509623289108276,0.3035634756088257,0.6948069334030151,0.39124345779418945,0.5839138627052307,0.029853902757167816,0.5540599599480629,0.1532180905342102,0.1532180905342102,55.65450429916382
crack0053_09.png,217.7402729511261,94.75385284423828,3.1762940883636475,91.57755875587463,113.83818054199219,1.9069031476974487,111.93127739429474,0.23154816031455994,0.7359009385108948,0.5043527781963348,0.20041805505752563,0.6756333112716675,0.47521525621414185,0.2411355972290039,0.6736655235290527,0.43252992630004883,0.5899769067764282,0.03914263844490051,0.5508342683315277,0.1429348587989807,0.1429348587989807,58.6712601184845
crack0054_00.png,197.24980021715163,94.17788696289062,3.859135627746582,90.31875133514404,103.923583984375,3.8357715606689453,100.08781242370605,0.2812546491622925,0.7076182961463928,0.42636364698410034,0.41685986518859863,0.7355848550796509,0.31872498989105225,0.4339591860771179,0.6956815719604492,0.2617223858833313,0.5719684958457947,0.07102268189191818,0.5009458139538765,0.1471952199935913,0.1471952199935913,55.02197217941284
crack0054_01.png,205.56579068899154,100.70938873291016,3.7786364555358887,96.93075227737427,108.44151306152344,2.0730533599853516,106.36845970153809,0.28228187561035156,0.6855833530426025,0.403301477432251,0.39734214544296265,0.7050412893295288,0.30769914388656616,0.386971116065979,0.6804203987121582,0.2934492826461792,0.5785082578659058,0.04061899334192276,0.537889264523983,0.21398842334747314,0.21398842334747314,58.44743037223816
crack0054_02.png,198.56357577443123,87.35285186767578,2.3297531604766846,85.0230987071991,103.46286010742188,1.2364156246185303,102.22644448280334,0.2005365937948227,0.6621882915496826,0.4616516977548599,0.46587496995925903,0.8166314363479614,0.3507564663887024,0.41290849447250366,0.7835593819618225,0.37065088748931885,0.5770395994186401,0.034851979464292526,0.5421876199543476,0.17496246099472046,0.17496246099472046,55.89069086313248
crack0054_03.png,187.03638613820075,88.02640533447266,4.7141852378845215,83.31222009658813,98.00643920898438,2.9606661796569824,95.04577302932739,0.2992671728134155,0.6829343438148499,0.3836671710014343,0.4072139859199524,0.7601308226585388,0.3529168367385864,0.4457070231437683,0.7413995862007141,0.2956925630569458,0.5748212337493896,0.052425991743803024,0.5223952420055866,0.1450170874595642,0.1450170874595642,51.40711426734924
crack0054_04.png,205.34051253795624,100.25235748291016,2.586719274520874,97.66563820838928,102.31161499023438,1.579891324043274,100.7317236661911,0.20842187106609344,0.6819761991500854,0.473554328083992,0.5187199115753174,0.714612603187561,0.19589269161224365,0.45437103509902954,0.6942856311798096,0.23991459608078003,0.581011176109314,0.03945790231227875,0.5415532737970352,0.21593201160430908,0.21593201160430908,62.15467315912247
crack0054_05.png,207.8326041340828,99.23587036132812,2.9464993476867676,96.28937101364136,106.9629898071289,1.4309083223342896,105.53208148479462,0.22433267533779144,0.6937570571899414,0.46942438185214996,0.4628918766975403,0.707449197769165,0.24455732107162476,0.445578396320343,0.6988269686698914,0.25324857234954834,0.5875163674354553,0.03766243904829025,0.5498539283871651,0.2081020176410675,0.2081020176410675,61.13187903165817
crack0054_06.png,205.68330862820147,90.37863159179688,4.277797222137451,86.10083436965942,100.80933380126953,1.9859057664871216,98.82342803478241,0.1847129762172699,0.763658344745636,0.5789453685283661,0.3974432945251465,0.6837598085403442,0.28631651401519775,0.3952484726905823,0.6977965831756592,0.3025481104850769,0.5812225937843323,0.024102268740534782,0.5571203250437975,0.15128196775913239,0.15128196775913239,59.49433958530426
crack0054_07.png,191.875843501091,85.8206787109375,5.295485496520996,80.5251932144165,98.48831176757812,2.3375258445739746,96.15078592300415,0.23015838861465454,0.7115659713745117,0.4814075827598572,0.4315444231033325,0.767242968082428,0.33569854497909546,0.37724024057388306,0.747020959854126,0.3697807192802429,0.5776239633560181,0.0538792759180069,0.5237446874380112,0.13269445300102234,0.13269445300102234,54.8535373210907
crack0054_08.png,198.58434689640998,97.70861053466797,3.2647509574890137,94.44385957717896,107.69469451904297,1.64707350730896,106.04762101173401,0.29070746898651123,0.6487847566604614,0.3580772876739502,0.4783339500427246,0.763700544834137,0.28536659479141235,0.43078911304473877,0.7473912239074707,0.31660211086273193,0.575709342956543,0.03419454023241997,0.541514802724123,0.19405196607112885,0.19405196607112885,56.072606325149536
crack0054_09.png,206.03860703110695,94.49695587158203,2.021432638168335,92.4755232334137,98.28108215332031,1.9378890991210938,96.34319305419922,0.21124038100242615,0.6909670829772949,0.4797267019748688,0.39582663774490356,0.7835485935211182,0.3877219557762146,0.3683960437774658,0.7489978075027466,0.38060176372528076,0.5780276656150818,0.04955786094069481,0.528469804674387,0.16122114658355713,0.16122114658355713,58.705878019332886
crack0055_00.png,226.85890698432922,103.78308868408203,5.141664981842041,98.64142370223999,112.86713409423828,2.6806716918945312,110.18646240234375,0.2149035483598709,0.7095775604248047,0.4946740120649338,0.0,0.5823290348052979,0.5823290348052979,0.0053043365478515625,0.6741901636123657,0.6688858270645142,0.5762552618980408,0.04435986280441284,0.5318953990936279,0.1481524407863617,0.1481524407863617,64.61837440729141
crack0055_01.png,222.61155292987823,98.74610137939453,3.3934473991394043,95.35265398025513,114.5564956665039,2.3998920917510986,112.15660357475281,0.23427684605121613,0.7235956788063049,0.4893188327550888,0.05120128393173218,0.5888329744338989,0.5376316905021667,0.2534380555152893,0.6761557459831238,0.4227176904678345,0.5824798345565796,0.03884275257587433,0.5436370819807053,0.15289011597633362,0.15289011597633362,60.312357008457184
crack0055_02.png,240.26692053079606,116.9844970703125,1.0783565044403076,115.90614056587219,102.71725463867188,1.09981369972229,101.61744093894958,0.25750622153282166,0.7080069184303284,0.4505006968975067,0.10569500923156738,0.7334672212600708,0.6277722120285034,0.27074843645095825,0.7402340173721313,0.4694855809211731,0.5789157748222351,0.014844290912151337,0.5640714839100838,0.13135972619056702,0.13135972619056702,66.73768448829651
crack0055_03.png,231.38052119612695,113.9488525390625,1.895712971687317,112.05313956737518,101.65445709228516,2.1658308506011963,99.48862624168396,0.2844039797782898,0.6501485109329224,0.36574453115463257,0.0,0.7185354828834534,0.7185354828834534,0.13043248653411865,0.7231538891792297,0.5927214026451111,0.5772241353988647,0.03895040228962898,0.5382737331092358,0.14517280459403992,0.14517280459403992,63.94700938463211
crack0055_04.png,214.3206738293171,86.69597625732422,2.525761127471924,84.1702151298523,113.77638244628906,2.384333610534668,111.3920488357544,0.2675982713699341,0.7210502028465271,0.453451931476593,0.0,0.6889309883117676,0.6889309883117676,0.046320974826812744,0.7111597061157227,0.6648387312889099,0.5782122015953064,0.034206073731184006,0.5440061278641224,0.12368130683898926,0.12368130683898926,51.68346047401428
crack0055_05.png,234.92136163711547,112.43773651123047,2.1196396350860596,110.31809687614441,112.99659729003906,2.2899420261383057,110.70665526390076,0.2076600342988968,0.7430561780929565,0.5353961437940598,0.28533709049224854,0.6871888637542725,0.4018517732620239,0.3587477207183838,0.7251286506652832,0.3663809299468994,0.5719338655471802,0.03656286001205444,0.5353710055351257,0.11199603974819183,0.11199603974819183,67.69644063711166
crack0055_06.png,245.62713155448438,121.10054779052734,2.0170767307281494,119.0834710597992,110.44444274902344,1.4096546173095703,109.03478813171387,0.11758553981781006,0.6615874171257019,0.5440018773078918,0.20505547523498535,0.623436450958252,0.4183809757232666,0.2520446181297302,0.6957151889801025,0.4436705708503723,0.5809304118156433,0.01407151110470295,0.5668589007109404,0.15917181968688965,0.15917181968688965,77.74089634418488
crack0055_07.png,216.56133576333522,95.29816436767578,3.0736427307128906,92.22452163696289,104.43986511230469,1.8550093173980713,102.58485579490662,0.27751845121383667,0.7429200410842896,0.4654015898704529,0.0,0.6065398454666138,0.6065398454666138,0.13391101360321045,0.701168417930603,0.5672574043273926,0.5734832882881165,0.028254518285393715,0.5452287700027227,0.12792518734931946,0.12792518734931946,55.474128007888794
crack0055_08.png,213.5806986093521,86.64421081542969,2.6403563022613525,84.00385451316833,107.51808166503906,1.8782168626785278,105.63986480236053,0.1638796329498291,0.6818298697471619,0.5179502367973328,0.08385330438613892,0.6738665103912354,0.5900132060050964,0.2507532238960266,0.7481828331947327,0.49742960929870605,0.5750710964202881,0.017962321639060974,0.5571087747812271,0.13175874948501587,0.13175874948501587,57.8123494386673
crack0055_09.png,240.47310714125632,113.59075164794922,2.278632640838623,111.3121190071106,109.75799560546875,2.3345680236816406,107.42342758178711,0.20313896238803864,0.6784716248512268,0.47533266246318817,0.0,0.6515837907791138,0.6515837907791138,0.11091941595077515,0.670341432094574,0.5594220161437988,0.5820107460021973,0.029469434171915054,0.5525413118302822,0.19633886218070984,0.19633886218070984,69.0267842411995
crack0056_00.png,224.3923849642277,103.95701599121094,8.44028377532959,95.51673221588135,117.94108581542969,1.899404525756836,116.04168128967285,0.37036046385765076,0.8285951614379883,0.4582346975803375,0.0,0.6021792888641357,0.6021792888641357,0.07082688808441162,0.7088690400123596,0.638042151927948,0.5845097899436951,0.04168396815657616,0.5428258217871189,0.09969661384820938,0.09969661384820938,57.35741364955902
crack0056_01.png,225.7465301990509,114.96488952636719,16.515419006347656,98.44947052001953,121.13858032226562,3.0332751274108887,118.10530519485474,0.4265001714229584,0.8644209504127502,0.43792077898979187,0.0,0.6092765927314758,0.6092765927314758,0.08395320177078247,0.66222083568573,0.5782676339149475,0.5808996558189392,0.06464436650276184,0.5162552893161774,0.09474453330039978,0.09474453330039978,63.38613021373749
crack0056_02.png,207.17916628718376,85.71976470947266,4.570728778839111,81.14903593063354,115.80548095703125,1.5975825786590576,114.20789837837219,0.43216395378112793,0.8649181127548218,0.43275415897369385,0.0,0.6082909107208252,0.6082909107208252,0.036090970039367676,0.7003421187400818,0.6642511487007141,0.5849058032035828,0.05003075674176216,0.5348750464618206,0.09475114941596985,0.09475114941596985,42.61164164543152
crack0056_03.png,208.21576857566833,89.5815200805664,3.4846413135528564,86.09687876701355,113.19882202148438,1.05064857006073,112.14817345142365,0.4585627615451813,0.8626198768615723,0.404057115316391,0.0,0.5751063823699951,0.5751063823699951,0.017373263835906982,0.7348368167877197,0.7174635529518127,0.5828258395195007,0.03455594182014465,0.5482698976993561,0.10096940398216248,0.10096940398216248,42.332348585128784
crack0056_04.png,229.55524369478226,109.45977783203125,8.46187686920166,100.99790096282959,115.8994140625,1.8568931818008423,114.04252088069916,0.39830532670021057,0.8806755542755127,0.4823702275753021,0.0,0.5678067207336426,0.5678067207336426,0.0342373251914978,0.7127630710601807,0.6785257458686829,0.5858362317085266,0.044875048100948334,0.5409611836075783,0.10556571930646896,0.10556571930646896,58.495957016944885
crack0056_05.png,218.86531332731246,92.47657775878906,2.9843976497650146,89.49218010902405,110.59950256347656,1.3272690773010254,109.27223348617554,0.42591673135757446,0.8654026389122009,0.43948590755462646,0.0,0.7049140930175781,0.7049140930175781,0.05550271272659302,0.7474042177200317,0.6919015049934387,0.584006130695343,0.026286043226718903,0.5577200874686241,0.0933544784784317,0.0933544784784317,45.53572905063629
crack0056_06.png,220.54196324646472,94.96857452392578,2.682081460952759,92.28649306297302,113.53579711914062,1.241654396057129,112.2941427230835,0.4307578206062317,0.8581289052963257,0.427371084690094,0.0,0.6547008752822876,0.6547008752822876,0.0,0.720422625541687,0.720422625541687,0.5880045890808105,0.014002306386828423,0.5740022826939821,0.09509885311126709,0.09509885311126709,46.50004231929779
crack0056_07.png,247.35781046152115,117.54456329345703,5.7602219581604,111.78434133529663,124.80529022216797,1.68159818649292,123.12369203567505,0.36695438623428345,0.8461856245994568,0.47923123836517334,0.0,0.6682993769645691,0.6682993769645691,0.12668174505233765,0.746169924736023,0.6194881796836853,0.582122266292572,0.050784312188625336,0.5313379541039467,0.09341248124837875,0.09341248124837875,62.92002010345459
crack0056_08.png,231.16908737421036,105.71389770507812,3.5843117237091064,102.12958598136902,117.21084594726562,1.2864842414855957,115.92436170578003,0.3987131714820862,0.851793646812439,0.4530804753303528,0.0,0.6043392419815063,0.6043392419815063,0.004436373710632324,0.7094830870628357,0.7050467133522034,0.5893348455429077,0.033091120421886444,0.5562437251210213,0.10211107134819031,0.10211107134819031,54.29970824718475
crack0056_09.png,223.08425096571446,98.86759948730469,4.6992363929748535,94.16836309432983,122.02288818359375,1.6108200550079346,120.41206812858582,0.4396810233592987,0.844129741191864,0.4044487178325653,0.0,0.657983660697937,0.657983660697937,0.0,0.7390717267990112,0.7390717267990112,0.5797770023345947,0.02788158319890499,0.5518954191356897,0.09165389835834503,0.09165389835834503,48.59363663196564
crack0057_00.png,235.0193544745445,115.26371002197266,4.551354885101318,110.71235513687134,110.24008178710938,4.283348083496094,105.95673370361328,0.11457712948322296,0.6924241185188293,0.5778469890356064,0.22391986846923828,0.5790209770202637,0.3551011085510254,0.2586420774459839,0.61532062292099,0.3566785454750061,0.5812225937843323,0.043910034000873566,0.5373125597834587,0.16707733273506165,0.16707733273506165,76.2818084359169
crack0057_01.png,248.14840266108513,122.90205383300781,1.928348183631897,120.97370564937592,107.58706665039062,1.5641090869903564,106.02295756340027,0.11899582296609879,0.7113864421844482,0.5923906192183495,0.28606516122817993,0.6703410148620605,0.3842758536338806,0.30432718992233276,0.7127310037612915,0.40840381383895874,0.574636697769165,0.024555940181016922,0.5500807575881481,0.15566369891166687,0.15566369891166687,78.26091954112053
crack0057_02.png,270.0233702600002,140.4141387939453,2.5162289142608643,137.89790987968445,106.3442611694336,1.6035982370376587,104.74066293239594,0.08220438659191132,0.7563585042953491,0.6741541177034378,0.3554454445838928,0.7020481824874878,0.34660273790359497,0.3894343376159668,0.7112088203430176,0.3217744827270508,0.5818031430244446,0.020984236150979996,0.5608189068734646,0.13833153247833252,0.13833153247833252,89.80504637956619
crack0057_03.png,245.9967024356127,122.45893859863281,2.13079833984375,120.32814025878906,103.8818588256836,2.1197218894958496,101.76213693618774,0.10646332800388336,0.7676448822021484,0.6611815541982651,0.4297427535057068,0.6851555109024048,0.255412757396698,0.42425405979156494,0.6514852046966553,0.22723114490509033,0.5759746432304382,0.029657823964953423,0.5463168192654848,0.1461758315563202,0.1461758315563202,78.94605451822281
crack0057_04.png,248.68214107304811,120.51563262939453,1.5511547327041626,118.96447789669037,100.83222961425781,1.6299340724945068,99.2022955417633,0.10362046211957932,0.7107145190238953,0.607094056904316,0.27702009677886963,0.7567340731620789,0.47971397638320923,0.30714350938796997,0.7497303485870361,0.44258683919906616,0.569815456867218,0.012798923067748547,0.5570165337994695,0.1261599212884903,0.1261599212884903,77.60878422856331
crack0057_05.png,269.8548488676548,139.41433715820312,1.3466999530792236,138.0676372051239,105.71063232421875,1.2578116655349731,104.45282065868378,0.09366650879383087,0.7146533131599426,0.6209868043661118,0.2554934620857239,0.7147176861763,0.45922422409057617,0.3078616261482239,0.7047122716903687,0.3968506455421448,0.5730411410331726,0.024086888879537582,0.548954252153635,0.1532713770866394,0.1532713770866394,87.68217366933823
crack0057_06.png,264.38163390159605,141.1287384033203,3.6104607582092285,137.51827764511108,115.20732116699219,2.065702438354492,113.1416187286377,0.11377962678670883,0.6431218385696411,0.5293422117829323,0.19155943393707275,0.628113865852356,0.4365544319152832,0.24690234661102295,0.6750997304916382,0.42819738388061523,0.5818031430244446,0.036874279379844666,0.5449288636445999,0.15897732973098755,0.15897732973098755,88.81494769454002
crack0057_07.png,253.32213678359986,130.1993865966797,5.6960368156433105,124.50334978103638,115.18363952636719,4.388288497924805,110.79535102844238,0.10405467450618744,0.7202931642532349,0.6162384897470474,0.26677173376083374,0.6155306696891785,0.3487589359283447,0.2912845015525818,0.6590889692306519,0.36780446767807007,0.5815532207489014,0.050272971391677856,0.5312802493572235,0.13903434574604034,0.13903434574604034,84.96656006574631
crack0057_08.png,249.45121665000914,124.51702117919922,2.866384506225586,121.65063667297363,103.66795349121094,1.9241845607757568,101.74376893043518,0.0838872566819191,0.7445412278175354,0.6606539711356163,0.3601146936416626,0.6687595844268799,0.3086448907852173,0.37687867879867554,0.7150107026100159,0.33813202381134033,0.5838215947151184,0.03619761765003204,0.5476239770650864,0.14151480793952942,0.14151480793952942,82.01133123040199
crack0057_09.png,234.71128971278668,117.1650161743164,2.7774863243103027,114.3875298500061,102.58111572265625,2.5005674362182617,100.08054828643799,0.169569194316864,0.7309761643409729,0.5614069700241089,0.2437635064125061,0.5774307250976562,0.33366721868515015,0.31501978635787964,0.618614912033081,0.3035951256752014,0.5769588351249695,0.02615148015320301,0.5508073549717665,0.1412540078163147,0.1412540078163147,72.8754529953003
crack0058_00.png,250.45307409465312,124.44990539550781,9.457144737243652,114.99276065826416,113.77984619140625,2.2714500427246094,111.50839614868164,0.38243699073791504,0.8756316900253296,0.49319469928741455,0.0,0.7264723777770996,0.7264723777770996,0.2774714231491089,0.7614150047302246,0.4839435815811157,0.583406388759613,0.02484429068863392,0.5585620980709791,0.08855094760656357,0.08855094760656357,67.34356117248535
crack0058_01.png,313.45524222552774,170.79017639160156,3.6693379878997803,167.12083840370178,119.81536865234375,1.1548378467559814,118.66053080558777,0.30465778708457947,0.8773664236068726,0.5727086365222931,0.0,0.7603359818458557,0.7603359818458557,0.2191869616508484,0.770603358745575,0.5514163970947266,0.5823683142662048,0.016366781666874886,0.56600153259933,0.08720401674509048,0.08720401674509048,92.2450225353241
crack0058_02.png,268.50059469938276,143.0311737060547,8.126317024230957,134.90485668182373,122.36255645751953,2.483072519302368,119.87948393821716,0.3525426387786865,0.8578104972839355,0.505267858505249,0.0,0.6009511947631836,0.6009511947631836,0.22111821174621582,0.6536436676979065,0.4325254559516907,0.581318736076355,0.051707036793231964,0.529611699283123,0.0918157696723938,0.0918157696723938,77.67893648147583
crack0058_03.png,280.3351415753365,153.5144500732422,7.674388885498047,145.84006118774414,119.54789733886719,2.2558553218841553,117.29204201698303,0.32658252120018005,0.8362420797348022,0.5096595585346222,0.0,0.6345088481903076,0.6345088481903076,0.21778088808059692,0.721714973449707,0.5039340853691101,0.5817916393280029,0.04616301506757736,0.5356286242604256,0.09643399715423584,0.09643399715423584,84.27113378047943
crack0058_04.png,304.703406354785,161.3681182861328,1.8533411026000977,159.51477718353271,122.48707580566406,1.1782135963439941,121.30886220932007,0.31338396668434143,0.8711077570915222,0.5577237904071808,0.0,0.7358392477035522,0.7358392477035522,0.2137293815612793,0.722636342048645,0.5089069604873657,0.5856055617332458,0.020265283063054085,0.5653402786701918,0.09183710068464279,0.09183710068464279,86.2319141626358
crack0058_05.png,263.4237502962351,123.8615493774414,3.4680161476135254,120.39353322982788,110.3065414428711,1.6703648567199707,108.63617658615112,0.3074931502342224,0.9067588448524475,0.5992656946182251,0.0,0.7238034605979919,0.7238034605979919,0.3296716809272766,0.7314728498458862,0.4018011689186096,0.5877277851104736,0.02066897414624691,0.5670588109642267,0.08741968870162964,0.08741968870162964,68.72430515289307
crack0058_06.png,293.43469259738924,168.62623596191406,14.33679485321045,154.2894411087036,121.5133056640625,2.327582359313965,119.18572330474854,0.3514098823070526,0.8758289813995361,0.5244190990924835,0.0,0.6976398229598999,0.6976398229598999,0.28607767820358276,0.7526541948318481,0.4665765166282654,0.5817493200302124,0.0414532870054245,0.5402960330247879,0.09589288383722305,0.09589288383722305,93.6668952703476
crack0058_07.png,308.8220062106848,167.5823211669922,2.2095963954925537,165.37272477149963,120.95765686035156,0.7017669677734375,120.25588989257812,0.3043450713157654,0.844901442527771,0.5405563712120056,0.0,0.7282620668411255,0.7282620668411255,0.2832314968109131,0.7769410610198975,0.4937095642089844,0.5839753746986389,0.009677046909928322,0.5742983277887106,0.09714149683713913,0.09714149683713913,89.994269490242
crack0058_08.png,292.6904542863369,159.0399932861328,5.150850772857666,153.88914251327515,118.1578140258789,1.4496707916259766,116.70814323425293,0.3362153470516205,0.8776980042457581,0.5414826571941376,0.0,0.6578561067581177,0.6578561067581177,0.2628093957901001,0.7011441588401794,0.43833476305007935,0.5830949544906616,0.020965013653039932,0.5621299408376217,0.09420793503522873,0.09420793503522873,85.24629938602448
crack0058_09.png,293.19598188996315,154.92135620117188,5.437826633453369,149.4835295677185,118.15306091308594,1.6175415515899658,116.53551936149597,0.2883560061454773,0.898834764957428,0.6104787588119507,0.0,0.6479442119598389,0.6479442119598389,0.3299497961997986,0.6791902184486389,0.34924042224884033,0.5872087478637695,0.02865436300635338,0.5585543848574162,0.09076611697673798,0.09076611697673798,86.36658096313477
crack0059_00.png,206.2594663888216,101.27935028076172,2.872952699661255,98.40639758110046,104.63272094726562,1.1027743816375732,103.52994656562805,0.30444785952568054,0.6738830804824829,0.36943522095680237,0.39573413133621216,0.7633311748504639,0.3675970435142517,0.3275325298309326,0.7546914219856262,0.4271588921546936,0.5727912187576294,0.018231449648737907,0.5545597691088915,0.1704489290714264,0.1704489290714264,56.72092866897583
crack0059_01.png,212.24824154376984,104.93119049072266,1.8554178476333618,103.0757726430893,105.52168273925781,0.8088251352310181,104.7128576040268,0.37464407086372375,0.6571295261383057,0.2824854552745819,0.1691461205482483,0.7302491664886475,0.5611030459403992,0.22211754322052002,0.7846014499664307,0.5624839067459106,0.577008843421936,0.020899653434753418,0.5561091899871826,0.16093288362026215,0.16093288362026215,53.995013654232025
crack0059_02.png,204.6386715322733,94.5715103149414,2.0016860961914062,92.56982421875,108.8140869140625,1.3275748491287231,107.48651206493378,0.2680741548538208,0.665194571018219,0.3971204161643982,0.31089532375335693,0.6942871809005737,0.3833918571472168,0.36855369806289673,0.7131543159484863,0.3446006178855896,0.5758016109466553,0.026578238233923912,0.5492233727127314,0.1872509866952896,0.1872509866952896,55.23421335220337
crack0059_03.png,216.63609719872474,100.6603775024414,4.354034423828125,96.30634307861328,112.10466003417969,1.7094589471817017,110.39520108699799,0.23039865493774414,0.7049885392189026,0.47458988428115845,0.3250112533569336,0.7310383319854736,0.40602707862854004,0.35022515058517456,0.7272294759750366,0.37700432538986206,0.5816609263420105,0.032575931400060654,0.5490849949419498,0.1497000753879547,0.1497000753879547,61.94972372055054
crack0059_04.png,231.70063447356225,111.31963348388672,0.8155287504196167,110.5041047334671,109.49978637695312,1.6800428628921509,107.81974351406097,0.24105004966259003,0.6584668159484863,0.4174167662858963,0.2694764733314514,0.8447439670562744,0.575267493724823,0.34951919317245483,0.7481488585472107,0.39862966537475586,0.5851172804832458,0.04350249841809273,0.5416147820651531,0.17058447003364563,0.17058447003364563,65.0092693567276
crack0059_05.png,211.89748165011406,102.49131774902344,4.389334201812744,98.1019835472107,112.0057373046875,2.243142604827881,109.76259469985962,0.2625540494918823,0.6209245920181274,0.3583705425262451,0.18198347091674805,0.6846914887428284,0.5027080178260803,0.22981733083724976,0.6768161058425903,0.4469987750053406,0.5725721120834351,0.044759709388017654,0.5278124026954174,0.13764458894729614,0.13764458894729614,60.589967489242554
crack0059_06.png,208.67235022485255,99.51005554199219,1.9140347242355347,97.59602081775665,109.69613647460938,1.2359892129898071,108.46014726161957,0.2884243428707123,0.643140971660614,0.35471662878990173,0.2943692207336426,0.7215526103973389,0.4271833896636963,0.3060591220855713,0.7054983377456665,0.3994392156600952,0.5757939219474792,0.020103806629776955,0.5556901153177023,0.18063582479953766,0.18063582479953766,56.438341438770294
crack0059_07.png,209.54665982723236,103.50047302246094,6.743076801300049,96.75739622116089,116.59552001953125,2.435821533203125,114.15969848632812,0.2825990617275238,0.6152598857879639,0.33266082406044006,0.1669631004333496,0.6599836945533752,0.49302059412002563,0.2824077010154724,0.6896565556526184,0.407248854637146,0.5794809460639954,0.05968858301639557,0.5197923630475998,0.15005925297737122,0.15005925297737122,61.34506905078888
crack0059_08.png,224.0970757305622,109.10602569580078,3.6256675720214844,105.4803581237793,115.89630126953125,1.8587547540664673,114.03754651546478,0.2575114667415619,0.6817370653152466,0.4242255985736847,0.29546719789505005,0.7339308261871338,0.43846362829208374,0.3676644563674927,0.7450559139251709,0.3773914575576782,0.5814417600631714,0.04331411048769951,0.5381276495754719,0.13844357430934906,0.13844357430934906,64.17282903194427
crack0059_09.png,217.23746059536933,102.59225463867188,3.2419586181640625,99.35029602050781,115.19368743896484,1.8907217979431152,113.30296564102173,0.2624613642692566,0.6375999450683594,0.3751385807991028,0.21624070405960083,0.7320968508720398,0.515856146812439,0.2973160743713379,0.7168446183204651,0.4195285439491272,0.5802268385887146,0.032210689038038254,0.5480161495506763,0.14365914463996887,0.14365914463996887,60.37849831581116
crack0060_00.png,242.4387402653694,118.02481842041016,5.781007766723633,112.24381065368652,111.05976104736328,2.0808322429656982,108.97892880439758,0.2856625020503998,0.796079158782959,0.5104166567325592,0.07010835409164429,0.658503532409668,0.5883951783180237,0.1724749207496643,0.6868206262588501,0.5143457055091858,0.5870203971862793,0.03116493672132492,0.5558554604649544,0.1227245032787323,0.1227245032787323,68.24397885799408
crack0060_01.png,231.25263673961163,105.2021484375,3.2602274417877197,101.94192099571228,107.06973266601562,1.5488955974578857,105.52083706855774,0.25149965286254883,0.8137907981872559,0.562291145324707,0.1800987720489502,0.6675435304641724,0.48744475841522217,0.1734483242034912,0.6912036538124084,0.5177553296089172,0.584502100944519,0.01896962709724903,0.56553247384727,0.12343297898769379,0.12343297898769379,62.52129280567169
crack0060_02.png,247.27352645695208,112.4005126953125,1.3682111501693726,111.03230154514313,107.74701690673828,1.1807416677474976,106.56627523899078,0.1914571225643158,0.7963088750839233,0.6048517525196075,0.22866934537887573,0.7976074814796448,0.568938136100769,0.26839858293533325,0.7828603982925415,0.5144618153572083,0.5861629843711853,0.02443675510585308,0.5617262292653322,0.10654997080564499,0.10654997080564499,68.8434539437294
crack0060_03.png,228.42977359890938,114.4693832397461,7.4185357093811035,107.05084753036499,110.4053955078125,2.606001377105713,107.79939413070679,0.26876699924468994,0.7402461171150208,0.4714791178703308,0.16006231307983398,0.6300000548362732,0.4699377417564392,0.19730961322784424,0.6470738649368286,0.4497642517089844,0.587535560131073,0.043952327221632004,0.543583232909441,0.13557150959968567,0.13557150959968567,68.31936192512512
crack0060_04.png,237.26836883425713,110.86589813232422,6.843378067016602,104.02252006530762,110.86062622070312,1.7513082027435303,109.1093180179596,0.2283841371536255,0.759421706199646,0.5310375690460205,0.037557005882263184,0.6680339574813843,0.6304769515991211,0.0,0.7505421042442322,0.7505421042442322,0.5786082148551941,0.031107265502214432,0.5475009493529797,0.1090487539768219,0.1090487539768219,68.29591846466064
crack0060_05.png,238.36694251298906,112.74560546875,4.880957126617432,107.86464834213257,104.64889526367188,1.7907075881958008,102.85818767547607,0.27674663066864014,0.8121840357780457,0.5354374051094055,0.04536557197570801,0.6439641118049622,0.5985985398292542,0.16731661558151245,0.6660209894180298,0.49870437383651733,0.5845674872398376,0.02006535977125168,0.564502127468586,0.12135475128889084,0.12135475128889084,65.59118294715881
crack0060_06.png,240.7190993487835,117.39656829833984,3.274831533432007,114.12173676490784,112.45474243164062,1.4804798364639282,110.9742625951767,0.27423596382141113,0.7887629270553589,0.5145269632339478,0.1813930869102478,0.6652045845985413,0.48381149768829346,0.24767208099365234,0.6728460788726807,0.4251739978790283,0.5831718444824219,0.040845829993486404,0.5423260144889355,0.13528254628181458,0.13528254628181458,67.20841586589813
crack0060_07.png,237.824196305871,110.72478485107422,2.201828718185425,108.5229561328888,109.51359558105469,1.3586580753326416,108.15493750572205,0.2745668292045593,0.8055541515350342,0.5309873223304749,0.16581076383590698,0.6952637434005737,0.5294529795646667,0.15818434953689575,0.6939708590507507,0.535786509513855,0.5812072157859802,0.02165321074426174,0.5595540050417185,0.12170270830392838,0.12170270830392838,63.23758566379547
crack0060_08.png,227.9778518974781,107.4242172241211,4.05875825881958,103.36545896530151,106.816650390625,1.5915343761444092,105.22511601448059,0.23953822255134583,0.7953601479530334,0.5558219254016876,0.27626848220825195,0.6809897422790527,0.4047212600708008,0.31348878145217896,0.6913623809814453,0.37787359952926636,0.5847712159156799,0.038077663630247116,0.5466935522854328,0.13358506560325623,0.13358506560325623,64.76004302501678
crack0060_09.png,244.00909105837346,111.60714721679688,1.9816962480545044,109.62545096874237,105.38968658447266,1.0438954830169678,104.34579110145569,0.23808158934116364,0.817112922668457,0.5790313333272934,0.18892574310302734,0.782817006111145,0.5938912630081177,0.1782638430595398,0.7634438276290894,0.5851799845695496,0.5822529792785645,0.01807381771504879,0.5641791615635157,0.11264131218194962,0.11264131218194962,65.79964554309845
crack0061_00.png,212.7453063428402,97.71241760253906,3.436892509460449,94.27552509307861,110.28642272949219,2.052960157394409,108.23346257209778,0.19882069528102875,0.7341364026069641,0.5353157073259354,0.4485768675804138,0.7172092795372009,0.2686324119567871,0.3798385262489319,0.6922060251235962,0.3123674988746643,0.5833256244659424,0.04317954555153847,0.5401460789144039,0.1689995974302292,0.1689995974302292,61.978438317775726
crack0061_01.png,231.3826599240303,100.55241394042969,2.663487434387207,97.88892650604248,111.41928100585938,1.2143943309783936,110.20488667488098,0.2507994771003723,0.8148505091667175,0.5640510320663452,0.16202712059020996,0.7201999425888062,0.5581728219985962,0.23983871936798096,0.756762683391571,0.5169239640235901,0.5795347690582275,0.030515186488628387,0.5490195825695992,0.11145859956741333,0.11145859956741333,59.74137282371521
crack0061_02.png,211.91798316538333,90.25218963623047,1.4128587245941162,88.83933091163635,108.13243865966797,1.0206542015075684,107.1117844581604,0.23548075556755066,0.7651565670967102,0.5296758115291595,0.37849026918411255,0.7648025751113892,0.3863123059272766,0.34936535358428955,0.7579470276832581,0.4085816740989685,0.5792425870895386,0.01905805431306362,0.560184532776475,0.1438511610031128,0.1438511610031128,54.873382329940796
crack0061_03.png,213.83303594589233,85.10079193115234,3.2871646881103516,81.81362724304199,107.82205963134766,2.097531795501709,105.72452783584595,0.20101888477802277,0.7740415930747986,0.5730227082967758,0.18159830570220947,0.7335717678070068,0.5519734621047974,0.23158156871795654,0.7229946851730347,0.4914131164550781,0.5831180214881897,0.037896960973739624,0.5452210605144501,0.12008385360240936,0.12008385360240936,55.45756608247757
crack0061_04.png,221.1394892245531,97.34239959716797,3.0053789615631104,94.33702063560486,117.49590301513672,1.357511281967163,116.13839173316956,0.20782680809497833,0.7582775354385376,0.5504507273435593,0.3359670639038086,0.6799333095550537,0.3439662456512451,0.340331494808197,0.6859031915664673,0.34557169675827026,0.5875778794288635,0.023767782375216484,0.563810097053647,0.16175615787506104,0.16175615787506104,61.20739597082138
crack0061_05.png,192.57234444618226,74.95457458496094,2.103278875350952,72.85129570960999,104.15880584716797,1.6047565937042236,102.55404925346375,0.1719675064086914,0.714114248752594,0.5421467423439026,0.4396812915802002,0.7645574808120728,0.32487618923187256,0.29703593254089355,0.7455651760101318,0.4485292434692383,0.5792003273963928,0.020884275436401367,0.5583160519599915,0.1358231008052826,0.1358231008052826,51.37888944149017
crack0061_06.png,199.67489403933286,88.56119537353516,1.387438178062439,87.17375719547272,105.87530517578125,1.0219744443893433,104.8533307313919,0.2295505851507187,0.6520877480506897,0.422537162899971,0.45079952478408813,0.7904354333877563,0.3396359086036682,0.3228877782821655,0.7853113412857056,0.46242356300354004,0.5837908387184143,0.004505959339439869,0.5792848793789744,0.15266145765781403,0.15266145765781403,54.55291521549225
crack0061_07.png,205.3515269458294,95.70494079589844,2.922846794128418,92.78209400177002,112.8210678100586,2.221135139465332,110.59993267059326,0.27764302492141724,0.6876416206359863,0.4099985957145691,0.3475019931793213,0.698555588722229,0.3510535955429077,0.3310864567756653,0.6637694835662842,0.3326830267906189,0.5832833647727966,0.04609765484929085,0.5371857099235058,0.1882626861333847,0.1882626861333847,55.98664689064026
crack0061_08.png,238.54129487872123,110.82569122314453,2.8673009872436523,107.95839023590088,111.32798767089844,1.3656599521636963,109.96232771873474,0.17579463124275208,0.7783361077308655,0.6025414764881134,0.39076805114746094,0.797343373298645,0.4065753221511841,0.38051658868789673,0.7760387659072876,0.39552217721939087,0.584359884262085,0.031068820506334305,0.5532910637557507,0.12944373488426208,0.12944373488426208,69.67321360111237
crack0061_09.png,212.5734269440174,89.25497436523438,2.3254101276397705,86.9295642375946,104.19721221923828,2.0496790409088135,102.14753317832947,0.12526489794254303,0.7425577044487,0.6172928065061569,0.3941829204559326,0.7466387748718262,0.35245585441589355,0.3459439277648926,0.7112621068954468,0.3653181791305542,0.5778508186340332,0.045271050184965134,0.5325797684490681,0.14931327104568481,0.14931327104568481,61.38833111524582
crack0062_00.png,210.09346547722816,109.75520324707031,2.4791042804718018,107.27609896659851,106.22544860839844,1.7445108890533447,104.48093771934509,0.32560643553733826,0.7188267111778259,0.39322027564048767,0.5383286476135254,0.7133029699325562,0.17497432231903076,0.5077007412910461,0.7128148078918457,0.20511406660079956,0.5817723870277405,0.01756247505545616,0.5642099119722843,0.13484975695610046,0.13484975695610046,59.85166311264038
crack0062_01.png,206.65547710061074,110.56470489501953,2.762754201889038,107.8019506931305,108.30423736572266,2.265228509902954,106.0390088558197,0.37871360778808594,0.7100027203559875,0.3312891125679016,0.4942386746406555,0.6914089918136597,0.19717031717300415,0.4754423499107361,0.7016772031784058,0.22623485326766968,0.5804805755615234,0.029281046241521835,0.5511995293200016,0.15323269367218018,0.15323269367218018,57.160136103630066
crack0062_02.png,211.49114033579826,116.40973663330078,2.7322893142700195,113.67744731903076,110.95635986328125,3.0398366451263428,107.91652321815491,0.3908093571662903,0.7188031673431396,0.32799381017684937,0.5553076267242432,0.7138515710830688,0.15854394435882568,0.48658692836761475,0.6641420125961304,0.17755508422851562,0.5794848203659058,0.027839291840791702,0.5516455285251141,0.1309087574481964,0.1309087574481964,59.301844358444214
crack0062_03.png,206.24915548563004,107.77582550048828,3.7456531524658203,104.03017234802246,109.40628814697266,1.969879388809204,107.43640875816345,0.3135118782520294,0.6863985657691956,0.37288668751716614,0.45819276571273804,0.6540834903717041,0.19589072465896606,0.42257457971572876,0.6567868590354919,0.23421227931976318,0.5810649991035461,0.04161860793828964,0.5394463911652565,0.15827657282352448,0.15827657282352448,60.19262659549713
crack0062_04.png,208.76326367259026,116.14826202392578,3.161816358566284,112.9864456653595,112.66282653808594,2.068319082260132,110.5945074558258,0.42455118894577026,0.697979211807251,0.2734280228614807,0.4821779727935791,0.669418215751648,0.18724024295806885,0.46199870109558105,0.6591941118240356,0.1971954107284546,0.5893848538398743,0.03500576689839363,0.5543790869414806,0.17064610123634338,0.17064610123634338,57.75736200809479
crack0062_05.png,227.82548925578595,113.83788299560547,2.5931406021118164,111.24474239349365,110.73979187011719,1.479719638824463,109.26007223129272,0.22460855543613434,0.7403939366340637,0.5157853811979294,0.5081090927124023,0.7324470281600952,0.22433793544769287,0.45564496517181396,0.761445939540863,0.3058009743690491,0.5830065608024597,0.016997309401631355,0.5660092514008284,0.12238278239965439,0.12238278239965439,68.05926090478897
crack0062_06.png,213.15700532794,108.43058013916016,2.4888253211975098,105.94175481796265,110.52470397949219,1.8872982263565063,108.63740575313568,0.312473863363266,0.7333013415336609,0.4208274781703949,0.5063778758049011,0.6917097568511963,0.18533188104629517,0.48826658725738525,0.6849460601806641,0.1966794729232788,0.5870011448860168,0.0199807770550251,0.5670203678309917,0.14846667647361755,0.14846667647361755,60.19131672382355
crack0062_07.png,221.24544808864593,115.30267333984375,2.2248353958129883,113.07783794403076,116.16145324707031,1.4293144941329956,114.73213875293732,0.30524808168411255,0.7113900780677795,0.406141996383667,0.49460816383361816,0.6957212686538696,0.20111310482025146,0.49534326791763306,0.7028095722198486,0.20746630430221558,0.5809957981109619,0.0375240296125412,0.5434717684984207,0.17164647579193115,0.17164647579193115,63.68870139122009
crack0062_08.png,200.2799697548151,107.17855834960938,4.816224575042725,102.36233377456665,110.38694763183594,2.947141647338867,107.43980598449707,0.31865641474723816,0.659553587436676,0.34089717268943787,0.48120003938674927,0.6199496984481812,0.13874965906143188,0.4564031958580017,0.6227226257324219,0.16631942987442017,0.5838062167167664,0.030807381495833397,0.552998835220933,0.17673081159591675,0.17673081159591675,60.230255246162415
crack0062_09.png,212.89998771548272,113.39598083496094,3.132850408554077,110.26313042640686,113.67991638183594,2.023531198501587,111.65638518333435,0.3349163234233856,0.7014434933662415,0.36652716994285583,0.4754260182380676,0.6578999757766724,0.18247395753860474,0.4630882143974304,0.6840760707855225,0.22098785638809204,0.5805651545524597,0.04673587158322334,0.5338292829692364,0.17180417478084564,0.17180417478084564,61.39204239845276
crack0063_00.png,210.28466228991746,110.73403930664062,2.660799741744995,108.07323956489563,108.1307144165039,1.926151990890503,106.2045624256134,0.29997602105140686,0.5714920163154602,0.27151599526405334,0.31603336334228516,0.6910702586174011,0.37503689527511597,0.2644580006599426,0.678798496723175,0.4143404960632324,0.5881199240684509,0.012948866002261639,0.5751710580661893,0.15597298741340637,0.15597298741340637,62.223655223846436
crack0063_01.png,198.01557608246804,97.94696044921875,3.4729537963867188,94.47400665283203,110.8953857421875,2.394211769104004,108.5011739730835,0.243706613779068,0.5639639496803284,0.3202573359012604,0.3260597586631775,0.6362544298171997,0.3101946711540222,0.23424643278121948,0.6660585403442383,0.4318121075630188,0.5867166519165039,0.033898498862981796,0.5528181530535221,0.1891382336616516,0.1891382336616516,59.55622637271881
crack0063_02.png,222.40950298905372,110.03819274902344,1.1281771659851074,108.91001558303833,112.39337921142578,1.1319646835327148,111.26141452789307,0.23085011541843414,0.564477264881134,0.3336271494626999,0.2908010482788086,0.7875354886054993,0.4967344403266907,0.25778084993362427,0.7547087669372559,0.4969279170036316,0.5816763043403625,0.020792003720998764,0.5608843006193638,0.1389225423336029,0.1389225423336029,64.99923020601273
crack0063_03.png,233.62486318796874,122.98924255371094,1.9608596563339233,121.02838289737701,111.51614379882812,1.7228877544403076,109.79325604438782,0.2976289987564087,0.5597770810127258,0.26214808225631714,0.10228627920150757,0.7209595441818237,0.6186732649803162,0.04293113946914673,0.7079556584358215,0.6650245189666748,0.58308345079422,0.009073433466255665,0.5740100173279643,0.14864420890808105,0.14864420890808105,67.94064921140671
crack0063_04.png,215.89263620972633,108.0667495727539,1.6690436601638794,106.39770591259003,104.96675109863281,1.6362158060073853,103.33053529262543,0.2476336658000946,0.5563613176345825,0.3087276518344879,0.2413005828857422,0.757248044013977,0.5159474611282349,0.1488294005393982,0.7164286375045776,0.5675992369651794,0.5865705609321594,0.01590542122721672,0.5706651397049427,0.14880096912384033,0.14880096912384033,63.47269910573959
crack0063_05.png,371.6173917800188,217.31591796875,2.98868989944458,214.32722806930542,188.6215057373047,2.183302879333496,186.4382028579712,0.12685208022594452,0.5465831160545349,0.4197310358285904,0.0,0.6653611660003662,0.6653611660003662,0.0,0.6460446715354919,0.6460446715354919,0.5933679342269897,0.030319107696413994,0.5630488265305758,0.16991664469242096,0.16991664469242096,126.27589648962021
crack0063_06.png,213.974753472209,108.81743621826172,1.4814690351486206,107.3359671831131,110.39912414550781,1.1486661434173584,109.25045800209045,0.29668742418289185,0.6083231568336487,0.31163573265075684,0.2909766435623169,0.6727235317230225,0.38174688816070557,0.3055883049964905,0.6657782793045044,0.3601899743080139,0.5880507230758667,0.019603999331593513,0.5684467237442732,0.18904849886894226,0.18904849886894226,60.87023609876633
crack0063_07.png,268.11503373384477,146.7500457763672,1.7345527410507202,145.01549303531647,136.82911682128906,1.4328584671020508,135.396258354187,0.34230586886405945,0.5653367042541504,0.22303083539009094,0.0,0.7121047973632812,0.7121047973632812,0.03207743167877197,0.7320667505264282,0.6999893188476562,0.5909996032714844,0.025640137493610382,0.565359465777874,0.18813607096672058,0.18813607096672058,77.34393125772476
crack0063_08.png,217.90262851715087,113.20980834960938,1.7120118141174316,111.49779653549194,110.20301818847656,1.4029959440231323,108.80002224445343,0.2689635753631592,0.502912163734436,0.23394858837127686,0.2527611255645752,0.8024939298629761,0.5497328042984009,0.1344042420387268,0.7862712740898132,0.6518670320510864,0.5903767943382263,0.03588619828224182,0.5544905960559845,0.13706496357917786,0.13706496357917786,64.9381673336029
crack0063_09.png,222.78027777075766,112.71577453613281,2.6014368534088135,110.114337682724,108.19193267822266,1.7904154062271118,106.40151727199554,0.2048269659280777,0.5647284388542175,0.35990147292613983,0.2817842960357666,0.7491321563720703,0.4673478603363037,0.2402486801147461,0.7337431907653809,0.49349451065063477,0.5832064747810364,0.01772395148873329,0.5654825232923031,0.1393287479877472,0.1393287479877472,68.6972467303276
crack0064_00.png,238.26967743635177,106.24178314208984,1.8800630569458008,104.36172008514404,105.75434875488281,1.015703558921814,104.738645195961,0.29455628991127014,0.7687796354293823,0.4742233455181122,0.0,0.7945109009742737,0.7945109009742737,0.0,0.8030788898468018,0.8030788898468018,0.5803537368774414,0.02299884706735611,0.5573548898100853,0.1057000607252121,0.1057000607252121,59.60169517993927
crack0064_01.png,241.8966028958559,114.39710998535156,2.562894582748413,111.83421540260315,103.24287414550781,1.773690104484558,101.46918404102325,0.21270619332790375,0.7381441593170166,0.5254379659891129,0.0,0.6281064748764038,0.6281064748764038,0.019505321979522705,0.6698774099349976,0.6503720879554749,0.5754556059837341,0.017570165917277336,0.5578854400664568,0.13111965358257294,0.13111965358257294,68.73585492372513
crack0064_02.png,209.020626065135,82.83534240722656,3.1927683353424072,79.64257407188416,102.22765350341797,1.8920800685882568,100.33557343482971,0.23850178718566895,0.7611855268478394,0.5226837396621704,0.0,0.6339941620826721,0.6339941620826721,0.0,0.6680383682250977,0.6680383682250977,0.5827758312225342,0.031041907146573067,0.5517339240759611,0.13528594374656677,0.13528594374656677,52.014981389045715
crack0064_03.png,223.17941722273827,97.87705993652344,3.2198715209960938,94.65718841552734,107.74716186523438,1.8999557495117188,105.84720611572266,0.24416205286979675,0.7507274746894836,0.5065654218196869,0.0,0.5979925990104675,0.5979925990104675,0.0,0.6483978033065796,0.6483978033065796,0.5827105045318604,0.03925028815865517,0.5434602163732052,0.12938076257705688,0.12938076257705688,59.207162737846375
crack0064_04.png,241.55790422558783,106.59025573730469,2.16157865524292,104.42867708206177,108.258056640625,1.845489263534546,106.41256737709045,0.20957507193088531,0.7564635276794434,0.546888455748558,0.0,0.7057567834854126,0.7057567834854126,0.0,0.7130228281021118,0.7130228281021118,0.5843867659568787,0.019815456122159958,0.5645713098347187,0.11533595621585846,0.11533595621585846,65.17688351869583
crack0064_05.png,230.00684946775436,100.99286651611328,2.4282829761505127,98.56458353996277,103.54338073730469,1.4932384490966797,102.05014228820801,0.2427368462085724,0.7505598664283752,0.5078230202198029,0.0,0.6850302815437317,0.6850302815437317,0.0,0.7759969830513,0.7759969830513,0.5806997418403625,0.015820838510990143,0.5648789033293724,0.1114705502986908,0.1114705502986908,60.374353647232056
crack0064_06.png,245.80457125306128,125.32984924316406,3.770801544189453,121.55904769897461,104.29610443115234,2.15218448638916,102.14391994476318,0.2869773209095001,0.7353811860084534,0.44840386509895325,0.0,0.6258727312088013,0.6258727312088013,0.0,0.6751223802566528,0.6751223802566528,0.5893348455429077,0.027316417545080185,0.5620184279978275,0.11630871891975403,0.11630871891975403,70.90507996082306
crack0064_07.png,218.69000812768937,90.656005859375,4.319879531860352,86.33612632751465,106.4802474975586,1.3222405910491943,105.1580069065094,0.19764642417430878,0.7514448165893555,0.5537983924150467,0.0,0.6150758266448975,0.6150758266448975,0.0,0.7695778012275696,0.7695778012275696,0.5801153182983398,0.045520953834056854,0.534594364464283,0.10692232847213745,0.10692232847213745,58.83376997709274
crack0064_08.png,229.6671570777893,102.64049530029297,3.3336713314056396,99.30682396888733,102.02499389648438,1.7722364664077759,100.2527574300766,0.2289772629737854,0.7667917609214783,0.5378144979476929,0.0,0.6476337909698486,0.6476337909698486,0.0,0.7184172868728638,0.7184172868728638,0.5717531442642212,0.03853517770767212,0.5332179665565491,0.10253222286701202,0.10253222286701202,62.11857330799103
crack0064_09.png,235.78089300096036,109.06842803955078,3.250655174255371,105.81777286529541,103.89073181152344,1.5471360683441162,102.34359574317932,0.29117268323898315,0.7713315486907959,0.48015886545181274,0.0,0.7109183073043823,0.7109183073043823,0.11532610654830933,0.7783952951431274,0.6630691885948181,0.5781238079071045,0.02371780015528202,0.5544060077518225,0.10901565849781036,0.10901565849781036,61.81413292884827
crack0065_00.png,212.3454697549343,90.17191314697266,1.5292079448699951,88.64270520210266,102.68794250488281,1.8418898582458496,100.84605264663696,0.3364437222480774,0.736395537853241,0.3999518156051636,0.0,0.7229939103126526,0.7229939103126526,0.23463386297225952,0.7019671201705933,0.46733325719833374,0.5867435336112976,0.025532487779855728,0.5612110458314419,0.16977302730083466,0.16977302730083466,49.133678555488586
crack0065_01.png,230.83830258250237,96.19037628173828,2.3991963863372803,93.791179895401,104.52666473388672,1.996517300605774,102.53014743328094,0.14799077808856964,0.7203042507171631,0.5723134726285934,0.0,0.7106633186340332,0.7106633186340332,0.0,0.7458495497703552,0.7458495497703552,0.585155725479126,0.039569396525621414,0.5455863289535046,0.14008349180221558,0.14008349180221558,63.82156866788864
crack0065_02.png,209.87461851537228,97.37843322753906,1.598984956741333,95.77944827079773,107.984130859375,1.489493727684021,106.49463713169098,0.29231640696525574,0.5880053043365479,0.2956888973712921,0.053540825843811035,0.6823832988739014,0.6288424730300903,0.13867157697677612,0.6554967164993286,0.5168251395225525,0.5834294557571411,0.016216838732361794,0.5672126170247793,0.2562011480331421,0.2562011480331421,55.2869029045105
crack0065_03.png,236.8410716354847,100.82003021240234,1.8029855489730835,99.01704466342926,107.02757263183594,1.4760782718658447,105.55149435997009,0.1670909970998764,0.7228296399116516,0.5557386428117752,0.0,0.7289775609970093,0.7289775609970093,0.0,0.7202163934707642,0.7202163934707642,0.5808804035186768,0.0312495194375515,0.5496308840811253,0.15640142560005188,0.15640142560005188,64.5212641954422
crack0065_04.png,227.7012403190136,100.38339233398438,1.3464349508285522,99.03695738315582,111.16234588623047,2.418161392211914,108.74418449401855,0.2851993441581726,0.6967293620109558,0.4115300178527832,0.0,0.7711148262023926,0.7711148262023926,0.1070665717124939,0.7207914590835571,0.6137248873710632,0.581453263759613,0.04646289721131325,0.5349903665482998,0.2003212720155716,0.2003212720155716,57.01108354330063
crack0065_05.png,216.75290361344815,97.36114501953125,1.6093136072158813,95.75183141231537,104.36261749267578,1.5853657722473145,102.77725172042847,0.326385498046875,0.6824942827224731,0.35610878467559814,0.0,0.7336180210113525,0.7336180210113525,0.14043492078781128,0.717600405216217,0.5771654844284058,0.5780546069145203,0.0266359094530344,0.5514186974614859,0.1844850331544876,0.1844850331544876,53.024283707141876
crack0065_06.png,215.6052357405424,95.22152709960938,1.3929245471954346,93.82860255241394,106.64456176757812,1.9283740520477295,104.7161877155304,0.3073938488960266,0.6627875566482544,0.3553937077522278,0.0,0.7234523296356201,0.7234523296356201,0.1273859143257141,0.6664219498634338,0.5390360355377197,0.5865359306335449,0.023521723225712776,0.5630142074078321,0.21376949548721313,0.21376949548721313,53.325032114982605
crack0065_07.png,236.03372907340525,104.24419403076172,1.5103416442871094,102.73385238647461,105.71078491210938,2.7946105003356934,102.91617441177368,0.25878632068634033,0.7390930652618408,0.4803067445755005,0.0,0.7912030220031738,0.7912030220031738,0.0,0.7527256011962891,0.7527256011962891,0.5766705274581909,0.025151865556836128,0.5515186619013548,0.1386987268924713,0.1386987268924713,60.41690969467163
crack0065_08.png,224.8953007310629,96.65059661865234,1.275207281112671,95.37538933753967,104.81671905517578,1.975571870803833,102.84114718437195,0.2618669271469116,0.7131059765815735,0.45123904943466187,0.0,0.7531289458274841,0.7531289458274841,0.0,0.7022700309753418,0.7022700309753418,0.5809650421142578,0.02698577381670475,0.5539792682975531,0.15920878946781158,0.15920878946781158,56.48948800563812
crack0065_09.png,235.72836431264878,107.58650970458984,2.0777523517608643,105.50875735282898,108.87240600585938,2.0472989082336426,106.82510709762573,0.21841295063495636,0.6654617190361023,0.44704876840114594,0.0,0.7524456977844238,0.7524456977844238,0.0,0.730500340461731,0.730500340461731,0.5885159373283386,0.0478200688958168,0.5406958684325218,0.16055269539356232,0.16055269539356232,65.26799148321152
crack0066_00.png,262.68246607482433,134.65695190429688,2.4932334423065186,132.16371846199036,117.57270812988281,1.284095048904419,116.2886130809784,0.23700979351997375,0.7034806609153748,0.466470867395401,0.07724237442016602,0.6840256452560425,0.6067832708358765,0.2795843482017517,0.7493759393692017,0.46979159116744995,0.5855324864387512,0.025174932554364204,0.560357553884387,0.127351313829422,0.127351313829422,77.77580451965332
crack0066_01.png,223.9732586145401,107.66212463378906,3.652634382247925,104.00949025154114,115.40580749511719,3.0082345008850098,112.39757299423218,0.2346201241016388,0.7082377076148987,0.4736175835132599,0.2874079942703247,0.6712120771408081,0.3838040828704834,0.3750980496406555,0.6374609470367432,0.26236289739608765,0.5842445492744446,0.04016532003879547,0.5440792292356491,0.16142308712005615,0.16142308712005615,64.94995403289795
crack0066_02.png,233.92946403026582,101.26264190673828,1.9575761556625366,99.30506575107574,109.10318756103516,2.306525230407715,106.79666233062744,0.2064216583967209,0.7503947615623474,0.5439731031656265,0.03204387426376343,0.6945437788963318,0.6624999046325684,0.3002995252609253,0.6987046003341675,0.3984050750732422,0.5850518941879272,0.037854671478271484,0.5471972227096558,0.12243487685918808,0.12243487685918808,62.626885294914246
crack0066_03.png,232.29153976738453,105.82963562011719,1.3393596410751343,104.49027597904205,108.29537963867188,1.3620591163635254,106.93332052230835,0.23833337426185608,0.7336351871490479,0.4953018128871918,0.1867581605911255,0.7615146040916443,0.5747564435005188,0.3599739074707031,0.7575163841247559,0.39754247665405273,0.5818262100219727,0.0214878898113966,0.5603383202105761,0.1330152153968811,0.1330152153968811,62.5575435757637
crack0066_04.png,267.4851246327162,136.67465209960938,1.3280290365219116,135.34662306308746,115.78732299804688,1.2629549503326416,114.52436804771423,0.17412234842777252,0.7210347056388855,0.546912357211113,0.2854515314102173,0.7906069159507751,0.5051553845405579,0.362454891204834,0.7575046420097351,0.3950497508049011,0.5834448337554932,0.024206073954701424,0.5592387598007917,0.1267601102590561,0.1267601102590561,81.89179301261902
crack0066_05.png,237.55561740994455,111.06138610839844,3.453130006790161,107.60825610160828,111.78558349609375,1.6367934942245483,110.1487900018692,0.26092132925987244,0.7245268225669861,0.46360549330711365,0.0,0.6682742834091187,0.6682742834091187,0.14181524515151978,0.7229970693588257,0.5811818242073059,0.5780737996101379,0.026362936943769455,0.5517108626663685,0.11652204394340515,0.11652204394340515,64.72493028640747
crack0066_06.png,231.85560917258263,103.67833709716797,2.293426752090454,101.38491034507751,109.53888702392578,2.557347536087036,106.98153948783875,0.24086381494998932,0.6790985465049744,0.43823473155498505,0.0,0.7686045169830322,0.7686045169830322,0.06976044178009033,0.7046447992324829,0.6348843574523926,0.5828296542167664,0.035951558500528336,0.546878095716238,0.10958243161439896,0.10958243161439896,61.84723919630051
crack0066_07.png,238.68394920229912,112.10807037353516,3.7754178047180176,108.33265256881714,117.8800048828125,2.3772850036621094,115.50271987915039,0.24764685332775116,0.6841181516647339,0.4364712983369827,0.0,0.6807510852813721,0.6807510852813721,0.13151347637176514,0.7089482545852661,0.577434778213501,0.5863706469535828,0.03630911186337471,0.550061535090208,0.12190040946006775,0.12190040946006775,66.53775876760483
crack0066_08.png,236.66079435944556,111.69451904296875,1.783783197402954,109.9107358455658,109.71892547607422,2.389296531677246,107.32962894439697,0.2020423710346222,0.7216465473175049,0.5196041762828827,0.1759001612663269,0.6916279792785645,0.5157278180122375,0.34008562564849854,0.6754686236381531,0.33538299798965454,0.5828680992126465,0.04234909638762474,0.5405190028250217,0.14106371998786926,0.14106371998786926,67.93133282661438
crack0066_09.png,243.69930929541587,109.5322494506836,1.7872064113616943,107.7450430393219,113.03881072998047,1.1942780017852783,111.84453272819519,0.18781766295433044,0.7217389941215515,0.5339213311672211,0.09340697526931763,0.7343993186950684,0.6409923434257507,0.28033339977264404,0.7270474433898926,0.44671404361724854,0.5853556394577026,0.01377931609749794,0.5715763233602047,0.13129043579101562,0.13129043579101562,67.80489373207092
crack0067_00.png,249.4711462199688,123.66014099121094,2.2298390865325928,121.43030190467834,103.68312072753906,2.652977466583252,101.03014326095581,0.17911233007907867,0.798022985458374,0.6189106553792953,0.32063186168670654,0.716663658618927,0.39603179693222046,0.46089500188827515,0.7234404683113098,0.26254546642303467,0.5846943259239197,0.027827758342027664,0.556866567581892,0.11632649600505829,0.11632649600505829,75.58602327108383
crack0067_01.png,225.9578901350498,113.13253784179688,2.5530126094818115,110.57952523231506,108.58589172363281,1.5868003368377686,106.99909138679504,0.26769140362739563,0.7569410800933838,0.48924967646598816,0.3568810820579529,0.648993730545044,0.29211264848709106,0.4429423213005066,0.704743504524231,0.26180118322372437,0.5855632424354553,0.04170703515410423,0.5438562072813511,0.15459060668945312,0.15459060668945312,65.20382070541382
crack0067_02.png,227.959799079597,111.83099365234375,1.9115846157073975,109.91940903663635,102.1693115234375,0.8946820497512817,101.27462947368622,0.3306516408920288,0.7575424909591675,0.42689085006713867,0.23651307821273804,0.757323145866394,0.520810067653656,0.3964155912399292,0.7703747749328613,0.37395918369293213,0.578458309173584,0.014786620624363422,0.5636716885492206,0.1620991826057434,0.1620991826057434,60.170523047447205
crack0067_03.png,235.11693499684333,117.04067993164062,3.3750030994415283,113.6656768321991,103.57169342041016,1.9869461059570312,101.58474731445312,0.23693546652793884,0.7856107950210571,0.5486753284931183,0.27951323986053467,0.6465296745300293,0.36701643466949463,0.40598106384277344,0.686125636100769,0.2801445722579956,0.5765282511711121,0.02046136185526848,0.5560668893158436,0.12374517321586609,0.12374517321586609,69.05284357070923
crack0067_04.png,241.13335900306703,122.68553924560547,2.871865749359131,119.81367349624634,104.24116516113281,1.7236275672912598,102.51753759384155,0.2891978919506073,0.7959831357002258,0.5067852437496185,0.23626983165740967,0.6640493869781494,0.42777955532073975,0.38901686668395996,0.6812359094619751,0.29221904277801514,0.5840983986854553,0.01763167977333069,0.5664667189121246,0.1310989260673523,0.1310989260673523,68.79076492786407
crack0067_05.png,250.7448694422841,122.02168273925781,2.2806344032287598,119.74104833602905,106.8550796508789,1.3669506311416626,105.48812901973724,0.2335834801197052,0.7840830683708191,0.5504995882511139,0.1770002841949463,0.7220093011856079,0.5450090169906616,0.33080971240997314,0.7479939460754395,0.4171842336654663,0.5835639834403992,0.009357939474284649,0.5742060439661145,0.12368305027484894,0.12368305027484894,71.47870910167694
crack0067_06.png,255.01756319999694,137.44273376464844,6.355043888092041,131.0876898765564,107.56568145751953,3.4437828063964844,104.12189865112305,0.15752319991588593,0.7650837898254395,0.6075605899095535,0.3214038014411926,0.6275511384010315,0.30614733695983887,0.4159090518951416,0.6788439750671387,0.26293492317199707,0.5840638279914856,0.04830449819564819,0.5357593297958374,0.1147880107164383,0.1147880107164383,85.81004995107651
crack0067_07.png,225.6489835679531,109.23107147216797,3.731203079223633,105.49986839294434,101.27801513671875,1.869874358177185,99.40814077854156,0.21006730198860168,0.773482084274292,0.5634147822856903,0.29418087005615234,0.6280742883682251,0.33389341831207275,0.42619597911834717,0.7087609171867371,0.2825649380683899,0.5829565525054932,0.03403306379914284,0.5489234887063503,0.12383198738098145,0.12383198738098145,67.19536125659943
crack0067_08.png,226.53767448067666,115.24425506591797,3.384341239929199,111.85991382598877,100.78916931152344,1.9581537246704102,98.83101558685303,0.3342991769313812,0.7768405079841614,0.44254133105278015,0.21996194124221802,0.6783612966537476,0.45839935541152954,0.3734194040298462,0.689262866973877,0.31584346294403076,0.5807420015335083,0.04559015855193138,0.5351518429815769,0.16230374574661255,0.16230374574661255,62.48602759838104
crack0067_09.png,251.64817058444024,125.11741638183594,2.457685947418213,122.65973043441772,101.53558349609375,1.5307235717773438,100.0048599243164,0.2574044167995453,0.8004552721977234,0.5430508553981781,0.14520317316055298,0.7426335215568542,0.5974303483963013,0.3465219736099243,0.765788197517395,0.4192662239074707,0.578750491142273,0.037620145827531815,0.5411303453147411,0.10964419692754745,0.10964419692754745,71.49330580234528
crack0068_00.png,219.92543671429158,113.21467590332031,1.9015848636627197,111.31309103965759,109.04495239257812,1.7037310600280762,107.34122133255005,0.2593522071838379,0.6422674059867859,0.382915198802948,0.48210036754608154,0.7933143973350525,0.31121402978897095,0.43819165229797363,0.7486571073532104,0.3104654550552368,0.5843906402587891,0.019538639113307,0.5648520011454821,0.17198505997657776,0.17198505997657776,65.3726235628128
crack0068_01.png,226.09767076969146,108.66938018798828,1.1101016998291016,107.55927848815918,106.84983825683594,1.069051742553711,105.78078651428223,0.24445365369319916,0.7308160066604614,0.48636235296726227,0.4215131402015686,0.7910763025283813,0.36956316232681274,0.3937481641769409,0.7311513423919678,0.33740317821502686,0.5852364301681519,0.02187235653400421,0.5633640736341476,0.1656772494316101,0.1656772494316101,63.631978929042816
crack0068_02.png,213.1890860453248,109.8448486328125,2.314009189605713,107.53083944320679,104.75386047363281,2.4104316234588623,102.34342885017395,0.26597490906715393,0.6697857975959778,0.40381088852882385,0.4737182855606079,0.7054640054702759,0.23174571990966797,0.4450732469558716,0.6618229150772095,0.2167496681213379,0.5884352326393127,0.009780853055417538,0.5786543795838952,0.18394359946250916,0.18394359946250916,63.65834367275238
crack0068_03.png,223.9196970552206,116.1512680053711,2.6873631477355957,113.4639048576355,108.44482421875,2.9413022994995117,105.50352191925049,0.25156933069229126,0.6800243258476257,0.4284549951553345,0.4277075529098511,0.7067149877548218,0.2790074348449707,0.4440782070159912,0.6512783169746399,0.20720010995864868,0.5876009464263916,0.017158785834908485,0.5704421605914831,0.1810351014137268,0.1810351014137268,67.82919359207153
crack0068_04.png,232.2231826350093,123.19750213623047,1.3371657133102417,121.86033642292023,105.28388977050781,1.5994372367858887,103.68445253372192,0.25371408462524414,0.6655718088150024,0.4118577241897583,0.4195291996002197,0.7517927885055542,0.3322635889053345,0.4127887487411499,0.7158507704734802,0.3030620217323303,0.5784236788749695,0.012176086194813251,0.5662475926801562,0.1636948585510254,0.1636948585510254,70.18143600225449
crack0068_05.png,257.89014267623423,138.85629272460938,2.1110377311706543,136.74525499343872,118.15141296386719,1.7471747398376465,116.40423822402954,0.21900317072868347,0.6764381527900696,0.4574349820613861,0.33013206720352173,0.7190998792648315,0.3889678120613098,0.3464354872703552,0.7253066301345825,0.3788711428642273,0.5833218097686768,0.022579776123166084,0.5607420336455107,0.13876783847808838,0.13876783847808838,80.67634737491608
crack0068_06.png,253.3730913221836,137.2891845703125,2.2966949939727783,134.99248957633972,117.77898406982422,2.3817806243896484,115.39720344543457,0.1997637152671814,0.6939324140548706,0.4941686987876892,0.47573399543762207,0.7707827687263489,0.2950487732887268,0.44624197483062744,0.7318931818008423,0.28565120697021484,0.5814993977546692,0.059342559427022934,0.5221568383276463,0.15039141476154327,0.15039141476154327,81.06709277629852
crack0068_07.png,235.82112486958505,128.28167724609375,2.243542194366455,126.0381350517273,115.72008514404297,2.0353026390075684,113.6847825050354,0.25922074913978577,0.6605264544487,0.4013057053089142,0.3901657462120056,0.6639394760131836,0.273773729801178,0.3599447011947632,0.6489238142967224,0.28897911310195923,0.585778534412384,0.05443675443530083,0.5313417799770832,0.17055994272232056,0.17055994272232056,73.14050614833832
crack0068_08.png,234.79759708046913,128.1831512451172,4.979920387268066,123.20323085784912,113.11593627929688,4.1008195877075195,109.01511669158936,0.24994145333766937,0.6652483940124512,0.4153069406747818,0.36624574661254883,0.6836520433425903,0.3174062967300415,0.3631616234779358,0.6608778238296509,0.2977162003517151,0.5868858098983765,0.03519799932837486,0.5516878105700016,0.17752787470817566,0.17752787470817566,75.06048101186752
crack0068_09.png,222.75317767858505,120.85567474365234,4.463266849517822,116.39240789413452,111.50228118896484,3.148500442504883,108.35378074645996,0.22162270545959473,0.6487772464752197,0.427154541015625,0.39325493574142456,0.5807018280029297,0.18744689226150513,0.37122267484664917,0.6218677759170532,0.25064510107040405,0.5795655250549316,0.0458400622010231,0.5337254628539085,0.1745554804801941,0.1745554804801941,72.54472947120667
crack0069_00.png,254.83409886062145,120.48619842529297,3.2292139530181885,117.25698447227478,109.02635192871094,2.085406541824341,106.9409453868866,0.23516829311847687,0.7942858338356018,0.5591175407171249,0.0,0.6892304420471191,0.6892304420471191,0.227275550365448,0.6953854560852051,0.4681099057197571,0.5903306603431702,0.02777777798473835,0.5625528823584318,0.10762615501880646,0.10762615501880646,71.36083501577377
crack0069_01.png,249.59792951345443,118.40557861328125,3.9692904949188232,114.43628811836243,110.07240295410156,2.1057448387145996,107.96665811538696,0.20486478507518768,0.8538602590560913,0.6489954739809036,0.16854077577590942,0.6229538917541504,0.45441311597824097,0.3769311308860779,0.6337317228317261,0.2568005919456482,0.5810688138008118,0.03409842401742935,0.5469703897833824,0.10248066484928131,0.10248066484928131,72.13830000162125
crack0069_02.png,258.57465184926986,134.87986755371094,7.660252571105957,127.21961498260498,106.33647918701172,2.212414264678955,104.12406492233276,0.19521313905715942,0.8503665924072266,0.6551534533500671,0.15197646617889404,0.5576919913291931,0.4057155251502991,0.35960984230041504,0.6598681211471558,0.3002582788467407,0.5790042281150818,0.05239138752222061,0.5266128405928612,0.10698117315769196,0.10698117315769196,82.71744084358215
crack0069_03.png,253.6996716886759,124.13695526123047,3.1676599979400635,120.9692952632904,105.07807922363281,1.1334753036499023,103.94460391998291,0.25498199462890625,0.8769528269767761,0.6219708323478699,0.12325716018676758,0.5980288982391357,0.47477173805236816,0.3738836646080017,0.7087172269821167,0.334833562374115,0.5788273811340332,0.018727412447333336,0.5600999686866999,0.10339104384183884,0.10339104384183884,71.50648319721222
crack0069_04.png,253.4311630040407,117.80660247802734,2.3454766273498535,115.46112585067749,103.72913360595703,1.9011226892471313,101.8280109167099,0.2735922336578369,0.8683619499206543,0.5947697162628174,0.0,0.6792514324188232,0.6792514324188232,0.261189341545105,0.7289514541625977,0.4677621126174927,0.578458309173584,0.016278354451060295,0.5621799547225237,0.09426037222146988,0.09426037222146988,66.79883790016174
crack0069_05.png,229.4113037109375,123.91010284423828,10.231257438659668,113.67884540557861,118.99441528320312,7.2403717041015625,111.75404357910156,0.2256460040807724,0.7526740431785583,0.527028039097786,0.3115096092224121,0.5183379650115967,0.20682835578918457,0.34619414806365967,0.5559436678886414,0.2097495198249817,0.5834448337554932,0.06855824589729309,0.5148865878582001,0.13773605227470398,0.13773605227470398,76.86971324682236
crack0069_06.png,253.9023090839386,120.6220703125,3.025200843811035,117.59686946868896,105.19943237304688,1.2849714756011963,103.91446089744568,0.1566798985004425,0.8322651982307434,0.6755852997303009,0.19213157892227173,0.6619552373886108,0.4698236584663391,0.3279900550842285,0.6857603788375854,0.35777032375335693,0.5794925093650818,0.03199538588523865,0.5474971234798431,0.12345391511917114,0.12345391511917114,75.60254204273224
crack0069_07.png,243.4089475184679,115.65082550048828,3.509355306625366,112.14147019386292,109.18283081054688,1.4748520851135254,107.70797872543335,0.2143414169549942,0.8145907521247864,0.6002493351697922,0.16624397039413452,0.6128976345062256,0.44665366411209106,0.34488892555236816,0.7176936864852905,0.37280476093292236,0.5799154043197632,0.022460592910647392,0.5574548114091158,0.10851873457431793,0.10851873457431793,69.9162215590477
crack0069_08.png,255.0172857314348,125.3707504272461,5.9950690269470215,119.37568140029907,112.83985900878906,2.2099661827087402,110.62989282608032,0.23595568537712097,0.8343557119369507,0.5984000265598297,0.0411798357963562,0.5765181183815002,0.535338282585144,0.35263925790786743,0.6518653631210327,0.2992261052131653,0.5790042281150818,0.02640138380229473,0.5526028443127871,0.09932678937911987,0.09932678937911987,74.68573772907257
crack0069_09.png,242.5242445409298,121.13048553466797,5.48952579498291,115.64095973968506,110.59268951416016,1.8450196981430054,108.74766981601715,0.2098759263753891,0.8122882843017578,0.6024123579263687,0.2198014259338379,0.5606201887130737,0.34081876277923584,0.32062625885009766,0.6698504686355591,0.3492242097854614,0.5854248404502869,0.04646289721131325,0.5389619432389736,0.11882707476615906,0.11882707476615906,74.13444370031357
crack0070_00.png,257.80520217716696,124.37519073486328,5.146759510040283,119.228431224823,113.49591064453125,1.6272106170654297,111.86870002746582,0.23800596594810486,0.8551958203315735,0.6171898543834686,0.0,0.5560545921325684,0.5560545921325684,0.0,0.7292243838310242,0.7292243838310242,0.5826720595359802,0.027374086901545525,0.5552979726344347,0.0929703339934349,0.0929703339934349,73.7874995470047
crack0070_01.png,258.01448481976985,121.43199157714844,2.321214199066162,119.11077737808228,106.25947570800781,1.2097256183624268,105.04975008964539,0.27229028940200806,0.8877140879631042,0.6154237985610962,0.0,0.6305017471313477,0.6305017471313477,0.0,0.7346221208572388,0.7346221208572388,0.5828296542167664,0.022083813324570656,0.5607458408921957,0.09318257868289948,0.09318257868289948,68.85237169265747
crack0070_02.png,258.33065839111805,117.06610870361328,2.8011834621429443,114.26492524147034,108.57917785644531,1.141178011894226,107.43799984455109,0.24692167341709137,0.9006103873252869,0.6536887139081955,0.0,0.6664756536483765,0.6664756536483765,0.0,0.7907116413116455,0.7907116413116455,0.5752403140068054,0.021830065175890923,0.5534102488309145,0.0891578197479248,0.0891578197479248,68.12795823812485
crack0070_03.png,249.11092609763145,121.31361389160156,6.726451396942139,114.58716249465942,108.1544418334961,2.3483829498291016,105.80605888366699,0.24971842765808105,0.8635126948356628,0.6137942671775818,0.0,0.5349651575088501,0.5349651575088501,0.0,0.6860710382461548,0.6860710382461548,0.5784544348716736,0.03597462549805641,0.5424798093736172,0.08928963541984558,0.08928963541984558,72.17510437965393
crack0070_04.png,250.30267796218396,121.12368774414062,3.716647148132324,117.4070405960083,106.97512817382812,1.6594898700714111,105.31563830375671,0.3180958926677704,0.8790587782859802,0.5609628856182098,0.0,0.5916840434074402,0.5916840434074402,0.0,0.6845886707305908,0.6845886707305908,0.5768665671348572,0.02124183066189289,0.5556247364729643,0.09469710290431976,0.09469710290431976,66.40907657146454
crack0070_05.png,272.0880337059498,126.27628326416016,3.0696043968200684,123.20667886734009,114.33560180664062,1.5736072063446045,112.76199460029602,0.18809625506401062,0.8733158111572266,0.6852195560932159,0.0,0.6754627227783203,0.6754627227783203,0.0,0.7531712651252747,0.7531712651252747,0.5807573795318604,0.03224528953433037,0.54851208999753,0.08965452015399933,0.08965452015399933,76.61746370792389
crack0070_06.png,242.61479096114635,118.51177215576172,2.9786994457244873,115.53307271003723,108.22229766845703,1.248833179473877,106.97346448898315,0.4179643392562866,0.8962829113006592,0.47831857204437256,0.0,0.5895177721977234,0.5895177721977234,0.0,0.7151854038238525,0.7151854038238525,0.5850211381912231,0.023867743089795113,0.561153395101428,0.09480579942464828,0.09480579942464828,59.06822097301483
crack0070_07.png,250.0447145909071,114.72421264648438,3.708775520324707,111.01543712615967,106.91532897949219,1.411893606185913,105.50343537330627,0.2592148184776306,0.8819257020950317,0.6227108836174011,0.0,0.609089732170105,0.609089732170105,0.0,0.7608182430267334,0.7608182430267334,0.5783083438873291,0.01212226040661335,0.5661860834807158,0.08920380473136902,0.08920380473136902,66.79593873023987
crack0070_08.png,254.97222583591937,124.60040283203125,5.0123419761657715,119.58806085586548,107.55156707763672,1.3101743459701538,106.24139273166656,0.28329381346702576,0.8933524489402771,0.6100586354732513,0.0,0.547113299369812,0.547113299369812,0.0,0.7776811718940735,0.7776811718940735,0.577781617641449,0.02282199077308178,0.5549596268683672,0.09187768399715424,0.09187768399715424,70.92000830173492
crack0070_09.png,264.63952352404596,127.91498565673828,2.961167573928833,124.95381808280945,109.11544036865234,1.633131504058838,107.4823088645935,0.3024514615535736,0.8929510116577148,0.5904995501041412,0.0,0.6729217767715454,0.6729217767715454,0.0,0.7240939140319824,0.7240939140319824,0.5853440761566162,0.02194540575146675,0.5633986704051495,0.09104660898447037,0.09104660898447037,70.70475196838379
crack0071_00.png,267.834849101305,126.55801391601562,4.309960842132568,122.24805307388306,117.38764190673828,2.0397064685821533,115.34793543815613,0.19749665260314941,0.8623772263526917,0.6648805737495422,0.0,0.6236189603805542,0.6236189603805542,0.0,0.6945510506629944,0.6945510506629944,0.5826604962348938,0.04985005781054497,0.5328104384243488,0.09117661416530609,0.09117661416530609,76.89060807228088
crack0071_01.png,280.9281695872545,138.6758575439453,4.1606831550598145,134.5151743888855,120.09586334228516,1.6680481433868408,118.42781519889832,0.17705026268959045,0.8626039624214172,0.6855536997318268,0.0,0.5489723682403564,0.5489723682403564,0.0,0.7243194580078125,0.7243194580078125,0.5862706899642944,0.030303729698061943,0.5559669602662325,0.09329341351985931,0.09329341351985931,84.24608218669891
crack0071_02.png,291.8410894483328,141.146484375,3.716991662979126,137.42949271202087,117.39712524414062,1.8831660747528076,115.51395916938782,0.11577171087265015,0.863997220993042,0.7482255101203918,0.0,0.6520787477493286,0.6520787477493286,0.0,0.72822105884552,0.72822105884552,0.583579421043396,0.02695886231958866,0.5566205587238073,0.08960679918527603,0.08960679918527603,88.8286122083664
crack0071_03.png,301.1871882677078,154.08067321777344,2.7802891731262207,151.30038404464722,119.29041290283203,1.5212490558624268,117.7691638469696,0.16631445288658142,0.8571730256080627,0.6908585727214813,0.0,0.6360120177268982,0.6360120177268982,0.0,0.7209100723266602,0.7209100723266602,0.5840291976928711,0.03227989375591278,0.5517493039369583,0.08884935826063156,0.08884935826063156,91.81278192996979
crack0071_04.png,282.66134775578973,138.52593994140625,5.024945259094238,133.500994682312,117.96858978271484,2.225113868713379,115.74347591400146,0.18322186172008514,0.8884108066558838,0.7051889449357986,0.0,0.5956137180328369,0.5956137180328369,0.0,0.6989079117774963,0.6989079117774963,0.5837523937225342,0.018169933930039406,0.5655824597924948,0.08938324451446533,0.08938324451446533,84.1322266459465
crack0071_05.png,276.7884972751141,135.94610595703125,3.8653697967529297,132.08073616027832,114.77680969238281,1.6103496551513672,113.16646003723145,0.21890686452388763,0.8765870332717896,0.6576801687479019,0.0,0.6127529144287109,0.6127529144287109,0.0,0.7624498009681702,0.7624498009681702,0.5805343985557556,0.02261822298169136,0.5579161755740643,0.09053736925125122,0.09053736925125122,79.99270194768906
crack0071_06.png,308.41346454918386,155.52516174316406,2.9364845752716064,152.58867716789246,115.33638000488281,1.4938561916351318,113.84252381324768,0.10224886238574982,0.8840402960777283,0.7817914336919785,0.0,0.6314931511878967,0.6314931511878967,0.0,0.7684009075164795,0.7684009075164795,0.5878700613975525,0.025751633569598198,0.5621184278279543,0.08841351419687271,0.08841351419687271,96.61069387197495
crack0071_07.png,286.50134162902833,132.38609313964844,2.406067132949829,129.9800260066986,118.13468933105469,1.1742918491363525,116.96039748191833,0.11961928009986877,0.8500792384147644,0.7304599583148956,0.0,0.7314248085021973,0.7314248085021973,0.0,0.7856160402297974,0.7856160402297974,0.5824375152587891,0.03135332465171814,0.5510841906070709,0.09236839413642883,0.09236839413642883,83.51642394065857
crack0071_08.png,281.4124253422022,135.52198791503906,2.908086061477661,132.6139018535614,120.64234924316406,1.6767334938049316,118.96561574935913,0.2015428990125656,0.8716496229171753,0.6701067239046097,0.0,0.6371407508850098,0.6371407508850098,0.0,0.7073724269866943,0.7073724269866943,0.5837639570236206,0.03081122599542141,0.5529527310281992,0.09277866780757904,0.09277866780757904,80.47302132844925
crack0071_09.png,250.9206938266754,121.41936492919922,7.39223051071167,114.02713441848755,113.59648132324219,1.7779508829116821,111.8185304403305,0.22555804252624512,0.8594719171524048,0.6339138746261597,0.0,0.5045535564422607,0.5045535564422607,0.0,0.7099519968032837,0.7099519968032837,0.5794194340705872,0.047647058963775635,0.5317723751068115,0.09516450762748718,0.09516450762748718,74.04909253120422
crack0072_00.png,213.24475519657136,115.0064697265625,2.0625810623168945,112.9438886642456,108.97744750976562,2.0919647216796875,106.88548278808594,0.30735066533088684,0.669009804725647,0.36165913939476013,0.5275143384933472,0.6921401023864746,0.16462576389312744,0.48494577407836914,0.6512380838394165,0.16629230976104736,0.5830565094947815,0.03233371675014496,0.5507227927446365,0.1973726600408554,0.1973726600408554,63.41574585437775
crack0072_01.png,210.76339604854584,109.57406616210938,1.0574524402618408,108.51661372184753,106.15423583984375,1.312976360321045,104.8412594795227,0.33781319856643677,0.6965721845626831,0.35875898599624634,0.5480974912643433,0.7785133123397827,0.23041582107543945,0.5029233694076538,0.7145229578018188,0.21159958839416504,0.5836409330368042,0.0238177627325058,0.5598231703042984,0.18889354169368744,0.18889354169368744,58.39260470867157
crack0072_02.png,214.7155930817127,112.41148376464844,1.9581665992736816,110.45331716537476,105.29913330078125,2.2484705448150635,103.05066275596619,0.28913888335227966,0.7258024215698242,0.43666353821754456,0.5308365821838379,0.7079427242279053,0.17710614204406738,0.5123580694198608,0.6537323594093323,0.14137428998947144,0.5833179354667664,0.057700883597135544,0.5256170518696308,0.16502349078655243,0.16502349078655243,63.169209599494934
crack0072_03.png,216.4498276412487,109.2777099609375,2.4230728149414062,106.8546371459961,111.66610717773438,2.063772678375244,109.60233449935913,0.24379102885723114,0.6953200101852417,0.45152898132801056,0.525704026222229,0.7242648601531982,0.19856083393096924,0.4694117307662964,0.6907750368118286,0.22136330604553223,0.5804844498634338,0.03824682906270027,0.5422376208007336,0.15579535067081451,0.15579535067081451,64.44230765104294
crack0072_04.png,214.68482079207897,109.90494537353516,2.218492031097412,107.68645334243774,102.41836547851562,2.314898729324341,100.10346674919128,0.24014319479465485,0.6864470839500427,0.4463038891553879,0.49134284257888794,0.7090955972671509,0.21775275468826294,0.46072834730148315,0.686173677444458,0.22544533014297485,0.5809034705162048,0.01733948476612568,0.5635639857500792,0.1598973125219345,0.1598973125219345,64.88926583528519
crack0072_05.png,212.97726817429066,115.99159240722656,3.0689072608947754,112.92268514633179,101.02242279052734,3.7667994499206543,97.25562334060669,0.27428001165390015,0.6715113520622253,0.3972313404083252,0.47800207138061523,0.6438087224960327,0.16580665111541748,0.47620677947998047,0.6064176559448242,0.13021087646484375,0.5851441621780396,0.016605151817202568,0.568539010360837,0.21360689401626587,0.21360689401626587,66.47921562194824
crack0072_06.png,224.42052341401578,119.95831298828125,2.896716594696045,117.0615963935852,110.23480224609375,2.239748954772949,107.9950532913208,0.2600425183773041,0.6965309977531433,0.43648847937583923,0.5046472549438477,0.6803834438323975,0.1757361888885498,0.48538434505462646,0.6602462530136108,0.17486190795898438,0.5862129926681519,0.030903497710824013,0.5553094949573278,0.18629969656467438,0.18629969656467438,69.27348339557648
crack0072_07.png,241.62929651141167,130.3647003173828,2.144545078277588,128.22015523910522,119.81521606445312,1.9436943531036377,117.87152171134949,0.2500168979167938,0.7151969075202942,0.46518000960350037,0.538040280342102,0.7052816152572632,0.16724133491516113,0.5293573141098022,0.6763783693313599,0.14702105522155762,0.5925874710083008,0.03367551043629646,0.5589119605720043,0.17512401938438416,0.17512401938438416,74.9571076631546
crack0072_08.png,202.84975837469102,104.58430480957031,1.5895899534225464,102.99471485614777,106.28286743164062,1.8179209232330322,104.46494650840759,0.37886327505111694,0.7130700349807739,0.334206759929657,0.44825392961502075,0.6711595058441162,0.22290557622909546,0.4698675870895386,0.6293907165527344,0.1595231294631958,0.582422137260437,0.022014610469341278,0.5604075267910957,0.1874488741159439,0.1874488741159439,53.65203636884689
crack0072_09.png,200.19936183691024,104.04084014892578,2.4104747772216797,101.6303653717041,106.96115112304688,2.5158352851867676,104.44531583786011,0.3345855474472046,0.6983327865600586,0.363747239112854,0.5338814854621887,0.6820911169052124,0.14820963144302368,0.48765408992767334,0.6136457324028015,0.12599164247512817,0.5866973996162415,0.04262975603342056,0.5440676435828209,0.1872614026069641,0.1872614026069641,56.61842060089111
crack0073_00.png,188.52879784703254,98.82898712158203,2.778275489807129,96.0507116317749,101.57025146484375,2.3414230346679688,99.22882843017578,0.37116020917892456,0.6520601511001587,0.28089994192123413,0.4442877173423767,0.6530052423477173,0.20871752500534058,0.48164623975753784,0.638660192489624,0.15701395273208618,0.5806958675384521,0.03154940530657768,0.5491464622318745,0.2245386391878128,0.2245386391878128,51.76185345649719
crack0073_01.png,220.13973880708218,113.3287582397461,3.5647807121276855,109.76397752761841,111.39134216308594,1.8084509372711182,109.58289122581482,0.210519477725029,0.6420760154724121,0.4315565377473831,0.37417495250701904,0.6168261766433716,0.24265122413635254,0.3224727511405945,0.6930110454559326,0.37053829431533813,0.584778904914856,0.026978084817528725,0.5578008200973272,0.22010314464569092,0.22010314464569092,69.20675700902939
crack0073_02.png,242.679857814312,120.46588134765625,2.143693208694458,118.32218813896179,107.77649688720703,1.930155873298645,105.84634101390839,0.16632089018821716,0.71724534034729,0.5509244501590729,0.36648333072662354,0.762467622756958,0.3959842920303345,0.2936120629310608,0.7094008922576904,0.41578882932662964,0.5835063457489014,0.030861206352710724,0.5526451393961906,0.13190746307373047,0.13190746307373047,74.66578769683838
crack0073_03.png,215.91230238080024,117.48887634277344,3.8740038871765137,113.61487245559692,106.05746459960938,3.1195478439331055,102.93791675567627,0.2542646825313568,0.652401328086853,0.3981366455554962,0.42648637294769287,0.6166049242019653,0.19011855125427246,0.44634658098220825,0.6295190453529358,0.18317246437072754,0.5804190635681152,0.03875432536005974,0.5416647382080555,0.19915568828582764,0.19915568828582764,68.64232170581818
crack0073_04.png,232.4503779411316,115.30720520019531,1.1481701135635376,114.15903508663177,109.74673461914062,1.3250662088394165,108.42166841030121,0.22497320175170898,0.6463009119033813,0.42132771015167236,0.3078474998474121,0.788070559501648,0.48022305965423584,0.23324954509735107,0.7482366561889648,0.5149871110916138,0.5863937139511108,0.03620530664920807,0.5501884073019028,0.16376402974128723,0.16376402974128723,68.18504410982132
crack0073_05.png,229.1044386446476,121.12158203125,2.075988531112671,119.04559350013733,104.49778747558594,1.5912600755691528,102.90652740001678,0.3281501531600952,0.7274680733680725,0.3993179202079773,0.409576416015625,0.7702553272247314,0.36067891120910645,0.46885204315185547,0.7615334987640381,0.2926814556121826,0.5852133631706238,0.022122260183095932,0.5630911029875278,0.15981093049049377,0.15981093049049377,65.31831061840057
crack0073_06.png,217.39900801777839,112.36251831054688,2.5633537769317627,109.79916453361511,105.7705078125,3.0500619411468506,102.72044587135315,0.2581186592578888,0.6382283568382263,0.3801096975803375,0.35972344875335693,0.7021572589874268,0.3424338102340698,0.3525708317756653,0.6688101291656494,0.31623929738998413,0.5819377303123474,0.021799307316541672,0.5601384229958057,0.1777040809392929,0.1777040809392929,65.25332570075989
crack0073_07.png,221.05157649219035,110.8336410522461,2.6526057720184326,108.18103528022766,104.3379135131836,2.02199125289917,102.31592226028442,0.21734966337680817,0.7010934948921204,0.4837438315153122,0.4386140704154968,0.6932947039604187,0.2546806335449219,0.4220956563949585,0.7043986320495605,0.28230297565460205,0.5869127511978149,0.010476740077137947,0.576436011120677,0.15759572386741638,0.15759572386741638,67.17865365743637
crack0073_08.png,219.68449254035949,114.77986907958984,2.6716558933258057,112.10821318626404,100.807861328125,3.044353485107422,97.76350784301758,0.30522021651268005,0.6757736206054688,0.3705534040927887,0.28271663188934326,0.6983259916305542,0.41560935974121094,0.33473825454711914,0.6848609447479248,0.35012269020080566,0.5857477784156799,0.03069204092025757,0.5550557374954224,0.14721465110778809,0.14721465110778809,63.84246063232422
crack0073_09.png,218.03909350037574,113.8397445678711,3.546643018722534,110.29310154914856,97.43867492675781,2.5456995964050293,94.89297533035278,0.27031466364860535,0.7272135615348816,0.45689889788627625,0.35867559909820557,0.6311357021331787,0.27246010303497314,0.403814435005188,0.6678223609924316,0.26400792598724365,0.5805767178535461,0.022114571183919907,0.5584621466696262,0.1392020434141159,0.1392020434141159,65.69738268852234
crack0074_00.png,204.10024112462997,118.39030456542969,5.061148643493652,113.32915592193604,109.37693786621094,6.708442687988281,102.66849517822266,0.3012365698814392,0.5786259174346924,0.2773893475532532,0.4879634380340576,0.6672148108482361,0.17925137281417847,0.3968690037727356,0.6457947492599487,0.24892574548721313,0.5818762183189392,0.0733141079545021,0.5085621103644371,0.21571511030197144,0.21571511030197144,66.92658114433289
crack0074_01.png,206.28937736451627,107.12767791748047,2.529886484146118,104.59779143333435,103.87809753417969,2.5214498043060303,101.35664772987366,0.33360299468040466,0.6171746850013733,0.28357169032096863,0.32747113704681396,0.733752965927124,0.40628182888031006,0.3648620843887329,0.6884626150131226,0.32360053062438965,0.5855247974395752,0.03022683598101139,0.5552979614585638,0.18947833776474,0.18947833776474,58.23359441757202
crack0074_02.png,206.9393263399601,110.25941467285156,2.9220893383026123,107.33732533454895,107.98894500732422,3.5435080528259277,104.44543695449829,0.355869323015213,0.656343400478363,0.30047407746315,0.38700777292251587,0.679171621799469,0.2921638488769531,0.39259183406829834,0.627595067024231,0.23500323295593262,0.5856785774230957,0.033194925636053085,0.5524836517870426,0.20457357168197632,0.20457357168197632,58.665735721588135
crack0074_03.png,215.3133415877819,108.17333221435547,1.2552965879440308,106.91803562641144,105.18558502197266,1.415337324142456,103.7702476978302,0.31061625480651855,0.6535707712173462,0.34295451641082764,0.3924972414970398,0.8044431209564209,0.4119458794593811,0.3666287660598755,0.7491480112075806,0.3825192451477051,0.5868089199066162,0.012483660131692886,0.5743252597749233,0.17842456698417664,0.17842456698417664,59.549695909023285
crack0074_04.png,210.5102063834667,100.05144500732422,2.029212713241577,98.02223229408264,102.23890686035156,1.892307162284851,100.34659969806671,0.3032587170600891,0.6842102408409119,0.38095152378082275,0.24278485774993896,0.7488231658935547,0.5060383081436157,0.35207802057266235,0.7130329012870789,0.3609548807144165,0.5862283706665039,0.045436371117830276,0.5407919995486736,0.18909123539924622,0.18909123539924622,56.29394066333771
crack0074_05.png,215.3578900396824,105.67240905761719,3.6937148571014404,101.97869420051575,113.22509002685547,3.7527413368225098,109.47234869003296,0.3038669526576996,0.6629230976104736,0.35905614495277405,0.2814462184906006,0.7516870498657227,0.47024083137512207,0.24919557571411133,0.6992177367210388,0.4500221610069275,0.5878815650939941,0.036478277295827866,0.5514032877981663,0.13342323899269104,0.13342323899269104,59.966307401657104
crack0074_06.png,202.93970952033996,100.2218017578125,3.1362831592559814,97.08551859855652,105.81938934326172,1.973783254623413,103.8456060886383,0.33540600538253784,0.6475346684455872,0.3121286630630493,0.3177471160888672,0.7278783321380615,0.41013121604919434,0.2737712264060974,0.7268669605255127,0.4530957341194153,0.5891810655593872,0.01567089557647705,0.5735101699829102,0.17109766602516174,0.17109766602516174,55.12192475795746
crack0074_07.png,193.64411823153495,99.14118957519531,1.614804744720459,97.52638483047485,103.03121948242188,1.5374395847320557,101.49377989768982,0.38824453949928284,0.6325400471687317,0.24429550766944885,0.42988109588623047,0.7655162811279297,0.3356351852416992,0.4281134009361267,0.7074474096298218,0.27933400869369507,0.583106517791748,0.019327182322740555,0.5637793354690075,0.201755553483963,0.201755553483963,50.40758550167084
crack0074_08.png,220.16284437179564,110.57244110107422,2.487485647201538,108.08495545387268,111.32324981689453,1.9483524560928345,109.3748973608017,0.31073153018951416,0.6939235329627991,0.3831920027732849,0.33838099241256714,0.7138246297836304,0.37544363737106323,0.334746778011322,0.6733438968658447,0.3385971188545227,0.5885697603225708,0.022199153900146484,0.5663706064224243,0.18207916617393494,0.18207916617393494,61.42886197566986
crack0074_09.png,180.40545390844346,80.57988739013672,6.124447345733643,74.45544004440308,105.66334533691406,3.8777730464935303,101.78557229042053,0.2749391496181488,0.6342856287956238,0.359346479177475,0.3827228546142578,0.7704992890357971,0.3877764344215393,0.3017345070838928,0.7130107283592224,0.4112762212753296,0.5833525657653809,0.05892733484506607,0.5244252309203148,0.15298081934452057,0.15298081934452057,50.18992102146149
crack0075_00.png,233.18585045188667,114.98686218261719,2.6895792484283447,112.29728293418884,105.29754638671875,1.3634722232818604,103.93407416343689,0.3952125608921051,0.7572189569473267,0.36200639605522156,0.0,0.6928514242172241,0.6928514242172241,0.1540113091468811,0.7525925040245056,0.5985811948776245,0.578277587890625,0.012268357910215855,0.5660092299804091,0.11406776309013367,0.11406776309013367,58.25657057762146
crack0075_01.png,243.14922483563424,117.76122283935547,1.8946949243545532,115.86652791500092,104.65089416503906,1.1168696880340576,103.534024477005,0.3381292223930359,0.7745099067687988,0.43638068437576294,0.0,0.7220434546470642,0.7220434546470642,0.0,0.7829399108886719,0.7829399108886719,0.5831680297851562,0.031245674937963486,0.5519223548471928,0.1139579713344574,0.1139579713344574,62.86692672967911
crack0075_02.png,232.34920656383036,111.00797271728516,1.5001461505889893,109.50782656669617,106.67103576660156,0.898810625076294,105.77222514152527,0.43639639019966125,0.7870232462882996,0.3506268560886383,0.0,0.7435964345932007,0.7435964345932007,0.19065546989440918,0.7748135328292847,0.5841580629348755,0.5802614092826843,0.01179930754005909,0.5684621017426252,0.11742189526557922,0.11742189526557922,53.28073239326477
crack0075_03.png,229.97805708050728,115.73426818847656,4.371766567230225,111.36250162124634,108.87158203125,2.366220474243164,106.50536155700684,0.3081813156604767,0.710756778717041,0.40257546305656433,0.07047152519226074,0.6269745826721191,0.5565030574798584,0.18017470836639404,0.6757739782333374,0.49559926986694336,0.5865551829338074,0.04787389561533928,0.5386812873184681,0.12712231278419495,0.12712231278419495,65.02434575557709
crack0075_04.png,227.23911190629005,113.84920501708984,6.008920192718506,107.84028482437134,104.82781982421875,1.7827690839767456,103.045050740242,0.3740379810333252,0.7743222117424011,0.4002842307090759,0.0,0.5996879935264587,0.5996879935264587,0.08277595043182373,0.764649510383606,0.6818735599517822,0.5809342265129089,0.026670511811971664,0.5542637147009373,0.10492110997438431,0.10492110997438431,60.72415280342102
crack0075_05.png,220.31921188533306,114.96566772460938,3.303905963897705,111.66176176071167,104.13432312011719,1.9596190452575684,102.17470407485962,0.3574211895465851,0.7020453214645386,0.3446241319179535,0.21525341272354126,0.6668689250946045,0.45161551237106323,0.33781564235687256,0.6947910785675049,0.3569754362106323,0.5799769163131714,0.02615148015320301,0.5538254361599684,0.15347734093666077,0.15347734093666077,60.88859212398529
crack0075_06.png,235.2568302690983,120.11664581298828,2.703287124633789,117.41335868835449,106.02373504638672,1.6771059036254883,104.34662914276123,0.3467753529548645,0.7365891933441162,0.3898138403892517,0.08088922500610352,0.6488685607910156,0.5679793357849121,0.2811315059661865,0.7006624937057495,0.419530987739563,0.5803998708724976,0.02538638934493065,0.5550134815275669,0.13118785619735718,0.13118785619735718,63.81944012641907
crack0075_07.png,221.54904344677925,105.87621307373047,3.166879653930664,102.7093334197998,104.1560287475586,1.142758846282959,103.01326990127563,0.40774279832839966,0.7692006230354309,0.36145782470703125,0.0,0.662750244140625,0.662750244140625,0.018209755420684814,0.7616140842437744,0.7434043288230896,0.5809073448181152,0.025713186711072922,0.5551941581070423,0.11594834178686142,0.11594834178686142,53.293272256851196
crack0075_08.png,220.18833175897598,117.28781127929688,3.612133741378784,113.67567753791809,102.56127166748047,1.8965872526168823,100.66468441486359,0.4102022647857666,0.7121793627738953,0.30197709798812866,0.12867647409439087,0.6367818117141724,0.5081053376197815,0.3056914210319519,0.6910839080810547,0.3853924870491028,0.5765782594680786,0.032468281686306,0.5441099777817726,0.14996811747550964,0.14996811747550964,58.90096700191498
crack0075_09.png,231.55832876563073,113.28004455566406,2.896818161010742,110.38322639465332,105.47986602783203,1.3209357261657715,104.15893030166626,0.4020959138870239,0.7658680081367493,0.36377209424972534,0.0,0.7001171708106995,0.7001171708106995,0.23652249574661255,0.7657509446144104,0.5292284488677979,0.5778239369392395,0.017697039991617203,0.5601268969476223,0.10911169648170471,0.10911169648170471,57.07563400268555
crack0076_00.png,231.06330246031285,93.2234878540039,4.291435241699219,88.93205261230469,122.13432312011719,2.551703929901123,119.58261919021606,0.15902455151081085,0.782396674156189,0.6233721226453781,0.11694639921188354,0.6668421626091003,0.5498957633972168,0.11346369981765747,0.6506288051605225,0.537165105342865,0.5899999737739563,0.02918492816388607,0.5608150456100702,0.10703563690185547,0.10703563690185547,62.81598740816116
crack0076_01.png,216.65046187639237,87.27418518066406,2.9912590980529785,84.28292608261108,108.3902359008789,1.3664522171020508,107.02378368377686,0.2887805998325348,0.8012070059776306,0.5124264061450958,0.09946757555007935,0.7512892484664917,0.6518216729164124,0.10022717714309692,0.7457237839698792,0.6454966068267822,0.5862783789634705,0.024002306163311005,0.5622760728001595,0.10336180031299591,0.10336180031299591,51.25702130794525
crack0076_02.png,225.75536494255067,103.47496795654297,5.693071365356445,97.78189659118652,103.00631713867188,2.7775633335113525,100.22875380516052,0.18189258873462677,0.7801731824874878,0.598280593752861,0.1937207579612732,0.6512906551361084,0.4575698971748352,0.1709500551223755,0.6759610176086426,0.5050109624862671,0.5853517651557922,0.04243367910385132,0.5429180860519409,0.09635430574417114,0.09635430574417114,67.08453494310379
crack0076_03.png,250.79290231466294,116.54131317138672,3.3786096572875977,113.16270351409912,114.15875244140625,2.536937713623047,111.6218147277832,0.19536316394805908,0.7588523030281067,0.5634891390800476,0.03571587800979614,0.654447078704834,0.6187312006950378,0.003236711025238037,0.657318115234375,0.654081404209137,0.5946558713912964,0.015828527510166168,0.5788273438811302,0.0949261337518692,0.0949261337518692,72.02440643310547
crack0076_04.png,356.3327399402857,178.4747314453125,2.8399722576141357,175.63475918769836,210.16395568847656,1.8837950229644775,208.28016066551208,0.16327445209026337,0.7793577313423157,0.6160832792520523,0.0,0.6363760232925415,0.6363760232925415,0.0,0.6267977356910706,0.6267977356910706,0.5858246684074402,0.019719338044524193,0.566105330362916,0.11128204315900803,0.11128204315900803,104.29387146234512
crack0076_05.png,272.396752345562,135.34547424316406,4.017702102661133,131.32777214050293,119.97760009765625,2.288271188735962,117.68932890892029,0.1332399696111679,0.7430578470230103,0.6098178774118423,0.11509144306182861,0.6907463669776917,0.575654923915863,0.1569952368736267,0.7081981897354126,0.5512029528617859,0.5906035900115967,0.036063052713871,0.5545405372977257,0.09628836810588837,0.09628836810588837,85.31133359670639
crack0076_06.png,237.65968163609506,100.0718765258789,1.7412874698638916,98.33058905601501,111.00770568847656,1.545475959777832,109.46222972869873,0.2234262377023697,0.772705614566803,0.5492793768644333,0.06479495763778687,0.7728496789932251,0.7080547213554382,0.0,0.7566767930984497,0.7566767930984497,0.5959361791610718,0.013944637030363083,0.5819915421307087,0.09488722681999207,0.09488722681999207,61.33845490217209
crack0076_07.png,232.69184166193008,105.16666412353516,5.1421074867248535,100.0245566368103,122.49761962890625,3.0572500228881836,119.44036960601807,0.2089347094297409,0.7464346289634705,0.5374999195337296,0.17847329378128052,0.6520110368728638,0.47353774309158325,0.08541744947433472,0.6846961975097656,0.5992787480354309,0.5924913287162781,0.01875048130750656,0.5737408474087715,0.09981957823038101,0.09981957823038101,66.31795638799667
crack0076_08.png,228.7969876974821,97.49061584472656,1.7594918012619019,95.73112404346466,114.20504760742188,0.9937156438827515,113.21133196353912,0.2573813796043396,0.7908854484558105,0.533504068851471,0.24908965826034546,0.7989792823791504,0.5498896241188049,0.0167466402053833,0.796922504901886,0.7801758646965027,0.5884390473365784,0.01080353744328022,0.5776355098932981,0.10019947588443756,0.10019947588443756,57.71973294019699
crack0076_09.png,217.64042048454286,92.06816101074219,5.105651378631592,86.9625096321106,110.08882141113281,3.0232813358306885,107.06554007530212,0.2064950317144394,0.776856005191803,0.5703609734773636,0.1804397702217102,0.6697779893875122,0.489338219165802,0.14233964681625366,0.6901900768280029,0.5478504300117493,0.584494411945343,0.018262207508087158,0.5662322044372559,0.0998496562242508,0.0998496562242508,59.57698076963425
crack0077_00.png,255.72766343355178,127.0055923461914,4.135580539703369,122.87001180648804,103.09017181396484,2.2949275970458984,100.79524421691895,0.125654399394989,0.8562476634979248,0.7305932641029358,0.2619020938873291,0.5638660788536072,0.3019639849662781,0.3720983862876892,0.6877390146255493,0.3156406283378601,0.5710611343383789,0.020722799003124237,0.5503383353352547,0.09440547227859497,0.09440547227859497,80.8737678527832
crack0077_01.png,251.76978527009487,123.841796875,3.5852930545806885,120.25650382041931,104.78207397460938,1.3496636152267456,103.43241035938263,0.16480088233947754,0.8566892147064209,0.6918883323669434,0.2790250778198242,0.5883526802062988,0.3093276023864746,0.3503350019454956,0.6904856562614441,0.3401506543159485,0.5775701403617859,0.01716647483408451,0.5604036655277014,0.10197828710079193,0.10197828710079193,76.92829763889313
crack0077_02.png,269.09522183537484,131.1219482421875,3.8036203384399414,127.31832790374756,109.11016845703125,1.5977270603179932,107.51244139671326,0.20468531548976898,0.8401156663894653,0.6354303508996964,0.0,0.6505941152572632,0.6505941152572632,0.13066953420639038,0.7501807808876038,0.6195112466812134,0.5814148187637329,0.03357170149683952,0.5478431172668934,0.08671064674854279,0.08671064674854279,78.4382581114769
crack0077_03.png,229.6059197664261,121.80793762207031,6.373805999755859,115.43413162231445,107.01718139648438,3.809309959411621,103.20787143707275,0.23000510036945343,0.7642746567726135,0.5342695564031601,0.30216503143310547,0.5199441909790039,0.21777915954589844,0.3634556531906128,0.620575487613678,0.2571198344230652,0.581926167011261,0.04602845013141632,0.5358977168798447,0.11632444709539413,0.11632444709539413,73.56761246919632
crack0077_04.png,273.3354621112347,136.42942810058594,3.965579032897949,132.463849067688,104.67672729492188,1.8038768768310547,102.87285041809082,0.18112781643867493,0.8519705533981323,0.6708427369594574,0.0,0.5984928607940674,0.5984928607940674,0.25982844829559326,0.695681095123291,0.43585264682769775,0.5846481919288635,0.03176470473408699,0.5528834871947765,0.09150942414999008,0.09150942414999008,82.71576225757599
crack0077_05.png,271.1770826786757,139.6000518798828,4.966431140899658,134.63362073898315,108.42497253417969,1.790187954902649,106.63478457927704,0.23095162212848663,0.8432579040527344,0.6123062819242477,0.0290796160697937,0.5921248197555542,0.5630452036857605,0.20525455474853516,0.7298009395599365,0.5245463848114014,0.5834371447563171,0.023856209591031075,0.5595809351652861,0.09232378005981445,0.09232378005981445,81.76362997293472
crack0077_06.png,262.4618393264711,131.3425750732422,1.8526077270507812,129.4899673461914,103.49899291992188,1.1361147165298462,102.36287820339203,0.23399107158184052,0.8369690775871277,0.6029780060052872,0.2122597098350525,0.7304665446281433,0.5182068347930908,0.31388890743255615,0.7485504150390625,0.43466150760650635,0.5833333134651184,0.006828142795711756,0.5765051706694067,0.09345932304859161,0.09345932304859161,75.89145964384079
crack0077_07.png,266.97733987271783,142.11888122558594,3.32017183303833,138.7987093925476,106.00279235839844,2.9786901473999023,103.02410221099854,0.21047072112560272,0.8399219512939453,0.6294512301683426,0.22774332761764526,0.5914623737335205,0.36371904611587524,0.2632087469100952,0.652205765247345,0.38899701833724976,0.5821607112884521,0.030557477846741676,0.5516032334417105,0.103543221950531,0.103543221950531,83.37771171331406
crack0077_08.png,236.417653337121,113.47538757324219,2.9891157150268555,110.48627185821533,103.50699615478516,1.5250892639160156,101.98190689086914,0.24247519671916962,0.8048160076141357,0.5623408108949661,0.2081589698791504,0.6465986967086792,0.4384397268295288,0.2968321442604065,0.6714357137680054,0.3746035695075989,0.5811342000961304,0.015790080651640892,0.5653441194444895,0.11651606857776642,0.11651606857776642,66.92910784482956
crack0077_09.png,291.5167585074902,165.4663543701172,6.561367511749268,158.90498685836792,107.35476684570312,3.2824509143829346,104.07231593132019,0.17622783780097961,0.8280951380729675,0.6518673002719879,0.1925210952758789,0.6239458322525024,0.43142473697662354,0.3610777258872986,0.6926020383834839,0.3315243124961853,0.5848789215087891,0.04546712711453438,0.5394117943942547,0.09343983978033066,0.09343983978033066,98.83534753322601
crack0078_00.png,210.41308148503305,98.27229309082031,4.818387508392334,93.45390558242798,108.44918823242188,2.1291818618774414,106.32000637054443,0.4422081410884857,0.7631795406341553,0.32097139954566956,0.0,0.6789941787719727,0.6789941787719727,0.0,0.7189285755157471,0.7189285755157471,0.5792502760887146,0.039407920092344284,0.5398423559963703,0.1053386777639389,0.1053386777639389,48.182862877845764
crack0078_01.png,200.4743382036686,89.19436645507812,5.8524346351623535,83.34193181991577,108.53386688232422,1.6062753200531006,106.92759156227112,0.44225651025772095,0.7791140079498291,0.33685749769210815,0.0,0.6413015723228455,0.6413015723228455,0.0,0.7284934520721436,0.7284934520721436,0.5844175219535828,0.04039984568953514,0.5440176762640476,0.11250545084476471,0.11250545084476471,44.36471080780029
crack0078_02.png,204.2263225376606,92.52812194824219,5.010933876037598,87.51718807220459,110.62435150146484,1.3195440769195557,109.30480742454529,0.46304112672805786,0.7968342900276184,0.33379316329956055,0.0,0.6126995086669922,0.6126995086669922,0.0,0.7328861951828003,0.7328861951828003,0.5805267095565796,0.03613225743174553,0.5443944521248341,0.11425267159938812,0.11425267159938812,44.208128690719604
crack0078_03.png,217.47766342163087,100.8101806640625,4.631604194641113,96.17857646942139,120.54048156738281,1.943143606185913,118.5973379611969,0.4096202552318573,0.7575590014457703,0.34793874621391296,0.0,0.5987885594367981,0.5987885594367981,0.0,0.7190986275672913,0.7190986275672913,0.5844405889511108,0.03260284662246704,0.5518377423286438,0.1041187196969986,0.1041187196969986,51.5213006734848
crack0078_04.png,190.78166115283966,81.55393981933594,5.474809169769287,76.07913064956665,116.19611358642578,2.352243423461914,113.84387016296387,0.4379020631313324,0.7746236324310303,0.3367215692996979,0.0,0.5340089797973633,0.5340089797973633,0.0,0.6958850622177124,0.6958850622177124,0.5781699419021606,0.05649749934673309,0.5216724425554276,0.10702013969421387,0.10702013969421387,40.367048382759094
crack0078_05.png,208.11639650166035,95.06804656982422,3.310776948928833,91.75726962089539,117.74482727050781,1.1561238765716553,116.58870339393616,0.5251868367195129,0.7857311367988586,0.2605443000793457,0.0,0.6578810214996338,0.6578810214996338,0.07086396217346191,0.7480255365371704,0.6771615743637085,0.5882506966590881,0.02412918023765087,0.5641215164214373,0.11311125755310059,0.11311125755310059,41.208229422569275
crack0078_06.png,220.07276122272015,101.41529846191406,2.5696582794189453,98.84564018249512,107.09904479980469,2.0279269218444824,105.0711178779602,0.44803571701049805,0.7982412576675415,0.35020554065704346,0.0,0.7220317125320435,0.7220317125320435,0.006754875183105469,0.701370120048523,0.6946152448654175,0.5823568105697632,0.02483275718986988,0.5575240533798933,0.10800446569919586,0.10800446569919586,48.40460777282715
crack0078_07.png,213.43000696897508,87.21176147460938,1.9317373037338257,85.28002417087555,107.35079193115234,1.3230640888214111,106.02772784233093,0.4036007225513458,0.84085613489151,0.4372554123401642,0.0,0.7137019634246826,0.7137019634246826,0.15392249822616577,0.7171109914779663,0.5631884932518005,0.5766435861587524,0.02138408273458481,0.5552595034241676,0.10368189960718155,0.10368189960718155,43.42144948244095
crack0078_08.png,200.26666356623173,86.03255462646484,3.695115089416504,82.33743953704834,109.9971923828125,1.1618844270706177,108.83530795574188,0.44248586893081665,0.7776613235473633,0.33517545461654663,0.0,0.6362509727478027,0.6362509727478027,0.0,0.7509034276008606,0.7509034276008606,0.5827758312225342,0.029500192031264305,0.5532756391912699,0.11764176934957504,0.11764176934957504,41.62571597099304
crack0078_09.png,213.02779638171197,99.49495697021484,5.006743907928467,94.48821306228638,115.41575622558594,1.7421427965164185,113.67361342906952,0.4280839264392853,0.7597942352294922,0.3317103087902069,0.0,0.6087384223937988,0.6087384223937988,0.0,0.712425947189331,0.712425947189331,0.5804460048675537,0.025851596146821976,0.5545944087207317,0.1184007078409195,0.1184007078409195,49.78365504741669
crack0079_00.png,233.92924669384956,110.00827026367188,2.861173391342163,107.14709687232971,107.22915649414062,1.5701216459274292,105.6590348482132,0.3001164197921753,0.7082030177116394,0.4080865979194641,0.0,0.734756350517273,0.734756350517273,0.0,0.7569618225097656,0.7569618225097656,0.5818685293197632,0.01983467862010002,0.5620338506996632,0.11766833066940308,0.11766833066940308,61.70247781276703
crack0079_01.png,214.97745655179023,102.0445556640625,2.4834344387054443,99.56112122535706,103.66686248779297,1.4663342237472534,102.20052826404572,0.3863368630409241,0.7172086238861084,0.3308717608451843,0.0,0.6602985858917236,0.6602985858917236,0.0,0.6745312213897705,0.6745312213897705,0.5781814455986023,0.03682045266032219,0.5413609929382801,0.1287020593881607,0.1287020593881607,52.21104109287262
crack0079_02.png,235.39569658041,111.29144287109375,4.990189552307129,106.30125331878662,123.53628540039062,2.541761636734009,120.99452376365662,0.28265196084976196,0.7115823030471802,0.4289303421974182,0.0,0.6065986156463623,0.6065986156463623,0.043132662773132324,0.6472633481025696,0.6041306853294373,0.5831410884857178,0.030184544622898102,0.5529565438628197,0.12959221005439758,0.12959221005439758,64.50734210014343
crack0079_03.png,233.54794377982617,107.12091827392578,2.27469801902771,104.84622025489807,109.757080078125,1.2376322746276855,108.51944780349731,0.301779180765152,0.7271162867546082,0.4253371059894562,0.0,0.7172952890396118,0.7172952890396118,0.043554067611694336,0.772614061832428,0.7290599942207336,0.5830373167991638,0.01865820772945881,0.564379109069705,0.11826884746551514,0.11826884746551514,59.91254997253418
crack0079_04.png,222.92323298454284,106.32514953613281,2.699187994003296,103.62596154212952,102.12722778320312,1.322754144668579,100.80447363853455,0.3549545109272003,0.7210541367530823,0.36609962582588196,0.0,0.6953481435775757,0.6953481435775757,0.0,0.7224530577659607,0.7224530577659607,0.5716378092765808,0.024798154830932617,0.5468396544456482,0.12117154896259308,0.12117154896259308,56.08041048049927
crack0079_05.png,224.27289885282516,104.98535919189453,2.7968995571136475,102.18845963478088,104.86332702636719,1.3735239505767822,103.4898030757904,0.3441677689552307,0.7183331251144409,0.3741653561592102,0.0,0.731139063835144,0.731139063835144,0.0,0.7638955116271973,0.7638955116271973,0.5770857334136963,0.03934255987405777,0.5377431735396385,0.11443409323692322,0.11443409323692322,56.3244925737381
crack0079_06.png,222.8009189069271,105.40911865234375,4.346026420593262,101.06309223175049,108.21783447265625,1.6315367221832275,106.58629775047302,0.3129967749118805,0.7111696004867554,0.3981728255748749,0.0,0.6477153301239014,0.6477153301239014,0.0,0.7216503620147705,0.7216503620147705,0.5779815316200256,0.04445982351899147,0.5335217081010342,0.13142140209674835,0.13142140209674835,59.2170273065567
crack0079_07.png,190.96612082123755,75.45433807373047,4.012110710144043,71.44222736358643,108.54534912109375,1.922922134399414,106.62242698669434,0.3414483070373535,0.7104968428611755,0.369048535823822,0.0,0.6446948647499084,0.6446948647499084,0.0,0.6997005343437195,0.6997005343437195,0.5755863189697266,0.036505188792943954,0.5390811301767826,0.119801826775074,0.119801826775074,42.26977872848511
crack0079_08.png,230.90721409618854,105.80052947998047,1.507204532623291,104.29332494735718,110.35337829589844,0.9277313947677612,109.42564690113068,0.3359823524951935,0.7030777931213379,0.3670954406261444,0.0,0.7784877419471741,0.7784877419471741,0.08637112379074097,0.778679370880127,0.692308247089386,0.5766589641571045,0.018246827647089958,0.5584121365100145,0.12669116258621216,0.12669116258621216,56.56128442287445
crack0079_09.png,268.51881713867186,134.6455078125,5.786645412445068,128.85886240005493,149.4139862060547,2.504608154296875,146.9093780517578,0.2717554271221161,0.7146739959716797,0.4429185688495636,0.0,0.5903357267379761,0.5903357267379761,0.0,0.6500324606895447,0.6500324606895447,0.5906382203102112,0.044405996799468994,0.5462322235107422,0.1260964274406433,0.1260964274406433,77.53627979755402
crack0080_00.png,222.7877683699131,116.37004852294922,2.60550856590271,113.76453995704651,105.38510131835938,1.5354981422424316,103.84960317611694,0.2517118752002716,0.6473861932754517,0.39567431807518005,0.35143721103668213,0.7103412747383118,0.35890406370162964,0.23554348945617676,0.7645043134689331,0.5289608240127563,0.579846203327179,0.043014224618673325,0.5368319787085056,0.14699208736419678,0.14699208736419678,67.57891416549683
crack0080_01.png,211.76103130280973,108.43302154541016,1.2908896207809448,107.14213192462921,105.14757537841797,0.9315512776374817,104.21602410078049,0.30700719356536865,0.6270439624786377,0.32003676891326904,0.45320838689804077,0.8227869868278503,0.36957859992980957,0.2666243314743042,0.8188653588294983,0.5522410273551941,0.5847712159156799,0.021111110225319862,0.5636601056903601,0.1518687754869461,0.1518687754869461,59.83237260580063
crack0080_02.png,206.15030251443386,106.2398681640625,1.5892475843429565,104.65062057971954,102.29164123535156,1.684272289276123,100.60736894607544,0.2759406566619873,0.6032403707504272,0.32729971408843994,0.4660463333129883,0.7808007001876831,0.3147543668746948,0.2816961407661438,0.7167977690696716,0.43510162830352783,0.5841522216796875,0.02208765782415867,0.5620645638555288,0.1693829447031021,0.1693829447031021,60.72420734167099
crack0080_03.png,220.68325676321984,112.85411834716797,0.7712294459342957,112.08288890123367,107.91259765625,0.726435661315918,107.18616199493408,0.31558743119239807,0.6715748310089111,0.35598739981651306,0.44734448194503784,0.826018214225769,0.3786737322807312,0.3080979585647583,0.8028497695922852,0.49475181102752686,0.5860053896903992,0.03350634500384331,0.5524990446865559,0.1684994250535965,0.1684994250535965,61.317643612623215
crack0080_04.png,203.63044006228446,102.55596923828125,1.9177457094192505,100.638223528862,100.05917358398438,1.7050119638442993,98.35416162014008,0.25710350275039673,0.6015612483024597,0.344457745552063,0.377327561378479,0.7355812788009644,0.35825371742248535,0.21561294794082642,0.7379952669143677,0.5223823189735413,0.580057680606842,0.035963091999292374,0.5440945886075497,0.16236761212348938,0.16236761212348938,60.01295453310013
crack0080_05.png,188.5064512848854,96.44219207763672,2.0384957790374756,94.40369629859924,100.36965942382812,1.4972479343414307,98.8724114894867,0.3067712187767029,0.5913190245628357,0.2845478057861328,0.4699134826660156,0.7316445708274841,0.2617310881614685,0.30052512884140015,0.7415473461151123,0.44102221727371216,0.579853892326355,0.04683583229780197,0.533018060028553,0.1651114821434021,0.1651114821434021,54.02822649478912
crack0080_06.png,222.52567121982574,115.02570343017578,2.6832292079925537,112.34247422218323,103.68940734863281,1.556403636932373,102.13300371170044,0.2553699016571045,0.6214413046836853,0.3660714030265808,0.30167239904403687,0.7583581209182739,0.45668572187423706,0.19192785024642944,0.772687554359436,0.5807597041130066,0.5825759172439575,0.03815455734729767,0.5444213598966599,0.15667463839054108,0.15667463839054108,66.8353089094162
crack0080_07.png,203.12579501569272,105.64237213134766,2.0847089290618896,103.55766320228577,100.41195678710938,1.412165880203247,98.99979090690613,0.34740591049194336,0.646337628364563,0.29893171787261963,0.3942407965660095,0.7485393285751343,0.35429853200912476,0.2005244493484497,0.7285050749778748,0.527980625629425,0.5782660245895386,0.03122260607779026,0.5470434185117483,0.150416299700737,0.150416299700737,56.149826884269714
crack0080_08.png,203.43027164936066,104.5879898071289,2.050471544265747,102.53751826286316,104.84175109863281,2.347522258758545,102.49422883987427,0.30553242564201355,0.6165043711662292,0.3109719455242157,0.3052278757095337,0.654009222984314,0.3487813472747803,0.20702844858169556,0.6263703107833862,0.4193418622016907,0.5877009034156799,0.06104959547519684,0.5266513079404831,0.18797947466373444,0.18797947466373444,58.49532127380371
crack0080_09.png,227.3902155280113,115.69335174560547,5.5829243659973145,110.11042737960815,105.08854675292969,2.6152336597442627,102.47331309318542,0.24030469357967377,0.663230836391449,0.4229261428117752,0.19078689813613892,0.710823655128479,0.5200367569923401,0.17040085792541504,0.7439091205596924,0.5735082626342773,0.586558997631073,0.045186467468738556,0.5413725301623344,0.1369883120059967,0.1369883120059967,69.68221634626389
crack0081_00.png,264.8473398953676,144.84512329101562,3.199671506881714,141.6454517841339,103.27888488769531,1.530879259109497,101.74800562858582,0.3155275881290436,0.7122381329536438,0.3967105448246002,0.0,0.7070045471191406,0.7070045471191406,0.073760986328125,0.7425632476806641,0.6688022613525391,0.5823260545730591,0.02018454484641552,0.5621415097266436,0.12015406787395477,0.12015406787395477,78.38378429412842
crack0081_01.png,261.8203917711973,139.65220642089844,2.1668899059295654,137.48531651496887,102.2090072631836,1.280033826828003,100.92897343635559,0.3025733530521393,0.7090729475021362,0.40649959444999695,0.0,0.7260687351226807,0.7260687351226807,0.0058293938636779785,0.7482438087463379,0.7424144148826599,0.5802806615829468,0.020261438563466072,0.5600192230194807,0.1250830888748169,0.1250830888748169,75.96637344360352
crack0081_02.png,269.6313035726547,150.99618530273438,4.10269832611084,146.89348697662354,102.21324157714844,1.4323089122772217,100.78093266487122,0.29089996218681335,0.7025593519210815,0.4116593897342682,0.0,0.7120385766029358,0.7120385766029358,0.022335290908813477,0.7628618478775024,0.740526556968689,0.5738984942436218,0.04861976206302643,0.5252787321805954,0.10489100217819214,0.10489100217819214,83.05138385295868
crack0081_03.png,273.13074770271777,145.5873260498047,1.683923363685608,143.90340268611908,104.43975830078125,0.7868728637695312,103.65288543701172,0.28188085556030273,0.7140385508537292,0.4321576952934265,0.02932727336883545,0.7964907884597778,0.7671635150909424,0.0648687481880188,0.8235403299331665,0.7586715817451477,0.5802614092826843,0.017585543915629387,0.5626758653670549,0.11181730031967163,0.11181730031967163,79.93322974443436
crack0081_04.png,257.1262791752815,133.91458129882812,3.598618745803833,130.3159625530243,103.41400909423828,1.4460443258285522,101.96796476840973,0.2641114294528961,0.7322202324867249,0.46810880303382874,0.0,0.6763560771942139,0.6763560771942139,0.0,0.7423073053359985,0.7423073053359985,0.5796116590499878,0.041607074439525604,0.5380045846104622,0.10387218743562698,0.10387218743562698,76.09438061714172
crack0081_05.png,260.99954481720926,140.8199005126953,4.263747215270996,136.55615329742432,104.24942016601562,1.6864596605300903,102.56296050548553,0.3006771206855774,0.692345380783081,0.39166826009750366,0.0,0.7451059818267822,0.7451059818267822,0.0,0.7508219480514526,0.7508219480514526,0.5843560099601746,0.027343329042196274,0.5570126809179783,0.11472532898187637,0.11472532898187637,77.8754370212555
crack0081_06.png,272.95059618353844,148.94969177246094,3.2936291694641113,145.65606260299683,104.45405578613281,1.6055784225463867,102.84847736358643,0.264358252286911,0.7143142223358154,0.4499559700489044,0.0,0.7067309617996216,0.7067309617996216,0.0,0.7510674595832825,0.7510674595832825,0.5825297832489014,0.03529411926865578,0.5472356639802456,0.11142060905694962,0.11142060905694962,83.56135666370392
crack0081_07.png,262.1669295191765,146.2048797607422,3.857062339782715,142.34781742095947,104.86952209472656,2.211242914199829,102.65827918052673,0.29110804200172424,0.714163601398468,0.4230555593967438,0.10871517658233643,0.68282550573349,0.5741103291511536,0.15934693813323975,0.6769691705703735,0.5176222324371338,0.5828065872192383,0.034133024513721466,0.5486735627055168,0.12689070403575897,0.12689070403575897,80.87675201892853
crack0081_08.png,265.90218801796436,141.93365478515625,2.6519582271575928,139.28169655799866,103.26332092285156,1.4456498622894287,101.81767106056213,0.2912134826183319,0.7213278412818909,0.43011435866355896,0.0,0.7323778867721558,0.7323778867721558,0.0,0.7473124861717224,0.7473124861717224,0.5837332010269165,0.029004229232668877,0.5547289717942476,0.1145155057311058,0.1145155057311058,78.16932559013367
crack0081_09.png,256.1505868881941,140.19920349121094,3.4922616481781006,136.70694184303284,104.961181640625,1.925072431564331,103.03610920906067,0.3130759596824646,0.7065256237983704,0.39344966411590576,0.07577884197235107,0.6927987337112427,0.6170198917388916,0.1261730194091797,0.6907956600189209,0.5646226406097412,0.5828450322151184,0.03103421814739704,0.5518108140677214,0.13231217861175537,0.13231217861175537,76.37497627735138
crack0082_00.png,215.92139207720757,121.21224212646484,2.130650758743286,119.08159136772156,109.98213195800781,1.4969687461853027,108.48516321182251,0.43809711933135986,0.6534994840621948,0.21540236473083496,0.33858799934387207,0.6950646638870239,0.35647666454315186,0.22906219959259033,0.7120358943939209,0.48297369480133057,0.5818839073181152,0.03302191570401192,0.5488619916141033,0.15502309799194336,0.15502309799194336,58.66097557544708
crack0082_01.png,237.04809014201163,119.84011840820312,1.3664394617080688,118.47367894649506,117.26785278320312,1.1043469905853271,116.1635057926178,0.3031568229198456,0.6777445673942566,0.374587744474411,0.24740731716156006,0.7482004165649414,0.5007930994033813,0.11300373077392578,0.7630060911178589,0.6500023603439331,0.5868089199066162,0.0340522862970829,0.5527566336095333,0.13221296668052673,0.13221296668052673,65.88622635602951
crack0082_02.png,214.66524708867072,123.54925537109375,2.6626992225646973,120.88655614852905,109.56723022460938,1.2207796573638916,108.34645056724548,0.443445086479187,0.6804316639900208,0.23698657751083374,0.4675303101539612,0.7109766602516174,0.24344635009765625,0.31726986169815063,0.7641761302947998,0.44690626859664917,0.5823721885681152,0.03878892585635185,0.5435832627117634,0.14177794754505157,0.14177794754505157,59.79415965080261
crack0082_03.png,243.67180767059327,136.8928680419922,2.32285737991333,134.57001066207886,113.33993530273438,2.1839940547943115,111.15594124794006,0.378754198551178,0.6683477759361267,0.28959357738494873,0.26656824350357056,0.7713558673858643,0.5047876238822937,0.2090083360671997,0.7453739643096924,0.5363656282424927,0.5789772868156433,0.046966552734375,0.5320107340812683,0.11471986770629883,0.11471986770629883,70.04170227050781
crack0082_04.png,213.4466843754053,117.08406829833984,1.0919336080551147,115.99213469028473,114.01639556884766,1.1599681377410889,112.85642743110657,0.5137872099876404,0.6958077549934387,0.18202054500579834,0.42766690254211426,0.7945702075958252,0.36690330505371094,0.3554037809371948,0.7328141927719116,0.3774104118347168,0.5916609168052673,0.01480584405362606,0.5768550727516413,0.1391661912202835,0.1391661912202835,51.92720502614975
crack0082_05.png,256.93412885665896,148.91311645507812,3.2969753742218018,145.61614108085632,122.41561889648438,1.5129992961883545,120.90261960029602,0.2988050878047943,0.6219534277915955,0.32314833998680115,0.356641948223114,0.7336459159851074,0.3770039677619934,0.1266099214553833,0.7787659764289856,0.6521560549736023,0.5832910537719727,0.03266820311546326,0.5506228506565094,0.1271766722202301,0.1271766722202301,81.50838279724121
crack0082_06.png,215.5678504705429,117.83817291259766,1.248363971710205,116.58980894088745,106.79159545898438,0.9359886646270752,105.8556067943573,0.4126504361629486,0.6715669631958008,0.2589165270328522,0.4241277575492859,0.7554845809936523,0.33135682344436646,0.2477361559867859,0.7687111496925354,0.5209749937057495,0.5813917517662048,0.01468665897846222,0.5667050927877426,0.1341257095336914,0.1341257095336914,58.03991234302521
crack0082_07.png,233.43943432718515,125.96475982666016,1.4029183387756348,124.56184148788452,114.86194610595703,1.2906700372695923,113.57127606868744,0.344417005777359,0.6430734992027283,0.29865649342536926,0.32926416397094727,0.7404427528381348,0.4111785888671875,0.27391868829727173,0.7277881503105164,0.45386946201324463,0.5920838117599487,0.014348327182233334,0.5777354845777154,0.15633755922317505,0.15633755922317505,66.7021712064743
crack0082_08.png,234.14874668717385,124.50225830078125,2.286952018737793,122.21530628204346,114.93065643310547,1.2783161401748657,113.6523402929306,0.3213281035423279,0.6995694041252136,0.37824130058288574,0.4203057885169983,0.7680386900901794,0.34773290157318115,0.23396772146224976,0.7773476243019104,0.5433799028396606,0.5888850688934326,0.031287964433431625,0.557597104460001,0.13020670413970947,0.13020670413970947,67.67032170295715
crack0082_09.png,212.4431165818125,115.78072357177734,3.436847448348999,112.34387612342834,110.37916564941406,1.463498830795288,108.91566681861877,0.4331131875514984,0.684779942035675,0.25166675448417664,0.40065550804138184,0.732322633266449,0.33166712522506714,0.266714870929718,0.7530044913291931,0.4862896203994751,0.5812149047851562,0.0028911957051604986,0.5783237090799958,0.12393530458211899,0.12393530458211899,56.87059044837952
crack0083_00.png,190.4231677889824,95.09483337402344,1.7070140838623047,93.38781929016113,104.65472412109375,1.342603325843811,103.31212079524994,0.3668273091316223,0.610281765460968,0.2434544563293457,0.38459813594818115,0.7595520615577698,0.3749539256095886,0.3310093879699707,0.718724250793457,0.38771486282348633,0.5832449197769165,0.05234525352716446,0.530899666249752,0.23411314189434052,0.23411314189434052,49.72108197212219
crack0083_01.png,181.68208332657815,93.12358093261719,3.1943349838256836,89.9292459487915,104.02413940429688,1.6957720518112183,102.32836735248566,0.4455393850803375,0.6408665180206299,0.19532713294029236,0.3728354573249817,0.7069553136825562,0.33411985635757446,0.31816816329956055,0.7005394697189331,0.38237130641937256,0.5816070437431335,0.03584390506148338,0.5457631386816502,0.19021782279014587,0.19021782279014587,44.690876603126526
crack0083_02.png,192.32202533185483,99.2856674194336,3.5399677753448486,95.74569964408875,103.55388641357422,2.1862082481384277,101.36767816543579,0.3508628308773041,0.6328917145729065,0.2820288836956024,0.4591330289840698,0.7327154874801636,0.27358245849609375,0.37565821409225464,0.6909463405609131,0.31528812646865845,0.5871203541755676,0.024029219523072243,0.5630911346524954,0.20598915219306946,0.20598915219306946,53.84586191177368
crack0083_03.png,201.52242725789546,97.70044708251953,1.6651796102523804,96.03526747226715,105.48221588134766,1.294886589050293,104.18732929229736,0.3033989369869232,0.6303094625473022,0.32691052556037903,0.4808407425880432,0.8673926591873169,0.3865519165992737,0.2882689833641052,0.8239537477493286,0.5356847643852234,0.5844905972480774,0.029557863250374794,0.5549327339977026,0.15810513496398926,0.15810513496398926,54.85850101709366
crack0083_04.png,203.52630113959313,95.6722183227539,1.1092020273208618,94.56301629543304,102.2577133178711,0.9580968618392944,101.2996164560318,0.3141796886920929,0.6367833018302917,0.32260361313819885,0.35951119661331177,0.8693960905075073,0.5098848938941956,0.24416548013687134,0.8232028484344482,0.5790373682975769,0.5779430866241455,0.021949250251054764,0.5559938363730907,0.15646833181381226,0.15646833181381226,52.65765231847763
crack0083_05.png,198.4860018491745,96.17213439941406,3.5560641288757324,92.61607027053833,108.0617904663086,2.0303666591644287,106.03142380714417,0.32139310240745544,0.6241036057472229,0.30271050333976746,0.32769840955734253,0.7856895327568054,0.4579911231994629,0.24683737754821777,0.7413187026977539,0.49448132514953613,0.5860592126846313,0.06303729116916656,0.5230219215154648,0.16565732657909393,0.16565732657909393,54.022881627082825
crack0083_06.png,194.236575371027,101.4172134399414,1.9443731307983398,99.47284030914307,104.29975891113281,1.5998905897140503,102.69986832141876,0.355852872133255,0.5998923182487488,0.24403944611549377,0.40078771114349365,0.7118585109710693,0.3110707998275757,0.2829509377479553,0.6676949262619019,0.38474398851394653,0.5846097469329834,0.04166474565863609,0.5429450012743473,0.2267361581325531,0.2267361581325531,53.71401083469391
crack0083_07.png,193.37755259275437,103.16858673095703,3.3293917179107666,99.83919501304626,105.97962951660156,1.9209593534469604,104.0586701631546,0.3554874360561371,0.5796728730201721,0.22418543696403503,0.45733314752578735,0.8022324442863464,0.3448992967605591,0.3393034338951111,0.7737911343574524,0.4344877004623413,0.579861581325531,0.07525951415300369,0.5046020671725273,0.17946366965770721,0.17946366965770721,55.114206314086914
crack0083_08.png,204.137398609519,97.49246978759766,1.6072604656219482,95.88520932197571,101.7603530883789,1.2832121849060059,100.4771409034729,0.30057406425476074,0.6600875854492188,0.359513521194458,0.3768851161003113,0.8084994554519653,0.43161433935165405,0.3135796785354614,0.75807785987854,0.4444981813430786,0.5755824446678162,0.024690503254532814,0.5508919414132833,0.18124693632125854,0.18124693632125854,54.538719058036804
crack0083_09.png,206.0359683573246,94.70299530029297,2.1827332973480225,92.52026200294495,107.54449462890625,1.4438247680664062,106.10066986083984,0.279603511095047,0.6389152407646179,0.3593117296695709,0.3237471580505371,0.8598028421401978,0.5360556840896606,0.18142741918563843,0.8125097751617432,0.6310823559761047,0.5782275795936584,0.05602076277136803,0.5222068168222904,0.15730604529380798,0.15730604529380798,54.795756816864014
crack0084_00.png,203.1536715567112,106.71932220458984,3.5251996517181396,103.1941225528717,114.77090454101562,2.0172595977783203,112.7536449432373,0.3708662688732147,0.6308431625366211,0.25997689366340637,0.3722924590110779,0.6790773868560791,0.3067849278450012,0.31597375869750977,0.6965012550354004,0.3805274963378906,0.5870780348777771,0.04236447438597679,0.5447135604918003,0.1696181297302246,0.1696181297302246,56.35340619087219
crack0084_01.png,207.03493004441262,113.10126495361328,8.087238311767578,105.0140266418457,119.62013244628906,4.518689155578613,115.10144329071045,0.34689971804618835,0.6190803050994873,0.27218058705329895,0.3219183683395386,0.6216597557067871,0.29974138736724854,0.34417831897735596,0.6499547958374023,0.3057764768600464,0.5853517651557922,0.02994617447257042,0.5554055906832218,0.22528910636901855,0.22528910636901855,63.19433915615082
crack0084_02.png,230.86133921146393,119.88819885253906,1.946077585220337,117.94212126731873,111.28306579589844,1.4821369647979736,109.80092883110046,0.335736483335495,0.6297609210014343,0.29402443766593933,0.20675575733184814,0.784854531288147,0.5780987739562988,0.20961594581604004,0.7669951319694519,0.5573791861534119,0.5806728005409241,0.021849289536476135,0.5588235110044479,0.1387006938457489,0.1387006938457489,63.99986124038696
crack0084_03.png,260.86046102046964,135.59239196777344,3.2846078872680664,132.30778408050537,130.21884155273438,2.860363483428955,127.35847806930542,0.21276970207691193,0.5893684029579163,0.37659870088100433,0.0,0.6283880472183228,0.6283880472183228,0.0,0.6602407693862915,0.6602407693862915,0.5942060947418213,0.03555940091609955,0.5586466938257217,0.2013077288866043,0.2013077288866043,80.44056159257889
crack0084_04.png,243.13729474246503,122.28645324707031,2.949054479598999,119.33739876747131,120.75773620605469,1.3190646171569824,119.4386715888977,0.26738426089286804,0.5819174647331238,0.31453320384025574,0.0,0.7033705115318298,0.7033705115318298,0.08802199363708496,0.7747154235839844,0.6866934299468994,0.5884313583374023,0.02025759406387806,0.5681737642735243,0.18330229818820953,0.18330229818820953,70.11195254325867
crack0084_05.png,203.37735062241555,109.5722885131836,4.222606182098389,105.3496823310852,118.39947509765625,2.682394504547119,115.71708059310913,0.3715163469314575,0.5995319485664368,0.22801560163497925,0.36831241846084595,0.676782488822937,0.30847007036209106,0.3134850263595581,0.702365517616272,0.38888049125671387,0.587723970413208,0.05870434269309044,0.5290196277201176,0.18928062915802002,0.18928062915802002,58.11542534828186
crack0084_06.png,221.54752678275108,111.05303955078125,1.9513400793075562,109.1016994714737,108.7796630859375,1.44523024559021,107.33443284034729,0.31325969099998474,0.6622949242591858,0.34903523325920105,0.19435513019561768,0.6718945503234863,0.47753942012786865,0.22079718112945557,0.6619234085083008,0.4411262273788452,0.5873971581459045,0.025205690413713455,0.5621914677321911,0.19481316208839417,0.19481316208839417,61.2024946808815
crack0084_07.png,230.7313835501671,111.80654907226562,2.3436391353607178,109.46290993690491,114.25985717773438,1.5955300331115723,112.6643271446228,0.25882405042648315,0.6286829113960266,0.36985886096954346,0.09959012269973755,0.711384654045105,0.6117945313453674,0.12496274709701538,0.7272090315818787,0.6022462844848633,0.5876970291137695,0.03414071351289749,0.553556315600872,0.1542603224515915,0.1542603224515915,65.05353224277496
crack0084_08.png,236.3302007228136,116.26840209960938,2.384692430496216,113.88370966911316,114.06683349609375,1.6425466537475586,112.42428684234619,0.280025839805603,0.6361526846885681,0.3561268448829651,0.0,0.6663727760314941,0.6663727760314941,0.0,0.6902481913566589,0.6902481913566589,0.5873163938522339,0.02902345173060894,0.558292942121625,0.1757432222366333,0.1757432222366333,66.01765263080597
crack0084_09.png,215.9560400366783,105.7083969116211,2.164358377456665,103.54403853416443,110.93778991699219,1.9618556499481201,108.97593426704407,0.27236729860305786,0.6412825584411621,0.36891525983810425,0.26127350330352783,0.6861405372619629,0.42486703395843506,0.2696342468261719,0.6885603666305542,0.4189261198043823,0.5867243409156799,0.028881199657917023,0.5578431412577629,0.1875666081905365,0.1875666081905365,61.063313364982605
crack0085_00.png,207.56618363857268,96.82362365722656,4.701615333557129,92.12200832366943,100.2817611694336,2.6673483848571777,97.61441278457642,0.2980647385120392,0.6667227149009705,0.3686579763889313,0.0,0.6216254830360413,0.6216254830360413,0.0,0.7009272575378418,0.7009272575378418,0.578096866607666,0.027078047394752502,0.5510188192129135,0.12425938248634338,0.12425938248634338,56.002609848976135
crack0085_01.png,236.7530998200178,117.95506286621094,3.036092758178711,114.91897010803223,106.17222595214844,1.8888452053070068,104.28338074684143,0.2969895303249359,0.6850740909576416,0.3880845606327057,0.0,0.679414689540863,0.679414689540863,0.020217716693878174,0.6857367753982544,0.6655190587043762,0.57846599817276,0.03103037364780903,0.547435624524951,0.13767839968204498,0.13767839968204498,65.81484591960907
crack0085_02.png,233.91759313941003,109.99561309814453,2.2713277339935303,107.724285364151,103.7642593383789,1.6386079788208008,102.1256513595581,0.274366170167923,0.6844540238380432,0.41008785367012024,0.0,0.7699863910675049,0.7699863910675049,0.0,0.7890097498893738,0.7890097498893738,0.5747981667518616,0.03138408437371254,0.543414082378149,0.12031131982803345,0.12031131982803345,62.663426876068115
crack0085_03.png,197.4248689442873,86.27821350097656,3.3900444507598877,82.88816905021667,98.80439758300781,1.6220622062683105,97.1823353767395,0.3241834044456482,0.6746488809585571,0.35046547651290894,0.0,0.6475836038589478,0.6475836038589478,0.0,0.7477182745933533,0.7477182745933533,0.5717493295669556,0.02866974286735058,0.543079586699605,0.12646670639514923,0.12646670639514923,48.253097891807556
crack0085_04.png,229.36168646514415,108.75764465332031,2.929055690765381,105.82858896255493,106.3483657836914,1.5775129795074463,104.77085280418396,0.2635638117790222,0.6833754777908325,0.4198116660118103,0.0,0.6456360816955566,0.6456360816955566,0.0,0.7103187441825867,0.7103187441825867,0.5818377733230591,0.026478277519345284,0.5553594958037138,0.13680513203144073,0.13680513203144073,63.30303239822388
crack0085_05.png,238.01163944602013,119.9530029296875,5.143665313720703,114.8093376159668,111.16476440429688,1.4944007396697998,109.67036366462708,0.2818772792816162,0.7030476331710815,0.42117035388946533,0.0370786190032959,0.6372036933898926,0.6001250743865967,0.02274036407470703,0.7541382312774658,0.7313978672027588,0.5853863954544067,0.0444982685148716,0.5408881269395351,0.1269611418247223,0.1269611418247223,69.0511531829834
crack0085_06.png,233.58965863585473,107.90924072265625,1.8965541124343872,106.01268661022186,106.4675521850586,1.3503788709640503,105.11717331409454,0.26404497027397156,0.68378746509552,0.41974249482154846,0.01701486110687256,0.7538946866989136,0.736879825592041,0.08238029479980469,0.7765606641769409,0.6941803693771362,0.5773125886917114,0.015424836426973343,0.5618877522647381,0.12733697891235352,0.12733697891235352,62.15270274877548
crack0085_07.png,205.25356274545192,90.2258071899414,3.0255510807037354,87.20025610923767,107.13353729248047,1.4077644348144531,105.72577285766602,0.3435496687889099,0.6782824397087097,0.3347327709197998,0.0,0.669842004776001,0.669842004776001,0.0,0.7322734594345093,0.7322734594345093,0.5752056837081909,0.020438292995095253,0.5547673907130957,0.12995636463165283,0.12995636463165283,49.02092635631561
crack0085_08.png,220.5981583714485,101.08733367919922,3.143972873687744,97.94336080551147,102.41035461425781,1.6181035041809082,100.7922511100769,0.2865411639213562,0.6875637769699097,0.40102261304855347,0.0,0.7073172330856323,0.7073172330856323,0.0,0.7683982849121094,0.7683982849121094,0.5769703984260559,0.027885429561138153,0.5490849688649178,0.12442027032375336,0.12442027032375336,58.001999378204346
crack0085_09.png,233.3645752131939,111.5281982421875,3.937912940979004,107.5902853012085,113.66802978515625,1.767699956893921,111.90032982826233,0.2951757311820984,0.6967209577560425,0.4015452265739441,0.0,0.6876422166824341,0.6876422166824341,0.0,0.7582591772079468,0.7582591772079468,0.5846174359321594,0.04999615624547005,0.5346212796866894,0.11754363775253296,0.11754363775253296,63.407209157943726
crack0086_00.png,205.39426122903825,63.40903854370117,2.3022022247314453,61.10683631896973,114.42648315429688,1.3497860431671143,113.07669711112976,0.13091793656349182,0.7582884430885315,0.6273705065250397,0.0,0.6562451124191284,0.6562451124191284,0.0,0.7427144050598145,0.7427144050598145,0.5894386768341064,0.024006150662899017,0.5654325261712074,0.11596377193927765,0.11596377193927765,48.57809126377106
crack0086_01.png,202.20081081390381,73.91242218017578,7.3420305252075195,66.57039165496826,118.65919494628906,1.8862782716751099,116.77291667461395,0.21021884679794312,0.7396261692047119,0.5294073224067688,0.0,0.6156430244445801,0.6156430244445801,0.0,0.7803189754486084,0.7803189754486084,0.5910188555717468,0.042445212602615356,0.5485736429691315,0.11028584837913513,0.11028584837913513,51.65484976768494
crack0086_02.png,210.92617784142493,66.34868621826172,2.3559281826019287,63.99275803565979,123.95292663574219,1.3916239738464355,122.56130266189575,0.12512777745723724,0.754427433013916,0.6292996555566788,0.0,0.6295844912528992,0.6295844912528992,0.0,0.7229971885681152,0.7229971885681152,0.5888158679008484,0.029277201741933823,0.5595386661589146,0.12132826447486877,0.12132826447486877,50.397275269031525
crack0086_03.png,198.16319595575334,52.412471771240234,2.208205223083496,50.20426654815674,120.08433532714844,1.7639309167861938,118.32040441036224,0.11170369386672974,0.7356586456298828,0.6239549517631531,0.0,0.7138223648071289,0.7138223648071289,0.0,0.7290661931037903,0.7290661931037903,0.5851864814758301,0.03114955872297287,0.5540369227528572,0.11812801659107208,0.11812801659107208,44.015576124191284
crack0086_04.png,210.94122492671013,66.81449890136719,3.0070090293884277,63.80748987197876,120.8332748413086,2.0168027877807617,118.81647205352783,0.11920766532421112,0.7676016092300415,0.6483939439058304,0.0,0.6445018649101257,0.6445018649101257,0.0,0.7288124561309814,0.7288124561309814,0.5878239274024963,0.03893502429127693,0.5488889031112194,0.1139073371887207,0.1139073371887207,51.271251142024994
crack0086_05.png,215.4680858284235,76.33943176269531,2.7555809020996094,73.5838508605957,111.94293212890625,2.066141366958618,109.87679076194763,0.13101652264595032,0.7435532808303833,0.612536758184433,0.0,0.6566746830940247,0.6566746830940247,0.0,0.6886367797851562,0.6886367797851562,0.5856401324272156,0.019050365313887596,0.566589767113328,0.11843821406364441,0.11843821406364441,55.112120270729065
crack0086_06.png,198.2798467427492,53.764827728271484,1.9871097803115845,51.7777179479599,117.95625305175781,1.5515575408935547,116.40469551086426,0.15103203058242798,0.783966600894928,0.6329345703125,0.0,0.668642520904541,0.668642520904541,0.0,0.7470452785491943,0.7470452785491943,0.5871087908744812,0.023114187642931938,0.5639946032315493,0.11391273140907288,0.11391273140907288,42.298398554325104
crack0086_07.png,187.7446224987507,53.251800537109375,3.8270628452301025,49.42473769187927,118.45262908935547,1.84049391746521,116.61213517189026,0.17847667634487152,0.7382484078407288,0.5597717314958572,0.0,0.6229935884475708,0.6229935884475708,0.0,0.7232629060745239,0.7232629060745239,0.5874432921409607,0.038104575127363205,0.5493387170135975,0.11022907495498657,0.11022907495498657,41.328562796115875
crack0086_08.png,205.12298250943422,63.988800048828125,2.9425082206726074,61.04629182815552,117.75486755371094,1.3795863389968872,116.37528121471405,0.15943822264671326,0.7648175954818726,0.6053793728351593,0.0,0.6511235237121582,0.6511235237121582,0.0,0.7342256307601929,0.7342256307601929,0.5851595401763916,0.008877354674041271,0.5762821855023503,0.11613498628139496,0.11613498628139496,47.305742383003235
crack0086_09.png,201.72461729049684,64.9455337524414,3.2067711353302,61.738762617111206,122.47361755371094,1.6845157146453857,120.78910183906555,0.18808607757091522,0.7522696256637573,0.5641835480928421,0.0,0.6252413988113403,0.6252413988113403,0.0,0.7017080783843994,0.7017080783843994,0.5818569660186768,0.04371011257171631,0.5381468534469604,0.12163390219211578,0.12163390219211578,46.06526643037796
crack0087_00.png,207.38604873418808,100.18849182128906,2.9786767959594727,97.20981502532959,109.36956024169922,2.4579761028289795,106.91158413887024,0.21263404190540314,0.6068174839019775,0.3941834419965744,0.3260309100151062,0.6844995617866516,0.3584686517715454,0.26515430212020874,0.6720735430717468,0.4069192409515381,0.581026554107666,0.04257208853960037,0.5384544655680656,0.18019600212574005,0.18019600212574005,62.06660395860672
crack0087_01.png,226.0398554801941,115.853271484375,3.0213115215301514,112.83195996284485,117.14546203613281,2.125709056854248,115.01975297927856,0.24818545579910278,0.589117169380188,0.3409317135810852,0.21764421463012695,0.6748656034469604,0.4572213888168335,0.17548930644989014,0.677008867263794,0.5015195608139038,0.5813571810722351,0.04044213891029358,0.5409150421619415,0.20457562804222107,0.20457562804222107,67.80045139789581
crack0087_02.png,214.46272193193437,100.36145782470703,3.7855052947998047,96.57595252990723,110.20510864257812,2.6815199851989746,107.52358865737915,0.16871540248394012,0.5971124768257141,0.428397074341774,0.23266011476516724,0.7031241655349731,0.4704640507698059,0.08210933208465576,0.681607723236084,0.5994983911514282,0.5810880661010742,0.03641291707754135,0.5446751490235329,0.15970993041992188,0.15970993041992188,65.19408005475998
crack0087_03.png,237.50020286142825,116.08486938476562,1.306050419807434,114.77881896495819,119.22416687011719,0.8883507251739502,118.33581614494324,0.2264561802148819,0.5947234630584717,0.3682672828435898,0.1938217282295227,0.7569655179977417,0.563143789768219,0.11770224571228027,0.7779054045677185,0.6602031588554382,0.593925416469574,0.00892733596265316,0.5849980805069208,0.18509790301322937,0.18509790301322937,68.86510574817657
crack0087_04.png,210.82716004550457,100.4880599975586,2.006762742996216,98.48129725456238,106.9398193359375,1.3103203773498535,105.62949895858765,0.20739813148975372,0.5917254686355591,0.38432733714580536,0.3666648864746094,0.7878320217132568,0.42116713523864746,0.21088504791259766,0.7728890180587769,0.5620039701461792,0.5801922082901001,0.01766243763267994,0.5625297706574202,0.17583203315734863,0.17583203315734863,62.011211812496185
crack0087_05.png,218.88077673912048,105.56172180175781,3.4167513847351074,102.1449704170227,104.20173645019531,2.3470101356506348,101.85472631454468,0.18314522504806519,0.5576245188713074,0.3744792938232422,0.10425251722335815,0.7204859256744385,0.6162334084510803,0.0,0.731883704662323,0.731883704662323,0.5783852338790894,0.04372933506965637,0.534655898809433,0.1729455590248108,0.1729455590248108,66.63593244552612
crack0087_06.png,212.79069072306157,98.9486083984375,1.499247431755066,97.44936096668243,106.56027221679688,1.3613529205322266,105.19891929626465,0.23421674966812134,0.5584056973457336,0.3241889476776123,0.1236010193824768,0.7465211153030396,0.6229200959205627,0.01734870672225952,0.7236311435699463,0.7062824368476868,0.5881084203720093,0.027862360700964928,0.5602460596710443,0.2013632357120514,0.2013632357120514,59.695259749889374
crack0087_07.png,216.59070676267146,101.62635803222656,2.149160385131836,99.47719764709473,108.83878326416016,1.9005827903747559,106.9382004737854,0.20198513567447662,0.5740641951560974,0.3720790594816208,0.1924976110458374,0.7402977347373962,0.5478001236915588,0.019859492778778076,0.7196062803268433,0.6997467875480652,0.5852979421615601,0.018800461664795876,0.5664974804967642,0.17602619528770447,0.17602619528770447,63.180568754673004
crack0087_08.png,217.3977506697178,92.56521606445312,2.005060911178589,90.56015515327454,113.28620910644531,2.047959804534912,111.2382493019104,0.18579146265983582,0.569595217704773,0.38380375504493713,0.0,0.7353212833404541,0.7353212833404541,0.0,0.7021200656890869,0.7021200656890869,0.5849211812019348,0.029292579740285873,0.5556286014616489,0.18157833814620972,0.18157833814620972,59.5344979763031
crack0087_09.png,204.2197017967701,97.79680633544922,3.1078200340270996,94.68898630142212,106.55939483642578,2.2412052154541016,104.31818962097168,0.22973647713661194,0.5815939903259277,0.3518575131893158,0.25648826360702515,0.6990164518356323,0.4425281882286072,0.11298584938049316,0.6882987022399902,0.5753128528594971,0.5817301273345947,0.032887350767850876,0.5488427765667439,0.16820946335792542,0.16820946335792542,59.93732964992523
crack0088_00.png,257.65966920256614,139.48275756835938,5.738675594329834,133.74408197402954,108.33108520507812,3.1744019985198975,105.15668320655823,0.16234706342220306,0.7574213743209839,0.5950743108987808,0.31585443019866943,0.6290374994277954,0.313183069229126,0.36077332496643066,0.683829128742218,0.32305580377578735,0.5802422165870667,0.0372510589659214,0.5429911576211452,0.11789846420288086,0.11789846420288086,86.07958143949509
crack0088_01.png,307.41426051259043,172.74822998046875,2.9181506633758545,169.8300793170929,114.79893493652344,1.5334274768829346,113.2655074596405,0.10804003477096558,0.7598187327384949,0.6517786979675293,0.13430064916610718,0.6127253770828247,0.47842472791671753,0.24151474237442017,0.6975264549255371,0.45601171255111694,0.5813725590705872,0.05640522763133049,0.5249673314392567,0.11391052603721619,0.11391052603721619,104.60569059848785
crack0088_02.png,290.81939719617367,158.5294952392578,4.109838962554932,154.41965627670288,115.25636291503906,1.8857429027557373,113.37062001228333,0.11200956255197525,0.7720568776130676,0.6600473150610924,0.23676913976669312,0.6409434080123901,0.404174268245697,0.2657107710838318,0.7383441925048828,0.472633421421051,0.5815916657447815,0.029573241248726845,0.5520184244960546,0.10531267523765564,0.10531267523765564,97.86275997757912
crack0088_03.png,274.9455373466015,144.898681640625,2.4994897842407227,142.39919185638428,104.20569610595703,1.2878280878067017,102.91786801815033,0.15364369750022888,0.7888081669807434,0.6351644694805145,0.25336402654647827,0.7049429416656494,0.45157891511917114,0.3058464527130127,0.7461683750152588,0.4403219223022461,0.5806151628494263,0.01804305985569954,0.5625721029937267,0.11034442484378815,0.11034442484378815,87.70507037639618
crack0088_04.png,293.9843775719404,161.22801208496094,3.08740234375,158.14060974121094,115.40286254882812,1.902928113937378,113.49993443489075,0.13669650256633759,0.7448160648345947,0.6081195622682571,0.24825066328048706,0.7352786064147949,0.48702794313430786,0.29139018058776855,0.7668329477310181,0.4754427671432495,0.5790696144104004,0.02124183066189289,0.5578277837485075,0.10762590169906616,0.10762590169906616,97.11870163679123
crack0088_05.png,254.81073305010796,144.35848999023438,4.610170364379883,139.7483196258545,108.00650024414062,2.541586399078369,105.46491384506226,0.20648634433746338,0.676413357257843,0.46992701292037964,0.2577545642852783,0.598200798034668,0.34044623374938965,0.22214055061340332,0.6489786505699158,0.42683809995651245,0.579254150390625,0.03764321282505989,0.5416109375655651,0.13739588856697083,0.13739588856697083,85.26531553268433
crack0088_06.png,275.0715274631977,152.4073486328125,4.66635799407959,147.7409906387329,109.5938720703125,1.9274649620056152,107.66640710830688,0.1356465369462967,0.7580823302268982,0.6224357932806015,0.23457682132720947,0.5713757276535034,0.33679890632629395,0.3335795998573303,0.6887763738632202,0.3551967740058899,0.5748096704483032,0.04988081380724907,0.5249288566410542,0.12008249759674072,0.12008249759674072,93.39044791460037
crack0088_07.png,276.1220913410187,145.124267578125,2.531712293624878,142.59255528450012,108.51510620117188,1.148614525794983,107.36649167537689,0.14630714058876038,0.7724503874778748,0.6261432468891144,0.24899762868881226,0.6967671513557434,0.44776952266693115,0.31530487537384033,0.7891377210617065,0.4738328456878662,0.5814917087554932,0.01697424054145813,0.564517468214035,0.11201305687427521,0.11201305687427521,88.30922985076904
crack0088_08.png,286.6530773580074,152.75938415527344,3.404498815536499,149.35488533973694,115.3607177734375,1.7915316820144653,113.56918609142303,0.1133013665676117,0.7680173516273499,0.6547159850597382,0.19455641508102417,0.6477351188659668,0.4531787037849426,0.20480740070343018,0.7188811302185059,0.5140737295150757,0.5831603407859802,0.0490080751478672,0.534152265638113,0.11023105680942535,0.11023105680942535,94.61027312278748
crack0088_09.png,258.7364177495241,135.2482452392578,2.451730966567993,132.79651427268982,106.41288757324219,1.5518274307250977,104.86106014251709,0.16902607679367065,0.7183594703674316,0.549333393573761,0.24747872352600098,0.6876800656318665,0.4402013421058655,0.28477537631988525,0.7089155316352844,0.42414015531539917,0.580545961856842,0.01952710561454296,0.5610188562422991,0.13831950724124908,0.13831950724124908,81.93026196956635
crack0089_00.png,261.2805171221495,129.58328247070312,1.865261435508728,127.7180210351944,103.57967376708984,1.303015112876892,102.27665865421295,0.15347005426883698,0.7036259770393372,0.5501559227705002,0.059229254722595215,0.7141367197036743,0.6549074649810791,0.12909972667694092,0.7526158690452576,0.6235161423683167,0.5771164894104004,0.016039984300732613,0.5610765051096678,0.11920902132987976,0.11920902132987976,79.60072827339172
crack0089_01.png,257.6329000771046,122.0888671875,1.6067143678665161,120.48215281963348,104.03729248046875,1.2679252624511719,102.76936721801758,0.16203874349594116,0.6999257802963257,0.5378870368003845,0.0002447366714477539,0.7562530636787415,0.7560083270072937,0.11483258008956909,0.7689375281333923,0.6541049480438232,0.583579421043396,0.014286812394857407,0.5692926086485386,0.12101596593856812,0.12101596593856812,75.46864300966263
crack0089_02.png,278.18203561902044,142.2769317626953,1.8602603673934937,140.41667139530182,112.91072082519531,1.2226805686950684,111.68804025650024,0.1314271092414856,0.7251454591751099,0.5937183499336243,0.17243415117263794,0.7494329810142517,0.5769988298416138,0.1774107813835144,0.8026782870292664,0.625267505645752,0.5901384353637695,0.027320262044668198,0.5628181733191013,0.11233345419168472,0.11233345419168472,87.78850692510605
crack0089_03.png,278.43250807523725,140.88450622558594,2.4888529777526855,138.39565324783325,107.66574096679688,1.323883295059204,106.34185767173767,0.13356229662895203,0.7335741519927979,0.6000118553638458,0.0,0.6798397302627563,0.6798397302627563,0.05883294343948364,0.7579296827316284,0.6990967392921448,0.589127242565155,0.03148788958787918,0.5576393529772758,0.11471669375896454,0.11471669375896454,87.23803150653839
crack0089_04.png,258.75672129392626,131.1854248046875,1.527532935142517,129.65789186954498,107.53230285644531,1.3216893672943115,106.210613489151,0.20200704038143158,0.695733368396759,0.49372632801532745,0.07034355401992798,0.6808583736419678,0.6105148196220398,0.20233160257339478,0.7044852375984192,0.5021536350250244,0.5907343029975891,0.02333717793226242,0.5673971250653267,0.14257200062274933,0.14257200062274933,77.86542856693268
crack0089_05.png,253.33904442340136,125.60834503173828,3.2468421459198,122.36150288581848,106.57560729980469,1.179386854171753,105.39622044563293,0.17692860960960388,0.7285153865814209,0.551586776971817,0.12828361988067627,0.6752903461456299,0.5470067262649536,0.16696691513061523,0.7572882175445557,0.5903213024139404,0.5858669877052307,0.015570933930575848,0.5702960537746549,0.13272181153297424,0.13272181153297424,77.24655652046204
crack0089_06.png,271.0702314198017,138.6868438720703,2.9615366458892822,135.72530722618103,107.32073974609375,1.4988240003585815,105.82191574573517,0.12717010080814362,0.7307218909263611,0.6035517901182175,0.04121541976928711,0.6109652519226074,0.5697498321533203,0.08006852865219116,0.7595261931419373,0.6794576644897461,0.5918800234794617,0.04332948848605156,0.5485505349934101,0.11704903095960617,0.11704903095960617,86.86918514966965
crack0089_07.png,251.87104781270028,121.44523620605469,3.866424560546875,117.57881164550781,103.76788330078125,1.4105165004730225,102.35736680030823,0.15000741183757782,0.7017508745193481,0.5517434626817703,0.023597002029418945,0.7015624046325684,0.6779654026031494,0.0728219747543335,0.8127354383468628,0.7399134635925293,0.5786197781562805,0.02633986994624138,0.5522799082100391,0.11497150361537933,0.11497150361537933,76.80017679929733
crack0089_08.png,262.8061951875687,135.3186798095703,2.595503330230713,132.7231764793396,110.34034729003906,1.3955180644989014,108.94482922554016,0.18546420335769653,0.71816486120224,0.5327006578445435,0.16624951362609863,0.7041327953338623,0.5378832817077637,0.19654834270477295,0.7873210906982422,0.5907727479934692,0.5903537273406982,0.031011149287223816,0.5593425780534744,0.11780021339654922,0.11780021339654922,81.44338846206665
crack0089_09.png,261.91582382917403,134.6527862548828,2.857755184173584,131.79503107070923,109.90508270263672,1.5161981582641602,108.38888454437256,0.16199731826782227,0.6721140146255493,0.510116696357727,0.08443325757980347,0.6943842768669128,0.6099510192871094,0.11223727464675903,0.7407585382461548,0.6285212635993958,0.5828181505203247,0.04387158900499344,0.5389465615153313,0.13972154259681702,0.13972154259681702,82.34815764427185
crack0090_00.png,204.70484231114386,104.65443420410156,1.7626820802688599,102.8917521238327,104.42825317382812,2.188775062561035,102.23947811126709,0.30727019906044006,0.6419779658317566,0.33470776677131653,0.4122158885002136,0.7194544672966003,0.3072385787963867,0.315721333026886,0.6788620352745056,0.36314070224761963,0.5847443342208862,0.03846597298979759,0.5462783612310886,0.21015268564224243,0.21015268564224243,58.16211956739426
crack0090_01.png,216.56848333477973,110.04312133789062,3.4693078994750977,106.57381343841553,107.32482147216797,2.382844924926758,104.94197654724121,0.2567615211009979,0.6138921976089478,0.35713067650794983,0.2854553461074829,0.7375733256340027,0.4521179795265198,0.20661967992782593,0.6941287517547607,0.4875090718269348,0.589127242565155,0.05505959317088127,0.5340676493942738,0.1999601125717163,0.1999601125717163,64.91561305522919
crack0090_02.png,211.6126850873232,100.10533142089844,1.4031178951263428,98.7022135257721,106.2701187133789,1.549465298652649,104.72065341472626,0.2671608626842499,0.6666790843009949,0.399518221616745,0.45485323667526245,0.8847553730010986,0.4299021363258362,0.26967430114746094,0.8061456680297852,0.5364713668823242,0.5759630799293518,0.0293464045971632,0.5466166753321886,0.14174342155456543,0.14174342155456543,57.76309609413147
crack0090_03.png,216.7938767492771,103.84941101074219,1.6718528270721436,102.17755818367004,107.78045654296875,1.4967305660247803,106.28372597694397,0.2181778848171234,0.6464632749557495,0.4282853901386261,0.4612157940864563,0.8552703261375427,0.3940545320510864,0.33036988973617554,0.788586437702179,0.4582165479660034,0.5858323574066162,0.03388696536421776,0.5519453920423985,0.15598589181900024,0.15598589181900024,63.10325312614441
crack0090_04.png,210.38783057034016,101.87325286865234,2.320619821548462,99.55263304710388,103.78977966308594,2.1197457313537598,101.67003393173218,0.27247458696365356,0.6994817852973938,0.42700719833374023,0.3945702910423279,0.7392722368240356,0.34470194578170776,0.33247822523117065,0.6915323734283447,0.3590541481971741,0.5841368436813354,0.02867358736693859,0.5554632563143969,0.1893046796321869,0.1893046796321869,59.11393487453461
crack0090_05.png,201.4804217636585,107.31784057617188,3.6000640392303467,103.71777653694153,107.7902603149414,2.3606700897216797,105.42959022521973,0.32557225227355957,0.5950749516487122,0.2695026993751526,0.4615406394004822,0.759871780872345,0.2983311414718628,0.38358229398727417,0.7191579341888428,0.3355756402015686,0.5852787494659424,0.032845061272382736,0.5524336881935596,0.2315509170293808,0.2315509170293808,59.33576714992523
crack0090_06.png,218.27495182752608,111.10833740234375,2.472295045852661,108.63604235649109,109.33718872070312,2.218264579772949,107.11892414093018,0.2741555869579315,0.6434676647186279,0.3693120777606964,0.3644005060195923,0.7523956894874573,0.387995183467865,0.2974334955215454,0.6903045177459717,0.39287102222442627,0.5877047181129456,0.044540561735630035,0.5431641563773155,0.19032958149909973,0.19032958149909973,63.84916973114014
crack0090_07.png,214.7110936522484,108.16262817382812,2.921473979949951,105.24115419387817,106.0415267944336,2.166443347930908,103.87508344650269,0.24394384026527405,0.670001208782196,0.426057368516922,0.49357765913009644,0.7902871966362,0.2967095375061035,0.361348032951355,0.7156189680099487,0.35427093505859375,0.5878815650939941,0.03870818763971329,0.5491733774542809,0.1833900809288025,0.1833900809288025,64.42068326473236
crack0090_08.png,226.82899581342934,113.44673919677734,1.6698278188705444,111.7769113779068,110.55795288085938,1.4576064348220825,109.10034644603729,0.18691407144069672,0.6542114615440369,0.46729739010334015,0.4883415699005127,0.7748777866363525,0.28653621673583984,0.29416507482528687,0.7131651043891907,0.4190000295639038,0.5791618824005127,0.014994232915341854,0.5641676494851708,0.18007920682430267,0.18007920682430267,69.50991451740265
crack0090_09.png,215.04748470783233,110.3819580078125,4.0400872230529785,106.34187078475952,109.16555786132812,2.747872829437256,106.41768503189087,0.2371336668729782,0.6546303033828735,0.4174966365098953,0.4564792513847351,0.7316353917121887,0.2751561403274536,0.3943145275115967,0.6849946975708008,0.2906801700592041,0.5886543393135071,0.04534025490283966,0.5433140844106674,0.16067180037498474,0.16067180037498474,66.52917617559433
crack0091_00.png,225.02553197741508,94.5055160522461,3.714866876602173,90.79064917564392,110.11079406738281,1.9700548648834229,108.14073920249939,0.16932496428489685,0.6963173747062683,0.5269924104213715,0.0,0.6709719896316528,0.6709719896316528,0.0,0.7031679153442383,0.7031679153442383,0.584479033946991,0.03497116640210152,0.5495078675448895,0.1312180757522583,0.1312180757522583,62.32985496520996
crack0091_01.png,240.12730386853218,114.06404876708984,3.6081645488739014,110.45588421821594,114.4073715209961,2.2385432720184326,112.16882824897766,0.19723935425281525,0.6814934611320496,0.4842541068792343,0.0,0.6015313267707825,0.6015313267707825,0.026762425899505615,0.6665055751800537,0.6397431492805481,0.590103805065155,0.04004613682627678,0.5500576682388783,0.13888120651245117,0.13888120651245117,70.60589760541916
crack0091_02.png,212.45207693576813,82.43444061279297,2.876087188720703,79.55835342407227,107.33636474609375,1.3640010356903076,105.97236371040344,0.20061719417572021,0.7196014523506165,0.5189842581748962,0.0,0.6672307252883911,0.6672307252883911,0.0,0.7478964328765869,0.7478964328765869,0.5877816081047058,0.030361399054527283,0.5574202090501785,0.13081780076026917,0.13081780076026917,54.129496574401855
crack0091_03.png,222.4198876082897,91.34796142578125,2.6003355979919434,88.7476258277893,108.86368560791016,1.3549246788024902,107.50876092910767,0.1925337165594101,0.7345291972160339,0.5419954806566238,0.0,0.6179144382476807,0.6179144382476807,0.0,0.7237468957901001,0.7237468957901001,0.5854479074478149,0.020634371787309647,0.5648135356605053,0.12887492775917053,0.12887492775917053,58.84004181623459
crack0091_04.png,221.83576360940933,81.49472045898438,2.1032426357269287,79.39147782325745,109.81816101074219,1.4337208271026611,108.38444018363953,0.14245803654193878,0.7437514066696167,0.6012933701276779,0.0,0.7196356058120728,0.7196356058120728,0.0,0.8034492135047913,0.8034492135047913,0.5796886086463928,0.024648211896419525,0.5550403967499733,0.10681045800447464,0.10681045800447464,56.43904370069504
crack0091_05.png,190.77399746775626,75.2521743774414,5.086312770843506,70.1658616065979,110.88713073730469,2.50232195854187,108.38480877876282,0.22248631715774536,0.6976537704467773,0.475167453289032,0.14714640378952026,0.5707235336303711,0.42357712984085083,0.18686306476593018,0.6736418008804321,0.48677873611450195,0.5891964435577393,0.03175317123532295,0.5574432723224163,0.13502013683319092,0.13502013683319092,50.387922286987305
crack0091_06.png,223.06928144693376,91.71041107177734,3.909818410873413,87.80059266090393,112.02682495117188,2.3523764610290527,109.67444849014282,0.15859821438789368,0.7115625143051147,0.5529642999172211,0.0,0.6366450786590576,0.6366450786590576,0.0,0.7312135696411133,0.7312135696411133,0.5886082053184509,0.046209149062633514,0.5423990562558174,0.11342005431652069,0.11342005431652069,61.838550090789795
crack0091_07.png,230.41715718507766,97.16219329833984,3.7421021461486816,93.42009115219116,112.08369445800781,1.8630411624908447,110.22065329551697,0.15784381330013275,0.7301770448684692,0.5723332315683365,0.0,0.621898353099823,0.621898353099823,0.0,0.726616382598877,0.726616382598877,0.5886543393135071,0.0324990376830101,0.556155301630497,0.12179209291934967,0.12179209291934967,64.52769249677658
crack0091_08.png,226.9284884393215,93.96495056152344,3.7904787063598633,90.17447185516357,110.52128601074219,2.2896077632904053,108.23167824745178,0.1291974037885666,0.6947942972183228,0.5655968934297562,0.0,0.649484395980835,0.649484395980835,0.0,0.7264243364334106,0.7264243364334106,0.5840176939964294,0.028162244707345963,0.5558554492890835,0.1147662028670311,0.1147662028670311,64.48657816648483
crack0091_09.png,228.14056175351143,99.21720886230469,3.780697822570801,95.43651103973389,116.99539184570312,2.615427017211914,114.37996482849121,0.135519340634346,0.7309921979904175,0.5954728573560715,0.19379311800003052,0.6314241290092468,0.4376310110092163,0.20016485452651978,0.7048708200454712,0.5047059655189514,0.5917800664901733,0.04655517265200615,0.5452248938381672,0.12350823730230331,0.12350823730230331,67.03899556398392
crack0092_00.png,302.692656481266,151.77520751953125,2.230933904647827,149.54427361488342,109.7384033203125,1.0611271858215332,108.67727613449097,0.13037583231925964,0.8316132426261902,0.7012374103069305,0.0,0.7785777449607849,0.7785777449607849,0.0,0.8336785435676575,0.8336785435676575,0.5822567939758301,0.02137254923582077,0.5608842447400093,0.0933719202876091,0.0933719202876091,92.47079253196716
crack0092_01.png,280.79390997290614,134.95919799804688,1.7265961170196533,133.23260188102722,114.57501220703125,1.1464818716049194,113.42853033542633,0.16590067744255066,0.828647255897522,0.6627465784549713,0.0,0.6904691457748413,0.6904691457748413,0.11430180072784424,0.7676773071289062,0.653375506401062,0.5753940939903259,0.036608997732400894,0.538785096257925,0.10524682700634003,0.10524682700634003,81.40462017059326
crack0092_02.png,234.5423787087202,111.14825439453125,4.047407150268555,107.1008472442627,105.12077331542969,1.78436279296875,103.33641052246094,0.1768874228000641,0.7841987609863281,0.607311338186264,0.19874364137649536,0.583896279335022,0.3851526379585266,0.191389799118042,0.6887682676315308,0.49737846851348877,0.5780737996101379,0.025174932554364204,0.5528988670557737,0.11939679831266403,0.11939679831266403,70.10753738880157
crack0092_03.png,278.85202860236166,133.85997009277344,1.7865976095199585,132.07337248325348,107.80076599121094,1.0217821598052979,106.77898383140564,0.18763503432273865,0.8536995053291321,0.6660644710063934,0.0,0.7021158933639526,0.7021158933639526,0.16253989934921265,0.7342344522476196,0.571694552898407,0.5769742131233215,0.00954248383641243,0.5674317292869091,0.10061173141002655,0.10061173141002655,79.64415031671524
crack0092_04.png,273.1540356144309,135.98243713378906,2.843755006790161,133.1386821269989,105.08390808105469,1.4205776453018188,103.66333043575287,0.14810475707054138,0.8000535368919373,0.6519487798213959,0.11553078889846802,0.7013007402420044,0.5857699513435364,0.18117552995681763,0.7679003477096558,0.5867248177528381,0.5834025144577026,0.009319492615759373,0.5740830218419433,0.10241815447807312,0.10241815447807312,83.86291122436523
crack0092_05.png,264.05629167556765,130.62109375,3.9427082538604736,126.67838549613953,109.01087951660156,1.1382286548614502,107.87265086174011,0.18135766685009003,0.7713157534599304,0.5899580866098404,0.05272549390792847,0.6908910870552063,0.6381655931472778,0.08450978994369507,0.8150732517242432,0.7305634617805481,0.5801038146018982,0.04246443510055542,0.5376393795013428,0.10477468371391296,0.10477468371391296,79.60459357500076
crack0092_06.png,275.1390458315611,131.07383728027344,2.5252575874328613,128.54857969284058,107.60560607910156,1.0500614643096924,106.55554461479187,0.1586717665195465,0.8256253004074097,0.6669535338878632,0.0,0.697090744972229,0.697090744972229,0.0,0.7969722747802734,0.7969722747802734,0.5806612968444824,0.012452902272343636,0.5682083945721388,0.10373780131340027,0.10373780131340027,80.50569331645966
crack0092_07.png,280.84886725842955,134.42369079589844,1.8776181936264038,132.54607260227203,106.55474090576172,0.7873022556304932,105.76743865013123,0.14686039090156555,0.8350656032562256,0.68820521235466,0.0,0.7095327377319336,0.7095327377319336,0.0,0.8293033838272095,0.8293033838272095,0.581138014793396,0.017185697332024574,0.5639523174613714,0.09909775853157043,0.09909775853157043,82.58455163240433
crack0092_08.png,271.36862575411794,131.11207580566406,2.5667433738708496,128.5453324317932,105.14469909667969,1.2163395881652832,103.9283595085144,0.14394819736480713,0.8168556094169617,0.6729074120521545,0.0,0.6402935981750488,0.6402935981750488,0.0,0.7737082242965698,0.7737082242965698,0.5808688998222351,0.03567858412861824,0.5451903156936169,0.09907229244709015,0.09907229244709015,81.43727374076843
crack0092_09.png,269.6886764556169,140.4058380126953,3.103285789489746,137.30255222320557,108.7380142211914,1.7163500785827637,107.02166414260864,0.14774666726589203,0.7209435105323792,0.5731968432664871,0.13017702102661133,0.6614627838134766,0.5312857627868652,0.1314728856086731,0.7402897477149963,0.6088168621063232,0.58161860704422,0.01986159197986126,0.5617570150643587,0.12372035533189774,0.12372035533189774,86.1545061469078
crack0093_00.png,273.6351675450802,140.7445068359375,3.6231179237365723,137.12138891220093,111.32998657226562,1.613080382347107,109.71690618991852,0.2055709958076477,0.7515217065811157,0.545950710773468,0.0,0.6801907420158386,0.6801907420158386,0.0,0.7874075174331665,0.7874075174331665,0.5873664021492004,0.04378316178917885,0.5435832403600216,0.11361034214496613,0.11361034214496613,83.34420871734619
crack0093_01.png,231.8502005636692,110.52558135986328,4.713425636291504,105.81215572357178,113.66690063476562,2.0422425270080566,111.62465810775757,0.27485406398773193,0.7268967032432556,0.4520426392555237,0.0,0.5923993587493896,0.5923993587493896,0.0,0.6809993982315063,0.6809993982315063,0.5890580415725708,0.05083813890814781,0.538219902664423,0.138947993516922,0.138947993516922,64.69058132171631
crack0093_02.png,261.34377588629724,131.88296508789062,3.781261682510376,128.10170340538025,110.79973602294922,1.762883186340332,109.03685283660889,0.244283527135849,0.7838420271873474,0.5395585000514984,0.0,0.6136770248413086,0.6136770248413086,0.0,0.7322313189506531,0.7322313189506531,0.5897385478019714,0.0418492890894413,0.5478892587125301,0.1110212653875351,0.1110212653875351,76.76464366912842
crack0093_03.png,257.6333182156086,122.37948608398438,3.3080310821533203,119.07145500183105,108.40050506591797,1.2407569885253906,107.15974807739258,0.19928497076034546,0.7947959899902344,0.5955110192298889,0.0,0.654202938079834,0.654202938079834,0.0,0.7526087164878845,0.7526087164878845,0.582737386226654,0.0355132631957531,0.547224123030901,0.11460284888744354,0.11460284888744354,74.19615578651428
crack0093_04.png,255.7633744418621,126.34137725830078,2.6281802654266357,123.71319699287415,106.98344421386719,1.3405678272247314,105.64287638664246,0.24722008407115936,0.7620804309844971,0.5148603469133377,0.0,0.6483498811721802,0.6483498811721802,0.0,0.7317517399787903,0.7317517399787903,0.5886889696121216,0.021933872252702713,0.5667550973594189,0.122516930103302,0.122516930103302,73.19913250207901
crack0093_05.png,270.111796271801,142.51031494140625,5.0101237297058105,137.50019121170044,103.9291763305664,2.094255208969116,101.83492112159729,0.1936499923467636,0.7501127123832703,0.5564627200365067,0.0,0.6396094560623169,0.6396094560623169,0.0,0.7397589683532715,0.7397589683532715,0.5804306268692017,0.036024607717990875,0.5444060191512108,0.10291575640439987,0.10291575640439987,85.35844486951828
crack0093_06.png,255.8772129148245,128.88975524902344,3.800222396850586,125.08953285217285,109.72772216796875,1.3035883903503418,108.42413377761841,0.25316122174263,0.7649900913238525,0.5118288695812225,0.0,0.6000820398330688,0.6000820398330688,0.0,0.7536851167678833,0.7536851167678833,0.588039219379425,0.02632833458483219,0.5617108847945929,0.11470794677734375,0.11470794677734375,74.67688429355621
crack0093_07.png,248.9987382888794,119.54300689697266,3.6158533096313477,115.92715358734131,106.87583923339844,1.6751402616500854,105.20069897174835,0.22549769282341003,0.7741222381591797,0.5486245453357697,0.0,0.6071836948394775,0.6071836948394775,0.0,0.6907426118850708,0.6907426118850708,0.5853671431541443,0.015017300844192505,0.5703498423099518,0.124961718916893,0.124961718916893,71.46425426006317
crack0093_08.png,259.71095182299615,125.76856231689453,2.580002784729004,123.18855953216553,107.83074951171875,1.0865827798843384,106.74416673183441,0.23871812224388123,0.78717041015625,0.5484522879123688,0.0,0.6906128525733948,0.6906128525733948,0.007113158702850342,0.7474744319915771,0.7403612732887268,0.5833025574684143,0.025201845914125443,0.5581007115542889,0.11936266720294952,0.11936266720294952,73.18329751491547
crack0093_09.png,247.98333317339421,122.21709442138672,4.544460773468018,117.6726336479187,108.57536315917969,1.9678013324737549,106.60756182670593,0.2369711697101593,0.7638658285140991,0.5268946588039398,0.0,0.5799248218536377,0.5799248218536377,0.05306553840637207,0.6835368275642395,0.6304712891578674,0.5887928009033203,0.030815070495009422,0.5579777304083109,0.12556594610214233,0.12556594610214233,72.71421945095062
crack0094_00.png,210.33612638413905,106.61929321289062,2.044776678085327,104.5745165348053,101.5784912109375,1.4498168230056763,100.12867438793182,0.33674725890159607,0.5472858548164368,0.2105385959148407,0.01892530918121338,0.6742463707923889,0.6553210616111755,0.08594644069671631,0.6816012859344482,0.5956548452377319,0.5822299122810364,0.01587466336786747,0.5663552489131689,0.24298977851867676,0.24298977851867676,57.41639590263367
crack0094_01.png,208.80166938900948,105.33263397216797,2.372497797012329,102.96013617515564,104.33779907226562,1.3834483623504639,102.95435070991516,0.324165403842926,0.5380423069000244,0.2138769030570984,0.08662891387939453,0.7222403883934021,0.6356114745140076,0.045118510723114014,0.7463582754135132,0.7012397646903992,0.5762168169021606,0.0230872742831707,0.5531295426189899,0.2201891988515854,0.2201891988515854,57.45131433010101
crack0094_02.png,200.96297731101512,99.24101257324219,2.451612710952759,96.78939986228943,100.42561340332031,1.951277494430542,98.47433590888977,0.32901591062545776,0.5377550721168518,0.20873916149139404,0.0,0.6423022747039795,0.6423022747039795,0.0,0.6414644122123718,0.6414644122123718,0.5849865674972534,0.02517108805477619,0.5598154794424772,0.23150649666786194,0.23150649666786194,54.504820704460144
crack0094_03.png,206.55203370153905,98.2269515991211,3.8764209747314453,94.35053062438965,107.0925521850586,2.4614014625549316,104.63115072250366,0.3092483878135681,0.5846047401428223,0.27535635232925415,0.0688638687133789,0.7175385355949402,0.6486746668815613,0.06088566780090332,0.7082729339599609,0.6473872661590576,0.5819799900054932,0.022641291841864586,0.5593386981636286,0.20158261060714722,0.20158261060714722,55.77598261833191
crack0094_04.png,211.6670491695404,101.97677612304688,3.425654172897339,98.55112195014954,106.56245422363281,2.3680777549743652,104.19437646865845,0.28828495740890503,0.5260182023048401,0.23773324489593506,0.012295424938201904,0.7810148000717163,0.7687193751335144,0.0,0.7800792455673218,0.7800792455673218,0.584186851978302,0.04241830110549927,0.5417685508728027,0.2127951979637146,0.2127951979637146,58.771591782569885
crack0094_05.png,208.401181897521,99.00502014160156,1.549678087234497,97.45534205436707,103.11172485351562,1.122225284576416,101.98949956893921,0.32778891921043396,0.5723250508308411,0.2445361316204071,0.038737475872039795,0.7502866387367249,0.7115491628646851,0.02602982521057129,0.7460190057754517,0.7199891805648804,0.5801038146018982,0.026974240317940712,0.5531295742839575,0.217094287276268,0.217094287276268,53.81416654586792
crack0094_06.png,196.1268876373768,102.24028778076172,2.358438014984131,99.88184976577759,105.26507568359375,2.4071764945983887,102.85789918899536,0.3071496784687042,0.5213252305984497,0.21417555212974548,0.3005911111831665,0.6994255781173706,0.3988344669342041,0.2570825219154358,0.67191481590271,0.41483229398727417,0.5845328569412231,0.03417147323489189,0.5503613837063313,0.24207808077335358,0.24207808077335358,57.2516964673996
crack0094_07.png,206.57357456088067,96.99942779541016,1.718141794204712,95.28128600120544,105.89783477783203,1.2099210023880005,104.68791377544403,0.3386959135532379,0.5420823097229004,0.20338639616966248,0.0,0.7622808218002319,0.7622808218002319,0.0,0.7721570134162903,0.7721570134162903,0.5857016444206238,0.019327182322740555,0.5663744620978832,0.21211686730384827,0.21211686730384827,52.46509575843811
crack0094_08.png,211.86264939308165,99.927734375,2.540771722793579,97.38696265220642,101.08929443359375,1.6462963819503784,99.44299805164337,0.2823896110057831,0.5388110876083374,0.2564214766025543,0.0,0.8077795505523682,0.8077795505523682,0.0,0.7791581153869629,0.7791581153869629,0.5827643275260925,0.03592464327812195,0.5468396842479706,0.18098509311676025,0.18098509311676025,57.601449489593506
crack0094_09.png,216.1029407531023,108.8421859741211,1.5796631574630737,107.26252281665802,104.3027572631836,1.084946870803833,103.21781039237976,0.36324918270111084,0.5532544255256653,0.19000524282455444,0.0,0.7448118925094604,0.7448118925094604,0.11006999015808105,0.7649285793304443,0.6548585891723633,0.5802998542785645,0.016289887949824333,0.5640099663287401,0.2097764015197754,0.2097764015197754,56.62796777486801
crack0095_00.png,219.63381745219232,112.2883071899414,5.788911819458008,106.4993953704834,102.07466888427734,2.35162353515625,99.7230453491211,0.2646290957927704,0.613315761089325,0.34868666529655457,0.04044884443283081,0.6238173246383667,0.5833684802055359,0.19257724285125732,0.6961148381233215,0.5035375952720642,0.5886543393135071,0.038266051560640335,0.5503882877528667,0.14916115999221802,0.14916115999221802,66.70703732967377
crack0095_01.png,232.96099917590618,112.7489242553711,1.435717225074768,111.31320703029633,104.088623046875,1.3227386474609375,102.76588439941406,0.17763957381248474,0.6107685565948486,0.4331289827823639,0.1398736834526062,0.7339067459106445,0.5940330624580383,0.18088698387145996,0.7428832054138184,0.5619962215423584,0.5784044861793518,0.025159554556012154,0.5532449316233397,0.1748906373977661,0.1748906373977661,69.57012575864792
crack0095_02.png,227.8047249138355,121.70758056640625,5.543577671051025,116.16400289535522,104.97260284423828,2.4586286544799805,102.5139741897583,0.25965169072151184,0.6344572901725769,0.37480559945106506,0.07588708400726318,0.5565871000289917,0.4807000160217285,0.15575581789016724,0.6426969766616821,0.4869411587715149,0.5867243409156799,0.05115724727511406,0.5355670936405659,0.1623142808675766,0.1623142808675766,71.51545131206512
crack0095_03.png,210.9024888396263,97.78047943115234,2.476016044616699,95.30446338653564,105.42648315429688,1.4928109645843506,103.93367218971252,0.16240103542804718,0.6254261136054993,0.4630250781774521,0.36561745405197144,0.7448447942733765,0.37922734022140503,0.3099055290222168,0.7691099643707275,0.45920443534851074,0.584690511226654,0.03935409337282181,0.5453364178538322,0.15745462477207184,0.15745462477207184,63.77180606126785
crack0095_04.png,220.57907158136368,103.85676574707031,2.6747310161590576,101.18203473091125,108.40608215332031,1.6961947679519653,106.70988738536835,0.21453316509723663,0.6563143730163574,0.4417812079191208,0.1873164176940918,0.6569290161132812,0.46961259841918945,0.25016987323760986,0.6769380569458008,0.4267681837081909,0.588623583316803,0.023971550166606903,0.5646520331501961,0.1611804962158203,0.1611804962158203,63.938701808452606
crack0095_05.png,209.74180458188056,108.63947296142578,4.682323455810547,103.95714950561523,103.34547424316406,2.1214041709899902,101.22407007217407,0.23896892368793488,0.6470809578895569,0.408112034201622,0.3477247357368469,0.6245107054710388,0.2767859697341919,0.32233649492263794,0.6601642370223999,0.33782774209976196,0.5807689428329468,0.041403304785490036,0.5393656380474567,0.17785540223121643,0.17785540223121643,65.55352050065994
crack0095_06.png,222.81103558540343,111.94429016113281,2.8128955364227295,109.13139462471008,103.13629150390625,1.625943899154663,101.51034760475159,0.19440025091171265,0.6363574862480164,0.4419572353363037,0.3353862166404724,0.7238571643829346,0.38847094774246216,0.3328167796134949,0.7463104724884033,0.41349369287490845,0.5871126651763916,0.032610535621643066,0.5545021295547485,0.16364479064941406,0.16364479064941406,69.19908440113068
crack0095_07.png,211.48846906721593,105.52294921875,1.8752042055130005,103.647745013237,100.51616668701172,1.238896131515503,99.27727055549622,0.26284870505332947,0.6312838792800903,0.36843517422676086,0.3397012948989868,0.7502785921096802,0.41057729721069336,0.32790112495422363,0.7630615234375,0.43516039848327637,0.5833410024642944,0.02754325233399868,0.5557977501302958,0.16008949279785156,0.16008949279785156,61.26179450750351
crack0095_08.png,221.93678430914878,110.79782104492188,2.4235596656799316,108.37426137924194,104.55270385742188,1.5425233840942383,103.01018047332764,0.23545251786708832,0.6424079537391663,0.40695543587207794,0.264803946018219,0.7194890975952148,0.45468515157699585,0.25605010986328125,0.7308510541915894,0.4748009443283081,0.5796462893486023,0.03928104415535927,0.540365245193243,0.14435184001922607,0.14435184001922607,65.6693908572197
crack0095_09.png,223.1583364225924,104.72476959228516,1.4793927669525146,103.24537682533264,106.1663818359375,0.9761818051338196,105.19020003080368,0.24651625752449036,0.6179889440536499,0.37147268652915955,0.14479440450668335,0.759143590927124,0.6143491864204407,0.12482041120529175,0.7744632959365845,0.6496428847312927,0.5924913287162781,0.0038638985715806484,0.5886274301446974,0.1522151529788971,0.1522151529788971,62.01075887680054
crack0096_00.png,250.32482920587063,121.88594055175781,2.728893280029297,119.15704727172852,103.83068084716797,1.5569102764129639,102.273770570755,0.243345707654953,0.7923858761787415,0.5490401685237885,0.10879480838775635,0.7041571140289307,0.5953623056411743,0.2068069577217102,0.7118681073188782,0.505061149597168,0.5821491479873657,0.019134948030114174,0.5630141999572515,0.11308235675096512,0.11308235675096512,70.992640376091
crack0096_01.png,238.39999746978282,120.12610626220703,4.2187323570251465,115.90737390518188,103.75173950195312,2.3630712032318115,101.38866829872131,0.20690423250198364,0.7768175601959229,0.5699133276939392,0.2845030426979065,0.6332783102989197,0.3487752676010132,0.30740630626678467,0.6271458864212036,0.31973958015441895,0.5843636989593506,0.02453671582043171,0.5598269831389189,0.12043416500091553,0.12043416500091553,73.1327133178711
crack0096_02.png,271.92668364942074,135.1489715576172,2.0730655193328857,133.0759060382843,106.96328735351562,1.1645535230636597,105.79873383045197,0.22119662165641785,0.8448940515518188,0.623697429895401,0.18420571088790894,0.778109073638916,0.5939033627510071,0.16452383995056152,0.7652175426483154,0.6006937026977539,0.5881891846656799,0.016205305233597755,0.5719838794320822,0.10235264897346497,0.10235264897346497,78.86678862571716
crack0096_03.png,210.82625849246978,104.4193115234375,7.516046047210693,96.9032654762268,104.18867492675781,2.8378591537475586,101.35081577301025,0.2565009295940399,0.7202103734016418,0.46370944380760193,0.1481364369392395,0.5509051084518433,0.40276867151260376,0.1982998251914978,0.6114672422409058,0.41316741704940796,0.5810034871101379,0.07662437856197357,0.5043791085481644,0.1398462951183319,0.1398462951183319,63.81776249408722
crack0096_04.png,236.3574568808079,121.08939361572266,5.975505352020264,115.11388826370239,101.38272857666016,2.7029242515563965,98.67980432510376,0.22442972660064697,0.7932087779045105,0.5687790513038635,0.3697400689125061,0.7390952110290527,0.36935514211654663,0.3669896721839905,0.7521600723266602,0.3851704001426697,0.5855709314346313,0.04819300398230553,0.5373779274523258,0.11757313460111618,0.11757313460111618,73.4895031452179
crack0096_05.png,252.08638915121554,116.12397766113281,1.1502225399017334,114.97375512123108,102.71002197265625,1.1681047677993774,101.54191720485687,0.21729916334152222,0.7906214594841003,0.5733222961425781,0.10110437870025635,0.7958260774612427,0.6947216987609863,0.11374443769454956,0.7221052646636963,0.6083608269691467,0.5832372307777405,0.012206843122839928,0.5710303876549006,0.12099703401327133,0.12099703401327133,68.92863953113556
crack0096_06.png,227.9362980604172,108.06090545654297,3.8645033836364746,104.1964020729065,99.38278198242188,2.456108808517456,96.92667317390442,0.21950805187225342,0.7469589114189148,0.5274508595466614,0.09518176317214966,0.617251992225647,0.5220702290534973,0.24575573205947876,0.6419037580490112,0.39614802598953247,0.5814993977546692,0.03424067795276642,0.5472587198019028,0.11445441842079163,0.11445441842079163,66.05219721794128
crack0096_07.png,223.4664563447237,98.38675689697266,2.8810040950775146,95.50575280189514,99.77936553955078,1.3346471786499023,98.44471836090088,0.2435915172100067,0.7285433411598206,0.48495182394981384,0.0,0.6833173036575317,0.6833173036575317,0.10096240043640137,0.7097417116165161,0.6087793111801147,0.5795885920524597,0.018239138647913933,0.5613494534045458,0.12113125622272491,0.12113125622272491,59.20193314552307
crack0096_08.png,246.9093296587467,114.85954284667969,2.910959243774414,111.94858360290527,100.38105773925781,1.345665693283081,99.03539204597473,0.2304387390613556,0.8260680437088013,0.5956293046474457,0.05067801475524902,0.6862021684646606,0.6355241537094116,0.18970400094985962,0.7360262870788574,0.5463222861289978,0.582902729511261,0.02602076157927513,0.5568819679319859,0.10704079270362854,0.10704079270362854,68.37503588199615
crack0096_09.png,271.8801832318306,142.67031860351562,2.3622941970825195,140.3080244064331,104.81137084960938,1.249513030052185,103.56185781955719,0.20680297911167145,0.8232072591781616,0.6164042800664902,0.26075679063796997,0.7223564386367798,0.4615996479988098,0.26640743017196655,0.746766209602356,0.4803587794303894,0.5897769927978516,0.030499808490276337,0.5592771843075752,0.11072103679180145,0.11072103679180145,83.69920736551285
crack0097_00.png,229.68843660354614,96.76598358154297,1.4127312898635864,95.35325229167938,109.85264587402344,1.1461039781570435,108.7065418958664,0.24649004638195038,0.6834824085235596,0.4369923621416092,0.0,0.8477139472961426,0.8477139472961426,0.0,0.8105371594429016,0.8105371594429016,0.5734255909919739,0.023810073733329773,0.5496155172586441,0.12712401151657104,0.12712401151657104,57.23697829246521
crack0097_01.png,212.858122754097,103.70238494873047,8.385251998901367,95.3171329498291,114.18251037597656,3.8265304565429688,110.3559799194336,0.27295488119125366,0.6242126822471619,0.3512578010559082,0.0,0.6208384037017822,0.6208384037017822,0.031313419342041016,0.6495108008384705,0.6181973814964294,0.5850019454956055,0.07339100539684296,0.5116109400987625,0.15482956171035767,0.15482956171035767,63.06660342216492
crack0097_02.png,225.351586830616,113.19248962402344,4.993809700012207,108.19867992401123,125.18775177001953,2.861088752746582,122.32666301727295,0.34964343905448914,0.6224429607391357,0.2727995216846466,0.0,0.6453472375869751,0.6453472375869751,0.16121554374694824,0.6951922178268433,0.533976674079895,0.5868396759033203,0.07222991436719894,0.5146097615361214,0.1635495126247406,0.1635495126247406,61.58813035488129
crack0097_03.png,222.57787862420082,94.65274047851562,2.4161217212677,92.23661875724792,108.96110534667969,1.1846709251403809,107.7764344215393,0.2643628418445587,0.6775734424591064,0.41321060061454773,0.0,0.7868449687957764,0.7868449687957764,0.020397543907165527,0.8045575618743896,0.7841600179672241,0.590269148349762,0.022768165916204453,0.5675009824335575,0.13589462637901306,0.13589462637901306,56.28342652320862
crack0097_04.png,236.75608601868151,107.5020751953125,1.940002679824829,105.56207251548767,117.38350677490234,1.5654456615447998,115.81806111335754,0.261565238237381,0.7073771357536316,0.4458118975162506,0.021613776683807373,0.6922748684883118,0.6706610918045044,0.13490456342697144,0.712174654006958,0.5772700905799866,0.5883852243423462,0.029000384733080864,0.5593848396092653,0.14853793382644653,0.14853793382644653,62.56253361701965
crack0097_05.png,227.88662611097098,100.66659545898438,1.559660792350769,99.1069346666336,113.00311279296875,1.2535367012023926,111.74957609176636,0.2573734223842621,0.6716512441635132,0.4142778217792511,0.07500803470611572,0.7783758640289307,0.7033678293228149,0.10697978734970093,0.7543925642967224,0.6474127769470215,0.5841176509857178,0.014044598676264286,0.5700730523094535,0.14144274592399597,0.14144274592399597,59.03542882204056
crack0097_06.png,223.71956303417682,88.53845977783203,1.799606204032898,86.73885357379913,118.66712951660156,1.0973165035247803,117.56981301307678,0.24436673521995544,0.686586856842041,0.44222012162208557,0.0,0.7943140268325806,0.7943140268325806,0.0,0.8057799339294434,0.8057799339294434,0.5892964005470276,0.01923106424510479,0.5700653363019228,0.13290773332118988,0.13290773332118988,54.07888489961624
crack0097_07.png,236.8886974722147,104.3772201538086,2.091682195663452,102.28553795814514,111.82051849365234,1.4650287628173828,110.35548973083496,0.25496920943260193,0.7205840349197388,0.46561482548713684,0.0,0.7622706294059753,0.7622706294059753,0.08486723899841309,0.7490085363388062,0.6641412973403931,0.5906574130058289,0.02263360284268856,0.5680238101631403,0.13762378692626953,0.13762378692626953,61.56259512901306
crack0097_08.png,226.54686052799224,98.15263366699219,1.522935390472412,96.62969827651978,107.36299896240234,0.9257057905197144,106.43729317188263,0.2880917191505432,0.6887772679328918,0.40068554878234863,0.0,0.8311431407928467,0.8311431407928467,0.0,0.8250773549079895,0.8250773549079895,0.5826681852340698,0.031626299023628235,0.5510418862104416,0.12692129611968994,0.12692129611968994,55.8590087890625
crack0097_09.png,236.45474296808243,104.73628997802734,2.434762477874756,102.30152750015259,118.14128112792969,1.9558770656585693,116.18540406227112,0.24010689556598663,0.6910589337348938,0.45095203816890717,0.0,0.7255393862724304,0.7255393862724304,0.07077568769454956,0.7432287931442261,0.6724531054496765,0.5859208106994629,0.02138792723417282,0.5645328834652901,0.12709400057792664,0.12709400057792664,62.61594492197037
crack0098_00.png,275.5912351250648,141.37843322753906,4.616427421569824,136.76200580596924,105.09806823730469,2.104069948196411,102.99399828910828,0.18499340116977692,0.8441598415374756,0.6591664403676987,0.0,0.5891129970550537,0.5891129970550537,0.0,0.6804485321044922,0.6804485321044922,0.5840945839881897,0.05074971169233322,0.5333448722958565,0.09794633090496063,0.09794633090496063,85.26160961389542
crack0098_01.png,289.69520127177236,150.88662719726562,4.5786590576171875,146.30796813964844,109.45159149169922,1.4140371084213257,108.0375543832779,0.16800947487354279,0.8526915311813354,0.6846820563077927,0.0,0.5874825119972229,0.5874825119972229,0.0,0.7621959447860718,0.7621959447860718,0.5765820741653442,0.029123414307832718,0.5474586598575115,0.0889417752623558,0.0889417752623558,90.71535760164261
crack0098_02.png,276.46950843334196,135.67172241210938,3.8455088138580322,131.82621359825134,109.91053771972656,1.2368861436843872,108.67365157604218,0.1685985028743744,0.8644744753837585,0.6958759725093842,0.0,0.5795239210128784,0.5795239210128784,0.0,0.740951418876648,0.740951418876648,0.5890696048736572,0.030999615788459778,0.5580699890851974,0.09667426347732544,0.09667426347732544,83.20548963546753
crack0098_03.png,285.1144954144955,149.15841674804688,4.365549087524414,144.79286766052246,107.72937774658203,1.5704505443572998,106.15892720222473,0.21079711616039276,0.8437904119491577,0.632993295788765,0.0,0.6327639222145081,0.6327639222145081,0.0,0.7459287643432617,0.7459287643432617,0.5830526947975159,0.03535178676247597,0.5477009080350399,0.09566058218479156,0.09566058218479156,87.43626374006271
crack0098_04.png,267.35398735404016,136.7083740234375,3.7031662464141846,133.00520777702332,106.4822769165039,1.6522984504699707,104.82997846603394,0.20747743546962738,0.8171910643577576,0.6097136288881302,0.0,0.5513961315155029,0.5513961315155029,0.0,0.7202081680297852,0.7202081680297852,0.5795078873634338,0.03991157189011574,0.5395963154733181,0.09055259823799133,0.09055259823799133,80.93743950128555
crack0098_05.png,256.98694400191306,118.99221801757812,2.1241872310638428,116.86803078651428,104.6900405883789,1.0210654735565186,103.66897511482239,0.21767473220825195,0.8223198056221008,0.6046450734138489,0.0,0.7077887654304504,0.7077887654304504,0.0,0.7901872396469116,0.7901872396469116,0.5825721025466919,0.033367935568094254,0.5492041669785976,0.0969662219285965,0.0969662219285965,70.80060279369354
crack0098_06.png,274.96195696219803,128.1479034423828,2.0843892097473145,126.0635142326355,111.6777114868164,0.9488717317581177,110.72883975505829,0.19069641828536987,0.8769718408584595,0.6862754225730896,0.0,0.6684464812278748,0.6684464812278748,0.0,0.7598247528076172,0.7598247528076172,0.5790388584136963,0.004863514099270105,0.5741753443144262,0.09429655969142914,0.09429655969142914,76.83591556549072
crack0098_07.png,266.4160778850317,130.81564331054688,4.635873794555664,126.17976951599121,108.91181945800781,1.3527684211730957,107.55905103683472,0.20577655732631683,0.8595700860023499,0.653793528676033,0.0,0.5704271793365479,0.5704271793365479,0.0,0.7218931913375854,0.7218931913375854,0.576985776424408,0.02468281425535679,0.5523029621690512,0.0941099226474762,0.0941099226474762,78.45859616994858
crack0098_08.png,280.02495265901086,142.72015380859375,4.717394828796387,138.00275897979736,110.46598815917969,1.901953101158142,108.56403505802155,0.1902599036693573,0.8477413654327393,0.657481461763382,0.0,0.5863106846809387,0.5863106846809387,0.0,0.7038273811340332,0.7038273811340332,0.5853671431541443,0.02172625996172428,0.56364088319242,0.0906386524438858,0.0906386524438858,85.7178658246994
crack0098_09.png,255.69853299856186,118.15115356445312,3.2022712230682373,114.94888234138489,107.87199401855469,1.6893717050552368,106.18262231349945,0.18174834549427032,0.8221510052680969,0.6404026597738266,0.0,0.6227802634239197,0.6227802634239197,0.0,0.7174764275550842,0.7174764275550842,0.5841829776763916,0.0308535173535347,0.5533294603228569,0.10516753047704697,0.10516753047704697,73.13913077116013
crack0099_00.png,238.29389169216157,123.2061996459961,7.4068379402160645,115.79936170578003,110.19160461425781,3.481248378753662,106.71035623550415,0.2628595232963562,0.6327980756759644,0.36993855237960815,0.0,0.7190273404121399,0.7190273404121399,0.0,0.6769596338272095,0.6769596338272095,0.5804498195648193,0.04409457743167877,0.5363552421331406,0.12378783524036407,0.12378783524036407,72.75294017791748
crack0099_01.png,258.453520745039,141.1558074951172,2.2688238620758057,138.88698363304138,110.12769317626953,1.8249491453170776,108.30274403095245,0.3313928246498108,0.7055321335792542,0.37413930892944336,0.16065818071365356,0.7685962915420532,0.6079381108283997,0.23964464664459229,0.6992748975753784,0.45963025093078613,0.5810226798057556,0.03110342100262642,0.5499192588031292,0.14137254655361176,0.14137254655361176,75.06965339183807
crack0099_02.png,237.965496635437,126.09236907958984,4.124792575836182,121.96757650375366,112.04789733886719,2.2180838584899902,109.8298134803772,0.4297890067100525,0.6947407126426697,0.2649517059326172,0.0,0.7153220176696777,0.7153220176696777,0.09936290979385376,0.6405757069587708,0.541212797164917,0.5858016014099121,0.02937716245651245,0.5564244389533997,0.14018823206424713,0.14018823206424713,62.75330448150635
crack0099_03.png,235.26912898123265,129.360595703125,5.50614070892334,123.85445499420166,106.28787994384766,2.7776007652282715,103.51027917861938,0.3632555902004242,0.6941912174224854,0.33093562722206116,0.25480127334594727,0.7841898202896118,0.5293885469436646,0.2512460947036743,0.7103197574615479,0.45907366275787354,0.5783814191818237,0.01937716268002987,0.5590042565017939,0.11757619678974152,0.11757619678974152,68.77328956127167
crack0099_04.png,229.41065844893456,121.1627197265625,4.71811056137085,116.44460916519165,110.20431518554688,2.359647750854492,107.84466743469238,0.39057788252830505,0.7123000621795654,0.3217221796512604,0.18838554620742798,0.7430179119110107,0.5546323657035828,0.19761335849761963,0.6884602904319763,0.4908469319343567,0.5822991132736206,0.03467128053307533,0.5476278327405453,0.12485808879137039,0.12485808879137039,62.797706723213196
crack0099_05.png,238.7980513036251,133.21839904785156,6.308132171630859,126.9102668762207,108.16678619384766,3.3076233863830566,104.8591628074646,0.3185475766658783,0.6352072358131409,0.3166596591472626,0.23387861251831055,0.8072245717048645,0.573345959186554,0.1823338270187378,0.7279820442199707,0.5456482172012329,0.5753440856933594,0.03340638056397438,0.541937705129385,0.13598906993865967,0.13598906993865967,73.66417443752289
crack0099_06.png,241.56827396154404,125.28380584716797,5.374958038330078,119.90884780883789,109.74266052246094,4.337887763977051,105.40477275848389,0.29051950573921204,0.6675451397895813,0.37702563405036926,0.0,0.7091113924980164,0.7091113924980164,0.0,0.6377139091491699,0.6377139091491699,0.5792887210845947,0.05501345545053482,0.5242752656340599,0.1218300461769104,0.1218300461769104,71.06976044178009
crack0099_07.png,242.5653552055359,120.8988037109375,4.5263991355896,116.3724045753479,112.59410095214844,3.5565123558044434,109.037588596344,0.2935161888599396,0.6911637187004089,0.39764752984046936,0.0,0.7632243037223816,0.7632243037223816,0.03749191761016846,0.6862845420837402,0.6487926244735718,0.5816609263420105,0.07573240995407104,0.5059285163879395,0.12916797399520874,0.12916797399520874,68.3680671453476
crack0099_08.png,244.7879884839058,133.33058166503906,4.408935070037842,128.92164659500122,110.43494415283203,1.831964373588562,108.60297977924347,0.3285483717918396,0.6988422274589539,0.37029385566711426,0.30111217498779297,0.8075045943260193,0.5063924193382263,0.2535175681114197,0.7772399187088013,0.5237223505973816,0.5830526947975159,0.019404076039791107,0.5636486187577248,0.11854355037212372,0.11854355037212372,72.47896385192871
crack0099_09.png,235.7998661786318,134.27359008789062,4.716554164886475,129.55703592300415,102.81029510498047,1.89252507686615,100.91777002811432,0.35125645995140076,0.6376723051071167,0.28641584515571594,0.29988235235214233,0.8150894045829773,0.515207052230835,0.16357403993606567,0.7845579385757446,0.620983898639679,0.5797039866447449,0.020849673077464104,0.5588543135672808,0.09671176970005035,0.09671176970005035,71.6078439950943
crack0100_00.png,194.58374267220498,91.99832153320312,1.933019995689392,90.06530153751373,103.40699768066406,1.4158940315246582,101.9911036491394,0.25472885370254517,0.6618598699569702,0.40713101625442505,0.5190034508705139,0.763727605342865,0.24472415447235107,0.4834241271018982,0.7656974792480469,0.2822733521461487,0.5760707259178162,0.04200692102313042,0.5340638048946857,0.15483541786670685,0.15483541786670685,54.724768579006195
crack0100_01.png,217.0742106884718,94.30595397949219,0.927249014377594,93.3787049651146,103.77044677734375,1.079239845275879,102.69120693206787,0.24398376047611237,0.7447213530540466,0.5007375925779343,0.2769109606742859,0.7807614207267761,0.5038504600524902,0.31857824325561523,0.746105432510376,0.42752718925476074,0.5812456607818604,0.02109573222696781,0.5601499285548925,0.15527501702308655,0.15527501702308655,56.22740229964256
crack0100_02.png,197.57858219742775,92.16332244873047,1.955822229385376,90.20750021934509,101.85690307617188,1.4035751819610596,100.45332789421082,0.2976343035697937,0.704656720161438,0.4070224165916443,0.39307135343551636,0.7024726867675781,0.30940133333206177,0.4416309595108032,0.7153344750404358,0.27370351552963257,0.5784044861793518,0.02210688218474388,0.5562976039946079,0.15927311778068542,0.15927311778068542,52.33769357204437
crack0100_03.png,203.15740758180618,94.6639404296875,2.1513054370880127,92.51263499259949,108.55268859863281,2.051379919052124,106.50130867958069,0.2996995151042938,0.6842489838600159,0.38454946875572205,0.2796373963356018,0.6646973490715027,0.3850599527359009,0.35431402921676636,0.6532959938049316,0.2989819645881653,0.5806920528411865,0.03374471515417099,0.5469473376870155,0.2163465917110443,0.2163465917110443,53.65333414077759
crack0100_04.png,218.52349889874458,99.1045150756836,2.0909337997436523,97.01358127593994,111.91877746582031,2.5419116020202637,109.37686586380005,0.2201874703168869,0.720686137676239,0.5004986673593521,0.3237183690071106,0.7300643920898438,0.40634602308273315,0.4001125693321228,0.6930503845214844,0.2929378151893616,0.5786274671554565,0.041991543024778366,0.5366359241306782,0.15046752989292145,0.15046752989292145,60.53157490491867
crack0100_05.png,187.78069047033787,77.88304901123047,1.2709907293319702,76.6120582818985,101.09356689453125,1.3847715854644775,99.70879530906677,0.2907315492630005,0.7077980637550354,0.4170665144920349,0.38147997856140137,0.7739923000335693,0.39251232147216797,0.4296068549156189,0.7412244081497192,0.31161755323410034,0.5784698128700256,0.022987311705946922,0.5554825011640787,0.16130411624908447,0.16130411624908447,45.271919429302216
crack0100_06.png,201.24513824880123,105.51348114013672,1.814931869506836,103.69854927062988,106.77830505371094,1.7489084005355835,105.02939665317535,0.3527244031429291,0.6115961670875549,0.25887176394462585,0.35401618480682373,0.6711678504943848,0.31715166568756104,0.38957250118255615,0.6708000898361206,0.28122758865356445,0.5820568799972534,0.028581315651535988,0.5534755643457174,0.2426871359348297,0.2426871359348297,55.78301751613617
crack0100_07.png,206.2533303834498,94.39774322509766,1.3950139284133911,93.00272929668427,110.89305114746094,1.3203544616699219,109.57269668579102,0.2342408001422882,0.6307374238967896,0.39649662375450134,0.34089434146881104,0.6967301964759827,0.35583585500717163,0.35150671005249023,0.6953719854354858,0.3438652753829956,0.5933525562286377,0.006643598433583975,0.5867089577950537,0.22981372475624084,0.22981372475624084,57.57603281736374
crack0100_08.png,192.16465957164763,86.82743835449219,4.10156774520874,82.72587060928345,100.83294677734375,2.422940731048584,98.41000604629517,0.2529604136943817,0.6792355179786682,0.4262751042842865,0.3725232481956482,0.7290937900543213,0.3565705418586731,0.44185179471969604,0.7395368814468384,0.29768508672714233,0.5815609097480774,0.03881199657917023,0.5427489131689072,0.15893781185150146,0.15893781185150146,53.54931461811066
crack0100_09.png,283.9763689517975,157.72459411621094,2.5918972492218018,155.13269686698914,164.00250244140625,2.349836587905884,161.65266585350037,0.2484428882598877,0.6630867719650269,0.41464388370513916,0.4099448323249817,0.6256335973739624,0.2156887650489807,0.394247829914093,0.6535545587539673,0.25930672883987427,0.589607834815979,0.03001922369003296,0.559588611125946,0.22592784464359283,0.22592784464359283,88.83598577976227
