image,score_new_minus_old,old_crack_epe_px,new_crack_epe_px,delta_crack_epe_px_positive_is_better,old_global_epe_px,new_global_epe_px,delta_global_epe_px_positive_is_better,old_warp_crack_dice,new_warp_crack_dice,delta_warp_crack_dice_positive_is_better,old_crack_edge_fidelity,new_crack_edge_fidelity,delta_crack_edge_fidelity_positive_is_better,old_global_edge_fidelity,new_global_edge_fidelity,delta_global_edge_fidelity_positive_is_better,old_folding_rate,new_folding_rate,delta_folding_rate_positive_is_better,old_crack_ratio,new_crack_ratio,joint_failure_score
crack0001_00.png,-1.5925554752349853,105.11248779296875,105.61941528320312,-0.506927490234375,112.90878295898438,113.5276870727539,-0.6189041137695312,0.21573001146316528,0.2125561684370041,-0.003173843026161194,0.4635399580001831,0.4465984106063843,-0.016941547393798828,0.4394819736480713,0.4333191514015198,-0.006162822246551514,0.5915186405181885,0.5891810655593872,0.0023375749588012695,0.20257893204689026,0.20257893204689026,116.27332705259323
crack0001_01.png,3.4658408164978027,124.08488464355469,121.70709991455078,2.3777847290039062,110.99090576171875,109.42222595214844,1.5686798095703125,0.23274919390678406,0.2501484453678131,0.017399251461029053,0.37164413928985596,0.3487638831138611,-0.022880256175994873,0.36784452199935913,0.3554861545562744,-0.012358367443084717,0.5829911828041077,0.5833948254585266,-0.0004036426544189453,0.22484156489372253,0.22484156489372253,132.26683366298676
crack0001_02.png,2.1199223518371584,106.05683898925781,104.19340515136719,1.863433837890625,113.3348388671875,111.39669799804688,1.938140869140625,0.21118983626365662,0.21201592683792114,0.0008260905742645264,0.2543529272079468,0.237839937210083,-0.01651298999786377,0.30864423513412476,0.3066093921661377,-0.0020348429679870605,0.5852556824684143,0.5833640694618225,0.0018916130065917969,0.1662106215953827,0.1662106215953827,115.86395919322968
crack0001_03.png,4.348076057434082,105.71255493164062,103.56427001953125,2.148284912109375,113.80814361572266,111.30760192871094,2.5005416870117188,0.26468774676322937,0.2898159921169281,0.02512824535369873,0.40097755193710327,0.384086012840271,-0.016891539096832275,0.3867253065109253,0.3832540512084961,-0.0034712553024291992,0.5836332440376282,0.5870088338851929,-0.0033755898475646973,0.2581266462802887,0.2581266462802887,112.23750102519989
crack0001_04.png,2.196627378463745,99.86181640625,98.05078125,1.81103515625,111.44498443603516,109.5306167602539,1.91436767578125,0.2318219691514969,0.22961756587028503,-0.002204403281211853,0.37728583812713623,0.3679039478302002,-0.009381890296936035,0.3902434706687927,0.3846855163574219,-0.00555795431137085,0.5897731781005859,0.5854863524436951,0.004286825656890869,0.19837027788162231,0.19837027788162231,108.77017199993134
crack0001_05.png,1.453560733795166,112.34788513183594,111.82762908935547,0.5202560424804688,107.69940185546875,107.29991149902344,0.3994903564453125,0.28030091524124146,0.2925601899623871,0.01225927472114563,0.3971909284591675,0.3910297155380249,-0.006161212921142578,0.36685556173324585,0.35968196392059326,-0.007173597812652588,0.5866358876228333,0.5856555104255676,0.000980377197265625,0.2655094861984253,0.2655094861984253,118.73513770103455
crack0001_06.png,0.9578373908996582,114.69264221191406,114.138427734375,0.5542144775390625,112.12110137939453,111.244873046875,0.8762283325195312,0.24545219540596008,0.24404284358024597,-0.0014093518257141113,0.46735942363739014,0.4704875349998474,0.0031281113624572754,0.47952765226364136,0.48138588666915894,0.0018582344055175781,0.5838639140129089,0.5828450322151184,0.0010188817977905273,0.15343789756298065,0.15343789756298065,123.12752091884613
crack0001_07.png,-2.4073551177978514,100.24010467529297,102.26062774658203,-2.0205230712890625,112.30039978027344,114.44409942626953,-2.1436996459960938,0.25193068385124207,0.2588813304901123,0.006950646638870239,0.4574372172355652,0.4557788372039795,-0.0016583800315856934,0.40758049488067627,0.40197622776031494,-0.005604267120361328,0.594429075717926,0.5949057936668396,-0.0004767179489135742,0.24245218932628632,0.24245218932628632,109.93075692653656
crack0001_08.png,3.3182052612304687,113.27913665771484,111.39570617675781,1.8834304809570312,111.60435485839844,110.52119445800781,1.083160400390625,0.3166045844554901,0.3323132395744324,0.01570865511894226,0.4971941113471985,0.4897726774215698,-0.007421433925628662,0.47632330656051636,0.47742289304733276,0.0010995864868164062,0.5854978561401367,0.5844559669494629,0.0010418891906738281,0.16685649752616882,0.16685649752616882,116.76106059551239
crack0001_09.png,-1.6429292678833007,99.91950988769531,99.0069351196289,0.9125747680664062,110.819580078125,110.62263488769531,0.1969451904296875,0.28160855174064636,0.2619335353374481,-0.019675016403198242,0.42635631561279297,0.39891886711120605,-0.027437448501586914,0.4464038610458374,0.4221680760383606,-0.024235785007476807,0.5858669877052307,0.5849365592002869,0.0009304285049438477,0.2565203905105591,0.2565203905105591,107.18188989162445
crack0002_00.png,-0.9351783752441406,108.9613265991211,109.98907470703125,-1.0277481079101562,112.73411560058594,112.5874252319336,0.14669036865234375,0.2866629660129547,0.2873438000679016,0.0006808340549468994,0.20272690057754517,0.20085924863815308,-0.0018676519393920898,0.27159368991851807,0.27772635221481323,0.006132662296295166,0.5813494920730591,0.5799961686134338,0.0013533234596252441,0.10501857101917267,0.10501857101917267,115.52940237522125
crack0002_01.png,1.0815868377685547,129.69857788085938,127.68051147460938,2.01806640625,121.67079162597656,122.11749267578125,-0.4467010498046875,0.2845332622528076,0.2849976718425751,0.00046440958976745605,0.30174756050109863,0.28193527460098267,-0.019812285900115967,0.38799935579299927,0.3810874819755554,-0.006911873817443848,0.5886428356170654,0.5887043476104736,-6.151199340820312e-05,0.13827738165855408,0.13827738165855408,135.16572284698486
crack0002_02.png,-1.0700326919555665,118.56031036376953,119.10504913330078,-0.54473876953125,117.03117370605469,116.90840148925781,0.122772216796875,0.348377525806427,0.3422502279281616,-0.006127297878265381,0.3455347418785095,0.342756450176239,-0.002778291702270508,0.3584787845611572,0.3528555631637573,-0.005623221397399902,0.5877009034156799,0.5870280861854553,0.0006728172302246094,0.1288696974515915,0.1288696974515915,121.80570220947266
crack0002_03.png,0.9505176544189453,117.66973876953125,116.880859375,0.78887939453125,117.95265197753906,117.6552963256836,0.29735565185546875,0.3073754906654358,0.30281659960746765,-0.00455889105796814,0.31485164165496826,0.3270283341407776,0.012176692485809326,0.4143281579017639,0.4132271409034729,-0.0011010169982910156,0.5905075073242188,0.5924990177154541,-0.0019915103912353516,0.11817693710327148,0.11817693710327148,122.80626380443573
crack0002_04.png,-1.7929570198059082,133.88668823242188,134.76913452148438,-0.8824462890625,122.9302978515625,122.94590759277344,-0.0156097412109375,0.3160398006439209,0.3125816285610199,-0.003458172082901001,0.29645633697509766,0.2809005379676819,-0.015555799007415771,0.3525583744049072,0.34808647632598877,-0.004471898078918457,0.5856055617332458,0.5857400894165039,-0.00013452768325805664,0.14195916056632996,0.14195916056632996,139.0026172399521
crack0002_05.png,-0.3165861129760742,130.72930908203125,131.99127197265625,-1.261962890625,121.78825378417969,120.70265197753906,1.085601806640625,0.3350234627723694,0.33429986238479614,-0.0007236003875732422,0.40302228927612305,0.41784000396728516,0.01481771469116211,0.4148852825164795,0.4132919907569885,-0.0015932917594909668,0.57760089635849,0.5781930088996887,-0.0005921125411987305,0.11589434742927551,0.11589434742927551,134.43001914024353
crack0002_06.png,4.065256881713867,140.13937377929688,136.40042114257812,3.73895263671875,126.72463989257812,126.80139923095703,-0.07675933837890625,0.2808542251586914,0.2766149342060089,-0.004239290952682495,0.26459068059921265,0.2822020649909973,0.017611384391784668,0.3382929563522339,0.3498193621635437,0.011526405811309814,0.5911188125610352,0.5913264155387878,-0.00020760297775268555,0.1280955970287323,0.1280955970287323,145.32605803012848
crack0002_07.png,-0.4116364479064941,103.96971893310547,104.7367935180664,-0.7670745849609375,113.14178466796875,113.12269592285156,0.0190887451171875,0.3559333384037018,0.35644277930259705,0.0005094408988952637,0.34462231397628784,0.3547513484954834,0.010129034519195557,0.36036360263824463,0.3607749938964844,0.0004113912582397461,0.5829373598098755,0.5853902101516724,-0.002452850341796875,0.09904506802558899,0.09904506802558899,106.41286432743073
crack0002_08.png,-0.599815559387207,120.55265808105469,121.76622772216797,-1.2135696411132812,112.18904113769531,111.00263977050781,1.1864013671875,0.3710670471191406,0.3680955171585083,-0.0029715299606323242,0.3404307961463928,0.35077643394470215,0.010345637798309326,0.37801504135131836,0.38127678632736206,0.003261744976043701,0.5792964100837708,0.5802191495895386,-0.0009227395057678223,0.11995213478803635,0.11995213478803635,122.28247785568237
crack0002_09.png,-1.2521594047546387,107.2802505493164,108.2807846069336,-1.0005340576171875,111.38658142089844,111.4725570678711,-0.08597564697265625,0.3917103111743927,0.390900582075119,-0.0008097290992736816,0.2574291229248047,0.25499796867370605,-0.002431154251098633,0.3726502060890198,0.36866599321365356,-0.003984212875366211,0.5822529792785645,0.5836332440376282,-0.0013802647590637207,0.11696051806211472,0.11696051806211472,107.67181241512299
crack0003_00.png,-0.7385597705841065,118.5287094116211,116.89054107666016,1.6381683349609375,114.88045501708984,116.59713745117188,-1.7166824340820312,0.17872759699821472,0.15825743973255157,-0.020470157265663147,0.0,0.0,0.0,0.0,0.0,0.0,0.5875893831253052,0.5889004468917847,-0.0013110637664794922,0.11957511305809021,0.11957511305809021,131.77019673585892
crack0003_01.png,3.1897980213165282,119.55508422851562,118.31817626953125,1.236907958984375,117.23561096191406,116.07188415527344,1.163726806640625,0.19808830320835114,0.21653661131858826,0.01844830811023712,0.0,0.0,0.0,0.0,0.0,0.0,0.586747407913208,0.5864590406417847,0.00028836727142333984,0.09913885593414307,0.09913885593414307,130.5212283730507
crack0003_02.png,0.10028676986694336,95.99278259277344,96.05719757080078,-0.06441497802734375,108.56333923339844,108.43315124511719,0.13018798828125,0.18884854018688202,0.18962009251117706,0.0007715523242950439,0.0,0.0,0.0,0.0,0.0,0.0,0.5842329859733582,0.5829604268074036,0.0012725591659545898,0.10084910690784454,0.10084910690784454,108.06339710950851
crack0003_03.png,-2.5077226638793944,111.52953338623047,110.7222900390625,0.8072433471679688,107.78446197509766,108.08741760253906,-0.30295562744140625,0.27215704321861267,0.23190218210220337,-0.0402548611164093,0.0,0.0,0.0,0.0,0.0,0.0,0.5865051746368408,0.5858400464057922,0.000665128231048584,0.10439929366111755,0.10439929366111755,120.67198777198792
crack0003_04.png,-1.7135589122772217,97.96394348144531,96.75675964355469,1.207183837890625,109.78701782226562,110.0203628540039,-0.23334503173828125,0.22495336830615997,0.1909179985523224,-0.034035369753837585,0.0,0.0,0.0,0.0,0.017591357231140137,0.017591357231140137,0.5883814096450806,0.5909957885742188,-0.0026143789291381836,0.09947497397661209,0.09947497397661209,109.5451031923294
crack0003_05.png,5.09507417678833,120.00901794433594,116.75299835205078,3.2560195922851562,116.34391021728516,115.72608184814453,0.617828369140625,0.242853581905365,0.26296406984329224,0.020110487937927246,0.0,0.0,0.0,0.0,0.0,0.0,0.5961092114448547,0.5965321063995361,-0.0004228949546813965,0.1173633337020874,0.1173633337020874,127.6710774898529
crack0003_06.png,0.8128345489501954,110.0146713256836,108.4954833984375,1.5191879272460938,111.18412780761719,111.14034271240234,0.04378509521484375,0.1976596862077713,0.1877097636461258,-0.009949922561645508,0.0,0.0,0.0,0.0,0.0,0.0,0.5897846817970276,0.5879815220832825,0.0018031597137451172,0.09991790354251862,0.09991790354251862,121.5838788151741
crack0003_07.png,-3.3822895526885985,95.8340072631836,97.26704406738281,-1.4330368041992188,107.42680358886719,109.12062072753906,-1.693817138671875,0.21433834731578827,0.1970134973526001,-0.01732484996318817,0.0,0.0,0.0,0.0,0.0,0.0,0.586551308631897,0.5836947560310364,0.0028565526008605957,0.10389700531959534,0.10389700531959534,108.19176816940308
crack0003_08.png,-4.333408451080322,102.67050170898438,105.23541259765625,-2.564910888671875,111.10072326660156,113.99179077148438,-2.8910675048828125,0.2015152871608734,0.19223234057426453,-0.009282946586608887,0.0,0.0,0.0,0.0,0.0,0.0,0.588623583316803,0.5853594541549683,0.003264129161834717,0.09292099624872208,0.09292099624872208,115.96396005153656
crack0003_09.png,-1.4176725864410402,110.72332000732422,113.59198760986328,-2.8686676025390625,115.79045867919922,114.75485229492188,1.0356063842773438,0.18171526491641998,0.19570887088775635,0.013993605971336365,0.0,0.0,0.0,0.0,0.0,0.0,0.5796578526496887,0.5817262530326843,-0.0020684003829956055,0.09756283462047577,0.09756283462047577,124.52378803491592
crack0004_00.png,0.21951951980590823,108.1438980102539,108.81378936767578,-0.669891357421875,106.5792236328125,106.27494812011719,0.3042755126953125,0.3726769983768463,0.38032591342926025,0.00764891505241394,0.0,0.0,0.0,0.18657296895980835,0.16235190629959106,-0.024221062660217285,0.5897501111030579,0.5858554244041443,0.0038946866989135742,0.10235156863927841,0.10235156863927841,109.70822823047638
crack0004_01.png,1.5432973861694337,109.50314331054688,109.7846450805664,-0.28150177001953125,105.67957305908203,105.32283782958984,0.3567352294921875,0.2573026418685913,0.27374333143234253,0.01644068956375122,0.2638859748840332,0.2749718427658081,0.011085867881774902,0.2197224497795105,0.2304648756980896,0.010742425918579102,0.5746520757675171,0.5765666961669922,-0.0019146203994750977,0.13342131674289703,0.13342131674289703,117.26840353012085
crack0004_02.png,-3.2784066200256348,108.36791229248047,111.9688491821289,-3.6009368896484375,106.5941162109375,106.17831420898438,0.415802001953125,0.26063501834869385,0.21930456161499023,-0.04133045673370361,0.0952380895614624,0.17939358949661255,0.08415549993515015,0.22748512029647827,0.24778962135314941,0.020304501056671143,0.5826413035392761,0.5802306532859802,0.0024106502532958984,0.13177454471588135,0.13177454471588135,120.31575918197632
crack0004_03.png,2.6236950874328615,100.49300384521484,99.85218048095703,0.6408233642578125,104.78680419921875,104.40643310546875,0.38037109375,0.31548041105270386,0.32658156752586365,0.01110115647315979,0.15219080448150635,0.1749645471572876,0.02277374267578125,0.267659068107605,0.2663557529449463,-0.0013033151626586914,0.5853710174560547,0.5845789909362793,0.0007920265197753906,0.11057727038860321,0.11057727038860321,104.6586081981659
crack0004_04.png,-2.4800920486450195,122.0857162475586,124.2821273803711,-2.1964111328125,117.06182861328125,116.80838012695312,0.253448486328125,0.21137124300003052,0.21163806319236755,0.00026682019233703613,0.1971462368965149,0.18167275190353394,-0.015473484992980957,0.243821918964386,0.2313554883003235,-0.0124664306640625,0.5945367217063904,0.5892233848571777,0.0053133368492126465,0.1537206768989563,0.1537206768989563,134.28311610221863
crack0004_05.png,5.841162204742432,111.88920593261719,109.14698028564453,2.7422256469726562,109.51646423339844,108.54531860351562,0.9711456298828125,0.34035852551460266,0.3534671366214752,0.013108611106872559,0.32908564805984497,0.3696461319923401,0.04056048393249512,0.3704124689102173,0.3778519034385681,0.00743943452835083,0.5804460048675537,0.5794617533683777,0.0009842514991760254,0.15855690836906433,0.15855690836906433,113.31442177295685
crack0004_06.png,0.7118437767028809,109.1454849243164,110.10089874267578,-0.955413818359375,110.2984848022461,109.66651153564453,0.6319732666015625,0.3017287850379944,0.30362468957901,0.001895904541015625,0.1533554196357727,0.18414485454559326,0.030789434909820557,0.2003498673439026,0.23100996017456055,0.03066009283065796,0.5863744616508484,0.5855939984321594,0.0007804632186889648,0.15409721434116364,0.15409721434116364,114.97444319725037
crack0004_07.png,-2.103896427154541,100.00489044189453,100.44865417480469,-0.44376373291015625,106.44837951660156,106.14933776855469,0.299041748046875,0.4458271563053131,0.42184633016586304,-0.023980826139450073,0.0,0.0,0.0,0.18377381563186646,0.17291104793548584,-0.010862767696380615,0.5947750806808472,0.5913071632385254,0.0034679174423217773,0.12383512407541275,0.12383512407541275,98.70699572563171
crack0004_08.png,2.6203753471374513,106.56880950927734,105.74520874023438,0.8236007690429688,109.34175109863281,108.52391052246094,0.817840576171875,0.32394182682037354,0.33049070835113525,0.006548881530761719,0.14149367809295654,0.16419106721878052,0.022697389125823975,0.14526325464248657,0.1510370373725891,0.005773782730102539,0.5816878080368042,0.5807420015335083,0.0009458065032958984,0.17653876543045044,0.17653876543045044,109.98801183700562
crack0004_09.png,-1.650266170501709,102.45501708984375,103.04185485839844,-0.5868377685546875,103.20420837402344,101.67405700683594,1.5301513671875,0.3617521822452545,0.3285955488681793,-0.033156633377075195,0.03863042593002319,0.06019216775894165,0.021561741828918457,0.07620656490325928,0.10378885269165039,0.027582287788391113,0.5852710604667664,0.582406759262085,0.0028643012046813965,0.12279215455055237,0.12279215455055237,106.44354546070099
crack0005_00.png,-0.12986769676208498,98.74579620361328,98.31523895263672,0.4305572509765625,104.89411926269531,105.0828857421875,-0.1887664794921875,0.24313105642795563,0.23226314783096313,-0.010867908596992493,0.49795717000961304,0.5095423460006714,0.01158517599105835,0.4015016555786133,0.4147849678993225,0.013283312320709229,0.5795962810516357,0.5815685987472534,-0.0019723176956176758,0.20253926515579224,0.20253926515579224,107.85747265815735
crack0005_01.png,3.606070137023926,101.3587646484375,100.18628692626953,1.1724777221679688,112.5764389038086,111.14964294433594,1.4267959594726562,0.2770244777202606,0.295378714799881,0.01835423707962036,0.34547269344329834,0.3579658269882202,0.012493133544921875,0.35085874795913696,0.36682790517807007,0.015969157218933105,0.5851210951805115,0.5877508521080017,-0.0026297569274902344,0.21761998534202576,0.21761998534202576,107.66109120845795
crack0005_02.png,0.9251692295074463,92.3839340209961,92.3274154663086,0.0565185546875,109.33186340332031,109.17240905761719,0.159454345703125,0.2271953523159027,0.2316979318857193,0.004502579569816589,0.36368948221206665,0.37123435735702515,0.007544875144958496,0.33105772733688354,0.34464192390441895,0.0135841965675354,0.5930449962615967,0.589473307132721,0.0035716891288757324,0.25102299451828003,0.25102299451828003,102.44575345516205
crack0005_03.png,2.0060770988464354,97.72752380371094,96.25741577148438,1.4701080322265625,108.52157592773438,107.18968200683594,1.3318939208984375,0.213979110121727,0.2080620974302292,-0.005917012691497803,0.41057878732681274,0.42363500595092773,0.01305621862411499,0.33203017711639404,0.34483182430267334,0.012801647186279297,0.5821337699890137,0.5832756757736206,-0.0011419057846069336,0.21311336755752563,0.21311336755752563,107.83977097272873
crack0005_04.png,0.4598059177398682,92.44231414794922,92.2796859741211,0.162628173828125,101.29521179199219,100.9627914428711,0.33242034912109375,0.22093825042247772,0.21855401992797852,-0.0023842304944992065,0.4704208970069885,0.47612273693084717,0.005701839923858643,0.4289189577102661,0.43076425790786743,0.0018453001976013184,0.5838754177093506,0.5807035565376282,0.003171861171722412,0.22032934427261353,0.22032934427261353,102.60277557373047
crack0005_05.png,-0.5180315971374512,102.07063293457031,102.13126373291016,-0.06063079833984375,115.95122528076172,116.24942016601562,-0.29819488525390625,0.26519498229026794,0.2592933177947998,-0.00590166449546814,0.44026756286621094,0.44318723678588867,0.0029196739196777344,0.35719412565231323,0.3590267300605774,0.0018326044082641602,0.5978008508682251,0.5973702669143677,0.0004305839538574219,0.24577471613883972,0.24577471613883972,110.45538330078125
crack0005_06.png,1.505967950820923,92.43196105957031,91.87911224365234,0.5528488159179688,108.55366516113281,108.07119750976562,0.4824676513671875,0.22469602525234222,0.22439894080162048,-0.0002970844507217407,0.37680578231811523,0.3980487585067749,0.021242976188659668,0.3321419358253479,0.35567545890808105,0.023533523082733154,0.5818454623222351,0.5834909677505493,-0.001645505428314209,0.19751125574111938,0.19751125574111938,102.03123891353607
crack0005_07.png,1.42301664352417,94.78166961669922,94.39956665039062,0.38210296630859375,112.44764709472656,111.91604614257812,0.5316009521484375,0.2675803601741791,0.2696321904659271,0.002051830291748047,0.44170480966567993,0.45873862504959106,0.017033815383911133,0.37616968154907227,0.39287471771240234,0.016705036163330078,0.5854286551475525,0.5858592987060547,-0.00043064355850219727,0.22634294629096985,0.22634294629096985,101.97016847133636
crack0005_08.png,1.0316226959228516,98.02428436279297,97.70882415771484,0.315460205078125,105.51042938232422,104.99358367919922,0.516845703125,0.23513145744800568,0.24031119048595428,0.005179733037948608,0.45820528268814087,0.4589320421218872,0.0007267594337463379,0.40114063024520874,0.40577399730682373,0.00463336706161499,0.5865205526351929,0.5848711729049683,0.0016493797302246094,0.2256229817867279,0.2256229817867279,107.21948891878128
crack0005_09.png,1.1700307369232177,94.44403076171875,93.97554016113281,0.4684906005859375,106.27208709716797,105.88838958740234,0.383697509765625,0.20912139117717743,0.20820090174674988,-0.0009204894304275513,0.27688705921173096,0.2957128882408142,0.018825829029083252,0.266584575176239,0.28971272706985474,0.023128151893615723,0.5802037715911865,0.5834870934486389,-0.0032833218574523926,0.20035973191261292,0.20035973191261292,105.05721509456635
crack0006_00.png,2.9685190200805662,100.29034423828125,99.75586700439453,0.5344772338867188,109.57968139648438,108.00685119628906,1.5728302001953125,0.3320518434047699,0.3508601784706116,0.018808335065841675,0.22866320610046387,0.24094051122665405,0.012277305126190186,0.2560874819755554,0.2658211588859558,0.00973367691040039,0.5795155763626099,0.5842868089675903,-0.004771232604980469,0.15768983960151672,0.15768983960151672,103.47146737575531
crack0006_01.png,0.09144754409790035,102.02997589111328,102.89350128173828,-0.863525390625,104.6923828125,104.49320983886719,0.1991729736328125,0.23195210099220276,0.24007734656333923,0.008125245571136475,0.3319087028503418,0.3357376456260681,0.0038289427757263184,0.2901307940483093,0.31569528579711914,0.025564491748809814,0.5800384283065796,0.5782352685928345,0.0018031597137451172,0.16798068583011627,0.16798068583011627,111.7461496591568
crack0006_02.png,-4.278834533691406,92.61661529541016,94.4014892578125,-1.7848739624023438,106.18339538574219,105.6601791381836,0.5232162475585938,0.2781687080860138,0.2646618187427521,-0.013506889343261719,0.24740707874298096,0.20487505197525024,-0.04253202676773071,0.22505474090576172,0.21553921699523926,-0.009515523910522461,0.5934794545173645,0.5915148258209229,0.0019646286964416504,0.14102491736412048,0.14102491736412048,101.36852133274078
crack0006_03.png,-1.700340175628662,93.08424377441406,93.09186553955078,-0.00762176513671875,105.81858825683594,105.00225830078125,0.8163299560546875,0.3791135549545288,0.36295437812805176,-0.01615917682647705,0.3431820273399353,0.3313513398170471,-0.011830687522888184,0.31038105487823486,0.31386882066726685,0.0034877657890319824,0.5752825736999512,0.5816147923469543,-0.006332218647003174,0.12309841066598892,0.12309841066598892,94.57538366317749
crack0006_04.png,1.1113321304321289,92.5797348022461,93.2408447265625,-0.6611099243164062,112.68704986572266,112.28585052490234,0.4011993408203125,0.3596736490726471,0.36750009655952454,0.007826447486877441,0.24396741390228271,0.2671910524368286,0.0232236385345459,0.29836446046829224,0.3178997039794922,0.01953524351119995,0.5871280431747437,0.5857055187225342,0.0014225244522094727,0.16034792363643646,0.16034792363643646,94.81499254703522
crack0006_05.png,2.379032039642334,87.24639892578125,87.17781829833984,0.06858062744140625,109.33122253417969,107.91996002197266,1.4112625122070312,0.29047298431396484,0.31558161973953247,0.025108635425567627,0.31715381145477295,0.31122344732284546,-0.00593036413192749,0.31202709674835205,0.33986997604370117,0.02784287929534912,0.5871472358703613,0.5877854824066162,-0.0006382465362548828,0.1692425012588501,0.1692425012588501,93.2951488494873
crack0006_06.png,1.4602156639099122,86.14112091064453,86.5076904296875,-0.36656951904296875,109.69458770751953,108.8846664428711,0.8099212646484375,0.317537397146225,0.33454424142837524,0.01700684428215027,0.3016941547393799,0.307384729385376,0.005690574645996094,0.3037858009338379,0.3244626522064209,0.020676851272583008,0.5887312293052673,0.5908650755882263,-0.0021338462829589844,0.1729971468448639,0.1729971468448639,90.90676486492157
crack0006_07.png,-2.8677868843078613,93.06745147705078,94.25446319580078,-1.18701171875,107.87141418457031,106.7686996459961,1.1027145385742188,0.3320090174674988,0.3214164674282074,-0.010592550039291382,0.22638589143753052,0.19878441095352173,-0.02760148048400879,0.29989707469940186,0.3076091408729553,0.007712066173553467,0.5800691843032837,0.5843291282653809,-0.004259943962097168,0.11012320965528488,0.11012320965528488,97.74913442134857
crack0006_08.png,1.4092890262603759,94.48970794677734,94.40206909179688,0.08763885498046875,111.30186462402344,110.52830505371094,0.7735595703125,0.18516680598258972,0.18376697599887848,-0.0013998299837112427,0.15429586172103882,0.18022507429122925,0.02592921257019043,0.09029030799865723,0.12202394008636475,0.03173363208770752,0.596193790435791,0.5940176844596863,0.0021761059761047363,0.16916029155254364,0.16916029155254364,107.26762157678604
crack0006_09.png,0.45265827178955076,108.86882019042969,108.9300537109375,-0.0612335205078125,114.23086547851562,114.31877136230469,-0.0879058837890625,0.38023850321769714,0.38535967469215393,0.005121171474456787,0.3871157169342041,0.387174129486084,5.841255187988281e-05,0.38105857372283936,0.3772081136703491,-0.0038504600524902344,0.5959054231643677,0.5924798250198364,0.00342559814453125,0.21978279948234558,0.21978279948234558,109.92134368419647
crack0007_00.png,1.7481186866760254,110.20877075195312,108.7026596069336,1.5061111450195312,104.23404693603516,104.85226440429688,-0.6182174682617188,0.24700605869293213,0.24776089191436768,0.0007548332214355469,0.37527382373809814,0.3863925337791443,0.011118710041046143,0.24072468280792236,0.24415278434753418,0.0034281015396118164,0.5930026769638062,0.5933986902236938,-0.0003960132598876953,0.16673919558525085,0.16673919558525085,118.37129926681519
crack0007_01.png,-0.8024072647094727,97.42003631591797,96.58786010742188,0.8321762084960938,102.67872619628906,102.54559326171875,0.1331329345703125,0.3022792935371399,0.2874515950679779,-0.014827698469161987,0.34564340114593506,0.33289915323257446,-0.012744247913360596,0.26294106245040894,0.25106459856033325,-0.011876463890075684,0.5794655680656433,0.579261839389801,0.00020372867584228516,0.17278946936130524,0.17278946936130524,102.93547523021698
crack0007_02.png,0.6442624092102051,100.38581085205078,99.60586547851562,0.7799453735351562,106.64205932617188,106.87782287597656,-0.2357635498046875,0.3144952356815338,0.3148554563522339,0.00036022067070007324,0.4524427056312561,0.44927680492401123,-0.003165900707244873,0.3409518599510193,0.3448769450187683,0.0039250850677490234,0.5886505246162415,0.5872395038604736,0.0014110207557678223,0.17905372381210327,0.17905372381210327,104.67214500904083
crack0007_03.png,1.647456169128418,101.43093872070312,100.2350082397461,1.1959304809570312,103.27999877929688,102.81063842773438,0.4693603515625,0.3181416392326355,0.3253658413887024,0.0072242021560668945,0.5019593238830566,0.4943091869354248,-0.007650136947631836,0.4105578064918518,0.4058617353439331,-0.004696071147918701,0.5811342000961304,0.5813379287719727,-0.00020372867584228516,0.1474006175994873,0.1474006175994873,104.99799227714539
crack0007_04.png,3.1157635688781737,110.69410705566406,107.98265075683594,2.711456298828125,108.38530731201172,106.37654876708984,2.008758544921875,0.29849973320961,0.287105917930603,-0.011393815279006958,0.4561614394187927,0.46667391061782837,0.010512471199035645,0.3662991523742676,0.3517480492591858,-0.014551103115081787,0.5867935419082642,0.5844982862472534,0.002295255661010742,0.19055411219596863,0.19055411219596863,115.58376550674438
crack0007_05.png,2.087146759033203,110.4266357421875,108.73052215576172,1.6961135864257812,108.67010498046875,108.78767395019531,-0.1175689697265625,0.23756901919841766,0.2474910467863083,0.009922027587890625,0.2945448160171509,0.2857368588447571,-0.008807957172393799,0.14903277158737183,0.12865287065505981,-0.02037990093231201,0.5936139822006226,0.5936985611915588,-8.45789909362793e-05,0.20079153776168823,0.20079153776168823,119.0723802447319
crack0007_06.png,3.7136929512023924,119.65396118164062,117.37262725830078,2.2813339233398438,109.72224426269531,108.39653015136719,1.325714111328125,0.3080417215824127,0.31437450647354126,0.00633278489112854,0.4412519931793213,0.4505038857460022,0.009251892566680908,0.35752570629119873,0.3645223379135132,0.006996631622314453,0.5837870240211487,0.5831526517868042,0.0006343722343444824,0.18690380454063416,0.18690380454063416,123.38227188587189
crack0007_07.png,2.0427433967590334,113.608154296875,111.4434814453125,2.1646728515625,106.29010009765625,105.73936462402344,0.5507354736328125,0.26128441095352173,0.2574866712093353,-0.0037977397441864014,0.39472436904907227,0.39214175939559937,-0.0025826096534729004,0.33333468437194824,0.3243488073348999,-0.00898587703704834,0.5980507731437683,0.5964282751083374,0.0016224980354309082,0.23206445574760437,0.23206445574760437,120.99864852428436
crack0007_08.png,1.971035099029541,97.33541870117188,95.76042175292969,1.5749969482421875,104.21043395996094,103.41107940673828,0.7993545532226562,0.31481805443763733,0.32124900817871094,0.006430953741073608,0.4260043501853943,0.4156073331832886,-0.010397017002105713,0.34292352199554443,0.33304548263549805,-0.009878039360046387,0.5845559239387512,0.5851134061813354,-0.0005574822425842285,0.12504097819328308,0.12504097819328308,101.06337320804596
crack0007_09.png,1.142824649810791,109.73169708251953,108.12861633300781,1.6030807495117188,104.97002410888672,104.83311462402344,0.13690948486328125,0.33552291989326477,0.3360781967639923,0.0005552768707275391,0.3632645010948181,0.34947454929351807,-0.013789951801300049,0.30107444524765015,0.3070734739303589,0.00599902868270874,0.5868550539016724,0.5870511531829834,-0.00019609928131103516,0.18638603389263153,0.18638603389263153,112.28082764148712
crack0008_00.png,0.3138974189758301,103.89558410644531,103.59635925292969,0.299224853515625,101.214599609375,100.46040344238281,0.7541961669921875,0.29277682304382324,0.28103068470954895,-0.011746138334274292,0.3427011966705322,0.36009103059768677,0.01738983392715454,0.37612128257751465,0.3777354955673218,0.001614212989807129,0.5768973231315613,0.577970027923584,-0.001072704792022705,0.14815375208854675,0.14815375208854675,110.00293171405792
crack0008_01.png,0.69924955368042,104.90093994140625,104.6102523803711,0.29068756103515625,101.0661849975586,100.56002044677734,0.50616455078125,0.2927577793598175,0.3054163455963135,0.012658566236495972,0.3688676953315735,0.3467998504638672,-0.0220678448677063,0.35228830575942993,0.3431629538536072,-0.009125351905822754,0.5793310403823853,0.5774279236793518,0.0019031167030334473,0.16408318281173706,0.16408318281173706,110.36337101459503
crack0008_02.png,1.1976079940795898,110.08284759521484,109.52471160888672,0.558135986328125,105.3421630859375,105.0898208618164,0.25234222412109375,0.27928993105888367,0.28333449363708496,0.004044562578201294,0.40747886896133423,0.4128953814506531,0.005416512489318848,0.4010230302810669,0.3945682644844055,-0.006454765796661377,0.58259516954422,0.5826374292373657,-4.225969314575195e-05,0.15786784887313843,0.15786784887313843,116.35188090801239
crack0008_03.png,-1.283921718597412,113.0569839477539,112.95781707763672,0.0991668701171875,105.46549987792969,105.83308410644531,-0.367584228515625,0.27388453483581543,0.25882861018180847,-0.015055924654006958,0.31836438179016113,0.31865519285202026,0.00029081106185913086,0.3577381372451782,0.340082585811615,-0.017655551433563232,0.5906535983085632,0.5917339324951172,-0.001080334186553955,0.2196296751499176,0.2196296751499176,121.14704120159149
crack0008_04.png,0.37152404785156246,124.6352310180664,123.52589416503906,1.1093368530273438,105.58512878417969,104.50159454345703,1.0835342407226562,0.27870917320251465,0.2627514898777008,-0.015957683324813843,0.47332143783569336,0.4740222692489624,0.000700831413269043,0.40386199951171875,0.38728535175323486,-0.016576647758483887,0.582129955291748,0.5801960825920105,0.0019338726997375488,0.20230171084403992,0.20230171084403992,131.6006714105606
crack0008_05.png,0.8088599205017091,119.93882751464844,119.47505187988281,0.463775634765625,105.02792358398438,105.13490295410156,-0.1069793701171875,0.27546483278274536,0.2836644649505615,0.008199632167816162,0.3606081008911133,0.35268694162368774,-0.007921159267425537,0.40386492013931274,0.397186279296875,-0.006678640842437744,0.5895655751228333,0.5883467793464661,0.0012187957763671875,0.13863840699195862,0.13863840699195862,126.76167273521423
crack0008_06.png,-1.27334623336792,120.29667663574219,119.64271545410156,0.653961181640625,102.94136047363281,103.30924224853516,-0.36788177490234375,0.2742515504360199,0.2739394009113312,-0.0003121495246887207,0.2964637875556946,0.25481027364730835,-0.04165351390838623,0.3484789729118347,0.3228192925453186,-0.025659680366516113,0.5926720499992371,0.5948981046676636,-0.0022260546684265137,0.16472041606903076,0.16472041606903076,127.32925617694855
crack0008_07.png,-1.1877313137054444,122.53353881835938,122.5577621459961,-0.02422332763671875,109.80068969726562,111.26861572265625,-1.467926025390625,0.23594407737255096,0.23134014010429382,-0.004603937268257141,0.4248504042625427,0.41868484020233154,-0.006165564060211182,0.4414040446281433,0.4347209334373474,-0.0066831111907958984,0.5926143527030945,0.5916493535041809,0.0009649991989135742,0.2001877725124359,0.2001877725124359,132.36981618404388
crack0008_08.png,1.1419612884521484,122.1744155883789,121.31610107421875,0.8583145141601562,103.20767211914062,102.31590270996094,0.8917694091796875,0.26601919531822205,0.2631027400493622,-0.0029164552688598633,0.5162914991378784,0.5148230791091919,-0.0014684200286865234,0.42425787448883057,0.4291840195655823,0.004926145076751709,0.5854940414428711,0.5800192356109619,0.00547480583190918,0.16731321811676025,0.16731321811676025,129.37885558605194
crack0008_09.png,1.5432318687438964,115.39739227294922,114.71614837646484,0.681243896484375,105.33738708496094,104.82158660888672,0.5158004760742188,0.2778171896934509,0.2842866778373718,0.0064694881439208984,0.4266203045845032,0.4249827265739441,-0.001637578010559082,0.4266146421432495,0.4317476153373718,0.0051329731941223145,0.5795270800590515,0.5744367837905884,0.005090296268463135,0.1539730280637741,0.1539730280637741,121.56882214546204
crack0009_00.png,-0.6103039741516113,106.15599822998047,106.5143814086914,-0.3583831787109375,104.79283142089844,104.37995147705078,0.41287994384765625,0.19456467032432556,0.18940261006355286,-0.005162060260772705,0.47347360849380493,0.4681498408317566,-0.00532376766204834,0.3193371295928955,0.315565288066864,-0.003771841526031494,0.5925720930099487,0.5873510241508484,0.005221068859100342,0.15424567461013794,0.15424567461013794,118.67391693592072
crack0009_01.png,0.022890090942382812,113.24440002441406,113.15968322753906,0.084716796875,104.97055053710938,104.89158630371094,0.0789642333984375,0.2931991517543793,0.29052114486694336,-0.002678006887435913,0.4868844747543335,0.49070483446121216,0.003820359706878662,0.3588997721672058,0.35468804836273193,-0.004211723804473877,0.5862168669700623,0.5870165228843689,-0.0007996559143066406,0.23164796829223633,0.23164796829223633,119.25143384933472
crack0009_02.png,-0.7511414051055908,110.9599609375,111.22046661376953,-0.26050567626953125,105.49687194824219,105.41651916503906,0.080352783203125,0.2236613780260086,0.2192959189414978,-0.004365459084510803,0.41829121112823486,0.40954673290252686,-0.008744478225708008,0.2525143027305603,0.2390514612197876,-0.013462841510772705,0.5954786539077759,0.591072678565979,0.004405975341796875,0.1622130274772644,0.1622130274772644,121.75160479545593
crack0009_03.png,0.6540165901184083,109.13640594482422,109.05892944335938,0.07747650146484375,107.36261749267578,106.91822052001953,0.44439697265625,0.19635652005672455,0.2068754881620407,0.010518968105316162,0.38999879360198975,0.37854593992233276,-0.011452853679656982,0.30108582973480225,0.30215126276016235,0.0010654330253601074,0.5926720499992371,0.5922876000404358,0.00038444995880126953,0.18843068182468414,0.18843068182468414,121.0231584906578
crack0009_04.png,0.827897596359253,107.5519790649414,106.7958755493164,0.756103515625,103.52466583251953,103.30338287353516,0.221282958984375,0.22026264667510986,0.22390155494213104,0.003638908267021179,0.4718589186668396,0.4624830484390259,-0.00937587022781372,0.350233793258667,0.3448764681816101,-0.005357325077056885,0.5846481919288635,0.5829681158065796,0.0016800761222839355,0.18430732190608978,0.18430732190608978,117.34409618377686
crack0009_05.png,-0.37488613128662107,106.87097930908203,107.06808471679688,-0.19710540771484375,108.88928985595703,108.96625518798828,-0.07696533203125,0.2605542540550232,0.25979506969451904,-0.0007591843605041504,0.5270580053329468,0.5236173868179321,-0.0034406185150146484,0.3797711133956909,0.3731411099433899,-0.006630003452301025,0.5896424651145935,0.5883583426475525,0.0012841224670410156,0.21499629318714142,0.21499629318714142,114.96752643585205
crack0009_06.png,-0.7060529708862304,113.76045989990234,113.91361999511719,-0.15316009521484375,112.92965698242188,112.7641830444336,0.16547393798828125,0.20286786556243896,0.18992209434509277,-0.012945771217346191,0.36887598037719727,0.37644922733306885,0.007573246955871582,0.30374014377593994,0.2992516756057739,-0.004488468170166016,0.5942599177360535,0.5914186835289001,0.0028412342071533203,0.1847282499074936,0.1847282499074936,126.21211099624634
crack0009_07.png,0.5846682071685791,109.62190246582031,108.60083770751953,1.0210647583007812,104.85484313964844,104.56390380859375,0.2909393310546875,0.2207891047000885,0.2159016877412796,-0.004887416958808899,0.49606794118881226,0.4864986538887024,-0.009569287300109863,0.3170454502105713,0.30462002754211426,-0.012425422668457031,0.5891695618629456,0.5836447477340698,0.005524814128875732,0.1509304940700531,0.1509304940700531,119.72405129671097
crack0009_08.png,0.6767443180084228,103.08518981933594,102.75968933105469,0.32550048828125,100.32807159423828,100.13273620605469,0.19533538818359375,0.24259446561336517,0.2491721510887146,0.006577685475349426,0.5086380839347839,0.5019183158874512,-0.006719768047332764,0.38220125436782837,0.37297487258911133,-0.009226381778717041,0.5865859389305115,0.5861937999725342,0.0003921389579772949,0.19634543359279633,0.19634543359279633,111.83020919561386
crack0009_09.png,1.711028242111206,112.51592254638672,111.73575592041016,0.7801666259765625,111.64047241210938,110.58935546875,1.051116943359375,0.1946791112422943,0.19422541558742523,-0.0004536956548690796,0.4587596654891968,0.4706934690475464,0.01193380355834961,0.2973420023918152,0.29647302627563477,-0.0008689761161804199,0.5892695188522339,0.587535560131073,0.0017339587211608887,0.1642390787601471,0.1642390787601471,124.04309505224228
crack0010_00.png,5.167045021057129,95.67967224121094,94.70713806152344,0.9725341796875,107.11541748046875,105.83320617675781,1.2822113037109375,0.4050097167491913,0.4144282639026642,0.0094185471534729,0.10057878494262695,0.1686420440673828,0.06806325912475586,0.2364339828491211,0.253304123878479,0.01687014102935791,0.5846405029296875,0.5795001983642578,0.0051403045654296875,0.09764929115772247,0.09764929115772247,94.27844226360321
crack0010_01.png,1.7011693000793457,92.06082153320312,92.12041473388672,-0.05959320068359375,113.54717254638672,113.73795318603516,-0.1907806396484375,0.40369096398353577,0.4003975987434387,-0.003293365240097046,0.18743157386779785,0.2391762137413025,0.05174463987350464,0.2727811336517334,0.29677385091781616,0.023992717266082764,0.5868358612060547,0.5860669016838074,0.0007689595222473145,0.10672260820865631,0.10672260820865631,91.54019665718079
crack0010_02.png,0.7724939346313477,104.09494018554688,105.00634765625,-0.911407470703125,111.25074768066406,112.93190002441406,-1.68115234375,0.429830402135849,0.43590307235717773,0.006072670221328735,0.03194302320480347,0.07386249303817749,0.04191946983337402,0.12110549211502075,0.15432530641555786,0.03321981430053711,0.5887004733085632,0.5838562250137329,0.004844248294830322,0.09935634583234787,0.09935634583234787,102.30883872509003
crack0010_03.png,1.1353583335876465,97.1561050415039,98.34785461425781,-1.1917495727539062,112.47928619384766,111.30695343017578,1.172332763671875,0.382315069437027,0.3788023591041565,-0.0035127103328704834,0.0,0.046497881412506104,0.046497881412506104,0.1562177538871765,0.21201962232589722,0.0558018684387207,0.5892733335494995,0.5822914242744446,0.006981909275054932,0.10766187310218811,0.10766187310218811,98.59477162361145
crack0010_04.png,1.6430773735046387,89.46452331542969,89.04277801513672,0.42174530029296875,108.34371185302734,107.48284912109375,0.8608627319335938,0.44279706478118896,0.43420395255088806,-0.008593112230300903,0.2616695165634155,0.30321794748306274,0.04154843091964722,0.2960817813873291,0.3130788803100586,0.016997098922729492,0.5818569660186768,0.5842944979667664,-0.0024375319480895996,0.11525531858205795,0.11525531858205795,86.57319343090057
crack0010_05.png,3.1547584533691406,87.76524353027344,86.45748138427734,1.3077621459960938,111.76589965820312,112.01286315917969,-0.2469635009765625,0.4081706404685974,0.4074303209781647,-0.0007403194904327393,0.2180640697479248,0.2622453570365906,0.04418128728866577,0.24657213687896729,0.27401453256607056,0.02744239568710327,0.5917993187904358,0.5858554244041443,0.005943894386291504,0.1024579256772995,0.1024579256772995,86.33751595020294
crack0010_06.png,4.921359252929688,89.7574691772461,88.11229705810547,1.645172119140625,108.521240234375,107.76924133300781,0.7519989013671875,0.3742839992046356,0.37531909346580505,0.0010350942611694336,0.05463939905166626,0.12739604711532593,0.07275664806365967,0.19365113973617554,0.21468520164489746,0.021034061908721924,0.5866358876228333,0.5870780348777771,-0.00044214725494384766,0.1039733812212944,0.1039733812212944,89.96096456050873
crack0010_07.png,5.779470539093017,69.00249481201172,65.74047088623047,3.26202392578125,108.15840148925781,106.35204315185547,1.8063583374023438,0.39013877511024475,0.3949987590312958,0.004859983921051025,0.0,0.0326228141784668,0.0326228141784668,0.1661776900291443,0.2013489007949829,0.03517121076583862,0.5812572240829468,0.5787274241447449,0.0025297999382019043,0.09766608476638794,0.09766608476638794,67.21344530582428
crack0010_08.png,1.2737051010131837,81.78716278076172,81.07118225097656,0.7159805297851562,109.41815185546875,110.19930267333984,-0.7811508178710938,0.4595434069633484,0.4565085470676422,-0.0030348598957061768,0.18569260835647583,0.20819973945617676,0.022507131099700928,0.30576109886169434,0.3240189552307129,0.018257856369018555,0.58882737159729,0.583510160446167,0.005317211151123047,0.10851509869098663,0.10851509869098663,77.59175455570221
crack0010_09.png,0.9115551948547362,95.78550720214844,95.02357482910156,0.761932373046875,108.05486297607422,106.79191589355469,1.2629470825195312,0.383163183927536,0.36598148941993713,-0.017181694507598877,0.0,0.024440288543701172,0.024440288543701172,0.09076875448226929,0.1263243556022644,0.03555560111999512,0.5808727145195007,0.5798385143280029,0.0010342001914978027,0.10994493961334229,0.10994493961334229,96.6805602312088
crack0011_00.png,0.2122992515563965,112.25569915771484,111.60472869873047,0.650970458984375,106.46595001220703,105.96922302246094,0.49672698974609375,0.31551694869995117,0.30411189794540405,-0.01140505075454712,0.4027377963066101,0.40548086166381836,0.002743065357208252,0.38423585891723633,0.3904327154159546,0.006196856498718262,0.5854824781417847,0.5813494920730591,0.004132986068725586,0.23416699469089508,0.23416699469089508,117.1027991771698
crack0011_01.png,-0.013882446289062489,106.80462646484375,106.13710021972656,0.6675262451171875,104.57099914550781,105.26210021972656,-0.69110107421875,0.3650102913379669,0.3587069809436798,-0.006303310394287109,0.49068599939346313,0.49135369062423706,0.0006676912307739258,0.4163627624511719,0.40880995988845825,-0.007552802562713623,0.591057300567627,0.5892425775527954,0.001814723014831543,0.19024324417114258,0.19024324417114258,108.59073650836945
crack0011_02.png,0.7242793083190918,123.57008361816406,123.56027221679688,0.0098114013671875,105.84032440185547,105.09396362304688,0.7463607788085938,0.29689788818359375,0.3038599491119385,0.0069620609283447266,0.4106360673904419,0.4068716764450073,-0.0037643909454345703,0.3261014223098755,0.32379013299942017,-0.0023112893104553223,0.5769972801208496,0.5767589211463928,0.0002383589744567871,0.21566715836524963,0.21566715836524963,128.83119583129883
crack0011_03.png,0.8543914794921874,119.24687957763672,117.434814453125,1.8120651245117188,106.2645034790039,105.05885314941406,1.2056503295898438,0.2628633379936218,0.2643240988254547,0.0014607608318328857,0.2765164375305176,0.2355281114578247,-0.04098832607269287,0.176733136177063,0.15524333715438843,-0.02148979902267456,0.59235680103302,0.5902883410453796,0.002068459987640381,0.19331002235412598,0.19331002235412598,126.26331877708435
crack0011_04.png,2.080617618560791,134.261962890625,133.0327606201172,1.2292022705078125,107.47219848632812,107.16289520263672,0.30930328369140625,0.2796882688999176,0.2853793501853943,0.005691081285476685,0.4401417374610901,0.44520264863967896,0.005060911178588867,0.3572049140930176,0.37204134464263916,0.014836430549621582,0.591964602470398,0.5902153253555298,0.001749277114868164,0.19496068358421326,0.19496068358421326,140.54464972019196
crack0011_05.png,-0.9528019905090332,106.57756042480469,107.2730484008789,-0.6954879760742188,101.57450103759766,100.85538482666016,0.7191162109375,0.3193165063858032,0.3208784759044647,0.001561969518661499,0.41145235300064087,0.39012157917022705,-0.02133077383041382,0.3024072051048279,0.2803613543510437,-0.02204585075378418,0.5789619088172913,0.5743790864944458,0.004582822322845459,0.16335754096508026,0.16335754096508026,110.92479038238525
crack0011_06.png,1.1337400436401368,122.7156753540039,121.74079132080078,0.974884033203125,107.28821563720703,106.75344848632812,0.5347671508789062,0.2536007761955261,0.2505478262901306,-0.003052949905395508,0.5477162599563599,0.5512194633483887,0.0035032033920288086,0.49467331171035767,0.497142493724823,0.002469182014465332,0.5802652835845947,0.5790388584136963,0.0012264251708984375,0.17245766520500183,0.17245766520500183,130.4059751033783
crack0011_07.png,2.8868027687072755,109.92436218261719,109.61512756347656,0.309234619140625,101.0851058959961,100.402099609375,0.6830062866210938,0.2768176794052124,0.29923099279403687,0.022413313388824463,0.5391035676002502,0.5482913255691528,0.009187757968902588,0.40499264001846313,0.41797584295272827,0.012983202934265137,0.5846789479255676,0.5810841917991638,0.0035947561264038086,0.19714726507663727,0.19714726507663727,116.54784202575684
crack0011_08.png,-0.22414665222167973,116.38945007324219,116.09467315673828,0.29477691650390625,104.6197509765625,104.05284118652344,0.5669097900390625,0.31836995482444763,0.3129619061946869,-0.005408048629760742,0.441386342048645,0.42732417583465576,-0.014062166213989258,0.4038242697715759,0.38580960035324097,-0.01801466941833496,0.5902729630470276,0.5840368866920471,0.006236076354980469,0.20495091378688812,0.20495091378688812,121.07526576519012
crack0011_09.png,2.0960692405700683,111.1100845336914,110.33055877685547,0.7795257568359375,106.81794738769531,105.56053161621094,1.257415771484375,0.32402554154396057,0.3415282666683197,0.01750272512435913,0.37035298347473145,0.3577169179916382,-0.012636065483093262,0.33685022592544556,0.33199912309646606,-0.004851102828979492,0.5837178230285645,0.5857477784156799,-0.0020299553871154785,0.2164498269557953,0.2164498269557953,114.708700299263
crack0012_00.png,1.1072427749633789,114.24615478515625,113.66463470458984,0.5815200805664062,103.78485107421875,103.60147094726562,0.183380126953125,0.3306596875190735,0.33437275886535645,0.003713071346282959,0.4916905164718628,0.48981815576553345,-0.0018723607063293457,0.42687153816223145,0.4266645908355713,-0.00020694732666015625,0.5956055521965027,0.5898500680923462,0.005755484104156494,0.25187522172927856,0.25187522172927856,117.94003558158875
crack0012_01.png,0.22003812789916988,101.95365905761719,101.44721984863281,0.506439208984375,105.50338745117188,105.23211669921875,0.271270751953125,0.3299858868122101,0.3263912796974182,-0.00359460711479187,0.5376508235931396,0.5371049642562866,-0.0005458593368530273,0.4756808280944824,0.4753909111022949,-0.0002899169921875,0.586063027381897,0.5882006883621216,-0.0021376609802246094,0.26358863711357117,0.26358863711357117,105.64499020576477
crack0012_02.png,0.6481610298156738,110.53931427001953,110.52971649169922,0.0095977783203125,104.251708984375,104.33541870117188,-0.083709716796875,0.18124333024024963,0.19101637601852417,0.009773045778274536,0.36949020624160767,0.3691636323928833,-0.00032657384872436523,0.298491895198822,0.2928134799003601,-0.005678415298461914,0.5847327709197998,0.5871511101722717,-0.002418339252471924,0.1418209969997406,0.1418209969997406,123.14595997333527
crack0012_03.png,-0.7959733963012695,96.87720489501953,96.49510192871094,0.38210296630859375,102.48884582519531,102.44110870361328,0.04773712158203125,0.22391118109226227,0.20777703821659088,-0.016134142875671387,0.4738699793815613,0.47444045543670654,0.0005704760551452637,0.43022000789642334,0.42596906423568726,-0.004250943660736084,0.5818185210227966,0.580049991607666,0.0017685294151306152,0.2448882907629013,0.2448882907629013,107.49227195978165
crack0012_04.png,0.5612798213958741,112.27359771728516,111.65435028076172,0.6192474365234375,101.80770874023438,101.8814926147461,-0.07378387451171875,0.21045264601707458,0.2097504585981369,-0.0007021874189376831,0.4766417145729065,0.4795646667480469,0.002922952175140381,0.42483025789260864,0.4187461733818054,-0.006084084510803223,0.5904421210289001,0.5926720499992371,-0.002229928970336914,0.192421555519104,0.192421555519104,123.0858284831047
crack0012_05.png,-4.2313676357269285,112.52465057373047,113.36911010742188,-0.8444595336914062,108.39230346679688,108.93226623535156,-0.5399627685546875,0.22148674726486206,0.20014499127864838,-0.021341755986213684,0.4445202350616455,0.4091609716415405,-0.03535926342010498,0.370699942111969,0.3540971875190735,-0.016602754592895508,0.599338710308075,0.6005690097808838,-0.0012302994728088379,0.16087327897548676,0.16087327897548676,124.96094125509262
crack0012_06.png,0.9155534744262696,109.02404022216797,108.80709838867188,0.21694183349609375,106.13414001464844,106.62408447265625,-0.4899444580078125,0.2176169604063034,0.22292546927928925,0.00530850887298584,0.44476908445358276,0.4558209180831909,0.011051833629608154,0.38806575536727905,0.3997306823730469,0.011664927005767822,0.5960822701454163,0.5953863859176636,0.0006958842277526855,0.15036845207214355,0.15036845207214355,119.70184248685837
crack0012_07.png,-0.6348088264465332,117.87351989746094,116.99009704589844,0.8834228515625,110.96084594726562,110.8064193725586,0.15442657470703125,0.2043631374835968,0.19083932042121887,-0.01352381706237793,0.4481733441352844,0.43975013494491577,-0.008423209190368652,0.3760039806365967,0.36090797185897827,-0.015096008777618408,0.5807112455368042,0.5847404599189758,-0.004029214382171631,0.17274045944213867,0.17274045944213867,129.3710676431656
crack0012_08.png,1.6001564979553224,120.91615295410156,119.65155792236328,1.2645950317382812,122.70671844482422,121.03278350830078,1.6739349365234375,0.29674071073532104,0.29499077796936035,-0.0017499327659606934,0.44495803117752075,0.4359015226364136,-0.009056508541107178,0.4301331639289856,0.4240081310272217,-0.006125032901763916,0.6036062836647034,0.5994002223014832,0.004206061363220215,0.27050256729125977,0.27050256729125977,126.72866010665894
crack0012_09.png,-0.46573696136474607,111.77032470703125,111.78744506835938,-0.017120361328125,105.40805053710938,105.43988800048828,-0.03183746337890625,0.23945152759552002,0.23166921734809875,-0.007782310247421265,0.47225356101989746,0.4715770483016968,-0.0006765127182006836,0.4234687089920044,0.41796696186065674,-0.005501747131347656,0.5854517221450806,0.5801076292991638,0.005344092845916748,0.25514987111091614,0.25514987111091614,121.29680073261261
crack0013_00.png,-1.1508946418762207,80.39825439453125,82.81132507324219,-2.4130706787109375,107.44125366210938,106.26155853271484,1.1796951293945312,0.37282198667526245,0.3752683401107788,0.0024463534355163574,0.18550574779510498,0.19512253999710083,0.00961679220199585,0.4224698543548584,0.4323546886444092,0.009884834289550781,0.5895386338233948,0.5842906832695007,0.005247950553894043,0.10094471275806427,0.10094471275806427,82.81701588630676
crack0013_01.png,1.225191307067871,79.67011260986328,79.799072265625,-0.12895965576171875,110.02249145507812,109.2155990600586,0.8068923950195312,0.3439328372478485,0.35445642471313477,0.010523587465286255,0.22182315587997437,0.2279948592185974,0.006171703338623047,0.3598405718803406,0.36696821451187134,0.007127642631530762,0.5722914338111877,0.5737254619598389,-0.001434028148651123,0.09691870957612991,0.09691870957612991,82.04764068126678
crack0013_02.png,-1.071143627166748,71.95220947265625,72.16397857666016,-0.21176910400390625,103.69898986816406,102.94261169433594,0.756378173828125,0.39534494280815125,0.3771789073944092,-0.018166035413742065,0.22807663679122925,0.23191189765930176,0.0038352608680725098,0.3921815752983093,0.4008517861366272,0.008670210838317871,0.5847366452217102,0.5812879800796509,0.003448665142059326,0.10789728909730911,0.10789728909730911,72.81682538986206
crack0013_03.png,-1.9149840354919432,108.015380859375,111.39916229248047,-3.3837814331054688,110.83991241455078,110.64154052734375,0.19837188720703125,0.4007829427719116,0.38186115026474,-0.01892179250717163,0.15683192014694214,0.22597074508666992,0.06913882493972778,0.3014395236968994,0.3313918709754944,0.02995234727859497,0.587354838848114,0.5839138627052307,0.0034409761428833008,0.1255423128604889,0.1255423128604889,110.2897961139679
crack0013_04.png,0.7521132469177245,75.02360534667969,76.70413208007812,-1.6805267333984375,105.55792999267578,105.36893463134766,0.188995361328125,0.3641381561756134,0.3776877820491791,0.013549625873565674,0.060902297496795654,0.08987253904342651,0.02897024154663086,0.35852617025375366,0.387026846408844,0.028500676155090332,0.5821491479873657,0.5792925953865051,0.0028565526008605957,0.09438194334506989,0.09438194334506989,77.30154526233673
crack0013_05.png,-1.6077159881591796,100.36750793457031,102.3233642578125,-1.9558563232421875,110.09001159667969,109.80133056640625,0.2886810302734375,0.4461759030818939,0.4462648928165436,8.89897346496582e-05,0.23919236660003662,0.242232084274292,0.003039717674255371,0.39019501209259033,0.3920673131942749,0.0018723011016845703,0.5859208106994629,0.5833218097686768,0.002599000930786133,0.10202902555465698,0.10202902555465698,98.01171433925629
crack0013_06.png,1.6337586402893067,80.97073364257812,81.18526458740234,-0.21453094482421875,110.06388854980469,109.67495727539062,0.3889312744140625,0.37024953961372375,0.3820594549179077,0.01180991530418396,0.14921587705612183,0.1700439453125,0.020828068256378174,0.3494289517402649,0.3551826477050781,0.005753695964813232,0.5908535122871399,0.5929834842681885,-0.002129971981048584,0.1129446029663086,0.1129446029663086,82.58236610889435
crack0013_07.png,0.6212458610534668,87.99016571044922,86.85851287841797,1.13165283203125,108.16278839111328,108.23118591308594,-0.06839752197265625,0.4145033657550812,0.4055434763431549,-0.00895988941192627,0.12333619594573975,0.12701135873794556,0.0036751627922058105,0.3939489722251892,0.39505112171173096,0.001102149486541748,0.5916839838027954,0.5895155668258667,0.002168416976928711,0.1018623486161232,0.1018623486161232,86.75909006595612
crack0013_08.png,2.085441493988037,90.85394287109375,92.11129760742188,-1.257354736328125,111.60433197021484,111.41598510742188,0.18834686279296875,0.40050220489501953,0.4227304458618164,0.022228240966796875,0.2436327338218689,0.28062427043914795,0.03699153661727905,0.380587637424469,0.40839505195617676,0.027807414531707764,0.5934563875198364,0.5932179689407349,0.0002384185791015625,0.09609287977218628,0.09609287977218628,91.1907434463501
crack0013_09.png,0.5380169868469239,76.66038513183594,76.95294952392578,-0.29256439208984375,107.54783630371094,106.27993774414062,1.2678985595703125,0.4407367408275604,0.43787142634391785,-0.002865314483642578,0.1950310468673706,0.2086857557296753,0.013654708862304688,0.38640928268432617,0.3908308148384094,0.004421532154083252,0.5846136212348938,0.5844521522521973,0.0001614689826965332,0.10504218190908432,0.10504218190908432,73.91892659664154
crack0014_00.png,0.47875142097473145,116.5562973022461,116.91889953613281,-0.36260223388671875,108.2156982421875,108.09393310546875,0.12176513671875,0.20137126743793488,0.2033153474330902,0.0019440799951553345,0.3687847852706909,0.38508957624435425,0.01630479097366333,0.28569698333740234,0.3014839291572571,0.015786945819854736,0.5986236333847046,0.5990003943443298,-0.00037676095962524414,0.1702074408531189,0.1702074408531189,128.61533814668655
crack0014_01.png,-3.366683006286621,110.838623046875,111.12567901611328,-0.28705596923828125,103.70291900634766,103.6006088256836,0.1023101806640625,0.30696937441825867,0.2727500796318054,-0.03421929478645325,0.430966317653656,0.4164007306098938,-0.014565587043762207,0.4117366671562195,0.41515105962753296,0.0034143924713134766,0.5878584980964661,0.5828680992126465,0.00499039888381958,0.19547829031944275,0.19547829031944275,118.13148617744446
crack0014_02.png,1.0390878677368165,114.86790466308594,114.71472930908203,0.15317535400390625,102.97691345214844,102.29302978515625,0.6838836669921875,0.22640353441238403,0.23397508263587952,0.007571548223495483,0.40307188034057617,0.40377986431121826,0.0007079839706420898,0.33097463846206665,0.33101892471313477,4.4286251068115234e-05,0.5825605392456055,0.5831026434898376,-0.0005421042442321777,0.1943245232105255,0.1943245232105255,124.53121066093445
crack0014_03.png,3.13967604637146,114.30167388916016,114.59465026855469,-0.29297637939453125,104.46966552734375,104.38630676269531,0.0833587646484375,0.20403070747852325,0.23292288184165955,0.02889217436313629,0.39941221475601196,0.42540717124938965,0.025994956493377686,0.32755428552627563,0.34895384311676025,0.02139955759048462,0.5904767513275146,0.5892733335494995,0.0012034177780151367,0.20897427201271057,0.20897427201271057,125.82538968324661
crack0014_04.png,1.642741870880127,114.58656311035156,114.67620086669922,-0.08963775634765625,107.93633270263672,107.69309997558594,0.24323272705078125,0.2789495885372162,0.2735705077648163,-0.005379080772399902,0.13839972019195557,0.18829339742660522,0.04989367723464966,0.07630950212478638,0.11126887798309326,0.034959375858306885,0.5906382203102112,0.5888965725898743,0.001741647720336914,0.1538362205028534,0.1538362205028534,121.84268033504486
crack0014_05.png,1.4839928150177002,111.38378143310547,111.91349029541016,-0.5297088623046875,104.30842590332031,104.31155395507812,-0.0031280517578125,0.20739269256591797,0.22600461542606354,0.01861192286014557,0.4024971127510071,0.4141284227371216,0.011631309986114502,0.35709160566329956,0.35642462968826294,-0.0006669759750366211,0.5837947130203247,0.5822760462760925,0.0015186667442321777,0.19275358319282532,0.19275358319282532,122.55686283111572
crack0014_06.png,-3.4053298950195314,112.0650405883789,112.7385482788086,-0.6735076904296875,104.27513122558594,104.57001495361328,-0.29488372802734375,0.2738960087299347,0.23526543378829956,-0.03863057494163513,0.22694116830825806,0.2388133406639099,0.011872172355651855,0.2072690725326538,0.22346335649490356,0.016194283962249756,0.5866051316261292,0.5865628719329834,4.225969314575195e-05,0.1463649570941925,0.1463649570941925,121.75007367134094
crack0014_07.png,2.1320345878601072,118.10502624511719,117.49068450927734,0.6143417358398438,104.07202911376953,103.60904693603516,0.462982177734375,0.2541258931159973,0.26168689131736755,0.007560998201370239,0.30461788177490234,0.3252151608467102,0.02059727907180786,0.27150803804397583,0.284584105014801,0.013076066970825195,0.5864821076393127,0.5888888835906982,-0.002406775951385498,0.17890013754367828,0.17890013754367828,126.10585713386536
crack0014_08.png,-1.6095019340515138,108.65265655517578,109.7436752319336,-1.0910186767578125,100.78712463378906,101.02945709228516,-0.24233245849609375,0.25569412112236023,0.25140175223350525,-0.0042923688888549805,0.40553808212280273,0.4008619785308838,-0.004676103591918945,0.3520188331604004,0.34470027685165405,-0.007318556308746338,0.5830065608024597,0.5802844762802124,0.0027220845222473145,0.20440971851348877,0.20440971851348877,117.43432319164276
crack0014_09.png,-2.060849189758301,124.15319061279297,125.13367462158203,-0.9804840087890625,109.66752624511719,109.84605407714844,-0.17852783203125,0.3085007071495056,0.29312849044799805,-0.015372216701507568,0.3322058916091919,0.33132505416870117,-0.0008808374404907227,0.24063986539840698,0.24424761533737183,0.0036077499389648438,0.5899115800857544,0.583510160446167,0.006401419639587402,0.16389895975589752,0.16389895975589752,130.6521863937378
crack0015_00.png,1.1707736015319825,125.98690795898438,125.80831909179688,0.1785888671875,111.68629455566406,111.72178649902344,-0.035491943359375,0.2544710636138916,0.25845444202423096,0.0039833784103393555,0.21199119091033936,0.2243550419807434,0.012363851070404053,0.11876755952835083,0.1512412428855896,0.03247368335723877,0.5905613303184509,0.5857324004173279,0.004828929901123047,0.1625521183013916,0.1625521183013916,134.25180292129517
crack0015_01.png,0.20329351425170894,119.33332824707031,118.92949676513672,0.40383148193359375,110.35063171386719,109.79386901855469,0.5567626953125,0.2919563353061676,0.28579577803611755,-0.006160557270050049,0.3067074418067932,0.30775928497314453,0.0010518431663513184,0.3417549133300781,0.34995442628860474,0.008199512958526611,0.5868550539016724,0.5861668586730957,0.0006881952285766602,0.1878308653831482,0.1878308653831482,125.45786798000336
crack0015_02.png,0.6269058227539063,121.38629913330078,121.24512481689453,0.14117431640625,108.96167755126953,108.75700378417969,0.20467376708984375,0.2779838442802429,0.27665087580680847,-0.0013329684734344482,0.2654714584350586,0.2740086317062378,0.0085371732711792,0.27327656745910645,0.29062098264694214,0.017344415187835693,0.5941022634506226,0.5898769497871399,0.004225313663482666,0.19222614169120789,0.19222614169120789,128.48074996471405
crack0015_03.png,0.12121601104736324,116.68128967285156,117.58399200439453,-0.9027023315429688,108.96552276611328,109.33332824707031,-0.36780548095703125,0.24164333939552307,0.24200591444969177,0.00036257505416870117,0.34779369831085205,0.37414538860321045,0.0263516902923584,0.31186383962631226,0.351413369178772,0.03954952955245972,0.5986620783805847,0.5964629054069519,0.0021991729736328125,0.17165735363960266,0.17165735363960266,126.58052361011505
crack0015_04.png,5.551042938232422,119.65815734863281,119.03412628173828,0.6240310668945312,107.08108520507812,106.02916717529297,1.0519180297851562,0.25633785128593445,0.29940366744995117,0.043065816164016724,0.18149322271347046,0.20906347036361694,0.027570247650146484,0.1633981466293335,0.22553801536560059,0.06213986873626709,0.5815724730491638,0.582618236541748,-0.0010457634925842285,0.155663400888443,0.155663400888443,127.2706001996994
crack0015_05.png,-0.36586980819702153,134.72808837890625,135.55374145507812,-0.825653076171875,118.68418884277344,119.44151306152344,-0.75732421875,0.2554472088813782,0.2573675513267517,0.0019203424453735352,0.25589269399642944,0.26839399337768555,0.012501299381256104,0.2551472783088684,0.279934287071228,0.02478700876235962,0.5931180119514465,0.5903921723365784,0.002725839614868164,0.18564508855342865,0.18564508855342865,143.53880286216736
crack0015_06.png,-2.0012613773345946,116.3860855102539,115.98210144042969,0.40398406982421875,114.71284484863281,114.50972747802734,0.20311737060546875,0.25708580017089844,0.22386519610881805,-0.03322060406208038,0.3395882844924927,0.3444746732711792,0.0048863887786865234,0.25584161281585693,0.24908244609832764,-0.006759166717529297,0.5876355171203613,0.5882430076599121,-0.0006074905395507812,0.2047463357448578,0.2047463357448578,126.2819020152092
crack0015_07.png,1.5698392868041993,114.9947738647461,114.18363952636719,0.8111343383789062,109.18144226074219,108.63774108886719,0.543701171875,0.3145870268344879,0.32146772742271423,0.006880700588226318,0.3442729711532593,0.3456569314002991,0.001383960247039795,0.3550645709037781,0.3705148696899414,0.01545029878616333,0.5904921293258667,0.5921068787574768,-0.0016147494316101074,0.2306896448135376,0.2306896448135376,119.39826023578644
crack0015_08.png,-0.9406079292297362,119.82392883300781,120.61795043945312,-0.7940216064453125,107.48432159423828,107.95709228515625,-0.47277069091796875,0.2678925096988678,0.27134498953819275,0.003452479839324951,0.3059871792793274,0.29324406385421753,-0.012743115425109863,0.32045990228652954,0.33526748418807983,0.014807581901550293,0.5966781973838806,0.5897769927978516,0.006901204586029053,0.1560850590467453,0.1560850590467453,128.01451694965363
crack0015_09.png,-0.7137507438659668,127.04304504394531,127.68169403076172,-0.6386489868164062,109.49500274658203,109.37413024902344,0.12087249755859375,0.29969701170921326,0.2977340817451477,-0.0019629299640655518,0.31208157539367676,0.3107219934463501,-0.0013595819473266602,0.35010820627212524,0.3623849153518677,0.012276709079742432,0.5908573865890503,0.5886582136154175,0.0021991729736328125,0.21089133620262146,0.21089133620262146,133.13262009620667
crack0016_00.png,1.8748891830444336,107.81925201416016,107.90473175048828,-0.085479736328125,101.09005737304688,101.11222839355469,-0.0221710205078125,0.32190024852752686,0.3389751613140106,0.017074912786483765,0.532223641872406,0.5445865392684937,0.012362897396087646,0.48512333631515503,0.49305397272109985,0.007930636405944824,0.585959255695343,0.5832410454750061,0.002718210220336914,0.15900637209415436,0.15900637209415436,111.98634719848633
crack0016_01.png,-0.20732126235961912,104.64305114746094,104.7656021118164,-0.12255096435546875,104.02403259277344,103.52436828613281,0.499664306640625,0.30441704392433167,0.30639395117759705,0.001976907253265381,0.48161619901657104,0.46761685609817505,-0.013999342918395996,0.4252815246582031,0.42051345109939575,-0.004768073558807373,0.5784775018692017,0.5755478739738464,0.0029296278953552246,0.14610785245895386,0.14610785245895386,109.57840406894684
crack0016_02.png,0.5373160362243652,108.34869384765625,107.68804168701172,0.6606521606445312,102.2886734008789,102.04368591308594,0.24498748779296875,0.361928254365921,0.3536424934864044,-0.008285760879516602,0.47154372930526733,0.48006755113601685,0.008523821830749512,0.4534490704536438,0.4625905752182007,0.009141504764556885,0.5931757092475891,0.5906612873077393,0.0025144219398498535,0.21572068333625793,0.21572068333625793,110.52684652805328
crack0016_03.png,0.8553875923156737,107.45988464355469,106.47987365722656,0.980010986328125,107.45479583740234,107.3270263671875,0.12776947021484375,0.2963256537914276,0.2977067232131958,0.0013810694217681885,0.43179595470428467,0.42341411113739014,-0.008381843566894531,0.39775651693344116,0.39589762687683105,-0.0018588900566101074,0.5946828126907349,0.5934563875198364,0.0012264251708984375,0.16205313801765442,0.16205313801765442,112.97765243053436
crack0016_04.png,1.0838014602661132,110.23837280273438,109.89078521728516,0.34758758544921875,102.42296600341797,102.59049987792969,-0.16753387451171875,0.34293919801712036,0.356130987405777,0.013191789388656616,0.4258805513381958,0.4186933636665344,-0.007187187671661377,0.3985852003097534,0.39370930194854736,-0.004875898361206055,0.5857055187225342,0.5848212242126465,0.0008842945098876953,0.14767709374427795,0.14767709374427795,112.91644787788391
crack0016_05.png,0.1560800552368164,114.67544555664062,114.3001937866211,0.37525177001953125,102.5828628540039,102.99180603027344,-0.40894317626953125,0.30758437514305115,0.30719834566116333,-0.0003860294818878174,0.49005717039108276,0.48639434576034546,-0.0036628246307373047,0.4473607540130615,0.4421727657318115,-0.00518798828125,0.591576337814331,0.5885313153266907,0.003045022487640381,0.13956837356090546,0.13956837356090546,119.7189724445343
crack0016_06.png,2.6587199211120605,172.9086456298828,171.81307983398438,1.0955657958984375,179.03575134277344,176.71517944335938,2.3205718994140625,0.2863377630710602,0.2892603278160095,0.002922564744949341,0.4206923842430115,0.42761391401290894,0.006921529769897461,0.43607205152511597,0.43897926807403564,0.0029072165489196777,0.5992233753204346,0.5961169004440308,0.0031064748764038086,0.17489761114120483,0.17489761114120483,179.14953196048737
crack0016_07.png,1.028154182434082,104.89610290527344,105.11932373046875,-0.2232208251953125,103.90460968017578,103.65322875976562,0.25138092041015625,0.32175618410110474,0.3347492218017578,0.012993037700653076,0.5187193155288696,0.5168325304985046,-0.0018867850303649902,0.4620640277862549,0.4678407311439514,0.005776703357696533,0.5944828987121582,0.5898116230964661,0.004671275615692139,0.15230026841163635,0.15230026841163635,109.48165822029114
crack0016_08.png,2.6989208221435548,110.62007904052734,109.58311462402344,1.0369644165039062,108.46676635742188,107.75003814697266,0.7167282104492188,0.33057573437690735,0.3468029499053955,0.01622721552848816,0.44705021381378174,0.4473549723625183,0.00030475854873657227,0.4333997964859009,0.4352284073829651,0.001828610897064209,0.5900346040725708,0.5884121656417847,0.0016224384307861328,0.16214808821678162,0.16214808821678162,113.86843693256378
crack0016_09.png,1.9594103813171388,103.07469940185547,102.71315002441406,0.36154937744140625,102.84965515136719,102.29220581054688,0.5574493408203125,0.3006708323955536,0.319380521774292,0.018709689378738403,0.5583493709564209,0.5507268905639648,-0.007622480392456055,0.4886888861656189,0.49225330352783203,0.0035644173622131348,0.5847635269165039,0.5801883935928345,0.004575133323669434,0.15242375433444977,0.15242375433444977,108.2442158460617
crack0017_00.png,0.5965677738189696,102.99138641357422,101.74059295654297,1.25079345703125,101.10848999023438,101.26747131347656,-0.1589813232421875,0.22409291565418243,0.2243064045906067,0.00021348893642425537,0.429639995098114,0.421036958694458,-0.008603036403656006,0.40690523386001587,0.4082762598991394,0.0013710260391235352,0.5868012309074402,0.5933910012245178,-0.006589770317077637,0.1544521152973175,0.1544521152973175,112.65605479478836
crack0017_01.png,0.2629793167114258,108.70579528808594,108.0566177368164,0.6491775512695312,101.55361938476562,101.43670654296875,0.116912841796875,0.2714982330799103,0.25804853439331055,-0.013449698686599731,0.3998050093650818,0.4137195944786072,0.01391458511352539,0.37851792573928833,0.37547922134399414,-0.0030387043952941895,0.5888350605964661,0.5866743326187134,0.0021607279777526855,0.12672239542007446,0.12672239542007446,116.45169687271118
crack0017_02.png,0.9746960639953614,104.78288269042969,104.15035247802734,0.6325302124023438,99.86166381835938,99.7837142944336,0.07794952392578125,0.2923220992088318,0.2940114438533783,0.0016893446445465088,0.39995336532592773,0.4048645496368408,0.004911184310913086,0.4404910206794739,0.44347620010375977,0.0029851794242858887,0.5860092043876648,0.5865244269371033,-0.0005152225494384766,0.22253568470478058,0.22253568470478058,110.38826870918274
crack0017_03.png,1.7724449157714843,101.43814849853516,100.91232299804688,0.5258255004882812,103.42733764648438,102.42208099365234,1.0052566528320312,0.28841280937194824,0.2939179539680481,0.0055051445960998535,0.4005400538444519,0.40918171405792236,0.008641660213470459,0.36874377727508545,0.38186538219451904,0.013121604919433594,0.5788120031356812,0.5773510336875916,0.0014609694480895996,0.14131730794906616,0.14131730794906616,107.02294731140137
crack0017_04.png,2.4567747116088867,114.33023834228516,112.8846206665039,1.44561767578125,102.41938781738281,101.51530456542969,0.904083251953125,0.33847638964653015,0.34385913610458374,0.005382746458053589,0.47851788997650146,0.4825141429901123,0.00399625301361084,0.48999255895614624,0.4918138384819031,0.001821279525756836,0.5852979421615601,0.5838215947151184,0.0014763474464416504,0.21408280730247498,0.21408280730247498,116.71076381206512
crack0017_05.png,1.0733904361724853,110.84691619873047,110.10315704345703,0.7437591552734375,102.91136169433594,102.81182861328125,0.0995330810546875,0.21666327118873596,0.22288154065608978,0.006218269467353821,0.4057105779647827,0.40144604444503784,-0.004264533519744873,0.38088351488113403,0.37634843587875366,-0.004535079002380371,0.5857900977134705,0.5867166519165039,-0.0009265542030334473,0.18766558170318604,0.18766558170318604,120.94390642642975
crack0017_06.png,1.5765548706054688,110.13813781738281,108.77507019042969,1.363067626953125,106.9142837524414,106.74916076660156,0.16512298583984375,0.26228901743888855,0.25710123777389526,-0.005187779664993286,0.3794681429862976,0.3952597379684448,0.015791594982147217,0.3994932770729065,0.4050050973892212,0.005511820316314697,0.5905613303184509,0.5922914147377014,-0.0017300844192504883,0.1863136887550354,0.1863136887550354,117.72218632698059
crack0017_07.png,1.0364300727844238,100.85047912597656,100.90399169921875,-0.0535125732421875,105.04327392578125,104.4959716796875,0.54730224609375,0.35276392102241516,0.3613973557949066,0.008633434772491455,0.4108114242553711,0.411302387714386,0.0004909634590148926,0.39358609914779663,0.39378994703292847,0.00020384788513183594,0.5831680297851562,0.5791503190994263,0.0040177106857299805,0.23061805963516235,0.23061805963516235,103.038121342659
crack0017_08.png,1.95623836517334,111.32506561279297,110.19139862060547,1.1336669921875,102.18388366699219,101.71125793457031,0.472625732421875,0.2776546776294708,0.2826694846153259,0.0050148069858551025,0.43079161643981934,0.4346046447753906,0.003813028335571289,0.4368544816970825,0.4432023763656616,0.0063478946685791016,0.5883967876434326,0.5864014029502869,0.001995384693145752,0.2113173007965088,0.2113173007965088,117.63482296466827
crack0017_09.png,6.021674966812133,135.33396911621094,131.44696044921875,3.8870086669921875,145.37701416015625,142.70750427246094,2.6695098876953125,0.21871231496334076,0.22862893342971802,0.009916618466377258,0.4234386086463928,0.4241446852684021,0.0007060766220092773,0.39327991008758545,0.40184664726257324,0.008566737174987793,0.5988273620605469,0.5926951169967651,0.006132245063781738,0.24188439548015594,0.24188439548015594,144.22082036733627
crack0018_00.png,5.449904346466065,91.39958190917969,91.05318450927734,0.34639739990234375,111.66841125488281,110.22201538085938,1.4463958740234375,0.29967600107192993,0.3399595618247986,0.04028356075286865,0.31082361936569214,0.3397662043571472,0.028942584991455078,0.3374537229537964,0.36850082874298096,0.03104710578918457,0.5786736011505127,0.5750595927238464,0.0036140084266662598,0.14619851112365723,0.14619851112365723,96.39276719093323
crack0018_01.png,1.5398222923278808,99.41775512695312,98.86345672607422,0.5542984008789062,105.56907653808594,104.76374816894531,0.805328369140625,0.24624504148960114,0.24280597269535065,-0.0034390687942504883,0.35906827449798584,0.3821275234222412,0.02305924892425537,0.4623628258705139,0.4633544683456421,0.0009916424751281738,0.589127242565155,0.5887235403060913,0.0004037022590637207,0.12442351132631302,0.12442351132631302,108.13733726739883
crack0018_02.png,2.7048101902008055,105.139892578125,103.39140319824219,1.7484893798828125,113.56161499023438,112.4058837890625,1.155731201171875,0.24347235262393951,0.25967544317245483,0.01620309054851532,0.28670185804367065,0.26342839002609253,-0.023273468017578125,0.35187357664108276,0.35058456659317017,-0.0012890100479125977,0.586439847946167,0.5832218527793884,0.0032179951667785645,0.19186043739318848,0.19186043739318848,113.1149006485939
crack0018_03.png,2.04639573097229,96.24373626708984,95.46127319335938,0.7824630737304688,106.12594604492188,106.3624496459961,-0.23650360107421875,0.21647486090660095,0.22304223477840424,0.006567373871803284,0.26542145013809204,0.2838202118873596,0.018398761749267578,0.36292344331741333,0.38250815868377686,0.019584715366363525,0.5909419655799866,0.588512122631073,0.0024298429489135742,0.1261560022830963,0.1261560022830963,106.50169169902802
crack0018_04.png,2.181074523925781,97.9623031616211,95.9888916015625,1.9734115600585938,107.17695617675781,108.14457702636719,-0.967620849609375,0.22484704852104187,0.23935464024543762,0.014507591724395752,0.395607590675354,0.38164472579956055,-0.013962864875793457,0.4387410879135132,0.4375891089439392,-0.0011519789695739746,0.5909611582756042,0.5911456942558289,-0.00018453598022460938,0.12395729869604111,0.12395729869604111,107.13060224056244
crack0018_05.png,3.210701894760132,97.99671173095703,97.17732238769531,0.8193893432617188,109.20735168457031,109.44648742675781,-0.2391357421875,0.24074499309062958,0.2792905271053314,0.03854553401470184,0.17760181427001953,0.15867877006530762,-0.018923044204711914,0.3693636655807495,0.346846342086792,-0.02251732349395752,0.5926681756973267,0.5886620283126831,0.004006147384643555,0.13639995455741882,0.13639995455741882,106.84904450178146
crack0018_06.png,2.071107864379883,94.24950408935547,93.49031829833984,0.759185791015625,103.97908020019531,103.32485961914062,0.6542205810546875,0.27693527936935425,0.2841804623603821,0.007245182991027832,0.4237053394317627,0.4345096945762634,0.010804355144500732,0.4699207544326782,0.47882288694381714,0.008902132511138916,0.5774086713790894,0.5764475464820862,0.0009611248970031738,0.1395157277584076,0.1395157277584076,100.35014128684998
crack0018_07.png,0.5593029022216798,92.7079086303711,91.6644058227539,1.0435028076171875,106.25335693359375,104.88328552246094,1.3700714111328125,0.2532215714454651,0.22511789202690125,-0.028103679418563843,0.3408935070037842,0.3674235939979553,0.026530086994171143,0.3881494402885437,0.42517387866973877,0.03702443838119507,0.585778534412384,0.5819069743156433,0.0038715600967407227,0.1337127387523651,0.1337127387523651,102.11022508144379
crack0018_08.png,0.24543776512145998,99.4684829711914,98.95442962646484,0.5140533447265625,109.13522338867188,109.75410461425781,-0.6188812255859375,0.244182288646698,0.2435973435640335,-0.0005849450826644897,0.3500657081604004,0.34761786460876465,-0.002447843551635742,0.40516549348831177,0.40347933769226074,-0.0016861557960510254,0.5992810726165771,0.5961899161338806,0.003091156482696533,0.18085625767707825,0.18085625767707825,108.5668585896492
crack0018_09.png,0.4983303070068359,100.1349868774414,98.95230865478516,1.18267822265625,110.17503356933594,110.23468780517578,-0.05965423583984375,0.32187989354133606,0.3109367787837982,-0.010943114757537842,0.41148221492767334,0.4180827736854553,0.006600558757781982,0.46257472038269043,0.46555501222610474,0.0029802918434143066,0.588623583316803,0.5898500680923462,-0.0012264847755432129,0.18280339241027832,0.18280339241027832,104.48144376277924
crack0019_00.png,-1.247804546356201,104.66688537597656,105.87493133544922,-1.2080459594726562,111.26507568359375,111.37194061279297,-0.10686492919921875,0.3111022114753723,0.3100070357322693,-0.0010951757431030273,0.4602651596069336,0.45923912525177,-0.0010260343551635742,0.425062358379364,0.42290496826171875,-0.0021573901176452637,0.600315272808075,0.5970242023468018,0.0032910704612731934,0.19028222560882568,0.19028222560882568,110.68309712409973
crack0019_01.png,3.148865509033203,103.09739685058594,102.33141326904297,0.7659835815429688,101.94400024414062,100.41770935058594,1.5262908935546875,0.3310770094394684,0.3489449620246887,0.017867952585220337,0.34866470098495483,0.357318639755249,0.00865393877029419,0.3887096643447876,0.39854753017425537,0.009837865829467773,0.5868589282035828,0.5869396328926086,-8.07046890258789e-05,0.15745767951011658,0.15745767951011658,106.3273698091507
crack0019_02.png,0.10436515808105468,110.8039779663086,111.14237213134766,-0.3383941650390625,109.74263763427734,109.9011459350586,-0.15850830078125,0.3938092291355133,0.399902880191803,0.006093651056289673,0.2879617214202881,0.2921847105026245,0.004222989082336426,0.32930058240890503,0.3446689248085022,0.015368342399597168,0.5917762517929077,0.5955324769020081,-0.003756225109100342,0.17946380376815796,0.17946380376815796,111.16592037677765
crack0019_03.png,-0.04204368591308594,94.66590118408203,94.92363739013672,-0.2577362060546875,104.44416809082031,104.23531341552734,0.20885467529296875,0.32023993134498596,0.3153436779975891,-0.004896253347396851,0.2824826240539551,0.2961786985397339,0.013696074485778809,0.35561496019363403,0.37626147270202637,0.020646512508392334,0.5909919142723083,0.5915917158126831,-0.0005998015403747559,0.15950024127960205,0.15950024127960205,99.53781723976135
crack0019_04.png,4.054808712005615,97.41521453857422,96.7092514038086,0.705963134765625,109.88923645019531,109.48153686523438,0.4076995849609375,0.22386136651039124,0.258701354265213,0.03483998775482178,0.21796190738677979,0.22818750143051147,0.01022559404373169,0.291903018951416,0.29638123512268066,0.0044782161712646484,0.5901768803596497,0.5904383063316345,-0.0002614259719848633,0.15188774466514587,0.15188774466514587,107.24808323383331
crack0019_05.png,3.759591293334961,93.38214874267578,92.86450958251953,0.51763916015625,110.40786743164062,110.3935546875,0.014312744140625,0.34421104192733765,0.3535572588443756,0.009346216917037964,0.11315202713012695,0.17618417739868164,0.06303215026855469,0.13615572452545166,0.19623392820358276,0.060078203678131104,0.5927374362945557,0.5935563445091248,-0.0008189082145690918,0.13174039125442505,0.13174039125442505,96.21292042732239
crack0019_06.png,0.6268551826477051,120.45988464355469,120.57916259765625,-0.1192779541015625,111.84664916992188,111.83624267578125,0.010406494140625,0.26833269000053406,0.2701044976711273,0.0017718076705932617,0.44690465927124023,0.46005332469940186,0.013148665428161621,0.4011528491973877,0.41254961490631104,0.01139676570892334,0.5995693802833557,0.5977123975753784,0.001856982707977295,0.15945516526699066,0.15945516526699066,128.40233743190765
crack0019_07.png,1.5014253616333009,100.4948959350586,100.75615692138672,-0.261260986328125,105.4359130859375,105.89857482910156,-0.4626617431640625,0.31169408559799194,0.3200356662273407,0.008341580629348755,0.11860638856887817,0.1483139991760254,0.029707610607147217,0.2177470326423645,0.24734723567962646,0.029600203037261963,0.5889312028884888,0.5866281986236572,0.002303004264831543,0.14532892405986786,0.14532892405986786,105.48112940788269
crack0019_08.png,-0.39171266555786133,106.96318817138672,106.87956237792969,0.08362579345703125,107.03422546386719,106.27113342285156,0.763092041015625,0.39672839641571045,0.386431485414505,-0.010296911001205444,0.24006778001785278,0.23642206192016602,-0.0036457180976867676,0.3321044445037842,0.3300795555114746,-0.0020248889923095703,0.5914994478225708,0.5867742896080017,0.004725158214569092,0.19391176104545593,0.19391176104545593,107.39546406269073
crack0019_09.png,-0.5249098777770995,98.3205337524414,98.77271270751953,-0.452178955078125,104.96417999267578,104.54705810546875,0.41712188720703125,0.3629714548587799,0.322000652551651,-0.040970802307128906,0.07984381914138794,0.15786051750183105,0.07801669836044312,0.23578667640686035,0.27355504035949707,0.03776836395263672,0.5878892540931702,0.5899538397789001,-0.0020645856857299805,0.15869075059890747,0.15869075059890747,102.82473766803741
crack0020_00.png,2.027917909622192,93.76148223876953,93.16786193847656,0.5936203002929688,106.21558380126953,105.81459045410156,0.40099334716796875,0.22703224420547485,0.2346537858247757,0.007621541619300842,0.35662543773651123,0.3726608157157898,0.016035377979278564,0.40837252140045166,0.4113616943359375,0.00298917293548584,0.5858285427093506,0.5852594971656799,0.0005690455436706543,0.20758336782455444,0.20758336782455444,103.27587914466858
crack0020_01.png,1.741053009033203,96.93529510498047,95.95429992675781,0.9809951782226562,107.63519287109375,106.7325439453125,0.90264892578125,0.20499713718891144,0.2117316871881485,0.0067345499992370605,0.39257264137268066,0.38646411895751953,-0.006108522415161133,0.38008004426956177,0.3747631311416626,-0.00531691312789917,0.5871241688728333,0.5845097899436951,0.0026143789291381836,0.22322764992713928,0.22322764992713928,107.62993603944778
crack0020_02.png,-0.05096039772033689,96.9035873413086,96.93228149414062,-0.02869415283203125,104.24847412109375,104.09884643554688,0.149627685546875,0.20435726642608643,0.20908261835575104,0.004725351929664612,0.5486171245574951,0.5417309403419495,-0.006886184215545654,0.4172361493110657,0.41188132762908936,-0.005354821681976318,0.57857745885849,0.58319491147995,-0.004617452621459961,0.21587076783180237,0.21587076783180237,107.98429489135742
crack0020_03.png,0.38274140357971187,100.80175018310547,100.38025665283203,0.4214935302734375,106.57020568847656,106.27719116210938,0.2930145263671875,0.22095784544944763,0.21296735107898712,-0.00799049437046051,0.35808122158050537,0.3697095513343811,0.011628329753875732,0.34840232133865356,0.3435836434364319,-0.00481867790222168,0.5822722315788269,0.5818185210227966,0.00045371055603027344,0.24486911296844482,0.24486911296844482,111.1038516163826
crack0020_04.png,-1.063329315185547,98.21615600585938,98.75999450683594,-0.5438385009765625,103.12303161621094,103.14521789550781,-0.022186279296875,0.2708297371864319,0.25849369168281555,-0.012336045503616333,0.4294564127922058,0.4418090581893921,0.01235264539718628,0.3333813548088074,0.33819377422332764,0.004812419414520264,0.5866397619247437,0.5870857238769531,-0.00044596195220947266,0.21628917753696442,0.21628917753696442,106.46188271045685
crack0020_05.png,0.10504107475280766,95.97440338134766,95.30372619628906,0.6706771850585938,106.8518295288086,106.22443389892578,0.6273956298828125,0.20597216486930847,0.19530047476291656,-0.010671690106391907,0.3925589323043823,0.3892045021057129,-0.0033544301986694336,0.36878758668899536,0.37406033277511597,0.0052727460861206055,0.5878700613975525,0.583587110042572,0.004282951354980469,0.1650812327861786,0.1650812327861786,107.43583875894547
crack0020_06.png,1.092120313644409,98.64323425292969,98.70208740234375,-0.0588531494140625,108.97979736328125,109.21121978759766,-0.23142242431640625,0.21589410305023193,0.22955136001110077,0.013657256960868835,0.4282914996147156,0.4317425489425659,0.003451049327850342,0.3943658471107483,0.3842518925666809,-0.010113954544067383,0.5831218957901001,0.5827988982200623,0.0003229975700378418,0.2192775011062622,0.2192775011062622,109.0438904762268
crack0020_07.png,0.8678779125213623,87.14720916748047,86.36808776855469,0.7791213989257812,104.43021392822266,103.21156311035156,1.2186508178710938,0.23243235051631927,0.22530263662338257,-0.0071297138929367065,0.3817962408065796,0.3840426802635193,0.0022464394569396973,0.3608546853065491,0.36141884326934814,0.0005641579627990723,0.5883890986442566,0.5863437056541443,0.0020453929901123047,0.2295682430267334,0.2295682430267334,96.77505421638489
crack0020_08.png,-0.04154925346374516,85.87138366699219,85.32479858398438,0.5465850830078125,103.56306457519531,103.03845977783203,0.5246047973632812,0.2595759928226471,0.2498861700296402,-0.009689822793006897,0.3598724603652954,0.35933732986450195,-0.000535130500793457,0.3412131071090698,0.33709925413131714,-0.0041138529777526855,0.583517849445343,0.5835524797439575,-3.463029861450195e-05,0.22429610788822174,0.22429610788822174,93.94702011346817
crack0020_09.png,0.3311142921447754,96.0115966796875,95.90889739990234,0.10269927978515625,105.8073501586914,105.33306884765625,0.47428131103515625,0.2659784257411957,0.2655687630176544,-0.00040966272354125977,0.3828153610229492,0.38405245542526245,0.0012370944023132324,0.3708460330963135,0.3700585961341858,-0.0007874369621276855,0.5859900116920471,0.5854402184486389,0.0005497932434082031,0.24879249930381775,0.24879249930381775,103.46572172641754
crack0021_00.png,-0.13028488159179696,95.32190704345703,95.13045501708984,0.1914520263671875,100.13225555419922,100.085205078125,0.04705047607421875,0.32773879170417786,0.3109949827194214,-0.01674380898475647,0.10673195123672485,0.13127505779266357,0.02454310655593872,0.23685330152511597,0.24431657791137695,0.007463276386260986,0.5812225937843323,0.5807920098304749,0.0004305839538574219,0.13109058141708374,0.13109058141708374,99.81538581848145
crack0021_01.png,2.6653579711914066,122.21438598632812,118.82880401611328,3.3855819702148438,108.85838317871094,109.119140625,-0.2607574462890625,0.21039870381355286,0.220716655254364,0.010317951440811157,0.14674127101898193,0.1080237627029419,-0.03871750831604004,0.22018766403198242,0.19000720977783203,-0.03018045425415039,0.5899730920791626,0.5872895121574402,0.002683579921722412,0.0970100611448288,0.0970100611448288,131.49659645557404
crack0021_02.png,3.4406223773956297,112.666748046875,109.90916442871094,2.7575836181640625,114.0993881225586,113.22048950195312,0.8788986206054688,0.2483677715063095,0.2654382586479187,0.017070487141609192,0.05560809373855591,0.029373466968536377,-0.02623462677001953,0.1941661834716797,0.14261776208877563,-0.05154842138290405,0.5935140252113342,0.5931333899497986,0.00038063526153564453,0.13712643086910248,0.13712643086910248,120.12645095586777
crack0021_03.png,2.6827248096466065,106.23211669921875,104.82115173339844,1.4109649658203125,112.90770721435547,113.86055755615234,-0.952850341796875,0.20563697814941406,0.22523094713687897,0.019593968987464905,0.25443363189697266,0.25316178798675537,-0.0012718439102172852,0.2537258267402649,0.24004113674163818,-0.013684689998626709,0.5932833552360535,0.5898769497871399,0.0034064054489135742,0.11184997856616974,0.11184997856616974,116.91974973678589
crack0021_04.png,0.714286994934082,107.35060119628906,105.44759368896484,1.9030075073242188,106.06239318847656,106.41398620605469,-0.351593017578125,0.26410967111587524,0.2667711079120636,0.0026614367961883545,0.18938380479812622,0.15849709510803223,-0.030886709690093994,0.13816052675247192,0.10897201299667358,-0.02918851375579834,0.5944713354110718,0.5951095819473267,-0.0006382465362548828,0.11026939749717712,0.11026939749717712,114.3569004535675
crack0021_05.png,1.642331600189209,99.3389892578125,97.92350006103516,1.4154891967773438,102.69354248046875,103.27436828613281,-0.5808258056640625,0.33251333236694336,0.3373379409313202,0.004824608564376831,0.0,0.0,0.0,0.18369591236114502,0.17678773403167725,-0.0069081783294677734,0.5871818661689758,0.5853517651557922,0.0018301010131835938,0.10660408437252045,0.10660408437252045,102.16771936416626
crack0021_06.png,-0.38307666778564453,100.04766845703125,100.10706329345703,-0.05939483642578125,101.423583984375,101.28549194335938,0.138092041015625,0.3018687665462494,0.30727535486221313,0.005406588315963745,0.21887534856796265,0.20026934146881104,-0.01860600709915161,0.3195987343788147,0.3122338056564331,-0.007364928722381592,0.5802306532859802,0.5819107890129089,-0.001680135726928711,0.11679533123970032,0.11679533123970032,105.24167144298553
crack0021_07.png,2.115480422973633,105.37493896484375,104.2166519165039,1.1582870483398438,105.13597106933594,103.97134399414062,1.1646270751953125,0.24821680784225464,0.2586514949798584,0.01043468713760376,0.197523832321167,0.1883382797241211,-0.009185552597045898,0.2666473984718323,0.2750575542449951,0.008410155773162842,0.5861437916755676,0.5855440497398376,0.0005997419357299805,0.1144898533821106,0.1144898533821106,113.34853863716125
crack0021_08.png,3.2287128448486326,111.75233459472656,110.55422973632812,1.1981048583984375,103.51960754394531,103.20089721679688,0.3187103271484375,0.2696402966976166,0.2929602861404419,0.023319989442825317,0.0,0.0,0.0,0.13353729248046875,0.14717864990234375,0.013641357421875,0.58101886510849,0.5800807476043701,0.000938117504119873,0.13537797331809998,0.13537797331809998,118.21561896800995
crack0021_09.png,4.015347528457641,111.1351089477539,108.62185668945312,2.5132522583007812,114.964599609375,114.54258728027344,0.4220123291015625,0.209096297621727,0.22621899843215942,0.017122700810432434,0.006018877029418945,0.0,-0.006018877029418945,0.0,0.0,0.0,0.5981853008270264,0.5930795669555664,0.005105733871459961,0.10912487655878067,0.10912487655878067,121.26011699438095
crack0022_00.png,-0.5232964277267456,75.56097412109375,76.15833282470703,-0.5973587036132812,119.17640686035156,118.85979461669922,0.31661224365234375,0.07334546744823456,0.07690387219190598,0.0035584047436714172,0.0,0.0,0.0,0.0,0.0,0.0,0.586243748664856,0.5946751236915588,-0.00843137502670288,0.09779324382543564,0.09779324382543564,95.24593037366867
crack0022_01.png,-4.294578766822815,83.97018432617188,88.82057189941406,-4.8503875732421875,130.44973754882812,130.506103515625,-0.056365966796875,0.0915023535490036,0.09705743938684464,0.005555085837841034,0.0,0.0,0.0,0.0,0.0,0.0,0.5881122350692749,0.5847635269165039,0.003348708152770996,0.09776483476161957,0.09776483476161957,104.42972630262375
crack0022_02.png,-1.3734896659851072,86.89260864257812,90.03492736816406,-3.1423187255859375,128.06692504882812,129.2311248779297,-1.1641998291015625,0.1047259271144867,0.13061189651489258,0.025885969400405884,0.0,0.0,0.0,0.0,0.0,0.0,0.5935255885124207,0.589434802532196,0.004090785980224609,0.0901244580745697,0.0901244580745697,105.92123591899872
crack0022_03.png,-3.094184160232544,77.68090057373047,80.0250015258789,-2.3441009521484375,132.9239959716797,136.61807250976562,-3.6940765380859375,0.08825115114450455,0.09750889986753464,0.00925774872303009,0.0,0.0,0.0,0.0,0.0,0.0,0.5813456177711487,0.5816724300384521,-0.0003268122673034668,0.09369558840990067,0.09369558840990067,96.8247791826725
crack0022_04.png,-0.6612644195556641,69.56696319580078,70.35883331298828,-0.7918701171875,121.88426208496094,122.29338836669922,-0.40912628173828125,0.10136139392852783,0.1033075749874115,0.001946181058883667,0.0,0.0,0.0,0.0,0.0,0.0,0.5831410884857178,0.5796770453453064,0.003464043140411377,0.1068890243768692,0.1068890243768692,87.20685815811157
crack0022_05.png,0.196338701248169,74.41603088378906,75.6761703491211,-1.2601394653320312,123.19094848632812,123.41964721679688,-0.22869873046875,0.11566531658172607,0.1354357749223709,0.019770458340644836,0.0,0.0,0.0,0.0,0.0,0.0,0.5916224718093872,0.5924644470214844,-0.000841975212097168,0.09852537512779236,0.09852537512779236,91.80475950241089
crack0022_06.png,2.789420795440674,95.64838409423828,93.87471008300781,1.7736740112304688,119.6514892578125,120.72886657714844,-1.0773773193359375,0.1134563684463501,0.13084805011749268,0.017391681671142578,0.0,0.0,0.0,0.0,0.0,0.0,0.5989696383476257,0.5975855588912964,0.0013840794563293457,0.08986804634332657,0.08986804634332657,111.91295051574707
crack0022_07.png,-0.7631138563156128,105.72366333007812,103.1828842163086,2.5407791137695312,115.15035247802734,121.64834594726562,-6.497993469238281,0.11406223475933075,0.10293521732091904,-0.011127017438411713,0.0,0.0,0.0,0.0,0.0,0.0,0.5970549583435059,0.5924183130264282,0.004636645317077637,0.09941942989826202,0.09941942989826202,122.15935906767845
crack0022_08.png,-0.5494332790374756,88.54996490478516,88.35819244384766,0.1917724609375,127.482666015625,130.13978576660156,-2.6571197509765625,0.09992644190788269,0.10311652719974518,0.003190085291862488,0.0,0.0,0.0,0.0,0.0,0.0,0.5932256579399109,0.5915647745132446,0.0016608834266662598,0.10054288059473038,0.10054288059473038,106.18751847743988
crack0022_09.png,0.1128652334213256,79.85103607177734,81.32982635498047,-1.478790283203125,124.1668701171875,123.73899841308594,0.4278717041015625,0.09391824156045914,0.11271265149116516,0.018794409930706024,0.0,0.0,0.0,0.0,0.0,0.0,0.5817108750343323,0.5837870240211487,-0.0020761489868164062,0.10233398526906967,0.10233398526906967,98.3068176805973
crack0023_00.png,0.7572089672088622,122.18293762207031,122.03623962402344,0.146697998046875,124.20309448242188,122.73625183105469,1.4668426513671875,0.13895413279533386,0.14236445724964142,0.003410324454307556,0.17041385173797607,0.1623075008392334,-0.008106350898742676,0.3512529730796814,0.3459842801094055,-0.005268692970275879,0.59648597240448,0.5946059226989746,0.001880049705505371,0.10234898328781128,0.10234898328781128,137.63177955150604
crack0023_01.png,-4.701040601730346,121.2261734008789,125.23287200927734,-4.0066986083984375,114.58158874511719,114.51111602783203,0.07047271728515625,0.25458478927612305,0.24466504156589508,-0.009919747710227966,0.0,0.0,0.0,0.2097213864326477,0.2500133514404297,0.04029196500778198,0.5950441956520081,0.5932679772377014,0.0017762184143066406,0.11272838711738586,0.11272838711738586,132.35138803720474
crack0023_02.png,-3.2369250297546386,98.0615005493164,99.34173583984375,-1.2802352905273438,109.0809326171875,109.94589233398438,-0.864959716796875,0.341631680727005,0.3204905688762665,-0.021141111850738525,0.0,0.0,0.0,0.17838937044143677,0.22269058227539062,0.04430121183395386,0.5897693037986755,0.5877547264099121,0.0020145773887634277,0.15962162613868713,0.15962162613868713,103.06295621395111
crack0023_03.png,0.2958235740661621,113.97904205322266,113.64838409423828,0.330657958984375,110.05463409423828,110.08854675292969,-0.03391265869140625,0.26485681533813477,0.26383355259895325,-0.0010232627391815186,0.0,0.0,0.0,0.28672516345977783,0.28764599561691284,0.0009208321571350098,0.5882006883621216,0.5866858959197998,0.0015147924423217773,0.11624127626419067,0.11624127626419067,121.51172745227814
crack0023_04.png,-6.172651672363282,121.36327362060547,126.86624908447266,-5.5029754638671875,112.81806945800781,112.39961242675781,0.41845703125,0.23417697846889496,0.22491519153118134,-0.009261786937713623,0.0,0.0,0.0,0.2931739091873169,0.2767137885093689,-0.016460120677947998,0.5890311598777771,0.5914340615272522,-0.0024029016494750977,0.11426049470901489,0.11426049470901489,134.27721232175827
crack0023_05.png,-1.878430223464966,120.04454803466797,122.1966552734375,-2.1521072387695312,109.79559326171875,109.25442504882812,0.541168212890625,0.18212281167507172,0.18467256426811218,0.0025497525930404663,0.07557600736618042,0.0695769190788269,-0.005999088287353516,0.2865269184112549,0.2794674038887024,-0.00705951452255249,0.5899922847747803,0.5876624584197998,0.0023298263549804688,0.10278402268886566,0.10278402268886566,133.79292434453964
crack0023_06.png,-1.9132195949554442,106.36363983154297,109.17878723144531,-2.8151473999023438,113.69987487792969,113.53929138183594,0.16058349609375,0.22042140364646912,0.23011021316051483,0.009688809514045715,0.0,0.0,0.0,0.20490777492523193,0.1993776559829712,-0.005530118942260742,0.5899999737739563,0.5884352326393127,0.0015647411346435547,0.10755792260169983,0.10755792260169983,118.14592826366425
crack0023_07.png,0.06441125869750985,115.46478271484375,117.1811752319336,-1.7163925170898438,112.22492980957031,112.19664001464844,0.028289794921875,0.2403949499130249,0.2621309757232666,0.0217360258102417,0.0,0.0,0.0,0.1848241090774536,0.19329845905303955,0.008474349975585938,0.5908035635948181,0.5900384187698364,0.0007651448249816895,0.10235977917909622,0.10235977917909622,125.5314245223999
crack0023_08.png,2.9783037185668944,115.91395568847656,115.86386108398438,0.0500946044921875,110.3329086303711,109.97593688964844,0.35697174072265625,0.2695986032485962,0.2927369177341461,0.023138314485549927,0.22464871406555176,0.24738091230392456,0.022732198238372803,0.3156081438064575,0.3298376798629761,0.014229536056518555,0.584675133228302,0.5840484499931335,0.000626683235168457,0.13949650526046753,0.13949650526046753,123.09999752044678
crack0023_09.png,-2.2642147064208986,120.07377624511719,121.74174499511719,-1.66796875,110.2533187866211,110.5858154296875,-0.33249664306640625,0.2652316987514496,0.25969675183296204,-0.005534946918487549,0.0,0.0,0.0,0.23937982320785522,0.26601892709732056,0.026639103889465332,0.5888235569000244,0.5893348455429077,-0.0005112886428833008,0.11315422505140305,0.11315422505140305,128.89934933185577
crack0024_00.png,2.70666298866272,142.35801696777344,139.0865478515625,3.2714691162109375,121.26033020019531,120.72102355957031,0.539306640625,0.239209845662117,0.23017218708992004,-0.00903765857219696,0.0,0.0,0.0,0.03285014629364014,0.05520892143249512,0.02235877513885498,0.592483639717102,0.5939215421676636,-0.0014379024505615234,0.13291366398334503,0.13291366398334503,150.6688128709793
crack0024_01.png,6.718581581115723,127.24007415771484,121.11824035644531,6.121833801269531,139.93057250976562,133.52590942382812,6.4046630859375,0.317999929189682,0.29212686419487,-0.02587306499481201,0.0,0.0,0.0,0.0,0.0,0.0,0.5985966920852661,0.5959784984588623,0.0026181936264038086,0.11948484182357788,0.11948484182357788,130.59541308879852
crack0024_02.png,0.8836468696594237,120.16950988769531,120.68409729003906,-0.51458740234375,116.577880859375,118.39610290527344,-1.8182220458984375,0.2060990184545517,0.23403100669384003,0.02793198823928833,0.0,0.0,0.0,0.0,0.0,0.0,0.5950057506561279,0.5977316498756409,-0.0027258992195129395,0.13093602657318115,0.13093602657318115,131.97012847661972
crack0024_03.png,7.4407572746276855,141.75608825683594,137.4088592529297,4.34722900390625,121.68172454833984,120.825439453125,0.8562850952148438,0.19462096691131592,0.2289336621761322,0.034312695264816284,0.0,0.0,0.0,0.0,0.0,0.0,0.5991234183311462,0.5989734530448914,0.0001499652862548828,0.11186271160840988,0.11186271160840988,151.8701524734497
crack0024_04.png,2.8123664379119875,163.2042236328125,160.0240478515625,3.18017578125,172.3372802734375,169.17042541503906,3.1668548583984375,0.22114776074886322,0.20210379362106323,-0.019043967127799988,0.0,0.0,0.0,0.0,0.0,0.0,0.5896347761154175,0.5924106240272522,-0.002775847911834717,0.125923290848732,0.125923290848732,173.1843330860138
crack0024_05.png,5.3029101371765135,137.02330017089844,134.82217407226562,2.2011260986328125,127.96143341064453,124.50372314453125,3.4577102661132812,0.27101340889930725,0.2933852970600128,0.022371888160705566,0.0,0.0,0.0,0.0,0.0,0.0,0.5965205430984497,0.5982968211174011,-0.001776278018951416,0.1307234913110733,0.1307234913110733,143.59380543231964
crack0024_06.png,0.7279275894165039,125.27857971191406,124.1312484741211,1.1473312377929688,118.31000518798828,118.74688720703125,-0.43688201904296875,0.22651658952236176,0.2248906046152115,-0.0016259849071502686,0.0,0.0,0.0,0.1400926113128662,0.1507527232170105,0.010660111904144287,0.5876816511154175,0.5905459523200989,-0.0028643012046813965,0.15798741579055786,0.15798741579055786,134.83331590890884
crack0024_07.png,5.712748765945435,136.7303009033203,130.50387573242188,6.2264251708984375,116.44818878173828,116.887451171875,-0.43926239013671875,0.2438998520374298,0.23924462497234344,-0.004655227065086365,0.0,0.0,0.0,0.10893213748931885,0.10725682973861694,-0.0016753077507019043,0.59246826171875,0.5916070938110352,0.0008611679077148438,0.15042062103748322,0.15042062103748322,142.9611412882805
crack0024_08.png,5.819553661346435,176.4910888671875,171.4446258544922,5.0464630126953125,178.125732421875,177.99508666992188,0.130645751953125,0.21149984002113342,0.219527930021286,0.008028090000152588,0.0,0.0,0.0,0.07701665163040161,0.08502674102783203,0.00801008939743042,0.5937485694885254,0.5917839407920837,0.0019646286964416504,0.15024936199188232,0.15024936199188232,185.02780973911285
crack0024_09.png,5.478101348876953,135.96031188964844,132.5622100830078,3.398101806640625,127.01759338378906,124.29185485839844,2.725738525390625,0.23632606863975525,0.2500583827495575,0.013732314109802246,0.0,0.0,0.0,0.010313570499420166,0.07590991258621216,0.06559634208679199,0.5894579291343689,0.5921799540519714,-0.002722024917602539,0.1682913899421692,0.1682913899421692,143.76889503002167
crack0025_00.png,1.3315170288085938,123.29656982421875,122.36012268066406,0.9364471435546875,115.41986846923828,114.58563995361328,0.834228515625,0.30182480812072754,0.30232861638069153,0.0005038082599639893,0.33221590518951416,0.32767927646636963,-0.004536628723144531,0.30073583126068115,0.30114448070526123,0.0004086494445800781,0.5858439207077026,0.5807804465293884,0.005063474178314209,0.19321534037590027,0.19321534037590027,128.15261459350586
crack0025_01.png,-0.07050867080688478,112.02494812011719,111.6343994140625,0.3905487060546875,106.50222778320312,107.21989440917969,-0.7176666259765625,0.3109273314476013,0.31397300958633423,0.00304567813873291,0.4234148859977722,0.4127277135848999,-0.010687172412872314,0.44044435024261475,0.43229973316192627,-0.008144617080688477,0.5895001888275146,0.5892541408538818,0.0002460479736328125,0.17178452014923096,0.17178452014923096,116.75404143333435
crack0025_02.png,3.721143054962158,117.17549896240234,115.26485443115234,1.91064453125,117.24555969238281,115.86727905273438,1.3782806396484375,0.2852568030357361,0.29899972677230835,0.013742923736572266,0.3813227415084839,0.3830828070640564,0.0017600655555725098,0.3124312162399292,0.32877153158187866,0.016340315341949463,0.5976393818855286,0.595405638217926,0.002233743667602539,0.2132054567337036,0.2132054567337036,123.01034379005432
crack0025_03.png,-0.20221786499023436,115.87516021728516,115.92668151855469,-0.05152130126953125,106.77787017822266,106.81295776367188,-0.03508758544921875,0.289737343788147,0.28670844435691833,-0.0030288994312286377,0.36081916093826294,0.3614458441734314,0.000626683235168457,0.3446853756904602,0.3573746085166931,0.01268923282623291,0.5789465308189392,0.5769319534301758,0.0020145773887634277,0.2183837890625,0.2183837890625,121.85627543926239
crack0025_04.png,0.9397444725036621,115.83476257324219,115.44475555419922,0.39000701904296875,108.90254211425781,108.04007720947266,0.8624649047851562,0.3727448582649231,0.37242838740348816,-0.0003164708614349365,0.44884657859802246,0.4541715383529663,0.005324959754943848,0.38774704933166504,0.38809144496917725,0.00034439563751220703,0.587835431098938,0.5874086618423462,0.0004267692565917969,0.24001821875572205,0.24001821875572205,116.80747306346893
crack0025_05.png,1.1853768348693847,118.74545288085938,118.13108825683594,0.6143646240234375,115.3779525756836,115.08291625976562,0.29503631591796875,0.1969800889492035,0.20574283599853516,0.008762747049331665,0.4459648132324219,0.44165968894958496,-0.004305124282836914,0.3949624300003052,0.40364158153533936,0.00867915153503418,0.5882545113563538,0.5901499390602112,-0.0018954277038574219,0.16336816549301147,0.16336816549301147,130.2254627943039
crack0025_06.png,3.140306901931763,117.15457153320312,115.03270721435547,2.1218643188476562,121.91331481933594,119.02996826171875,2.8833465576171875,0.20278818905353546,0.1923944354057312,-0.01039375364780426,0.4397500157356262,0.45251691341400146,0.012766897678375244,0.36575639247894287,0.3763859272003174,0.010629534721374512,0.5997923612594604,0.5951441526412964,0.0046482086181640625,0.20559129118919373,0.20559129118919373,128.54166769981384
crack0025_07.png,-0.3382113456726074,98.518310546875,98.57696533203125,-0.05865478515625,106.04581451416016,106.19198608398438,-0.14617156982421875,0.353252649307251,0.35288745164871216,-0.00036519765853881836,0.44297105073928833,0.4391469955444336,-0.0038240551948547363,0.43647873401641846,0.436345636844635,-0.00013309717178344727,0.591191828250885,0.5921645760536194,-0.000972747802734375,0.19939856231212616,0.19939856231212616,101.06097388267517
crack0025_08.png,0.5788896560668946,108.17295837402344,107.77381896972656,0.399139404296875,107.79541015625,108.04756927490234,-0.25215911865234375,0.366050660610199,0.36750850081443787,0.0014578402042388916,0.4468557834625244,0.45100927352905273,0.00415349006652832,0.43715900182724,0.43488091230392456,-0.0022780895233154297,0.5867050886154175,0.5867589116096497,-5.3822994232177734e-05,0.19730620086193085,0.19730620086193085,109.48070549964905
crack0025_09.png,1.1095160484313964,123.24835205078125,122.81852722167969,0.4298248291015625,103.10722351074219,102.58329772949219,0.52392578125,0.28095725178718567,0.2824863791465759,0.0015291273593902588,0.4754648804664612,0.4856436848640442,0.010178804397583008,0.3317108154296875,0.3572239279747009,0.025513112545013428,0.5832910537719727,0.5847750902175903,-0.0014840364456176758,0.15856242179870605,0.15856242179870605,129.56700813770294
crack0026_00.png,0.12442049980163561,94.36685943603516,92.61124420166016,1.755615234375,123.32083129882812,126.663818359375,-3.342987060546875,0.17432399094104767,0.17112573981285095,-0.0031982511281967163,0.0,0.0,0.0,0.0,0.0,0.0,0.5953056216239929,0.5962591171264648,-0.0009534955024719238,0.10572037100791931,0.10572037100791931,107.07187211513519
crack0026_01.png,2.292390966415405,91.97186279296875,89.2110824584961,2.7607803344726562,122.56047058105469,125.69125366210938,-3.1307830810546875,0.17363949120044708,0.18326744437217712,0.009627953171730042,0.0,0.0,0.0,0.0,0.0,0.0,0.5953479409217834,0.5950057506561279,0.0003421902656555176,0.10066191852092743,0.10066191852092743,103.98702079057693
crack0026_02.png,0.6658039569854736,80.37554931640625,78.70487213134766,1.6706771850585938,122.03572845458984,124.12767791748047,-2.091949462890625,0.1615092009305954,0.15934842824935913,-0.002160772681236267,0.0,0.0,0.0,0.0,0.0,0.0,0.5946789979934692,0.5945597887039185,0.00011920928955078125,0.10061944276094437,0.10061944276094437,93.76646494865417
crack0026_03.png,-3.571132516860962,96.15702056884766,98.63876342773438,-2.4817428588867188,121.97856903076172,122.61305236816406,-0.6344833374023438,0.15694189071655273,0.1465815156698227,-0.010360375046730042,0.0,0.0,0.0,0.0,0.0,0.0,0.5930526852607727,0.5932218432426453,-0.0001691579818725586,0.09839978814125061,0.09839978814125061,112.33187478780746
crack0026_04.png,0.5829589366912842,71.1650390625,69.37494659423828,1.7900924682617188,117.64336395263672,119.65809631347656,-2.0147323608398438,0.15067952871322632,0.14799197018146515,-0.0026875585317611694,0.0,0.0,0.0,0.0,0.012606978416442871,0.012606978416442871,0.5969550013542175,0.6016108989715576,-0.004655897617340088,0.09744466841220856,0.09744466841220856,85.45491057634354
crack0026_05.png,-1.2694612503051759,81.2489242553711,80.01959228515625,1.2293319702148438,116.86225891113281,118.19723510742188,-1.3349761962890625,0.18407104909420013,0.15800006687641144,-0.026070982217788696,0.0,0.0,0.0,0.0,0.0,0.0,0.592452883720398,0.5894309878349304,0.0030218958854675293,0.10009300708770752,0.10009300708770752,94.8523696064949
crack0026_06.png,-1.7783364295959472,120.80985260009766,124.3323974609375,-3.5225448608398438,122.42608642578125,122.58197021484375,-0.1558837890625,0.20104102790355682,0.22378836572170258,0.022747337818145752,0.0,0.0,0.0,0.0,0.0,0.0,0.592364490032196,0.5926951169967651,-0.0003306269645690918,0.09782159328460693,0.09782159328460693,134.21646803617477
crack0026_07.png,0.825534200668335,81.3753662109375,79.55656433105469,1.8188018798828125,124.10543060302734,124.65338897705078,-0.5479583740234375,0.15612603724002838,0.14515817165374756,-0.010967865586280823,0.0,0.0,0.0,0.0,0.0,0.0,0.5855324864387512,0.5829488635063171,0.002583622932434082,0.1127258762717247,0.1127258762717247,95.17777442932129
crack0026_08.png,3.3462898254394533,64.77879333496094,63.77731704711914,1.0014762878417969,124.57205963134766,122.4134292602539,2.15863037109375,0.15173375606536865,0.1711331307888031,0.019399374723434448,0.0,0.0,0.0,0.0,0.0,0.0,0.5884659886360168,0.5902307033538818,-0.0017647147178649902,0.09711403399705887,0.09711403399705887,78.7832579612732
crack0026_09.png,-4.242348718643188,63.36060333251953,66.57573699951172,-3.2151336669921875,130.34097290039062,133.42953491210938,-3.08856201171875,0.15700718760490417,0.1587812751531601,0.0017740875482559204,0.0,0.0,0.0,0.0,0.0,0.0,0.593948483467102,0.5922914147377014,0.0016570687294006348,0.09416142106056213,0.09416142106056213,79.30567824840546
crack0027_00.png,-0.9268135070800781,118.8526382446289,118.87671661376953,-0.024078369140625,105.43255615234375,105.26930236816406,0.1632537841796875,0.3241938650608063,0.3186117708683014,-0.005582094192504883,0.2450873851776123,0.23071658611297607,-0.01437079906463623,0.365089476108551,0.36821043491363525,0.0031209588050842285,0.5838062167167664,0.5824721455574036,0.001334071159362793,0.14353108406066895,0.14353108406066895,123.10021984577179
crack0027_01.png,0.7110385894775391,115.62816619873047,114.59944915771484,1.028717041015625,103.46456909179688,103.04972076416016,0.41484832763671875,0.27381306886672974,0.2651311457157135,-0.008681923151016235,0.3898742198944092,0.39174890518188477,0.001874685287475586,0.4396132230758667,0.43720197677612305,-0.0024112462997436523,0.5920723080635071,0.5886735916137695,0.003398716449737549,0.13811570405960083,0.13811570405960083,122.88883125782013
crack0027_02.png,1.1568380355834962,96.82945251464844,96.20269012451172,0.6267623901367188,103.55061340332031,102.83209228515625,0.7185211181640625,0.3568402826786041,0.3595461845397949,0.002705901861190796,0.42956000566482544,0.4300687909126282,0.0005087852478027344,0.4456126093864441,0.4469560384750366,0.0013434290885925293,0.5781737565994263,0.5780276656150818,0.00014609098434448242,0.19102506339550018,0.19102506339550018,98.23260462284088
crack0027_03.png,0.7550129890441895,116.79554748535156,116.48345947265625,0.3120880126953125,108.42034912109375,108.95028686523438,-0.529937744140625,0.25314733386039734,0.24225473403930664,-0.010892599821090698,0.2510518431663513,0.2910049557685852,0.03995311260223389,0.44082480669021606,0.44733577966690063,0.00651097297668457,0.5790004134178162,0.5807958245277405,-0.0017954111099243164,0.10246765613555908,0.10246765613555908,125.33605241775513
crack0027_04.png,1.5967644691467284,122.37653350830078,121.8072280883789,0.569305419921875,107.6058349609375,107.24266052246094,0.3631744384765625,0.22953270375728607,0.23747773468494415,0.007945030927658081,0.409732460975647,0.4119102358818054,0.0021777749061584473,0.44259512424468994,0.4424400329589844,-0.0001550912857055664,0.5931872129440308,0.5892003178596497,0.0039868950843811035,0.14276111125946045,0.14276111125946045,132.0474070906639
crack0027_05.png,-0.2452401161193848,115.9384994506836,115.66592407226562,0.27257537841796875,103.24930572509766,102.84858703613281,0.40071868896484375,0.3580120801925659,0.3536067008972168,-0.004405379295349121,0.36109721660614014,0.3543010354042053,-0.0067961812019348145,0.45320749282836914,0.451297402381897,-0.001910090446472168,0.5727220177650452,0.5740676522254944,-0.0013456344604492188,0.10731207579374313,0.10731207579374313,117.54851579666138
crack0027_06.png,0.4603983879089355,110.95073699951172,110.59185028076172,0.35888671875,104.33960723876953,104.0646743774414,0.274932861328125,0.3065037131309509,0.3091822564601898,0.0026785433292388916,0.4497827887535095,0.4432222843170166,-0.00656050443649292,0.49138951301574707,0.4927554130554199,0.0013659000396728516,0.573771595954895,0.5727797150611877,0.0009918808937072754,0.1259549856185913,0.1259549856185913,115.33193469047546
crack0027_07.png,0.5977225303649902,108.80460357666016,108.24789428710938,0.5567092895507812,105.2029800415039,104.85820770263672,0.3447723388671875,0.2912442684173584,0.29380863904953003,0.002564370632171631,0.3245147466659546,0.31762492656707764,-0.006889820098876953,0.3969891667366028,0.3972717523574829,0.00028258562088012695,0.5844636559486389,0.5851249694824219,-0.000661313533782959,0.1290547251701355,0.1290547251701355,114.45659160614014
crack0027_08.png,1.6277459144592286,116.01044464111328,114.9199447631836,1.0904998779296875,104.30345153808594,103.69734191894531,0.606109619140625,0.32226860523223877,0.32357388734817505,0.0013052821159362793,0.33986276388168335,0.34580641984939575,0.005943655967712402,0.42328786849975586,0.4199666976928711,-0.0033211708068847656,0.5829642415046692,0.5841484069824219,-0.0011841654777526855,0.1270390748977661,0.1270390748977661,119.49501466751099
crack0027_09.png,-1.0588699340820313,105.4512939453125,105.25456237792969,0.1967315673828125,102.69918823242188,102.2333984375,0.465789794921875,0.36183181405067444,0.3542075455188751,-0.007624268531799316,0.44697219133377075,0.42684561014175415,-0.0201265811920166,0.45373421907424927,0.4416489005088806,-0.012085318565368652,0.5772241353988647,0.5778969526290894,-0.0006728172302246094,0.22728751599788666,0.22728751599788666,107.21635353565216
crack0028_00.png,1.2183491706848144,92.18230438232422,92.66378784179688,-0.48148345947265625,99.04904174804688,98.62167358398438,0.4273681640625,0.5234376788139343,0.5331070423126221,0.009669363498687744,0.0,0.01528865098953247,0.01528865098953247,0.32305771112442017,0.3424060344696045,0.019348323345184326,0.5795732140541077,0.5759784579277039,0.0035947561264038086,0.11024355888366699,0.11024355888366699,84.1997139453888
crack0028_01.png,0.925605297088623,98.57388305664062,99.1192398071289,-0.5453567504882812,103.92195129394531,103.96246337890625,-0.0405120849609375,0.42965176701545715,0.447951078414917,0.01829931139945984,0.0,0.0,0.0,0.0,0.03383892774581909,0.03383892774581909,0.5741752982139587,0.5735947489738464,0.0005805492401123047,0.10156865417957306,0.10156865417957306,96.03446733951569
crack0028_02.png,0.29870672225952144,100.17507934570312,99.18026733398438,0.99481201171875,103.52428436279297,103.1187744140625,0.40550994873046875,0.4951183795928955,0.48306888341903687,-0.012049496173858643,0.0,0.0,0.0,0.25885385274887085,0.2654147148132324,0.006560862064361572,0.5806881785392761,0.5780469179153442,0.0026412606239318848,0.11559105664491653,0.11559105664491653,93.92106747627258
crack0028_03.png,-0.7971736907958984,98.96786499023438,99.23053741455078,-0.26267242431640625,106.53947448730469,106.16819763183594,0.37127685546875,0.4431249797344208,0.4337184429168701,-0.00940653681755066,0.0,0.0,0.0,0.21552664041519165,0.2523813843727112,0.03685474395751953,0.5864282846450806,0.584690511226654,0.0017377734184265137,0.11039721220731735,0.11039721220731735,96.5332260131836
crack0028_04.png,1.740065860748291,99.20426940917969,98.46015167236328,0.7441177368164062,101.65804290771484,101.72679138183594,-0.06874847412109375,0.5045408606529236,0.5187680125236511,0.014227151870727539,0.0,0.0,0.0,0.20625734329223633,0.2169620394706726,0.01070469617843628,0.5855555534362793,0.5884236693382263,-0.0028681159019470215,0.10411306470632553,0.10411306470632553,92.09670567512512
crack0028_05.png,0.8108084678649903,101.91290283203125,102.341552734375,-0.42864990234375,104.01461791992188,103.97754669189453,0.03707122802734375,0.4323076009750366,0.42819300293922424,-0.004114598035812378,0.0,0.045242488384246826,0.045242488384246826,0.2051069736480713,0.23080068826675415,0.02569371461868286,0.5765359401702881,0.5829334855079651,-0.006397545337677002,0.09631698578596115,0.09631698578596115,99.75298702716827
crack0028_06.png,-1.7558813095092773,97.81270599365234,97.92235565185547,-0.109649658203125,99.3037109375,99.4434814453125,-0.1397705078125,0.5479060411453247,0.5286690592765808,-0.019236981868743896,0.0,0.0,0.0,0.17312192916870117,0.18224602937698364,0.00912410020828247,0.5719031095504761,0.5731872320175171,-0.0012841224670410156,0.10669681429862976,0.10669681429862976,89.07487654685974
crack0028_07.png,1.084958553314209,105.0433120727539,105.09888458251953,-0.055572509765625,107.09046936035156,106.83122253417969,0.259246826171875,0.34445127844810486,0.35618332028388977,0.011732041835784912,0.0,0.0,0.0,0.019772052764892578,0.07760900259017944,0.057836949825286865,0.582729697227478,0.5802729725837708,0.0024567246437072754,0.09564971923828125,0.09564971923828125,107.71320950984955
crack0028_08.png,1.6747918128967285,105.9281005859375,105.67109680175781,0.2570037841796875,106.78489685058594,106.2740707397461,0.5108261108398438,0.4495922327041626,0.47437503933906555,0.024782806634902954,0.06011909246444702,0.03649544715881348,-0.023623645305633545,0.24984192848205566,0.26991140842437744,0.020069479942321777,0.5706997513771057,0.5663052797317505,0.004394471645355225,0.1146741434931755,0.1146741434931755,101.65205478668213
crack0028_09.png,-1.2283007621765136,97.46468353271484,98.10076904296875,-0.6360855102539062,102.946533203125,103.16310119628906,-0.2165679931640625,0.49108123779296875,0.48558223247528076,-0.005499005317687988,0.0,0.0,0.0,0.20328235626220703,0.21875131130218506,0.015468955039978027,0.5886005163192749,0.5902422070503235,-0.001641690731048584,0.12011030316352844,0.12011030316352844,92.25748062133789
crack0029_00.png,0.2907173156738281,109.78054809570312,109.8840560913086,-0.10350799560546875,112.1331787109375,112.39154052734375,-0.25836181640625,0.2929118573665619,0.2856588661670685,-0.007252991199493408,0.23133206367492676,0.2591615319252014,0.027829468250274658,0.2447914481163025,0.2649398446083069,0.020148396492004395,0.5960092544555664,0.5968934893608093,-0.0008842349052429199,0.19730636477470398,0.19730636477470398,116.56850969791412
crack0029_01.png,1.1373488426208496,100.79203796386719,100.92138671875,-0.1293487548828125,102.4321517944336,101.98284912109375,0.44930267333984375,0.29343947768211365,0.2968173325061798,0.003377854824066162,0.26007819175720215,0.2813042402267456,0.021226048469543457,0.25356078147888184,0.2836865186691284,0.030125737190246582,0.5781391859054565,0.5789465308189392,-0.000807344913482666,0.2465083748102188,0.2465083748102188,106.40820491313934
crack0029_02.png,0.933431339263916,100.3773422241211,99.8029556274414,0.5743865966796875,105.72320556640625,104.57154083251953,1.1516647338867188,0.20828621089458466,0.2057010680437088,-0.0025851428508758545,0.0,0.0,0.0,0.0,0.0,0.0,0.5869819521903992,0.5843521952629089,0.0026297569274902344,0.20594516396522522,0.20594516396522522,111.22736293077469
crack0029_03.png,5.138766098022461,102.20923614501953,102.6825180053711,-0.4732818603515625,102.13589477539062,102.24664306640625,-0.110748291015625,0.3453851640224457,0.3440857231616974,-0.001299440860748291,0.04285550117492676,0.18439096212387085,0.1415354609489441,0.15251445770263672,0.26200592517852783,0.10949146747589111,0.5835486054420471,0.5810765027999878,0.002472102642059326,0.199369877576828,0.199369877576828,105.14267790317535
crack0029_04.png,2.0332672119140627,105.7640151977539,106.05675506591797,-0.2927398681640625,112.02760314941406,112.29092407226562,-0.2633209228515625,0.16802243888378143,0.1826716810464859,0.014649242162704468,0.05800366401672363,0.08597451448440552,0.027970850467681885,0.0,0.03593778610229492,0.03593778610229492,0.5938946604728699,0.5903806090354919,0.0035140514373779297,0.1947961002588272,0.1947961002588272,119.58482521772385
crack0029_05.png,2.7123062133789064,101.083984375,100.79916381835938,0.284820556640625,104.997802734375,104.25450134277344,0.7433013916015625,0.31751948595046997,0.32670116424560547,0.009181678295135498,0.33842241764068604,0.3746703863143921,0.036247968673706055,0.34528619050979614,0.36977535486221313,0.024489164352416992,0.5872087478637695,0.5885659456253052,-0.0013571977615356445,0.21188408136367798,0.21188408136367798,105.4330427646637
crack0029_06.png,-0.4404472351074219,105.92903137207031,106.81590270996094,-0.886871337890625,107.97653198242188,107.63032531738281,0.3462066650390625,0.22776560485363007,0.2298194020986557,0.0020537972450256348,0.0,0.0,0.0,0.0,0.0,0.0,0.5968050956726074,0.5932141542434692,0.0035909414291381836,0.15635430812835693,0.15635430812835693,116.57873457670212
crack0029_07.png,1.3043707847595214,92.39744567871094,93.86492156982422,-1.4674758911132812,109.68689727783203,110.63052368164062,-0.9436264038085938,0.16774781048297882,0.171120747923851,0.0033729374408721924,0.14350074529647827,0.21647536754608154,0.07297462224960327,0.04498690366744995,0.11255913972854614,0.06757223606109619,0.5965936183929443,0.597581684589386,-0.0009880661964416504,0.19056645035743713,0.19056645035743713,106.96958237886429
crack0029_08.png,3.400330066680908,106.11157989501953,106.45489501953125,-0.34331512451171875,103.70118713378906,102.9110107421875,0.7901763916015625,0.26393571496009827,0.2730982303619385,0.00916251540184021,0.20632338523864746,0.27191150188446045,0.06558811664581299,0.1329471468925476,0.2039421796798706,0.070995032787323,0.5866589546203613,0.5848827362060547,0.0017762184143066406,0.23122218251228333,0.23122218251228333,113.91345274448395
crack0029_09.png,3.4513959884643555,95.84085083007812,95.91070556640625,-0.069854736328125,106.76365661621094,105.70683288574219,1.05682373046875,0.18506480753421783,0.20322071015834808,0.01815590262413025,0.10251355171203613,0.14135801792144775,0.03884446620941162,0.03120589256286621,0.10217899084091187,0.07097309827804565,0.5931333899497986,0.5908266305923462,0.0023067593574523926,0.17071771621704102,0.17071771621704102,108.49722534418106
crack0030_00.png,0.3627082824707031,186.7419891357422,185.86138916015625,0.8805999755859375,117.47451782226562,117.19058227539062,0.283935546875,0.17644762992858887,0.1791025698184967,0.002654939889907837,0.27487999200820923,0.2555558681488037,-0.019324123859405518,0.267061710357666,0.2546747922897339,-0.012386918067932129,0.5800884366035461,0.5818608403205872,-0.0017724037170410156,0.12978169322013855,0.12978169322013855,198.98926496505737
crack0030_01.png,3.3542504787445067,187.90853881835938,185.50682067871094,2.4017181396484375,126.69329071044922,125.20014953613281,1.4931411743164062,0.1849028766155243,0.1900915950536728,0.0051887184381484985,0.0,0.0,0.0,0.0,0.0,0.0,0.5866166949272156,0.5881122350692749,-0.0014955401420593262,0.12323646992444992,0.12323646992444992,199.1379965543747
crack0030_02.png,5.304634594917298,197.31112670898438,192.7789764404297,4.5321502685546875,131.22933959960938,130.49789428710938,0.7314453125,0.1211005225777626,0.12723006308078766,0.006129540503025055,0.0,0.0,0.0,0.0,0.0,0.0,0.586243748664856,0.5865051746368408,-0.0002614259719848633,0.11551937460899353,0.11551937460899353,211.2392272055149
crack0030_03.png,0.4309626102447508,185.2361602783203,183.02711486816406,2.20904541015625,115.86024475097656,115.44609069824219,0.414154052734375,0.20382094383239746,0.20369283854961395,-0.0001281052827835083,0.08055323362350464,0.03323084115982056,-0.04732239246368408,0.25607913732528687,0.2222745418548584,-0.03380459547042847,0.576205313205719,0.5772203207015991,-0.001015007495880127,0.1327868402004242,0.1327868402004242,194.99888008832932
crack0030_04.png,2.0222715377807616,193.45751953125,190.82757568359375,2.62994384765625,122.85086059570312,121.32103729248047,1.5298233032226562,0.2411576509475708,0.22795799374580383,-0.013199657201766968,0.0,0.0,0.0,0.08116179704666138,0.08436077833175659,0.003198981285095215,0.5786120891571045,0.5827028155326843,-0.004090726375579834,0.10515876114368439,0.10515876114368439,201.77318060398102
crack0030_05.png,4.64733510017395,198.25955200195312,195.49520874023438,2.76434326171875,123.20381164550781,122.2529296875,0.9508819580078125,0.19626949727535248,0.21591752767562866,0.019648030400276184,0.0,0.0,0.0,0.055248796939849854,0.03480195999145508,-0.020446836948394775,0.5841330289840698,0.5858631134033203,-0.0017300844192504883,0.12229064106941223,0.12229064106941223,208.5357350707054
crack0030_06.png,3.7745742797851562,177.6326446533203,175.28781127929688,2.3448333740234375,131.835693359375,130.29676818847656,1.5389251708984375,0.1608857810497284,0.16404545307159424,0.0031596720218658447,0.02408123016357422,0.03561711311340332,0.011535882949829102,0.0,0.0,0.0,0.5945174694061279,0.5920184254646301,0.0024990439414978027,0.12786975502967834,0.12786975502967834,190.58777987957
crack0030_07.png,-0.06189398765563969,180.7436065673828,180.31849670410156,0.42510986328125,115.72062683105469,115.23863220214844,0.48199462890625,0.20163479447364807,0.20102225244045258,-0.0006125420331954956,0.06803977489471436,0.05614912509918213,-0.011890649795532227,0.2571049928665161,0.2532672882080078,-0.0038377046585083008,0.5801230072975159,0.5840023159980774,-0.0038793087005615234,0.13400495052337646,0.13400495052337646,191.82980912923813
crack0030_08.png,1.7879685401916503,204.06617736816406,202.6019287109375,1.4642486572265625,128.2080078125,127.21365356445312,0.994354248046875,0.1550891399383545,0.15810993313789368,0.0030207931995391846,0.27881312370300293,0.27161306142807007,-0.007200062274932861,0.13822484016418457,0.13712263107299805,-0.0011022090911865234,0.5867819786071777,0.5874740481376648,-0.0006920695304870605,0.12979012727737427,0.12979012727737427,217.5276665687561
crack0030_09.png,1.5520402908325195,180.87850952148438,179.63449096679688,1.2440185546875,116.73577117919922,116.26995086669922,0.4658203125,0.21103383600711823,0.2132336050271988,0.0021997690200805664,0.0,0.0,0.0,0.1383170485496521,0.12825465202331543,-0.01006239652633667,0.5834640264511108,0.5848212242126465,-0.0013571977615356445,0.14239126443862915,0.14239126443862915,190.9873190522194
crack0031_00.png,0.3080815315246582,102.99527740478516,102.74855041503906,0.24672698974609375,105.537841796875,105.60092163085938,-0.063079833984375,0.24534854292869568,0.23447051644325256,-0.010878026485443115,0.13996922969818115,0.16328251361846924,0.023313283920288086,0.1378772258758545,0.1605081558227539,0.022630929946899414,0.5908227562904358,0.5902153253555298,0.0006074309349060059,0.2508903443813324,0.2508903443813324,112.43659317493439
crack0031_01.png,-0.2682636737823486,82.42467498779297,82.09243774414062,0.33223724365234375,103.95836639404297,103.50520324707031,0.45316314697265625,0.18734371662139893,0.1808183640241623,-0.006525352597236633,0.34614914655685425,0.3413512110710144,-0.004797935485839844,0.2347804307937622,0.2436397671699524,0.008859336376190186,0.5862206816673279,0.5879161953926086,-0.0016955137252807617,0.20922335982322693,0.20922335982322693,94.9261023402214
crack0031_02.png,-0.0980525493621826,101.73235321044922,101.7233657836914,0.0089874267578125,105.127197265625,105.31578826904297,-0.18859100341796875,0.21113774180412292,0.20906458795070648,-0.002073153853416443,0.0,0.004244327545166016,0.004244327545166016,0.0,0.013948202133178711,0.013948202133178711,0.58319491147995,0.5840830206871033,-0.0008881092071533203,0.26686638593673706,0.26686638593673706,112.54730504751205
crack0031_03.png,0.7044954776763916,105.78328704833984,105.14823150634766,0.6350555419921875,105.07546997070312,104.82847595214844,0.2469940185546875,0.23955874145030975,0.2424500286579132,0.0028912872076034546,0.11413145065307617,0.10516583919525146,-0.008965611457824707,0.06261473894119263,0.06853067874908447,0.005915939807891846,0.5917224287986755,0.5892733335494995,0.0024490952491760254,0.2634718716144562,0.2634718716144562,114.76113194227219
crack0031_04.png,-5.862661552429199,106.9460220336914,108.91262817382812,-1.9666061401367188,117.54694366455078,118.94931030273438,-1.4023666381835938,0.17083139717578888,0.1507590264081955,-0.020072370767593384,0.2821134924888611,0.23695433139801025,-0.04515916109085083,0.1390131711959839,0.039161860942840576,-0.09985131025314331,0.593640923500061,0.5917147397994995,0.0019261837005615234,0.15802283585071564,0.15802283585071564,122.62942045927048
crack0031_05.png,1.5216840267181397,111.75948333740234,110.82982635498047,0.929656982421875,107.93738555908203,107.12017822265625,0.8172073364257812,0.1468941867351532,0.17034368216991425,0.023449495434761047,0.1472940444946289,0.10643923282623291,-0.040854811668395996,0.08788293600082397,0.04855126142501831,-0.039331674575805664,0.5886043906211853,0.5880199670791626,0.0005844235420227051,0.18495340645313263,0.18495340645313263,126.02517926692963
crack0031_06.png,0.20464978218078622,113.48728942871094,113.97708129882812,-0.4897918701171875,110.44338989257812,111.01065063476562,-0.5672607421875,0.18447257578372955,0.17701157927513123,-0.007460996508598328,0.23725861310958862,0.2767636179924011,0.0395050048828125,0.1695268154144287,0.18605870008468628,0.01653188467025757,0.595390260219574,0.5969396233558655,-0.001549363136291504,0.1704685240983963,0.1704685240983963,126.98907554149628
crack0031_07.png,3.02905216217041,106.68509674072266,105.33183288574219,1.3532638549804688,110.34835815429688,109.57472229003906,0.7736358642578125,0.16335821151733398,0.1792227029800415,0.01586449146270752,0.17484229803085327,0.173661470413208,-0.0011808276176452637,0.10706818103790283,0.08954834938049316,-0.017519831657409668,0.590765118598938,0.5871549248695374,0.0036101937294006348,0.19216370582580566,0.19216370582580566,119.8375768661499
crack0031_08.png,-0.1273632049560547,103.28331756591797,103.96916198730469,-0.6858444213867188,113.53846740722656,114.9184341430664,-1.3799667358398438,0.18243922293186188,0.182132288813591,-0.000306934118270874,0.19300377368927002,0.21730780601501465,0.02430403232574463,0.11809360980987549,0.16937822103500366,0.051284611225128174,0.5967051386833191,0.5926336050033569,0.004071533679962158,0.16380174458026886,0.16380174458026886,116.56650799512863
crack0031_09.png,2.1589919090270997,107.76874542236328,107.32759857177734,0.4411468505859375,106.65363311767578,107.03931427001953,-0.38568115234375,0.2170013040304184,0.2288469821214676,0.011845678091049194,0.17363375425338745,0.19586104154586792,0.02222728729248047,0.15556484460830688,0.14541572332382202,-0.010149121284484863,0.5897424221038818,0.5888581275939941,0.0008842945098876953,0.17623062431812286,0.17623062431812286,118.11779063940048
crack0032_00.png,2.4183782577514648,104.2701644897461,102.79607391357422,1.474090576171875,106.36807250976562,105.2022476196289,1.1658248901367188,0.20797866582870483,0.2228805124759674,0.014901846647262573,0.30080169439315796,0.2765301465988159,-0.02427154779434204,0.2406291961669922,0.21672409772872925,-0.02390509843826294,0.5885813236236572,0.5821645259857178,0.006416797637939453,0.16101855039596558,0.16101855039596558,114.59765219688416
crack0032_01.png,-0.11986336708068857,102.99098205566406,101.34574127197266,1.6452407836914062,108.82217407226562,108.37721252441406,0.4449615478515625,0.2034236341714859,0.22443222999572754,0.021008595824241638,0.3537142276763916,0.26263922452926636,-0.09107500314712524,0.20822960138320923,0.12409818172454834,-0.08413141965866089,0.5892271995544434,0.5887466073036194,0.0004805922508239746,0.14929404854774475,0.14929404854774475,113.53203159570694
crack0032_02.png,3.5139612674713137,92.56658172607422,92.65814208984375,-0.09156036376953125,108.26261901855469,108.0440673828125,0.2185516357421875,0.16390258073806763,0.1981147676706314,0.03421218693256378,0.5411492586135864,0.5585974454879761,0.01744818687438965,0.36823928356170654,0.39110445976257324,0.0228651762008667,0.581941545009613,0.579861581325531,0.0020799636840820312,0.1570822298526764,0.1570822298526764,106.05586886405945
crack0032_03.png,0.8022171974182131,106.95720672607422,105.72323608398438,1.2339706420898438,110.0294418334961,109.23300170898438,0.7964401245117188,0.2454465627670288,0.25213301181793213,0.00668644905090332,0.3257593512535095,0.2929207682609558,-0.03283858299255371,0.2147161364555359,0.19686520099639893,-0.017850935459136963,0.5895578861236572,0.5888504385948181,0.0007074475288391113,0.19226929545402527,0.19226929545402527,115.19574308395386
crack0032_04.png,-0.21500282287597655,100.76436614990234,100.68647003173828,0.0778961181640625,108.01007843017578,107.52293395996094,0.48714447021484375,0.30868905782699585,0.30734381079673767,-0.0013452470302581787,0.28397828340530396,0.2710338234901428,-0.012944459915161133,0.17129164934158325,0.1527988314628601,-0.018492817878723145,0.5817301273345947,0.5782890915870667,0.003441035747528076,0.20856119692325592,0.20856119692325592,105.55399453639984
crack0032_05.png,0.21426000595092776,94.69152069091797,94.59278869628906,0.09873199462890625,106.65480041503906,106.2574462890625,0.3973541259765625,0.2342480570077896,0.2272171527147293,-0.007030904293060303,0.42564624547958374,0.4351855516433716,0.009539306163787842,0.24633020162582397,0.24568122625350952,-0.0006489753723144531,0.5869050621986389,0.5834679007530212,0.0034371614456176758,0.16383399069309235,0.16383399069309235,104.48532801866531
crack0032_06.png,1.8152392387390137,99.63829803466797,99.17677307128906,0.46152496337890625,102.27001953125,101.93765258789062,0.332366943359375,0.26409944891929626,0.2706870436668396,0.006587594747543335,0.4062800407409668,0.42035990953445435,0.014079868793487549,0.28824836015701294,0.31444668769836426,0.02619832754135132,0.589008092880249,0.5857439637184143,0.003264129161834717,0.19262754917144775,0.19262754917144775,107.1218923330307
crack0032_07.png,1.4576939582824706,101.98393249511719,101.5512924194336,0.43264007568359375,101.9869613647461,101.49435424804688,0.49260711669921875,0.27318263053894043,0.27317532896995544,-7.3015689849853516e-06,0.243316650390625,0.2596447467803955,0.016328096389770508,0.1506977677345276,0.17443311214447021,0.023735344409942627,0.5831987857818604,0.5788120031356812,0.004386782646179199,0.21477806568145752,0.21477806568145752,108.70504415035248
crack0032_08.png,3.0989143371582033,103.9801025390625,103.15770721435547,0.8223953247070312,108.35353088378906,107.5024642944336,0.8510665893554688,0.25440868735313416,0.2638913691043854,0.00948268175125122,0.45059365034103394,0.478527307510376,0.02793365716934204,0.35081350803375244,0.36445289850234985,0.013639390468597412,0.5869165658950806,0.5854132771492004,0.001503288745880127,0.16366873681545258,0.16366873681545258,111.78104627132416
crack0032_09.png,0.08210258483886723,108.05875396728516,107.47552490234375,0.5832290649414062,105.07192993164062,104.20890045166016,0.8630294799804688,0.28943511843681335,0.28407129645347595,-0.005363821983337402,0.3421880006790161,0.3307152986526489,-0.011472702026367188,0.27716416120529175,0.25983506441116333,-0.017329096794128418,0.5830026865005493,0.5819607973098755,0.0010418891906738281,0.22406518459320068,0.22406518459320068,114.04296910762787
crack0033_00.png,1.499652624130249,154.57595825195312,153.23178100585938,1.34417724609375,108.6285400390625,108.20419311523438,0.424346923828125,0.21541127562522888,0.21543098986148834,1.971423625946045e-05,0.0,0.0,0.0,0.07095539569854736,0.06644243001937866,-0.004512965679168701,0.5868050456047058,0.5872010588645935,-0.0003960132598876953,0.09418472647666931,0.09418472647666931,164.46723544597626
crack0033_01.png,-0.026414203643798873,138.51345825195312,138.3404083251953,0.1730499267578125,108.84091186523438,109.60094451904297,-0.7600326538085938,0.17784345149993896,0.1785409152507782,0.0006974637508392334,0.0,0.0,0.0,0.25726670026779175,0.24755781888961792,-0.009708881378173828,0.5886120796203613,0.5873932838439941,0.0012187957763671875,0.10372082889080048,0.10372082889080048,151.30080938339233
crack0033_02.png,0.6989841461181641,163.92279052734375,163.53407287597656,0.3887176513671875,107.95506286621094,108.0970458984375,-0.1419830322265625,0.2234286367893219,0.22824755311012268,0.004818916320800781,0.0,0.0,0.0,0.13094055652618408,0.13671481609344482,0.005774259567260742,0.5804152488708496,0.5808765888214111,-0.00046133995056152344,0.08771365880966187,0.08771365880966187,173.5577770471573
crack0033_03.png,-0.17228789329528804,137.41802978515625,137.1891632080078,0.2288665771484375,107.13848876953125,106.74134826660156,0.3971405029296875,0.22609959542751312,0.2191878855228424,-0.006911709904670715,0.0,0.0,0.0,0.190343976020813,0.18431687355041504,-0.006027102470397949,0.5807151198387146,0.5808919668197632,-0.00017684698104858398,0.1110895574092865,0.1110895574092865,147.388002038002
crack0033_04.png,-2.843828248977661,125.19810485839844,128.5219268798828,-3.323822021484375,105.87146759033203,106.12826538085938,-0.25679779052734375,0.22205328941345215,0.22840870916843414,0.006355419754981995,0.0,0.0,0.0,0.15079110860824585,0.14913761615753174,-0.0016534924507141113,0.584690511226654,0.5828335285186768,0.001856982707977295,0.10198361426591873,0.10198361426591873,136.92443895339966
crack0033_05.png,-0.37491822242736816,161.71974182128906,162.11036682128906,-0.390625,113.41429138183594,114.27179718017578,-0.8575057983398438,0.14589260518550873,0.15004006028175354,0.004147455096244812,0.0,0.0,0.0,0.0,0.0,0.0,0.5878661870956421,0.5871933698654175,0.0006728172302246094,0.08826491236686707,0.08826491236686707,176.67614549398422
crack0033_06.png,1.3595406532287597,151.92041015625,150.6280975341797,1.2923126220703125,111.73072814941406,112.81779479980469,-1.087066650390625,0.15449729561805725,0.1606903076171875,0.006193011999130249,0.0,0.0,0.0,0.2198786735534668,0.18002700805664062,-0.03985166549682617,0.5908189415931702,0.5906535983085632,0.0001653432846069336,0.09648236632347107,0.09648236632347107,165.63717377185822
crack0033_07.png,-1.180083990097046,151.08416748046875,152.51333618164062,-1.429168701171875,107.6263427734375,108.2541275024414,-0.6277847290039062,0.17822256684303284,0.18310444056987762,0.004881873726844788,0.0,0.0,0.0,0.0,0.012988626956939697,0.012988626956939697,0.5851210951805115,0.5823798775672913,0.002741217613220215,0.09586767107248306,0.09586767107248306,164.51024162769318
crack0033_08.png,3.2527342319488524,152.1443328857422,150.37301635742188,1.7713165283203125,110.3119125366211,110.52340698242188,-0.21149444580078125,0.16150569915771484,0.1805291622877121,0.019023463129997253,0.0,0.0,0.0,0.09794259071350098,0.09255880117416382,-0.005383789539337158,0.5845982432365417,0.5834947824478149,0.0011034607887268066,0.09181816875934601,0.09181816875934601,164.9522624015808
crack0033_09.png,-0.7523657321929932,145.58425903320312,146.2399139404297,-0.6556549072265625,110.06733703613281,110.10877990722656,-0.04144287109375,0.16716043651103973,0.16418835520744324,-0.0029720813035964966,0.0,0.0,0.0,0.11996227502822876,0.11104094982147217,-0.008921325206756592,0.5876163244247437,0.5836755037307739,0.0039408206939697266,0.10215051472187042,0.10215051472187042,159.56543815135956
crack0034_00.png,0.6734780311584473,111.3372573852539,111.14319610595703,0.194061279296875,105.75470733642578,105.35105895996094,0.40364837646484375,0.2792726457118988,0.2803783714771271,0.0011057257652282715,0.43882495164871216,0.4441433548927307,0.005318403244018555,0.40488147735595703,0.4108436107635498,0.0059621334075927734,0.5821684002876282,0.5817493200302124,0.0004190802574157715,0.22250333428382874,0.22250333428382874,117.77060401439667
crack0034_01.png,0.8770773887634278,95.98857116699219,96.63240051269531,-0.643829345703125,103.26268768310547,103.52030181884766,-0.2576141357421875,0.24501222372055054,0.2579845190048218,0.01297229528427124,0.48360949754714966,0.4951956868171692,0.011586189270019531,0.36580586433410645,0.3763675093650818,0.010561645030975342,0.581122636795044,0.5780546069145203,0.0030680298805236816,0.14429888129234314,0.14429888129234314,104.85465788841248
crack0034_02.png,-0.0931696891784668,99.61637115478516,99.50568389892578,0.110687255859375,102.58428955078125,102.51818084716797,0.06610870361328125,0.2356870472431183,0.24782785773277283,0.012140810489654541,0.48119819164276123,0.44803333282470703,-0.0331648588180542,0.42165154218673706,0.41554826498031616,-0.0061032772064208984,0.5919915437698364,0.5888658165931702,0.0031257271766662598,0.14727440476417542,0.14727440476417542,109.09946644306183
crack0034_03.png,4.797287082672119,124.50314331054688,122.04969787597656,2.4534454345703125,123.699462890625,120.35875701904297,3.3407058715820312,0.255723774433136,0.26875004172325134,0.013026267290115356,0.5021572113037109,0.5011937022209167,-0.0009635090827941895,0.45723479986190796,0.4598842263221741,0.0026494264602661133,0.5993887186050415,0.5992887616157532,9.995698928833008e-05,0.23594218492507935,0.23594218492507935,131.90854287147522
crack0034_04.png,-0.39978981018066406,112.01593017578125,111.91746520996094,0.0984649658203125,105.85057067871094,105.5201416015625,0.3304290771484375,0.2929483652114868,0.2946901321411133,0.0017417669296264648,0.5063961148262024,0.4833533763885498,-0.023042738437652588,0.435916006565094,0.42963045835494995,-0.006285548210144043,0.5896655321121216,0.5858669877052307,0.003798544406890869,0.18142712116241455,0.18142712116241455,117.97641706466675
crack0034_05.png,0.9792626380920411,101.666748046875,101.82781219482422,-0.16106414794921875,102.8182373046875,102.69903564453125,0.11920166015625,0.2323383092880249,0.2431657612323761,0.010827451944351196,0.36681652069091797,0.36725282669067383,0.0004363059997558594,0.3347012996673584,0.34348249435424805,0.008781194686889648,0.5882430076599121,0.5830180644989014,0.005224943161010742,0.17116719484329224,0.17116719484329224,111.3367018699646
crack0034_06.png,-0.815939998626709,100.61278533935547,100.54475402832031,0.06803131103515625,104.93083953857422,104.552978515625,0.37786102294921875,0.26554036140441895,0.2558913230895996,-0.009649038314819336,0.4553873538970947,0.4521870017051697,-0.003200352191925049,0.3744574189186096,0.36915236711502075,-0.005305051803588867,0.5830296277999878,0.5864090919494629,-0.0033794641494750977,0.16501128673553467,0.16501128673553467,108.68165397644043
crack0034_07.png,-0.0853271484375,107.89617156982422,107.54613494873047,0.35003662109375,106.83737182617188,106.71804809570312,0.11932373046875,0.31068557500839233,0.30647748708724976,-0.004208087921142578,0.44502580165863037,0.4461858868598938,0.0011600852012634277,0.40508216619491577,0.40578609704971313,0.0007039308547973633,0.5853710174560547,0.5901922583580017,-0.0048212409019470215,0.2507583498954773,0.2507583498954773,112.94019436836243
crack0034_08.png,-0.22893381118774414,105.15774536132812,105.4272232055664,-0.26947784423828125,103.84677124023438,103.95621490478516,-0.10944366455078125,0.28646087646484375,0.2874787747859955,0.0010178983211517334,0.5275631546974182,0.5273778438568115,-0.00018531084060668945,0.464946448802948,0.4700867533683777,0.0051403045654296875,0.589907705783844,0.5896501541137695,0.0002575516700744629,0.23043422400951385,0.23043422400951385,111.7011399269104
crack0034_09.png,-0.9989181518554688,103.0718994140625,103.57147216796875,-0.49957275390625,104.69708251953125,105.448486328125,-0.75140380859375,0.3195083439350128,0.31885457038879395,-0.0006537735462188721,0.49548280239105225,0.4904366731643677,-0.00504612922668457,0.4229000210762024,0.4248301386833191,0.0019301176071166992,0.5889965295791626,0.5876124501228333,0.0013840794563293457,0.24353060126304626,0.24353060126304626,107.75027275085449
crack0035_00.png,2.040248966217041,110.65847778320312,110.4162826538086,0.24219512939453125,107.30949401855469,106.68580627441406,0.623687744140625,0.3103606700897217,0.32531458139419556,0.014953911304473877,0.5417078733444214,0.5471158623695374,0.005407989025115967,0.3620105981826782,0.37690138816833496,0.014890789985656738,0.5838446617126465,0.5804460048675537,0.0033986568450927734,0.16254298388957977,0.16254298388957977,115.26952648162842
crack0035_01.png,0.1881173133850098,118.23329162597656,117.75028991699219,0.483001708984375,109.48214721679688,109.36859130859375,0.113555908203125,0.34382572770118713,0.3417980968952179,-0.0020276308059692383,0.5189497470855713,0.5176384449005127,-0.0013113021850585938,0.4249138832092285,0.42255252599716187,-0.0023613572120666504,0.581633985042572,0.5847750902175903,-0.0031411051750183105,0.23117069900035858,0.23117069900035858,120.87490856647491
crack0035_02.png,-0.1653433799743652,102.81818389892578,103.1644515991211,-0.3462677001953125,105.7518310546875,105.89051818847656,-0.1386871337890625,0.31854358315467834,0.3200850188732147,0.001541435718536377,0.5100359916687012,0.5114559531211853,0.0014199614524841309,0.43565845489501953,0.43358856439590454,-0.0020698904991149902,0.5835447907447815,0.5821376442909241,0.0014071464538574219,0.21095967292785645,0.21095967292785645,107.220494389534
crack0035_03.png,0.5006678581237793,118.983642578125,118.79779815673828,0.18584442138671875,106.65583801269531,105.92620849609375,0.7296295166015625,0.4284404218196869,0.4243171215057373,-0.004123300313949585,0.6069791316986084,0.6134585738182068,0.006479442119598389,0.47064560651779175,0.4719651937484741,0.001319587230682373,0.5818685293197632,0.5795270800590515,0.00234144926071167,0.15865503251552582,0.15865503251552582,116.70643424987793
crack0035_04.png,-0.5966816902160644,115.2870864868164,114.63526153564453,0.651824951171875,109.03923034667969,108.84210968017578,0.19712066650390625,0.33551785349845886,0.3209923505783081,-0.014525502920150757,0.563748300075531,0.5597769021987915,-0.003971397876739502,0.4427764415740967,0.4314391016960144,-0.011337339878082275,0.5910918712615967,0.5912533402442932,-0.0001614689826965332,0.2175413817167282,0.2175413817167282,119.35176658630371
crack0035_05.png,0.9285927772521974,109.7927474975586,109.46089935302734,0.33184814453125,104.3191909790039,103.76718139648438,0.5520095825195312,0.3970947861671448,0.4027758836746216,0.005681097507476807,0.5485103130340576,0.5489226579666138,0.00041234493255615234,0.46181362867355347,0.46120142936706543,-0.0006121993064880371,0.5807689428329468,0.5831449627876282,-0.0023760199546813965,0.23273316025733948,0.23273316025733948,109.12693476676941
crack0035_06.png,1.4690870285034179,100.88125610351562,100.43912506103516,0.44213104248046875,105.34085083007812,105.10928344726562,0.2315673828125,0.3264734745025635,0.33655452728271484,0.010081052780151367,0.5154005289077759,0.5204113721847534,0.005010843276977539,0.46841317415237427,0.4762372374534607,0.007824063301086426,0.5845789909362793,0.5863937139511108,-0.001814723014831543,0.2784891426563263,0.2784891426563263,104.52753067016602
crack0035_07.png,1.1942885398864747,106.62987518310547,106.54571533203125,0.08415985107421875,102.8804931640625,101.80704498291016,1.0734481811523438,0.36780256032943726,0.38056159019470215,0.012759029865264893,0.5910985469818115,0.5824493169784546,-0.008649230003356934,0.41265690326690674,0.41242194175720215,-0.00023496150970458984,0.5781968235969543,0.5780469179153442,0.00014990568161010742,0.1590650975704193,0.1590650975704193,107.6475145816803
crack0035_08.png,1.1951682090759277,106.5735855102539,106.3824234008789,0.191162109375,102.63906860351562,102.39984130859375,0.239227294921875,0.44633013010025024,0.45544901490211487,0.009118884801864624,0.5492358803749084,0.5528101921081543,0.0035743117332458496,0.4737653136253357,0.47466909885406494,0.000903785228729248,0.5802998542785645,0.5794040560722351,0.0008957982063293457,0.20254111289978027,0.20254111289978027,102.91019082069397
crack0035_09.png,0.9675164222717285,99.85921478271484,99.70758819580078,0.1516265869140625,103.05368041992188,102.64817810058594,0.4055023193359375,0.45785754919052124,0.4677341878414154,0.009876638650894165,0.5532314777374268,0.5523809790611267,-0.0008504986763000488,0.48491203784942627,0.48556292057037354,0.0006508827209472656,0.5813148617744446,0.5838754177093506,-0.002560555934906006,0.210706889629364,0.210706889629364,95.66696524620056
crack0036_00.png,-0.2853171348571777,106.01399230957031,107.12736511230469,-1.113372802734375,107.69601440429688,107.38130950927734,0.31470489501953125,0.3295156955718994,0.32516542077064514,-0.0043502748012542725,0.19320017099380493,0.21647542715072632,0.023275256156921387,0.33855587244033813,0.3404756188392639,0.0019197463989257812,0.5891772508621216,0.5861976146697998,0.0029796361923217773,0.118601493537426,0.118601493537426,110.62784349918365
crack0036_01.png,-0.194849681854248,106.23831939697266,106.83975982666016,-0.6014404296875,107.2530746459961,107.32319641113281,-0.07012176513671875,0.30028754472732544,0.2986137270927429,-0.0016738176345825195,0.07475119829177856,0.08486253023147583,0.010111331939697266,0.27082937955856323,0.27239251136779785,0.0015631318092346191,0.5869857668876648,0.5828834772109985,0.00410228967666626,0.09613677859306335,0.09613677859306335,112.10164666175842
crack0036_02.png,-0.9252596855163574,109.1259994506836,109.35641479492188,-0.23041534423828125,103.71585083007812,103.75459289550781,-0.0387420654296875,0.31404995918273926,0.3059175908565521,-0.008132368326187134,0.0,0.0,0.0,0.21204739809036255,0.22076255083084106,0.008715152740478516,0.5838062167167664,0.5845251679420471,-0.0007189512252807617,0.10459883511066437,0.10459883511066437,114.26715838909149
crack0036_03.png,-0.8291381835937499,95.26624298095703,96.1181411743164,-0.851898193359375,105.09586334228516,104.9697265625,0.12613677978515625,0.28907203674316406,0.27876967191696167,-0.010302364826202393,0.32814842462539673,0.3484798073768616,0.020331382751464844,0.43664103746414185,0.44234293699264526,0.005701899528503418,0.5830373167991638,0.5834563374519348,-0.0004190206527709961,0.13393425941467285,0.13393425941467285,102.30426526069641
crack0036_04.png,1.3596512794494628,104.47575378417969,104.77019500732422,-0.29444122314453125,104.89334106445312,104.93659210205078,-0.04325103759765625,0.29206517338752747,0.27809596061706543,-0.013969212770462036,0.20609349012374878,0.2737521529197693,0.06765866279602051,0.35267776250839233,0.36214596033096313,0.0094681978225708,0.5815224647521973,0.5794578790664673,0.0020645856857299805,0.11920495331287384,0.11920495331287384,111.19811534881592
crack0036_05.png,-1.7731067657470705,112.9651870727539,114.14595031738281,-1.1807632446289062,105.7532958984375,105.75269317626953,0.00060272216796875,0.2092311978340149,0.19037964940071106,-0.018851548433303833,0.17657959461212158,0.2034127116203308,0.02683311700820923,0.33677345514297485,0.3345853090286255,-0.0021881461143493652,0.5829296708106995,0.5868743062019348,-0.0039446353912353516,0.10994775593280792,0.10994775593280792,125.60776197910309
crack0036_06.png,-3.725515365600586,120.67754364013672,122.80059814453125,-2.1230545043945312,110.83784484863281,110.52854919433594,0.309295654296875,0.2950511574745178,0.2764900326728821,-0.018561124801635742,0.3114163875579834,0.3079754710197449,-0.0034409165382385254,0.35525304079055786,0.36205846071243286,0.006805419921875,0.5925682187080383,0.5951595306396484,-0.0025913119316101074,0.1479015052318573,0.1479015052318573,128.956050157547
crack0036_07.png,0.6737841606140137,132.78221130371094,133.62188720703125,-0.8396759033203125,104.79303741455078,105.1417236328125,-0.34868621826171875,0.3112729489803314,0.3224610984325409,0.011188149452209473,0.33070671558380127,0.3476583957672119,0.016951680183410645,0.40256476402282715,0.4010424017906189,-0.001522362232208252,0.5972702503204346,0.5952748656272888,0.001995384693145752,0.11669644713401794,0.11669644713401794,138.4164823293686
crack0036_08.png,-2.493134021759033,106.87320709228516,108.01184844970703,-1.138641357421875,102.8544921875,102.62355041503906,0.2309417724609375,0.29386377334594727,0.2806064784526825,-0.01325729489326477,0.39421141147613525,0.3843504786491394,-0.00986093282699585,0.42059510946273804,0.4197784662246704,-0.000816643238067627,0.5797923803329468,0.5795885920524597,0.00020378828048706055,0.1513681560754776,0.1513681560754776,113.79783427715302
crack0036_09.png,-0.8096062183380126,101.95917510986328,102.7903823852539,-0.831207275390625,104.23936462402344,104.15686798095703,0.08249664306640625,0.2493644654750824,0.23776160180568695,-0.011602863669395447,0.3559597134590149,0.3788420557975769,0.02288234233856201,0.40872490406036377,0.41505688428878784,0.006331980228424072,0.5854747891426086,0.5854363441467285,3.844499588012695e-05,0.12368201464414597,0.12368201464414597,111.52807420492172
crack0037_00.png,-0.08340764045715332,112.84536743164062,112.81190490722656,0.0334625244140625,107.24333190917969,105.89315795898438,1.3501739501953125,0.20266495645046234,0.23529145121574402,0.03262649476528168,0.18438035249710083,0.10415714979171753,-0.0802232027053833,0.1905384659767151,0.175525963306427,-0.015012502670288086,0.5886966586112976,0.5901499390602112,-0.0014532804489135742,0.10527747869491577,0.10527747869491577,124.2747363448143
crack0037_01.png,1.069732093811035,125.65330505371094,125.11669158935547,0.5366134643554688,111.01319885253906,110.62583923339844,0.387359619140625,0.24433372914791107,0.23958919942378998,-0.004744529724121094,0.298009991645813,0.31419676542282104,0.016186773777008057,0.31410932540893555,0.31386810541152954,-0.00024121999740600586,0.5880007743835449,0.5852441191673279,0.002756655216217041,0.14155736565589905,0.14155736565589905,134.5296773314476
crack0037_02.png,-0.43044462203979483,107.01831817626953,106.3327865600586,0.6855316162109375,100.83818054199219,99.78675079345703,1.0514297485351562,0.21518085896968842,0.2056678682565689,-0.009512990713119507,0.02323240041732788,0.0,-0.02323240041732788,0.2522351145744324,0.24174386262893677,-0.010491251945495605,0.5842560529708862,0.5804113745689392,0.0038446784019470215,0.1294323354959488,0.1294323354959488,117.70572239160538
crack0037_03.png,-0.8543965339660644,114.3113021850586,114.36896514892578,-0.0576629638671875,105.05933380126953,105.00421905517578,0.05511474609375,0.25458577275276184,0.2508929371833801,-0.003692835569381714,0.1423804759979248,0.12526357173919678,-0.017116904258728027,0.2735605239868164,0.2684648036956787,-0.005095720291137695,0.5867243409156799,0.5826912522315979,0.004033088684082031,0.16702967882156372,0.16702967882156372,122.75553107261658
crack0037_04.png,-0.6102355957031249,109.51441192626953,111.03620910644531,-1.5217971801757812,104.55022430419922,103.82304382324219,0.7271804809570312,0.20504643023014069,0.2076672464609146,0.0026208162307739258,0.10156893730163574,0.11127936840057373,0.009710431098937988,0.3059852123260498,0.309461772441864,0.003476560115814209,0.5801268815994263,0.579561710357666,0.0005651712417602539,0.1507730484008789,0.1507730484008789,121.17759996652603
crack0037_05.png,1.7575714111328125,117.3202133178711,117.52176666259766,-0.2015533447265625,109.88772583007812,109.52597045898438,0.36175537109375,0.1983335018157959,0.22013336420059204,0.021799862384796143,0.0,0.0,0.0,0.1935591697692871,0.18184053897857666,-0.01171863079071045,0.5972203016281128,0.5954594612121582,0.0017608404159545898,0.1220109611749649,0.1220109611749649,129.40979194641113
crack0037_06.png,-0.9183448791503905,100.37364196777344,100.7974853515625,-0.4238433837890625,105.80986022949219,104.84727478027344,0.96258544921875,0.1854214072227478,0.17985263466835022,-0.005568772554397583,0.14373010396957397,0.1353398561477661,-0.008390247821807861,0.20504766702651978,0.18366193771362305,-0.02138572931289673,0.5786543488502502,0.5811149477958679,-0.0024605989456176758,0.12146870791912079,0.12146870791912079,113.03900349140167
crack0037_07.png,0.5458806991577149,114.54296112060547,114.56877136230469,-0.02581024169921875,101.86676025390625,101.31552124023438,0.551239013671875,0.2224317491054535,0.21865010261535645,-0.003781646490097046,0.32172882556915283,0.33674556016921997,0.015016734600067139,0.30464744567871094,0.3114970326423645,0.0068495869636535645,0.58053058385849,0.5792041420936584,0.001326441764831543,0.14769555628299713,0.14769555628299713,124.65808343887329
crack0037_08.png,-6.450949430465698,129.41836547851562,133.3417205810547,-3.9233551025390625,100.2839126586914,99.82103729248047,0.4628753662109375,0.18249641358852386,0.17381635308265686,-0.008680060505867004,0.2595568895339966,0.20999032258987427,-0.049566566944122314,0.25860369205474854,0.24762433767318726,-0.01097935438156128,0.5791465044021606,0.5800384283065796,-0.0008919239044189453,0.11620599031448364,0.11620599031448364,144.15259897708893
crack0037_09.png,1.7696218013763427,120.86990356445312,120.38804626464844,0.4818572998046875,104.3905029296875,103.8477783203125,0.542724609375,0.19436921179294586,0.20168054103851318,0.007311329245567322,0.20258307456970215,0.21467339992523193,0.012090325355529785,0.3198084831237793,0.33849096298217773,0.018682479858398438,0.5914302468299866,0.5913763642311096,5.3882598876953125e-05,0.11482194066047668,0.11482194066047668,132.6240320801735
crack0038_00.png,-2.949128532409668,120.56817626953125,119.18743896484375,1.3807373046875,108.12176513671875,107.33946228027344,0.7823028564453125,0.44913193583488464,0.38768109679222107,-0.061450839042663574,0.0,0.0,0.0,0.01288837194442749,0.12675124406814575,0.11386287212371826,0.587731659412384,0.5808996558189392,0.006832003593444824,0.10755221545696259,0.10755221545696259,120.1262081861496
crack0038_01.png,7.941981506347656,113.6599349975586,111.23450469970703,2.4254302978515625,104.74021911621094,103.57081604003906,1.169403076171875,0.3053431212902069,0.3679714798927307,0.0626283586025238,0.0,0.0007477402687072754,0.0007477402687072754,0.17094659805297852,0.17077195644378662,-0.00017464160919189453,0.5804728865623474,0.5802575945854187,0.00021529197692871094,0.11243848502635956,0.11243848502635956,117.3455480337143
crack0038_02.png,0.553126049041748,118.49707794189453,117.74132537841797,0.7557525634765625,106.130615234375,105.81494140625,0.315673828125,0.44610562920570374,0.4400278925895691,-0.0060777366161346436,0.0,0.0,0.0,0.1325777769088745,0.12249177694320679,-0.010085999965667725,0.5838600397109985,0.5799269676208496,0.003933072090148926,0.13948309421539307,0.13948309421539307,115.07192969322205
crack0038_03.png,-1.4853167057037353,123.009765625,123.2222671508789,-0.21250152587890625,109.12124633789062,109.67415618896484,-0.5529098510742188,0.2252015620470047,0.2095434069633484,-0.01565815508365631,0.0,0.0,0.0,0.2621575593948364,0.26503342390060425,0.0028758645057678223,0.5922799110412598,0.5872548818588257,0.005025029182434082,0.1170341819524765,0.1170341819524765,134.23460841178894
crack0038_04.png,-0.8109155654907227,111.60650634765625,111.76013946533203,-0.15363311767578125,107.79751586914062,108.49833679199219,-0.7008209228515625,0.45413926243782043,0.44875064492225647,-0.005388617515563965,0.0,0.0,0.0,0.10078436136245728,0.09098529815673828,-0.009799063205718994,0.5868666172027588,0.5855132341384888,0.0013533830642700195,0.11476988345384598,0.11476988345384598,108.2329488992691
crack0038_05.png,-1.045682716369629,106.44715881347656,106.29673767089844,0.150421142578125,105.95877075195312,105.17022705078125,0.788543701171875,0.3774538040161133,0.35690850019454956,-0.02054530382156372,0.0,0.0,0.0,0.10538685321807861,0.10025680065155029,-0.00513005256652832,0.5870895981788635,0.5837870240211487,0.0033025741577148438,0.11717191338539124,0.11717191338539124,108.44102215766907
crack0038_06.png,1.0902634620666505,118.20441436767578,118.24918365478516,-0.044769287109375,114.21662902832031,113.11125946044922,1.1053695678710938,0.370116263628006,0.3779833912849426,0.007867127656936646,0.0,0.0,0.0,0.0,0.0,0.0,0.5864782929420471,0.5848904252052307,0.0015878677368164062,0.11296015977859497,0.11296015977859497,119.478954911232
crack0038_07.png,-1.781389045715332,115.3144760131836,116.53225708007812,-1.2177810668945312,109.90629577636719,110.1952133178711,-0.28891754150390625,0.43939805030822754,0.4337206482887268,-0.005677402019500732,0.0,0.0,0.0,0.08714854717254639,0.08882516622543335,0.0016766190528869629,0.588031530380249,0.5878777503967285,0.0001537799835205078,0.11079336702823639,0.11079336702823639,113.42138886451721
crack0038_08.png,2.7768577575683593,119.95072937011719,118.62821960449219,1.322509765625,110.71900939941406,109.87144470214844,0.847564697265625,0.5000560879707336,0.5139111280441284,0.013855040073394775,0.0,0.0,0.0,0.12961453199386597,0.15175914764404297,0.022144615650177002,0.5871933698654175,0.5870203971862793,0.0001729726791381836,0.11951066553592682,0.11951066553592682,112.77384400367737
crack0038_09.png,3.444462203979492,119.5016860961914,118.37855529785156,1.1231307983398438,108.8699951171875,107.43580627441406,1.4341888427734375,0.3882676362991333,0.4087946116924286,0.020526975393295288,0.0,0.0,0.0,0.1253567934036255,0.14503055810928345,0.01967376470565796,0.5871357321739197,0.5844982862472534,0.0026374459266662598,0.11498669534921646,0.11498669534921646,119.12949180603027
crack0039_00.png,1.3818675518035888,121.56243133544922,122.05497741699219,-0.49254608154296875,108.55120849609375,107.90956115722656,0.6416473388671875,0.1871998906135559,0.19318662583827972,0.005986735224723816,0.266323983669281,0.2918955087661743,0.02557152509689331,0.319640576839447,0.34375882148742676,0.024118244647979736,0.5912379622459412,0.58833909034729,0.002898871898651123,0.13280394673347473,0.13280394673347473,134.226229429245
crack0039_01.png,5.476801061630249,111.85111236572266,111.46802520751953,0.383087158203125,101.8631362915039,101.79899597167969,0.06414031982421875,0.15210342407226562,0.20812194049358368,0.056018516421318054,0.3722386956214905,0.38565361499786377,0.013414919376373291,0.4130589962005615,0.4124768376350403,-0.0005821585655212402,0.5853978991508484,0.5841484069824219,0.0012494921684265137,0.13863733410835266,0.13863733410835266,125.94927930831909
crack0039_02.png,4.601108837127685,106.59358978271484,105.36557006835938,1.2280197143554688,103.0982666015625,102.77570343017578,0.32256317138671875,0.21494311094284058,0.2386665642261505,0.023723453283309937,0.2870638966560364,0.31688159704208374,0.029817700386047363,0.3928338289260864,0.40689951181411743,0.014065682888031006,0.5851826071739197,0.5813456177711487,0.003836989402770996,0.12235701829195023,0.12235701829195023,116.49029755592346
crack0039_03.png,0.17142052650451656,138.32781982421875,137.84727478027344,0.4805450439453125,112.3022232055664,111.2623291015625,1.0398941040039062,0.15684659779071808,0.15339180827140808,-0.0034547895193099976,0.258563756942749,0.24442815780639648,-0.014135599136352539,0.28963929414749146,0.30563515424728394,0.01599586009979248,0.5817839503288269,0.5788658261299133,0.0029181241989135742,0.10853826999664307,0.10853826999664307,152.15539681911469
crack0039_04.png,3.6419395446777343,125.03041076660156,124.99176788330078,0.03864288330078125,109.24421691894531,108.70064544677734,0.5435714721679688,0.1453128159046173,0.15339601039886475,0.008083194494247437,0.15868425369262695,0.22583043575286865,0.0671461820602417,0.2691592574119568,0.2958633303642273,0.026704072952270508,0.5808996558189392,0.5795655250549316,0.0013341307640075684,0.1161927729845047,0.1161927729845047,139.5283066034317
crack0039_05.png,-0.6621958732604982,122.7276840209961,120.26124572753906,2.4664382934570312,108.55162048339844,108.89857482910156,-0.346954345703125,0.24425102770328522,0.21421180665493011,-0.030039221048355103,0.22780334949493408,0.21077102422714233,-0.017032325267791748,0.2852656841278076,0.27697813510894775,-0.008287549018859863,0.5860168933868408,0.5836524367332458,0.0023644566535949707,0.11277500540018082,0.11277500540018082,132.0824322104454
crack0039_06.png,2.6003005743026733,134.18365478515625,132.76051330566406,1.4231414794921875,106.31280517578125,105.21034240722656,1.1024627685546875,0.10060940682888031,0.09975791722536087,-0.0008514896035194397,0.1969285011291504,0.214125394821167,0.0171968936920166,0.31860876083374023,0.3314659595489502,0.012857198715209961,0.5799077153205872,0.5769972801208496,0.002910435199737549,0.10320296883583069,0.10320296883583069,150.682917624712
crack0039_07.png,0.9725122451782227,135.72142028808594,133.67636108398438,2.0450592041015625,108.5597152709961,107.78922271728516,0.7704925537109375,0.09896469116210938,0.08240395784378052,-0.016560733318328857,0.27063095569610596,0.2673076391220093,-0.0033233165740966797,0.26907068490982056,0.2680835723876953,-0.0009871125221252441,0.581318736076355,0.5793925523757935,0.0019261837005615234,0.09413475543260574,0.09413475543260574,153.00740265846252
crack0039_08.png,1.5664603233337402,129.0816650390625,128.07546997070312,1.006195068359375,109.86266326904297,110.36276245117188,-0.5000991821289062,0.19058355689048767,0.1993497908115387,0.008766233921051025,0.15479063987731934,0.15122926235198975,-0.00356137752532959,0.3189684748649597,0.30514025688171387,-0.01382821798324585,0.5959784984588623,0.5909419655799866,0.005036532878875732,0.12097904086112976,0.12097904086112976,140.98269402980804
crack0039_09.png,0.6021418094635009,122.28549194335938,120.80279541015625,1.482696533203125,115.74879455566406,114.7906494140625,0.9581451416015625,0.1799228936433792,0.1672077476978302,-0.012715145945549011,0.3345925807952881,0.33090734481811523,-0.0036852359771728516,0.37379688024520874,0.37759721279144287,0.003800332546234131,0.5747981667518616,0.5772779583930969,-0.0024797916412353516,0.11194059997797012,0.11194059997797012,134.60279715061188
crack0040_00.png,0.832124137878418,98.23054504394531,98.51998138427734,-0.28943634033203125,114.06729888916016,113.90573120117188,0.16156768798828125,0.26201823353767395,0.27566051483154297,0.013642281293869019,0.0,0.0,0.0,0.0,0.0,0.0,0.5789657831192017,0.5798270106315613,-0.0008612275123596191,0.12604273855686188,0.12604273855686188,105.84724962711334
crack0040_01.png,1.088766384124756,129.2022247314453,128.56298828125,0.6392364501953125,112.23135375976562,112.41954040527344,-0.1881866455078125,0.23250696063041687,0.23917081952095032,0.006663858890533447,0.0,0.0,0.0,0.14718413352966309,0.13291490077972412,-0.014269232749938965,0.5781776309013367,0.5783852338790894,-0.00020760297775268555,0.11820685118436813,0.11820685118436813,138.06759822368622
crack0040_02.png,2.797779750823975,119.8041000366211,118.8676986694336,0.9364013671875,113.50041198730469,114.89826202392578,-1.3978500366210938,0.2726721465587616,0.3022865653038025,0.029614418745040894,0.0,0.0,0.0,0.0,0.0,0.0,0.5828181505203247,0.5815340280532837,0.0012841224670410156,0.11923162639141083,0.11923162639141083,126.28829658031464
crack0040_03.png,1.4465646743774414,114.188720703125,114.56600189208984,-0.37728118896484375,115.39518737792969,113.96463775634766,1.4305496215820312,0.28852397203445435,0.3013761639595032,0.012852191925048828,0.0,0.0,0.0,0.0,0.0,0.0,0.5846020579338074,0.5790157914161682,0.00558626651763916,0.10536836832761765,0.10536836832761765,120.45000529289246
crack0040_04.png,-1.3389289855957032,107.54496002197266,108.10626220703125,-0.5613021850585938,115.76820373535156,115.83758544921875,-0.0693817138671875,0.2544616162776947,0.2458840310573578,-0.008577585220336914,0.0,0.0,0.0,0.01991480588912964,0.020113348960876465,0.00019854307174682617,0.5759553909301758,0.5775470733642578,-0.0015916824340820312,0.12367172539234161,0.12367172539234161,116.1744521856308
crack0040_05.png,2.2020008087158205,109.9907455444336,110.09713745117188,-0.10639190673828125,117.23731994628906,116.07470703125,1.1626129150390625,0.31864145398139954,0.34146028757095337,0.022818833589553833,0.0,0.0,0.0,0.10147231817245483,0.11563926935195923,0.014166951179504395,0.5816839933395386,0.5812379717826843,0.00044602155685424805,0.11376836895942688,0.11376836895942688,114.1928139925003
crack0040_06.png,0.4934275627136231,98.21515655517578,97.49588012695312,0.7192764282226562,113.30271911621094,111.8399429321289,1.4627761840820312,0.35864904522895813,0.3472413718700409,-0.011407673358917236,0.0,0.0,0.0,0.21798652410507202,0.21205610036849976,-0.005930423736572266,0.5924567580223083,0.58991539478302,0.00254136323928833,0.11402051895856857,0.11402051895856857,100.71930634975433
crack0040_07.png,0.044388103485107466,105.60751342773438,105.15158081054688,0.4559326171875,114.27903747558594,113.35760498046875,0.9214324951171875,0.326542466878891,0.31728118658065796,-0.009261280298233032,0.0,0.0,0.0,0.015351593494415283,0.026808500289916992,0.011456906795501709,0.5829411745071411,0.5839215517044067,-0.000980377197265625,0.1198132261633873,0.1198132261633873,109.69953799247742
crack0040_08.png,-0.03182382583618165,120.62450408935547,120.32876586914062,0.29573822021484375,107.33027648925781,107.27890014648438,0.0513763427734375,0.3205549120903015,0.31460604071617126,-0.005948871374130249,0.0,0.0,0.0,0.1263849139213562,0.10669595003128052,-0.019688963890075684,0.5831987857818604,0.5800038576126099,0.0031949281692504883,0.10471250116825104,0.10471250116825104,124.92822396755219
crack0040_09.png,1.3241162300109863,119.2732162475586,118.64972686767578,0.6234893798828125,114.71719360351562,114.32969665527344,0.3874969482421875,0.26494449377059937,0.27077868580818176,0.0058341920375823975,0.0,0.0,0.0,0.14253181219100952,0.13845336437225342,-0.0040784478187561035,0.5800884366035461,0.5781161189079285,0.0019723176956176758,0.12727394700050354,0.12727394700050354,126.26833939552307
crack0041_00.png,-0.1562608242034912,121.88755798339844,121.7088851928711,0.17867279052734375,105.5660171508789,104.75446319580078,0.811553955078125,0.16517452895641327,0.16129550337791443,-0.0038790255784988403,0.32042086124420166,0.3136085271835327,-0.006812334060668945,0.3092281222343445,0.2880381941795349,-0.02118992805480957,0.5809304118156433,0.5828489065170288,-0.001918494701385498,0.16117748618125916,0.16117748618125916,135.43444764614105
crack0041_01.png,1.2835092544555664,121.33977508544922,120.8390121459961,0.500762939453125,113.79515838623047,112.69122314453125,1.1039352416992188,0.20649085938930511,0.20541773736476898,-0.0010731220245361328,0.3904799222946167,0.39961373805999756,0.00913381576538086,0.3370218276977539,0.3550015687942505,0.017979741096496582,0.5934986472129822,0.5919569134712219,0.001541733741760254,0.18158859014511108,0.18158859014511108,132.5042752623558
crack0041_02.png,1.0180718421936035,120.44292449951172,120.40335845947266,0.0395660400390625,107.6008529663086,107.57368469238281,0.02716827392578125,0.19499775767326355,0.19495755434036255,-4.0203332901000977e-05,0.30929774045944214,0.3350377678871155,0.02574002742767334,0.39986228942871094,0.4199715256690979,0.020109236240386963,0.5787158608436584,0.5801845192909241,-0.001468658447265625,0.1570153832435608,0.1570153832435608,131.9330689907074
crack0041_03.png,-0.08193078041076657,122.9558334350586,123.67243957519531,-0.7166061401367188,108.20744323730469,107.45470428466797,0.7527389526367188,0.21030846238136292,0.21629638969898224,0.005987927317619324,0.4074246883392334,0.40564918518066406,-0.001775503158569336,0.35218435525894165,0.3517611622810364,-0.00042319297790527344,0.5804882645606995,0.5823491215705872,-0.0018608570098876953,0.17578567564487457,0.17578567564487457,133.98959362506866
crack0041_04.png,0.08437938690185542,125.1014175415039,124.56546783447266,0.53594970703125,111.31626892089844,110.89374542236328,0.42252349853515625,0.16536743938922882,0.1668424755334854,0.0014750361442565918,0.3228474259376526,0.305367112159729,-0.017480313777923584,0.3884075880050659,0.38057947158813477,-0.007828116416931152,0.5733640789985657,0.5743483304977417,-0.0009842514991760254,0.149347186088562,0.149347186088562,137.88532954454422
crack0041_05.png,-1.2159129142761231,120.20203399658203,121.3160629272461,-1.1140289306640625,112.57931518554688,112.48973083496094,0.0895843505859375,0.17140549421310425,0.1724059283733368,0.001000434160232544,0.36205530166625977,0.3555387854576111,-0.006516516208648682,0.37411433458328247,0.38208848237991333,0.00797414779663086,0.5832218527793884,0.5821491479873657,0.001072704792022705,0.1580473929643631,0.1580473929643631,133.80359292030334
crack0041_06.png,1.7700119972229005,121.1026840209961,120.81307220458984,0.28961181640625,110.70181274414062,109.50263977050781,1.1991729736328125,0.17755234241485596,0.18058204650878906,0.0030297040939331055,0.306911826133728,0.32474035024642944,0.017828524112701416,0.29574257135391235,0.2999475598335266,0.004204988479614258,0.5853171944618225,0.584186851978302,0.0011303424835205078,0.13707032799720764,0.13707032799720764,133.7174253463745
crack0041_07.png,-0.1240236759185791,112.40731811523438,112.50859832763672,-0.10128021240234375,108.51026916503906,107.90533447265625,0.6049346923828125,0.24914149940013885,0.25259995460510254,0.003458455204963684,0.3824801445007324,0.3711521029472351,-0.011328041553497314,0.3487863540649414,0.3656463623046875,0.016860008239746094,0.5798654556274414,0.5820722579956055,-0.0022068023681640625,0.1931370198726654,0.1931370198726654,120.79235857725143
crack0041_08.png,1.7539976119995118,111.19828033447266,111.5648422241211,-0.3665618896484375,103.89936828613281,104.02980041503906,-0.13043212890625,0.21918675303459167,0.23884445428848267,0.01965770125389099,0.4408562183380127,0.45167607069015503,0.010819852352142334,0.4015966057777405,0.42082053422927856,0.019223928451538086,0.5784198641777039,0.5742368102073669,0.004183053970336914,0.20102760195732117,0.20102760195732117,121.36715066432953
crack0041_09.png,-0.13066062927246092,122.59144592285156,122.05167388916016,0.5397720336914062,106.87423706054688,106.31369018554688,0.560546875,0.18149599432945251,0.17750316858291626,-0.003992825746536255,0.4294431209564209,0.41324007511138916,-0.01620304584503174,0.4053492546081543,0.39613234996795654,-0.009216904640197754,0.5908573865890503,0.5890349745750427,0.0018224120140075684,0.1569211184978485,0.1569211184978485,135.3056652545929
crack0042_00.png,1.3214225769042969,107.9618911743164,107.25694274902344,0.7049484252929688,113.38259887695312,113.20712280273438,0.17547607421875,0.32239830493927,0.32958823442459106,0.007189929485321045,0.0,0.0,0.0,0.26225531101226807,0.29903513193130493,0.036779820919036865,0.5825029015541077,0.583225667476654,-0.0007227659225463867,0.12427066266536713,0.12427066266536713,111.59454536437988
crack0042_01.png,9.46562147140503,120.18000030517578,117.79900360107422,2.3809967041015625,111.6895751953125,110.28004455566406,1.4095306396484375,0.30480360984802246,0.38767093420028687,0.0828673243522644,0.0,0.0,0.0,0.23112612962722778,0.27863049507141113,0.04750436544418335,0.5852095484733582,0.5879238843917847,-0.0027143359184265137,0.11316028237342834,0.11316028237342834,124.21824073791504
crack0042_02.png,2.7505698204040527,122.01583099365234,121.36919403076172,0.646636962890625,106.79708099365234,106.21015167236328,0.5869293212890625,0.3203955590724945,0.34232982993125916,0.02193427085876465,0.0,0.0,0.0,0.29848700761795044,0.2880210876464844,-0.010465919971466064,0.582295298576355,0.5794348120689392,0.0028604865074157715,0.10549889504909515,0.10549889504909515,125.76059091091156
crack0042_03.png,3.573830413818359,115.41424560546875,114.45164489746094,0.9626007080078125,109.13231658935547,108.45651245117188,0.6758041381835938,0.3789512813091278,0.408560574054718,0.02960929274559021,0.0,0.0,0.0,0.32105255126953125,0.3217136859893799,0.0006611347198486328,0.5895001888275146,0.5901960730552673,-0.0006958842277526855,0.11379143595695496,0.11379143595695496,115.80371129512787
crack0042_04.png,0.6186919212341309,106.25079345703125,105.65391540527344,0.5968780517578125,106.68959045410156,106.07061767578125,0.6189727783203125,0.3413015604019165,0.3390772044658661,-0.002224355936050415,0.0,0.0,0.0,0.2520524859428406,0.24276578426361084,-0.009286701679229736,0.583075761795044,0.5842714309692383,-0.001195669174194336,0.09825006872415543,0.09825006872415543,108.97857940196991
crack0042_05.png,-1.2750678062438965,109.12115478515625,107.74054718017578,1.3806076049804688,110.72296142578125,110.91445922851562,-0.191497802734375,0.46532779932022095,0.43286827206611633,-0.032459527254104614,0.0,0.0,0.0,0.31384479999542236,0.2930585741996765,-0.02078622579574585,0.5909073352813721,0.5904651880264282,0.00044214725494384766,0.10675480961799622,0.10675480961799622,106.09504806995392
crack0042_06.png,5.878507995605469,118.64493560791016,115.22607421875,3.4188613891601562,110.18876647949219,109.1595458984375,1.0292205810546875,0.3242022693157196,0.3529389202594757,0.028736650943756104,0.09569191932678223,0.08837950229644775,-0.007312417030334473,0.36441951990127563,0.3784000873565674,0.013980567455291748,0.5888927578926086,0.5878546833992004,0.0010380744934082031,0.1210491955280304,0.1210491955280304,121.03907907009125
crack0042_07.png,4.457921123504638,130.54684448242188,128.2165069580078,2.3303375244140625,114.09813690185547,114.6842041015625,-0.5860671997070312,0.2726505994796753,0.2975112199783325,0.024860620498657227,0.010721683502197266,0.022261381149291992,0.011539697647094727,0.30159318447113037,0.3031746745109558,0.0015814900398254395,0.5854402184486389,0.5876508951187134,-0.002210676670074463,0.11739662289619446,0.11739662289619446,136.52867555618286
crack0042_08.png,3.058578681945801,108.8950424194336,107.18157958984375,1.7134628295898438,110.38932037353516,109.89576721191406,0.49355316162109375,0.31414148211479187,0.32729965448379517,0.013158172369003296,0.0,0.0,0.0,0.2922912836074829,0.3002122640609741,0.007920980453491211,0.582287609577179,0.5799115896224976,0.0023760199546813965,0.12742185592651367,0.12742185592651367,112.48132646083832
crack0042_09.png,3.5119966506958007,125.1204833984375,124.27765655517578,0.8428268432617188,109.81025695800781,109.08808135986328,0.7221755981445312,0.2924226224422455,0.3251781463623047,0.032755523920059204,0.04693782329559326,0.0420646071434021,-0.004873216152191162,0.29895561933517456,0.32089096307754517,0.021935343742370605,0.5761399269104004,0.5772702693939209,-0.0011303424835205078,0.13619425892829895,0.13619425892829895,130.24452340602875
crack0043_00.png,1.9038965225219728,92.94081115722656,95.16834259033203,-2.2275314331054688,108.25940704345703,106.47724914550781,1.7821578979492188,0.11388690769672394,0.13804291188716888,0.024156004190444946,0.18381649255752563,0.21755450963974,0.033738017082214355,0.0018987059593200684,0.07639014720916748,0.07449144124984741,0.5775355696678162,0.5741214752197266,0.0034140944480895996,0.10275302827358246,0.10275302827358246,110.3227851986885
crack0043_01.png,-0.8292098045349121,76.28345489501953,79.43135070800781,-3.1478958129882812,116.0339126586914,116.43708801269531,-0.40317535400390625,0.07027581334114075,0.11834436655044556,0.04806855320930481,0.07797586917877197,0.04085040092468262,-0.037125468254089355,0.0,0.0,0.0,0.5821183919906616,0.5791311264038086,0.0029872655868530273,0.10121063888072968,0.10121063888072968,96.92558968067169
crack0043_02.png,0.6101058959960941,81.22284698486328,85.66671752929688,-4.443870544433594,113.48479461669922,109.85711669921875,3.6276779174804688,0.1112610399723053,0.1279315948486328,0.016670554876327515,0.10665380954742432,0.16345453262329102,0.0568007230758667,0.0,0.015436708927154541,0.015436708927154541,0.5797923803329468,0.579861581325531,-6.920099258422852e-05,0.10321442782878876,0.10321442782878876,99.963583111763
crack0043_03.png,-1.6773653507232664,96.93267059326172,100.88988494873047,-3.95721435546875,108.19099426269531,107.04474639892578,1.1462478637695312,0.14011980593204498,0.14664950966835022,0.006529703736305237,0.2091304063796997,0.24147403240203857,0.03234362602233887,0.1466798186302185,0.18828320503234863,0.04160338640213013,0.5776777863502502,0.5775470733642578,0.00013071298599243164,0.10400072485208511,0.10400072485208511,113.6112008690834
crack0043_04.png,1.4740144252777099,96.1339111328125,99.68296813964844,-3.5490570068359375,116.481201171875,115.41680908203125,1.06439208984375,0.08015389740467072,0.12673914432525635,0.04658524692058563,0.10926616191864014,0.12902158498764038,0.019755423069000244,0.0,0.0,0.0,0.5825413465499878,0.5805343985557556,0.0020069479942321777,0.11878247559070587,0.11878247559070587,116.40085965394974
crack0043_05.png,1.2180782079696657,103.0569076538086,106.50077819824219,-3.4438705444335938,114.72632598876953,111.66311645507812,3.0632095336914062,0.09749270230531693,0.14160236716270447,0.04410966485738754,0.29341042041778564,0.29017728567123413,-0.0032331347465515137,0.12758880853652954,0.22571420669555664,0.0981253981590271,0.5806305408477783,0.5797001123428345,0.0009304285049438477,0.11106685549020767,0.11106685549020767,122.15450242161751
crack0043_06.png,-2.544218635559082,87.20169067382812,89.37822723388672,-2.1765365600585938,118.1330795288086,119.03825378417969,-0.9051742553710938,0.12296070903539658,0.11810969561338425,-0.004851013422012329,0.0,0.0,0.0,0.0,0.0,0.0,0.5861591696739197,0.5765974521636963,0.009561717510223389,0.0941099300980568,0.0941099300980568,104.64974400401115
crack0043_07.png,-1.1881883144378662,87.54717254638672,89.70958709716797,-2.16241455078125,114.33446502685547,113.38502502441406,0.9494400024414062,0.13258226215839386,0.13926124572753906,0.006678983569145203,0.0,0.0,0.0,0.0,0.02913379669189453,0.02913379669189453,0.5833371877670288,0.5818338990211487,0.001503288745880127,0.10803796350955963,0.10803796350955963,104.00693160295486
crack0043_08.png,4.112884569168091,85.7264404296875,87.72066497802734,-1.9942245483398438,112.16544342041016,108.54644775390625,3.6189956665039062,0.1532396823167801,0.17346706986427307,0.02022738754749298,0.22420668601989746,0.29721009731292725,0.07300341129302979,0.192391037940979,0.2598257064819336,0.06743466854095459,0.5809265375137329,0.5778969526290894,0.0030295848846435547,0.10570892691612244,0.10570892691612244,100.76623326539993
crack0043_09.png,4.546172857284546,103.72184753417969,103.3421401977539,0.37970733642578125,117.57250213623047,112.86032104492188,4.712181091308594,0.06956932693719864,0.09264781326055527,0.02307848632335663,0.1263858675956726,0.13689959049224854,0.010513722896575928,0.0,0.0,0.0,0.5803306698799133,0.5799615383148193,0.00036913156509399414,0.11604486405849457,0.11604486405849457,122.57106104493141
crack0044_00.png,1.2462778568267823,98.25141906738281,97.60613250732422,0.6452865600585938,107.54439544677734,107.03907012939453,0.5053253173828125,0.2500858008861542,0.24942825734615326,-0.0006575435400009155,0.44977492094039917,0.46069246530532837,0.0109175443649292,0.4000982642173767,0.40698784589767456,0.0068895816802978516,0.5852056741714478,0.5848366022109985,0.00036907196044921875,0.25766119360923767,0.25766119360923767,106.37130731344223
crack0044_01.png,0.43334560394287114,100.41320037841797,100.41896057128906,-0.00576019287109375,104.45806884765625,103.9295883178711,0.5284805297851562,0.2893451154232025,0.2916797697544098,0.0023346543312072754,0.48925358057022095,0.4901310205459595,0.0008774399757385254,0.46544063091278076,0.4589029550552368,-0.006537675857543945,0.585951566696167,0.5858054757118225,0.00014609098434448242,0.19269351661205292,0.19269351661205292,106.49343621730804
crack0044_02.png,1.3169801712036133,102.25504302978516,101.23162078857422,1.0234222412109375,106.35385131835938,105.49360656738281,0.8602447509765625,0.23481148481369019,0.2316223680973053,-0.0031891167163848877,0.557020902633667,0.5575143098831177,0.0004934072494506836,0.456481397151947,0.46195340156555176,0.005472004413604736,0.5812726020812988,0.5766512751579285,0.004621326923370361,0.17710644006729126,0.17710644006729126,111.09689390659332
crack0044_03.png,4.92789888381958,93.65968322753906,91.18292999267578,2.4767532348632812,102.26156616210938,100.48887634277344,1.7726898193359375,0.19613537192344666,0.2133219838142395,0.017186611890792847,0.36474525928497314,0.3705788850784302,0.005833625793457031,0.3962469696998596,0.40320950746536255,0.00696253776550293,0.5810034871101379,0.5776585936546326,0.003344893455505371,0.15981429815292358,0.15981429815292358,103.89332377910614
crack0044_04.png,0.28408312797546387,123.55950927734375,124.03660583496094,-0.4770965576171875,112.53399658203125,111.77311706542969,0.7608795166015625,0.23154090344905853,0.2328532338142395,0.0013123303651809692,0.21690863370895386,0.22567003965377808,0.008761405944824219,0.17729419469833374,0.20131731033325195,0.024023115634918213,0.5985121130943298,0.5984774827957153,3.463029861450195e-05,0.1923048496246338,0.1923048496246338,133.84608787298203
crack0044_05.png,-0.3608314514160156,103.81454467773438,103.89491271972656,-0.0803680419921875,105.74021911621094,104.55782318115234,1.1823959350585938,0.24861212074756622,0.23736675083637238,-0.011245369911193848,0.42117840051651,0.4281054139137268,0.006927013397216797,0.3848685026168823,0.38247400522232056,-0.0023944973945617676,0.5802652835845947,0.5835371017456055,-0.003271818161010742,0.24687610566616058,0.24687610566616058,112.95420771837234
crack0044_06.png,-2.9309956550598146,100.93107604980469,101.91584777832031,-0.984771728515625,110.08180236816406,110.3998794555664,-0.31807708740234375,0.2713511288166046,0.2577824592590332,-0.013568669557571411,0.4315814971923828,0.4128018617630005,-0.018779635429382324,0.3856821060180664,0.36840277910232544,-0.017279326915740967,0.5942637324333191,0.5938215851783752,0.00044214725494384766,0.2074676901102066,0.2074676901102066,109.72706365585327
crack0044_07.png,1.0581822395324707,100.44993591308594,99.59349822998047,0.8564376831054688,110.48062133789062,109.58103942871094,0.8995819091796875,0.20221398770809174,0.1965109258890152,-0.005703061819076538,0.4611186981201172,0.4652777314186096,0.004159033298492432,0.4030469059944153,0.4138745665550232,0.01082766056060791,0.5893848538398743,0.5860899686813354,0.0032948851585388184,0.2580581307411194,0.2580581307411194,111.80645567178726
crack0044_08.png,-0.05572080612182617,97.9977798461914,97.23078918457031,0.7669906616210938,107.94078063964844,107.51708221435547,0.42369842529296875,0.2687303125858307,0.25682151317596436,-0.011908799409866333,0.4876076579093933,0.48298341035842896,-0.0046242475509643555,0.4172974228858948,0.4111138582229614,-0.00618356466293335,0.5889196395874023,0.585282564163208,0.003637075424194336,0.2399924099445343,0.2399924099445343,105.76177930831909
crack0044_09.png,-1.0528491020202637,117.91521453857422,117.55249786376953,0.3627166748046875,118.87062072753906,118.15360260009766,0.7170181274414062,0.2268495261669159,0.21393290162086487,-0.012916624546051025,0.5338723063468933,0.517976701259613,-0.015895605087280273,0.4647729992866516,0.45716583728790283,-0.007607161998748779,0.601922333240509,0.6027528047561646,-0.0008304715156555176,0.2708546221256256,0.2708546221256256,129.00799429416656
crack0045_00.png,-0.6745800495147705,138.70645141601562,137.94345092773438,0.76300048828125,116.0489501953125,115.66130828857422,0.38764190673828125,0.20849162340164185,0.1976567953824997,-0.010834828019142151,0.13203543424606323,0.11710333824157715,-0.014932096004486084,0.3173733949661255,0.30713385343551636,-0.01023954153060913,0.5813840627670288,0.5845982432365417,-0.0032141804695129395,0.11071042716503143,0.11071042716503143,149.8494731783867
crack0045_01.png,0.3650710105895996,119.62969207763672,119.82276153564453,-0.1930694580078125,110.65511322021484,110.34947204589844,0.30564117431640625,0.260082870721817,0.26059383153915405,0.0005109608173370361,0.21029669046401978,0.22350138425827026,0.013204693794250488,0.3534925580024719,0.3710365891456604,0.017544031143188477,0.5783275365829468,0.5816570520401001,-0.0033295154571533203,0.12907199561595917,0.12907199561595917,127.38753664493561
crack0045_02.png,1.0875635147094727,135.4933624267578,134.0376434326172,1.455718994140625,114.1380844116211,113.357177734375,0.7809066772460938,0.243009552359581,0.23553745448589325,-0.007472097873687744,0.1518915295600891,0.1473352313041687,-0.00455629825592041,0.30296921730041504,0.29964083433151245,-0.003328382968902588,0.5848942995071411,0.582406759262085,0.0024875402450561523,0.14874225854873657,0.14874225854873657,144.02902764081955
crack0045_03.png,1.5972013473510742,123.87506103515625,122.06929779052734,1.8057632446289062,117.64745330810547,117.53541564941406,0.11203765869140625,0.20425547659397125,0.2079503983259201,0.0036949217319488525,0.21114158630371094,0.19783258438110352,-0.013309001922607422,0.27008306980133057,0.2628835439682007,-0.007199525833129883,0.5897693037986755,0.5901845693588257,-0.0004152655601501465,0.14713534712791443,0.14713534712791443,134.32423359155655
crack0045_04.png,-1.7066778659820556,102.81179809570312,103.09852600097656,-0.2867279052734375,109.19589233398438,109.49501037597656,-0.2991180419921875,0.15788045525550842,0.15615014731884003,-0.001730307936668396,0.27648603916168213,0.24768894910812378,-0.02879709005355835,0.3171313405036926,0.2877964377403259,-0.0293349027633667,0.588204562664032,0.5884544253349304,-0.0002498626708984375,0.13998082280158997,0.13998082280158997,117.12433022260666
crack0045_05.png,1.0840959072113037,124.95040893554688,124.60991668701172,0.34049224853515625,108.57875061035156,107.92555236816406,0.6531982421875,0.16520915925502777,0.1689567267894745,0.0037475675344467163,0.23382169008255005,0.23952269554138184,0.005701005458831787,0.3428569436073303,0.3394007086753845,-0.0034562349319458008,0.5855324864387512,0.5866705179214478,-0.0011380314826965332,0.14807525277137756,0.14807525277137756,138.33443397283554
crack0045_06.png,1.072506809234619,114.95588684082031,115.41912841796875,-0.4632415771484375,108.3277359008789,107.83295440673828,0.494781494140625,0.27090901136398315,0.27901381254196167,0.008104801177978516,0.2241278886795044,0.23708504438400269,0.012957155704498291,0.3357490301132202,0.3446729779243469,0.008923947811126709,0.5855363607406616,0.5812572240829468,0.004279136657714844,0.16703791916370392,0.16703791916370392,122.354421377182
crack0045_07.png,-1.0006357669830321,138.6986541748047,138.9272918701172,-0.2286376953125,113.92408752441406,113.56975555419922,0.35433197021484375,0.24362759292125702,0.24052369594573975,-0.003103896975517273,0.2067202925682068,0.18666690587997437,-0.020053386688232422,0.2937566637992859,0.29077059030532837,-0.0029860734939575195,0.5837716460227966,0.5803537368774414,0.0034179091453552246,0.14006274938583374,0.14006274938583374,147.73241710662842
crack0045_08.png,0.6201097965240479,119.58712768554688,119.8434829711914,-0.25635528564453125,106.80169677734375,106.17154693603516,0.6301498413085938,0.19000618159770966,0.19428026676177979,0.004274085164070129,0.2901466488838196,0.2970048189163208,0.006858170032501221,0.3944283723831177,0.39539414644241333,0.0009657740592956543,0.5787120461463928,0.5785082578659058,0.00020378828048706055,0.14428144693374634,0.14428144693374634,131.46341627836227
crack0045_09.png,0.7540793418884277,123.2519302368164,123.1816177368164,0.0703125,114.86483764648438,114.91828155517578,-0.05344390869140625,0.1706254482269287,0.16922292113304138,-0.001402527093887329,0.12679356336593628,0.15156787633895874,0.02477431297302246,0.19897204637527466,0.19932174682617188,0.0003497004508972168,0.5851902961730957,0.5895309448242188,-0.004340648651123047,0.152633935213089,0.152633935213089,136.64463651180267
crack0046_00.png,-6.746264123916626,69.732666015625,75.36209869384766,-5.629432678222656,118.88561248779297,117.96609497070312,0.9195175170898438,0.17831264436244965,0.16080617904663086,-0.017506465315818787,0.0,0.0,0.0,0.0,0.0,0.0,0.5779085159301758,0.5800115466117859,-0.0021030306816101074,0.10412738472223282,0.10412738472223282,86.09947347640991
crack0046_01.png,-2.5269687175750732,68.04817962646484,69.43508911132812,-1.3869094848632812,124.38026428222656,124.15367126464844,0.226593017578125,0.14648932218551636,0.13143818080425262,-0.015051141381263733,0.0,0.0,0.0,0.0,0.0,0.0,0.5831680297851562,0.5838331580162048,-0.000665128231048584,0.12165742367506027,0.12165742367506027,84.20866984128952
crack0046_02.png,2.834945821762085,69.21052551269531,67.63848114013672,1.5720443725585938,127.45206451416016,127.20989227294922,0.2421722412109375,0.16136431694030762,0.17684708535671234,0.015482768416404724,0.0,0.0,0.0,0.0,0.0,0.0,0.5807035565376282,0.5825182795524597,-0.001814723014831543,0.11497074365615845,0.11497074365615845,82.04337549209595
crack0046_03.png,-1.3840558052062988,85.18731689453125,86.76250457763672,-1.5751876831054688,122.11093139648438,120.31051635742188,1.8004150390625,0.18462027609348297,0.17927224934101105,-0.005348026752471924,0.0,0.0,0.0,0.0,0.0,0.0,0.5846213102340698,0.5871511101722717,-0.0025297999382019043,0.12271523475646973,0.12271523475646973,98.70462018251419
crack0046_04.png,2.235087442398071,83.91554260253906,82.3529281616211,1.5626144409179688,122.73672485351562,121.805908203125,0.930816650390625,0.19143109023571014,0.1937469244003296,0.002315834164619446,0.0,0.0,0.0,0.0,0.0,0.0,0.5811841487884521,0.5783121585845947,0.002871990203857422,0.10470691323280334,0.10470691323280334,94.89573591947556
crack0046_05.png,5.565140581130981,95.38923645019531,92.56383514404297,2.8254013061523438,123.2424087524414,120.91107177734375,2.3313369750976562,0.17823489010334015,0.2003520429134369,0.02211715281009674,0.0,0.0,0.0,0.0,0.0,0.0,0.5825374722480774,0.5815916657447815,0.0009458065032958984,0.10732534527778625,0.10732534527778625,106.58394128084183
crack0046_06.png,-1.526614332199097,68.98299407958984,67.36954498291016,1.6134490966796875,125.28475952148438,131.88458251953125,-6.599822998046875,0.15783365070819855,0.15351584553718567,-0.004317805171012878,0.0,0.0,0.0,0.0,0.0,0.0,0.5791426301002502,0.5830103754997253,-0.0038677453994750977,0.12525232136249542,0.12525232136249542,82.28573381900787
crack0046_07.png,-6.747739934921265,75.03277587890625,76.89202117919922,-1.8592453002929688,118.65669250488281,118.25341796875,0.4032745361328125,0.22822804749011993,0.16461145877838135,-0.06361658871173859,0.0,0.0,0.0,0.0,0.0,0.0,0.5922222137451172,0.5912341475486755,0.0009880661964416504,0.1058574765920639,0.1058574765920639,89.77459955215454
crack0046_08.png,-1.1487596988677977,66.83042907714844,69.7046890258789,-2.8742599487304688,121.22038269042969,117.91138458251953,3.3089981079101562,0.17114712297916412,0.17413130402565002,0.002984181046485901,0.0,0.0,0.0,0.0,0.0,0.0,0.5814763307571411,0.5773971676826477,0.004079163074493408,0.10992326587438583,0.10992326587438583,81.25778490304947
crack0046_09.png,-0.8263724327087401,67.82097625732422,66.7103271484375,1.1106491088867188,123.81392669677734,122.21212768554688,1.6017990112304688,0.2460300326347351,0.21312007308006287,-0.03290995955467224,0.0,0.0,0.0,0.0,0.0,0.0,0.577593207359314,0.5762168169021606,0.0013763904571533203,0.11411724984645844,0.11411724984645844,77.58217561244965
crack0047_00.png,1.0533926010131835,138.3038330078125,138.1509552001953,0.1528778076171875,104.54418182373047,104.25273132324219,0.29145050048828125,0.26072895526885986,0.265280157327652,0.004551202058792114,0.08254879713058472,0.09576678276062012,0.0132179856300354,0.2602854371070862,0.26760679483413696,0.007321357727050781,0.5758131742477417,0.5785351991653442,-0.002722024917602539,0.1107284277677536,0.1107284277677536,145.72506475448608
crack0047_01.png,-0.6408872604370117,150.2222137451172,150.13763427734375,0.0845794677734375,108.06902313232422,107.54896545410156,0.5200576782226562,0.2758079171180725,0.276932030916214,0.0011241137981414795,0.23928338289260864,0.21568942070007324,-0.0235939621925354,0.42654693126678467,0.4180404543876648,-0.008506476879119873,0.5741791725158691,0.5761706829071045,-0.0019915103912353516,0.11977816373109818,0.11977816373109818,156.6782763004303
crack0047_02.png,-0.9081007480621338,156.60609436035156,156.4822540283203,0.12384033203125,109.67353820800781,109.7369155883789,-0.06337738037109375,0.24457266926765442,0.2378295212984085,-0.006743147969245911,0.11159950494766235,0.10032093524932861,-0.01127856969833374,0.3128173351287842,0.2982759475708008,-0.014541387557983398,0.5794425010681152,0.5798423886299133,-0.0003998875617980957,0.11401143670082092,0.11401143670082092,165.46809846162796
crack0047_03.png,1.617971086502075,153.84886169433594,151.46621704101562,2.3826446533203125,107.01539611816406,106.49261474609375,0.5227813720703125,0.22241532802581787,0.22591765224933624,0.0035023242235183716,0.14797192811965942,0.11942154169082642,-0.028550386428833008,0.33520692586898804,0.34466803073883057,0.00946110486984253,0.5755055546760559,0.5783044695854187,-0.002798914909362793,0.10558788478374481,0.10558788478374481,162.44479846954346
crack0047_04.png,2.241715431213379,148.25730895996094,146.5515594482422,1.70574951171875,114.61442565917969,114.49021911621094,0.12420654296875,0.2638530731201172,0.2684783339500427,0.004625260829925537,0.0,0.0,0.0,0.22299158573150635,0.19149315357208252,-0.03149843215942383,0.580334484577179,0.5774279236793518,0.0029065608978271484,0.10666801035404205,0.10666801035404205,154.7866291999817
crack0047_05.png,0.7354540824890137,156.1813507080078,155.14456176757812,1.0367889404296875,106.84855651855469,106.90043640136719,-0.0518798828125,0.24900352954864502,0.24449878931045532,-0.004504740238189697,0.002172708511352539,0.0,-0.002172708511352539,0.2340499758720398,0.20987623929977417,-0.024173736572265625,0.5815109610557556,0.5773433446884155,0.004167616367340088,0.09991727769374847,0.09991727769374847,164.25346732139587
crack0047_06.png,1.3899765014648438,159.46078491210938,157.7823486328125,1.678436279296875,109.720458984375,108.88511657714844,0.8353424072265625,0.2135894000530243,0.21376800537109375,0.000178605318069458,0.13120681047439575,0.1186564564704895,-0.01255035400390625,0.3555533289909363,0.35077863931655884,-0.004774689674377441,0.5815494060516357,0.5849211812019348,-0.0033717751502990723,0.10161793231964111,0.10161793231964111,169.20305001735687
crack0047_07.png,1.1140356063842773,136.71388244628906,135.74185180664062,0.9720306396484375,105.11348724365234,105.46699523925781,-0.35350799560546875,0.285724937915802,0.2924281060695648,0.006703168153762817,0.0102042555809021,0.0,-0.0102042555809021,0.3081423044204712,0.31037336587905884,0.0022310614585876465,0.5865782499313354,0.5826951265335083,0.0038831233978271484,0.10719369351863861,0.10719369351863861,142.54750084877014
crack0047_08.png,0.8384471893310548,155.16246032714844,153.4463348388672,1.71612548828125,116.786865234375,116.87713623046875,-0.09027099609375,0.21641500294208527,0.21566148102283478,-0.0007535219192504883,0.24304062128067017,0.2187948226928711,-0.024245798587799072,0.3642333149909973,0.3362928628921509,-0.027940452098846436,0.587708592414856,0.5829949975013733,0.004713594913482666,0.10761433839797974,0.10761433839797974,164.87305241823196
crack0047_09.png,2.8643641471862793,161.98052978515625,159.48297119140625,2.49755859375,119.30492401123047,119.63600158691406,-0.33107757568359375,0.17611342668533325,0.18202629685401917,0.005912870168685913,0.2074483036994934,0.20972591638565063,0.0022776126861572266,0.3697109818458557,0.35787540674209595,-0.011835575103759766,0.5829681158065796,0.5845905542373657,-0.0016224384307861328,0.10535380989313126,0.10535380989313126,173.54856705665588
crack0048_00.png,3.2670083045959473,77.49650573730469,76.4069595336914,1.0895462036132812,116.26200103759766,114.43525695800781,1.8267440795898438,0.15835992991924286,0.1793183535337448,0.020958423614501953,0.0,0.0,0.0,0.10879385471343994,0.08307349681854248,-0.02572035789489746,0.5836024880409241,0.5893502235412598,-0.005747735500335693,0.13731983304023743,0.13731983304023743,91.02414578199387
crack0048_01.png,0.1576876163482666,71.80797576904297,71.97150421142578,-0.1635284423828125,111.21763610839844,111.31299591064453,-0.09535980224609375,0.16386009752750397,0.16880002617835999,0.004939928650856018,0.0,0.0,0.0,0.07509595155715942,0.0570027232170105,-0.018093228340148926,0.5911687612533569,0.592064619064331,-0.0008958578109741211,0.11340188980102539,0.11340188980102539,85.74071890115738
crack0048_02.png,-0.016022777557373025,75.42994689941406,76.24067687988281,-0.81072998046875,113.2964859008789,112.88040161132812,0.41608428955078125,0.18451233208179474,0.19254834949970245,0.008036017417907715,0.0,0.0,0.0,0.11537891626358032,0.11066079139709473,-0.004718124866485596,0.5888850688934326,0.5892502665519714,-0.00036519765853881836,0.1475643515586853,0.1475643515586853,88.33458262681961
crack0048_03.png,0.8736681938171387,70.46137237548828,70.69377136230469,-0.23239898681640625,115.98391723632812,115.77037048339844,0.2135467529296875,0.18013282120227814,0.1929159015417099,0.012783080339431763,0.0,0.0,0.0,0.06810891628265381,0.0814850926399231,0.013376176357269287,0.5966436266899109,0.5966935753822327,-4.9948692321777344e-05,0.1343851387500763,0.1343851387500763,83.6373456120491
crack0048_04.png,-0.24980611801147462,69.54064178466797,69.30424499511719,0.23639678955078125,112.18045043945312,113.10113525390625,-0.920684814453125,0.1802869588136673,0.17933572828769684,-0.000951230525970459,0.0,0.0,0.0,0.059413373470306396,0.06287312507629395,0.003459751605987549,0.5951710939407349,0.5962168574333191,-0.0010457634925842285,0.11356669664382935,0.11356669664382935,82.51097398996353
crack0048_05.png,2.3441078662872314,69.61276245117188,68.66425323486328,0.9485092163085938,122.78923797607422,121.14281463623047,1.64642333984375,0.16146297752857208,0.17032405734062195,0.008861079812049866,0.0,0.0,0.0,0.0,0.0,0.0,0.5983890891075134,0.5976855158805847,0.0007035732269287109,0.10281916707754135,0.10281916707754135,83.38629275560379
crack0048_06.png,1.8416182518005373,60.57862091064453,59.06575012207031,1.5128707885742188,115.68119812011719,113.04004669189453,2.6411514282226562,0.17006856203079224,0.16012632846832275,-0.009942233562469482,0.0,0.0,0.0,0.0,0.03642839193344116,0.03642839193344116,0.588039219379425,0.5863475799560547,0.0016916394233703613,0.13001374900341034,0.13001374900341034,73.73617458343506
crack0048_07.png,-1.7819985389709472,74.3033676147461,75.75479125976562,-1.4514236450195312,113.37751007080078,112.63304901123047,0.7444610595703125,0.17095282673835754,0.16404414176940918,-0.006908684968948364,0.0,0.0,0.0,0.03677809238433838,0.03072834014892578,-0.006049752235412598,0.5775701403617859,0.5794617533683777,-0.0018916130065917969,0.11123140156269073,0.11123140156269073,88.36490106582642
crack0048_08.png,-0.5122283458709717,55.969112396240234,57.137454986572266,-1.1683425903320312,111.14785766601562,110.30677795410156,0.8410797119140625,0.1648036241531372,0.17093534767627716,0.006131723523139954,0.0,0.0,0.0,0.028255045413970947,0.03821069002151489,0.009955644607543945,0.583106517791748,0.5873779058456421,-0.004271388053894043,0.11305082589387894,0.11305082589387894,70.1601824760437
crack0048_09.png,0.7097636699676513,76.94451904296875,76.13797760009766,0.8065414428710938,107.87256622314453,108.91888427734375,-1.0463180541992188,0.17008894681930542,0.1698005348443985,-0.0002884119749069214,0.17064648866653442,0.18052423000335693,0.00987774133682251,0.2682318091392517,0.28016841411590576,0.011936604976654053,0.5950403809547424,0.596297562122345,-0.001257181167602539,0.15551979839801788,0.15551979839801788,90.20511871576309
crack0049_00.png,-0.27335548400878906,84.86631774902344,83.90495300292969,0.96136474609375,110.50753021240234,110.0409164428711,0.46661376953125,0.37416571378707886,0.34007173776626587,-0.03409397602081299,0.22516357898712158,0.2580057978630066,0.03284221887588501,0.20459496974945068,0.2334909439086914,0.028895974159240723,0.5853210091590881,0.5855094194412231,-0.00018841028213500977,0.11142250150442123,0.11142250150442123,87.40170788764954
crack0049_01.png,0.08415718078613282,86.1531982421875,86.06949615478516,0.08370208740234375,110.4765396118164,109.73270416259766,0.74383544921875,0.3055993318557739,0.29849883913993835,-0.007100492715835571,0.271986722946167,0.2756273150444031,0.003640592098236084,0.2675589919090271,0.26420390605926514,-0.003355085849761963,0.5839138627052307,0.5807804465293884,0.003133416175842285,0.13197965919971466,0.13197965919971466,91.55797135829926
crack0049_02.png,6.983139705657959,97.647705078125,93.21819305419922,4.429512023925781,116.05366516113281,114.89620208740234,1.1574630737304688,0.2903018295764923,0.29039737582206726,9.554624557495117e-05,0.21742403507232666,0.264335572719574,0.046911537647247314,0.22840368747711182,0.24981153011322021,0.0214078426361084,0.5979892611503601,0.5928258299827576,0.005163431167602539,0.1097642108798027,0.1097642108798027,101.93440973758698
crack0049_03.png,2.1567225456237793,69.39926147460938,69.11015319824219,0.2891082763671875,102.56494903564453,101.69584655761719,0.8691024780273438,0.33291181921958923,0.3482201099395752,0.015308290719985962,0.3213830590248108,0.3201344609260559,-0.0012485980987548828,0.261292040348053,0.26717251539230347,0.005880475044250488,0.5862706899642944,0.5776393413543701,0.008631348609924316,0.11725929379463196,0.11725929379463196,72.7308257818222
crack0049_04.png,3.1957139015197753,99.35163116455078,97.68819427490234,1.6634368896484375,117.18318176269531,115.33704376220703,1.8461380004882812,0.26628538966178894,0.2689055800437927,0.002620190382003784,0.22749018669128418,0.2408958077430725,0.01340562105178833,0.19756942987442017,0.225821852684021,0.02825242280960083,0.5964398384094238,0.5952402949333191,0.0011995434761047363,0.13694436848163605,0.13694436848163605,106.40038287639618
crack0049_05.png,-1.929313373565674,76.85700225830078,78.07417297363281,-1.2171707153320312,107.76193237304688,107.72245788574219,0.0394744873046875,0.2900005877017975,0.2791232168674469,-0.010877370834350586,0.21552133560180664,0.2175590991973877,0.0020377635955810547,0.15799838304519653,0.1574205756187439,-0.0005778074264526367,0.5889004468917847,0.5873817801475525,0.0015186667442321777,0.1096375361084938,0.1096375361084938,84.27421247959137
crack0049_06.png,0.8948906898498535,87.16514587402344,87.39411163330078,-0.22896575927734375,117.49176025390625,117.74771118164062,-0.255950927734375,0.26950693130493164,0.27387818694114685,0.00437125563621521,0.21308761835098267,0.23357462882995605,0.02048701047897339,0.17023307085037231,0.19543015956878662,0.025197088718414307,0.5896270871162415,0.5882006883621216,0.001426398754119873,0.10785672068595886,0.10785672068595886,94.69429636001587
crack0049_07.png,-0.6867428302764893,87.91077423095703,87.37457275390625,0.5362014770507812,117.06159973144531,116.31494140625,0.7466583251953125,0.2675332725048065,0.2488671988248825,-0.01866607367992401,0.23308098316192627,0.2352064847946167,0.0021255016326904297,0.21481317281723022,0.21696823835372925,0.0021550655364990234,0.5898461937904358,0.5926797389984131,-0.002833545207977295,0.11036068201065063,0.11036068201065063,96.41783112287521
crack0049_08.png,-0.5875147819519043,77.74118041992188,77.25322723388672,0.48795318603515625,110.24317169189453,109.7991943359375,0.44397735595703125,0.36448934674263,0.35199451446533203,-0.012494832277297974,0.31584012508392334,0.30742716789245605,-0.008412957191467285,0.21107685565948486,0.2140297293663025,0.002952873706817627,0.5898346900939941,0.5877585411071777,0.0020761489868164062,0.10781364142894745,0.10781364142894745,79.97092056274414
crack0049_09.png,-2.262019634246826,85.32273864746094,85.3091812133789,0.01355743408203125,116.03937530517578,115.76788330078125,0.27149200439453125,0.2550390362739563,0.2236386239528656,-0.0314004123210907,0.132121741771698,0.13424170017242432,0.0021199584007263184,0.16055530309677124,0.1617153286933899,0.0011600255966186523,0.5876163244247437,0.5865398049354553,0.00107651948928833,0.1086392030119896,0.1086392030119896,95.40229547023773
crack0050_00.png,1.872044610977173,75.6075439453125,75.94483947753906,-0.3372955322265625,104.19352722167969,103.20960998535156,0.983917236328125,0.21488803625106812,0.2282215803861618,0.013333544135093689,0.2506411075592041,0.2642664909362793,0.013625383377075195,0.3268941640853882,0.3449084162712097,0.018014252185821533,0.5836447477340698,0.5785428881645203,0.0051018595695495605,0.1108076348900795,0.1108076348900795,86.22869944572449
crack0050_01.png,-1.4146608352661132,62.25425720214844,63.89683532714844,-1.642578125,101.92683410644531,102.41093444824219,-0.484100341796875,0.16208496689796448,0.15509071946144104,-0.0069942474365234375,0.28710418939590454,0.30597609281539917,0.01887190341949463,0.26803135871887207,0.24230295419692993,-0.02572840452194214,0.5921645760536194,0.5865090489387512,0.005655527114868164,0.1152789369225502,0.1152789369225502,77.45668613910675
crack0050_02.png,2.723148727416992,69.29180908203125,69.92330169677734,-0.6314926147460938,106.52894592285156,106.78985595703125,-0.2609100341796875,0.2167830616235733,0.222453311085701,0.0056702494621276855,0.0674285888671875,0.14149051904678345,0.07406193017959595,0.10128098726272583,0.1835349202156067,0.08225393295288086,0.5920799970626831,0.5910072922706604,0.001072704792022705,0.13868296146392822,0.13868296146392822,80.28377157449722
crack0050_03.png,0.7067987442016601,72.426025390625,73.76853942871094,-1.3425140380859375,103.86210632324219,103.9276351928711,-0.06552886962890625,0.16479727625846863,0.18334758281707764,0.01855030655860901,0.26421475410461426,0.2781141400337219,0.013899385929107666,0.24835258722305298,0.26219815015792847,0.013845562934875488,0.5856631994247437,0.5847750902175903,0.0008881092071533203,0.14475572109222412,0.14475572109222412,86.6359738111496
crack0050_04.png,-2.067214775085449,80.90968322753906,82.5379638671875,-1.6282806396484375,106.24581909179688,105.82939910888672,0.41641998291015625,0.2057894766330719,0.2031993567943573,-0.0025901198387145996,0.4021942615509033,0.3935287594795227,-0.008665502071380615,0.2855260968208313,0.284870982170105,-0.0006551146507263184,0.5881507396697998,0.5894425511360168,-0.001291811466217041,0.13502147793769836,0.13502147793769836,93.10956418514252
crack0050_05.png,-1.4380635261535644,72.03315734863281,73.39763641357422,-1.3644790649414062,106.04890441894531,105.60546112060547,0.44344329833984375,0.15668272972106934,0.1537986397743225,-0.002884089946746826,0.31839561462402344,0.3150562644004822,-0.0033393502235412598,0.30085694789886475,0.2975015640258789,-0.00335538387298584,0.5860168933868408,0.5831834077835083,0.0028334856033325195,0.12250868231058121,0.12250868231058121,86.9281542301178
crack0050_06.png,-0.21346778869628902,67.93257141113281,68.23937225341797,-0.30680084228515625,110.04609680175781,109.53417205810547,0.5119247436523438,0.22368189692497253,0.21856531500816345,-0.005116581916809082,0.2715613842010498,0.2772977948188782,0.005736410617828369,0.3028237819671631,0.30238956212997437,-0.0004342198371887207,0.59246826171875,0.590757429599762,0.0017108321189880371,0.15184777975082397,0.15184777975082397,78.67078340053558
crack0050_07.png,-0.2565723419189454,66.11612701416016,67.30830383300781,-1.1921768188476562,103.41998291015625,103.61123657226562,-0.191253662109375,0.15310518443584442,0.16031686961650848,0.0072116851806640625,0.3344469666481018,0.3415161371231079,0.0070691704750061035,0.31347405910491943,0.3214699625968933,0.007995903491973877,0.5863091349601746,0.5824990272521973,0.003810107707977295,0.1306588351726532,0.1306588351726532,80.9782697558403
crack0050_08.png,-2.2762110233306885,76.40782928466797,76.9361801147461,-0.528350830078125,104.89649200439453,104.4022216796875,0.49427032470703125,0.20070838928222656,0.1690327674150467,-0.03167562186717987,0.26028984785079956,0.27245283126831055,0.012162983417510986,0.29560387134552,0.2987903952598572,0.003186523914337158,0.5896655321121216,0.5871164798736572,0.0025490522384643555,0.13882854580879211,0.13882854580879211,90.1166599392891
crack0050_09.png,-4.83747444152832,65.69046783447266,67.16104888916016,-1.4705810546875,104.27320861816406,104.68174743652344,-0.408538818359375,0.18718945980072021,0.1666538417339325,-0.02053561806678772,0.04036521911621094,0.0,-0.04036521911621094,0.07874339818954468,0.03339111804962158,-0.045352280139923096,0.585463285446167,0.5841137766838074,0.0013495087623596191,0.12091895937919617,0.12091895937919617,79.84505927562714
crack0051_00.png,0.2250385284423828,90.79148864746094,90.86809539794922,-0.07660675048828125,109.32725524902344,109.12267303466797,0.20458221435546875,0.3480914235115051,0.3524596691131592,0.004368245601654053,0.34702247381210327,0.3455613851547241,-0.0014610886573791504,0.3487011194229126,0.3531982898712158,0.004497170448303223,0.5859938263893127,0.5877739191055298,-0.001780092716217041,0.1594030112028122,0.1594030112028122,93.45526337623596
crack0051_01.png,-0.9677187919616699,95.67395782470703,96.42984008789062,-0.7558822631835938,109.58158874511719,109.26520538330078,0.31638336181640625,0.32658132910728455,0.32973942160606384,0.003158092498779297,0.4062638282775879,0.3941637873649597,-0.012100040912628174,0.4131205677986145,0.4114411473274231,-0.0016794204711914062,0.5803921818733215,0.5830680727958679,-0.0026758909225463867,0.17284634709358215,0.17284634709358215,99.77974212169647
crack0051_02.png,-0.167747688293457,85.83506774902344,86.44072723388672,-0.6056594848632812,113.16014862060547,113.76280212402344,-0.6026535034179688,0.304010272026062,0.3094611167907715,0.005450844764709473,0.13181591033935547,0.13711577653884888,0.005299866199493408,0.15768128633499146,0.17160123586654663,0.013919949531555176,0.5905075073242188,0.5897347331047058,0.0007727742195129395,0.14524365961551666,0.14524365961551666,91.51758146286011
crack0051_03.png,-4.829714965820313,96.73592376708984,98.69451141357422,-1.958587646484375,104.4909439086914,104.26596069335938,0.22498321533203125,0.3100293278694153,0.3119378983974457,0.0019085705280303955,0.29071199893951416,0.21440476179122925,-0.07630723714828491,0.25662660598754883,0.24971359968185425,-0.00691300630569458,0.5789849758148193,0.580522894859314,-0.001537919044494629,0.13314928114414215,0.13314928114414215,102.33437371253967
crack0051_04.png,0.42915353775024423,86.59484100341797,86.54249572753906,0.05234527587890625,105.55984497070312,106.41698455810547,-0.8571395874023438,0.3369460999965668,0.3256334662437439,-0.011312633752822876,0.13381367921829224,0.16813677549362183,0.03432309627532959,0.24795907735824585,0.26326984167099,0.01531076431274414,0.5975548028945923,0.5912610292434692,0.006293773651123047,0.1553853452205658,0.1553853452205658,90.93285250663757
crack0051_05.png,1.3308346748352051,81.46511840820312,81.49700927734375,-0.031890869140625,102.351318359375,101.80555725097656,0.5457611083984375,0.32250624895095825,0.33373793959617615,0.011231690645217896,0.3656863570213318,0.3705032467842102,0.004816889762878418,0.3626106381416321,0.36874204874038696,0.006131410598754883,0.5864052176475525,0.5850749611854553,0.001330256462097168,0.1448998749256134,0.1448998749256134,85.58689761161804
crack0051_06.png,0.5786811828613281,87.02550506591797,87.21398162841797,-0.1884765625,109.20092010498047,109.49044799804688,-0.28952789306640625,0.3272816836833954,0.33931270241737366,0.012031018733978271,0.39359647035598755,0.39060908555984497,-0.002987384796142578,0.35806119441986084,0.36176031827926636,0.0036991238594055176,0.5847020149230957,0.5837024450302124,0.0009995698928833008,0.1549270749092102,0.1549270749092102,90.87092292308807
crack0051_07.png,8.954553127288818,141.64108276367188,135.61346435546875,6.027618408203125,139.151611328125,137.2364044189453,1.9152069091796875,0.2512226700782776,0.2641301155090332,0.012907445430755615,0.19727522134780884,0.22510099411010742,0.027825772762298584,0.27771687507629395,0.2977721095085144,0.02005523443222046,0.5934140682220459,0.5930334329605103,0.00038063526153564453,0.18831858038902283,0.18831858038902283,147.2904760837555
crack0051_08.png,2.0003426551818846,92.92152404785156,92.02922058105469,0.892303466796875,111.56494140625,112.06700134277344,-0.5020599365234375,0.38495010137557983,0.39547887444496155,0.010528773069381714,0.07058966159820557,0.08209609985351562,0.011506438255310059,0.1914796233177185,0.21442091464996338,0.022941291332244873,0.589600145816803,0.5894425511360168,0.0001575946807861328,0.17483831942081451,0.17483831942081451,92.96237206459045
crack0051_09.png,-1.6293679237365724,98.36808013916016,99.00572204589844,-0.6376419067382812,109.34010314941406,109.763671875,-0.4235687255859375,0.2893712520599365,0.28371119499206543,-0.005660057067871094,0.3340420126914978,0.3284648060798645,-0.005577206611633301,0.3482317328453064,0.35095471143722534,0.0027229785919189453,0.5821991562843323,0.5858592987060547,-0.003660142421722412,0.14525684714317322,0.14525684714317322,105.09860134124756
crack0052_00.png,11.188508605957031,131.38046264648438,122.91358947753906,8.466873168945312,124.3538818359375,123.5805435180664,0.7733383178710938,0.22365215420722961,0.2545248568058014,0.030872702598571777,0.0,0.0,0.0,0.11654144525527954,0.10897117853164673,-0.0075702667236328125,0.5904844403266907,0.5919223427772522,-0.0014379024505615234,0.1221269890666008,0.1221269890666008,137.40479052066803
crack0052_01.png,3.3789589405059814,126.46751403808594,121.67060852050781,4.796905517578125,126.41504669189453,125.8911361694336,0.5239105224609375,0.1920572817325592,0.18748120963573456,-0.004576072096824646,0.02882516384124756,0.0,-0.02882516384124756,0.21460038423538208,0.1898990273475647,-0.024701356887817383,0.5860438346862793,0.5887542963027954,-0.0027104616165161133,0.13129542768001556,0.13129542768001556,136.37036055326462
crack0052_02.png,5.96227707862854,137.7210693359375,130.76271057128906,6.9583587646484375,122.96846008300781,123.52291107177734,-0.5544509887695312,0.2154000699520111,0.20469669997692108,-0.010703369975090027,0.0,0.0,0.0,0.0,0.0,0.0,0.5959208011627197,0.5938715934753418,0.0020492076873779297,0.10013425350189209,0.10013425350189209,145.7969200015068
crack0052_03.png,3.594471263885498,148.2363739013672,147.0641326904297,1.1722412109375,149.1778106689453,144.29298400878906,4.88482666015625,0.26254475116729736,0.26838117837905884,0.005836427211761475,0.0,0.0,0.0,0.0,0.0,0.0,0.5978162288665771,0.5977815985679626,3.463029861450195e-05,0.11207370460033417,0.11207370460033417,155.81021738052368
crack0052_04.png,-1.1043495655059812,136.9495849609375,138.23358154296875,-1.28399658203125,138.1320343017578,132.06732177734375,6.0647125244140625,0.2698013484477997,0.2422289401292801,-0.027572408318519592,0.0,0.0,0.0,0.0,0.0,0.0,0.5951864719390869,0.5961976051330566,-0.0010111331939697266,0.10266714543104172,0.10266714543104172,146.90575104951859
crack0052_05.png,7.616638708114625,131.3182373046875,122.92814636230469,8.390090942382812,123.11080932617188,122.87045288085938,0.2403564453125,0.20561373233795166,0.21662987768650055,0.01101614534854889,0.07974809408187866,0.038409650325775146,-0.041338443756103516,0.13060259819030762,0.09403151273727417,-0.03657108545303345,0.588331401348114,0.590765118598938,-0.0024337172508239746,0.11142157763242722,0.11142157763242722,138.4169726371765
crack0052_06.png,6.781182289123535,135.28009033203125,128.91714477539062,6.362945556640625,120.32308959960938,119.65597534179688,0.6671142578125,0.19674567878246307,0.20077957212924957,0.004033893346786499,0.0,0.0,0.0,0.1916748285293579,0.14256948232650757,-0.04910534620285034,0.5813917517662048,0.5856747627258301,-0.004283010959625244,0.11059202998876572,0.11059202998876572,143.72086733579636
crack0052_07.png,7.80729193687439,131.817138671875,124.81790924072266,6.999229431152344,122.89033508300781,123.55721282958984,-0.6668777465820312,0.22092358767986298,0.23332518339157104,0.012401595711708069,0.0015429854393005371,0.0,-0.0015429854393005371,0.08623236417770386,0.061430513858795166,-0.02480185031890869,0.5957362651824951,0.5921261310577393,0.0036101341247558594,0.1146358922123909,0.1146358922123909,138.89155930280685
crack0052_08.png,3.869818687438965,140.83731079101562,135.42393493652344,5.4133758544921875,124.50389099121094,124.52571105957031,-0.021820068359375,0.1764335036277771,0.16537010669708252,-0.01106339693069458,0.03339046239852905,0.014516770839691162,-0.01887369155883789,0.1851477026939392,0.17852294445037842,-0.006624758243560791,0.5944867134094238,0.5918569564819336,0.0026297569274902344,0.11571667343378067,0.11571667343378067,151.98788499832153
crack0052_09.png,4.388871192932129,131.74615478515625,127.73848724365234,4.007667541503906,127.8451156616211,127.50823974609375,0.33687591552734375,0.20550507307052612,0.20769762992858887,0.002192556858062744,0.0,0.0,0.0,0.10218822956085205,0.08748763799667358,-0.014700591564178467,0.5891733765602112,0.5873971581459045,0.0017762184143066406,0.12004446983337402,0.12004446983337402,140.97895169258118
crack0053_00.png,2.9589898109436037,104.86870574951172,103.18672943115234,1.681976318359375,126.02124786376953,126.30886840820312,-0.28762054443359375,0.24667945504188538,0.250392347574234,0.003712892532348633,0.14531391859054565,0.17094802856445312,0.02563410997390747,0.17600542306900024,0.20345944166183472,0.027454018592834473,0.5922952890396118,0.5905536413192749,0.001741647720336914,0.1913907825946808,0.1913907825946808,112.91876184940338
crack0053_01.png,5.025996208190918,83.6985092163086,82.25133514404297,1.447174072265625,114.57405853271484,115.1561050415039,-0.5820465087890625,0.29659515619277954,0.3115563690662384,0.014961212873458862,0.0831446647644043,0.1463679075241089,0.06322324275970459,0.2163347601890564,0.2556968331336975,0.03936207294464111,0.5937101244926453,0.5915647745132446,0.0021453499794006348,0.13689425587654114,0.13689425587654114,88.92761778831482
crack0053_02.png,1.09265775680542,104.78499603271484,104.60079956054688,0.18419647216796875,126.19525146484375,124.90835571289062,1.286895751953125,0.26100149750709534,0.27063125371932983,0.009629756212234497,0.37671059370040894,0.36854320764541626,-0.008167386054992676,0.36065369844436646,0.3588777184486389,-0.001775979995727539,0.5877739191055298,0.5890234708786011,-0.001249551773071289,0.17864513397216797,0.17864513397216797,112.59374678134918
crack0053_03.png,5.128838586807251,166.9727020263672,163.27484130859375,3.6978607177734375,161.6669464111328,157.368896484375,4.2980499267578125,0.2579297721385956,0.24270488321781158,-0.015224888920783997,0.10036218166351318,0.12351751327514648,0.0231553316116333,0.10801124572753906,0.11055749654769897,0.002546250820159912,0.5892348885536194,0.5891464948654175,8.83936882019043e-05,0.17171522974967957,0.17171522974967957,174.13087421655655
crack0053_04.png,3.7824877738952636,115.20219421386719,113.4828109741211,1.7193832397460938,121.8336181640625,121.42436218261719,0.4092559814453125,0.21167773008346558,0.1967199444770813,-0.014957785606384277,0.22151309251785278,0.3017241954803467,0.0802111029624939,0.21206796169281006,0.2540331482887268,0.04196518659591675,0.5880814790725708,0.59089195728302,-0.0028104782104492188,0.1452067792415619,0.1452067792415619,126.17498421669006
crack0053_05.png,5.398905277252197,168.64895629882812,168.8723602294922,-0.2234039306640625,152.89219665527344,150.01187133789062,2.8803253173828125,0.1574477255344391,0.17582646012306213,0.018378734588623047,0.17188072204589844,0.2487078309059143,0.07682710886001587,0.04547429084777832,0.09991979598999023,0.054445505142211914,0.5982160568237305,0.6000461578369141,-0.0018301010131835938,0.13138458132743835,0.13138458132743835,183.31564104557037
crack0053_06.png,0.36371431350708006,111.09912872314453,111.76704406738281,-0.6679153442382812,126.11125183105469,125.81539916992188,0.2958526611328125,0.26942333579063416,0.2715551555156708,0.002131819725036621,0.2591663599014282,0.27906906604766846,0.019902706146240234,0.19713133573532104,0.221180260181427,0.024048924446105957,0.5863052606582642,0.5876393914222717,-0.0013341307640075684,0.15551286935806274,0.15551286935806274,118.77326190471649
crack0053_07.png,1.0767029762268066,102.12213897705078,101.78636169433594,0.33577728271484375,119.42202758789062,117.41555786132812,2.0064697265625,0.2868026793003082,0.2847084701061249,-0.0020942091941833496,0.3594285845756531,0.36146801710128784,0.0020394325256347656,0.2851927876472473,0.28448420763015747,-0.0007085800170898438,0.586266815662384,0.585659384727478,0.0006074309349060059,0.1654158979654312,0.1654158979654312,108.32241475582123
crack0053_08.png,0.30445489883422855,91.3214111328125,91.50294494628906,-0.1815338134765625,118.51138305664062,117.48753356933594,1.0238494873046875,0.25740841031074524,0.2516292929649353,-0.0057791173458099365,0.33767926692962646,0.35316717624664307,0.015487909317016602,0.2913590669631958,0.2892901301383972,-0.002068936824798584,0.5872818231582642,0.589300274848938,-0.002018451690673828,0.1532180905342102,0.1532180905342102,99.88643145561218
crack0053_09.png,-0.3915709495544435,94.6751708984375,93.66691589355469,1.0082550048828125,115.21208190917969,117.84652709960938,-2.6344451904296875,0.23448193073272705,0.24118256568908691,0.006700634956359863,0.17120414972305298,0.1457645297050476,-0.02543962001800537,0.22835898399353027,0.23514091968536377,0.006781935691833496,0.5954748392105103,0.5920876860618591,0.003387153148651123,0.1429348587989807,0.1429348587989807,103.92112112045288
crack0054_00.png,3.057957077026367,94.8151626586914,94.48735046386719,0.32781219482421875,104.87809753417969,104.27276611328125,0.6053314208984375,0.27328768372535706,0.2930484712123871,0.01976078748703003,0.39528095722198486,0.41784048080444336,0.022559523582458496,0.4200228452682495,0.42645901441574097,0.006436169147491455,0.5794002413749695,0.5792810320854187,0.00011920928955078125,0.1471952199935913,0.1471952199935913,101.43000519275665
crack0054_01.png,0.7138483047485351,101.44646453857422,101.39358520507812,0.05287933349609375,108.99658203125,108.61041259765625,0.38616943359375,0.2897127568721771,0.28969740867614746,-1.5348196029663086e-05,0.4044921398162842,0.41650867462158203,0.012016534805297852,0.3968132734298706,0.405201256275177,0.008387982845306396,0.5766628384590149,0.5759861469268799,0.0006766915321350098,0.21398842334747314,0.21398842334747314,107.10469388961792
crack0054_02.png,-0.24277863502502442,88.38301849365234,88.51628112792969,-0.13326263427734375,103.80867004394531,103.48406219482422,0.32460784912109375,0.19628483057022095,0.19519875943660736,-0.0010860711336135864,0.47604644298553467,0.473368763923645,-0.0026776790618896484,0.41977936029434204,0.41575151681900024,-0.004027843475341797,0.5783583521842957,0.5794925093650818,-0.0011341571807861328,0.17496246099472046,0.17496246099472046,99.91742461919785
crack0054_03.png,1.2502351760864259,88.5990982055664,88.81470489501953,-0.215606689453125,98.62825012207031,98.38801574707031,0.240234375,0.29360052943229675,0.3126104772090912,0.019009947776794434,0.3936156630516052,0.3881247639656067,-0.005490899085998535,0.4242016673088074,0.42789721488952637,0.003695547580718994,0.5768089294433594,0.5750942230224609,0.0017147064208984375,0.1450170874595642,0.1450170874595642,94.16322696208954
crack0054_04.png,1.556114912033081,101.27152252197266,100.41575622558594,0.8557662963867188,102.99803924560547,102.42678833007812,0.5712509155273438,0.2056780755519867,0.21300838887691498,0.007330313324928284,0.5142056941986084,0.5116603374481201,-0.0025453567504882812,0.45764875411987305,0.45505619049072266,-0.0025925636291503906,0.5876470804214478,0.5879661440849304,-0.000319063663482666,0.21593201160430908,0.21593201160430908,112.02160060405731
crack0054_05.png,0.5558647632598877,100.34281158447266,99.437255859375,0.9055557250976562,107.6014404296875,107.38998413085938,0.211456298828125,0.23166818916797638,0.22785469889640808,-0.0038134902715682983,0.4662240147590637,0.4616062641143799,-0.004617750644683838,0.4431923031806946,0.4491173028945923,0.005924999713897705,0.5935217142105103,0.5921338200569153,0.0013878941535949707,0.2081020176410675,0.2081020176410675,109.95962035655975
crack0054_06.png,0.16658973693847656,91.08917236328125,90.59041595458984,0.49875640869140625,102.1034927368164,101.34501647949219,0.7584762573242188,0.1907394379377365,0.18848945200443268,-0.002249985933303833,0.3938136100769043,0.38069456815719604,-0.013119041919708252,0.37886184453964233,0.3820037245750427,0.0031418800354003906,0.5867666006088257,0.5850365161895752,0.0017300844192504883,0.15128196775913239,0.15128196775913239,103.00109106302261
crack0054_07.png,-0.5883460521697998,85.84872436523438,86.10977935791016,-0.26105499267578125,99.179443359375,99.21067810058594,-0.0312347412109375,0.25046461820602417,0.24783389270305634,-0.0026307255029678345,0.3952696919441223,0.3932378888130188,-0.0020318031311035156,0.36675190925598145,0.3614184856414795,-0.005333423614501953,0.5759669542312622,0.5765436291694641,-0.0005766749382019043,0.13269445300102234,0.13269445300102234,94.17096346616745
crack0054_08.png,0.13809795379638673,97.41582489013672,97.27377319335938,0.14205169677734375,107.84159851074219,107.82133483886719,0.020263671875,0.30192798376083374,0.3018805980682373,-4.738569259643555e-05,0.46341168880462646,0.4644160270690918,0.001004338264465332,0.4229426980018616,0.42553454637527466,0.002591848373413086,0.5769780874252319,0.5781891345977783,-0.0012110471725463867,0.19405196607112885,0.19405196607112885,102.35952854156494
crack0054_09.png,-0.06296873092651367,95.05406951904297,94.62186431884766,0.4322052001953125,99.39776611328125,99.127685546875,0.27008056640625,0.22296299040317535,0.21817775070667267,-0.0047852396965026855,0.40262603759765625,0.400515079498291,-0.0021109580993652344,0.3650854825973511,0.36282920837402344,-0.0022562742233276367,0.5775663256645203,0.5809650421142578,-0.003398716449737549,0.16122114658355713,0.16122114658355713,104.98590356111526
crack0055_00.png,-0.559748077392578,103.23515319824219,104.3069839477539,-1.0718307495117188,114.28868865966797,113.51931762695312,0.7693710327148438,0.23691914975643158,0.24002118408679962,0.003102034330368042,0.0,0.0,0.0,0.0,0.0,0.0,0.5804921388626099,0.5815878510475159,-0.0010957121849060059,0.1481524407863617,0.1481524407863617,112.81943362951279
crack0055_01.png,-2.194862174987793,96.03623962402344,97.38114929199219,-1.34490966796875,115.0053939819336,114.80427551269531,0.20111846923828125,0.26950305700302124,0.26025867462158203,-0.009244382381439209,0.0,0.0,0.0,0.21671980619430542,0.23042869567871094,0.013708889484405518,0.5831218957901001,0.5878931283950806,-0.004771232604980469,0.15289011597633362,0.15289011597633362,104.60889911651611
crack0055_02.png,-1.611715316772461,116.16199493408203,116.97181701660156,-0.8098220825195312,103.42306518554688,103.13795471191406,0.2851104736328125,0.2837044298648834,0.2686218023300171,-0.015082627534866333,0.03755331039428711,0.04920685291290283,0.011653542518615723,0.24296438694000244,0.23431390523910522,-0.008650481700897217,0.5752403140068054,0.5796270370483398,-0.004386723041534424,0.13135972619056702,0.13135972619056702,123.63467931747437
crack0055_03.png,0.027189254760742188,112.80433654785156,113.6468276977539,-0.8424911499023438,102.4376220703125,101.97886657714844,0.4587554931640625,0.2935989797115326,0.3033449947834015,0.009746015071868896,0.0,0.0,0.0,0.07939624786376953,0.06615179777145386,-0.013244450092315674,0.5756862759590149,0.5780238509178162,-0.0023375749588012695,0.14517280459403992,0.14517280459403992,118.73059737682343
crack0055_04.png,0.814338779449463,85.69595336914062,87.45912170410156,-1.7631683349609375,114.94953918457031,115.11793518066406,-0.16839599609375,0.26148319244384766,0.2966431975364685,0.03516000509262085,0.0,0.0,0.0,0.00856482982635498,0.0,-0.00856482982635498,0.5800269246101379,0.5842252969741821,-0.0041983723640441895,0.12368130683898926,0.12368130683898926,94.25755786895752
crack0055_05.png,-0.86984224319458,109.8952865600586,111.0038833618164,-1.1085968017578125,113.82115936279297,113.24427032470703,0.5768890380859375,0.20724168419837952,0.20739197731018066,0.00015029311180114746,0.36052101850509644,0.3607357144355774,0.00021469593048095703,0.3686639070510864,0.37550878524780273,0.006844878196716309,0.5717531442642212,0.572068452835083,-0.0003153085708618164,0.11199603974819183,0.11199603974819183,120.89782202243805
crack0055_06.png,1.7884825229644776,119.663818359375,119.56632232666016,0.09749603271484375,111.96676635742188,111.86843872070312,0.09832763671875,0.12817120552062988,0.12562181055545807,-0.002549394965171814,0.16645675897598267,0.2118319272994995,0.045375168323516846,0.22976064682006836,0.27137595415115356,0.041615307331085205,0.5871434211730957,0.5861284136772156,0.001015007495880127,0.15917181968688965,0.15917181968688965,135.56349855661392
crack0055_07.png,-1.8715554237365724,94.9959945678711,96.76841735839844,-1.7724227905273438,104.75048828125,104.93174743652344,-0.1812591552734375,0.28012675046920776,0.2804917097091675,0.0003649592399597168,0.0,0.0,0.0,0.12507712841033936,0.09683376550674438,-0.02824336290359497,0.5770203471183777,0.5784159898757935,-0.0013956427574157715,0.12792518734931946,0.12792518734931946,102.21124053001404
crack0055_08.png,-1.024203634262085,85.39122772216797,86.32235717773438,-0.9311294555664062,108.50891876220703,108.1655044555664,0.343414306640625,0.1859813630580902,0.17281664907932281,-0.013164713978767395,0.02421492338180542,0.04703629016876221,0.022821366786956787,0.2291143536567688,0.21026110649108887,-0.01885324716567993,0.5772126317024231,0.5794655680656433,-0.002252936363220215,0.13175874948501587,0.13175874948501587,98.66641622781754
crack0055_09.png,0.3962466239929199,113.20093536376953,112.40271759033203,0.7982177734375,111.02360534667969,110.77156066894531,0.252044677734375,0.215081587433815,0.21085555851459503,-0.004226028919219971,0.0,0.0,0.0,0.14290642738342285,0.12768185138702393,-0.015224575996398926,0.5886274576187134,0.5927451252937317,-0.0041176676750183105,0.19633886218070984,0.19633886218070984,123.86029797792435
crack0056_00.png,-2.1604965209960936,102.75466918945312,105.3878173828125,-2.633148193359375,118.45152282714844,118.19886779785156,0.252655029296875,0.39018306136131287,0.3947606384754181,0.004577577114105225,0.0,0.0,0.0,0.10906827449798584,0.06081646680831909,-0.04825180768966675,0.5844060182571411,0.5842714309692383,0.00013458728790283203,0.09969661384820938,0.09969661384820938,104.03650033473969
crack0056_01.png,-0.7470583915710449,112.65794372558594,113.69359588623047,-1.0356521606445312,121.343994140625,119.33441162109375,2.00958251953125,0.42285609245300293,0.41751518845558167,-0.005340903997421265,0.0,0.0,0.0,0.05834227800369263,0.06431692838668823,0.0059746503829956055,0.5833179354667664,0.5855171084403992,-0.0021991729736328125,0.09474453330039978,0.09474453330039978,111.54554283618927
crack0056_02.png,0.6455327987670898,84.1865005493164,83.9326171875,0.25388336181640625,115.11026763916016,114.8107681274414,0.29949951171875,0.4214968979358673,0.4265693724155426,0.005072474479675293,0.0,0.0,0.0,0.0943765640258789,0.05933105945587158,-0.035045504570007324,0.5890734195709229,0.5924221277236938,-0.003348708152770996,0.09475114941596985,0.09475114941596985,82.46663010120392
crack0056_03.png,1.1090282440185546,87.4073257446289,87.4800796508789,-0.07275390625,113.97969055175781,113.9586181640625,0.0210723876953125,0.4503610134124756,0.46365728974342346,0.013296276330947876,0.0,0.0,0.0,0.037452518939971924,0.01291733980178833,-0.024535179138183594,0.586259126663208,0.583517849445343,0.0027412772178649902,0.10096940398216248,0.10096940398216248,83.87240695953369
crack0056_04.png,1.4996292114257812,110.45942687988281,110.35015106201172,0.10927581787109375,116.62667846679688,116.25023651123047,0.37644195556640625,0.40145155787467957,0.41601642966270447,0.014564871788024902,0.0,0.0,0.0,0.04530072212219238,0.03415882587432861,-0.01114189624786377,0.5908573865890503,0.588992714881897,0.0018646717071533203,0.10556571930646896,0.10556571930646896,109.9519909620285
crack0056_05.png,1.9946837425231934,90.44840240478516,89.92485809326172,0.5235443115234375,111.90172576904297,111.01942443847656,0.8823013305664062,0.4160440266132355,0.42774954438209534,0.011705517768859863,0.0,0.0,0.0,0.027951180934906006,0.041022300720214844,0.013071119785308838,0.592056930065155,0.5875124931335449,0.004544436931610107,0.0933544784784317,0.0933544784784317,88.90626585483551
crack0056_06.png,1.642478084564209,93.63048553466797,93.06398010253906,0.5665054321289062,114.21420288085938,113.89691162109375,0.317291259765625,0.43266406655311584,0.44503477215766907,0.012370705604553223,0.0,0.0,0.0,0.0,0.0,0.0,0.5889811515808105,0.5899961590766907,-0.001015007495880127,0.09509885311126709,0.09509885311126709,90.98723518848419
crack0056_07.png,1.5010268211364746,112.58468627929688,112.35128784179688,0.2333984375,126.75062561035156,125.70771789550781,1.04290771484375,0.3586457669734955,0.3693515658378601,0.010705798864364624,0.0,0.0,0.0,0.027015864849090576,0.08437883853912354,0.05736297369003296,0.5887120366096497,0.5888620018959045,-0.0001499652862548828,0.09341248124837875,0.09341248124837875,114.50372111797333
crack0056_08.png,1.9993531227111816,107.33829498291016,107.01467895507812,0.32361602783203125,118.32736206054688,118.25727844238281,0.0700836181640625,0.3905073404312134,0.4097464680671692,0.01923912763595581,0.0,0.0,0.0,0.022160232067108154,0.0,-0.022160232067108154,0.5928796529769897,0.5901653170585632,0.0027143359184265137,0.10211107134819031,0.10211107134819031,107.46123266220093
crack0056_09.png,3.9817621231079103,96.32117462158203,96.96383666992188,-0.6426620483398438,121.4216537475586,117.61984252929688,3.8018112182617188,0.4235735237598419,0.4624408781528473,0.03886735439300537,0.0,0.0,0.0,0.0,0.0,0.0,0.5825259685516357,0.5826681852340698,-0.00014221668243408203,0.09165389835834503,0.09165389835834503,94.53482162952423
crack0057_00.png,-1.548229956626892,114.97606658935547,116.31982421875,-1.3437576293945312,110.91653442382812,111.0145492553711,-0.09801483154296875,0.11215340346097946,0.10885125398635864,-0.003302149474620819,0.2420825958251953,0.2447359561920166,0.002653360366821289,0.26581090688705444,0.2722998857498169,0.006488978862762451,0.5823068022727966,0.5824875235557556,-0.00018072128295898438,0.16707733273506165,0.16707733273506165,132.41637110710144
crack0057_01.png,0.0836036205291748,123.33233642578125,123.59016418457031,-0.2578277587890625,108.43325805664062,107.94276428222656,0.4904937744140625,0.1122494637966156,0.11710165441036224,0.004852190613746643,0.2867469787597656,0.2817038297653198,-0.005043148994445801,0.3061991333961487,0.3062400221824646,4.088878631591797e-05,0.576213002204895,0.5772433876991272,-0.0010303854942321777,0.15566369891166687,0.15566369891166687,139.81601798534393
crack0057_02.png,-0.6236875057220459,138.8021240234375,139.16455078125,-0.3624267578125,107.16181945800781,107.01487731933594,0.146942138671875,0.0785331130027771,0.07868312299251556,0.00015000998973846436,0.3676164746284485,0.35836201906204224,-0.00925445556640625,0.4002624750137329,0.3969680070877075,-0.0032944679260253906,0.5798039436340332,0.5788504481315613,0.0009534955024719238,0.13833153247833252,0.13833153247833252,157.46350836753845
crack0057_03.png,-0.5463813781738281,122.19818115234375,122.4052734375,-0.20709228515625,105.14628601074219,104.9589614868164,0.18732452392578125,0.10534020513296127,0.10556086152791977,0.0002206563949584961,0.43621909618377686,0.42562609910964966,-0.010592997074127197,0.416858971118927,0.41536056995391846,-0.001498401165008545,0.5788619518280029,0.57906574010849,-0.00020378828048706055,0.1461758315563202,0.1461758315563202,139.1439445912838
crack0057_04.png,-1.4221449136734008,120.04718780517578,120.82146453857422,-0.7742767333984375,101.24275207519531,101.20355224609375,0.0391998291015625,0.11028100550174713,0.10942504554986954,-0.000855959951877594,0.27952712774276733,0.2652847170829773,-0.014242410659790039,0.2792971134185791,0.2677648067474365,-0.011532306671142578,0.5757785439491272,0.5764129161834717,-0.0006343722343444824,0.1261599212884903,0.1261599212884903,136.9253400862217
crack0057_05.png,-1.1231088161468505,140.4475860595703,140.63790893554688,-0.1903228759765625,106.60305786132812,106.78636169433594,-0.1833038330078125,0.08562130481004715,0.08608295768499374,0.00046165287494659424,0.2646467685699463,0.2403375506401062,-0.024309217929840088,0.313682496547699,0.2950540781021118,-0.018628418445587158,0.5788350701332092,0.5769357681274414,0.0018993020057678223,0.1532713770866394,0.1532713770866394,158.55887201428413
crack0057_06.png,1.399511170387268,143.49050903320312,142.4944305419922,0.9960784912109375,117.2453842163086,117.06795501708984,0.17742919921875,0.08977781981229782,0.08325281739234924,-0.006525002419948578,0.2942390441894531,0.3142664432525635,0.02002739906311035,0.2969561219215393,0.3097878694534302,0.01283174753189087,0.58465975522995,0.5833256244659424,0.0013341307640075684,0.15897732973098755,0.15897732973098755,161.3836909532547
crack0057_07.png,0.786970067024231,128.44691467285156,129.04559326171875,-0.5986785888671875,115.42517852783203,115.89141845703125,-0.46623992919921875,0.11322974413633347,0.1252461075782776,0.012016363441944122,0.27335435152053833,0.2884637713432312,0.015109419822692871,0.28004878759384155,0.3309062719345093,0.050857484340667725,0.582918107509613,0.5827566385269165,0.0001614689826965332,0.13903434574604034,0.13903434574604034,145.26919361948967
crack0057_08.png,-0.28136823177337644,123.41017150878906,124.24593353271484,-0.8357620239257812,104.77151489257812,104.83818054199219,-0.0666656494140625,0.08481322973966599,0.09326785802841187,0.00845462828874588,0.3594135046005249,0.3566693663597107,-0.002744138240814209,0.3421210050582886,0.34220778942108154,8.678436279296875e-05,0.582114577293396,0.5817531943321228,0.00036138296127319336,0.14151480793952942,0.14151480793952942,142.02384182810783
crack0057_09.png,0.3107745170593261,116.54454040527344,117.6731185913086,-1.1285781860351562,103.3955078125,103.24501037597656,0.1504974365234375,0.16077151894569397,0.16594892740249634,0.005177408456802368,0.2215721607208252,0.2436123490333557,0.022040188312530518,0.2995912432670593,0.3076286315917969,0.008037388324737549,0.5777854919433594,0.5757016539573669,0.0020838379859924316,0.1412540078163147,0.1412540078163147,130.57395803928375
crack0058_00.png,4.383159351348877,125.86683654785156,123.42460632324219,2.442230224609375,115.94590759277344,115.32006072998047,0.6258468627929688,0.3767112195491791,0.39526572823524475,0.018554508686065674,0.0,0.0,0.0,0.2511250376701355,0.2644804120063782,0.013355374336242676,0.5927758812904358,0.5876201391220093,0.005155742168426514,0.08855094760656357,0.08855094760656357,125.75408351421356
crack0058_01.png,6.506099224090576,170.22113037109375,165.0452880859375,5.17584228515625,120.84989166259766,119.34754943847656,1.5023422241210938,0.30279213190078735,0.3123757541179657,0.009583622217178345,0.0,0.0,0.0,0.20527827739715576,0.21332836151123047,0.008050084114074707,0.5846443772315979,0.5855786204338074,-0.0009342432022094727,0.08720401674509048,0.08720401674509048,172.88882613182068
crack0058_02.png,3.0586956977844237,142.2324981689453,140.59619140625,1.6363067626953125,123.88429260253906,122.7456283569336,1.1386642456054688,0.35040509700775146,0.36235517263412476,0.011950075626373291,0.0,0.0,0.0,0.20893573760986328,0.2162514328956604,0.007315695285797119,0.586078405380249,0.5858054757118225,0.00027292966842651367,0.0918157696723938,0.0918157696723938,143.83317518234253
crack0058_03.png,3.256758117675781,153.5420684814453,151.31814575195312,2.2239227294921875,121.07136535644531,120.0047607421875,1.0666046142578125,0.3284941017627716,0.3354736864566803,0.006979584693908691,0.0,0.0,0.0,0.20686125755310059,0.1973341703414917,-0.009527087211608887,0.5831333994865417,0.5819377303123474,0.001195669174194336,0.09643399715423584,0.09643399715423584,156.0457969903946
crack0058_04.png,5.0672201156616214,161.9950408935547,156.3296661376953,5.665374755859375,124.22782897949219,124.44036865234375,-0.2125396728515625,0.336577445268631,0.3285292387008667,-0.008048206567764282,0.0,0.0,0.0,0.23866015672683716,0.2058231234550476,-0.03283703327178955,0.5900230407714844,0.586755096912384,0.003267943859100342,0.09183710068464279,0.09183710068464279,163.05152082443237
crack0058_05.png,3.909456253051758,122.67334747314453,118.95487976074219,3.7184677124023438,112.69873809814453,112.61058044433594,0.08815765380859375,0.29386624693870544,0.30407148599624634,0.010205239057540894,0.02812659740447998,0.009925246238708496,-0.018201351165771484,0.3349528908729553,0.3395954370498657,0.0046425461769104,0.5895425081253052,0.5878584980964661,0.0016840100288391113,0.08741968870162964,0.08741968870162964,126.76383912563324
crack0058_06.png,5.902144718170166,169.99778747558594,165.2908935546875,4.7068939208984375,122.92132568359375,122.20829010009766,0.7130355834960938,0.3496231436729431,0.3596702814102173,0.01004713773727417,0.0,0.0,0.0,0.29165661334991455,0.28494793176651,-0.006708681583404541,0.5866205096244812,0.5839638710021973,0.0026566386222839355,0.09589288383722305,0.09589288383722305,170.13177227973938
crack0058_07.png,5.744688987731934,166.6573944091797,161.6209259033203,5.036468505859375,122.60871124267578,121.92271423339844,0.6859970092773438,0.30661189556121826,0.31374362111091614,0.007131725549697876,0.0,0.0,0.0,0.27743977308273315,0.2626953125,-0.014744460582733154,0.5834832787513733,0.5869011878967285,-0.0034179091453552246,0.09714149683713913,0.09714149683713913,169.21849393844604
crack0058_08.png,2.6136574745178223,158.88348388671875,157.023681640625,1.85980224609375,119.57476806640625,118.66851043701172,0.9062576293945312,0.3285626471042633,0.3323068916797638,0.0037442445755004883,0.0,0.0,0.0,0.2611883282661438,0.26269596815109253,0.0015076398849487305,0.5824029445648193,0.5801076292991638,0.0022953152656555176,0.09420793503522873,0.09420793503522873,161.53594172000885
crack0058_09.png,1.7666637420654296,155.1826934814453,153.75743103027344,1.425262451171875,118.88414001464844,118.64125061035156,0.242889404296875,0.28892579674720764,0.2921576499938965,0.0032318532466888428,0.0,0.0,0.0,0.31707102060317993,0.3041272759437561,-0.012943744659423828,0.586755096912384,0.5871126651763916,-0.00035756826400756836,0.09076611697673798,0.09076611697673798,160.61902105808258
crack0059_00.png,0.7945548057556153,101.6462631225586,101.56522369384766,0.0810394287109375,105.97589874267578,105.20004272460938,0.7758560180664062,0.30932188034057617,0.31011033058166504,0.0007884502410888672,0.3891500234603882,0.398348331451416,0.009198307991027832,0.3297816514968872,0.3334176540374756,0.003636002540588379,0.5765743851661682,0.5772702693939209,-0.0006958842277526855,0.1704489290714264,0.1704489290714264,106.13724136352539
crack0059_01.png,1.579146385192871,106.30621337890625,105.96784210205078,0.33837127685546875,106.92546844482422,106.82640075683594,0.09906768798828125,0.3688696622848511,0.36376532912254333,-0.005104333162307739,0.17618632316589355,0.2164006233215332,0.04021430015563965,0.20828354358673096,0.21932733058929443,0.011043787002563477,0.5763782858848572,0.5763552188873291,2.3066997528076172e-05,0.16093288362026215,0.16093288362026215,107.3662394285202
crack0059_02.png,-1.1052260398864746,94.91873931884766,96.07100677490234,-1.1522674560546875,110.39912414550781,110.60725402832031,-0.2081298828125,0.24344287812709808,0.2376958280801773,-0.005747050046920776,0.2907852530479431,0.3010268807411194,0.01024162769317627,0.3496079444885254,0.36079859733581543,0.011190652847290039,0.5801883935928345,0.5756785869598389,0.0045098066329956055,0.1872509866952896,0.1872509866952896,104.44065910577774
crack0059_03.png,0.2462936878204346,101.77505493164062,102.0660171508789,-0.29096221923828125,113.64823913574219,113.40385437011719,0.244384765625,0.2300187349319458,0.23754622042179108,0.007527485489845276,0.32420945167541504,0.3204419016838074,-0.003767549991607666,0.3080364465713501,0.32944923639297485,0.021412789821624756,0.5840100049972534,0.5843098759651184,-0.00029987096786499023,0.1497000753879547,0.1497000753879547,111.49180698394775
crack0059_04.png,-2.3498246669769287,109.5118637084961,110.2716293334961,-0.759765625,110.07455444335938,110.91127014160156,-0.8367156982421875,0.2443642020225525,0.2329450398683548,-0.011419162154197693,0.27213799953460693,0.26124292612075806,-0.010895073413848877,0.3595079183578491,0.34773939847946167,-0.011768519878387451,0.5866166949272156,0.5842676162719727,0.00234907865524292,0.17058447003364563,0.17058447003364563,119.37971192598343
crack0059_05.png,-0.4066832542419434,102.23538208007812,103.59085845947266,-1.3554763793945312,113.37109375,113.7506103515625,-0.3795166015625,0.25639986991882324,0.2568492293357849,0.0004493594169616699,0.18606287240982056,0.21407866477966309,0.02801579236984253,0.25885552167892456,0.26907145977020264,0.010215938091278076,0.5744059681892395,0.5758054852485657,-0.0013995170593261719,0.13764458894729614,0.13764458894729614,110.56134748458862
crack0059_06.png,-1.444400691986084,97.22209930419922,99.17403411865234,-1.951934814453125,110.87661743164062,110.26639556884766,0.6102218627929688,0.28621038794517517,0.28803470730781555,0.0018243193626403809,0.341574490070343,0.3459460735321045,0.004371583461761475,0.34072840213775635,0.36397457122802734,0.023246169090270996,0.5761476159095764,0.5775817036628723,-0.0014340877532958984,0.18063582479953766,0.18063582479953766,104.12871158123016
crack0059_07.png,0.6533377647399903,103.74403381347656,103.99319458007812,-0.2491607666015625,117.75067138671875,117.97921752929688,-0.228546142578125,0.27365702390670776,0.2611747682094574,-0.012482255697250366,0.1378929615020752,0.18885493278503418,0.050961971282958984,0.25401151180267334,0.27633434534072876,0.02232283353805542,0.5827720165252686,0.5839215517044067,-0.0011495351791381836,0.15005925297737122,0.15005925297737122,111.55499017238617
crack0059_08.png,-0.3014293193817139,109.34069061279297,110.33302307128906,-0.9923324584960938,117.50703430175781,117.04411315917969,0.462921142578125,0.22979459166526794,0.24098576605319977,0.011191174387931824,0.2950451970100403,0.28700941801071167,-0.008035778999328613,0.3671070337295532,0.386008083820343,0.018901050090789795,0.5861245393753052,0.587827742099762,-0.0017032027244567871,0.13844357430934906,0.13844357430934906,119.56229102611542
crack0059_09.png,-0.1753784179687501,101.41465759277344,102.22615051269531,-0.811492919921875,116.24772644042969,115.36163330078125,0.8860931396484375,0.2666618824005127,0.2494851052761078,-0.017176777124404907,0.21015357971191406,0.2484617829322815,0.03830820322036743,0.29383236169815063,0.3163122534751892,0.022479891777038574,0.5824913382530212,0.5794040560722351,0.003087282180786133,0.14365914463996887,0.14365914463996887,110.15095126628876
crack0060_00.png,0.3533621788024903,118.99940490722656,118.40955352783203,0.5898513793945312,112.66109466552734,111.74455261230469,0.9165420532226562,0.3080080449581146,0.29251307249069214,-0.015494972467422485,0.0939754843711853,0.1063660979270935,0.012390613555908203,0.19865185022354126,0.20605897903442383,0.007407128810882568,0.59502112865448,0.5914994478225708,0.0035216808319091797,0.1227245032787323,0.1227245032787323,124.95454001426697
crack0060_01.png,1.7200704097747803,106.55866241455078,105.68794250488281,0.8707199096679688,107.27676391601562,107.05769348144531,0.2190704345703125,0.24095997214317322,0.24814490973949432,0.007184937596321106,0.19736921787261963,0.20264989137649536,0.005280673503875732,0.19948136806488037,0.2111223340034485,0.011640965938568115,0.5879123210906982,0.588519811630249,-0.0006074905395507812,0.12343297898769379,0.12343297898769379,115.20649659633636
crack0060_02.png,1.7227325916290284,115.19696807861328,114.19091033935547,1.0060577392578125,109.09307861328125,109.76771545410156,-0.6746368408203125,0.1848398596048355,0.19428130984306335,0.009441450238227844,0.23302525281906128,0.23678714036941528,0.003761887550354004,0.29157644510269165,0.29066044092178345,-0.0009160041809082031,0.595517098903656,0.5934986472129822,0.002018451690673828,0.10654997080564499,0.10654997080564499,127.42423158884048
crack0060_03.png,2.1895243644714357,115.82071685791016,114.42589569091797,1.3948211669921875,111.90184020996094,110.1678237915039,1.7340164184570312,0.2588958740234375,0.25860875844955444,-0.00028711557388305664,0.17492443323135376,0.17836058139801025,0.003436148166656494,0.2054024338722229,0.20805472135543823,0.002652287483215332,0.5904190540313721,0.5907535552978516,-0.0003345012664794922,0.13557150959968567,0.13557150959968567,123.23692297935486
crack0060_04.png,-1.0070305347442627,112.47868347167969,112.87045288085938,-0.3917694091796875,111.63318634033203,111.03388977050781,0.5992965698242188,0.2179960310459137,0.20680566132068634,-0.011190369725227356,0.056067705154418945,0.054744064807891846,-0.0013236403465270996,0.0,0.011135220527648926,0.011135220527648926,0.5851749181747437,0.5828450322151184,0.002329885959625244,0.1090487539768219,0.1090487539768219,123.6732252240181
crack0060_05.png,0.6814397811889649,115.83879852294922,115.6404800415039,0.1983184814453125,105.79624938964844,105.56475830078125,0.2314910888671875,0.28852716088294983,0.2818230390548706,-0.006704121828079224,0.0494350790977478,0.0709725022315979,0.021537423133850098,0.1768752932548523,0.1796892285346985,0.0028139352798461914,0.5923990607261658,0.590765118598938,0.0016339421272277832,0.12135475128889084,0.12135475128889084,122.52621936798096
crack0060_06.png,2.119937801361084,118.25862121582031,117.89590454101562,0.3627166748046875,112.26177978515625,110.82568359375,1.43609619140625,0.26825979351997375,0.2691015899181366,0.0008417963981628418,0.16196995973587036,0.19109392166137695,0.029123961925506592,0.245566725730896,0.2590072751045227,0.013440549373626709,0.5833371877670288,0.5845751762390137,-0.0012379884719848633,0.13528254628181458,0.13528254628181458,125.36468231678009
crack0060_07.png,1.2679454803466796,110.53426361083984,110.9381103515625,-0.40384674072265625,110.33135986328125,109.47598266601562,0.855377197265625,0.2554815411567688,0.26433655619621277,0.00885501503944397,0.16991478204727173,0.18228161334991455,0.012366831302642822,0.15708744525909424,0.17765915393829346,0.02057170867919922,0.5871664881706238,0.5840023159980774,0.0031641721725463867,0.12170270830392838,0.12170270830392838,118.89395403862
crack0060_08.png,-0.4439832687377929,109.27603149414062,109.899658203125,-0.623626708984375,107.12003326416016,107.69232177734375,-0.5722885131835938,0.25845134258270264,0.2501058280467987,-0.00834551453590393,0.2618621587753296,0.28602588176727295,0.02416372299194336,0.28885239362716675,0.30532753467559814,0.016475141048431396,0.5907920002937317,0.5880507230758667,0.0027412772178649902,0.13358506560325623,0.13358506560325623,118.21317517757416
crack0060_09.png,2.3370309829711915,113.3550796508789,112.71160125732422,0.6434783935546875,106.38688659667969,105.94325256347656,0.443634033203125,0.22658289968967438,0.23829494416713715,0.011712044477462769,0.18932747840881348,0.2045363187789917,0.015208840370178223,0.19805514812469482,0.20931953191757202,0.011264383792877197,0.5819146633148193,0.5826451182365417,-0.0007304549217224121,0.11264131218194962,0.11264131218194962,122.74417120218277
crack0061_00.png,-0.6441082954406738,98.40061950683594,99.47081756591797,-1.0701980590820312,110.768798828125,110.46171569824219,0.3070831298828125,0.1890595704317093,0.19166205823421478,0.002602487802505493,0.43968796730041504,0.442402720451355,0.0027147531509399414,0.3755982518196106,0.39015984535217285,0.014561593532562256,0.58833909034729,0.5886774063110352,-0.0003383159637451172,0.1689995974302292,0.1689995974302292,111.1392405629158
crack0061_01.png,-4.652575731277466,101.2857666015625,104.30726623535156,-3.0214996337890625,112.94808959960938,113.00325012207031,-0.0551605224609375,0.23742561042308807,0.23272985219955444,-0.00469575822353363,0.20050734281539917,0.16879701614379883,-0.03171032667160034,0.23320502042770386,0.22001904249191284,-0.013185977935791016,0.5825297832489014,0.5816532373428345,0.0008765459060668945,0.11145859956741333,0.11145859956741333,112.13391661643982
crack0061_02.png,-6.943164443969726,89.42062377929688,94.59932708740234,-5.178703308105469,109.93646240234375,111.14677429199219,-1.2103118896484375,0.26818156242370605,0.2505417764186859,-0.01763978600502014,0.3689504861831665,0.3703800439834595,0.0014295578002929688,0.3545458912849426,0.35121774673461914,-0.0033281445503234863,0.5867935419082642,0.5849519371986389,0.0018416047096252441,0.1438511610031128,0.1438511610031128,100.44921052455902
crack0061_03.png,-1.1829617023468018,86.30435180664062,88.9346694946289,-2.6303176879882812,109.44888305664062,109.69668579101562,-0.247802734375,0.18277668952941895,0.19551314413547516,0.012736454606056213,0.2185322642326355,0.22756904363632202,0.009036779403686523,0.2537357807159424,0.26760435104370117,0.013868570327758789,0.5862360596656799,0.5820838212966919,0.004152238368988037,0.12008385360240936,0.12008385360240936,100.10235166549683
crack0061_04.png,-3.0264922618865966,97.89615631103516,100.02033996582031,-2.1241836547851562,119.66165161132812,120.49990844726562,-0.8382568359375,0.22045473754405975,0.21543371677398682,-0.005021020770072937,0.3340316414833069,0.32709580659866333,-0.006935834884643555,0.3317270874977112,0.33493179082870483,0.0032047033309936523,0.5920030474662781,0.5892003178596497,0.002802729606628418,0.16175615787506104,0.16175615787506104,109.71234703063965
crack0061_05.png,1.104285478591919,74.93072509765625,75.74003601074219,-0.8093109130859375,105.20143127441406,104.67347717285156,0.5279541015625,0.16970913112163544,0.18851163983345032,0.01880250871181488,0.4264082908630371,0.43225181102752686,0.005843520164489746,0.30541664361953735,0.3178001046180725,0.012383460998535156,0.5782045125961304,0.5790926814079285,-0.0008881688117980957,0.1358231008052826,0.1358231008052826,88.31653994321823
crack0061_06.png,0.7345147132873535,87.36441802978516,87.08647918701172,0.2779388427734375,106.626220703125,106.08827209472656,0.5379486083984375,0.25318557024002075,0.2522558569908142,-0.000929713249206543,0.44413840770721436,0.44876474142074585,0.004626333713531494,0.31424880027770996,0.3281915783882141,0.01394277811050415,0.5875086784362793,0.5842406749725342,0.003268003463745117,0.15266145765781403,0.15266145765781403,95.59044432640076
crack0061_07.png,-0.6579513549804688,95.97137451171875,96.71212768554688,-0.740753173828125,113.34759521484375,113.3182601928711,0.02933502197265625,0.26921650767326355,0.258527934551239,-0.010688573122024536,0.34511691331863403,0.3673518896102905,0.022234976291656494,0.32618385553359985,0.3364749550819397,0.010291099548339844,0.5890887975692749,0.5881699323654175,0.0009188652038574219,0.1882626861333847,0.1882626861333847,104.39362692832947
crack0061_08.png,-2.9049184799194334,110.4972915649414,112.36897277832031,-1.8716812133789062,112.50440979003906,112.42318725585938,0.0812225341796875,0.16870903968811035,0.16308757662773132,-0.005621463060379028,0.4247356057167053,0.4072977304458618,-0.017437875270843506,0.394018292427063,0.3808818459510803,-0.013136446475982666,0.5897385478019714,0.5877009034156799,0.002037644386291504,0.12944373488426208,0.12944373488426208,125.23741948604584
crack0061_09.png,-1.9730104446411132,89.28362274169922,90.96574401855469,-1.6821212768554688,104.84514617919922,105.41423797607422,-0.569091796875,0.1365986317396164,0.12475018203258514,-0.01184844970703125,0.3812910318374634,0.40059614181518555,0.019305109977722168,0.3442692756652832,0.3515753746032715,0.007306098937988281,0.5820453763008118,0.5792348980903625,0.0028104782104492188,0.14931327104568481,0.14931327104568481,105.92148751020432
crack0062_00.png,-1.4883862495422364,108.56049346923828,108.65872955322266,-0.098236083984375,106.6546859741211,106.41156005859375,0.24312591552734375,0.33407777547836304,0.3116707503795624,-0.02240702509880066,0.5330986976623535,0.5390207171440125,0.0059220194816589355,0.48824501037597656,0.49007219076156616,0.0018271803855895996,0.5814648270606995,0.579757809638977,0.0017070174217224121,0.13484975695610046,0.13484975695610046,113.1679595708847
crack0062_01.png,-0.9853988647460938,109.35391998291016,109.7577133178711,-0.4037933349609375,109.50039672851562,110.40690612792969,-0.9065093994140625,0.36824530363082886,0.3703783452510834,0.0021330416202545166,0.4876593351364136,0.4796406030654907,-0.008018732070922852,0.4644331932067871,0.4642043113708496,-0.0002288818359375,0.5831142067909241,0.5848366022109985,-0.0017223954200744629,0.15323269367218018,0.15323269367218018,110.85456252098083
crack0062_02.png,1.3972744941711426,114.3155517578125,114.66728210449219,-0.3517303466796875,112.0691909790039,111.423095703125,0.6460952758789062,0.3738248944282532,0.39076006412506104,0.01693516969680786,0.5458343029022217,0.555433452129364,0.009599149227142334,0.478204607963562,0.47936373949050903,0.0011591315269470215,0.5817723870277405,0.5879777073860168,-0.006205320358276367,0.1309087574481964,0.1309087574481964,115.58103156089783
crack0062_03.png,1.5397018432617187,107.80491638183594,107.34708404541016,0.45783233642578125,110.41312408447266,110.00947570800781,0.40364837646484375,0.3115796744823456,0.319929301738739,0.008349627256393433,0.4515427350997925,0.45210593938827515,0.000563204288482666,0.416238009929657,0.41887956857681274,0.0026415586471557617,0.5814648270606995,0.575717031955719,0.005747795104980469,0.15827657282352448,0.15827657282352448,112.13981282711029
crack0062_04.png,-0.2055349349975586,115.2475357055664,115.16569519042969,0.08184051513671875,113.84333038330078,114.48839569091797,-0.6450653076171875,0.43282952904701233,0.43193402886390686,-0.0008955001831054688,0.4661070704460144,0.46387332677841187,-0.002233743667602539,0.44846951961517334,0.44780397415161133,-0.0006655454635620117,0.5963590741157532,0.5930680632591248,0.003291010856628418,0.17064610123634338,0.17064610123634338,113.14493668079376
crack0062_05.png,-0.00044116973876950905,113.01615142822266,112.61344146728516,0.4027099609375,112.46085357666016,111.16063690185547,1.3002166748046875,0.20953921973705292,0.19448651373386383,-0.015052706003189087,0.4910387396812439,0.5019271373748779,0.010888397693634033,0.4310433268547058,0.4345729351043701,0.0035296082496643066,0.5799615383148193,0.5838254690170288,-0.0038639307022094727,0.12238278239965439,0.12238278239965439,124.49862438440323
crack0062_06.png,-0.2684700965881348,107.1843032836914,107.8132553100586,-0.6289520263671875,111.07626342773438,111.65544128417969,-0.5791778564453125,0.3024709224700928,0.31053322553634644,0.008062303066253662,0.5036224126815796,0.4994104504585266,-0.0042119622230529785,0.48653674125671387,0.487527072429657,0.0009903311729431152,0.5922529697418213,0.5893617868423462,0.0028911828994750977,0.14846667647361755,0.14846667647361755,113.04064273834229
crack0062_07.png,1.9056650161743165,114.66461944580078,113.89827728271484,0.7663421630859375,117.5380859375,116.0191650390625,1.5189208984375,0.3183879256248474,0.3257601261138916,0.0073722004890441895,0.49107927083969116,0.48849838972091675,-0.002580881118774414,0.4896296262741089,0.4878981113433838,-0.0017315149307250977,0.582129955291748,0.5809996128082275,0.0011303424835205078,0.17164647579193115,0.17164647579193115,118.46337103843689
crack0062_08.png,1.5902560234069825,106.3035659790039,106.06488800048828,0.238677978515625,111.26532745361328,111.28143310546875,-0.01610565185546875,0.33238935470581055,0.3477173447608948,0.015327990055084229,0.47193223237991333,0.473189115524292,0.0012568831443786621,0.4393423795700073,0.44721412658691406,0.007871747016906738,0.5843021869659424,0.5822645425796509,0.002037644386291504,0.17673081159591675,0.17673081159591675,109.61295318603516
crack0062_09.png,-1.064971351623535,113.76707458496094,114.36106872558594,-0.593994140625,114.98757934570312,115.4039306640625,-0.416351318359375,0.3578490614891052,0.350689560174942,-0.007159501314163208,0.4700695872306824,0.47665464878082275,0.006585061550140381,0.4517650008201599,0.45577478408813477,0.0040097832679748535,0.5809688568115234,0.580845832824707,0.00012302398681640625,0.17180417478084564,0.17180417478084564,116.26145231723785
crack0063_00.png,0.9719244956970214,112.55789947509766,111.63678741455078,0.921112060546875,109.42350769042969,109.49273681640625,-0.0692291259765625,0.3081180155277252,0.3037398159503937,-0.004378199577331543,0.305942177772522,0.31456583738327026,0.008623659610748291,0.25702863931655884,0.25925832986831665,0.0022296905517578125,0.5943675637245178,0.5922722220420837,0.002095341682434082,0.15597298741340637,0.15597298741340637,117.64765703678131
crack0063_01.png,1.3372395515441895,100.32164764404297,100.66566467285156,-0.34401702880859375,111.57237243652344,110.65853118896484,0.9138412475585938,0.2639576196670532,0.28181540966033936,0.017857789993286133,0.3329354524612427,0.33127009868621826,-0.001665353775024414,0.20784783363342285,0.21476000547409058,0.006912171840667725,0.5901384353637695,0.5912956595420837,-0.001157224178314209,0.1891382336616516,0.1891382336616516,108.30802536010742
crack0063_02.png,0.7227288722991944,111.70650482177734,111.73552703857422,-0.029022216796875,113.31294250488281,112.99771881103516,0.31522369384765625,0.20739291608333588,0.20963585376739502,0.002242937684059143,0.27798372507095337,0.2864058017730713,0.00842207670211792,0.26102209091186523,0.25998443365097046,-0.0010376572608947754,0.5823375582695007,0.5796039700508118,0.002733588218688965,0.1389225423336029,0.1389225423336029,122.57094329595566
crack0063_03.png,-2.3324397087097166,123.04313659667969,124.25934600830078,-1.2162094116210938,111.12903594970703,111.0932846069336,0.0357513427734375,0.2936965227127075,0.2955831289291382,0.001886606216430664,0.09101128578186035,0.05704474449157715,-0.0339665412902832,0.010996460914611816,0.0,-0.010996460914611816,0.588023841381073,0.5860937833786011,0.0019300580024719238,0.14864420890808105,0.14864420890808105,129.5504035949707
crack0063_04.png,-1.3123117446899415,109.80966186523438,109.50850677490234,0.30115509033203125,105.90855407714844,106.28634643554688,-0.3777923583984375,0.24742023646831512,0.23040269315242767,-0.01701754331588745,0.2471110224723816,0.24704796075820923,-6.306171417236328e-05,0.1726183295249939,0.14820796251296997,-0.024410367012023926,0.5869242548942566,0.5893848538398743,-0.0024605989456176758,0.14880096912384033,0.14880096912384033,119.41031688451767
crack0063_05.png,11.650936245918274,228.1826934814453,218.81748962402344,9.365203857421875,193.4544677734375,188.19491577148438,5.259552001953125,0.11225412786006927,0.11609473079442978,0.003840602934360504,0.0,0.0,0.0,0.0,0.007856130599975586,0.007856130599975586,0.5925528407096863,0.5956862568855286,-0.003133416175842285,0.16991664469242096,0.16991664469242096,240.59229415655136
crack0063_06.png,0.2877711296081543,110.27520751953125,110.4486312866211,-0.17342376708984375,111.18101501464844,110.30918884277344,0.871826171875,0.2837638258934021,0.2878003716468811,0.004036545753479004,0.27841466665267944,0.2758752107620239,-0.0025394558906555176,0.3027772307395935,0.2916927933692932,-0.011084437370300293,0.5864897966384888,0.5892118215560913,-0.002722024917602539,0.18904849886894226,0.18904849886894226,116.9045627117157
crack0063_07.png,17.766299724578857,155.19435119628906,142.79483032226562,12.399520874023438,143.87677001953125,135.96249389648438,7.914276123046875,0.31324413418769836,0.34228381514549255,0.02903968095779419,0.0,0.0,0.0,0.0,0.0027452707290649414,0.0027452707290649414,0.5938100814819336,0.5968627333641052,-0.003052651882171631,0.18813607096672058,0.18813607096672058,154.07445204257965
crack0063_08.png,2.591807651519775,117.95686340332031,115.7123794555664,2.2444839477539062,113.14854431152344,111.26405334472656,1.884490966796875,0.29144617915153503,0.2684457004070282,-0.023000478744506836,0.2434396743774414,0.2780446410179138,0.03460496664047241,0.14392191171646118,0.1446552276611328,0.0007333159446716309,0.5998923778533936,0.5986582040786743,0.0012341737747192383,0.13706496357917786,0.13706496357917786,124.72357451915741
crack0063_09.png,-0.7777287006378174,114.47750091552734,114.21190643310547,0.265594482421875,108.74777221679688,109.04232025146484,-0.29454803466796875,0.1861603558063507,0.17836551368236542,-0.0077948421239852905,0.31533122062683105,0.3052803874015808,-0.010050833225250244,0.2653670310974121,0.2639918327331543,-0.0013751983642578125,0.5890772938728333,0.586574375629425,0.002502918243408203,0.1393287479877472,0.1393287479877472,127.20586460828781
crack0064_00.png,-3.4260190963745116,109.70594024658203,111.40380859375,-1.6978683471679688,106.33935546875,105.47633361816406,0.8630218505859375,0.30227240920066833,0.2753635048866272,-0.026908904314041138,0.0,0.0,0.0,0.0,0.0,0.0,0.5802690982818604,0.578285276889801,0.001983821392059326,0.1057000607252121,0.1057000607252121,117.2438280582428
crack0064_01.png,-1.2768107414245606,117.43340301513672,119.24706268310547,-1.81365966796875,103.2242431640625,103.41885375976562,-0.194610595703125,0.21402347087860107,0.22127655148506165,0.007253080606460571,0.0,0.0,0.0,0.0,0.0050345659255981445,0.0050345659255981445,0.5792579650878906,0.5783967971801758,0.0008611679077148438,0.13111965358257294,0.13111965358257294,128.66914319992065
crack0064_02.png,0.2423714637756348,84.28119659423828,83.84567260742188,0.43552398681640625,102.96170043945312,102.7958984375,0.165802001953125,0.24361325800418854,0.240041121840477,-0.003572136163711548,0.0,0.0,0.0,0.0,0.0,0.0,0.5838100910186768,0.5831526517868042,0.0006574392318725586,0.13528594374656677,0.13528594374656677,93.01337093114853
crack0064_03.png,-0.10551323890686026,100.2514877319336,101.36361694335938,-1.1121292114257812,107.72459411621094,108.09783935546875,-0.3732452392578125,0.22532905638217926,0.23886871337890625,0.01353965699672699,0.0,0.0,0.0,0.0,0.0,0.0,0.5853363871574402,0.583517849445343,0.001818537712097168,0.12938076257705688,0.12938076257705688,110.70126444101334
crack0064_04.png,-2.4773059368133543,108.56539154052734,108.92259216308594,-0.35720062255859375,108.20767211914062,107.56511688232422,0.6425552368164062,0.23590977489948273,0.2050153613090515,-0.030894413590431213,0.0,0.0,0.0,0.0,0.0,0.0,0.5923875570297241,0.5900269150733948,0.0023606419563293457,0.11533595621585846,0.11533595621585846,120.13857245445251
crack0064_05.png,0.5925387859344482,103.71949768066406,103.79790496826172,-0.07840728759765625,104.16436004638672,103.93714904785156,0.22721099853515625,0.23606546223163605,0.2407672107219696,0.004701748490333557,0.0,0.0,0.0,0.0,0.0,0.0,0.5893771648406982,0.5842791199684143,0.0050980448722839355,0.1114705502986908,0.1114705502986908,113.16986018419266
crack0064_06.png,0.7405910491943359,128.0899658203125,127.29077911376953,0.7991867065429688,104.16488647460938,104.163818359375,0.001068115234375,0.2881275415420532,0.2860979437828064,-0.002029597759246826,0.0,0.0,0.0,0.0,0.0,0.0,0.5927950739860535,0.5902114510536194,0.002583622932434082,0.11630871891975403,0.11630871891975403,134.23629879951477
crack0064_07.png,-2.8342092990875245,92.0193099975586,92.62004089355469,-0.6007308959960938,107.25788879394531,106.83814239501953,0.41974639892578125,0.20637626945972443,0.17761626839637756,-0.028760001063346863,0.0,0.0,0.0,0.0,0.0,0.0,0.5853633284568787,0.5878777503967285,-0.0025144219398498535,0.10692232847213745,0.10692232847213745,105.17780935764313
crack0064_08.png,-2.2895450592041016,105.65678405761719,106.97413635253906,-1.317352294921875,102.35508728027344,102.45152282714844,-0.096435546875,0.2314385324716568,0.21939729154109955,-0.012041240930557251,0.0,0.0,0.0,0.0,0.0,0.0,0.5804498195648193,0.5797078013420105,0.0007420182228088379,0.10253222286701202,0.10253222286701202,116.36961549520493
crack0064_09.png,0.19936008453369142,111.36474609375,111.3081283569336,0.05661773681640625,104.03368377685547,104.23860168457031,-0.20491790771484375,0.28355276584625244,0.2846449911594391,0.0010922253131866455,0.0,0.0,0.0,0.12073302268981934,0.13964086771011353,0.01890784502029419,0.5904921293258667,0.5870588421821594,0.0034332871437072754,0.10901565849781036,0.10901565849781036,117.94295644760132
crack0065_00.png,7.84173059463501,91.96925354003906,88.79161071777344,3.177642822265625,103.77021026611328,102.65868377685547,1.1115264892578125,0.34220272302627563,0.3352391719818115,-0.006963551044464111,0.0,0.11487346887588501,0.11487346887588501,0.22052288055419922,0.3140360116958618,0.0935131311416626,0.5942522287368774,0.5897116661071777,0.004540562629699707,0.16977302730083466,0.16977302730083466,94.03617095947266
crack0065_01.png,0.7470715045928955,95.95599365234375,96.23138427734375,-0.275390625,105.28550720214844,105.44293975830078,-0.15743255615234375,0.13831619918346405,0.15185722708702087,0.013541027903556824,0.0,0.0,0.0,0.0,0.0,0.0,0.5885505676269531,0.588496744632721,5.3822994232177734e-05,0.14008349180221558,0.14008349180221558,111.33673971891403
crack0065_02.png,4.371310043334961,97.22472381591797,96.26114654541016,0.9635772705078125,109.38746643066406,108.08170318603516,1.3057632446289062,0.29094645380973816,0.28590819239616394,-0.005038261413574219,0.009484648704528809,0.09356921911239624,0.08408457040786743,0.10784280300140381,0.17441189289093018,0.06656908988952637,0.5850250124931335,0.5868973731994629,-0.0018723607063293457,0.2562011480331421,0.2562011480331421,103.06433856487274
crack0065_03.png,1.1662913799285888,101.77824401855469,101.5166244506836,0.26161956787109375,107.84164428710938,107.29299926757812,0.54864501953125,0.1543022245168686,0.16174474358558655,0.0074425190687179565,0.0,0.0,0.0,0.0,0.0,0.0,0.5837485790252686,0.5815032720565796,0.002245306968688965,0.15640142560005188,0.15640142560005188,115.73924392461777
crack0065_04.png,0.4666827201843262,101.1474609375,100.65419006347656,0.4932708740234375,112.02320098876953,111.54423522949219,0.47896575927734375,0.2778056263923645,0.27567631006240845,-0.0021293163299560547,0.0,0.0,0.0,0.170396089553833,0.17777031660079956,0.007374227046966553,0.5828296542167664,0.5840253829956055,-0.0011957287788391113,0.2003212720155716,0.2003212720155716,107.721262216568
crack0065_05.png,2.248066806793213,96.93177032470703,96.15019226074219,0.7815780639648438,105.1683349609375,104.02406311035156,1.1442718505859375,0.32244041562080383,0.3042101562023163,-0.01823025941848755,0.0,0.059807658195495605,0.059807658195495605,0.16561156511306763,0.2380487322807312,0.07243716716766357,0.5817570090293884,0.5798846483230591,0.0018723607063293457,0.1844850331544876,0.1844850331544876,101.55865228176117
crack0065_06.png,-0.46340503692626955,95.7427749633789,95.17852020263672,0.5642547607421875,107.19725036621094,107.42301940917969,-0.22576904296875,0.32343006134033203,0.3118669390678406,-0.011563122272491455,0.0,0.0,0.0,0.11104434728622437,0.10435986518859863,-0.006684482097625732,0.5870857238769531,0.5873932838439941,-0.0003075599670410156,0.21376949548721313,0.21376949548721313,100.24436259269714
crack0065_07.png,1.0735230445861816,106.15766906738281,104.56159210205078,1.5960769653320312,106.60269165039062,106.42073059082031,0.1819610595703125,0.26823437213897705,0.25986799597740173,-0.008366376161575317,0.0,0.0,0.0,0.0,0.0,0.0,0.5772702693939209,0.5754209756851196,0.0018492937088012695,0.1386987268924713,0.1386987268924713,112.85836160182953
crack0065_08.png,2.8614164352416993,98.7686767578125,97.14054870605469,1.6281280517578125,106.05867004394531,105.18595886230469,0.872711181640625,0.2615464925765991,0.2729066014289856,0.011360108852386475,0.0,0.0,0.0,0.0,0.0,0.0,0.5807843208312988,0.5813994407653809,-0.0006151199340820312,0.15920878946781158,0.15920878946781158,105.51780080795288
crack0065_09.png,2.1484309673309325,107.5748519897461,107.52359008789062,0.05126190185546875,109.02125549316406,109.03436279296875,-0.0131072998046875,0.1873466819524765,0.21232923865318298,0.024982556700706482,0.0,0.0,0.0,0.0,0.0,0.0,0.5902153253555298,0.5876201391220093,0.002595186233520508,0.16055269539356232,0.16055269539356232,119.91703313589096
crack0066_00.png,4.407060432434082,135.82598876953125,132.1455078125,3.68048095703125,118.87264251708984,119.86859130859375,-0.9959487915039062,0.23412293195724487,0.2510896921157837,0.01696676015853882,0.06964737176895142,0.05935108661651611,-0.010296285152435303,0.24343949556350708,0.2448905110359192,0.0014510154724121094,0.5947981476783752,0.5903114080429077,0.004486739635467529,0.127351313829422,0.127351313829422,143.73029828071594
crack0066_01.png,0.9110350608825684,106.69304656982422,106.35202026367188,0.34102630615234375,117.10562133789062,117.16436767578125,-0.058746337890625,0.24280251562595367,0.2463969737291336,0.0035944581031799316,0.2724173665046692,0.27894729375839233,0.0065299272537231445,0.3628131151199341,0.36766374111175537,0.004850625991821289,0.5862399339675903,0.5851210951805115,0.0011188387870788574,0.16142308712005615,0.16142308712005615,115.40397983789444
crack0066_02.png,5.30917272567749,100.88289642333984,98.61846923828125,2.2644271850585938,111.00421142578125,111.5775375366211,-0.5733261108398438,0.20958708226680756,0.2174132615327835,0.007826179265975952,0.006717026233673096,0.07154405117034912,0.06482702493667603,0.2750297784805298,0.31043654680252075,0.03540676832199097,0.5902575850486755,0.5888850688934326,0.00137251615524292,0.12243487685918808,0.12243487685918808,110.78576129674911
crack0066_03.png,1.5808367729187012,104.13203430175781,103.85740661621094,0.274627685546875,109.26322937011719,109.41879272460938,-0.1555633544921875,0.23941272497177124,0.24855178594589233,0.009139060974121094,0.16804319620132446,0.18023890256881714,0.012195706367492676,0.34017205238342285,0.3500218987464905,0.009849846363067627,0.5861207246780396,0.5823836922645569,0.003737032413482666,0.1330152153968811,0.1330152153968811,113.07478594779968
crack0066_04.png,0.0582605838775635,137.3993377685547,137.0574493408203,0.341888427734375,116.93175506591797,116.8389663696289,0.0927886962890625,0.17287762463092804,0.16793468594551086,-0.004942938685417175,0.27700483798980713,0.2760847210884094,-0.0009201169013977051,0.34963876008987427,0.3466094732284546,-0.0030292868614196777,0.589496374130249,0.5867089629173279,0.0027874112129211426,0.1267601102590561,0.1267601102590561,150.7321673631668
crack0066_05.png,1.7978193283081054,108.85584259033203,108.34903717041016,0.506805419921875,112.74551391601562,112.01640319824219,0.7291107177734375,0.2758582830429077,0.2850632071495056,0.0092049241065979,0.0,0.0,0.0,0.16752392053604126,0.17960673570632935,0.012082815170288086,0.5791118741035461,0.5725374817848206,0.006574392318725586,0.11652204394340515,0.11652204394340515,115.21541786193848
crack0066_06.png,1.966925048828125,102.58108520507812,101.57398223876953,1.0071029663085938,111.11091613769531,111.91236877441406,-0.80145263671875,0.24825480580329895,0.26395997405052185,0.0157051682472229,0.0,0.0,0.0,0.03546828031539917,0.018158674240112305,-0.017309606075286865,0.586266815662384,0.585667073726654,0.0005997419357299805,0.10958243161439896,0.10958243161439896,110.63291800022125
crack0066_07.png,2.2219433784484863,113.10001373291016,111.48698425292969,1.6130294799804688,120.15153503417969,119.79524230957031,0.356292724609375,0.25006726384162903,0.25485339760780334,0.004786133766174316,0.0,0.0,0.0,0.10651242733001709,0.10722428560256958,0.0007118582725524902,0.5922107100486755,0.5901230573654175,0.0020876526832580566,0.12190040946006775,0.12190040946006775,120.9778915643692
crack0066_08.png,-1.0252533435821534,108.92090606689453,109.87250518798828,-0.95159912109375,110.67201232910156,111.25523376464844,-0.583221435546875,0.21162040531635284,0.21264353394508362,0.001023128628730774,0.16033899784088135,0.16307562589645386,0.0027366280555725098,0.32351207733154297,0.3293308615684509,0.005818784236907959,0.5844636559486389,0.5852556824684143,-0.0007920265197753906,0.14106371998786926,0.14106371998786926,120.10970860719681
crack0066_09.png,1.9841710567474364,109.23103332519531,107.65991973876953,1.5711135864257812,114.0772705078125,114.74436950683594,-0.6670989990234375,0.18978141248226166,0.20504885911941528,0.015267446637153625,0.08942103385925293,0.072215735912323,-0.01720529794692993,0.2635018825531006,0.27034610509872437,0.006844222545623779,0.5950518846511841,0.5913840532302856,0.0036678314208984375,0.13129043579101562,0.13129043579101562,120.86066716909409
crack0067_00.png,-0.4389346599578857,124.43197631835938,125.2701187133789,-0.8381423950195312,103.9678955078125,104.27450561523438,-0.306610107421875,0.19412367045879364,0.2011939287185669,0.007070258259773254,0.30717557668685913,0.30499333143234253,-0.0021822452545166016,0.44985538721084595,0.45573920011520386,0.00588381290435791,0.5861014723777771,0.5850134491920471,0.0010880231857299805,0.11632649600505829,0.11632649600505829,136.6476861834526
crack0067_01.png,-0.5644961833953858,112.40972137451172,113.34812927246094,-0.9384078979492188,109.69661712646484,109.63082885742188,0.06578826904296875,0.24847741425037384,0.25722795724868774,0.008750542998313904,0.36391735076904297,0.3554060459136963,-0.00851130485534668,0.4266226291656494,0.4313164949417114,0.004693865776062012,0.5874432921409607,0.5877431631088257,-0.00029987096786499023,0.15459060668945312,0.15459060668945312,121.48000699281693
crack0067_02.png,1.1453655242919922,113.48320007324219,113.599365234375,-0.1161651611328125,102.67251586914062,102.38302612304688,0.28948974609375,0.31081846356391907,0.31907957792282104,0.008261114358901978,0.2606024742126465,0.27300041913986206,0.012397944927215576,0.40204381942749023,0.40337908267974854,0.0013352632522583008,0.5825067162513733,0.5827835202217102,-0.00027680397033691406,0.1620991826057434,0.1620991826057434,118.20351564884186
crack0067_03.png,-1.1629789352416993,119.68721008300781,120.0676040649414,-0.38039398193359375,104.76367950439453,104.73422241210938,0.02945709228515625,0.2582727372646332,0.24712568521499634,-0.01114705204963684,0.2657011151313782,0.2690933346748352,0.0033922195434570312,0.39802873134613037,0.4015582203865051,0.003529489040374756,0.5760746002197266,0.5770319104194641,-0.0009573101997375488,0.12374517321586609,0.12374517321586609,128.1311423778534
crack0067_04.png,1.2513071060180665,123.39035034179688,122.56824493408203,0.8221054077148438,104.60572052001953,104.38383483886719,0.22188568115234375,0.30624210834503174,0.3299354314804077,0.023693323135375977,0.20889616012573242,0.17419219017028809,-0.034703969955444336,0.3701292872428894,0.3635019063949585,-0.006627380847930908,0.58368319272995,0.5878546833992004,-0.004171490669250488,0.1310989260673523,0.1310989260673523,128.11895847320557
crack0067_05.png,0.7797452926635742,124.04271697998047,124.18766021728516,-0.1449432373046875,106.99514770507812,107.12663269042969,-0.1314849853515625,0.22289951145648956,0.24247296154499054,0.019573450088500977,0.1818445324897766,0.16766029596328735,-0.014184236526489258,0.3266160488128662,0.3292980194091797,0.0026819705963134766,0.5916570425033569,0.5921876430511475,-0.0005306005477905273,0.12368305027484894,0.12368305027484894,134.42872363328934
crack0067_06.png,0.7313539981842041,139.69711303710938,140.3412628173828,-0.6441497802734375,108.73858642578125,109.1099853515625,-0.37139892578125,0.1660178005695343,0.169453427195549,0.0034356266260147095,0.2606450319290161,0.2910987138748169,0.03045368194580078,0.40220630168914795,0.4028733968734741,0.0006670951843261719,0.5855978727340698,0.5848212242126465,0.0007766485214233398,0.1147880107164383,0.1147880107164383,153.48203480243683
crack0067_07.png,-0.31349415779113765,110.52245330810547,110.3962631225586,0.126190185546875,102.22616577148438,101.9432373046875,0.282928466796875,0.22501052916049957,0.2151593267917633,-0.009851202368736267,0.2790813446044922,0.2872883677482605,0.00820702314376831,0.4181669354438782,0.42742425203323364,0.009257316589355469,0.5828642845153809,0.5851902961730957,-0.0023260116577148438,0.12383198738098145,0.12383198738098145,120.95741045475006
crack0067_08.png,0.43557586669921866,116.91439819335938,116.60122680664062,0.31317138671875,101.70603942871094,101.47222137451172,0.23381805419921875,0.3138474225997925,0.3232395350933075,0.009392112493515015,0.19473135471343994,0.1764807105064392,-0.018250644207000732,0.35703569650650024,0.3596504330635071,0.002614736557006836,0.58319491147995,0.5830065608024597,0.00018835067749023438,0.16230374574661255,0.16230374574661255,121.25476360321045
crack0067_09.png,-2.7418354988098144,126.31948852539062,126.54811096191406,-0.2286224365234375,101.84981536865234,102.322509765625,-0.47269439697265625,0.26178592443466187,0.26279139518737793,0.0010054707527160645,0.17229044437408447,0.11314499378204346,-0.059145450592041016,0.34020572900772095,0.33241456747055054,-0.00779116153717041,0.5810457468032837,0.5820146203041077,-0.0009688735008239746,0.10964419692754745,0.10964419692754745,134.00722908973694
crack0068_00.png,0.6268549919128418,114.15018463134766,113.84152221679688,0.30866241455078125,110.10963439941406,109.55545043945312,0.5541839599609375,0.25952666997909546,0.2630993127822876,0.0035726428031921387,0.47242116928100586,0.46812713146209717,-0.004294037818908691,0.4321827292442322,0.43182188272476196,-0.00036084651947021484,0.5862975716590881,0.5867358446121216,-0.00043827295303344727,0.17198505997657776,0.17198505997657776,121.8936870098114
crack0068_01.png,-0.3596554279327393,110.41899108886719,110.25920867919922,0.15978240966796875,108.92779541015625,108.79835510253906,0.1294403076171875,0.24621433019638062,0.2369469553232193,-0.009267374873161316,0.4055750370025635,0.4113749861717224,0.0057999491691589355,0.3749997615814209,0.38012272119522095,0.005122959613800049,0.5938023924827576,0.5953479409217834,-0.001545548439025879,0.1656772494316101,0.1656772494316101,119.93620020151138
crack0068_02.png,-1.7498117446899415,109.73656463623047,110.4300308227539,-0.6934661865234375,105.28773498535156,105.45709228515625,-0.1693572998046875,0.273634135723114,0.26690101623535156,-0.006733119487762451,0.45544689893722534,0.4436790347099304,-0.011767864227294922,0.4475821852684021,0.4444664716720581,-0.003115713596343994,0.587243378162384,0.5867243409156799,0.0005190372467041016,0.18394359946250916,0.18394359946250916,117.55897188186646
crack0068_03.png,-0.48334169387817383,116.52447509765625,116.38347625732422,0.14099884033203125,109.4051513671875,109.81050109863281,-0.4053497314453125,0.25670284032821655,0.25377047061920166,-0.0029323697090148926,0.4388235807418823,0.43123018741607666,-0.007593393325805664,0.450067937374115,0.4490742087364197,-0.0009937286376953125,0.5938215851783752,0.5919184684753418,0.0019031167030334473,0.1810351014137268,0.1810351014137268,124.98061084747314
crack0068_04.png,0.9482828140258789,123.14437103271484,122.71055603027344,0.43381500244140625,106.51581573486328,105.962890625,0.5529251098632812,0.25458860397338867,0.2571762800216675,0.0025876760482788086,0.41351139545440674,0.41177767515182495,-0.0017337203025817871,0.41936612129211426,0.40918344259262085,-0.010182678699493408,0.5800807476043701,0.5761899352073669,0.003890812397003174,0.1636948585510254,0.1636948585510254,130.85537719726562
crack0068_05.png,0.6394792556762696,139.92869567871094,138.6267547607422,1.30194091796875,119.4149398803711,119.35372924804688,0.06121063232421875,0.21761460602283478,0.21763114631175995,1.65402889251709e-05,0.33735066652297974,0.3208167552947998,-0.01653391122817993,0.349791944026947,0.3405938148498535,-0.009198129177093506,0.5896501541137695,0.5903229713439941,-0.0006728172302246094,0.13876783847808838,0.13876783847808838,149.83376771211624
crack0068_06.png,1.1637789249420165,138.38665771484375,137.6288604736328,0.7577972412109375,120.05218505859375,119.89958190917969,0.1526031494140625,0.2237444519996643,0.22902615368366241,0.005281701683998108,0.47946518659591675,0.47501087188720703,-0.004454314708709717,0.45558691024780273,0.4615021347999573,0.005915224552154541,0.5861130356788635,0.5835986137390137,0.0025144219398498535,0.15039141476154327,0.15039141476154327,148.02761340141296
crack0068_07.png,-0.18635597229003908,129.0729522705078,129.26235961914062,-0.1894073486328125,117.71160888671875,117.9776611328125,-0.26605224609375,0.2525607645511627,0.2505618631839752,-0.0019989013671875,0.3981776237487793,0.40242475271224976,0.004247128963470459,0.36758333444595337,0.3648597002029419,-0.0027236342430114746,0.5884390473365784,0.585951566696167,0.002487480640411377,0.17055994272232056,0.17055994272232056,137.67150604724884
crack0068_08.png,1.7087931156158447,129.8325653076172,129.1355743408203,0.696990966796875,114.44371032714844,114.81002807617188,-0.3663177490234375,0.2376861870288849,0.2463398426771164,0.008653655648231506,0.3575183153152466,0.3640212416648865,0.006502926349639893,0.3631536364555359,0.36640065908432007,0.0032470226287841797,0.5942791104316711,0.5891311168670654,0.005147993564605713,0.17752787470817566,0.17752787470817566,138.9940630197525
crack0068_09.png,0.25661530494689944,120.1001968383789,119.9344253540039,0.165771484375,111.99598693847656,110.98282623291016,1.0131607055664062,0.2229912132024765,0.21680936217308044,-0.006181851029396057,0.4024201035499573,0.40370529890060425,0.0012851953506469727,0.3758966326713562,0.37853652238845825,0.0026398897171020508,0.5842406749725342,0.5810226798057556,0.0032179951667785645,0.1745554804801941,0.1745554804801941,130.37837636470795
crack0069_00.png,2.8200127124786376,118.13336181640625,116.91204071044922,1.2213211059570312,111.18840789794922,110.61859130859375,0.5698165893554688,0.22730599343776703,0.23936641216278076,0.012060418725013733,0.0,0.007783770561218262,0.007783770561218262,0.20405006408691406,0.22069990634918213,0.016649842262268066,0.5937024354934692,0.5913379192352295,0.002364516258239746,0.10762615501880646,0.10762615501880646,127.63243907690048
crack0069_01.png,0.0775153636932373,114.08662414550781,114.27964782714844,-0.193023681640625,110.81857299804688,110.3979263305664,0.42064666748046875,0.21934638917446136,0.22292393445968628,0.0035775452852249146,0.14610230922698975,0.1422346830368042,-0.003867626190185547,0.3510635495185852,0.35183483362197876,0.0007712841033935547,0.5807843208312988,0.5815147757530212,-0.0007304549217224121,0.10248066484928131,0.10248066484928131,124.28294366598129
crack0069_02.png,0.661420488357544,132.18328857421875,132.20135498046875,-0.01806640625,107.41902160644531,107.58395385742188,-0.1649322509765625,0.19774144887924194,0.20099161565303802,0.0032501667737960815,0.1603747010231018,0.16820096969604492,0.007826268672943115,0.3512513041496277,0.3451279401779175,-0.006123363971710205,0.5839100480079651,0.5796001553535461,0.004309892654418945,0.10698117315769196,0.10698117315769196,143.68423676490784
crack0069_03.png,-0.8175918579101562,120.25271606445312,120.91822814941406,-0.6655120849609375,105.64888000488281,106.00609588623047,-0.35721588134765625,0.24575155973434448,0.24814742803573608,0.0023958683013916016,0.1296679973602295,0.1241081953048706,-0.005559802055358887,0.36143434047698975,0.3605883717536926,-0.0008459687232971191,0.5793271660804749,0.5787889361381531,0.0005382299423217773,0.10339104384183884,0.10339104384183884,129.01346516609192
crack0069_04.png,-1.380777931213379,114.58979034423828,115.83950805664062,-1.2497177124023438,105.1208267211914,104.33090209960938,0.7899246215820312,0.27326828241348267,0.2700698673725128,-0.0031984150409698486,0.0,0.0,0.0,0.24675631523132324,0.2573575973510742,0.010601282119750977,0.5746943354606628,0.5794732570648193,-0.004778921604156494,0.09426037222146988,0.09426037222146988,122.18938744068146
crack0069_05.png,2.5341322898864744,122.62264251708984,122.04585266113281,0.5767898559570312,120.12838745117188,118.46774291992188,1.66064453125,0.23312661051750183,0.24751222133636475,0.014385610818862915,0.3154599666595459,0.32103431224823,0.005574345588684082,0.3434910774230957,0.3576008081436157,0.01410973072052002,0.5804651975631714,0.5824836492538452,-0.002018451690673828,0.13773605227470398,0.13773605227470398,131.64599692821503
crack0069_06.png,0.4156102180480957,118.23060607910156,118.63842010498047,-0.40781402587890625,106.13573455810547,105.51605987548828,0.6196746826171875,0.15620677173137665,0.15971432626247406,0.003507554531097412,0.17093175649642944,0.17737513780593872,0.006443381309509277,0.3088003993034363,0.3202638030052185,0.011463403701782227,0.5807804465293884,0.5798500776290894,0.0009303689002990723,0.12345391511917114,0.12345391511917114,132.29332464933395
crack0069_07.png,0.8510079860687256,112.34412384033203,112.95536041259766,-0.611236572265625,111.27619171142578,110.1131362915039,1.163055419921875,0.2117045819759369,0.21021948754787445,-0.001485094428062439,0.14607089757919312,0.1740281581878662,0.027957260608673096,0.31951409578323364,0.33294785022735596,0.013433754444122314,0.5821530222892761,0.5822145342826843,-6.151199340820312e-05,0.10851873457431793,0.10851873457431793,123.32515424489975
crack0069_08.png,1.138486099243164,124.13270568847656,123.71720886230469,0.415496826171875,115.10246276855469,114.40108489990234,0.7013778686523438,0.24153979122638702,0.24539785087108612,0.0038580596446990967,0.0,0.0,0.0,0.33529889583587646,0.33791685104370117,0.002617955207824707,0.5789849758148193,0.5756401419639587,0.0033448338508605957,0.09932678937911987,0.09932678937911987,132.59196883440018
crack0069_09.png,-0.7779433250427246,118.24365997314453,119.24549865722656,-1.0018386840820312,111.41851806640625,111.17488098144531,0.2436370849609375,0.20684027671813965,0.20935535430908203,0.002515077590942383,0.20225071907043457,0.19985097646713257,-0.002399742603302002,0.2846539616584778,0.2974785566329956,0.012824594974517822,0.5826259255409241,0.5820953249931335,0.0005306005477905273,0.11882707476615906,0.11882707476615906,129.63919973373413
crack0070_00.png,0.4050580024719239,125.341064453125,123.83148193359375,1.50958251953125,113.64270782470703,113.36917114257812,0.27353668212890625,0.2664995789527893,0.25072556734085083,-0.015774011611938477,0.0,0.0,0.0,0.0,0.0,0.0,0.582302987575531,0.5811034440994263,0.0011995434761047363,0.0929703339934349,0.0929703339934349,132.83485865592957
crack0070_01.png,-3.632940673828125,122.67353820800781,123.60701751708984,-0.9334793090820312,105.72449493408203,106.59689331054688,-0.8723983764648438,0.32431432604789734,0.29613643884658813,-0.028177887201309204,0.0,0.0,0.0,0.0,0.0,0.0,0.5845905542373657,0.5869973301887512,-0.002406775951385498,0.09318257868289948,0.09318257868289948,128.8519847393036
crack0070_02.png,-0.34134902954101554,119.24380493164062,120.01362609863281,-0.7698211669921875,109.01065826416016,108.38269805908203,0.627960205078125,0.2633194029331207,0.26560088992118835,0.002281486988067627,0.0,0.0,0.0,0.0,0.0,0.0,0.5821645259857178,0.582295298576355,-0.00013077259063720703,0.0891578197479248,0.0891578197479248,127.12136328220367
crack0070_03.png,-0.5925934791564942,121.23906707763672,122.35066986083984,-1.111602783203125,107.28399658203125,106.41595458984375,0.8680419921875,0.3280208110809326,0.3301970362663269,0.002176225185394287,0.0,0.0,0.0,0.0,0.0,0.0,0.5787966251373291,0.5788542628288269,-5.7637691497802734e-05,0.08928963541984558,0.08928963541984558,125.2677903175354
crack0070_04.png,-1.4369154930114747,119.73180389404297,122.42192077636719,-2.6901168823242188,107.12380981445312,106.73744201660156,0.3863677978515625,0.36310622096061707,0.3764837682247162,0.013377547264099121,0.0,0.0,0.0,0.0,0.0,0.0,0.5798346996307373,0.5791234374046326,0.0007112622261047363,0.09469710290431976,0.09469710290431976,122.48387706279755
crack0070_05.png,0.20385594367980953,129.9317626953125,129.4482421875,0.4835205078125,113.54058837890625,114.42784118652344,-0.8872528076171875,0.21699415147304535,0.21654284000396729,-0.00045131146907806396,0.0,0.0,0.0,0.0,0.0,0.0,0.5894617438316345,0.5866782069206238,0.002783536911010742,0.08965452015399933,0.08965452015399933,140.2759017944336
crack0070_06.png,2.2197877883911135,120.15023803710938,119.52719116210938,0.623046875,108.5828857421875,108.13499450683594,0.4478912353515625,0.4321766197681427,0.449706107378006,0.01752948760986328,0.0,0.0,0.0,0.0,0.0,0.0,0.5914033055305481,0.5910226702690125,0.00038063526153564453,0.09480579942464828,0.09480579942464828,117.56424963474274
crack0070_07.png,-0.367338752746582,114.0765609741211,114.70841979980469,-0.6318588256835938,107.43428039550781,106.07516479492188,1.3591156005859375,0.26161259412765503,0.2583388090133667,-0.00327378511428833,0.0,0.0,0.0,0.0,0.0,0.0,0.5817916393280029,0.5822222232818604,-0.0004305839538574219,0.08920380473136902,0.08920380473136902,122.1810507774353
crack0070_08.png,-3.3404142379760744,124.89441680908203,126.21971130371094,-1.3252944946289062,106.92761993408203,106.68074035644531,0.24687957763671875,0.36423459649086,0.33779388666152954,-0.026440709829330444,0.0,0.0,0.0,0.0,0.0,0.0,0.581822395324707,0.5817877650260925,3.463029861450195e-05,0.09187768399715424,0.09187768399715424,128.562326669693
crack0070_09.png,-2.615056800842285,128.68814086914062,128.2123565673828,0.4757843017578125,109.80154418945312,110.27608489990234,-0.47454071044921875,0.3132193386554718,0.2759472727775574,-0.03727206587791443,0.0,0.0,0.0,0.0,0.0,0.0,0.5920799970626831,0.5900614857673645,0.0020185112953186035,0.09104660898447037,0.09104660898447037,135.5766122341156
crack0071_00.png,-2.126011610031128,130.37399291992188,131.20315551757812,-0.82916259765625,118.21199035644531,118.80769348144531,-0.595703125,0.19629745185375214,0.18119683861732483,-0.015100613236427307,0.0,0.0,0.0,0.0,0.0,0.0,0.5859092473983765,0.5821722149848938,0.003737032413482666,0.09117661416530609,0.09117661416530609,143.35313379764557
crack0071_01.png,2.7680106163024902,143.79608154296875,139.86708068847656,3.9290008544921875,123.66462707519531,122.45609283447266,1.2085342407226562,0.16943645477294922,0.1506441831588745,-0.018792271614074707,0.0,0.0,0.0,0.0,0.0,0.0,0.5888620018959045,0.5923875570297241,-0.00352555513381958,0.09329341351985931,0.09329341351985931,156.48843240737915
crack0071_02.png,1.822575330734253,145.67323303222656,142.3260040283203,3.34722900390625,117.73262023925781,120.7736587524414,-3.0410385131835938,0.11779195070266724,0.11091898381710052,-0.006872966885566711,0.0,0.0,0.0,0.0,0.0,0.0,0.5925105810165405,0.5864706039428711,0.006039977073669434,0.08960679918527603,0.08960679918527603,161.04490274190903
crack0071_03.png,-0.0845577239990234,154.61802673339844,155.01516723632812,-0.3971405029296875,123.37117004394531,124.0246353149414,-0.6534652709960938,0.17448192834854126,0.18142393231391907,0.006942003965377808,0.0,0.0,0.0,0.0,0.0,0.0,0.5834217667579651,0.5829565525054932,0.00046521425247192383,0.08884935826063156,0.08884935826063156,167.6845519542694
crack0071_04.png,-0.8948129653930665,142.2588653564453,140.90040588378906,1.35845947265625,120.03719329833984,122.87995910644531,-2.8427658081054688,0.2165258377790451,0.19984020292758942,-0.01668563485145569,0.0,0.0,0.0,0.0,0.0,0.0,0.5899192690849304,0.5844521522521973,0.005467116832733154,0.08938324451446533,0.08938324451446533,153.18599420785904
crack0071_05.png,-0.8025197505950927,136.38246154785156,137.6006622314453,-1.21820068359375,115.03418731689453,114.048095703125,0.9860916137695312,0.22568291425704956,0.22547940909862518,-0.00020350515842437744,0.0,0.0,0.0,0.0,0.0,0.0,0.5797539353370667,0.5788158178329468,0.000938117504119873,0.09053736925125122,0.09053736925125122,146.6529547572136
crack0071_06.png,3.852180075645447,161.19207763671875,157.6233673095703,3.5687103271484375,117.58099365234375,117.69916534423828,-0.11817169189453125,0.08634748309850693,0.08994539082050323,0.0035979077219963074,0.0,0.0,0.0,0.0,0.0,0.0,0.5957516431808472,0.5946789979934692,0.0010726451873779297,0.08841351419687271,0.08841351419687271,178.056939214468
crack0071_07.png,1.5620989322662353,130.17184448242188,129.028076171875,1.143768310546875,121.02019500732422,121.23468780517578,-0.2144927978515625,0.14434756338596344,0.15192174911499023,0.007574185729026794,0.0,0.0,0.0,0.0,0.0,0.0,0.5855094194412231,0.5880545973777771,-0.002545177936553955,0.09236839413642883,0.09236839413642883,144.46129041910172
crack0071_08.png,3.8385762214660644,137.95018005371094,135.4979705810547,2.45220947265625,121.31327819824219,121.10871887207031,0.204559326171875,0.22332412004470825,0.23923298716545105,0.015908867120742798,0.0,0.0,0.0,0.0,0.0,0.0,0.5894924998283386,0.5886966586112976,0.0007958412170410156,0.09277866780757904,0.09277866780757904,146.90432810783386
crack0071_09.png,1.4865856170654297,122.804443359375,123.43916320800781,-0.6347198486328125,117.11750793457031,116.42304229736328,0.6944656372070312,0.18783541023731232,0.2108505815267563,0.02301517128944397,0.0,0.0,0.0,0.0,0.0,0.0,0.5823836922645569,0.5823260545730591,5.7637691497802734e-05,0.09516450762748718,0.09516450762748718,135.14702636003494
crack0072_00.png,0.9154131889343262,116.56714630126953,115.94194793701172,0.6251983642578125,110.0545425415039,109.39506530761719,0.6594772338867188,0.30485329031944275,0.30297595262527466,-0.0018773376941680908,0.5205804705619812,0.5223275423049927,0.0017470717430114746,0.4785270094871521,0.4804384112358093,0.0019114017486572266,0.5937639474868774,0.5910957455635071,0.0026682019233703613,0.1973726600408554,0.1973726600408554,121.82654786109924
crack0072_01.png,1.1284886360168458,112.10758972167969,111.15699005126953,0.9505996704101562,106.99667358398438,106.82907104492188,0.1676025390625,0.3526923656463623,0.35017016530036926,-0.002522200345993042,0.538382887840271,0.5422230958938599,0.003840208053588867,0.4921155571937561,0.5000005960464478,0.00788503885269165,0.5897347331047058,0.5857593417167664,0.003975391387939453,0.18889354169368744,0.18889354169368744,114.21146929264069
crack0072_02.png,0.9499111175537109,113.15227508544922,112.31505584716797,0.83721923828125,105.54443359375,105.2090835571289,0.33535003662109375,0.28328731656074524,0.28389453887939453,0.000607222318649292,0.546959638595581,0.5468391180038452,-0.00012052059173583984,0.5175471305847168,0.5141544342041016,-0.0033926963806152344,0.5858169794082642,0.5874471068382263,-0.0016301274299621582,0.16502349078655243,0.16502349078655243,119.23431074619293
crack0072_03.png,-1.1475402832031252,110.5183334350586,111.22089385986328,-0.7025604248046875,113.49755096435547,115.31343078613281,-1.8158798217773438,0.25433745980262756,0.2568398714065552,0.0025024116039276123,0.5298458337783813,0.5319021940231323,0.0020563602447509766,0.45949751138687134,0.4643169641494751,0.00481945276260376,0.5890234708786011,0.5890503525733948,-2.6881694793701172e-05,0.15579535067081451,0.15579535067081451,119.17138016223907
crack0072_04.png,0.6298155784606934,111.79776000976562,111.32254791259766,0.47521209716796875,103.30965423583984,103.3267822265625,-0.01712799072265625,0.23642994463443756,0.23840318620204926,0.0019732415676116943,0.49757587909698486,0.49449771642684937,-0.003078162670135498,0.46475595235824585,0.46398699283599854,-0.0007689595222473145,0.5893233418464661,0.5861552953720093,0.003168046474456787,0.1598973125219345,0.1598973125219345,120.94729095697403
crack0072_05.png,0.9309139251708984,118.43074035644531,117.89237976074219,0.538360595703125,101.60209655761719,101.76280975341797,-0.16071319580078125,0.2694337069988251,0.2703935205936432,0.0009598135948181152,0.4699159264564514,0.47345417737960815,0.0035382509231567383,0.4640243649482727,0.46745413541793823,0.0034297704696655273,0.5874509811401367,0.5814878940582275,0.00596308708190918,0.21360689401626587,0.21360689401626587,125.49357688426971
crack0072_06.png,-0.455743408203125,122.7326889038086,123.23323059082031,-0.5005416870117188,114.51272583007812,114.65679168701172,-0.14406585693359375,0.26429489254951477,0.2631986737251282,-0.0010962188243865967,0.49900543689727783,0.5027589201927185,0.003753483295440674,0.4766380190849304,0.47859710454940796,0.001959085464477539,0.5853671431541443,0.584367573261261,0.0009995698928833008,0.18629969656467438,0.18629969656467438,130.60572504997253
crack0072_07.png,6.782506704330444,137.5455780029297,132.27896118164062,5.2666168212890625,125.58067321777344,122.60475158691406,2.975921630859375,0.24121762812137604,0.24623894691467285,0.005021318793296814,0.5461888909339905,0.5435460805892944,-0.002642810344696045,0.5228679776191711,0.5251303911209106,0.002262413501739502,0.6034794449806213,0.6027412414550781,0.0007382035255432129,0.17512401938438416,0.17512401938438416,144.57838970422745
crack0072_08.png,1.1389143943786622,105.8753662109375,104.70020294189453,1.1751632690429688,107.00538635253906,106.40930938720703,0.5960769653320312,0.38137897849082947,0.3768991231918335,-0.004479855298995972,0.491415798664093,0.48853737115859985,-0.002878427505493164,0.49213242530822754,0.4915584921836853,-0.0005739331245422363,0.585959255695343,0.5809881091117859,0.004971146583557129,0.1874488741159439,0.1874488741159439,106.11220741271973
crack0072_09.png,0.20965862274169922,104.78437805175781,104.75627136230469,0.028106689453125,107.30071258544922,107.60966491699219,-0.30895233154296875,0.3453739881515503,0.3477199077606201,0.0023459196090698242,0.5348947048187256,0.5371891260147095,0.0022944211959838867,0.4885828495025635,0.48904991149902344,0.00046706199645996094,0.5929988622665405,0.59235680103302,0.0006420612335205078,0.1872614026069641,0.1872614026069641,107.76783990859985
crack0073_00.png,0.03961582183837892,100.43281555175781,100.1156997680664,0.31711578369140625,102.2269058227539,102.2020263671875,0.02487945556640625,0.36995023488998413,0.364296555519104,-0.005653679370880127,0.4482309818267822,0.4553893804550171,0.007158398628234863,0.4864044785499573,0.4851418137550354,-0.001262664794921875,0.5820184350013733,0.5850557684898376,-0.0030373334884643555,0.2245386391878128,0.2245386391878128,101.81869506835938
crack0073_01.png,1.642204713821411,115.2853012084961,114.54965209960938,0.7356491088867188,112.39704895019531,112.63534545898438,-0.2382965087890625,0.21527531743049622,0.21919505298137665,0.003919735550880432,0.37055617570877075,0.38410723209381104,0.013551056385040283,0.31936734914779663,0.3283080458641052,0.008940696716308594,0.5929834842681885,0.5893271565437317,0.003656327724456787,0.22010314464569092,0.22010314464569092,125.7202969789505
crack0073_02.png,3.458357238769531,123.2767105102539,121.35614013671875,1.9205703735351562,108.95002746582031,107.30301666259766,1.6470108032226562,0.16952012479305267,0.18446169793605804,0.014941573143005371,0.3648833632469177,0.3571631908416748,-0.00772017240524292,0.2940026521682739,0.30972152948379517,0.01571887731552124,0.5880007743835449,0.5881891846656799,-0.00018841028213500977,0.13190746307373047,0.13190746307373047,135.67278522253036
crack0073_03.png,-0.2884535312652588,118.88151550292969,118.63038635253906,0.251129150390625,105.89421844482422,106.40707397460938,-0.5128555297851562,0.25039613246917725,0.2493976503610611,-0.00099848210811615,0.4245438575744629,0.42070960998535156,-0.003834247589111328,0.44576209783554077,0.4491167664527893,0.003354668617248535,0.5840522646903992,0.5865820646286011,-0.0025297999382019043,0.19915568828582764,0.19915568828582764,127.25537449121475
crack0073_04.png,1.4176570892333986,117.26309967041016,116.51651000976562,0.7465896606445312,111.087158203125,109.31324005126953,1.7739181518554688,0.23619116842746735,0.23672203719615936,0.0005308687686920166,0.2899617552757263,0.286157488822937,-0.0038042664527893066,0.20617783069610596,0.23024624586105347,0.02406841516494751,0.5907419919967651,0.5889619588851929,0.0017800331115722656,0.16376402974128723,0.16376402974128723,126.34801441431046
crack0073_05.png,2.031347370147705,124.3404541015625,123.10204315185547,1.2384109497070312,105.9320068359375,105.62348937988281,0.3085174560546875,0.3238726258277893,0.32678383588790894,0.002911210060119629,0.4067191481590271,0.4188114404678345,0.012092292308807373,0.4608941674232483,0.4663991928100586,0.005505025386810303,0.5910226702690125,0.5921991467475891,-0.0011764764785766602,0.15981093049049377,0.15981093049049377,127.97685694694519
crack0073_06.png,1.199026393890381,114.61869812011719,113.89768981933594,0.72100830078125,106.67259979248047,106.27839660644531,0.39420318603515625,0.2620021402835846,0.25925004482269287,-0.0027520954608917236,0.3477449417114258,0.35861241817474365,0.010867476463317871,0.3437792658805847,0.36106282472610474,0.01728355884552002,0.5864744186401367,0.5838292837142944,0.002645134925842285,0.1777040809392929,0.1777040809392929,122.16216802597046
crack0073_07.png,2.872553300857544,113.03221130371094,111.98914337158203,1.0430679321289062,105.02272033691406,104.32290649414062,0.6998138427734375,0.21438166499137878,0.2305225282907486,0.016140863299369812,0.4274347424507141,0.4317812919616699,0.0043465495109558105,0.4141874313354492,0.4249376654624939,0.010750234127044678,0.5900653600692749,0.5879546403884888,0.002110719680786133,0.15759572386741638,0.15759572386741638,123.25039184093475
crack0073_08.png,0.4099133491516113,117.40003204345703,116.80720520019531,0.5928268432617188,101.67147827148438,101.99737548828125,-0.325897216796875,0.3003729581832886,0.2948894798755646,-0.005483478307723999,0.28215593099594116,0.2904210686683655,0.008265137672424316,0.33930450677871704,0.3435952663421631,0.004290759563446045,0.5849442481994629,0.5835562944412231,0.001387953758239746,0.14721465110778809,0.14721465110778809,122.80801975727081
crack0073_09.png,-1.5134243011474608,116.03787994384766,115.67229461669922,0.3655853271484375,97.88079833984375,98.25724792480469,-0.3764495849609375,0.2676571309566498,0.25607529282569885,-0.011581838130950928,0.37150901556015015,0.3471444249153137,-0.024364590644836426,0.4024955630302429,0.39434903860092163,-0.008146524429321289,0.5892348885536194,0.5849173665046692,0.004317522048950195,0.1392020434141159,0.1392020434141159,124.05996525287628
crack0074_00.png,0.6498034477233887,118.8035659790039,117.86778259277344,0.9357833862304688,110.43772888183594,110.11123657226562,0.3264923095703125,0.30724745988845825,0.2989219129085541,-0.008325546979904175,0.47780120372772217,0.4862331748008728,0.008431971073150635,0.390586256980896,0.39111608266830444,0.0005298256874084473,0.5850788354873657,0.5872741341590881,-0.002195298671722412,0.21571511030197144,0.21571511030197144,123.89132487773895
crack0074_01.png,0.5551845550537109,107.6820297241211,107.2865219116211,0.3955078125,105.2501449584961,105.52880096435547,-0.278656005859375,0.32506945729255676,0.31597110629081726,-0.009098351001739502,0.33087217807769775,0.3525909185409546,0.021718740463256836,0.36027592420578003,0.3610190153121948,0.0007430911064147949,0.5920761227607727,0.588819682598114,0.0032564401626586914,0.18947833776474,0.18947833776474,112.20905435085297
crack0074_02.png,-0.26961889266967776,111.60076141357422,111.50318145751953,0.0975799560546875,110.0166015625,109.82366943359375,0.19293212890625,0.34019750356674194,0.3326665163040161,-0.00753098726272583,0.3820990324020386,0.38558268547058105,0.0034836530685424805,0.38304901123046875,0.38764238357543945,0.004593372344970703,0.5885697603225708,0.5881007313728333,0.00046902894973754883,0.20457357168197632,0.20457357168197632,115.13477087020874
crack0074_03.png,0.6948745727539063,108.8887939453125,108.71083068847656,0.1779632568359375,106.20262908935547,105.81986999511719,0.38275909423828125,0.3121173083782196,0.298639714717865,-0.013477593660354614,0.3824613094329834,0.4155704975128174,0.033109188079833984,0.36643850803375244,0.37479543685913086,0.008356928825378418,0.5909534692764282,0.5880122780799866,0.0029411911964416504,0.17842456698417664,0.17842456698417664,114.51956820487976
crack0074_04.png,-0.8868993759155273,101.1268081665039,101.51106262207031,-0.38425445556640625,103.50405883789062,103.69709777832031,-0.1930389404296875,0.3209993541240692,0.30460089445114136,-0.016398459672927856,0.26470744609832764,0.2851308584213257,0.020423412322998047,0.3632623553276062,0.3599482774734497,-0.003314077854156494,0.5889196395874023,0.5871818661689758,0.0017377734184265137,0.18909123539924622,0.18909123539924622,106.59966731071472
crack0074_05.png,2.8814821243286133,106.68683624267578,105.44717407226562,1.2396621704101562,114.91236877441406,113.52027130126953,1.3920974731445312,0.31206393241882324,0.3007510006427765,-0.011312931776046753,0.33119910955429077,0.3797076940536499,0.04850858449935913,0.26288866996765137,0.28537338972091675,0.02248471975326538,0.592656672000885,0.5914148688316345,0.0012418031692504883,0.13342323899269104,0.13342323899269104,111.72821199893951
crack0074_06.png,-4.261061477661133,100.78973388671875,102.65938568115234,-1.8696517944335938,106.80455780029297,107.1903305053711,-0.385772705078125,0.33877575397491455,0.32438647747039795,-0.014389276504516602,0.32079774141311646,0.2950713038444519,-0.02572643756866455,0.2859231233596802,0.2589506506919861,-0.026972472667694092,0.5876624584197998,0.5890849828720093,-0.0014225244522094727,0.17109766602516174,0.17109766602516174,105.82477045059204
crack0074_07.png,-0.1049962043762207,100.79013061523438,101.27446746826172,-0.48433685302734375,104.78079986572266,104.91374206542969,-0.13294219970703125,0.3831857442855835,0.3859903812408447,0.0028046369552612305,0.4139047861099243,0.41804730892181396,0.0041425228118896484,0.41451358795166016,0.42053669691085815,0.006023108959197998,0.5893233418464661,0.5882622003555298,0.0010611414909362793,0.201755553483963,0.201755553483963,101.61408805847168
crack0074_08.png,1.901319980621338,111.77519226074219,112.42179107666016,-0.6465988159179688,112.91188049316406,112.64698791503906,0.264892578125,0.30034053325653076,0.3315335214138031,0.03119298815727234,0.31945133209228516,0.3160959482192993,-0.00335538387298584,0.3147275447845459,0.33055680990219116,0.015829265117645264,0.595390260219574,0.5933718085289001,0.002018451690673828,0.18207916617393494,0.18207916617393494,117.89367008209229
crack0074_09.png,-3.4052852630615233,82.00537872314453,83.37255859375,-1.3671798706054688,107.38020324707031,107.46746063232422,-0.08725738525390625,0.2935541272163391,0.27005651593208313,-0.02349761128425598,0.3770654797554016,0.3745650053024292,-0.002500474452972412,0.2973368167877197,0.28367602825164795,-0.013660788536071777,0.5881007313728333,0.5886850953102112,-0.0005843639373779297,0.15298081934452057,0.15298081934452057,90.03298151493073
crack0075_00.png,0.6407340049743653,114.74295806884766,113.46597290039062,1.2769851684570312,106.18992614746094,106.33439636230469,-0.14447021484375,0.40002915263175964,0.3928444981575012,-0.007184654474258423,0.0,0.0,0.0,0.14415401220321655,0.16199809312820435,0.017844080924987793,0.5831487774848938,0.5832410454750061,-9.226799011230469e-05,0.11406776309013367,0.11406776309013367,113.86343741416931
crack0075_01.png,2.6553988456726074,117.58152770996094,116.62541198730469,0.95611572265625,105.32691192626953,105.00247192382812,0.32444000244140625,0.3198811709880829,0.3384946286678314,0.018613457679748535,0.0,0.0,0.0,0.0,0.0,0.0,0.5884582996368408,0.586447536945343,0.0020107626914978027,0.1139579713344574,0.1139579713344574,121.44893157482147
crack0075_02.png,-0.5629197120666504,111.65311431884766,111.78117370605469,-0.12805938720703125,107.48411560058594,107.27478790283203,0.20932769775390625,0.4370880424976349,0.4301673471927643,-0.0069206953048706055,0.0,0.0,0.0,0.19911199808120728,0.1906348466873169,-0.00847715139389038,0.5857477784156799,0.5848711729049683,0.0008766055107116699,0.11742189526557922,0.11742189526557922,109.33701431751251
crack0075_03.png,0.8401137351989747,116.57149505615234,115.76212310791016,0.8093719482421875,111.20490264892578,110.61177062988281,0.5931320190429688,0.2981971800327301,0.29594317078590393,-0.002254009246826172,0.07770538330078125,0.07252156734466553,-0.005183815956115723,0.15937405824661255,0.15853160619735718,-0.0008424520492553711,0.5942368507385254,0.5897077918052673,0.004529058933258057,0.12712231278419495,0.12712231278419495,122.17969286441803
crack0075_04.png,-1.50449857711792,113.85179901123047,114.02465057373047,-0.1728515625,105.35316467285156,105.35894775390625,-0.0057830810546875,0.39941495656967163,0.38263487815856934,-0.016780078411102295,0.0,0.0,0.0,0.05895954370498657,0.06547737121582031,0.00651782751083374,0.586747407913208,0.5864205956459045,0.0003268122673034668,0.10492110997438431,0.10492110997438431,114.45002841949463
crack0075_05.png,0.874384593963623,115.82725524902344,115.29518127441406,0.532073974609375,104.98686218261719,105.07295227050781,-0.086090087890625,0.3542037606239319,0.3536396026611328,-0.0005641579627990723,0.21517831087112427,0.22700554132461548,0.011827230453491211,0.31760305166244507,0.3173917531967163,-0.00021129846572875977,0.583594799041748,0.5848750472068787,-0.0012802481651306152,0.15347734093666077,0.15347734093666077,117.73784399032593
crack0075_06.png,2.1653974533081053,122.0421371459961,120.71138000488281,1.3307571411132812,107.01802825927734,106.53730773925781,0.48072052001953125,0.3393690586090088,0.3376098871231079,-0.001759171485900879,0.09883129596710205,0.11790090799331665,0.0190696120262146,0.28115755319595337,0.27656090259552,-0.00459665060043335,0.5849250555038452,0.5844175219535828,0.0005075335502624512,0.13118785619735718,0.13118785619735718,124.51716756820679
crack0075_07.png,-2.4803566932678223,107.18879699707031,109.03634643554688,-1.8475494384765625,105.26080322265625,105.66645812988281,-0.4056549072265625,0.4028738737106323,0.39637115597724915,-0.006502717733383179,0.0,0.0,0.0,0.0027456283569335938,0.011018991470336914,0.00827336311340332,0.5865974426269531,0.5853556394577026,0.0012418031692504883,0.11594834178686142,0.11594834178686142,107.79420006275177
crack0075_08.png,2.497404956817627,117.8279037475586,117.19001770019531,0.6378860473632812,103.635009765625,103.01632690429688,0.618682861328125,0.4000794589519501,0.40942367911338806,0.009344220161437988,0.1355409026145935,0.15466225147247314,0.01912134885787964,0.30166155099868774,0.307697594165802,0.006036043167114258,0.5743867754936218,0.5718954205513,0.0024913549423217773,0.14996811747550964,0.14996811747550964,116.47966420650482
crack0075_09.png,0.48470401763916016,114.3003158569336,114.80672454833984,-0.50640869140625,106.4399642944336,106.41642761230469,0.02353668212890625,0.38699424266815186,0.390715628862381,0.003721386194229126,0.0,0.01601552963256836,0.01601552963256836,0.2518630027770996,0.24814486503601074,-0.003718137741088867,0.580169141292572,0.5790849924087524,0.00108414888381958,0.10911169648170471,0.10911169648170471,114.54063129425049
crack0076_00.png,0.37179579734802237,94.62376403808594,93.24471282958984,1.3790512084960938,127.858642578125,129.51473999023438,-1.656097412109375,0.13254010677337646,0.1184539645910263,-0.014086142182350159,0.16245710849761963,0.17867565155029297,0.01621854305267334,0.10584515333175659,0.006606996059417725,-0.09923815727233887,0.5958861708641052,0.5925528407096863,0.0033333301544189453,0.10703563690185547,0.10703563690185547,110.66244739294052
crack0076_01.png,3.262996482849121,89.63262176513672,86.3255615234375,3.3070602416992188,107.71355438232422,106.50491333007812,1.2086410522460938,0.27308809757232666,0.28004708886146545,0.006958991289138794,0.10615760087966919,0.08080089092254639,-0.025356709957122803,0.115445077419281,0.1083076000213623,-0.007137477397918701,0.5881430506706238,0.5898923277854919,-0.001749277114868164,0.10336180031299591,0.10336180031299591,95.18949890136719
crack0076_02.png,-2.1488571643829344,105.88796997070312,104.81959533691406,1.0683746337890625,102.69961547851562,102.45733642578125,0.242279052734375,0.15537667274475098,0.13791276514530182,-0.017463907599449158,0.20708942413330078,0.15941745042800903,-0.04767197370529175,0.12691909074783325,0.11915457248687744,-0.0077645182609558105,0.5892656445503235,0.5895194411277771,-0.0002537965774536133,0.09635430574417114,0.09635430574417114,120.65979439020157
crack0076_03.png,3.672594738006592,121.64986419677734,117.45913696289062,4.190727233886719,114.86063385009766,115.22348022460938,-0.36284637451171875,0.19938357174396515,0.19517289102077484,-0.004210680723190308,0.0,0.0,0.0,0.0,0.0,0.0,0.5974355936050415,0.5983390808105469,-0.0009034872055053711,0.0949261337518692,0.0949261337518692,131.77769035100937
crack0076_04.png,4.150984525680542,176.8077392578125,173.8098907470703,2.9978485107421875,211.94717407226562,209.24057006835938,2.70660400390625,0.14124558866024017,0.1411021649837494,-0.0001434236764907837,0.0,0.0,0.0,0.0,0.0,0.0,0.5889042615890503,0.5868550539016724,0.0020492076873779297,0.11128204315900803,0.11128204315900803,190.39885556697845
crack0076_05.png,8.423883509635925,140.5850067138672,134.9293975830078,5.655609130859375,125.74002838134766,123.2178955078125,2.5221328735351562,0.12216052412986755,0.12377407401800156,0.0016135498881340027,0.07352995872497559,0.11461901664733887,0.04108905792236328,0.11544519662857056,0.116549551486969,0.0011043548583984375,0.5954478979110718,0.5957785248756409,-0.0003306269645690918,0.09628836810588837,0.09628836810588837,154.25871169567108
crack0076_06.png,4.340060234069824,103.59326171875,99.67363739013672,3.9196243286132812,111.77081298828125,112.32512664794922,-0.5543136596679688,0.23326274752616882,0.2559545338153839,0.022691786289215088,0.10119855403900146,0.07277250289916992,-0.028426051139831543,0.010532796382904053,0.021175920963287354,0.0106431245803833,0.5971818566322327,0.598085343837738,-0.0009034872055053711,0.09488722681999207,0.09488722681999207,111.56109845638275
crack0076_07.png,2.211732578277588,107.47376251220703,105.51842498779297,1.9553375244140625,127.82746887207031,129.5704345703125,-1.7429656982421875,0.2233668863773346,0.21828949451446533,-0.005077391862869263,0.14635992050170898,0.17889326810836792,0.032533347606658936,0.0953834056854248,0.07621908187866211,-0.019164323806762695,0.596013069152832,0.5945520997047424,0.0014609694480895996,0.09981957823038101,0.09981957823038101,117.23924684524536
crack0076_08.png,-1.7921175003051757,96.88098907470703,95.48827362060547,1.3927154541015625,115.61367797851562,115.42898559570312,0.1846923828125,0.26220741868019104,0.23735970258712769,-0.024847716093063354,0.17207205295562744,0.1378006935119629,-0.03427135944366455,0.008646488189697266,0.008682787418365479,3.629922866821289e-05,0.5937562584877014,0.5912572145462036,0.0024990439414978027,0.10019947588443756,0.10019947588443756,105.69329953193665
crack0076_09.png,1.2711730003356934,92.1461181640625,91.1041259765625,1.0419921875,109.48323822021484,108.54096984863281,0.9422683715820312,0.2111758142709732,0.2005148082971573,-0.010661005973815918,0.17438578605651855,0.19434452056884766,0.0199587345123291,0.11986511945724487,0.12112611532211304,0.001260995864868164,0.5876278281211853,0.5899577140808105,-0.002329885959625244,0.0998496562242508,0.0998496562242508,103.19254213571548
crack0077_00.png,-1.2623835325241088,129.2009735107422,131.01519775390625,-1.8142242431640625,103.44140625,103.78828430175781,-0.3468780517578125,0.12300307303667068,0.1271016150712967,0.004098542034626007,0.2597377896308899,0.2680366039276123,0.008298814296722412,0.372647225856781,0.37744200229644775,0.004794776439666748,0.5728527307510376,0.5720838308334351,0.0007688999176025391,0.09440547227859497,0.09440547227859497,145.64201048016548
crack0077_01.png,0.6772093772888184,126.37724304199219,126.81749725341797,-0.44025421142578125,105.43623352050781,105.26235961914062,0.1738739013671875,0.173152893781662,0.17869219183921814,0.005539298057556152,0.26875025033950806,0.2822663187980652,0.013516068458557129,0.36985963582992554,0.34722626209259033,-0.022633373737335205,0.580949604511261,0.5793464183807373,0.0016031861305236816,0.10197828710079193,0.10197828710079193,139.4461807012558
crack0077_02.png,0.3166575908660889,131.12721252441406,130.05413818359375,1.0730743408203125,109.75534057617188,110.34437561035156,-0.5890350341796875,0.2042519450187683,0.19569076597690582,-0.008561179041862488,0.0,0.0,0.0,0.18484675884246826,0.05439174175262451,-0.13045501708984375,0.589488685131073,0.5853863954544067,0.00410228967666626,0.08671064674854279,0.08671064674854279,142.42877680063248
crack0077_03.png,-0.9939176559448244,124.71768188476562,124.14005279541016,0.5776290893554688,108.41498565673828,110.11703491210938,-1.7020492553710938,0.24744606018066406,0.2321045696735382,-0.015341490507125854,0.3086897134780884,0.3127061724662781,0.004016458988189697,0.36609572172164917,0.3540535569190979,-0.01204216480255127,0.5889465808868408,0.5845482349395752,0.004398345947265625,0.11632444709539413,0.11632444709539413,134.06045639514923
crack0077_04.png,-1.7868884563446046,137.6932373046875,138.1455535888672,-0.4523162841796875,105.74980163574219,106.29864501953125,-0.5488433837890625,0.19564038515090942,0.1816197782754898,-0.014020606875419617,0.0,0.0,0.0,0.2614097595214844,0.23023122549057007,-0.031178534030914307,0.5882314443588257,0.5880661010742188,0.0001653432846069336,0.09150942414999008,0.09150942414999008,150.55146652460098
crack0077_05.png,-2.101136589050293,136.05357360839844,135.89752197265625,0.1560516357421875,109.18197631835938,111.08064270019531,-1.8986663818359375,0.21706843376159668,0.2001250982284546,-0.01694333553314209,0.0,0.0,0.0,0.1269305944442749,0.11410719156265259,-0.012823402881622314,0.5847097039222717,0.5882660746574402,-0.003556370735168457,0.09232378005981445,0.09232378005981445,147.49868488311768
crack0077_06.png,0.19703583717346196,133.11402893066406,132.91250610351562,0.2015228271484375,104.83233642578125,104.72488403320312,0.107452392578125,0.19955556094646454,0.2089136242866516,0.009358063340187073,0.20064330101013184,0.17984849214553833,-0.020794808864593506,0.29268282651901245,0.3018990159034729,0.00921618938446045,0.5849365592002869,0.5840445756912231,0.0008919835090637207,0.09345932304859161,0.09345932304859161,144.43739622831345
crack0077_07.png,-4.531435012817383,143.23216247558594,144.66213989257812,-1.4299774169921875,106.89751434326172,107.76417541503906,-0.8666610717773438,0.21482282876968384,0.20490762591362,-0.009915202856063843,0.19192981719970703,0.1410757303237915,-0.05085408687591553,0.289442241191864,0.2073938250541687,-0.08204841613769531,0.5867358446121216,0.5849211812019348,0.0018146634101867676,0.103543221950531,0.103543221950531,155.1221274137497
crack0077_08.png,-0.2915610790252685,113.69853973388672,114.8021469116211,-1.103607177734375,103.63090515136719,103.47798156738281,0.152923583984375,0.23876813054084778,0.24792344868183136,0.009155318140983582,0.19678086042404175,0.19408178329467773,-0.0026990771293640137,0.310250461101532,0.29749077558517456,-0.012759685516357422,0.5836793780326843,0.5805190205574036,0.0031603574752807617,0.11651606857776642,0.11651606857776642,123.27143061161041
crack0077_09.png,-0.3299393653869629,167.95458984375,167.40382385253906,0.5507659912109375,107.79119873046875,108.18998718261719,-0.3987884521484375,0.18331459164619446,0.18127131462097168,-0.0020432770252227783,0.16055232286453247,0.1436833143234253,-0.016869008541107178,0.34242868423461914,0.35280895233154297,0.010380268096923828,0.5916839838027954,0.5887581706047058,0.0029258131980895996,0.09343983978033066,0.09343983978033066,180.47028732299805
crack0078_00.png,1.5360855102539062,99.37101745605469,97.59850311279297,1.7725143432617188,108.57217407226562,108.5860824584961,-0.01390838623046875,0.45653530955314636,0.44932231307029724,-0.007212996482849121,0.0,0.0,0.0,0.0,0.0,0.0,0.5932372212409973,0.5845828652381897,0.008654356002807617,0.1053386777639389,0.1053386777639389,95.25491034984589
crack0078_01.png,1.438575553894043,90.58793640136719,89.06040954589844,1.52752685546875,108.54263305664062,107.82124328613281,0.7213897705078125,0.47630706429481506,0.47130370140075684,-0.0050033628940582275,0.0,0.0,0.0,0.0,0.0,0.0,0.5842599272727966,0.583690881729126,0.0005690455436706543,0.11250545084476471,0.11250545084476471,84.91634798049927
crack0078_02.png,1.2264980316162108,93.46380615234375,92.40563201904297,1.0581741333007812,112.76268768310547,111.80388641357422,0.95880126953125,0.47262728214263916,0.46828410029411316,-0.004343181848526001,0.0,0.0,0.0,0.0,0.0,0.0,0.5896732211112976,0.5863667726516724,0.003306448459625244,0.11425267159938812,0.11425267159938812,88.42460191249847
crack0078_03.png,3.9795079231262207,101.8080062866211,98.68225860595703,3.1257476806640625,123.18858337402344,122.0872802734375,1.1013031005859375,0.4039011001586914,0.40798240900039673,0.004081308841705322,0.0,0.0,0.0,0.0,0.0,0.0,0.592452883720398,0.590284526348114,0.0021683573722839355,0.1041187196969986,0.1041187196969986,99.7091817855835
crack0078_04.png,0.2873023033142089,81.76950073242188,80.54936981201172,1.2201309204101562,116.51998901367188,118.22119903564453,-1.7012100219726562,0.4426748752593994,0.43769627809524536,-0.004978597164154053,0.0,0.0,0.0,0.0,0.0,0.0,0.5897001028060913,0.5860515236854553,0.0036485791206359863,0.10702013969421387,0.10702013969421387,78.48566269874573
crack0078_05.png,3.326395034790039,95.50785827636719,93.44261169433594,2.06524658203125,121.34722900390625,118.89476013183594,2.4524688720703125,0.5381458401679993,0.5410211682319641,0.0028753280639648438,0.0,0.0,0.0,0.06409436464309692,0.06899017095565796,0.004895806312561035,0.5931180119514465,0.5918646454811096,0.001253366470336914,0.11311125755310059,0.11311125755310059,85.91120505332947
crack0078_06.png,2.741860008239746,102.73837280273438,100.717529296875,2.020843505859375,108.72138977050781,107.95114135742188,0.7702484130859375,0.44012942910194397,0.4447968602180481,0.004667431116104126,0.0,0.0,0.0,0.0,0.028124094009399414,0.028124094009399414,0.5912072062492371,0.5902191400527954,0.0009880661964416504,0.10800446569919586,0.10800446569919586,98.96847355365753
crack0078_07.png,-2.1386502265930174,88.17311096191406,88.23946380615234,-0.06635284423828125,107.12055969238281,107.26425170898438,-0.1436920166015625,0.4339958131313324,0.40872594714164734,-0.02526986598968506,0.0,0.0,0.0,0.1482830047607422,0.1525452733039856,0.004262268543243408,0.5816916823387146,0.5815224647521973,0.00016921758651733398,0.10368189960718155,0.10368189960718155,86.95039784908295
crack0078_08.png,0.1728931427001954,87.50228881835938,85.75638580322266,1.7459030151367188,111.6236801147461,111.36997985839844,0.25370025634765625,0.4717773497104645,0.4517650902271271,-0.020012259483337402,0.0,0.0,0.0,0.0,0.0,0.0,0.5879008173942566,0.5897385478019714,-0.0018377304077148438,0.11764176934957504,0.11764176934957504,83.11297380924225
crack0078_09.png,0.8563838005065918,99.89248657226562,97.44073486328125,2.451751708984375,114.87865447998047,115.95657348632812,-1.0779190063476562,0.42946892976760864,0.41571804881095886,-0.01375088095664978,0.0,0.0,0.0,0.0,0.0,0.0,0.581318736076355,0.5829219818115234,-0.001603245735168457,0.1184007078409195,0.1184007078409195,97.04040706157684
crack0079_00.png,2.0753421783447266,112.5455551147461,111.05369567871094,1.4918594360351562,109.71479034423828,109.74984741210938,-0.03505706787109375,0.29790109395980835,0.3036821186542511,0.005781024694442749,0.0,0.0,0.0,0.0,0.0,0.0,0.5956631898880005,0.5922876000404358,0.0033755898475646973,0.11766833066940308,0.11766833066940308,117.75208735466003
crack0079_01.png,-0.19443731307983397,104.21122741699219,103.93488311767578,0.27634429931640625,103.91583251953125,104.12242889404297,-0.20659637451171875,0.3871937394142151,0.38017165660858154,-0.007022082805633545,0.0,0.0,0.0,0.0,0.0,0.0,0.5821799039840698,0.5778393149375916,0.0043405890464782715,0.1287020593881607,0.1287020593881607,104.54995203018188
crack0079_02.png,7.740297603607178,118.9828109741211,112.92282104492188,6.059989929199219,129.19537353515625,126.06729125976562,3.128082275390625,0.27567222714424133,0.27874040603637695,0.00306817889213562,0.0,0.0,0.0,0.07621490955352783,0.05005079507827759,-0.026164114475250244,0.597108781337738,0.5925182700157166,0.004590511322021484,0.12959221005439758,0.12959221005439758,123.29683363437653
crack0079_03.png,2.749138355255127,109.02259826660156,106.7432632446289,2.2793350219726562,112.08731842041016,111.25468444824219,0.8326339721679688,0.3033771216869354,0.3050288259983063,0.0016517043113708496,0.0,0.0,0.0,0.050543367862701416,0.035314083099365234,-0.015229284763336182,0.5842099189758301,0.5840945839881897,0.00011533498764038086,0.11826884746551514,0.11826884746551514,113.04870021343231
crack0079_04.png,0.5650276184082031,109.36644744873047,108.84227752685547,0.524169921875,102.64305114746094,102.55735778808594,0.085693359375,0.3625720143318176,0.3621775209903717,-0.00039449334144592285,0.0,0.0,0.0,0.0,0.0,0.0,0.5782006978988647,0.5772472023963928,0.0009534955024719238,0.12117154896259308,0.12117154896259308,110.50173914432526
crack0079_05.png,-1.300991153717041,106.31239318847656,106.86100769042969,-0.548614501953125,105.05740356445312,105.40826416015625,-0.350860595703125,0.34887388348579407,0.34243839979171753,-0.006435483694076538,0.0,0.0,0.0,0.0,0.0,0.0,0.5756132006645203,0.5780430436134338,-0.0024298429489135742,0.11443409323692322,0.11443409323692322,109.16211819648743
crack0079_06.png,2.2863643646240233,107.1353530883789,107.62812805175781,-0.49277496337890625,108.37327575683594,109.43827056884766,-1.0649948120117188,0.3007203936576843,0.3410479724407196,0.04032757878303528,0.0,0.0,0.0,0.0,0.0,0.0,0.5861552953720093,0.5866820216178894,-0.000526726245880127,0.13142140209674835,0.13142140209674835,112.80579781532288
crack0079_07.png,1.7897045135498049,73.8574447631836,72.71646118164062,1.1409835815429688,107.55735778808594,106.13484954833984,1.4225082397460938,0.3538724184036255,0.35584545135498047,0.0019730329513549805,0.0,0.0,0.0,0.0,0.0,0.0,0.5749942064285278,0.5769473314285278,-0.001953125,0.119801826775074,0.119801826775074,75.1325011253357
crack0079_08.png,2.391648006439209,108.3065185546875,106.77262115478516,1.5338973999023438,111.39715576171875,110.7262954711914,0.6708602905273438,0.33453166484832764,0.3434986472129822,0.008966982364654541,0.0,0.0,0.0,0.06569457054138184,0.06569278240203857,-1.7881393432617188e-06,0.5789234638214111,0.582122266292572,-0.0031988024711608887,0.12669116258621216,0.12669116258621216,110.75256061553955
crack0079_09.png,10.39337158203125,145.16355895996094,138.03465270996094,7.12890625,158.27352905273438,150.64947509765625,7.624053955078125,0.2590891122817993,0.2611652612686157,0.0020761489868164062,0.0,0.0,0.0,0.0,0.0,0.0,0.5961092114448547,0.5948904156684875,0.0012187957763671875,0.1260964274406433,0.1260964274406433,149.89812755584717
crack0080_00.png,1.139568042755127,117.92538452148438,117.00999450683594,0.9153900146484375,107.05027770996094,106.52357482910156,0.526702880859375,0.25226882100105286,0.2547920048236847,0.002523183822631836,0.36260926723480225,0.35387110710144043,-0.008738160133361816,0.2413473129272461,0.2316628098487854,-0.009684503078460693,0.5902498960494995,0.5862206816673279,0.004029214382171631,0.14699208736419678,0.14699208736419678,125.94155609607697
crack0080_01.png,0.482065486907959,110.33081817626953,110.50320434570312,-0.17238616943359375,106.03500366210938,106.03451538085938,0.00048828125,0.2889988422393799,0.29736265540122986,0.008363813161849976,0.4463648796081543,0.4423719644546509,-0.003992915153503418,0.2482929825782776,0.25136518478393555,0.003072202205657959,0.5904344320297241,0.5868127346038818,0.003621697425842285,0.1518687754869461,0.1518687754869461,116.6944580078125
crack0080_02.png,-0.9419093132019043,107.35026550292969,107.63345336914062,-0.2831878662109375,102.97161102294922,102.96806335449219,0.00354766845703125,0.2817727327346802,0.26950642466545105,-0.012266308069229126,0.46876174211502075,0.47433024644851685,0.005568504333496094,0.30028587579727173,0.2970300316810608,-0.0032558441162109375,0.5885390043258667,0.586078405380249,0.0024605989456176758,0.1693829447031021,0.1693829447031021,114.86303412914276
crack0080_03.png,0.1221105575561523,115.00199127197266,115.00697326660156,-0.00498199462890625,108.52593994140625,108.9942626953125,-0.46832275390625,0.32552358508110046,0.32346418499946594,-0.0020594000816345215,0.4354764223098755,0.443661093711853,0.008184671401977539,0.30337613821029663,0.31767600774765015,0.014299869537353516,0.5923144817352295,0.588519811630249,0.0037946701049804688,0.1684994250535965,0.1684994250535965,119.28921043872833
crack0080_04.png,1.7472378253936767,103.21095275878906,102.95806121826172,0.25289154052734375,100.72999572753906,100.31196594238281,0.41802978515625,0.24644602835178375,0.26148083806037903,0.015034809708595276,0.3734235167503357,0.38115739822387695,0.00773388147354126,0.21468091011047363,0.23226135969161987,0.01758044958114624,0.5823568105697632,0.5869819521903992,-0.004625141620635986,0.16236761212348938,0.16236761212348938,111.77702337503433
crack0080_05.png,-0.3582744598388672,96.69385528564453,96.77802276611328,-0.08416748046875,100.23550415039062,99.99830627441406,0.2371978759765625,0.29062315821647644,0.2880893349647522,-0.002533823251724243,0.4683746099472046,0.4617761969566345,-0.006598412990570068,0.3067922592163086,0.3038194179534912,-0.002972841262817383,0.583391010761261,0.580949604511261,0.00244140625,0.1651114821434021,0.1651114821434021,102.78621935844421
crack0080_06.png,1.0771557807922363,116.48377227783203,116.04289245605469,0.44087982177734375,104.04000854492188,103.57716369628906,0.4628448486328125,0.2672935128211975,0.2618997097015381,-0.005393803119659424,0.29069459438323975,0.30951571464538574,0.018821120262145996,0.2083059549331665,0.22029364109039307,0.011987686157226562,0.5877009034156799,0.5844559669494629,0.003244936466217041,0.15667463839054108,0.15667463839054108,124.05738592147827
crack0080_07.png,-0.1898452758789062,106.55379486083984,106.58175659179688,-0.02796173095703125,101.4364013671875,100.82029724121094,0.6161041259765625,0.3522472381591797,0.34352603554725647,-0.008721202611923218,0.39419931173324585,0.3971160054206848,0.002916693687438965,0.1930713653564453,0.1953662633895874,0.00229489803314209,0.5838600397109985,0.5795424580574036,0.004317581653594971,0.150416299700737,0.150416299700737,109.31061518192291
crack0080_08.png,-0.3899109840393067,106.13287353515625,106.2922592163086,-0.15938568115234375,106.10072326660156,105.61392211914062,0.4868011474609375,0.30667608976364136,0.2950592041015625,-0.011616885662078857,0.2823496460914612,0.2954559326171875,0.013106286525726318,0.21298009157180786,0.21360927820205688,0.0006291866302490234,0.5912264585494995,0.5917301177978516,-0.0005036592483520508,0.18797947466373444,0.18797947466373444,112.17821884155273
crack0080_09.png,0.34139266014099123,117.98865509033203,117.32528686523438,0.6633682250976562,106.02107238769531,105.91943359375,0.1016387939453125,0.24157847464084625,0.23896604776382446,-0.0026124268770217896,0.24672138690948486,0.24276894330978394,-0.003952443599700928,0.17942994832992554,0.16922670602798462,-0.010203242301940918,0.5899884700775146,0.5898769497871399,0.00011152029037475586,0.1369883120059967,0.1369883120059967,126.91854691505432
crack0081_00.png,-0.4864366531372071,145.64712524414062,146.04689025878906,-0.3997650146484375,103.52107238769531,104.13771057128906,-0.61663818359375,0.32357046008110046,0.3215583264827728,-0.0020121335983276367,0.0,0.0,0.0,0.06313753128051758,0.06968486309051514,0.006547331809997559,0.5897731781005859,0.5817493200302124,0.008023858070373535,0.12015406787395477,0.12015406787395477,150.1444352865219
crack0081_01.png,-0.04391613006591798,141.17617797851562,141.22683715820312,-0.0506591796875,102.84222412109375,103.01287078857422,-0.17064666748046875,0.3028033375740051,0.30388695001602173,0.0010836124420166016,0.0,0.0,0.0,0.0,0.005129575729370117,0.005129575729370117,0.5852556824684143,0.5855478644371033,-0.00029218196868896484,0.1250830888748169,0.1250830888748169,146.4552218914032
crack0081_02.png,-0.610693359375,153.6167449951172,154.24050903320312,-0.6237640380859375,102.21024322509766,102.16764831542969,0.04259490966796875,0.2895567715167999,0.29104891419410706,0.001492142677307129,0.0,0.0,0.0,0.014863014221191406,0.03378725051879883,0.018924236297607422,0.5787235498428345,0.581807017326355,-0.003083467483520508,0.10489100217819214,0.10489100217819214,159.82750141620636
crack0081_03.png,-0.685177230834961,148.39581298828125,148.73028564453125,-0.33447265625,104.91853332519531,104.92518615722656,-0.00665283203125,0.2772335708141327,0.27158159017562866,-0.005651980638504028,0.0,0.0,0.0,0.034589529037475586,0.028993725776672363,-0.005595803260803223,0.5860745906829834,0.5834717154502869,0.002602875232696533,0.11181730031967163,0.11181730031967163,155.71113753318787
crack0081_04.png,-0.787822151184082,134.09751892089844,134.7308349609375,-0.6333160400390625,103.32080078125,103.45490264892578,-0.13410186767578125,0.26312583684921265,0.26285696029663086,-0.0002688765525817871,0.0,0.0,0.0,0.0,0.0,0.0,0.5804651975631714,0.5824490785598755,-0.0019838809967041016,0.10387218743562698,0.10387218743562698,141.94072246551514
crack0081_05.png,-1.0035797119140626,142.93052673339844,143.6499481201172,-0.71942138671875,104.30313110351562,104.72227478027344,-0.4191436767578125,0.3021547794342041,0.29831674695014954,-0.0038380324840545654,0.0,0.0,0.0,0.0,0.0,0.0,0.5897578001022339,0.5849942564964294,0.004763543605804443,0.11472532898187637,0.11472532898187637,148.9815446138382
crack0081_06.png,-1.1091071128845216,151.84300231933594,152.009033203125,-0.1660308837890625,105.00088500976562,105.79913330078125,-0.798248291015625,0.26557761430740356,0.2594086229801178,-0.006168991327285767,0.0,0.0,0.0,0.0,0.0,0.0,0.5834140777587891,0.5866705179214478,-0.0032564401626586914,0.11142060905694962,0.11142060905694962,159.8283210992813
crack0081_07.png,0.31408252716064455,149.13751220703125,149.45310974121094,-0.3155975341796875,105.3983154296875,105.19226837158203,0.20604705810546875,0.2938879728317261,0.2937765121459961,-0.00011146068572998047,0.08960556983947754,0.10025745630264282,0.010651886463165283,0.11852681636810303,0.1423460841178894,0.023819267749786377,0.5919261574745178,0.5886735916137695,0.003252565860748291,0.12689070403575897,0.12689070403575897,155.34576654434204
crack0081_08.png,1.5172009468078613,144.7784423828125,143.58204650878906,1.1963958740234375,104.04620361328125,103.8142318725586,0.23197174072265625,0.28898483514785767,0.29148900508880615,0.0025041699409484863,0.0,0.0,0.0,0.007142007350921631,0.0,-0.007142007350921631,0.5834755897521973,0.5827835202217102,0.0006920695304870605,0.1145155057311058,0.1145155057311058,150.1801779270172
crack0081_09.png,-1.0311314582824707,143.35093688964844,143.03787231445312,0.3130645751953125,105.41071319580078,106.29767608642578,-0.886962890625,0.3195752501487732,0.31239327788352966,-0.00718197226524353,0.05734455585479736,0.045208513736724854,-0.01213604211807251,0.11389213800430298,0.11628419160842896,0.0023920536041259766,0.5890657305717468,0.5873010158538818,0.0017647147178649902,0.13231217861175537,0.13231217861175537,148.01343715190887
crack0082_00.png,1.4218925476074218,124.1606216430664,122.9045181274414,1.256103515625,110.6380386352539,109.70681762695312,0.9312210083007812,0.4276776909828186,0.4285339117050171,0.0008562207221984863,0.3316563367843628,0.3231731653213501,-0.008483171463012695,0.22065019607543945,0.2267369031906128,0.00608670711517334,0.5832218527793884,0.58161860704422,0.001603245735168457,0.15502309799194336,0.15502309799194336,121.20078253746033
crack0082_01.png,0.4982531547546387,122.25447845458984,121.33180236816406,0.9226760864257812,120.2936782836914,121.50691223144531,-1.2132339477539062,0.2938964366912842,0.28919705748558044,-0.004699379205703735,0.3001866936683655,0.3120415210723877,0.011854827404022217,0.13650161027908325,0.13495177030563354,-0.001549839973449707,0.5898615717887878,0.5907958745956421,-0.000934302806854248,0.13221296668052673,0.13221296668052673,128.0731519460678
crack0082_02.png,1.2811256408691407,124.12934875488281,123.99711608886719,0.132232666015625,111.02425384521484,110.52099609375,0.5032577514648438,0.44684433937072754,0.45298144221305847,0.006137102842330933,0.44622349739074707,0.4561973214149475,0.00997382402420044,0.3079454302787781,0.3197171688079834,0.011771738529205322,0.5882852673530579,0.5868435502052307,0.0014417171478271484,0.14177794754505157,0.14177794754505157,120.78398275375366
crack0082_03.png,2.8844654083251955,141.1540985107422,138.94439697265625,2.2097015380859375,114.41133117675781,113.86055755615234,0.5507736206054688,0.39250126481056213,0.3895459473133087,-0.002955317497253418,0.24598175287246704,0.2629730701446533,0.01699131727218628,0.19779306650161743,0.20462912321090698,0.006836056709289551,0.5779046416282654,0.5776239633560181,0.00028067827224731445,0.11471986770629883,0.11471986770629883,139.7926765680313
crack0082_04.png,1.5822802543640138,118.91886901855469,118.44246673583984,0.47640228271484375,115.60231018066406,114.32951354980469,1.272796630859375,0.5033531785011292,0.518718421459198,0.015365242958068848,0.43187689781188965,0.4139777421951294,-0.017899155616760254,0.3522831201553345,0.35593950748443604,0.0036563873291015625,0.5975163578987122,0.5954287052154541,0.0020876526832580566,0.1391661912202835,0.1391661912202835,112.380131483078
crack0082_05.png,0.9677967071533202,150.69061279296875,148.81483459472656,1.8757781982421875,124.60232543945312,124.84889221191406,-0.2465667724609375,0.295676052570343,0.2906481921672821,-0.005027860403060913,0.36521774530410767,0.350352942943573,-0.014864802360534668,0.10483413934707642,0.10186415910720825,-0.002969980239868164,0.5876432061195374,0.5829565525054932,0.0046866536140441895,0.1271766722202301,0.1271766722202301,155.81956040859222
crack0082_06.png,0.9133244514465333,119.77969360351562,119.37073516845703,0.40895843505859375,107.80057525634766,107.18756866455078,0.613006591796875,0.41945594549179077,0.4206535220146179,0.0011975765228271484,0.3809472322463989,0.3878108859062195,0.006863653659820557,0.20386773347854614,0.22965115308761597,0.025783419609069824,0.5817493200302124,0.5845290422439575,-0.002779722213745117,0.1341257095336914,0.1341257095336914,117.78901934623718
crack0082_07.png,2.0221878051757813,128.98536682128906,127.70445251464844,1.280914306640625,116.64539337158203,115.91535186767578,0.73004150390625,0.34527143836021423,0.3454953730106354,0.00022393465042114258,0.33431845903396606,0.3431873917579651,0.008868932723999023,0.2721935510635376,0.2846161723136902,0.012422621250152588,0.5961284041404724,0.5942137837409973,0.0019146203994750977,0.15633755922317505,0.15633755922317505,131.4737595319748
crack0082_08.png,1.789095401763916,125.13092041015625,123.73571014404297,1.3952102661132812,115.35089111328125,115.75654602050781,-0.4056549072265625,0.327921599149704,0.32880130410194397,0.0008797049522399902,0.4130013585090637,0.4259376525878906,0.012936294078826904,0.2300703525543213,0.24970674514770508,0.01963639259338379,0.5932948589324951,0.5940868854522705,-0.0007920265197753906,0.13020670413970947,0.13020670413970947,128.5214947462082
crack0082_09.png,-0.3902175903320313,116.5787353515625,117.22795867919922,-0.6492233276367188,110.96830749511719,111.94032287597656,-0.972015380859375,0.4408808946609497,0.4380314350128174,-0.0028494596481323242,0.3528783917427063,0.36900174617767334,0.01612335443496704,0.2496325969696045,0.2566923499107361,0.007059752941131592,0.588008463382721,0.5822376012802124,0.005770862102508545,0.12393530458211899,0.12393530458211899,114.14179944992065
crack0083_00.png,2.9305896759033203,96.76834869384766,95.9916763305664,0.77667236328125,106.54190063476562,105.84415435791016,0.6977462768554688,0.37075069546699524,0.379763126373291,0.009012430906295776,0.3766745924949646,0.40583932399749756,0.02916473150253296,0.3391922116279602,0.33985263109207153,0.0006604194641113281,0.5851749181747437,0.5854940414428711,-0.0003191232681274414,0.23411314189434052,0.23411314189434052,97.55473244190216
crack0083_01.png,0.6086697578430176,94.29048156738281,94.23260498046875,0.0578765869140625,105.50111389160156,104.57772827148438,0.9233856201171875,0.45344942808151245,0.4428127706050873,-0.010636657476425171,0.37920624017715454,0.4023512005805969,0.023144960403442383,0.3277258276939392,0.32803744077682495,0.0003116130828857422,0.5876662731170654,0.5850019454956055,0.002664327621459961,0.19021782279014587,0.19021782279014587,91.19942796230316
crack0083_02.png,1.313979434967041,100.48799133300781,100.619384765625,-0.1313934326171875,104.53792572021484,104.13380432128906,0.40412139892578125,0.35406580567359924,0.35489386320114136,0.0008280575275421143,0.4396584630012512,0.4718332886695862,0.03217482566833496,0.3605191111564636,0.38631463050842285,0.02579551935195923,0.5858246684074402,0.5875625014305115,-0.001737833023071289,0.20598915219306946,0.20598915219306946,102.81223976612091
crack0083_03.png,-0.6674619674682618,99.4732894897461,100.76429748535156,-1.2910079956054688,107.2314682006836,107.50328826904297,-0.271820068359375,0.3038270175457001,0.30488523840904236,0.0010582208633422852,0.46151530742645264,0.4752489924430847,0.01373368501663208,0.2949026823043823,0.28276628255844116,-0.012136399745941162,0.5921376347541809,0.5896809101104736,0.0024567246437072754,0.15810513496398926,0.15810513496398926,105.57467782497406
crack0083_04.png,-2.288673210144043,96.37907409667969,96.85091400146484,-0.47183990478515625,103.51983642578125,103.48057556152344,0.0392608642578125,0.29259946942329407,0.26495394110679626,-0.027645528316497803,0.3731123208999634,0.3830435872077942,0.00993126630783081,0.24835848808288574,0.20346450805664062,-0.04489398002624512,0.5822914242744446,0.5827450752258301,-0.00045365095138549805,0.15646833181381226,0.15646833181381226,104.02756059169769
crack0083_05.png,4.235645771026611,98.38434600830078,96.45248413085938,1.9318618774414062,110.17950439453125,107.98185729980469,2.1976470947265625,0.32935652136802673,0.3232246935367584,-0.0061318278312683105,0.32540178298950195,0.3698195219039917,0.044417738914489746,0.24384689331054688,0.25211262702941895,0.00826573371887207,0.5882852673530579,0.5848212242126465,0.003464043140411377,0.16565732657909393,0.16565732657909393,101.55634415149689
crack0083_06.png,0.01778888702392578,103.11283111572266,103.30705261230469,-0.19422149658203125,105.20745086669922,104.74800872802734,0.459442138671875,0.3789738118648529,0.3816969096660614,0.002723097801208496,0.4042133688926697,0.398611843585968,-0.00560152530670166,0.2947661280632019,0.2854548692703247,-0.009311258792877197,0.5880276560783386,0.5871664881706238,0.0008611679077148438,0.2267361581325531,0.2267361581325531,103.99261939525604
crack0083_07.png,1.6124886512756347,105.03336334228516,104.05203247070312,0.9813308715820312,108.01016235351562,107.31442260742188,0.69573974609375,0.3558371067047119,0.35455507040023804,-0.001282036304473877,0.42531871795654297,0.4345128536224365,0.009194135665893555,0.3389124870300293,0.33020901679992676,-0.008703470230102539,0.5855247974395752,0.5833333134651184,0.002191483974456787,0.17946366965770721,0.17946366965770721,106.69038558006287
crack0083_08.png,3.2098231315612793,98.23342895507812,97.39807891845703,0.8353500366210938,102.86851501464844,101.87104797363281,0.997467041015625,0.2878285348415375,0.30536383390426636,0.017535299062728882,0.3774455785751343,0.3904549479484558,0.013009369373321533,0.29072105884552,0.3356676697731018,0.04494661092758179,0.5780161619186401,0.576708972454071,0.0013071894645690918,0.18124693632125854,0.18124693632125854,103.66668832302094
crack0083_09.png,-0.8138358116149902,95.29625701904297,94.88458251953125,0.41167449951171875,108.39944458007812,108.20700073242188,0.19244384765625,0.27773424983024597,0.271243691444397,-0.006490558385848999,0.3193885087966919,0.3022565245628357,-0.0171319842338562,0.18384474515914917,0.17364275455474854,-0.010201990604400635,0.5782583355903625,0.5807074308395386,-0.0024490952491760254,0.15730604529380798,0.15730604529380798,102.04409551620483
crack0084_00.png,0.40903615951538086,106.72933197021484,106.40270233154297,0.326629638671875,115.91510772705078,116.62971496582031,-0.7146072387695312,0.37601184844970703,0.375495970249176,-0.0005158782005310059,0.3720976710319519,0.37811416387557983,0.00601649284362793,0.3097025752067566,0.32451581954956055,0.014813244342803955,0.5929757952690125,0.5887542963027954,0.004221498966217041,0.1696181297302246,0.1696181297302246,107.75529074668884
crack0084_01.png,0.790094757080078,113.8719711303711,112.8678207397461,1.004150390625,121.78663635253906,122.99778747558594,-1.211151123046875,0.33311063051223755,0.33901843428611755,0.005907803773880005,0.32045644521713257,0.31387847661972046,-0.006577968597412109,0.339746356010437,0.3435513377189636,0.0038049817085266113,0.5863975286483765,0.5848750472068787,0.0015224814414978027,0.22528910636901855,0.22528910636901855,116.8391592502594
crack0084_02.png,1.3833080291748048,120.11820983886719,120.06868743896484,0.04952239990234375,112.34327697753906,111.33575439453125,1.0075225830078125,0.3313848674297333,0.3439497947692871,0.012564927339553833,0.20579439401626587,0.20818233489990234,0.0023879408836364746,0.21069693565368652,0.22102391719818115,0.010326981544494629,0.582895040512085,0.5871434211730957,-0.004248380661010742,0.1387006938457489,0.1387006938457489,123.69609344005585
crack0084_03.png,5.425904273986816,143.1127166748047,137.82395935058594,5.28875732421875,135.34420776367188,131.460693359375,3.883514404296875,0.23062407970428467,0.2126132845878601,-0.01801079511642456,0.0,0.0,0.0,0.0,0.0,0.0,0.5953248739242554,0.5947097539901733,0.0006151199340820312,0.2013077288866043,0.2013077288866043,151.52453589439392
crack0084_04.png,2.975784969329834,123.56678771972656,120.80371856689453,2.7630691528320312,122.1346206665039,123.24934387207031,-1.1147232055664062,0.26102009415626526,0.26883551478385925,0.007815420627593994,0.0,0.0,0.0,0.05182456970214844,0.06436365842819214,0.012539088726043701,0.5929065942764282,0.5920723080635071,0.0008342862129211426,0.18330229818820953,0.18330229818820953,130.24031126499176
crack0084_05.png,2.377367115020752,110.98204803466797,108.84486389160156,2.1371841430664062,119.69766235351562,120.3828353881836,-0.6851730346679688,0.3591347336769104,0.3651127219200134,0.005977988243103027,0.3389352560043335,0.3425268530845642,0.003591597080230713,0.28497856855392456,0.28548818826675415,0.0005096197128295898,0.5899769067764282,0.5926681756973267,-0.0026912689208984375,0.18928062915802002,0.18928062915802002,112.07209897041321
crack0084_06.png,-0.29478387832641606,110.06038665771484,110.17488098144531,-0.11449432373046875,110.07537841796875,108.84085845947266,1.2345199584960938,0.3128421902656555,0.3151276707649231,0.002285480499267578,0.20700109004974365,0.18325549364089966,-0.023745596408843994,0.21230340003967285,0.20555341243743896,-0.006749987602233887,0.5893617868423462,0.587039589881897,0.0023221969604492188,0.19481316208839417,0.19481316208839417,114.9215738773346
crack0084_07.png,4.4707417488098145,112.29749298095703,111.51776885986328,0.77972412109375,115.6103744506836,115.25617980957031,0.35419464111328125,0.25056102871894836,0.25222620368003845,0.0016651749610900879,0.08174562454223633,0.16307729482650757,0.08133167028427124,0.11705327033996582,0.14131832122802734,0.024265050888061523,0.591199517250061,0.5871280431747437,0.004071474075317383,0.1542603224515915,0.1542603224515915,120.5219498872757
crack0084_08.png,3.817426300048828,116.3979263305664,115.19160461425781,1.2063217163085938,115.9136962890625,114.41976165771484,1.4939346313476562,0.2741157114505768,0.2814970314502716,0.007381319999694824,0.0,0.034099280834198,0.034099280834198,0.0,0.0,0.0,0.5938946604728699,0.5924183130264282,0.0014763474464416504,0.1757432222366333,0.1757432222366333,123.1036092042923
crack0084_09.png,1.4205373764038085,107.84597778320312,106.72949981689453,1.1164779663085938,112.89132690429688,113.31825256347656,-0.4269256591796875,0.2687000632286072,0.2683379352092743,-0.00036212801933288574,0.25056713819503784,0.266368567943573,0.015801429748535156,0.26339077949523926,0.25566285848617554,-0.007727921009063721,0.5872818231582642,0.5904882550239563,-0.0032064318656921387,0.1875666081905365,0.1875666081905365,114.80699288845062
crack0085_00.png,-0.9823058128356934,98.09358215332031,98.82838439941406,-0.73480224609375,101.44564056396484,101.59467315673828,-0.1490325927734375,0.2937031090259552,0.29231372475624084,-0.0013893842697143555,0.0,0.0,0.0,0.0,0.0,0.0,0.5834486484527588,0.5853671431541443,-0.001918494701385498,0.12425938248634338,0.12425938248634338,104.33684551715851
crack0085_01.png,0.5126140594482422,118.95097351074219,117.48986053466797,1.4611129760742188,107.24078369140625,108.12751770019531,-0.8867340087890625,0.3023684620857239,0.2952861487865448,-0.007082313299179077,0.0,0.0,0.0,0.0,0.021025538444519043,0.021025538444519043,0.5803152918815613,0.5809957981109619,-0.0006805062294006348,0.13767839968204498,0.13767839968204498,123.74308001995087
crack0085_02.png,-1.2922568321228027,110.71585083007812,111.61366271972656,-0.8978118896484375,104.41659545898438,104.98262023925781,-0.5660247802734375,0.28442350029945374,0.2797106206417084,-0.004712879657745361,0.0,0.0,0.0,0.0,0.0,0.0,0.5892502665519714,0.5840253829956055,0.005224883556365967,0.12031131982803345,0.12031131982803345,117.9521301984787
crack0085_03.png,-2.564696216583252,87.48934173583984,88.94861602783203,-1.4592742919921875,99.71138000488281,100.19357299804688,-0.4821929931640625,0.3415994942188263,0.32996776700019836,-0.01163172721862793,0.0,0.0,0.0,0.0,0.0,0.0,0.578765869140625,0.5783160328865051,0.00044983625411987305,0.12646670639514923,0.12646670639514923,91.57154762744904
crack0085_04.png,-1.2274508476257324,110.18657684326172,111.14271545410156,-0.9561386108398438,107.9949951171875,107.92686462402344,0.0681304931640625,0.26644355058670044,0.2616638243198395,-0.004779726266860962,0.0,0.0,0.0,0.0,0.0,0.0,0.5881161093711853,0.5860207676887512,0.002095341682434082,0.13680513203144073,0.13680513203144073,118.48946106433868
crack0085_05.png,-0.11878671646118155,122.09442138671875,122.44791412353516,-0.35349273681640625,116.0880126953125,113.8724136352539,2.2155990600585938,0.27235540747642517,0.27536898851394653,0.0030135810375213623,0.13353943824768066,0.1084480881690979,-0.025091350078582764,0.07541793584823608,0.05587869882583618,-0.019539237022399902,0.59393310546875,0.5911572575569153,0.002775847911834717,0.1269611418247223,0.1269611418247223,129.68716752529144
crack0085_06.png,-0.9406110763549804,109.41495513916016,109.86175537109375,-0.44680023193359375,106.79143524169922,106.66250610351562,0.12892913818359375,0.25614333152770996,0.26007577776908875,0.003932446241378784,0.035311996936798096,0.017084360122680664,-0.01822763681411743,0.1082453727722168,0.07971221208572388,-0.02853316068649292,0.580545961856842,0.5838177800178528,-0.003271818161010742,0.12733697891235352,0.12733697891235352,117.62246656417847
crack0085_07.png,-0.1152153968811035,91.37528228759766,91.149169921875,0.22611236572265625,108.18359375,107.77967834472656,0.4039154052734375,0.3502022922039032,0.34478694200515747,-0.0054153501987457275,0.0,0.0,0.0,0.0,0.0,0.0,0.5766397714614868,0.5783814191818237,-0.001741647720336914,0.12995636463165283,0.12995636463165283,93.71026635169983
crack0085_08.png,0.9197787284851073,104.1448974609375,102.38687896728516,1.7580184936523438,103.69529724121094,102.56315612792969,1.13214111328125,0.2905696630477905,0.2739599943161011,-0.016609668731689453,0.0,0.0,0.0,0.0,0.0,0.0,0.5788658261299133,0.5779238939285278,0.000941932201385498,0.12442027032375336,0.12442027032375336,109.9829216003418
crack0085_09.png,-1.110466480255127,112.92796325683594,113.29310607910156,-0.365142822265625,118.06645202636719,117.00505065917969,1.0614013671875,0.29257091879844666,0.2882555425167084,-0.004315376281738281,0.029182255268096924,0.0,-0.029182255268096924,0.004859983921051025,0.0,-0.004859983921051025,0.5965205430984497,0.5879546403884888,0.008565902709960938,0.11754363775253296,0.11754363775253296,119.67602384090424
crack0086_00.png,0.3331260204315185,63.82613754272461,63.24491882324219,0.5812187194824219,115.65873718261719,115.4300765991211,0.22866058349609375,0.13875490427017212,0.13432781398296356,-0.004427090287208557,0.0,0.0,0.0,0.0,0.0,0.0,0.5954171419143677,0.5950518846511841,0.00036525726318359375,0.11596377193927765,0.11596377193927765,79.29254502058029
crack0086_01.png,2.2246418476104735,77.69420623779297,74.47362518310547,3.2205810546875,120.86976623535156,119.83488464355469,1.034881591796875,0.19359275698661804,0.1772070974111557,-0.01638565957546234,0.0,0.0,0.0,0.0,0.0,0.0,0.5969050526618958,0.5993810296058655,-0.0024759769439697266,0.11028584837913513,0.11028584837913513,89.4267310500145
crack0086_02.png,-1.1739239692687988,67.58628845214844,68.43058776855469,-0.84429931640625,125.26986694335938,125.92500305175781,-0.6551361083984375,0.1444600373506546,0.14380572736263275,-0.0006543099880218506,0.0,0.0,0.0,0.0,0.0,0.0,0.5965936183929443,0.59697425365448,-0.00038063526153564453,0.12132826447486877,0.12132826447486877,83.2590646147728
crack0086_03.png,0.5102485418319702,52.09489440917969,52.65908432006836,-0.5641899108886719,120.8509521484375,120.76508331298828,0.08586883544921875,0.11536072939634323,0.12929610908031464,0.013935379683971405,0.0,0.0,0.0,0.0,0.0,0.0,0.5932756662368774,0.5951441526412964,-0.0018684864044189453,0.11812801659107208,0.11812801659107208,69.26111170649529
crack0086_04.png,0.5764930248260498,66.5370864868164,66.05288696289062,0.48419952392578125,121.95054626464844,121.93917846679688,0.0113677978515625,0.12569254636764526,0.12555910646915436,-0.00013343989849090576,0.0,0.0,0.0,0.0,0.0,0.0,0.5958784818649292,0.5934179425239563,0.0024605393409729004,0.1139073371887207,0.1139073371887207,82.59657961130142
crack0086_05.png,-0.8463591575622559,75.10823059082031,75.04259490966797,0.06563568115234375,112.22222900390625,114.17010498046875,-1.9478759765625,0.12745799124240875,0.1255648285150528,-0.001893162727355957,0.0,0.0,0.0,0.0,0.0,0.0,0.594894289970398,0.594429075717926,0.00046521425247192383,0.11843821406364441,0.11843821406364441,91.33729463815689
crack0086_06.png,-2.6106423377990726,53.20854187011719,54.558780670166016,-1.3502388000488281,120.17843627929688,123.3709716796875,-3.192535400390625,0.14945276081562042,0.14831475913524628,-0.0011380016803741455,0.0,0.0,0.0,0.0,0.0,0.0,0.5933448672294617,0.5906535983085632,0.0026912689208984375,0.11391273140907288,0.11391273140907288,68.71857041120529
crack0086_07.png,-0.8436837673187256,53.821720123291016,53.6077995300293,0.21392059326171875,118.16079711914062,119.18476867675781,-1.0239715576171875,0.18139518797397614,0.17299893498420715,-0.008396252989768982,0.0,0.0,0.0,0.0,0.0,0.0,0.5908804535865784,0.5902883410453796,0.0005921125411987305,0.11022907495498657,0.11022907495498657,66.97004187107086
crack0086_08.png,-2.1561620235443115,61.073768615722656,62.45436477661133,-1.3805961608886719,119.36802673339844,120.7402114868164,-1.3721847534179688,0.12605424225330353,0.12299183011054993,-0.003062412142753601,0.0,0.0,0.0,0.0,0.0,0.0,0.5915302038192749,0.591072678565979,0.00045752525329589844,0.11613498628139496,0.11613498628139496,78.04576504230499
crack0086_09.png,-1.8941588401794434,63.59946823120117,63.37289047241211,0.2265777587890625,125.59768676757812,128.12591552734375,-2.528228759765625,0.19144390523433685,0.17547665536403656,-0.015967249870300293,0.0,0.0,0.0,0.0,0.0,0.0,0.5917301177978516,0.5875317454338074,0.0041983723640441895,0.12163390219211578,0.12163390219211578,76.62678474187851
crack0087_00.png,0.6630748748779297,100.58769226074219,100.97977447509766,-0.39208221435546875,111.25755310058594,110.98455810546875,0.2729949951171875,0.20978416502475739,0.21125580370426178,0.0014716386795043945,0.2990986704826355,0.3241949677467346,0.02509629726409912,0.24844205379486084,0.2644892930984497,0.016047239303588867,0.5783583521842957,0.5827489495277405,-0.004390597343444824,0.18019600212574005,0.18019600212574005,111.5066414475441
crack0087_01.png,1.9995709896087646,117.16133117675781,115.98108673095703,1.1802444458007812,118.70101928710938,117.60595703125,1.095062255859375,0.2459753304719925,0.2433502972126007,-0.0026250332593917847,0.18657022714614868,0.20121443271636963,0.014644205570220947,0.15776413679122925,0.17810314893722534,0.020339012145996094,0.5844482779502869,0.5843098759651184,0.00013840198516845703,0.20457562804222107,0.20457562804222107,125.34812223911285
crack0087_02.png,1.2576037406921388,100.49260711669922,99.71088409423828,0.7817230224609375,111.91590881347656,112.04081726074219,-0.124908447265625,0.1693347841501236,0.16734223067760468,-0.001992553472518921,0.21855896711349487,0.23650139570236206,0.017942428588867188,0.08953481912612915,0.11501234769821167,0.02547752857208252,0.5801883935928345,0.5809996128082275,-0.0008112192153930664,0.15970993041992188,0.15970993041992188,113.30119627714157
crack0087_03.png,2.408134651184082,121.04114532470703,119.43531799316406,1.6058273315429688,124.16924285888672,123.35128784179688,0.8179550170898438,0.239065483212471,0.2376352995634079,-0.0014301836490631104,0.19230151176452637,0.20579051971435547,0.013489007949829102,0.12143152952194214,0.1407846212387085,0.019353091716766357,0.5967627763748169,0.5955132842063904,0.0012494921684265137,0.18509790301322937,0.18509790301322937,129.85062474012375
crack0087_04.png,-0.5128190517425537,100.85511016845703,101.2552719116211,-0.4001617431640625,108.39375305175781,108.47142028808594,-0.077667236328125,0.2051188200712204,0.20584511756896973,0.0007262974977493286,0.36420345306396484,0.36183756589889526,-0.00236588716506958,0.2176656723022461,0.237507164478302,0.019841492176055908,0.5826336145401001,0.5837600827217102,-0.0011264681816101074,0.17583203315734863,0.17583203315734863,112.09846514463425
crack0087_05.png,2.3396263122558594,106.35933685302734,105.24295806884766,1.1163787841796875,104.4387435913086,104.68505859375,-0.24631500244140625,0.17719373106956482,0.18497765064239502,0.0077839195728302,0.09853249788284302,0.11591672897338867,0.017384231090545654,0.0,0.0,0.0,0.5827720165252686,0.5826797485351562,9.226799011230469e-05,0.1729455590248108,0.1729455590248108,118.48040425777435
crack0087_06.png,2.208753538131714,99.00149536132812,98.25613403320312,0.745361328125,107.27330780029297,107.50691223144531,-0.23360443115234375,0.22144803404808044,0.2294231802225113,0.007975146174430847,0.11184912919998169,0.13372009992599487,0.021870970726013184,0.005550801753997803,0.02592700719833374,0.020376205444335938,0.5923990607261658,0.5912994742393494,0.0010995864868164062,0.2013632357120514,0.2013632357120514,109.03789508342743
crack0087_07.png,-0.1943070888519287,102.14139556884766,102.69892883300781,-0.5575332641601562,111.05400085449219,111.67564392089844,-0.62164306640625,0.2023923099040985,0.2024049013853073,1.259148120880127e-05,0.19280850887298584,0.20738071203231812,0.014572203159332275,0.04905259609222412,0.05425149202346802,0.0051988959312438965,0.587543249130249,0.5868435502052307,0.0006996989250183105,0.17602619528770447,0.17602619528770447,113.77835357189178
crack0087_08.png,-1.188198709487915,93.32352447509766,93.92325592041016,-0.5997314453125,115.62445068359375,116.0101318359375,-0.38568115234375,0.19092042744159698,0.18456068634986877,-0.0063597410917282104,0.0,0.0,0.0,0.0,0.0,0.0,0.5848711729049683,0.5830065608024597,0.001864612102508545,0.18157833814620972,0.18157833814620972,105.94459593296051
crack0087_09.png,0.8867406845092773,98.40837097167969,98.5479507446289,-0.13957977294921875,108.89645385742188,108.90579986572266,-0.00934600830078125,0.22578993439674377,0.22530591487884521,-0.00048401951789855957,0.2453736662864685,0.2727774977684021,0.027403831481933594,0.10172933340072632,0.1498093605041504,0.04808002710342407,0.5814110040664673,0.5820953249931335,-0.0006843209266662598,0.16820946335792542,0.16820946335792542,108.24361896514893
crack0088_00.png,-0.5320213317871094,138.455322265625,139.63731384277344,-1.1819915771484375,109.31871795654297,108.68394470214844,0.6347732543945312,0.16752472519874573,0.16632089018821716,-0.0012038350105285645,0.30849653482437134,0.32107096910476685,0.012574434280395508,0.3724184036254883,0.3678550720214844,-0.004563331604003906,0.5806766748428345,0.580941915512085,-0.0002652406692504883,0.11789846420288086,0.11789846420288086,152.3047412633896
crack0088_01.png,1.2281917333602905,171.53414916992188,171.15237426757812,0.38177490234375,114.84379577636719,114.4175796508789,0.42621612548828125,0.10959723591804504,0.10533275455236435,-0.004264481365680695,0.15224212408065796,0.1739668846130371,0.02172476053237915,0.2616158723831177,0.2682115435600281,0.0065956711769104,0.5852787494659424,0.5815762877464294,0.0037024617195129395,0.11391052603721619,0.11391052603721619,188.43444642424583
crack0088_02.png,1.3567121267318725,157.4614715576172,157.1485137939453,0.312957763671875,116.49173736572266,115.7694091796875,0.7223281860351562,0.10850840061903,0.1111631840467453,0.0026547834277153015,0.24309206008911133,0.25776028633117676,0.01466822624206543,0.2695351243019104,0.2856411337852478,0.016106009483337402,0.5824106335639954,0.583517849445343,-0.0011072158813476562,0.10531267523765564,0.10531267523765564,174.13520261645317
crack0088_03.png,-0.6440031051635742,143.8231964111328,144.3895263671875,-0.5663299560546875,104.8384017944336,104.23046112060547,0.607940673828125,0.15364806354045868,0.15403293073177338,0.00038486719131469727,0.2608776092529297,0.24939924478530884,-0.01147836446762085,0.31884437799453735,0.31380313634872437,-0.005041241645812988,0.5782352685928345,0.5755478739738464,0.002687394618988037,0.11034442484378815,0.11034442484378815,158.01688832044601
crack0088_04.png,1.0248187065124512,160.947509765625,160.7423858642578,0.2051239013671875,116.37893676757812,115.79670715332031,0.5822296142578125,0.13965272903442383,0.14073282480239868,0.0010800957679748535,0.27839452028274536,0.2946144938468933,0.01621997356414795,0.3280983567237854,0.3350352644920349,0.006936907768249512,0.5798577666282654,0.5835678577423096,-0.0037100911140441895,0.10762590169906616,0.10762590169906616,175.80849838256836
crack0088_05.png,0.6393014907836914,143.01766967773438,143.44581604003906,-0.4281463623046875,109.22262573242188,108.76840209960938,0.4542236328125,0.2122298926115036,0.21482129395008087,0.0025914013385772705,0.25422316789627075,0.27117663621902466,0.016953468322753906,0.22471702098846436,0.2238095998764038,-0.0009074211120605469,0.5799615383148193,0.5799538493156433,7.68899917602539e-06,0.13739588856697083,0.13739588856697083,153.69641083478928
crack0088_06.png,-0.06322989463806153,150.97764587402344,150.96058654785156,0.017059326171875,110.95071411132812,110.58990478515625,0.360809326171875,0.13711783289909363,0.1364264339208603,-0.0006913989782333374,0.2488558292388916,0.2444387674331665,-0.004417061805725098,0.3161579966545105,0.3201289772987366,0.003970980644226074,0.5752748847007751,0.5750903487205505,0.00018453598022460938,0.12008249759674072,0.12008249759674072,165.7945255637169
crack0088_07.png,-2.333440637588501,145.02407836914062,147.1992645263672,-2.1751861572265625,109.15604400634766,109.18795776367188,-0.03191375732421875,0.14843831956386566,0.14613142609596252,-0.002306893467903137,0.27540940046310425,0.2750980257987976,-0.0003113746643066406,0.31767743825912476,0.31957298517227173,0.0018955469131469727,0.5804575085639954,0.5791695713996887,0.0012879371643066406,0.11201305687427521,0.11201305687427521,160.56208622455597
crack0088_08.png,1.4846727132797242,152.6066131591797,152.29119873046875,0.3154144287109375,116.51296997070312,116.49371337890625,0.019256591796875,0.11823311448097229,0.11597641557455063,-0.0022566989064216614,0.20750820636749268,0.24240612983703613,0.03489792346954346,0.21876633167266846,0.2638760209083557,0.045109689235687256,0.5849980711936951,0.5863437056541443,-0.0013456344604492188,0.11023105680942535,0.11023105680942535,168.94406923651695
crack0088_09.png,-0.7207831859588623,134.1392059326172,134.50289916992188,-0.3636932373046875,107.1347885131836,106.99151611328125,0.14327239990234375,0.16941086947917938,0.17426526546478271,0.0048543959856033325,0.26517027616500854,0.24252170324325562,-0.02264857292175293,0.30933016538619995,0.2996668815612793,-0.009663283824920654,0.5795155763626099,0.5769357681274414,0.002579808235168457,0.13831950724124908,0.13831950724124908,147.33702343702316
crack0089_00.png,-1.9796522140502928,131.7617950439453,134.7508087158203,-2.989013671875,104.39774322509766,103.8431167602539,0.55462646484375,0.13521797955036163,0.14470581710338593,0.009487837553024292,0.08411556482315063,0.08427786827087402,0.00016230344772338867,0.15802574157714844,0.16306638717651367,0.005040645599365234,0.5797923803329468,0.5792425870895386,0.0005497932434082031,0.11920902132987976,0.11920902132987976,148.33491832017899
crack0089_01.png,-1.8681070804595947,122.16818237304688,124.11734008789062,-1.94915771484375,104.81079864501953,104.86271667480469,-0.05191802978515625,0.1642078310251236,0.1665147840976715,0.0023069530725479126,0.0,0.0,0.0,0.11838686466217041,0.08826154470443726,-0.030125319957733154,0.5849058032035828,0.5869742631912231,-0.002068459987640381,0.12101596593856812,0.12101596593856812,136.76926189661026
crack0089_02.png,-1.6650214910507202,144.37925720214844,144.71044921875,-0.3311920166015625,115.14837646484375,114.32189178466797,0.8264846801757812,0.13499724864959717,0.11906827241182327,-0.015928976237773895,0.16095387935638428,0.15342730283737183,-0.007526576519012451,0.1727427840232849,0.17096835374832153,-0.001774430274963379,0.5940138697624207,0.5962399244308472,-0.0022260546684265137,0.11233345419168472,0.11233345419168472,161.2503538429737
crack0089_03.png,-0.3196631431579591,143.5502471923828,141.77142333984375,1.7788238525390625,108.02339172363281,109.32464599609375,-1.3012542724609375,0.12755103409290314,0.13320152461528778,0.0056504905223846436,0.050946712493896484,0.0,-0.050946712493896484,0.12245011329650879,0.05201613903045654,-0.07043397426605225,0.5966513156890869,0.5964552164077759,0.00019609928131103516,0.11471669375896454,0.11471669375896454,158.87382584810257
crack0089_04.png,-1.0980124950408936,132.979248046875,133.064208984375,-0.0849609375,107.67597198486328,107.91575622558594,-0.23978424072265625,0.20514695346355438,0.19650328159332275,-0.008643671870231628,0.06257092952728271,0.05791407823562622,-0.004656851291656494,0.21520274877548218,0.19518768787384033,-0.020015060901641846,0.5963860154151917,0.5973702669143677,-0.0009842514991760254,0.14257200062274933,0.14257200062274933,145.12634229660034
crack0089_05.png,-0.9541350841522216,128.44090270996094,128.75869750976562,-0.3177947998046875,107.28793334960938,107.80239868164062,-0.51446533203125,0.17675073444843292,0.18047484755516052,0.0037241131067276,0.16332650184631348,0.1418502926826477,-0.02147620916366577,0.2087029218673706,0.18790340423583984,-0.02079951763153076,0.596201479434967,0.5929373502731323,0.003264129161834717,0.13272181153297424,0.13272181153297424,141.842815220356
crack0089_06.png,-0.2226027250289917,141.6583709716797,140.5734100341797,1.0849609375,108.1378173828125,109.1884994506836,-1.0506820678710938,0.12370353192090988,0.12289294600486755,-0.0008105859160423279,0.14358597993850708,0.12099874019622803,-0.022587239742279053,0.1558942198753357,0.11788976192474365,-0.03800445795059204,0.5957900881767273,0.5937639474868774,0.0020261406898498535,0.11704903095960617,0.11704903095960617,157.57391726970673
crack0089_07.png,-0.23757534027099614,123.68230438232422,124.39714813232422,-0.71484375,104.32534790039062,104.3747787475586,-0.04943084716796875,0.14083044230937958,0.15009833872318268,0.0092678964138031,0.009331583976745605,0.0,-0.009331583976745605,0.12045592069625854,0.08178693056106567,-0.03866899013519287,0.5831257104873657,0.5799039006233215,0.0032218098640441895,0.11497150361537933,0.11497150361537933,138.91492813825607
crack0089_08.png,-0.27681679725646974,138.9616241455078,138.26461791992188,0.6970062255859375,111.24822998046875,111.97314453125,-0.72491455078125,0.17165496945381165,0.17134420573711395,-0.00031076371669769287,0.21438467502593994,0.19651412963867188,-0.017870545387268066,0.22630459070205688,0.2186715006828308,-0.007633090019226074,0.5950480699539185,0.5936524271965027,0.0013956427574157715,0.11780021339654922,0.11780021339654922,152.13439148664474
crack0089_09.png,-1.1891759395599366,136.72604370117188,136.37486267089844,0.3511810302734375,111.63836669921875,111.38253784179688,0.255828857421875,0.17222538590431213,0.16919119656085968,-0.0030341893434524536,0.12424927949905396,0.0869436264038086,-0.03730565309524536,0.1325262188911438,0.11025744676589966,-0.02226877212524414,0.5878700613975525,0.5855632424354553,0.002306818962097168,0.13972154259681702,0.13972154259681702,149.91378384828568
crack0090_00.png,0.7868536949157715,106.38697814941406,106.14635467529297,0.24062347412109375,105.59182739257812,105.30265808105469,0.2891693115234375,0.3169429302215576,0.3180707097053528,0.001127779483795166,0.40282320976257324,0.411800742149353,0.008977532386779785,0.3106820583343506,0.32590174674987793,0.015219688415527344,0.5871664881706238,0.5876355171203613,-0.00046902894973754883,0.21015268564224243,0.21015268564224243,110.75551128387451
crack0090_01.png,0.5059407234191895,111.59526824951172,111.30952453613281,0.28574371337890625,108.87596130371094,107.77203369140625,1.1039276123046875,0.26517412066459656,0.26104801893234253,-0.004126101732254028,0.2756214141845703,0.2775818705558777,0.001960456371307373,0.20732450485229492,0.22417187690734863,0.01684737205505371,0.5910496115684509,0.59029221534729,0.0007573962211608887,0.1999601125717163,0.1999601125717163,119.43149971961975
crack0090_02.png,2.4216622352600097,102.79377746582031,101.78528594970703,1.0084915161132812,108.2857437133789,106.99472045898438,1.2910232543945312,0.2690563201904297,0.26299577951431274,-0.006060540676116943,0.4456924796104431,0.4763994812965393,0.03070700168609619,0.2871142029762268,0.30521535873413086,0.018101155757904053,0.5811995267868042,0.5773664116859436,0.0038331151008605957,0.14174342155456543,0.14174342155456543,109.75776600837708
crack0090_03.png,1.2143006801605225,105.32605743408203,104.12822723388672,1.1978302001953125,108.95455932617188,107.88111114501953,1.0734481811523438,0.2338438630104065,0.21686778962612152,-0.016976073384284973,0.45154625177383423,0.4678323268890381,0.016286075115203857,0.31732016801834106,0.31808966398239136,0.000769495964050293,0.5920761227607727,0.5847327709197998,0.0073433518409729,0.15598589181900024,0.15598589181900024,115.39811986684799
crack0090_04.png,0.5247837066650392,103.59719848632812,102.73128509521484,0.8659133911132812,104.61431884765625,103.72604370117188,0.888275146484375,0.2766466438770294,0.2723769545555115,-0.004269689321517944,0.39506763219833374,0.3884451389312744,-0.006622493267059326,0.34351158142089844,0.3408510684967041,-0.002660512924194336,0.5850634574890137,0.5873125791549683,-0.00224912166595459,0.1893046796321869,0.1893046796321869,110.31412768363953
crack0090_05.png,-1.3163113594055176,109.38701629638672,109.58553314208984,-0.198516845703125,109.61772918701172,109.60609436035156,0.01163482666015625,0.3336120545864105,0.3209255039691925,-0.012686550617218018,0.47058165073394775,0.47079628705978394,0.00021463632583618164,0.38574618101119995,0.3872103691101074,0.0014641880989074707,0.5923836827278137,0.5952864289283752,-0.0029027462005615234,0.2315509170293808,0.2315509170293808,114.04220163822174
crack0090_06.png,-7.429817581176758,113.059814453125,116.55557250976562,-3.495758056640625,110.78939819335938,113.28571319580078,-2.4963150024414062,0.26013797521591187,0.2470451295375824,-0.013092845678329468,0.3451290726661682,0.29191339015960693,-0.05321568250656128,0.2556806206703186,0.23460286855697632,-0.021077752113342285,0.5972241163253784,0.5912110805511475,0.006013035774230957,0.19032958149909973,0.19032958149909973,123.8739503622055
crack0090_07.png,1.898078727722168,110.6257553100586,109.5687026977539,1.0570526123046875,107.9981918334961,107.3232650756836,0.6749267578125,0.24016788601875305,0.24394530057907104,0.003777414560317993,0.49500781297683716,0.5019254684448242,0.0069176554679870605,0.3420117497444153,0.36665403842926025,0.02464228868484497,0.5909380912780762,0.5911341905593872,-0.00019609928131103516,0.1833900809288025,0.1833900809288025,119.33252346515656
crack0090_08.png,3.826847505569458,115.60189056396484,114.44365692138672,1.158233642578125,112.24935913085938,112.18202209472656,0.0673370361328125,0.18900524079799652,0.22069323062896729,0.031687989830970764,0.4790962338447571,0.48124706745147705,0.0021508336067199707,0.2749205231666565,0.3054068088531494,0.03048628568649292,0.5851287841796875,0.5846136212348938,0.0005151629447937012,0.18007920682430267,0.18007920682430267,127.08761066198349
crack0090_09.png,0.20673470497131352,111.6292495727539,110.71739959716797,0.9118499755859375,110.4561767578125,109.77583312988281,0.6803436279296875,0.23944702744483948,0.23634399473667145,-0.00310303270816803,0.44995176792144775,0.43133050203323364,-0.01862126588821411,0.37709665298461914,0.3622140884399414,-0.014882564544677734,0.5967897176742554,0.5963937044143677,0.0003960132598876953,0.16067180037498474,0.16067180037498474,120.86427360773087
crack0091_00.png,-2.4847601413726808,97.43379211425781,99.58975982666016,-2.1559677124023438,110.85861206054688,109.49575805664062,1.36285400390625,0.17519614100456238,0.1643296331167221,-0.010866507887840271,0.0,0.0,0.0,0.0,0.0,0.0,0.5888466238975525,0.5889619588851929,-0.00011533498764038086,0.1312180757522583,0.1312180757522583,112.21047633886337
crack0091_01.png,2.1085750102996825,117.01660919189453,116.06391906738281,0.9526901245117188,117.66651153564453,115.881103515625,1.7854080200195312,0.19591183960437775,0.2005356252193451,0.004623785614967346,0.0,0.0,0.0,0.007983624935150146,0.010170519351959229,0.002186894416809082,0.5988389253616333,0.5970434546470642,0.0017954707145690918,0.13888120651245117,0.13888120651245117,128.73911076784134
crack0091_02.png,-4.256494808197021,85.61837005615234,89.73979949951172,-4.121429443359375,106.80332946777344,106.10664367675781,0.696685791015625,0.19398297369480133,0.18808706104755402,-0.0058959126472473145,0.0,0.002528667449951172,0.002528667449951172,0.011497914791107178,0.08442485332489014,0.07292693853378296,0.5861130356788635,0.5871933698654175,-0.001080334186553955,0.13081780076026917,0.13081780076026917,99.88159590959549
crack0091_03.png,-2.2105377197265623,93.41416931152344,95.9814453125,-2.5672760009765625,108.90437316894531,108.5498275756836,0.35454559326171875,0.17833468317985535,0.1774110496044159,-0.0009236335754394531,0.0,0.0,0.0,0.0,0.0,0.0,0.5917569994926453,0.5845367312431335,0.007220268249511719,0.12887492775917053,0.12887492775917053,107.72342431545258
crack0091_04.png,-4.410651063919067,85.06489562988281,88.97747039794922,-3.9125747680664062,110.12935638427734,110.39373779296875,-0.26438140869140625,0.13754141330718994,0.1318453699350357,-0.005696043372154236,0.0,0.0,0.0,0.0,0.0,0.0,0.5935140252113342,0.5919300317764282,0.0015839934349060059,0.10681045800447464,0.10681045800447464,102.85102182626724
crack0091_05.png,-1.756819486618042,77.53727722167969,80.48008728027344,-2.94281005859375,108.6400375366211,108.23224639892578,0.4077911376953125,0.19344696402549744,0.19407473504543304,0.0006277710199356079,0.20644980669021606,0.23075073957443237,0.02430093288421631,0.22451633214950562,0.23324334621429443,0.008727014064788818,0.5897462368011475,0.5897308588027954,1.537799835205078e-05,0.13502013683319092,0.13502013683319092,90.99171388149261
crack0091_06.png,-0.840717077255249,94.52352142333984,95.63330841064453,-1.1097869873046875,112.03903198242188,112.38067626953125,-0.341644287109375,0.14993122220039368,0.1534380465745926,0.0035068243741989136,0.0,0.0,0.0,0.0,0.0,0.0,0.5978469848632812,0.5947174429893494,0.0031295418739318848,0.11342005431652069,0.11342005431652069,109.99642097949982
crack0091_07.png,-4.245715618133545,98.88158416748047,102.16809844970703,-3.2865142822265625,112.18965911865234,112.38031768798828,-0.1906585693359375,0.15923912823200226,0.14654342830181122,-0.01269569993019104,0.0,0.0,0.0,0.0,0.017224252223968506,0.017224252223968506,0.5988119840621948,0.5954940319061279,0.0033179521560668945,0.12179209291934967,0.12179209291934967,115.68471497297287
crack0091_08.png,-1.5438610315322876,97.34974670410156,98.76013946533203,-1.4103927612304688,109.52530670166016,109.42864227294922,0.0966644287109375,0.12027685344219208,0.11583025008440018,-0.004446603357791901,0.0,0.0073503851890563965,0.0073503851890563965,0.0,0.02097797393798828,0.02097797393798828,0.590695858001709,0.5934563875198364,-0.0027605295181274414,0.1147662028670311,0.1147662028670311,114.84338358044624
crack0091_09.png,0.6505961894989014,101.54723358154297,102.22665405273438,-0.6794204711914062,118.17170715332031,116.50381469726562,1.6678924560546875,0.13601438701152802,0.13324576616287231,-0.0027686208486557007,0.24262577295303345,0.261485755443573,0.01885998249053955,0.24293285608291626,0.2686222791671753,0.025689423084259033,0.5988850593566895,0.5956363081932068,0.003248751163482666,0.12350823730230331,0.12350823730230331,117.84760022163391
crack0092_00.png,1.2787724494934083,153.5192413330078,152.4619598388672,1.057281494140625,110.31746673583984,109.31387329101562,1.0035934448242188,0.1306641697883606,0.1264021396636963,-0.004262030124664307,0.0,0.0,0.0,0.0,0.0,0.0,0.5858592987060547,0.5818338990211487,0.004025399684906006,0.0933719202876091,0.0933719202876091,168.8408441543579
crack0092_01.png,-1.766840887069702,133.5850372314453,134.1134796142578,-0.5284423828125,114.43873596191406,114.73335266113281,-0.29461669921875,0.16973140835762024,0.15657801926136017,-0.01315338909626007,0.0,0.0,0.0,0.12868964672088623,0.11738163232803345,-0.011308014392852783,0.5766128301620483,0.5783198475837708,-0.0017070174217224121,0.10524682700634003,0.10524682700634003,147.58737117052078
crack0092_02.png,0.25767030715942385,111.22343444824219,111.5679931640625,-0.3445587158203125,105.9534683227539,105.24185943603516,0.71160888671875,0.18456818163394928,0.18824024498462677,0.0036720633506774902,0.19565284252166748,0.19262665510177612,-0.0030261874198913574,0.20727956295013428,0.20267170667648315,-0.004607856273651123,0.5821530222892761,0.5785313248634338,0.003621697425842285,0.11939679831266403,0.11939679831266403,123.60774379968643
crack0092_03.png,-0.9183729648590089,133.11410522460938,133.3602752685547,-0.2461700439453125,109.82242584228516,110.63536071777344,-0.8129348754882812,0.21348576247692108,0.2030256986618042,-0.010460063815116882,0.01257401704788208,0.025944888591766357,0.013370871543884277,0.15619397163391113,0.14930647611618042,-0.006887495517730713,0.5739715695381165,0.5750980377197266,-0.0011264681816101074,0.10061173141002655,0.10061173141002655,144.05956983566284
crack0092_04.png,3.7553939819335938,138.00390625,136.56947326660156,1.4344329833984375,107.17980194091797,105.47066497802734,1.709136962890625,0.16067911684513092,0.16399948298931122,0.003320366144180298,0.06967580318450928,0.10042679309844971,0.03075098991394043,0.1720094084739685,0.1964709758758545,0.024461567401885986,0.5881237983703613,0.5845828652381897,0.003540933132171631,0.10241815447807312,0.10241815447807312,151.17089468240738
crack0092_05.png,-0.09434890747070312,132.36398315429688,131.81239318847656,0.5515899658203125,110.00653839111328,110.55703735351562,-0.5504989624023438,0.1911713033914566,0.17855112254619598,-0.01262018084526062,0.051110029220581055,0.060866475105285645,0.00975644588470459,0.10914599895477295,0.12529045343399048,0.01614445447921753,0.5833525657653809,0.5785121321678162,0.004840433597564697,0.10477468371391296,0.10477468371391296,144.7092234492302
crack0092_06.png,-0.5469478607177735,132.33450317382812,132.5450439453125,-0.210540771484375,108.67098999023438,108.257568359375,0.413421630859375,0.16667383909225464,0.15774112939834595,-0.008932709693908691,0.0,0.0,0.0,0.0,0.0,0.0,0.5863898396492004,0.5810688138008118,0.005321025848388672,0.10373780131340027,0.10373780131340027,146.43089938163757
crack0092_07.png,-0.60762939453125,136.22543334960938,136.43991088867188,-0.2144775390625,108.0952377319336,107.8051528930664,0.2900848388671875,0.1560744196176529,0.14894835650920868,-0.007126063108444214,0.0,0.0,0.0,0.0,0.0,0.0,0.5834217667579651,0.5818992853164673,0.0015224814414978027,0.09909775853157043,0.09909775853157043,150.7326413989067
crack0092_08.png,-0.656480073928833,132.3707275390625,133.09246826171875,-0.72174072265625,107.71160888671875,106.45821380615234,1.2533950805664062,0.160183846950531,0.15215475857257843,-0.008029088377952576,0.0,0.0,0.0,0.0,0.011931121349334717,0.011931121349334717,0.5862091779708862,0.5810534358024597,0.005155742168426514,0.09907229244709015,0.09907229244709015,147.05067950487137
crack0092_09.png,0.9530099868774414,143.0545196533203,142.4842071533203,0.5703125,110.16378784179688,110.58983612060547,-0.42604827880859375,0.15007460117340088,0.1438119113445282,-0.006262689828872681,0.1092609167098999,0.1326538324356079,0.023392915725708008,0.10734003782272339,0.1537044644355774,0.046364426612854004,0.5886889696121216,0.5857285857200623,0.002960383892059326,0.12372035533189774,0.12372035533189774,157.68820750713348
crack0093_00.png,0.18094234466552733,140.9347381591797,140.25711059570312,0.6776275634765625,110.22782897949219,111.39814758300781,-1.170318603515625,0.2065732479095459,0.2078079879283905,0.0012347400188446045,0.0,0.0,0.0,0.0,0.0,0.0,0.5911303162574768,0.5943137407302856,-0.003183424472808838,0.11361034214496613,0.11361034214496613,151.97407913208008
crack0093_01.png,1.6584814071655274,112.7498550415039,112.12677764892578,0.623077392578125,115.17866516113281,113.92352294921875,1.2551422119140625,0.2769920229911804,0.2825900614261627,0.0055980384349823,0.0,0.0,0.0,0.0014908909797668457,0.0,-0.0014908909797668457,0.5930026769638062,0.5908650755882263,0.002137601375579834,0.138947993516922,0.138947993516922,119.53890204429626
crack0093_02.png,1.0784555912017821,132.83692932128906,131.8964080810547,0.940521240234375,112.08136749267578,112.57737731933594,-0.49600982666015625,0.23854081332683563,0.24212026596069336,0.003579452633857727,0.0,0.0,0.0,0.0,0.0,0.0,0.5947481989860535,0.5934986472129822,0.001249551773071289,0.1110212653875351,0.1110212653875351,141.84414786100388
crack0093_03.png,2.795081090927124,122.79539489746094,120.76431274414062,2.0310821533203125,109.0340805053711,108.66065216064453,0.3734283447265625,0.20627646148204803,0.21448025107383728,0.008203789591789246,0.0,0.0,0.0,0.0,0.0,0.0,0.5884275436401367,0.5894694328308105,-0.0010418891906738281,0.11460284888744354,0.11460284888744354,132.98204344511032
crack0093_04.png,-0.24650483131408696,126.0994873046875,125.76559448242188,0.333892822265625,107.62733459472656,108.7108154296875,-1.0834808349609375,0.2476624697446823,0.2463400959968567,-0.0013223737478256226,0.0,0.0,0.0,0.0,0.0,0.0,0.5925797820091248,0.5936101675033569,-0.0010303854942321777,0.122516930103302,0.122516930103302,134.89654183387756
crack0093_05.png,2.0698015689849854,142.5101318359375,140.28099060058594,2.2291412353515625,104.7491455078125,104.96414184570312,-0.214996337890625,0.19008180499076843,0.18830575048923492,-0.0017760545015335083,0.0,0.0,0.0,0.0,0.0,0.0,0.5820607542991638,0.580342173576355,0.0017185807228088379,0.10291575640439987,0.10291575640439987,153.37964636087418
crack0093_06.png,1.7669894218444824,130.09193420410156,129.1893768310547,0.902557373046875,111.11918640136719,110.73553466796875,0.3836517333984375,0.25261586904525757,0.2600747048854828,0.00745883584022522,0.0,0.0,0.0,0.0,0.0,0.0,0.5961553454399109,0.5932987332344055,0.002856612205505371,0.11470794677734375,0.11470794677734375,138.3299171924591
crack0093_07.png,2.030233144760132,121.1941909790039,119.69904327392578,1.495147705078125,107.21417236328125,107.46369171142578,-0.24951934814453125,0.21519093215465546,0.2227945327758789,0.00760360062122345,0.0,0.0,0.0,0.0,0.0,0.0,0.5837908387184143,0.5831257104873657,0.000665128231048584,0.124961718916893,0.124961718916893,130.8867947459221
crack0093_08.png,2.021528196334839,127.16883850097656,124.83935546875,2.3294830322265625,108.4669418334961,108.70672607421875,-0.23978424072265625,0.23819682002067566,0.23245905339717865,-0.005737766623497009,0.0,0.0,0.0,0.0052759647369384766,0.007440686225891113,0.0021647214889526367,0.5898308157920837,0.5836563110351562,0.00617450475692749,0.11936266720294952,0.11936266720294952,135.6497864127159
crack0093_09.png,0.6868254184722901,122.39409637451172,121.59423828125,0.7998580932617188,109.21063232421875,108.95755004882812,0.253082275390625,0.23823648691177368,0.23637710511684418,-0.0018593817949295044,0.0,0.0,0.0,0.06842148303985596,0.0786585807800293,0.01023709774017334,0.5917493104934692,0.5933871865272522,-0.001637876033782959,0.12556594610214233,0.12556594610214233,131.5470284819603
crack0094_00.png,0.7804661750793457,107.3945541381836,107.5624008178711,-0.1678466796875,102.08518981933594,101.9771728515625,0.1080169677734375,0.33500880002975464,0.33359774947166443,-0.00141105055809021,0.007571399211883545,0.028549790382385254,0.02097839117050171,0.06440937519073486,0.08041727542877197,0.01600790023803711,0.5858861804008484,0.5814148187637329,0.0044713616371154785,0.24298977851867676,0.24298977851867676,110.89805972576141
crack0094_01.png,-0.4431009292602539,105.34174346923828,105.95193481445312,-0.6101913452148438,104.88731384277344,104.73731994628906,0.149993896484375,0.3416014015674591,0.3292444050312042,-0.012356996536254883,0.040629446506500244,0.06660974025726318,0.02598029375076294,0.02461773157119751,0.031970322132110596,0.007352590560913086,0.5812187790870667,0.5798077583312988,0.0014110207557678223,0.2201891988515854,0.2201891988515854,109.14092600345612
crack0094_02.png,-0.3768986701965332,99.72195434570312,99.40604400634766,0.31591033935546875,100.8653564453125,100.77111053466797,0.09424591064453125,0.3329851031303406,0.3237326443195343,-0.009252458810806274,0.0,0.0,0.0,0.0,0.0,0.0,0.5845290422439575,0.5842868089675903,0.0002422332763671875,0.23150649666786194,0.23150649666786194,103.52120220661163
crack0094_03.png,2.1010074615478516,98.8966064453125,98.96939849853516,-0.07279205322265625,108.05696105957031,107.98966979980469,0.067291259765625,0.3034278452396393,0.3140942454338074,0.01066640019416809,0.069183349609375,0.10184943675994873,0.03266608715057373,0.034840941429138184,0.10571962594985962,0.07087868452072144,0.5874009728431702,0.5877277851104736,-0.0003268122673034668,0.20158261060714722,0.20158261060714722,104.23644316196442
crack0094_04.png,2.889580821990967,102.44935607910156,101.80740356445312,0.6419525146484375,107.52218627929688,106.8218994140625,0.700286865234375,0.3047860562801361,0.29571595788002014,-0.009070098400115967,0.0026000142097473145,0.06817483901977539,0.06557482481002808,0.019246995449066162,0.09737777709960938,0.07813078165054321,0.5844521522521973,0.5826989412307739,0.0017532110214233398,0.2127951979637146,0.2127951979637146,107.76350843906403
crack0094_05.png,0.02533311843872066,99.49861907958984,99.37052154541016,0.1280975341796875,103.66166687011719,103.5810546875,0.0806121826171875,0.32802844047546387,0.3168291747570038,-0.011199265718460083,0.04113900661468506,0.05794781446456909,0.016808807849884033,0.04795569181442261,0.035994112491607666,-0.011961579322814941,0.5818954110145569,0.5796809196472168,0.002214491367340088,0.217094287276268,0.217094287276268,103.70063626766205
crack0094_06.png,2.4919408798217773,103.03978729248047,102.70547485351562,0.33431243896484375,106.27517700195312,105.85264587402344,0.4225311279296875,0.3126665949821472,0.31996041536331177,0.007293820381164551,0.3030872344970703,0.33671170473098755,0.033624470233917236,0.22941994667053223,0.27091413736343384,0.04149419069290161,0.5895117521286011,0.588008463382721,0.001503288745880127,0.24207808077335358,0.24207808077335358,107.69310545921326
crack0094_07.png,0.110184383392334,97.7956314086914,98.3165054321289,-0.5208740234375,106.58988189697266,106.18925476074219,0.40062713623046875,0.32268980145454407,0.327106237411499,0.004416435956954956,0.0,0.0,0.0,0.0,0.0,0.0,0.5872510671615601,0.5843137502670288,0.00293731689453125,0.21211686730384827,0.21211686730384827,102.18472301959991
crack0094_08.png,0.25160980224609375,100.53706359863281,100.66422271728516,-0.12715911865234375,101.59840393066406,101.21853637695312,0.3798675537109375,0.2862129509449005,0.28580331802368164,-0.00040963292121887207,0.0,0.0,0.0,0.0,0.0,0.0,0.5883737206459045,0.5818839073181152,0.006489813327789307,0.18098509311676025,0.18098509311676025,106.98739290237427
crack0094_09.png,0.8281413078308105,110.07341766357422,109.84646606445312,0.22695159912109375,105.27136993408203,105.03880310058594,0.23256683349609375,0.36187219619750977,0.367501437664032,0.005629241466522217,0.0,0.0,0.0,0.10210829973220825,0.09500616788864136,-0.0071021318435668945,0.5780045986175537,0.5765590071678162,0.0014455914497375488,0.2097764015197754,0.2097764015197754,111.36779403686523
crack0095_00.png,-1.3466166973114015,112.16751861572266,116.25135803222656,-4.083839416503906,102.6263427734375,103.38116455078125,-0.75482177734375,0.24912892282009125,0.25835269689559937,0.009223774075508118,0.0010712146759033203,0.0536004900932312,0.05252927541732788,0.14965087175369263,0.1886196732521057,0.038968801498413086,0.5936793684959412,0.5886774063110352,0.005001962184906006,0.14916115999221802,0.14916115999221802,123.00887769460678
crack0095_01.png,-2.214665651321411,112.83475494384766,115.16651916503906,-2.3317642211914062,103.72113037109375,104.30447387695312,-0.583343505859375,0.1894463449716568,0.1801871359348297,-0.009259209036827087,0.12696194648742676,0.1489010453224182,0.021939098834991455,0.16942059993743896,0.18621838092803955,0.016797780990600586,0.5844021439552307,0.5790619254112244,0.005340218544006348,0.1748906373977661,0.1748906373977661,126.5654946565628
crack0095_02.png,-2.5557942390441895,123.02874755859375,124.83655548095703,-1.8078079223632812,105.50047302246094,105.63047790527344,-0.1300048828125,0.2718673050403595,0.2586817443370819,-0.013185560703277588,0.06516474485397339,0.06963413953781128,0.004469394683837891,0.1436033844947815,0.1309497356414795,-0.012653648853302002,0.592948853969574,0.5884467363357544,0.00450211763381958,0.1623142808675766,0.1623142808675766,132.12970101833344
crack0095_03.png,-3.073137664794922,98.87879180908203,100.72111511230469,-1.8423233032226562,106.47599029541016,105.69879913330078,0.777191162109375,0.1773683726787567,0.15311452746391296,-0.02425384521484375,0.3712267279624939,0.37301450967788696,0.0017877817153930664,0.30753475427627563,0.32658934593200684,0.0190545916557312,0.5939100384712219,0.5857324004173279,0.008177638053894043,0.15745462477207184,0.15745462477207184,114.36948335170746
crack0095_04.png,-1.3652099609375,102.65558624267578,104.18401336669922,-1.5284271240234375,108.34542846679688,108.7861557006836,-0.44072723388671875,0.2059575319290161,0.2213328778743744,0.015375345945358276,0.2103639841079712,0.18439090251922607,-0.025973081588745117,0.23180681467056274,0.2540671229362488,0.022260308265686035,0.5952133536338806,0.5915032625198364,0.0037100911140441895,0.1611804962158203,0.1611804962158203,114.87088203430176
crack0095_05.png,-2.915489912033081,109.03746795654297,111.89620208740234,-2.858734130859375,103.25383758544922,103.79415130615234,-0.540313720703125,0.22688622772693634,0.2275075614452362,0.0006213337182998657,0.3335322141647339,0.33557409048080444,0.0020418763160705566,0.2966650724411011,0.30360496044158936,0.006939888000488281,0.5812533497810364,0.5805536508560181,0.0006996989250183105,0.17785540223121643,0.17785540223121643,120.10379534959793
crack0095_06.png,-3.1650312900543214,111.67213439941406,113.1561279296875,-1.4839935302734375,103.54625701904297,103.46540832519531,0.08084869384765625,0.20049963891506195,0.1801077425479889,-0.02039189636707306,0.3247324228286743,0.32063257694244385,-0.004099845886230469,0.31538647413253784,0.3372570872306824,0.02187061309814453,0.5884928703308105,0.5864436626434326,0.0020492076873779297,0.16364479064941406,0.16364479064941406,125.14738142490387
crack0095_07.png,-2.1565732955932617,106.25987243652344,107.11624908447266,-0.8563766479492188,101.25601196289062,101.58541107177734,-0.32939910888671875,0.2557147443294525,0.23843353986740112,-0.01728120446205139,0.3116750717163086,0.32002151012420654,0.00834643840789795,0.31927698850631714,0.33237701654434204,0.013100028038024902,0.5836563110351562,0.5866512656211853,-0.0029949545860290527,0.16008949279785156,0.16008949279785156,115.84809899330139
crack0095_08.png,-4.647956323623657,111.14741516113281,114.315185546875,-3.1677703857421875,104.67024230957031,105.30207824707031,-0.6318359375,0.20838944613933563,0.190578430891037,-0.017811015248298645,0.2197033166885376,0.2216709852218628,0.0019676685333251953,0.22832494974136353,0.24265426397323608,0.014329314231872559,0.5820184350013733,0.5790503621101379,0.0029680728912353516,0.14435184001922607,0.14435184001922607,124.57733190059662
crack0095_09.png,-1.0826814651489258,105.51392364501953,107.0638427734375,-1.5499191284179688,106.56721496582031,106.68733215332031,-0.1201171875,0.2365676909685135,0.24988479912281036,0.013317108154296875,0.1051446795463562,0.09225761890411377,-0.012887060642242432,0.1182394027709961,0.10460972785949707,-0.013629674911499023,0.5957900881767273,0.5966551303863525,-0.0008650422096252441,0.1522151529788971,0.1522151529788971,115.96102696657181
crack0096_00.png,2.1593729496002196,123.67395782470703,122.93621063232422,0.7377471923828125,104.4151382446289,103.59629821777344,0.8188400268554688,0.2468166947364807,0.2489815503358841,0.0021648555994033813,0.12362605333328247,0.14579123258590698,0.02216517925262451,0.21920019388198853,0.22894811630249023,0.009747922420501709,0.5845405459403992,0.58368319272995,0.0008573532104492188,0.11308235675096512,0.11308235675096512,131.87770438194275
crack0096_01.png,0.7519793510437012,122.99987030029297,121.58251190185547,1.4173583984375,104.61502075195312,103.47511291503906,1.1399078369140625,0.20009881258010864,0.19542941451072693,-0.004669398069381714,0.3253777027130127,0.30376482009887695,-0.021612882614135742,0.32140451669692993,0.27490466833114624,-0.04649984836578369,0.588331401348114,0.5854132771492004,0.0029181241989135742,0.12043416500091553,0.12043416500091553,134.09868228435516
crack0096_02.png,1.424799919128418,139.1251678466797,138.515380859375,0.6097869873046875,107.71253967285156,107.81256103515625,-0.1000213623046875,0.21087557077407837,0.2197754979133606,0.008899927139282227,0.23080766201019287,0.23286467790603638,0.002057015895843506,0.18462032079696655,0.18908816576004028,0.0044678449630737305,0.5961245894432068,0.5946059226989746,0.0015186667442321777,0.10235264897346497,0.10235264897346497,150.0127236843109
crack0096_03.png,-3.157170295715332,107.94954681396484,110.48847198486328,-2.5389251708984375,104.1192626953125,104.60609436035156,-0.4868316650390625,0.25524580478668213,0.24877533316612244,-0.006470471620559692,0.09571903944015503,0.09798377752304077,0.002264738082885742,0.1432121992111206,0.12796145677566528,-0.015250742435455322,0.5826528072357178,0.5825644135475159,8.83936882019043e-05,0.1398462951183319,0.1398462951183319,117.59860169887543
crack0096_04.png,1.0706732749938965,124.87218475341797,124.2347412109375,0.6374435424804688,101.75104522705078,101.75982666015625,-0.00878143310546875,0.21304921805858612,0.21878762543201447,0.005738407373428345,0.37649792432785034,0.37570899724960327,-0.0007889270782470703,0.35472655296325684,0.3678651452064514,0.01313859224319458,0.5887581706047058,0.588527500629425,0.00023066997528076172,0.11757313460111618,0.11757313460111618,135.3208367228508
crack0096_05.png,2.696082925796509,119.34222412109375,118.82981872558594,0.5124053955078125,103.81022644042969,103.17120361328125,0.6390228271484375,0.21276167035102844,0.21636326611042023,0.0036015957593917847,0.11335575580596924,0.15620356798171997,0.04284781217575073,0.14068037271499634,0.1714879870414734,0.03080761432647705,0.5838177800178528,0.585667073726654,-0.0018492937088012695,0.12099703401327133,0.12099703401327133,129.7470041513443
crack0096_06.png,1.2960853099822998,110.38689422607422,111.16641998291016,-0.7795257568359375,99.89012145996094,98.8857421875,1.0043792724609375,0.2180488109588623,0.2281968742609024,0.0101480633020401,0.08326774835586548,0.10051590204238892,0.017248153686523438,0.23148304224014282,0.24341797828674316,0.011934936046600342,0.5824183225631714,0.5781161189079285,0.00430220365524292,0.11445441842079163,0.11445441842079163,120.9904613494873
crack0096_07.png,0.7839725494384766,101.41671752929688,101.45574188232422,-0.03902435302734375,100.07925415039062,99.59849548339844,0.4807586669921875,0.23747757077217102,0.24534007906913757,0.007862508296966553,0.0,0.0,0.0,0.08544999361038208,0.06728023290634155,-0.018169760704040527,0.5790388584136963,0.5789965391159058,4.2319297790527344e-05,0.12113125622272491,0.12113125622272491,110.34912979602814
crack0096_08.png,1.4561702251434325,118.07927703857422,117.54303741455078,0.5362396240234375,101.12680053710938,100.89668273925781,0.2301177978515625,0.22888924181461334,0.2292262315750122,0.00033698976039886475,0.03825640678405762,0.055046141147613525,0.016789734363555908,0.16879898309707642,0.16615968942642212,-0.002639293670654297,0.5850826501846313,0.5818492770195007,0.0032333731651306152,0.10704079270362854,0.10704079270362854,127.48110872507095
crack0096_09.png,0.19528694152832027,145.7392578125,145.55613708496094,0.1831207275390625,105.30633544921875,106.05614471435547,-0.7498092651367188,0.20165394246578217,0.19587703049182892,-0.005776911973953247,0.244126558303833,0.2615487575531006,0.017422199249267578,0.2511308193206787,0.24100708961486816,-0.010123729705810547,0.593640923500061,0.5917070508003235,0.0019338726997375488,0.11072103679180145,0.11072103679180145,157.64071255922318
crack0097_00.png,5.203649425506592,96.80512237548828,93.15237426757812,3.6527481079101562,110.17750549316406,108.97685241699219,1.200653076171875,0.22990021109580994,0.24375036358833313,0.013850152492523193,0.0,0.0,0.0,0.0,0.0,0.0,0.5782198905944824,0.5791541934013367,-0.000934302806854248,0.12712401151657104,0.12712401151657104,104.35090339183807
crack0097_01.png,3.388561820983887,106.16988372802734,103.3299560546875,2.8399276733398438,115.98381042480469,114.66371154785156,1.320098876953125,0.274472177028656,0.273968368768692,-0.0005038082599639893,0.0,0.0,0.0,0.00582122802734375,0.012054085731506348,0.006232857704162598,0.5920530557632446,0.5905305743217468,0.0015224814414978027,0.15482956171035767,0.15482956171035767,111.99393999576569
crack0097_02.png,1.6027050971984864,114.7333755493164,113.2518081665039,1.4815673828125,126.49081420898438,124.58077239990234,1.9100418090820312,0.35317736864089966,0.34542396664619446,-0.0077534019947052,0.0,0.0,0.0,0.16397327184677124,0.16911548376083374,0.0051422119140625,0.5909957885742188,0.591560959815979,-0.0005651712417602539,0.1635495126247406,0.1635495126247406,116.92959225177765
crack0097_03.png,1.9401756286621095,95.78681945800781,95.70987701416016,0.07694244384765625,110.32125854492188,108.91735076904297,1.4039077758789062,0.2559865117073059,0.2690701484680176,0.01308363676071167,0.0,0.0,0.0,0.017549514770507812,0.019194483757019043,0.0016449689865112305,0.5989696383476257,0.5925951600074768,0.006374478340148926,0.13589462637901306,0.13589462637901306,104.34794306755066
crack0097_04.png,1.8953722953796386,109.0401840209961,107.43073272705078,1.6094512939453125,118.53145599365234,118.53559875488281,-0.00414276123046875,0.27263686060905457,0.27551648020744324,0.002879619598388672,0.0,0.0,0.0,0.10072684288024902,0.10776209831237793,0.007035255432128906,0.5932333469390869,0.5918031334877014,0.001430213451385498,0.14853793382644653,0.14853793382644653,115.60658061504364
crack0097_05.png,2.009044361114502,102.57202911376953,101.14875030517578,1.42327880859375,115.35476684570312,112.79971313476562,2.5550537109375,0.24312372505664825,0.2488970011472702,0.005773276090621948,0.061490654945373535,0.0387532114982605,-0.022737443447113037,0.11452752351760864,0.08812755346298218,-0.026399970054626465,0.5860515236854553,0.5857670307159424,0.00028449296951293945,0.14144274592399597,0.14144274592399597,110.71502715349197
crack0097_06.png,3.434261989593506,91.9100570678711,90.2546157836914,1.6554412841796875,120.47384643554688,118.6739501953125,1.799896240234375,0.2343476265668869,0.245095893740654,0.01074826717376709,0.0,0.0,0.0,0.0,0.0,0.0,0.5942599177360535,0.5892848968505859,0.004975020885467529,0.13290773332118988,0.13290773332118988,100.79187554121017
crack0097_07.png,2.692173433303833,105.2590560913086,104.80226135253906,0.45679473876953125,114.19705963134766,111.84490966796875,2.3521499633789062,0.24081040918827057,0.2568977177143097,0.016087308526039124,0.0,0.0,0.0,0.03183025121688843,0.07311540842056274,0.041285157203674316,0.5963590741157532,0.5961707234382629,0.00018835067749023438,0.13762378692626953,0.13762378692626953,114.43639713525772
crack0097_08.png,3.4756144523620605,99.94338989257812,97.99073028564453,1.9526596069335938,108.68453979492188,108.79839324951172,-0.11385345458984375,0.28973618149757385,0.3079929053783417,0.018256723880767822,0.0,0.0,0.0,0.0,0.0,0.0,0.5841330289840698,0.5814340710639954,0.002698957920074463,0.12692129611968994,0.12692129611968994,104.94821035861969
crack0097_09.png,1.9826070785522463,105.89568328857422,104.1312484741211,1.764434814453125,119.31800842285156,117.36079406738281,1.95721435546875,0.24334165453910828,0.23571562767028809,-0.00762602686882019,0.0,0.0,0.0,0.07619041204452515,0.09848213195800781,0.022291719913482666,0.595705509185791,0.5945712924003601,0.0011342167854309082,0.12709400057792664,0.12709400057792664,114.69874858856201
crack0098_00.png,-1.1415488719940186,142.63368225097656,144.47032165527344,-1.836639404296875,105.90998840332031,105.9035415649414,0.00644683837890625,0.18329301476478577,0.19234155118465424,0.00904853641986847,0.0,0.0,0.0,0.0,0.0,0.0,0.5875009894371033,0.5882852673530579,-0.0007842779159545898,0.09794633090496063,0.09794633090496063,156.08583176136017
crack0098_01.png,-4.186033248901367,153.6031951904297,156.55191040039062,-2.9487152099609375,109.83529663085938,109.75373840332031,0.0815582275390625,0.17163582146167755,0.15685535967350006,-0.01478046178817749,0.0,0.0,0.0,0.0,0.0,0.0,0.5831757187843323,0.5853633284568787,-0.0021876096725463867,0.0889417752623558,0.0889417752623558,169.0807643532753
crack0098_02.png,-1.2204602241516114,136.55946350097656,136.64065551757812,-0.0811920166015625,110.6441879272461,110.74031066894531,-0.09612274169921875,0.1928987354040146,0.17894048988819122,-0.013958245515823364,0.0,0.0,0.0,0.0,0.0,0.0,0.5911380052566528,0.5907419919967651,0.0003960132598876953,0.09667426347732544,0.09667426347732544,149.50915032625198
crack0098_03.png,-2.497116756439209,151.30935668945312,152.63621520996094,-1.3268585205078125,107.6568603515625,107.849853515625,-0.1929931640625,0.19654132425785065,0.18276463449001312,-0.013776689767837524,0.0,0.0,0.0,0.0,0.0,0.0,0.5889811515808105,0.5887542963027954,0.00022685527801513672,0.09566058218479156,0.09566058218479156,164.56615394353867
crack0098_04.png,-2.926783323287964,139.1193389892578,141.55067443847656,-2.43133544921875,106.34152221679688,106.48976135253906,-0.1482391357421875,0.20574313402175903,0.19833813607692719,-0.007404997944831848,0.0,0.0,0.0,0.0,0.0,0.0,0.5836178660392761,0.5797116756439209,0.0039061903953552246,0.09055259823799133,0.09055259823799133,151.7794331908226
crack0098_05.png,-1.3551756381988525,121.70130157470703,122.34624481201172,-0.6449432373046875,104.61502075195312,105.06688690185547,-0.45186614990234375,0.23107612133026123,0.2270238846540451,-0.0040522366762161255,0.0,0.0,0.0,0.0,0.0,0.0,0.5820415019989014,0.5871741771697998,-0.0051326751708984375,0.0969662219285965,0.0969662219285965,131.88930720090866
crack0098_06.png,-2.6951966285705566,128.08416748046875,130.01870727539062,-1.934539794921875,111.52641296386719,111.74247741699219,-0.216064453125,0.20252849161624908,0.19299910962581635,-0.00952938199043274,0.0,0.0,0.0,0.0,0.0,0.0,0.5866628289222717,0.5844598412513733,0.0022029876708984375,0.09429655969142914,0.09429655969142914,140.93800395727158
crack0098_07.png,-2.981352186203003,131.53662109375,133.0226287841797,-1.4860076904296875,109.72162628173828,109.35406494140625,0.36756134033203125,0.20534412562847137,0.18263843655586243,-0.022705689072608948,0.0,0.0,0.0,0.0,0.0,0.0,0.5836601257324219,0.5793079733848572,0.004352152347564697,0.0941099226474762,0.0941099226474762,144.66772377490997
crack0098_08.png,-4.3026035785675045,143.32522583007812,146.57249450683594,-3.2472686767578125,110.34597778320312,110.45635986328125,-0.110382080078125,0.21029722690582275,0.19756712019443512,-0.012730106711387634,0.0,0.0,0.0,0.0,0.0,0.0,0.5872087478637695,0.5870280861854553,0.00018066167831420898,0.0906386524438858,0.0906386524438858,156.5831828713417
crack0098_09.png,-2.3921087265014647,120.7857894897461,121.9271469116211,-1.141357421875,108.61329650878906,108.60131072998047,0.01198577880859375,0.18804821372032166,0.17263072729110718,-0.015417486429214478,0.0,0.0,0.0,0.0,0.0,0.0,0.588623583316803,0.5891772508621216,-0.0005536675453186035,0.10516753047704697,0.10516753047704697,134.56571459770203
crack0099_00.png,0.406449842453003,127.06599426269531,126.17904663085938,0.8869476318359375,110.75308227539062,110.09349060058594,0.6595916748046875,0.24100817739963531,0.23322457075119019,-0.007783606648445129,0.0,0.0,0.0,0.013046979904174805,0.010496735572814941,-0.0025502443313598633,0.5827604532241821,0.5858016014099121,-0.0030411481857299805,0.12378783524036407,0.12378783524036407,136.06111025810242
crack0099_01.png,1.0116387367248536,142.98609924316406,142.13137817382812,0.8547210693359375,110.86185455322266,109.65283966064453,1.209014892578125,0.346110075712204,0.3347461223602295,-0.011363953351974487,0.1816333532333374,0.1942947506904602,0.012661397457122803,0.24627143144607544,0.25452423095703125,0.00825279951095581,0.5827028155326843,0.5808035135269165,0.0018993020057678223,0.14137254655361176,0.14137254655361176,145.7820839881897
crack0099_02.png,3.78371639251709,128.21707153320312,125.31756591796875,2.899505615234375,114.1832275390625,112.52100372314453,1.6622238159179688,0.42460623383522034,0.43187984824180603,0.007273614406585693,0.009856164455413818,0.0016416311264038086,-0.00821453332901001,0.09106475114822388,0.09052062034606934,-0.000544130802154541,0.5871741771697998,0.588023841381073,-0.0008496642112731934,0.14018823206424713,0.14018823206424713,124.81189835071564
crack0099_03.png,0.5853193283081055,131.6493682861328,130.24790954589844,1.401458740234375,107.69564819335938,106.78131103515625,0.914337158203125,0.36472317576408386,0.3610599935054779,-0.003663182258605957,0.2691001892089844,0.24631839990615845,-0.022781789302825928,0.24792146682739258,0.24799978733062744,7.832050323486328e-05,0.5830565094947815,0.5824952125549316,0.0005612969398498535,0.11757619678974152,0.11757619678974152,132.6072996854782
crack0099_04.png,-0.3761549949645997,123.0218505859375,122.1941146850586,0.8277359008789062,110.54632568359375,109.14593505859375,1.400390625,0.3830755054950714,0.3845175802707672,0.0014420747756958008,0.1992321014404297,0.15426141023635864,-0.044970691204071045,0.1784706711769104,0.16766881942749023,-0.010801851749420166,0.5871164798736572,0.5891311168670654,-0.002014636993408203,0.12485808879137039,0.12485808879137039,123.18869698047638
crack0099_05.png,1.6077326774597167,135.99734497070312,135.45802307128906,0.5393218994140625,109.16128540039062,107.73892211914062,1.42236328125,0.30929937958717346,0.30850377678871155,-0.0007956027984619141,0.22161149978637695,0.2413756251335144,0.01976412534713745,0.18103879690170288,0.1896345615386963,0.008595764636993408,0.5764898061752319,0.5821760892868042,-0.005686283111572266,0.13598906993865967,0.13598906993865967,140.50450098514557
crack0099_06.png,0.554908275604248,127.38396453857422,127.13117980957031,0.25278472900390625,111.31130981445312,109.77066802978516,1.5406417846679688,0.26889118552207947,0.27863821387290955,0.009747028350830078,0.025478839874267578,0.0,-0.025478839874267578,0.006604671478271484,0.0,-0.006604671478271484,0.5853056311607361,0.5871741771697998,-0.0018685460090637207,0.1218300461769104,0.1218300461769104,134.6110681295395
crack0099_07.png,0.2728921890258789,123.84748840332031,123.51673889160156,0.33074951171875,113.57167053222656,113.56941223144531,0.00225830078125,0.2848457098007202,0.28398048877716064,-0.0008652210235595703,0.0,0.0,0.0,0.0007451176643371582,0.0,-0.0007451176643371582,0.5828181505203247,0.5825567245483398,0.0002614259719848633,0.12916797399520874,0.12916797399520874,129.9560103416443
crack0099_08.png,2.917990112304688,135.6177520751953,133.0242156982422,2.593536376953125,111.63121795654297,110.43804168701172,1.19317626953125,0.319137305021286,0.3321988880634308,0.013061583042144775,0.2857280373573303,0.2585103511810303,-0.02721768617630005,0.26362287998199463,0.25044095516204834,-0.013181924819946289,0.5899384617805481,0.592664361000061,-0.0027258992195129395,0.11854355037212372,0.11854355037212372,138.87932002544403
crack0099_09.png,-0.8812662124633789,135.99307250976562,136.33102416992188,-0.33795166015625,104.13055419921875,103.33528900146484,0.7952651977539062,0.3426022529602051,0.33884572982788086,-0.0037565231323242188,0.31152212619781494,0.29693830013275146,-0.014583826065063477,0.1387513279914856,0.13082146644592285,-0.007929861545562744,0.583871603012085,0.5833102464675903,0.0005613565444946289,0.09671176970005035,0.09671176970005035,139.1861686706543
crack0100_00.png,2.251310396194458,93.14177703857422,92.35401153564453,0.7877655029296875,104.69709014892578,103.752197265625,0.9448928833007812,0.24402211606502533,0.25684717297554016,0.012825056910514832,0.5110325813293457,0.5097463130950928,-0.0012862682342529297,0.4715390205383301,0.4790843725204468,0.007545351982116699,0.5786774158477783,0.5759015679359436,0.002775847911834717,0.15483541786670685,0.15483541786670685,101.25366395711899
crack0100_01.png,1.479552984237671,95.47142791748047,94.33666229248047,1.134765625,104.64810180664062,103.82977294921875,0.818328857421875,0.23066049814224243,0.21552826464176178,-0.015132233500480652,0.24159258604049683,0.27455413341522217,0.03296154737472534,0.29125821590423584,0.3132278323173523,0.021969616413116455,0.5843944549560547,0.5866551399230957,-0.0022606849670410156,0.15527501702308655,0.15527501702308655,105.43855482339859
crack0100_02.png,1.6786592483520508,92.98971557617188,92.54825592041016,0.44145965576171875,102.79955291748047,102.27366638183594,0.5258865356445312,0.2948575019836426,0.3048858940601349,0.01002839207649231,0.339058518409729,0.3444690704345703,0.005410552024841309,0.4033549427986145,0.4174231290817261,0.014068186283111572,0.5808612108230591,0.580657422542572,0.00020378828048706055,0.15927311778068542,0.15927311778068542,98.31198406219482
crack0100_03.png,3.628146457672119,95.93170928955078,94.7672119140625,1.1644973754882812,109.86050415039062,109.3133316040039,0.5471725463867188,0.2788444757461548,0.3058305084705353,0.026986032724380493,0.24235761165618896,0.2413870096206665,-0.0009706020355224609,0.3191678524017334,0.326957643032074,0.007789790630340576,0.5840638279914856,0.5809457898139954,0.0031180381774902344,0.2163465917110443,0.2163465917110443,101.98134517669678
crack0100_04.png,1.2638285636901856,99.43123626708984,99.33695220947266,0.0942840576171875,112.99346923828125,112.47555541992188,0.517913818359375,0.20986199378967285,0.217727929353714,0.007865935564041138,0.2811858654022217,0.2894442677497864,0.008258402347564697,0.35945624113082886,0.373075008392334,0.013618767261505127,0.5786082148551941,0.5785390138626099,6.920099258422852e-05,0.15046752989292145,0.15046752989292145,109.93670320510864
crack0100_05.png,0.4290532112121582,78.01512145996094,77.37294006347656,0.642181396484375,101.8777084350586,101.1466064453125,0.7311019897460938,0.2982375919818878,0.29583269357681274,-0.0024048984050750732,0.3539525866508484,0.34434694051742554,-0.009605646133422852,0.4067532420158386,0.40082550048828125,-0.005927741527557373,0.5821684002876282,0.5803921818733215,0.0017762184143066406,0.16130411624908447,0.16130411624908447,83.23080515861511
crack0100_06.png,0.7324007034301758,106.17671966552734,105.73434448242188,0.44237518310546875,107.47660827636719,107.14179992675781,0.334808349609375,0.3624191880226135,0.3721935749053955,0.009774386882781982,0.34609055519104004,0.33103257417678833,-0.015057981014251709,0.3844362497329712,0.38202667236328125,-0.0024095773696899414,0.5823990702629089,0.5829873085021973,-0.0005882382392883301,0.2426871359348297,0.2426871359348297,107.52987313270569
crack0100_07.png,4.953569316864014,99.118408203125,95.73289489746094,3.3855133056640625,114.50706481933594,112.8494873046875,1.6575775146484375,0.21290169656276703,0.22632341086864471,0.013421714305877686,0.33325427770614624,0.32774853706359863,-0.005505740642547607,0.3261793851852417,0.32484984397888184,-0.0013295412063598633,0.5998615622520447,0.598573625087738,0.0012879371643066406,0.22981372475624084,0.22981372475624084,108.64601224660873
crack0100_08.png,1.4433690071105958,87.0146713256836,87.3587875366211,-0.3441162109375,101.41571044921875,101.47969818115234,-0.06398773193359375,0.23108482360839844,0.24257954955101013,0.011494725942611694,0.36695337295532227,0.3884373903274536,0.021484017372131348,0.4267804026603699,0.44088155031204224,0.014101147651672363,0.5847135782241821,0.5838600397109985,0.0008535385131835938,0.15893781185150146,0.15893781185150146,96.71018314361572
crack0100_09.png,-0.7985552310943604,160.4626922607422,160.74258422851562,-0.2798919677734375,168.65835571289062,167.72061157226562,0.937744140625,0.252467542886734,0.23862005770206451,-0.013847485184669495,0.4131886959075928,0.4167288541793823,0.0035401582717895508,0.39378035068511963,0.39510661363601685,0.0013262629508972168,0.5977969765663147,0.5959861874580383,0.0018107891082763672,0.22592784464359283,0.22592784464359283,170.19731384515762
