image,score_new_minus_old,old_crack_epe_px,new_crack_epe_px,delta_crack_epe_px_positive_is_better,old_global_epe_px,new_global_epe_px,delta_global_epe_px_positive_is_better,old_warp_crack_dice,new_warp_crack_dice,delta_warp_crack_dice_positive_is_better,old_crack_edge_fidelity,new_crack_edge_fidelity,delta_crack_edge_fidelity_positive_is_better,old_global_edge_fidelity,new_global_edge_fidelity,delta_global_edge_fidelity_positive_is_better,old_folding_rate,new_folding_rate,delta_folding_rate_positive_is_better,old_crack_ratio,new_crack_ratio,joint_failure_score
crack0001_00.png,1.6317135334014892,107.06327819824219,105.5321273803711,1.5311508178710938,116.32959747314453,114.80465698242188,1.5249404907226562,0.23110352456569672,0.22205835580825806,-0.00904516875743866,0.4455627202987671,0.4493529200553894,0.0037901997566223145,0.42502766847610474,0.4284954071044922,0.003467738628387451,0.5922683477401733,0.590703547000885,0.00156480073928833,0.20257893204689026,0.20257893204689026,116.66493535041809
crack0001_01.png,6.759607315063477,127.39981842041016,123.6917724609375,3.7080459594726562,114.37675476074219,111.23634338378906,3.140411376953125,0.22032485902309418,0.24559544026851654,0.025270581245422363,0.3592250943183899,0.3526691794395447,-0.006555914878845215,0.34999406337738037,0.3466261625289917,-0.003367900848388672,0.5914456248283386,0.5905459523200989,0.0008996725082397461,0.22484156489372253,0.22484156489372253,135.98412889242172
crack0001_02.png,3.3910820960998533,108.73480987548828,107.01786804199219,1.7169418334960938,116.01022338867188,113.632568359375,2.377655029296875,0.1886286437511444,0.2067624032497406,0.01813375949859619,0.25660765171051025,0.23718297481536865,-0.0194246768951416,0.2970413565635681,0.29509109258651733,-0.0019502639770507812,0.588819682598114,0.5875855684280396,0.0012341141700744629,0.1662106215953827,0.1662106215953827,120.11140763759613
crack0001_03.png,3.3849743843078617,106.18064880371094,104.30477142333984,1.8758773803710938,115.2192611694336,112.94324493408203,2.2760162353515625,0.2691129446029663,0.28635796904563904,0.01724502444267273,0.38600510358810425,0.366074800491333,-0.01993030309677124,0.37951135635375977,0.3657839894294739,-0.013727366924285889,0.5897077918052673,0.589300274848938,0.0004075169563293457,0.2581266462802887,0.2581266462802887,112.6842451095581
crack0001_04.png,3.2402578830718993,102.5417709350586,100.3520278930664,2.1897430419921875,114.76811218261719,112.43590545654297,2.3322067260742188,0.21802954375743866,0.22403457760810852,0.006005033850669861,0.37676310539245605,0.36672884225845337,-0.010034263134002686,0.38356679677963257,0.3726903200149536,-0.010876476764678955,0.5893233418464661,0.5883583426475525,0.0009649991989135742,0.19837027788162231,0.19837027788162231,111.93806046247482
crack0001_05.png,2.452790641784668,114.83622741699219,112.82372283935547,2.0125045776367188,109.23800659179688,108.6071548461914,0.6308517456054688,0.2826821208000183,0.2839100658893585,0.00122794508934021,0.40561527013778687,0.4073120951652527,0.0016968250274658203,0.361086368560791,0.3650832772254944,0.003996908664703369,0.5883621573448181,0.5878162384033203,0.0005459189414978027,0.2655094861984253,0.2655094861984253,120.40353417396545
crack0001_06.png,3.4762875556945803,116.65460968017578,114.80402374267578,1.8505859375,114.59197998046875,112.46733856201172,2.1246414184570312,0.22705595195293427,0.23676948249340057,0.009713530540466309,0.4717210531234741,0.4699831008911133,-0.0017379522323608398,0.47579771280288696,0.472622811794281,-0.003174901008605957,0.5860053896903992,0.5842983722686768,0.0017070174217224121,0.15343789756298065,0.15343789756298065,125.54617518186569
crack0001_07.png,5.069387626647949,108.18669891357422,105.11168670654297,3.07501220703125,119.44905090332031,117.4249267578125,2.0241241455078125,0.23280233144760132,0.25464221835136414,0.021839886903762817,0.4559316635131836,0.43833673000335693,-0.01759493350982666,0.4029868245124817,0.384583055973053,-0.01840376853942871,0.594925045967102,0.5913917422294617,0.003533303737640381,0.24245218932628632,0.24245218932628632,116.4780547618866
crack0001_08.png,1.4543010711669924,113.23128509521484,110.93939971923828,2.2918853759765625,112.48297119140625,110.89639282226562,1.586578369140625,0.3272099494934082,0.3251340389251709,-0.0020759105682373047,0.4955359697341919,0.4644164443016052,-0.03111952543258667,0.4707939028739929,0.45224934816360474,-0.018544554710388184,0.5859938263893127,0.587527871131897,-0.0015340447425842285,0.16685649752616882,0.16685649752616882,116.07841491699219
crack0001_09.png,2.674153709411621,100.05143737792969,99.35287475585938,0.6985626220703125,112.868896484375,111.56784057617188,1.301055908203125,0.24835723638534546,0.270986407995224,0.02262917160987854,0.4136962294578552,0.4016644358634949,-0.012031793594360352,0.41699010133743286,0.42298758029937744,0.00599747896194458,0.5918454527854919,0.5886927843093872,0.0031526684761047363,0.2565203905105591,0.2565203905105591,108.47453999519348
crack0002_00.png,-1.6205179214477539,110.10749053955078,111.1519546508789,-1.044464111328125,113.41649627685547,111.80128479003906,1.6152114868164062,0.288259893655777,0.27295202016830444,-0.015307873487472534,0.20960432291030884,0.2069791555404663,-0.0026251673698425293,0.26824629306793213,0.2661915421485901,-0.002054750919342041,0.5878546833992004,0.5851672291755676,0.0026874542236328125,0.10501857101917267,0.10501857101917267,117.7667887210846
crack0002_01.png,1.7377963066101074,131.79144287109375,131.2903289794922,0.5011138916015625,124.76530456542969,122.09394836425781,2.671356201171875,0.26645147800445557,0.2778432071208954,0.01139172911643982,0.3001323938369751,0.28006070852279663,-0.020071685314178467,0.38285261392593384,0.3809964656829834,-0.0018561482429504395,0.5934832692146301,0.5919915437698364,0.0014917254447937012,0.13827738165855408,0.13827738165855408,139.29312801361084
crack0002_02.png,-0.773777961730957,120.4738540649414,121.2491683959961,-0.7753143310546875,117.61566162109375,116.20742797851562,1.408233642578125,0.3406015932559967,0.348461389541626,0.007859796285629272,0.3555225729942322,0.3246787190437317,-0.03084385395050049,0.3688989281654358,0.3503413796424866,-0.01855754852294922,0.5930334329605103,0.5919530987739563,0.001080334186553955,0.1288696974515915,0.1288696974515915,124.14675295352936
crack0002_03.png,0.7204398155212403,119.36873626708984,120.25534057617188,-0.8866043090820312,119.77029418945312,117.6699447631836,2.1003494262695312,0.3085334300994873,0.3157295286655426,0.007196098566055298,0.3344493508338928,0.34196335077285767,0.007513999938964844,0.4216380715370178,0.42437493801116943,0.0027368664741516113,0.5946404933929443,0.5973740816116333,-0.002733588218688965,0.11817693710327148,0.11817693710327148,125.19499588012695
crack0002_04.png,0.13735313415527362,135.5860137939453,136.13174438476562,-0.5457305908203125,124.6629638671875,122.32962036132812,2.333343505859375,0.3063044846057892,0.3157917261123657,0.009487241506576538,0.30433881282806396,0.2808995842933655,-0.023439228534698486,0.34317880868911743,0.3381761908531189,-0.005002617835998535,0.5879853963851929,0.5897769927978516,-0.0017915964126586914,0.14195916056632996,0.14195916056632996,141.07168972492218
crack0002_05.png,0.08084573745727541,131.92494201660156,133.1627655029297,-1.237823486328125,122.07162475585938,120.74844360351562,1.32318115234375,0.31641918420791626,0.32055988907814026,0.004140704870223999,0.4160158634185791,0.4268196225166321,0.010803759098052979,0.42218512296676636,0.4257659912109375,0.0035808682441711426,0.5853748321533203,0.5847250819206238,0.0006497502326965332,0.11589434742927551,0.11589434742927551,136.97369599342346
crack0002_06.png,1.1440018653869628,139.0418243408203,139.33033752441406,-0.28851318359375,129.95843505859375,127.87666320800781,2.0817718505859375,0.272051066160202,0.27745121717453003,0.005400151014328003,0.2686859369277954,0.2694513201713562,0.000765383243560791,0.34432870149612427,0.3440398573875427,-0.00028884410858154297,0.594917356967926,0.5914878845214844,0.0034294724464416504,0.1280955970287323,0.1280955970287323,146.6597112417221
crack0002_07.png,-2.3991799354553223,108.47154998779297,110.09229278564453,-1.6207427978515625,117.1523208618164,113.91776275634766,3.23455810546875,0.3440682291984558,0.3488277494907379,0.0047595202922821045,0.34628891944885254,0.2863474488258362,-0.05994147062301636,0.3503366708755493,0.35254567861557007,0.002209007740020752,0.5847020149230957,0.586086094379425,-0.0013840794563293457,0.09904506802558899,0.09904506802558899,112.0812714099884
crack0002_08.png,0.37030086517333993,123.72480773925781,125.05644226074219,-1.331634521484375,111.91453552246094,111.10736083984375,0.8071746826171875,0.3593115210533142,0.366260290145874,0.0069487690925598145,0.3287597894668579,0.345905601978302,0.017145812511444092,0.3779466152191162,0.3799179196357727,0.001971304416656494,0.5869857668876648,0.5835524797439575,0.0034332871437072754,0.11995213478803635,0.11995213478803635,126.31136441230774
crack0002_09.png,-0.5117097854614259,110.26139831542969,112.5024642944336,-2.2410659790039062,113.22813415527344,111.59752655029297,1.6306076049804688,0.38394883275032043,0.39348772168159485,0.009538888931274414,0.2728571891784668,0.28069955110549927,0.00784236192703247,0.36862730979919434,0.3676462173461914,-0.0009810924530029297,0.5887850522994995,0.5887773633003235,7.68899917602539e-06,0.11696051806211472,0.11696051806211472,111.8964034318924
crack0003_00.png,-3.487910747528076,117.34468078613281,117.29389953613281,0.05078125,118.98489379882812,118.11418914794922,0.8707046508789062,0.22028177976608276,0.1716676950454712,-0.04861408472061157,0.0,0.0,0.0,0.0,0.0,0.0,0.5918800234794617,0.5918262004852295,5.3822994232177734e-05,0.11957511305809021,0.11957511305809021,130.694429397583
crack0003_01.png,0.7346251010894775,120.2985610961914,119.85084533691406,0.44771575927734375,119.34548950195312,119.82194519042969,-0.4764556884765625,0.1873578280210495,0.19288048148155212,0.0055226534605026245,0.0,0.0,0.0,0.0,0.0,0.0,0.5948904156684875,0.5939984321594238,0.0008919835090637207,0.09913885593414307,0.09913885593414307,132.62885016202927
crack0003_02.png,0.8613274097442627,99.33440399169922,97.22447967529297,2.10992431640625,108.508544921875,108.88429260253906,-0.3757476806640625,0.2243083417415619,0.20869959890842438,-0.015608742833137512,0.0,0.0,0.0,0.0,0.0,0.0,0.5899692177772522,0.5862091779708862,0.003760039806365967,0.10084910690784454,0.10084910690784454,109.35623461008072
crack0003_03.png,3.664738178253174,114.75184631347656,112.74752807617188,2.0043182373046875,110.0440673828125,108.9918212890625,1.05224609375,0.25861290097236633,0.270883172750473,0.01227027177810669,0.0,0.0,0.0,0.0,0.0,0.0,0.5959208011627197,0.589473307132721,0.006447494029998779,0.10439929366111755,0.10439929366111755,122.06974518299103
crack0003_04.png,1.2837786197662353,97.98632049560547,97.13920593261719,0.8471145629882812,112.32405090332031,111.10292053222656,1.22113037109375,0.22792589664459229,0.22735737264156342,-0.0005685240030288696,0.0,0.0,0.0,0.028015434741973877,0.0,-0.028015434741973877,0.5914417505264282,0.5915994048118591,-0.0001576542854309082,0.09947497397661209,0.09947497397661209,107.58529704809189
crack0003_05.png,0.3592207908630371,119.24598693847656,119.21627044677734,0.02971649169921875,118.88250732421875,118.88095092773438,0.001556396484375,0.2448853999376297,0.24833513796329498,0.003449738025665283,0.0,0.0,0.0,0.0,0.0,0.0,0.5983467698097229,0.5970242023468018,0.0013225674629211426,0.1173633337020874,0.1173633337020874,128.4718754887581
crack0003_06.png,0.09120974540710458,110.52899169921875,108.96593475341797,1.5630569458007812,112.88569641113281,111.41499328613281,1.470703125,0.21447505056858063,0.18737590312957764,-0.02709914743900299,0.0,0.0,0.0,0.0,0.0,0.0,0.5958554148674011,0.5931603312492371,0.0026950836181640625,0.09991790354251862,0.09991790354251862,122.33912563323975
crack0003_07.png,0.5319459438323975,99.43389892578125,96.67325592041016,2.7606430053710938,108.74258422851562,109.56320190429688,-0.82061767578125,0.20633798837661743,0.17988146841526031,-0.026456519961357117,0.0,0.0,0.0,0.0,0.0,0.0,0.5986966490745544,0.5932948589324951,0.005401790142059326,0.10389700531959534,0.10389700531959534,111.20855528116226
crack0003_08.png,-1.1581306457519531,104.65385437011719,104.82502746582031,-0.171173095703125,111.48193359375,114.9771499633789,-3.4952163696289062,0.19706323742866516,0.20022425055503845,0.003161013126373291,0.0,0.0,0.0,0.0,0.0,0.0,0.5928066372871399,0.5888504385948181,0.003956198692321777,0.09292099624872208,0.09292099624872208,116.62791216373444
crack0003_09.png,1.7462220191955566,116.57653045654297,113.76622009277344,2.8103103637695312,114.64232635498047,117.46806335449219,-2.8257369995117188,0.18612456321716309,0.1838725507259369,-0.0022520124912261963,0.0,0.0,0.0,0.0,0.0,0.0,0.5910072922706604,0.5848481059074402,0.006159186363220215,0.09756283462047577,0.09756283462047577,127.7793139219284
crack0004_00.png,3.3116522789001466,111.80638885498047,109.97991180419922,1.82647705078125,108.41693878173828,107.69548034667969,0.7214584350585938,0.3838549852371216,0.3989853858947754,0.015130400657653809,0.0,0.0,0.0,0.12621831893920898,0.15201056003570557,0.025792241096496582,0.5882237553596497,0.5885697603225708,-0.0003460049629211426,0.10235156863927841,0.10235156863927841,111.40464162826538
crack0004_01.png,-5.300432252883911,109.64944458007812,112.10990905761719,-2.4604644775390625,107.9065170288086,106.1040267944336,1.802490234375,0.2716195285320282,0.24869130551815033,-0.02292822301387787,0.3019895553588867,0.25936782360076904,-0.042621731758117676,0.24303722381591797,0.2199609875679016,-0.023076236248016357,0.5829719305038452,0.583517849445343,-0.0005459189414978027,0.13342131674289703,0.13342131674289703,119.29891246557236
crack0004_02.png,-2.541413688659668,110.01974487304688,111.58900451660156,-1.5692596435546875,107.12045288085938,106.76497650146484,0.35547637939453125,0.24165020883083344,0.24365480244159698,0.00200459361076355,0.16942405700683594,0.14063584804534912,-0.028788208961486816,0.2806549668312073,0.24222666025161743,-0.038428306579589844,0.58514803647995,0.5882276296615601,-0.0030795931816101074,0.13177454471588135,0.13177454471588135,119.83446735143661
crack0004_03.png,7.684935855865478,102.48191833496094,101.0855941772461,1.3963241577148438,107.73624420166016,105.61154174804688,2.1247024536132812,0.31281009316444397,0.36610016226768494,0.05329006910324097,0.1457194685935974,0.1778334379196167,0.03211396932601929,0.24318599700927734,0.24635523557662964,0.003169238567352295,0.586432158946991,0.5891579985618591,-0.002725839614868164,0.11057727038860321,0.11057727038860321,106.58147060871124
crack0004_04.png,-0.9939999580383301,124.5218734741211,124.76065063476562,-0.23877716064453125,114.72871398925781,116.25711059570312,-1.5283966064453125,0.2174074500799179,0.22611503303050995,0.008707582950592041,0.19292598962783813,0.1673121452331543,-0.025613844394683838,0.2620500922203064,0.23955237865447998,-0.022497713565826416,0.5968858003616333,0.5922837257385254,0.00460207462310791,0.1537206768989563,0.1537206768989563,135.47224706411362
crack0004_05.png,2.8475122451782227,113.18853759765625,111.11922454833984,2.0693130493164062,111.49034118652344,109.99856567382812,1.4917755126953125,0.3306812644004822,0.3333193063735962,0.0026380419731140137,0.35583722591400146,0.35504454374313354,-0.0007926821708679199,0.3777005672454834,0.3625790476799011,-0.015121519565582275,0.5858592987060547,0.5858054757118225,5.3822994232177734e-05,0.15855690836906433,0.15855690836906433,115.7473771572113
crack0004_06.png,-4.919973087310791,109.36209106445312,110.17794799804688,-0.81585693359375,108.7104263305664,110.69243621826172,-1.9820098876953125,0.33560165762901306,0.3055461347103119,-0.030055522918701172,0.1801457405090332,0.1564512848854065,-0.02369445562362671,0.26208895444869995,0.20937901735305786,-0.05270993709564209,0.5882276296615601,0.5872049331665039,0.0010226964950561523,0.15409721434116364,0.15409721434116364,114.96635663509369
crack0004_07.png,5.80182580947876,101.70281219482422,101.37177276611328,0.3310394287109375,107.22474670410156,106.99793243408203,0.22681427001953125,0.35170525312423706,0.4197480082511902,0.06804275512695312,0.0,0.0,0.0,0.17040163278579712,0.1567348837852478,-0.013666749000549316,0.5939792394638062,0.5955632328987122,-0.0015839934349060059,0.12383512407541275,0.12383512407541275,104.25750660896301
crack0004_08.png,-1.5506406784057618,106.56449127197266,108.58768463134766,-2.023193359375,111.00384521484375,110.23684692382812,0.766998291015625,0.30647069215774536,0.31861183047294617,0.012141138315200806,0.1885092854499817,0.16558730602264404,-0.022921979427337646,0.17776453495025635,0.15515589714050293,-0.022608637809753418,0.5877047181129456,0.5849211812019348,0.002783536911010742,0.17653876543045044,0.17653876543045044,112.69603514671326
crack0004_09.png,3.3838250160217287,106.11561584472656,103.13874053955078,2.9768753051757812,105.41496276855469,102.89469909667969,2.520263671875,0.37578579783439636,0.33817246556282043,-0.03761333227157593,0.01320725679397583,0.07678449153900146,0.06357723474502563,0.07614272832870483,0.08759796619415283,0.011455237865447998,0.5854940414428711,0.5888735055923462,-0.0033794641494750977,0.12279215455055237,0.12279215455055237,107.8917704820633
crack0005_00.png,4.379240083694458,101.50715637207031,99.51752471923828,1.9896316528320312,108.52417755126953,106.9442138671875,1.5799636840820312,0.23461268842220306,0.24563512206077576,0.011022433638572693,0.4899516701698303,0.510778546333313,0.020826876163482666,0.40354812145233154,0.4333765506744385,0.029828429222106934,0.5865244269371033,0.585455596446991,0.0010688304901123047,0.20253926515579224,0.20253926515579224,109.89655631780624
crack0005_01.png,6.638799667358398,106.78875732421875,103.02536010742188,3.763397216796875,117.801513671875,113.67351531982422,4.127998352050781,0.2666276693344116,0.2807062566280365,0.014078587293624878,0.3082898259162903,0.3074389696121216,-0.0008508563041687012,0.3361520767211914,0.3490942120552063,0.012942135334014893,0.5907689332962036,0.5874701738357544,0.0032987594604492188,0.21761998534202576,0.21761998534202576,112.54015588760376
crack0005_02.png,1.9137476921081542,95.2353286743164,93.73052978515625,1.5047988891601562,112.18568420410156,110.52970886230469,1.655975341796875,0.2562812268733978,0.2567858099937439,0.0005045831203460693,0.3793056011199951,0.37265628576278687,-0.006649315357208252,0.3379720449447632,0.3424872159957886,0.004515171051025391,0.592460572719574,0.5931564569473267,-0.0006958842277526855,0.25102299451828003,0.25102299451828003,102.83231389522552
crack0005_03.png,3.771770572662353,99.99149322509766,97.64540100097656,2.3460922241210938,111.36134338378906,109.0477066040039,2.3136367797851562,0.2198566496372223,0.230849951505661,0.01099330186843872,0.4390503168106079,0.4264358878135681,-0.012614428997039795,0.36491113901138306,0.37460416555404663,0.009693026542663574,0.5873240828514099,0.5841906666755676,0.003133416175842285,0.21311336755752563,0.21311336755752563,109.12001144886017
crack0005_04.png,3.9889450550079344,95.34960174560547,92.90033721923828,2.4492645263671875,104.03594970703125,102.59365844726562,1.442291259765625,0.22142179310321808,0.23241910338401794,0.010997310280799866,0.4680701494216919,0.47241294384002686,0.004342794418334961,0.4243149757385254,0.4308682680130005,0.006553292274475098,0.5864629149436951,0.5887312293052673,-0.0022683143615722656,0.22032934427261353,0.22032934427261353,104.38891106843948
crack0005_05.png,2.5776345252990724,103.60794830322266,103.3626708984375,0.24527740478515625,117.92922973632812,116.73167419433594,1.1975555419921875,0.24826738238334656,0.27046340703964233,0.022196024656295776,0.4411243796348572,0.44620299339294434,0.005078613758087158,0.3635346293449402,0.3693387508392334,0.005804121494293213,0.5964052081108093,0.599542498588562,-0.0031372904777526855,0.24577471613883972,0.24577471613883972,112.57096660137177
crack0005_06.png,2.6245076656341553,94.77970123291016,93.6068344116211,1.1728668212890625,110.7940902709961,109.50788879394531,1.2862014770507812,0.23346278071403503,0.2465602606534958,0.013097479939460754,0.38239943981170654,0.382443904876709,4.4465065002441406e-05,0.3409108519554138,0.36157888174057007,0.02066802978515625,0.58514803647995,0.5879584550857544,-0.0028104186058044434,0.19751125574111938,0.19751125574111938,103.7038391828537
crack0005_07.png,2.958375358581543,96.76332092285156,96.27664184570312,0.4866790771484375,115.7496566772461,113.72880554199219,2.0208511352539062,0.27375882863998413,0.29084518551826477,0.01708635687828064,0.46248501539230347,0.47165316343307495,0.009168148040771484,0.4003210663795471,0.4182392358779907,0.017918169498443604,0.5862399339675903,0.5879969000816345,-0.0017569661140441895,0.22634294629096985,0.22634294629096985,103.61432766914368
crack0005_08.png,3.0680019855499268,102.1183090209961,99.79351043701172,2.324798583984375,109.00093078613281,107.00645446777344,1.994476318359375,0.24982142448425293,0.24998565018177032,0.00016422569751739502,0.4839322566986084,0.48300039768218994,-0.000931859016418457,0.41777682304382324,0.4145127534866333,-0.0032640695571899414,0.5881468653678894,0.5889081358909607,-0.0007612705230712891,0.2256229817867279,0.2256229817867279,109.52294969558716
crack0005_09.png,3.766213369369507,96.8672103881836,95.52771759033203,1.3394927978515625,109.11976623535156,107.60536193847656,1.514404296875,0.19525112211704254,0.2244775891304016,0.02922646701335907,0.3127816915512085,0.3021441102027893,-0.01063758134841919,0.2891007661819458,0.3030605912208557,0.013959825038909912,0.5831603407859802,0.5854517221450806,-0.002291381359100342,0.20035973191261292,0.20035973191261292,107.90046554803848
crack0006_00.png,-6.090135860443115,97.799560546875,101.51368713378906,-3.7141265869140625,108.43513488769531,109.22675323486328,-0.7916183471679688,0.3808610141277313,0.3668065369129181,-0.014054477214813232,0.2360801100730896,0.21398144960403442,-0.022098660469055176,0.25504839420318604,0.26419705152511597,0.009148657321929932,0.5876816511154175,0.5889580845832825,-0.0012764334678649902,0.15768983960151672,0.15768983960151672,101.20655500888824
crack0006_01.png,-2.9807538986206055,101.66690063476562,105.03634643554688,-3.36944580078125,106.0395278930664,105.13800048828125,0.9015274047851562,0.23724421858787537,0.23110422492027283,-0.006139993667602539,0.3152559995651245,0.3245740532875061,0.009318053722381592,0.2894536256790161,0.30081719160079956,0.011363565921783447,0.5887274146080017,0.5850634574890137,0.003663957118988037,0.16798068583011627,0.16798068583011627,113.03446662425995
crack0006_02.png,-5.325237369537353,95.63690185546875,97.40518188476562,-1.768280029296875,109.42105102539062,107.85372924804688,1.56732177734375,0.2872682213783264,0.26601508259773254,-0.021253138780593872,0.12873941659927368,0.06454551219940186,-0.06419390439987183,0.17105567455291748,0.14561206102371216,-0.025443613529205322,0.5986582040786743,0.5965551733970642,0.0021030306816101074,0.14102491736412048,0.14102491736412048,104.50646507740021
crack0006_03.png,-6.561995601654052,91.42542266845703,95.02511596679688,-3.5996932983398438,106.15876007080078,106.49989318847656,-0.34113311767578125,0.41830378770828247,0.3895094096660614,-0.02879437804222107,0.29661279916763306,0.2841666340827942,-0.012446165084838867,0.2884356379508972,0.29612499475479126,0.007689356803894043,0.587243378162384,0.5878546833992004,-0.0006113052368164062,0.12309841066598892,0.12309841066598892,93.36889207363129
crack0006_04.png,-0.8649985313415529,91.92877960205078,94.35066223144531,-2.4218826293945312,113.99297332763672,113.21432495117188,0.7786483764648438,0.3392375111579895,0.36530476808547974,0.026067256927490234,0.24865972995758057,0.22585386037826538,-0.022805869579315186,0.2975258231163025,0.2974283695220947,-9.745359420776367e-05,0.5915340185165405,0.5897270441055298,0.0018069744110107422,0.16034792363643646,0.16034792363643646,96.4468309879303
crack0006_05.png,1.117145824432373,88.81136322021484,89.13402557373047,-0.322662353515625,110.67364501953125,108.54470825195312,2.128936767578125,0.3052644431591034,0.30648186802864075,0.0012174248695373535,0.2901424169540405,0.305412232875824,0.015269815921783447,0.2988090515136719,0.33220386505126953,0.033394813537597656,0.592349112033844,0.5953479409217834,-0.002998828887939453,0.1692425012588501,0.1692425012588501,94.47074544429779
crack0006_06.png,-2.630154323577881,86.21688079833984,88.47914123535156,-2.2622604370117188,111.1570816040039,109.97697448730469,1.1801071166992188,0.346221387386322,0.334618479013443,-0.011602908372879028,0.28324490785598755,0.28541386127471924,0.0021689534187316895,0.3215463161468506,0.32643139362335205,0.004885077476501465,0.5926758646965027,0.5926374197006226,3.844499588012695e-05,0.1729971468448639,0.1729971468448639,90.97793686389923
crack0006_07.png,-8.84367094039917,90.9937515258789,95.98995208740234,-4.9962005615234375,107.80818939208984,107.43620300292969,0.37198638916015625,0.36913689970970154,0.32887890934944153,-0.04025799036026001,0.16015297174453735,0.14139288663864136,-0.018760085105895996,0.2735295295715332,0.293026328086853,0.019496798515319824,0.5892887115478516,0.5899192690849304,-0.0006305575370788574,0.11012320965528488,0.11012320965528488,97.35588800907135
crack0006_08.png,2.7108672618865968,96.75869750976562,95.80384063720703,0.9548568725585938,114.18634033203125,112.15205383300781,2.0342864990234375,0.17487169802188873,0.17337366938591003,-0.0014980286359786987,0.16270488500595093,0.1869361400604248,0.024231255054473877,0.11960309743881226,0.12091022729873657,0.0013071298599243164,0.5991080403327942,0.596785843372345,0.0023221969604492188,0.16916029155254364,0.16916029155254364,109.8431705236435
crack0006_09.png,0.2972742080688477,110.53631591796875,110.33100128173828,0.20531463623046875,115.54597473144531,114.81936645507812,0.7266082763671875,0.3900435268878937,0.38880693912506104,-0.0012365877628326416,0.3590720295906067,0.35502105951309204,-0.0040509700775146484,0.37305259704589844,0.365228533744812,-0.007824063301086426,0.5972164273262024,0.5956593751907349,0.0015570521354675293,0.21978279948234558,0.21978279948234558,110.99389934539795
crack0007_00.png,6.815796041488648,111.55126190185547,108.0523452758789,3.4989166259765625,108.21430206298828,106.09732055664062,2.1169815063476562,0.20834822952747345,0.23162028193473816,0.02327205240726471,0.34302592277526855,0.3561040759086609,0.013078153133392334,0.20917385816574097,0.209139883518219,-3.3974647521972656e-05,0.595501720905304,0.5933718085289001,0.0021299123764038086,0.16673919558525085,0.16673919558525085,121.12097865343094
crack0007_01.png,2.884782218933106,100.63113403320312,96.4466552734375,4.184478759765625,105.62088012695312,104.03707885742188,1.58380126953125,0.3003590703010559,0.28611230850219727,-0.014246761798858643,0.3089919686317444,0.29060453176498413,-0.018387436866760254,0.2475484013557434,0.20369333028793335,-0.04385507106781006,0.5876970291137695,0.5891464948654175,-0.0014494657516479492,0.17278946936130524,0.17278946936130524,104.93801593780518
crack0007_02.png,5.6055950164794925,103.08314514160156,99.93293762207031,3.15020751953125,109.80559539794922,108.39723205566406,1.4083633422851562,0.29939112067222595,0.3115617334842682,0.012170612812042236,0.4038347601890564,0.426002562046051,0.02216780185699463,0.30372071266174316,0.3115507960319519,0.00783008337020874,0.5917762517929077,0.5909842252731323,0.0007920265197753906,0.17905372381210327,0.17905372381210327,107.21562421321869
crack0007_03.png,7.735597038269043,103.78992462158203,98.9502182006836,4.8397064208984375,105.00862121582031,104.06065368652344,0.947967529296875,0.31301218271255493,0.33503347635269165,0.02202129364013672,0.4432101845741272,0.45483410358428955,0.011623919010162354,0.39267104864120483,0.38411372900009155,-0.008557319641113281,0.5891003608703613,0.5818492770195007,0.007251083850860596,0.1474006175994873,0.1474006175994873,106.15335488319397
crack0007_04.png,6.907644557952881,112.79832458496094,107.966796875,4.8315277099609375,112.78694152832031,109.23100280761719,3.555938720703125,0.2890811562538147,0.3015124201774597,0.01243126392364502,0.42896169424057007,0.41986602544784546,-0.00909566879272461,0.3444649577140808,0.3396115303039551,-0.004853427410125732,0.58991539478302,0.5893387198448181,0.0005766749382019043,0.19055411219596863,0.19055411219596863,116.63430714607239
crack0007_05.png,9.540508604049682,112.22136688232422,108.90678405761719,3.3145828247070312,111.4696273803711,110.01704406738281,1.4525833129882812,0.19000358879566193,0.23762676119804382,0.0476231724023819,0.21943187713623047,0.26454663276672363,0.045114755630493164,0.03877168893814087,0.11741548776626587,0.078643798828125,0.5961745381355286,0.595413327217102,0.0007612109184265137,0.20079153776168823,0.20079153776168823,123.01084166765213
crack0007_06.png,7.766086578369141,120.42761993408203,117.15239715576172,3.2752227783203125,112.19673919677734,110.53173828125,1.6650009155273438,0.29648178815841675,0.32684704661369324,0.03036525845527649,0.4088776707649231,0.44068145751953125,0.031803786754608154,0.3289366364479065,0.36218082904815674,0.033244192600250244,0.5893233418464661,0.5862360596656799,0.003087282180786133,0.18690380454063416,0.18690380454063416,124.57403492927551
crack0007_07.png,3.6320606231689454,114.88447570800781,112.57268524169922,2.3117904663085938,108.81156921386719,107.64848327636719,1.1630859375,0.25846627354621887,0.2649221420288086,0.006455868482589722,0.36957651376724243,0.37762540578842163,0.0080488920211792,0.30974721908569336,0.32236140966415405,0.012614190578460693,0.5976393818855286,0.5972241163253784,0.0004152655601501465,0.23206445574760437,0.23206445574760437,122.12617933750153
crack0007_08.png,8.09166078567505,100.56403350830078,95.03141021728516,5.532623291015625,106.73036193847656,105.19281768798828,1.5375442504882812,0.31754863262176514,0.3117978274822235,-0.005750805139541626,0.286715567111969,0.3491206169128418,0.0624050498008728,0.3095189929008484,0.2985960841178894,-0.010922908782958984,0.587031900882721,0.5893348455429077,-0.0023029446601867676,0.12504097819328308,0.12504097819328308,102.66324603557587
crack0007_09.png,4.77113676071167,110.4931640625,107.63688659667969,2.8562774658203125,107.1813735961914,106.7666015625,0.41477203369140625,0.3213042616844177,0.33258044719696045,0.011276185512542725,0.3183128833770752,0.3353935480117798,0.01708066463470459,0.2834276556968689,0.28724515438079834,0.0038174986839294434,0.594240665435791,0.5901499390602112,0.004090726375579834,0.18638603389263153,0.18638603389263153,113.55639624595642
crack0008_00.png,2.0724764823913575,105.20018768310547,103.8367691040039,1.3634185791015625,101.93718719482422,101.97496795654297,-0.03778076171875,0.30541443824768066,0.29388776421546936,-0.011526674032211304,0.3086562752723694,0.34815680980682373,0.039500534534454346,0.3638291358947754,0.36975300312042236,0.005923867225646973,0.585455596446991,0.5837985277175903,0.0016570687294006348,0.14815375208854675,0.14815375208854675,110.30343639850616
crack0008_01.png,0.6739976882934571,106.53791809082031,105.55463409423828,0.9832839965820312,102.72000122070312,101.86883544921875,0.851165771484375,0.3136269450187683,0.3130500614643097,-0.0005768835544586182,0.3439865708351135,0.330776572227478,-0.013209998607635498,0.32812052965164185,0.3335413932800293,0.005420863628387451,0.5884813666343689,0.5903614163398743,-0.001880049705505371,0.16408318281173706,0.16408318281173706,110.87772905826569
crack0008_02.png,3.053204822540283,110.70785522460938,109.1841812133789,1.5236740112304688,107.13819885253906,106.034423828125,1.1037750244140625,0.29262077808380127,0.2950201630592346,0.0023993849754333496,0.3802323341369629,0.39913153648376465,0.018899202346801758,0.38339096307754517,0.3919628858566284,0.008571922779083252,0.588985025882721,0.5854824781417847,0.0035025477409362793,0.15786784887313843,0.15786784887313843,115.9481725692749
crack0008_03.png,4.000637531280518,115.17569732666016,112.50690460205078,2.668792724609375,109.6597900390625,107.21540832519531,2.4443817138671875,0.27905163168907166,0.27388617396354675,-0.005165457725524902,0.2963886857032776,0.31217318773269653,0.015784502029418945,0.34240806102752686,0.33543968200683594,-0.006968379020690918,0.5963014364242554,0.5929027199745178,0.003398716449737549,0.2196296751499176,0.2196296751499176,121.26018798351288
crack0008_04.png,3.437928009033203,126.01763916015625,123.06051635742188,2.957122802734375,107.73281860351562,105.62257385253906,2.1102447509765625,0.27218225598335266,0.2656596004962921,-0.006522655487060547,0.46566325426101685,0.4714217185974121,0.005758464336395264,0.4011767506599426,0.3808109760284424,-0.020365774631500244,0.5877354741096497,0.5895309448242188,-0.0017954707145690918,0.20230171084403992,0.20230171084403992,132.18073952198029
crack0008_05.png,2.6546632766723635,119.90056610107422,118.16980743408203,1.7307586669921875,108.29590606689453,106.35894775390625,1.9369583129882812,0.28653591871261597,0.2870754599571228,0.0005395412445068359,0.34391266107559204,0.34506601095199585,0.0011533498764038086,0.39354854822158813,0.3936910629272461,0.00014251470565795898,0.5908304452896118,0.5893348455429077,0.0014955997467041016,0.13863840699195862,0.13863840699195862,125.47624945640564
crack0008_06.png,0.49129819869995117,119.9179916381836,117.97120666503906,1.9467849731445312,105.99078369140625,104.49794006347656,1.4928436279296875,0.28982508182525635,0.273623526096344,-0.016201555728912354,0.2501014471054077,0.2300201654434204,-0.020081281661987305,0.34364527463912964,0.3160420060157776,-0.02760326862335205,0.5950711369514465,0.5939023494720459,0.0011687874794006348,0.16472041606903076,0.16472041606903076,126.33003306388855
crack0008_07.png,2.9352610111236572,123.43858337402344,121.21595001220703,2.2226333618164062,115.53395080566406,112.96273040771484,2.5712203979492188,0.23506620526313782,0.2335592657327652,-0.0015069395303726196,0.3927552103996277,0.3845853805541992,-0.008169829845428467,0.4234389066696167,0.4145837426185608,-0.008855164051055908,0.5964090824127197,0.5931218862533569,0.003287196159362793,0.2001877725124359,0.2001877725124359,132.1700740456581
crack0008_08.png,3.2072772026062015,123.67273712158203,121.84226989746094,1.8304672241210938,106.01493835449219,103.50977325439453,2.5051651000976562,0.27491772174835205,0.27063027024269104,-0.004287451505661011,0.4906809329986572,0.5066367387771606,0.015955805778503418,0.40684038400650024,0.4213660955429077,0.01452571153640747,0.5849173665046692,0.5829296708106995,0.0019876956939697266,0.16731321811676025,0.16731321811676025,129.9163819551468
crack0008_09.png,3.371190071105957,116.52641296386719,113.97614288330078,2.5502700805664062,106.95081329345703,105.82635498046875,1.1244583129882812,0.30131784081459045,0.30111366510391235,-0.00020417571067810059,0.4357448220252991,0.44254809617996216,0.006803274154663086,0.43864792585372925,0.43757492303848267,-0.001073002815246582,0.5844175219535828,0.5815340280532837,0.0028834939002990723,0.1539730280637741,0.1539730280637741,120.56115889549255
crack0009_00.png,0.19340553283691397,108.49054718017578,107.26448059082031,1.2260665893554688,106.7628173828125,105.93768310546875,0.82513427734375,0.18870477378368378,0.18115051090717316,-0.00755426287651062,0.49085068702697754,0.47223353385925293,-0.01861715316772461,0.3114224672317505,0.30340540409088135,-0.00801706314086914,0.5948519706726074,0.5951941609382629,-0.0003421902656555176,0.15424567461013794,0.15424567461013794,120.81624966859818
crack0009_01.png,1.5274520874023438,115.6684799194336,113.44515991210938,2.2233200073242188,106.6355972290039,105.79710388183594,0.8384933471679688,0.29623642563819885,0.2847990393638611,-0.011437386274337769,0.4852635860443115,0.48079580068588257,-0.004467785358428955,0.358384370803833,0.33513975143432617,-0.023244619369506836,0.5911572575569153,0.5895963311195374,0.0015609264373779297,0.23164796829223633,0.23164796829223633,121.11516785621643
crack0009_02.png,3.3739273071289064,114.77566528320312,111.81689453125,2.958770751953125,108.91930389404297,106.77906036376953,2.1402435302734375,0.2190258651971817,0.20293991267681122,-0.016085952520370483,0.38279157876968384,0.4033440351486206,0.020552456378936768,0.20364385843276978,0.2269575595855713,0.023313701152801514,0.5931410789489746,0.5925451517105103,0.0005959272384643555,0.1622130274772644,0.1622130274772644,124.84552830457687
crack0009_03.png,2.714550495147705,112.16487121582031,110.10832977294922,2.0565414428710938,111.10323333740234,108.88594055175781,2.2172927856445312,0.21099545061588287,0.20400585234165192,-0.006989598274230957,0.3630412817001343,0.3705865144729614,0.0075452327728271484,0.2741321921348572,0.2801727056503296,0.006040513515472412,0.5906305313110352,0.5899192690849304,0.0007112622261047363,0.18843068182468414,0.18843068182468414,122.52147060632706
crack0009_04.png,2.226968860626221,111.03339385986328,108.28661346435547,2.7467803955078125,105.75152587890625,104.33201599121094,1.4195098876953125,0.22567781805992126,0.21642720699310303,-0.009250611066818237,0.472051739692688,0.4632588028907776,-0.0087929368019104,0.37583184242248535,0.3319128155708313,-0.04391902685165405,0.586543619632721,0.586439847946167,0.00010377168655395508,0.18430732190608978,0.18430732190608978,120.13611602783203
crack0009_05.png,2.618789005279541,109.99543762207031,107.58869171142578,2.4067459106445312,111.19741821289062,109.63267517089844,1.5647430419921875,0.2659241855144501,0.2594365179538727,-0.006487667560577393,0.5098238587379456,0.5112801790237427,0.0014563202857971191,0.352009117603302,0.3471364974975586,-0.004872620105743408,0.5917454957962036,0.5905728340148926,0.0011726617813110352,0.21499629318714142,0.21499629318714142,116.89569342136383
crack0009_06.png,2.3714662075042723,118.50106811523438,116.12171936035156,2.3793487548828125,118.04439544677734,115.8475570678711,2.19683837890625,0.20703841745853424,0.19960707426071167,-0.007431343197822571,0.3668213486671448,0.3603643774986267,-0.006456971168518066,0.2879881262779236,0.2766534090042114,-0.011334717273712158,0.5933794975280762,0.594225287437439,-0.000845789909362793,0.1847282499074936,0.1847282499074936,129.10398077964783
crack0009_07.png,1.6030528545379639,111.13458251953125,108.58524322509766,2.5493392944335938,106.55210876464844,105.61949157714844,0.9326171875,0.226979598402977,0.20895063877105713,-0.01802895963191986,0.46582210063934326,0.47332191467285156,0.007499814033508301,0.27642691135406494,0.2728843688964844,-0.0035425424575805664,0.5864936709403992,0.5909188985824585,-0.004425227642059326,0.1509304940700531,0.1509304940700531,120.95963048934937
crack0009_08.png,2.402599573135376,105.6138687133789,103.09294128417969,2.5209274291992188,103.00083923339844,101.17977905273438,1.8210601806640625,0.25288787484169006,0.2466820329427719,-0.006205841898918152,0.5103159546852112,0.4992290139198303,-0.01108694076538086,0.36949682235717773,0.3574536442756653,-0.012043178081512451,0.5913840532302856,0.5890542268753052,0.0023298263549804688,0.19634543359279633,0.19634543359279633,113.20784515142441
crack0009_09.png,2.8869190216064453,114.81060791015625,112.3879165649414,2.4226913452148438,113.10308837890625,111.54791259765625,1.55517578125,0.1977100372314453,0.194123774766922,-0.0035862624645233154,0.45409899950027466,0.4541613459587097,6.23464584350586e-05,0.2665401101112366,0.29274672269821167,0.026206612586975098,0.5919569134712219,0.5887928009033203,0.0031641125679016113,0.1642390787601471,0.1642390787601471,125.63011229038239
crack0010_00.png,-5.613229084014892,97.17278289794922,97.75112915039062,-0.5783462524414062,106.63875579833984,106.36954498291016,0.2692108154296875,0.4457237720489502,0.42248648405075073,-0.023237287998199463,0.20148301124572754,0.12115424871444702,-0.08032876253128052,0.23889952898025513,0.23439109325408936,-0.0045084357261657715,0.5875970721244812,0.5893579125404358,-0.0017608404159545898,0.09764929115772247,0.09764929115772247,95.68708348274231
crack0010_01.png,-3.0024538040161133,93.54345703125,95.37074279785156,-1.8272857666015625,116.9739761352539,115.70074462890625,1.2732315063476562,0.4113489091396332,0.40110307931900024,-0.010245829820632935,0.24195241928100586,0.22010570764541626,-0.0218467116355896,0.2748301029205322,0.27220726013183594,-0.002622842788696289,0.5901191830635071,0.5898923277854919,0.00022685527801513672,0.10672260820865631,0.10672260820865631,93.99568247795105
crack0010_02.png,0.5319650650024415,108.39636993408203,109.91191864013672,-1.5155487060546875,116.61679077148438,114.21117401123047,2.4056167602539062,0.42977866530418396,0.43856915831565857,0.00879049301147461,0.014542162418365479,0.0256461501121521,0.011103987693786621,0.11699843406677246,0.1310042142868042,0.014005780220031738,0.5860322713851929,0.5875855684280396,-0.0015532970428466797,0.09935634583234787,0.09935634583234787,106.87084710597992
crack0010_03.png,-0.19431266784667955,98.26274108886719,100.3181381225586,-2.0553970336914062,115.6432113647461,112.7655029296875,2.8777084350585938,0.3647069036960602,0.3665185570716858,0.0018116533756256104,0.05608242750167847,0.06897115707397461,0.012888729572296143,0.2096642255783081,0.21359002590179443,0.003925800323486328,0.5885659456253052,0.5873279571533203,0.0012379884719848633,0.10766187310218811,0.10766187310218811,100.95066320896149
crack0010_04.png,-2.0690412521362305,90.18576049804688,92.01524353027344,-1.8294830322265625,110.1924057006836,108.68540954589844,1.5069961547851562,0.4225446879863739,0.4314333498477936,0.008888661861419678,0.23564589023590088,0.19702881574630737,-0.038617074489593506,0.2949383854866028,0.2843678593635559,-0.010570526123046875,0.5887043476104736,0.5889235138893127,-0.00021916627883911133,0.11525531858205795,0.11525531858205795,89.30476129055023
crack0010_05.png,1.5576812744140627,89.11187744140625,89.89102172851562,-0.779144287109375,115.33311462402344,113.04653930664062,2.2865753173828125,0.4068797826766968,0.4156225025653839,0.008742719888687134,0.17204588651657104,0.19021528959274292,0.018169403076171875,0.22990721464157104,0.23249810934066772,0.0025908946990966797,0.5885813236236572,0.5886812806129456,-9.995698928833008e-05,0.1024579256772995,0.1024579256772995,88.63591384887695
crack0010_06.png,-4.317704963684082,92.02373504638672,93.6042251586914,-1.5804901123046875,108.94915771484375,108.56619262695312,0.382965087890625,0.3872009813785553,0.38698500394821167,-0.00021597743034362793,0.08698564767837524,0.01764887571334839,-0.06933677196502686,0.1939913034439087,0.1798287034034729,-0.014162600040435791,0.589473307132721,0.591964602470398,-0.002491295337677002,0.1039733812212944,0.1039733812212944,93.27346396446228
crack0010_07.png,-10.028585433959961,65.1048583984375,70.89054870605469,-5.7856903076171875,107.39273071289062,107.95341491699219,-0.5606842041015625,0.4021894931793213,0.39491409063339233,-0.007275402545928955,0.09531497955322266,0.0,-0.09531497955322266,0.205693781375885,0.18362993001937866,-0.022063851356506348,0.59186851978302,0.5824682712554932,0.009400248527526855,0.09766608476638794,0.09766608476638794,67.97759890556335
crack0010_08.png,2.708568000793457,82.43787384033203,81.38313293457031,1.0547409057617188,110.40898895263672,110.53230285644531,-0.12331390380859375,0.45803773403167725,0.45541003346443176,-0.0026277005672454834,0.21895480155944824,0.2623215317726135,0.04336673021316528,0.3130132555961609,0.3321567177772522,0.01914346218109131,0.5913033485412598,0.5868358612060547,0.004467487335205078,0.10851509869098663,0.10851509869098663,78.23803532123566
crack0010_09.png,-2.5435997009277345,100.50187683105469,102.89969635009766,-2.3978195190429688,107.69248962402344,107.57643127441406,0.116058349609375,0.3845183253288269,0.38158905506134033,-0.0029292702674865723,0.0,0.0,0.0,0.08680379390716553,0.06395983695983887,-0.02284395694732666,0.5875893831253052,0.5865359306335449,0.001053452491760254,0.10994493961334229,0.10994493961334229,102.30901861190796
crack0011_00.png,2.2409520149230957,114.76637268066406,113.41602325439453,1.3503494262695312,110.71752166748047,108.47764587402344,2.2398757934570312,0.3218843340873718,0.3162240982055664,-0.00566023588180542,0.37497663497924805,0.3868746757507324,0.011898040771484375,0.3627755045890808,0.36081182956695557,-0.001963675022125244,0.5859400033950806,0.5866512656211853,-0.0007112622261047363,0.23416699469089508,0.23416699469089508,118.58380270004272
crack0011_01.png,1.7177922248840332,107.04326629638672,105.45120239257812,1.5920639038085938,106.44158935546875,106.37730407714844,0.0642852783203125,0.3553205132484436,0.35913345217704773,0.003812938928604126,0.49465346336364746,0.4884706735610962,-0.0061827898025512695,0.4317542314529419,0.4003588557243347,-0.03139537572860718,0.5932179689407349,0.592160701751709,0.001057267189025879,0.19024324417114258,0.19024324417114258,108.6567223072052
crack0011_02.png,5.718168258666992,126.04258728027344,123.51131439208984,2.5312728881835938,108.05879211425781,106.64651489257812,1.4122772216796875,0.29247692227363586,0.3189676105976105,0.02649068832397461,0.3869590163230896,0.3992658257484436,0.012306809425354004,0.30609995126724243,0.31882619857788086,0.012726247310638428,0.5876047611236572,0.5873433351516724,0.0002614259719848633,0.21566715836524963,0.21566715836524963,130.73252594470978
crack0011_03.png,2.929557514190674,120.54415130615234,118.25238800048828,2.2917633056640625,107.96078491210938,106.78794860839844,1.1728363037109375,0.2547437250614166,0.2571803331375122,0.002436608076095581,0.20237994194030762,0.19812077283859253,-0.004259169101715088,0.11404156684875488,0.10434520244598389,-0.009696364402770996,0.5977739095687866,0.5941714644432068,0.003602445125579834,0.19331002235412598,0.19331002235412598,128.02460253238678
crack0011_04.png,2.3446005821228026,136.1818389892578,134.6242218017578,1.5576171875,110.1866455078125,108.96142578125,1.2252197265625,0.29529866576194763,0.3025226593017578,0.007223993539810181,0.4197472333908081,0.4110338091850281,-0.00871342420578003,0.33614420890808105,0.35069459676742554,0.014550387859344482,0.5936563014984131,0.5919684767723083,0.0016878247261047363,0.19496068358421326,0.19496068358421326,141.43136250972748
crack0011_05.png,5.746133327484131,110.32141876220703,107.05632019042969,3.2650985717773438,101.59230041503906,102.05746459960938,-0.4651641845703125,0.32117894291877747,0.3346494734287262,0.01347053050994873,0.40262478590011597,0.44297635555267334,0.04035156965255737,0.2916255593299866,0.3118652105331421,0.020239651203155518,0.583091139793396,0.583706259727478,-0.0006151199340820312,0.16335754096508026,0.16335754096508026,112.76638329029083
crack0011_06.png,2.2144994735717773,123.48357391357422,122.2253189086914,1.2582550048828125,109.99990844726562,108.59285736083984,1.4070510864257812,0.25233107805252075,0.2517661452293396,-0.0005649328231811523,0.5374053716659546,0.5437687635421753,0.006363391876220703,0.48738330602645874,0.4899821877479553,0.002598881721496582,0.5892233848571777,0.5846213102340698,0.00460207462310791,0.17245766520500183,0.17245766520500183,131.31741309165955
crack0011_07.png,2.6401262283325195,111.8436508178711,109.17308807373047,2.670562744140625,103.68204498291016,102.45008850097656,1.2319564819335938,0.28905731439590454,0.26875069737434387,-0.02030661702156067,0.5054591298103333,0.5315154790878296,0.026056349277496338,0.3796173930168152,0.38329875469207764,0.003681361675262451,0.5934025645256042,0.5919261574745178,0.0014764070510864258,0.19714726507663727,0.19714726507663727,118.11943018436432
crack0011_08.png,1.8200788497924805,117.16924285888672,114.75611877441406,2.4131240844726562,105.14468383789062,104.68531799316406,0.4593658447265625,0.34169653058052063,0.3385424017906189,-0.0031541287899017334,0.3956502079963684,0.37648332118988037,-0.019166886806488037,0.38514095544815063,0.3677988052368164,-0.01734215021133423,0.5931680202484131,0.5871126651763916,0.006055355072021484,0.20495091378688812,0.20495091378688812,119.37685751914978
crack0011_09.png,2.814724636077881,109.97154235839844,108.95355224609375,1.0179901123046875,106.13777160644531,106.18556213378906,-0.04779052734375,0.3420476019382477,0.3461812138557434,0.0041336119174957275,0.3171032667160034,0.3528597354888916,0.035756468772888184,0.30925077199935913,0.3326096534729004,0.02335888147354126,0.590088427066803,0.5887158513069153,0.0013725757598876953,0.2164498269557953,0.2164498269557953,112.54322826862335
crack0012_00.png,2.0556355476379395,115.81674194335938,114.51475524902344,1.3019866943359375,107.242431640625,105.2083740234375,2.0340576171875,0.32947397232055664,0.33335423469543457,0.0038802623748779297,0.49769771099090576,0.48588496446609497,-0.011812746524810791,0.42993468046188354,0.4204196333885193,-0.009515047073364258,0.5924029350280762,0.5898500680923462,0.0025528669357299805,0.25187522172927856,0.25187522172927856,119.09342765808105
crack0012_01.png,0.18765058517456046,103.19127655029297,102.75798797607422,0.43328857421875,108.35604858398438,106.81371307373047,1.5423355102539062,0.3264404833316803,0.3153540790081024,-0.01108640432357788,0.5374618768692017,0.5385048389434814,0.0010429620742797852,0.47219640016555786,0.4721273183822632,-6.908178329467773e-05,0.5904921293258667,0.5909265875816345,-0.00043445825576782227,0.26358863711357117,0.26358863711357117,107.69045102596283
crack0012_02.png,2.8078898429870605,113.98821258544922,110.93920135498047,3.04901123046875,109.00375366210938,106.8897476196289,2.1140060424804688,0.18419523537158966,0.17574213445186615,-0.00845310091972351,0.37978529930114746,0.36826616525650024,-0.011519134044647217,0.30491429567337036,0.27970343828201294,-0.025210857391357422,0.5898962020874023,0.588638961315155,0.0012572407722473145,0.1418209969997406,0.1418209969997406,125.51502698659897
crack0012_03.png,3.1541488647460936,100.23219299316406,97.15296173095703,3.0792312622070312,105.75299835205078,103.923095703125,1.8299026489257812,0.2173302322626114,0.2059876173734665,-0.011342614889144897,0.4831029176712036,0.49094992876052856,0.007847011089324951,0.4301471710205078,0.42351269721984863,-0.00663447380065918,0.5855247974395752,0.5871126651763916,-0.0015878677368164062,0.2448882907629013,0.2448882907629013,109.81782692670822
crack0012_04.png,1.3215795040130613,112.87608337402344,111.04132843017578,1.8347549438476562,104.96772766113281,103.51811218261719,1.449615478515625,0.20471248030662537,0.1964334398508072,-0.008279040455818176,0.4926668405532837,0.483867883682251,-0.008798956871032715,0.4295610785484314,0.4125083088874817,-0.017052769660949707,0.592153012752533,0.594121515750885,-0.0019685029983520508,0.192421555519104,0.192421555519104,123.93756014108658
crack0012_05.png,5.015278720855713,117.62983703613281,114.9011459350586,2.7286911010742188,114.92584991455078,112.49598693847656,2.4298629760742188,0.1348663717508316,0.15524400770664215,0.020377635955810547,0.37865573167800903,0.3682097792625427,-0.010445952415466309,0.2551456093788147,0.270799458026886,0.01565384864807129,0.6012380123138428,0.5986812710762024,0.002556741237640381,0.16087327897548676,0.16087327897548676,132.22302967309952
crack0012_06.png,4.445944547653198,111.73811340332031,108.81861114501953,2.9195022583007812,110.9592056274414,108.43551635742188,2.5236892700195312,0.21738065779209137,0.22093167901039124,0.0035510212182998657,0.45052218437194824,0.45562535524368286,0.005103170871734619,0.3905777931213379,0.39180463552474976,0.0012268424034118652,0.5973971486091614,0.5966781973838806,0.0007189512252807617,0.15036845207214355,0.15036845207214355,121.1314087510109
crack0012_07.png,5.101218509674072,119.89920806884766,116.5248031616211,3.3744049072265625,114.61840057373047,112.521240234375,2.0971603393554688,0.17681778967380524,0.18700991570949554,0.010192126035690308,0.4311673641204834,0.433027982711792,0.0018606185913085938,0.34837013483047485,0.3479729890823364,-0.00039714574813842773,0.5886966586112976,0.5887427926063538,-4.6133995056152344e-05,0.17274045944213867,0.17274045944213867,131.1526499390602
crack0012_08.png,-3.819906234741211,118.1698989868164,120.89168548583984,-2.7217864990234375,120.21095275878906,122.11456298828125,-1.9036102294921875,0.2926828861236572,0.2949448227882385,0.002261936664581299,0.4327419400215149,0.4216773509979248,-0.011064589023590088,0.4130175709724426,0.40852946043014526,-0.004488110542297363,0.5982814431190491,0.600157618522644,-0.0018761754035949707,0.27050256729125977,0.27050256729125977,125.97612380981445
crack0012_09.png,0.8710869789123534,115.18964385986328,112.86652374267578,2.3231201171875,109.19862365722656,107.37922668457031,1.81939697265625,0.2535862922668457,0.23468053340911865,-0.01890575885772705,0.48251253366470337,0.46909719705581665,-0.013415336608886719,0.43394970893859863,0.4148339033126831,-0.019115805625915527,0.5875625014305115,0.5908304452896118,-0.003267943859100342,0.25514987111091614,0.25514987111091614,123.58046960830688
crack0013_00.png,-4.831068420410157,83.75131225585938,85.71925354003906,-1.9679412841796875,109.18853759765625,106.55431365966797,2.6342239379882812,0.4068952798843384,0.39668428897857666,-0.010210990905761719,0.19139981269836426,0.11553150415420532,-0.07586830854415894,0.43124186992645264,0.4176270365715027,-0.013614833354949951,0.5893464088439941,0.5909765362739563,-0.0016301274299621582,0.10094471275806427,0.10094471275806427,84.57328701019287
crack0013_01.png,-4.258781051635742,80.00519561767578,82.58904266357422,-2.5838470458984375,109.7890625,109.04678344726562,0.742279052734375,0.4321345090866089,0.4160057604312897,-0.016128748655319214,0.21307373046875,0.19319003820419312,-0.019883692264556885,0.37836551666259766,0.36483830213546753,-0.013527214527130127,0.5868050456047058,0.5839599967002869,0.0028450489044189453,0.09691870957612991,0.09691870957612991,79.80897533893585
crack0013_02.png,-3.837644577026367,73.52576446533203,75.54901123046875,-2.0232467651367188,104.59367370605469,103.45475769042969,1.138916015625,0.37894636392593384,0.3649756908416748,-0.013970673084259033,0.2131471037864685,0.1812174916267395,-0.031929612159729004,0.4141945242881775,0.38276106119155884,-0.03143346309661865,0.5906382203102112,0.5875163674354553,0.0031218528747558594,0.10789728909730911,0.10789728909730911,76.26437520980835
crack0013_03.png,-0.14701595306396475,111.18472290039062,113.40342712402344,-2.2187042236328125,113.45730590820312,111.38216400146484,2.0751419067382812,0.39273715019226074,0.3937992453575134,0.0010620951652526855,0.1950055956840515,0.22326087951660156,0.02825528383255005,0.3154701590538025,0.3383488059043884,0.022878646850585938,0.5907535552978516,0.5900922417640686,0.000661313533782959,0.1255423128604889,0.1255423128604889,112.35998821258545
crack0013_04.png,-7.60083589553833,77.90352630615234,80.45181274414062,-2.5482864379882812,108.58283233642578,106.63621520996094,1.9466171264648438,0.4071286618709564,0.3617504835128784,-0.045378178358078,0.11364364624023438,0.059573590755462646,-0.05407005548477173,0.3941967487335205,0.38057225942611694,-0.013624489307403564,0.5878777503967285,0.5888312458992004,-0.0009534955024719238,0.09438194334506989,0.09438194334506989,81.0258903503418
crack0013_05.png,-4.198714351654052,103.11892700195312,106.45849609375,-3.339569091796875,111.61854553222656,110.25450897216797,1.3640365600585938,0.46565955877304077,0.45597657561302185,-0.009682983160018921,0.27568334341049194,0.2543555498123169,-0.02132779359817505,0.40079402923583984,0.4058494567871094,0.005055427551269531,0.5945174694061279,0.5889427065849304,0.00557476282119751,0.10202902555465698,0.10202902555465698,101.21081578731537
crack0013_06.png,-1.7623968124389648,83.01129913330078,84.36972045898438,-1.3584213256835938,110.68540954589844,109.94245910644531,0.742950439453125,0.37568938732147217,0.37445467710494995,-0.0012347102165222168,0.1727808713912964,0.1571793556213379,-0.015601515769958496,0.35579735040664673,0.35061073303222656,-0.005186617374420166,0.5939522981643677,0.5934102535247803,0.0005420446395874023,0.1129446029663086,0.1129446029663086,84.98132109642029
crack0013_07.png,-2.2289273262023928,93.73054504394531,94.9505615234375,-1.2200164794921875,111.32530975341797,109.87054443359375,1.4547653198242188,0.42906132340431213,0.42926275730133057,0.00020143389701843262,0.16590756177902222,0.12221640348434448,-0.043691158294677734,0.42274338006973267,0.40978533029556274,-0.012958049774169922,0.5935986042022705,0.590080738067627,0.0035178661346435547,0.1018623486161232,0.1018623486161232,92.3408180475235
crack0013_08.png,-2.5223678588867187,95.27433776855469,96.96680450439453,-1.6924667358398438,114.21586608886719,112.92987060546875,1.2859954833984375,0.39675024151802063,0.3897603750228882,-0.006989866495132446,0.2952228784561157,0.27488386631011963,-0.020339012145996094,0.41036397218704224,0.40383249521255493,-0.006531476974487305,0.5939869284629822,0.5932756662368774,0.0007112622261047363,0.09609287977218628,0.09609287977218628,96.4944257736206
crack0013_09.png,-4.556792163848877,76.5877914428711,79.96379089355469,-3.3759994506835938,107.92552185058594,106.82564544677734,1.0998764038085938,0.4492734670639038,0.45391449332237244,0.004641026258468628,0.20692050457000732,0.15884995460510254,-0.048070549964904785,0.3915787935256958,0.37747544050216675,-0.014103353023529053,0.5899654030799866,0.5916954874992371,-0.0017300844192504883,0.10504218190908432,0.10504218190908432,74.98720264434814
crack0014_00.png,0.8370349407196045,117.2165298461914,117.544189453125,-0.32765960693359375,109.86862182617188,109.34574127197266,0.5228805541992188,0.2047906219959259,0.23706971108913422,0.03227908909320831,0.47541284561157227,0.4327632188796997,-0.04264962673187256,0.3593331575393677,0.3385540246963501,-0.020779132843017578,0.5974279046058655,0.5954478979110718,0.001980006694793701,0.1702074408531189,0.1702074408531189,128.99003851413727
crack0014_01.png,-1.1855156898498536,112.50575256347656,111.76075744628906,0.7449951171875,105.404296875,104.5228271484375,0.8814697265625,0.31020882725715637,0.2808454632759094,-0.029363363981246948,0.421172559261322,0.41994601488113403,-0.0012265443801879883,0.38157618045806885,0.41288065910339355,0.03130447864532471,0.5887235403060913,0.5858477354049683,0.002875804901123047,0.19547829031944275,0.19547829031944275,118.8314688205719
crack0014_02.png,2.1433664321899415,116.22579193115234,115.9039077758789,0.3218841552734375,104.51185607910156,103.08979034423828,1.4220657348632812,0.22787338495254517,0.2415960729122162,0.01372268795967102,0.40004897117614746,0.40396612882614136,0.0039171576499938965,0.32877063751220703,0.3328428864479065,0.004072248935699463,0.5901230573654175,0.5901691913604736,-4.6133995056152344e-05,0.1943245232105255,0.1943245232105255,125.99921441078186
crack0014_03.png,2.927919054031372,117.31537628173828,116.75299072265625,0.5623855590820312,107.24017333984375,106.22872924804688,1.011444091796875,0.23657025396823883,0.24822872877120972,0.011658474802970886,0.3845865726470947,0.4110163450241089,0.02642977237701416,0.3207927942276001,0.3445766568183899,0.023783862590789795,0.5905805230140686,0.5913033485412598,-0.0007228255271911621,0.20897427201271057,0.20897427201271057,126.49210220575333
crack0014_04.png,-0.8783707618713379,117.0970230102539,117.16134643554688,-0.06432342529296875,110.1269760131836,108.68341827392578,1.4435577392578125,0.30322209000587463,0.26412948966026306,-0.03909260034561157,0.1731795072555542,0.21645492315292358,0.043275415897369385,0.051947951316833496,0.10274207592010498,0.050794124603271484,0.5926066637039185,0.592483639717102,0.00012302398681640625,0.1538362205028534,0.1538362205028534,124.98568189144135
crack0014_05.png,6.886637449264526,116.11386108398438,114.33016204833984,1.7836990356445312,107.16767883300781,105.50180053710938,1.6658782958984375,0.18553580343723297,0.23035460710525513,0.044818803668022156,0.39519959688186646,0.4140814542770386,0.01888185739517212,0.33560460805892944,0.34531521797180176,0.009710609912872314,0.58991539478302,0.587520182132721,0.0023952126502990723,0.19275358319282532,0.19275358319282532,127.68647915124893
crack0014_06.png,1.353670024871826,114.3922119140625,113.98234558105469,0.4098663330078125,107.15931701660156,105.40507507324219,1.754241943359375,0.2976680099964142,0.3097434639930725,0.012075453996658325,0.2458828091621399,0.22555851936340332,-0.020324289798736572,0.15401262044906616,0.19494009017944336,0.0409274697303772,0.5886774063110352,0.5864513516426086,0.0022260546684265137,0.1463649570941925,0.1463649570941925,119.87429440021515
crack0014_07.png,2.08705358505249,118.8294677734375,118.25326538085938,0.576202392578125,106.08772277832031,104.5899658203125,1.4977569580078125,0.27366146445274353,0.28776177763938904,0.014100313186645508,0.31981366872787476,0.3173863887786865,-0.0024272799491882324,0.2672894597053528,0.2717561721801758,0.004466712474822998,0.5903652310371399,0.5933448672294617,-0.0029796361923217773,0.17890013754367828,0.17890013754367828,125.85547339916229
crack0014_08.png,2.0371396064758303,110.33978271484375,111.53292846679688,-1.193145751953125,102.60832214355469,101.94078063964844,0.66754150390625,0.24772405624389648,0.2769146263599396,0.02919057011604309,0.3705730438232422,0.38527780771255493,0.014704763889312744,0.3245818018913269,0.3415510654449463,0.016969263553619385,0.5857747197151184,0.584778904914856,0.0009958148002624512,0.20440971851348877,0.20440971851348877,119.50390100479126
crack0014_09.png,5.788501930236817,129.54478454589844,128.23367309570312,1.3111114501953125,113.30016326904297,110.89189910888672,2.40826416015625,0.26489678025245667,0.3013657331466675,0.036468952894210815,0.2957804203033447,0.31174808740615845,0.01596766710281372,0.16105800867080688,0.193820059299469,0.03276205062866211,0.5901730060577393,0.5912264585494995,-0.001053452491760254,0.16389895975589752,0.16389895975589752,136.64448034763336
crack0015_00.png,1.9251029014587404,129.79928588867188,128.4188690185547,1.3804168701171875,113.19559478759766,112.08688354492188,1.1087112426757812,0.25257933139801025,0.2564738392829895,0.003894507884979248,0.2646685242652893,0.2606052756309509,-0.004063248634338379,0.15962517261505127,0.14380019903182983,-0.015824973583221436,0.5941714644432068,0.5953671932220459,-0.0011957287788391113,0.1625521183013916,0.1625521183013916,137.7690052986145
crack0015_01.png,2.320806694030762,124.71907043457031,122.26943969726562,2.4496307373046875,112.29117584228516,110.65008544921875,1.6410903930664062,0.2899309992790222,0.2943004071712494,0.004369407892227173,0.3346080183982849,0.30596858263015747,-0.02863943576812744,0.3355278968811035,0.3346977233886719,-0.0008301734924316406,0.5912764072418213,0.5910072922706604,0.00026911497116088867,0.1878308653831482,0.1878308653831482,129.7494513988495
crack0015_02.png,4.8294532775878904,127.17900085449219,123.3087387084961,3.8702621459960938,113.4368896484375,110.87406921386719,2.5628204345703125,0.2689536213874817,0.2972981929779053,0.028344571590423584,0.3040350079536438,0.24649327993392944,-0.057541728019714355,0.30539464950561523,0.3091166615486145,0.0037220120429992676,0.5908881425857544,0.5916839838027954,-0.0007958412170410156,0.19222614169120789,0.19222614169120789,132.77401185035706
crack0015_03.png,5.153037643432617,123.90181732177734,121.77347564697266,2.1283416748046875,113.5888900756836,111.42654418945312,2.1623458862304688,0.2287207841873169,0.24872368574142456,0.020002901554107666,0.36283451318740845,0.37672269344329834,0.013888180255889893,0.33973008394241333,0.3662463426589966,0.026516258716583252,0.599550187587738,0.5994502305984497,9.995698928833008e-05,0.17165735363960266,0.17165735363960266,133.0964069366455
crack0015_04.png,9.704245281219482,124.76234436035156,121.60993194580078,3.1524124145507812,109.38908386230469,107.23648071289062,2.1526031494140625,0.24173083901405334,0.2976498603820801,0.05591902136802673,0.25681382417678833,0.28473883867263794,0.02792501449584961,0.17309874296188354,0.2449188232421875,0.07182008028030396,0.5879469513893127,0.5854402184486389,0.002506732940673828,0.155663400888443,0.155663400888443,132.20016586780548
crack0015_05.png,9.246705341339112,142.7514190673828,139.27133178710938,3.4800872802734375,123.72191619873047,121.16539001464844,2.5565261840820312,0.2281840443611145,0.26500293612480164,0.036818891763687134,0.24874675273895264,0.293559193611145,0.04481244087219238,0.20939797163009644,0.297664999961853,0.08826702833175659,0.5928104519844055,0.5926604866981506,0.0001499652862548828,0.18564508855342865,0.18564508855342865,151.03275084495544
crack0015_06.png,7.843121337890625,121.36126708984375,118.15043640136719,3.2108306884765625,117.21426391601562,115.18077087402344,2.0334930419921875,0.25138789415359497,0.29620644450187683,0.04481855034828186,0.3443987965583801,0.35149896144866943,0.007100164890289307,0.27196943759918213,0.3152851462364197,0.04331570863723755,0.5885543823242188,0.5898193120956421,-0.0012649297714233398,0.2047463357448578,0.2047463357448578,128.26535058021545
crack0015_07.png,1.9830150604248047,118.30123138427734,115.76271057128906,2.5385208129882812,110.32389068603516,108.89738464355469,1.4265060424804688,0.31083381175994873,0.31384602189064026,0.0030122101306915283,0.3629029393196106,0.3254193663597107,-0.0374835729598999,0.36147570610046387,0.3441609740257263,-0.01731473207473755,0.5951018929481506,0.5917954444885254,0.003306448459625244,0.2306896448135376,0.2306896448135376,122.1860179901123
crack0015_08.png,2.4046528816223143,128.02764892578125,124.50080108642578,3.5268478393554688,112.3324203491211,109.83574676513672,2.496673583984375,0.28461065888404846,0.263360857963562,-0.02124980092048645,0.3481096029281616,0.33738768100738525,-0.010721921920776367,0.34974175691604614,0.3450474143028259,-0.004694342613220215,0.5974817276000977,0.597281813621521,0.00019991397857666016,0.1560850590467453,0.1560850590467453,134.3618426322937
crack0015_09.png,3.6643427848815917,132.8144073486328,130.9072265625,1.9071807861328125,112.57018280029297,110.27318572998047,2.2969970703125,0.2895030975341797,0.29034703969955444,0.0008439421653747559,0.3091346025466919,0.32224661111831665,0.013112008571624756,0.3312525153160095,0.3529512882232666,0.02169877290725708,0.5938408374786377,0.5876816511154175,0.006159186363220215,0.21089133620262146,0.21089133620262146,138.24426460266113
crack0016_00.png,3.6823105812072754,109.22348022460938,108.38488006591797,0.8386001586914062,102.29749298095703,101.91453552246094,0.38295745849609375,0.344291090965271,0.364766925573349,0.020475834608078003,0.5219013690948486,0.5461175441741943,0.024216175079345703,0.4819677472114563,0.5013349056243896,0.01936715841293335,0.5931833982467651,0.591088056564331,0.002095341682434082,0.15900637209415436,0.15900637209415436,111.87405061721802
crack0016_01.png,1.7519352912902832,107.44295501708984,105.87895965576172,1.563995361328125,105.91719055175781,104.89009094238281,1.027099609375,0.318707138299942,0.3122091591358185,-0.006497979164123535,0.4705768823623657,0.47669315338134766,0.006116271018981934,0.4255077838897705,0.42262858152389526,-0.002879202365875244,0.5841752886772156,0.5828680992126465,0.0013071894645690918,0.14610785245895386,0.14610785245895386,111.2954193353653
crack0016_02.png,0.9276390075683594,109.63600158691406,109.54130554199219,0.094696044921875,104.10614013671875,103.68026733398438,0.425872802734375,0.34973403811454773,0.35486170649528503,0.005127668380737305,0.4704176187515259,0.4723595380783081,0.0019419193267822266,0.45374971628189087,0.45678216218948364,0.0030324459075927734,0.5961169004440308,0.5917493104934692,0.0043675899505615234,0.21572068333625793,0.21572068333625793,112.44928729534149
crack0016_03.png,-1.3516093254089356,108.63776397705078,108.36890411376953,0.26885986328125,109.39376831054688,109.14633178710938,0.2474365234375,0.3073447346687317,0.29504573345184326,-0.012299001216888428,0.433188796043396,0.411082923412323,-0.022105872631072998,0.4067777991294861,0.3879324197769165,-0.01884537935256958,0.5951441526412964,0.5914263725280762,0.003717780113220215,0.16205313801765442,0.16205313801765442,114.60635614395142
crack0016_04.png,2.5673641204833983,114.97216796875,111.90109252929688,3.071075439453125,106.30755615234375,104.81660461425781,1.4909515380859375,0.33978360891342163,0.3435978293418884,0.003814220428466797,0.45920389890670776,0.4244038462638855,-0.034800052642822266,0.42257797718048096,0.39640355110168457,-0.026174426078796387,0.5879584550857544,0.5882891416549683,-0.0003306865692138672,0.14767709374427795,0.14767709374427795,116.58117938041687
crack0016_05.png,2.687137222290039,117.1606216430664,115.88631439208984,1.2743072509765625,105.79750061035156,104.66432189941406,1.1331787109375,0.2987476885318756,0.3124527931213379,0.01370510458946228,0.4738541841506958,0.4702983498573303,-0.0035558342933654785,0.43903225660324097,0.43450236320495605,-0.004529893398284912,0.5897731781005859,0.5896385908126831,0.00013458728790283203,0.13956837356090546,0.13956837356090546,122.18953382968903
crack0016_06.png,-5.827985763549805,165.9051055908203,169.71470642089844,-3.809600830078125,170.39649963378906,174.45648193359375,-4.0599822998046875,0.2847103774547577,0.2886667549610138,0.0039563775062561035,0.4400586485862732,0.4232472777366638,-0.016811370849609375,0.44962477684020996,0.44164323806762695,-0.007981538772583008,0.5976316928863525,0.5985928773880005,-0.0009611845016479492,0.17489761114120483,0.17489761114120483,174.67099845409393
crack0016_07.png,2.6913476943969727,108.08989715576172,107.43486022949219,0.6550369262695312,105.98802185058594,105.05694580078125,0.9310760498046875,0.31502729654312134,0.339732825756073,0.02470552921295166,0.5201718807220459,0.5136457681655884,-0.0065261125564575195,0.46746402978897095,0.4664685130119324,-0.0009955167770385742,0.5912725925445557,0.5925605297088623,-0.0012879371643066406,0.15230026841163635,0.15230026841163635,112.56316208839417
crack0016_08.png,2.1875757217407226,111.325439453125,110.28289031982422,1.0425491333007812,109.76055908203125,109.00004577636719,0.7605133056640625,0.3471558392047882,0.3543802797794342,0.007224440574645996,0.42771685123443604,0.43711817264556885,0.009401321411132812,0.42278826236724854,0.43011772632598877,0.007329463958740234,0.5882160663604736,0.5910457372665405,-0.0028296709060668945,0.16214808821678162,0.16214808821678162,113.61664402484894
crack0016_09.png,6.365441608428955,105.27071380615234,104.04891204833984,1.2218017578125,104.67970275878906,103.38317108154297,1.2965316772460938,0.27399179339408875,0.3318277895450592,0.05783599615097046,0.5460638999938965,0.5465750694274902,0.00051116943359375,0.4838855266571045,0.49106186628341675,0.007176339626312256,0.5881161093711853,0.5886735916137695,-0.0005574822425842285,0.15242375433444977,0.15242375433444977,111.76724898815155
crack0017_00.png,5.352325391769409,104.82759094238281,101.66565704345703,3.1619338989257812,106.14046478271484,103.51213073730469,2.6283340454101562,0.19515497982501984,0.21056294441223145,0.015407964587211609,0.43068331480026245,0.42776328325271606,-0.0029200315475463867,0.4150518774986267,0.41135281324386597,-0.003699064254760742,0.5904306173324585,0.5898500680923462,0.0005805492401123047,0.1544521152973175,0.1544521152973175,115.15454989671707
crack0017_01.png,0.8458076000213621,109.30303955078125,106.27157592773438,3.031463623046875,103.70266723632812,102.32240295410156,1.3802642822265625,0.262475848197937,0.23198528587818146,-0.030490562319755554,0.4064341187477112,0.3986213207244873,-0.007812798023223877,0.37385278940200806,0.3701387047767639,-0.0037140846252441406,0.5920799970626831,0.5917301177978516,0.00034987926483154297,0.12672239542007446,0.12672239542007446,117.55139046907425
crack0017_02.png,3.0999147415161135,105.08221435546875,103.37081909179688,1.711395263671875,101.7630386352539,100.76262664794922,1.0004119873046875,0.2875837981700897,0.2906467914581299,0.003062993288040161,0.3833351731300354,0.3974582552909851,0.014123082160949707,0.43585097789764404,0.440146803855896,0.004295825958251953,0.591995358467102,0.587535560131073,0.004459798336029053,0.22253568470478058,0.22253568470478058,110.65130317211151
crack0017_03.png,4.447403240203857,103.67363739013672,100.00889587402344,3.6647415161132812,104.51458740234375,103.52960205078125,0.9849853515625,0.2955942451953888,0.29742416739463806,0.0018299221992492676,0.3778282403945923,0.38366979360580444,0.005841553211212158,0.34923821687698364,0.36102354526519775,0.011785328388214111,0.5854440331459045,0.5852287411689758,0.00021529197692871094,0.14131730794906616,0.14131730794906616,107.52337324619293
crack0017_04.png,3.1265981674194334,115.01422119140625,112.27790832519531,2.7363128662109375,104.10668182373047,102.61582946777344,1.4908523559570312,0.3459233045578003,0.34461313486099243,-0.0013101696968078613,0.4741625189781189,0.4702320098876953,-0.003930509090423584,0.4906519651412964,0.4858543872833252,-0.004797577857971191,0.5907612442970276,0.5893617868423462,0.0013994574546813965,0.21408280730247498,0.21408280730247498,116.59972643852234
crack0017_05.png,3.674975872039795,113.05683898925781,111.17595672607422,1.8808822631835938,106.73908996582031,104.50096893310547,2.2381210327148438,0.21584559977054596,0.21745802462100983,0.0016124248504638672,0.37067943811416626,0.39297837018966675,0.02229893207550049,0.3620309829711914,0.37476497888565063,0.012733995914459229,0.588212251663208,0.5912649035453796,-0.003052651882171631,0.18766558170318604,0.18766558170318604,122.81625801324844
crack0017_06.png,5.457998180389405,111.6036605834961,108.55487823486328,3.0487823486328125,110.87355041503906,109.12022399902344,1.753326416015625,0.24864712357521057,0.2671598494052887,0.018512725830078125,0.376068651676178,0.38523900508880615,0.009170353412628174,0.39688676595687866,0.39683735370635986,-4.941225051879883e-05,0.5879661440849304,0.5914648175239563,-0.003498673439025879,0.1863136887550354,0.1863136887550354,118.8190346956253
crack0017_07.png,1.9704438209533688,104.56790924072266,100.36385345458984,4.2040557861328125,106.12269592285156,105.25841522216797,0.8642807006835938,0.37672701478004456,0.3556338846683502,-0.021093130111694336,0.42032790184020996,0.3996419310569763,-0.020685970783233643,0.4054567217826843,0.3826397657394409,-0.022816956043243408,0.5837101340293884,0.5853210091590881,-0.001610875129699707,0.23061805963516235,0.23061805963516235,104.54068863391876
crack0017_08.png,2.6996712684631348,112.43606567382812,109.73480224609375,2.701263427734375,104.27523803710938,102.75973510742188,1.5155029296875,0.2875581681728363,0.2854592204093933,-0.002098947763442993,0.4353945255279541,0.42561250925064087,-0.009782016277313232,0.4439576268196106,0.43152177333831787,-0.012435853481292725,0.5922222137451172,0.593437135219574,-0.0012149214744567871,0.2113173007965088,0.2113173007965088,117.6953661441803
crack0017_09.png,-9.40119709968567,124.79269409179688,132.28695678710938,-7.4942626953125,137.00741577148438,143.17037963867188,-6.1629638671875,0.2297990918159485,0.23515187203884125,0.005352780222892761,0.4074704647064209,0.4121706485748291,0.004700183868408203,0.39229804277420044,0.3876115083694458,-0.004686534404754639,0.5956478118896484,0.5970972776412964,-0.0014494657516479492,0.24188439548015594,0.24188439548015594,138.63577103614807
crack0018_00.png,-1.6012408256530761,92.75387573242188,92.79564666748047,-0.04177093505859375,111.6937026977539,111.09526062011719,0.5984420776367188,0.321295827627182,0.3152044713497162,-0.00609135627746582,0.34228605031967163,0.3071753978729248,-0.035110652446746826,0.35513073205947876,0.3533608913421631,-0.0017698407173156738,0.585778534412384,0.5834563374519348,0.0023221969604492188,0.14619851112365723,0.14619851112365723,97.29363429546356
crack0018_01.png,1.7981989860534668,99.81663513183594,98.63347625732422,1.1831588745117188,106.89810943603516,105.59741973876953,1.300689697265625,0.2556324601173401,0.25925058126449585,0.0036181211471557617,0.36762332916259766,0.3607569932937622,-0.006866335868835449,0.4607946276664734,0.44773203134536743,-0.013062596321105957,0.5955401659011841,0.5935409665107727,0.001999199390411377,0.12442351132631302,0.12442351132631302,107.70871472358704
crack0018_02.png,3.4316963195800785,107.7203369140625,105.60645294189453,2.1138839721679688,117.77301788330078,114.96118927001953,2.81182861328125,0.2422117441892624,0.24209056794643402,-0.00012117624282836914,0.24977636337280273,0.25254660844802856,0.00277024507522583,0.3283677101135254,0.32062065601348877,-0.007747054100036621,0.5909304022789001,0.588631272315979,0.0022991299629211426,0.19186043739318848,0.19186043739318848,115.77517694234848
crack0018_03.png,4.716492986679077,98.61421966552734,95.84468841552734,2.76953125,111.1492919921875,108.4542236328125,2.695068359375,0.2503163516521454,0.23555414378643036,-0.014762207865715027,0.20299780368804932,0.25239628553390503,0.04939848184585571,0.33059853315353394,0.35710906982421875,0.026510536670684814,0.591860830783844,0.5900115370750427,0.0018492937088012695,0.1261560022830963,0.1261560022830963,106.77063864469528
crack0018_04.png,5.026569032669068,99.73604583740234,96.7271728515625,3.0088729858398438,113.24331665039062,110.98309326171875,2.260223388671875,0.22291061282157898,0.22552190721035004,0.002611294388771057,0.3673393726348877,0.38685816526412964,0.019518792629241943,0.39467841386795044,0.4183235764503479,0.02364516258239746,0.5951441526412964,0.5920453667640686,0.003098785877227783,0.12395729869604111,0.12395729869604111,108.66273868083954
crack0018_05.png,2.14701623916626,99.87174987792969,98.39574432373047,1.4760055541992188,113.49825286865234,111.6753921508789,1.8228607177734375,0.25603336095809937,0.27391526103019714,0.01788190007209778,0.18668019771575928,0.1494746208190918,-0.03720557689666748,0.3513263463973999,0.32816070318222046,-0.023165643215179443,0.589900016784668,0.5899115800857544,-1.1563301086425781e-05,0.13639995455741882,0.13639995455741882,107.36820864677429
crack0018_06.png,1.8314356803894043,95.7811050415039,95.29193115234375,0.48917388916015625,105.04804992675781,104.682373046875,0.3656768798828125,0.2726212739944458,0.28598853945732117,0.013367265462875366,0.4103160500526428,0.4118088483810425,0.0014927983283996582,0.4610596299171448,0.45135802030563354,-0.00970160961151123,0.588219940662384,0.5865474939346313,0.0016724467277526855,0.1395157277584076,0.1395157277584076,102.70803928375244
crack0018_07.png,2.4380296230316163,93.44499206542969,91.96453094482422,1.4804611206054688,108.14520263671875,106.43943786621094,1.7057647705078125,0.2571859359741211,0.2303035408258438,-0.026882395148277283,0.2937049865722656,0.3542975187301636,0.06059253215789795,0.39659565687179565,0.4152250289916992,0.018629372119903564,0.5872395038604736,0.5871856808662415,5.3822994232177734e-05,0.1337127387523651,0.1337127387523651,102.37612920999527
crack0018_08.png,2.7715295791625976,101.00858306884766,99.25281524658203,1.755767822265625,112.85948181152344,110.4420166015625,2.4174652099609375,0.2433852255344391,0.24121662974357605,-0.002168595790863037,0.32747143507003784,0.3283913731575012,0.0009199380874633789,0.39341652393341064,0.3932421803474426,-0.00017434358596801758,0.6018031239509583,0.5971664786338806,0.004636645317077637,0.18085625767707825,0.18085625767707825,109.72982633113861
crack0018_09.png,3.3643606185913084,101.63488006591797,99.79459381103516,1.8402862548828125,114.5370101928711,112.02080535888672,2.516204833984375,0.3078552484512329,0.3059067726135254,-0.0019484758377075195,0.37872380018234253,0.3935190439224243,0.014795243740081787,0.446458637714386,0.4569869637489319,0.010528326034545898,0.5915378928184509,0.589496374130249,0.0020415186882019043,0.18280339241027832,0.18280339241027832,106.02184629440308
crack0019_00.png,-3.0366579055786134,105.02369689941406,105.99440002441406,-0.970703125,111.0794448852539,111.47928619384766,-0.39984130859375,0.3494219183921814,0.33471161127090454,-0.014710307121276855,0.4887242913246155,0.47168242931365967,-0.01704186201095581,0.44829070568084717,0.4284500479698181,-0.019840657711029053,0.598746657371521,0.5999346375465393,-0.0011879801750183105,0.19028222560882568,0.19028222560882568,109.42373728752136
crack0019_01.png,2.188617992401123,107.64079284667969,104.3462905883789,3.2945022583007812,103.81855773925781,101.9408950805664,1.8776626586914062,0.37717148661613464,0.33549579977989197,-0.041675686836242676,0.3231603503227234,0.3576965928077698,0.03453624248504639,0.3741985559463501,0.3909494876861572,0.01675093173980713,0.589615523815155,0.5872241258621216,0.0023913979530334473,0.15745767951011658,0.15745767951011658,109.44841468334198
crack0019_02.png,6.857488441467286,117.79821014404297,113.30143737792969,4.496772766113281,114.4094009399414,111.5688705444336,2.8405303955078125,0.3762591779232025,0.40751054883003235,0.031251370906829834,0.3308299779891968,0.3007314205169678,-0.030098557472229004,0.3528209924697876,0.34827834367752075,-0.004542648792266846,0.5912725925445557,0.5930641889572144,-0.0017915964126586914,0.17946380376815796,0.17946380376815796,116.69684064388275
crack0019_03.png,0.4199753761291505,99.96049499511719,96.86983489990234,3.0906600952148438,107.4937973022461,106.04525756835938,1.4485397338867188,0.3657327890396118,0.32766592502593994,-0.038066864013671875,0.2710055112838745,0.2653830647468567,-0.005622446537017822,0.3458701968193054,0.3421001434326172,-0.0037700533866882324,0.5909150242805481,0.590411365032196,0.0005036592483520508,0.15950024127960205,0.15950024127960205,102.3918104171753
crack0019_04.png,-0.10185508728027326,100.74021911621094,97.47837829589844,3.2618408203125,112.79230499267578,110.49447631835938,2.2978286743164062,0.3148987591266632,0.26993125677108765,-0.04496750235557556,0.24485349655151367,0.22732949256896973,-0.017524003982543945,0.3115379810333252,0.311018168926239,-0.0005198121070861816,0.5937101244926453,0.5933218002319336,0.0003883242607116699,0.15188774466514587,0.15188774466514587,106.66182827949524
crack0019_05.png,-1.317633056640625,98.4708480834961,96.03390502929688,2.4369430541992188,114.17938995361328,112.40145111083984,1.7779388427734375,0.3321909010410309,0.32678505778312683,-0.005405843257904053,0.3191600441932678,0.21517914533615112,-0.1039808988571167,0.26459312438964844,0.21252930164337158,-0.052063822746276855,0.5960092544555664,0.5928604602813721,0.003148794174194336,0.13174039125442505,0.13174039125442505,101.48564326763153
crack0019_06.png,5.914042901992798,123.03761291503906,121.02229309082031,2.01531982421875,113.66030883789062,112.28346252441406,1.3768463134765625,0.2312093824148178,0.26920267939567566,0.03799329698085785,0.4638523459434509,0.4690432548522949,0.005190908908843994,0.4062718152999878,0.4091905951499939,0.0029187798500061035,0.5994194746017456,0.5968973636627197,0.002522110939025879,0.15945516526699066,0.15945516526699066,132.13416904211044
crack0019_07.png,3.049704647064209,104.42656707763672,101.25679016113281,3.1697769165039062,108.81053161621094,106.9434814453125,1.8670501708984375,0.3357527256011963,0.33278438448905945,-0.002968341112136841,0.15440648794174194,0.13423031568527222,-0.020176172256469727,0.24594396352767944,0.2354888916015625,-0.010455071926116943,0.5887081623077393,0.5842676162719727,0.0044405460357666016,0.14532892405986786,0.14532892405986786,106.42294204235077
crack0019_08.png,1.6832403182983402,111.8094253540039,107.99846649169922,3.8109588623046875,110.3450927734375,108.14498901367188,2.200103759765625,0.39793461561203003,0.374234139919281,-0.023700475692749023,0.29156118631362915,0.2621956467628479,-0.02936553955078125,0.33887261152267456,0.3259090185165405,-0.012963593006134033,0.5923721790313721,0.5907996892929077,0.0015724897384643555,0.19391176104545593,0.19391176104545593,111.14478468894958
crack0019_09.png,-0.7197525024414064,100.88154602050781,100.37872314453125,0.5028228759765625,106.89176177978516,106.13626861572266,0.7554931640625,0.3563695549964905,0.31777289509773254,-0.038596659898757935,0.11007261276245117,0.14492899179458618,0.03485637903213501,0.24969494342803955,0.2669548988342285,0.017259955406188965,0.5952326059341431,0.5910149812698364,0.004217624664306641,0.15869075059890747,0.15869075059890747,105.3730651140213
crack0020_00.png,0.7095716953277589,95.7275390625,95.25374603271484,0.47379302978515625,109.27796173095703,107.67801666259766,1.599945068359375,0.2284804880619049,0.2334037572145462,0.004923269152641296,0.35991430282592773,0.3420119881629944,-0.01790231466293335,0.39810818433761597,0.3858691453933716,-0.012239038944244385,0.5880776643753052,0.5901268720626831,-0.0020492076873779297,0.20758336782455444,0.20758336782455444,105.38688814640045
crack0020_01.png,3.6874038219451903,98.2903823852539,96.80606842041016,1.48431396484375,109.71279907226562,107.61290740966797,2.0998916625976562,0.21726416051387787,0.23249927163124084,0.015235111117362976,0.3759757876396179,0.3769502639770508,0.0009744763374328613,0.3697502613067627,0.36475932598114014,-0.004990935325622559,0.5876778364181519,0.5850442051887512,0.0026336312294006348,0.22322764992713928,0.22322764992713928,108.01948922872543
crack0020_02.png,1.6691672801971436,99.89936828613281,98.32850646972656,1.57086181640625,106.4902572631836,105.25269317626953,1.2375640869140625,0.22924531996250153,0.22191470861434937,-0.007330611348152161,0.5394593477249146,0.5420840978622437,0.0026247501373291016,0.41104429960250854,0.4084542393684387,-0.0025900602340698242,0.5868512392044067,0.5847327709197998,0.0021184682846069336,0.21587076783180237,0.21587076783180237,109.273104429245
crack0020_03.png,1.7690518379211424,103.567138671875,101.43769836425781,2.1294403076171875,109.06050109863281,107.54069519042969,1.519805908203125,0.23183906078338623,0.2110840082168579,-0.02075505256652832,0.35197150707244873,0.3693968653678894,0.017425358295440674,0.3359937071800232,0.3263259530067444,-0.009667754173278809,0.58931565284729,0.5894386768341064,-0.00012302398681640625,0.24486911296844482,0.24486911296844482,113.41492509841919
crack0020_04.png,0.7873106479644774,101.9906005859375,100.48515319824219,1.5054473876953125,106.39071655273438,105.06431579589844,1.3264007568359375,0.2559551000595093,0.24357490241527557,-0.012380197644233704,0.4402519464492798,0.4351828098297119,-0.005069136619567871,0.3410953879356384,0.3177223801612854,-0.023373007774353027,0.5921799540519714,0.5935678482055664,-0.0013878941535949707,0.21628917753696442,0.21628917753696442,110.36609667539597
crack0020_05.png,0.8962868213653564,97.13311767578125,97.0197982788086,0.11331939697265625,109.18537902832031,107.70849609375,1.4768829345703125,0.21069101989269257,0.20969587564468384,-0.000995144248008728,0.384337842464447,0.38812315464019775,0.0037853121757507324,0.3555253744125366,0.35510385036468506,-0.0004215240478515625,0.590695858001709,0.5876855254173279,0.0030103325843811035,0.1650812327861786,0.1650812327861786,108.12253975868225
crack0020_06.png,-0.9737369060516357,100.89189147949219,100.68980407714844,0.20208740234375,110.61309051513672,110.24102020263672,0.3720703125,0.22518156468868256,0.20815148949623108,-0.017030075192451477,0.4308573603630066,0.4275912642478943,-0.0032660961151123047,0.3968393802642822,0.37553954124450684,-0.02129983901977539,0.5931141972541809,0.5889042615890503,0.004209935665130615,0.2192775011062622,0.2192775011062622,112.02632629871368
crack0020_07.png,1.2113030433654783,90.06636810302734,88.2611083984375,1.8052597045898438,106.53121948242188,104.80213928222656,1.7290802001953125,0.23472337424755096,0.21594323217868805,-0.018780142068862915,0.39614468812942505,0.3966594934463501,0.0005148053169250488,0.36859744787216187,0.3439927101135254,-0.024604737758636475,0.5924067497253418,0.5875009894371033,0.004905760288238525,0.2295682430267334,0.2295682430267334,99.90341430902481
crack0020_08.png,-0.5425999164581299,86.11091613769531,86.65213775634766,-0.5412216186523438,104.58419799804688,104.01557922363281,0.5686187744140625,0.24717004597187042,0.246095210313797,-0.0010748356580734253,0.36225372552871704,0.35674500465393066,-0.005508720874786377,0.32646602392196655,0.32924532890319824,0.0027793049812316895,0.5915302038192749,0.589592456817627,0.0019377470016479492,0.22429610788822174,0.22429610788822174,95.27702248096466
crack0020_09.png,-0.4429530143737792,97.9166259765625,97.5407943725586,0.37583160400390625,108.54316711425781,107.02775573730469,1.515411376953125,0.2652415931224823,0.26189494132995605,-0.003346651792526245,0.3880138397216797,0.3622629642486572,-0.02575087547302246,0.3779047727584839,0.3590308427810669,-0.018873929977416992,0.5869550108909607,0.5901345610618591,-0.0031795501708984375,0.24879249930381775,0.24879249930381775,105.62039613723755
crack0021_00.png,4.859511375427246,101.63133239746094,95.80096435546875,5.8303680419921875,102.16609191894531,102.19287109375,-0.0267791748046875,0.26613739132881165,0.30053240060806274,0.0343950092792511,0.18150043487548828,0.08935654163360596,-0.09214389324188232,0.2578313946723938,0.2074248194694519,-0.050406575202941895,0.5846251249313354,0.585274875164032,-0.0006497502326965332,0.13109058141708374,0.13109058141708374,106.15889990329742
crack0021_01.png,6.041924381256104,126.10505676269531,118.87728881835938,7.2277679443359375,112.11834716796875,110.5409927368164,1.5773544311523438,0.19496838748455048,0.21351133286952972,0.018542945384979248,0.1947716474533081,0.11028993129730225,-0.08448171615600586,0.22345751523971558,0.16649246215820312,-0.05696505308151245,0.5907381772994995,0.5887619853019714,0.001976191997528076,0.0970100611448288,0.0970100611448288,134.4225966334343
crack0021_02.png,3.535929489135742,110.35871124267578,108.64361572265625,1.7150955200195312,116.58361053466797,114.45631408691406,2.1272964477539062,0.2026284635066986,0.24620911478996277,0.04358065128326416,0.0775827169418335,0.01687610149383545,-0.06070661544799805,0.05332428216934204,0.10418784618377686,0.050863564014434814,0.5943060517311096,0.5965128540992737,-0.0022068023681640625,0.13712643086910248,0.13712643086910248,121.20396983623505
crack0021_03.png,5.584213924407959,109.82181549072266,105.01307678222656,4.808738708496094,118.08076477050781,116.05938720703125,2.0213775634765625,0.19296547770500183,0.21132835745811462,0.018362879753112793,0.28089916706085205,0.23989015817642212,-0.04100900888442993,0.23150181770324707,0.21020442247390747,-0.0212973952293396,0.5918377637863159,0.5883814096450806,0.0034563541412353516,0.11184997856616974,0.11184997856616974,119.51302802562714
crack0021_04.png,6.482456111907959,107.68939971923828,103.7557144165039,3.933685302734375,108.42347717285156,107.25173950195312,1.1717376708984375,0.2544267177581787,0.2806553840637207,0.026228666305541992,0.15844476222991943,0.15395623445510864,-0.004488527774810791,0.09569740295410156,0.10482263565063477,0.009125232696533203,0.5937947034835815,0.5897616147994995,0.004033088684082031,0.11026939749717712,0.11026939749717712,114.20874214172363
crack0021_05.png,6.248241424560547,100.27979278564453,95.76652526855469,4.513267517089844,105.540283203125,104.47819519042969,1.0620880126953125,0.32414481043815613,0.33867380023002625,0.014528989791870117,0.00031447410583496094,0.0,-0.00031447410583496094,0.1633082628250122,0.1403566598892212,-0.022951602935791016,0.5919569134712219,0.5879469513893127,0.00400996208190918,0.10660408437252045,0.10660408437252045,102.25274693965912
crack0021_06.png,4.390316390991211,104.2048568725586,99.43187713623047,4.772979736328125,102.63308715820312,102.00147247314453,0.6316146850585938,0.2773551344871521,0.30872640013694763,0.03137126564979553,0.27497363090515137,0.19882434606552124,-0.07614928483963013,0.33885979652404785,0.2966381907463074,-0.04222160577774048,0.5852133631706238,0.5876893401145935,-0.0024759769439697266,0.11679533123970032,0.11679533123970032,108.68463253974915
crack0021_07.png,6.5183628559112545,108.67327880859375,103.03887939453125,5.6343994140625,106.75735473632812,105.37213897705078,1.3852157592773438,0.22023652493953705,0.25755903124809265,0.0373225063085556,0.22232437133789062,0.15528804063796997,-0.06703633069992065,0.2777559757232666,0.24183803796768188,-0.03591793775558472,0.5902307033538818,0.589592456817627,0.0006382465362548828,0.1144898533821106,0.1144898533821106,116.25111573934555
crack0021_08.png,3.3821407318115235,113.59293365478516,110.18574523925781,3.4071884155273438,105.29513549804688,104.09840393066406,1.1967315673828125,0.28347283601760864,0.28282004594802856,-0.0006527900695800781,0.014967262744903564,0.0,-0.014967262744903564,0.15517383813858032,0.1200023889541626,-0.035171449184417725,0.5906804800033569,0.5870011448860168,0.003679335117340088,0.13537797331809998,0.13537797331809998,118.54735589027405
crack0021_09.png,3.6702709674835203,110.94995880126953,105.93343353271484,5.0165252685546875,111.72425842285156,114.2407455444336,-2.5164871215820312,0.21026670932769775,0.22371046245098114,0.013443753123283386,0.036248743534088135,0.0006852149963378906,-0.035563528537750244,0.006924986839294434,0.0,-0.006924986839294434,0.5952671766281128,0.5950826406478882,0.00018453598022460938,0.10912487655878067,0.10912487655878067,119.63638067245483
crack0022_00.png,-4.843107461929321,72.15013122558594,78.09571838378906,-5.945587158203125,122.52177429199219,120.40557098388672,2.1162033081054688,0.07306164503097534,0.07446999847888947,0.0014083534479141235,0.0,0.0,0.0,0.0,0.0,0.0,0.5948327779769897,0.5912495255470276,0.003583252429962158,0.09779324382543564,0.09779324382543564,94.53253722190857
crack0022_01.png,-5.890661954879761,85.79549407958984,90.89115142822266,-5.0956573486328125,130.9033203125,131.6217803955078,-0.7184600830078125,0.10295980423688889,0.09580329805612564,-0.007156506180763245,0.0,0.0,0.0,0.0,0.0,0.0,0.5928681492805481,0.5912456512451172,0.0016224980354309082,0.09776483476161957,0.09776483476161957,106.30985084176064
crack0022_02.png,-7.556585955619813,83.84906005859375,93.1590576171875,-9.30999755859375,131.4622802734375,129.91278076171875,1.54949951171875,0.12239135056734085,0.13644613325595856,0.014054782688617706,0.0,0.0,0.0,0.0,0.0,0.0,0.5947712659835815,0.594540536403656,0.0002307295799255371,0.0901244580745697,0.0901244580745697,104.95142844319344
crack0022_03.png,-5.575543165206909,75.8466567993164,82.14671325683594,-6.300056457519531,138.43243408203125,137.91531372070312,0.517120361328125,0.08944981545209885,0.09431932121515274,0.004869505763053894,0.0,0.0,0.0,0.0,0.0,0.0,0.5934909582138062,0.5902883410453796,0.0032026171684265137,0.09369558840990067,0.09369558840990067,97.36933442950249
crack0022_04.png,-5.980406379699707,68.45446014404297,73.3952865600586,-4.940826416015625,122.84425354003906,128.48007202148438,-5.6358184814453125,0.08790206909179688,0.09724825620651245,0.009346187114715576,0.0,0.0,0.0,0.0,0.0,0.0,0.5919377207756042,0.5802614092826843,0.011676311492919922,0.1068890243768692,0.1068890243768692,89.32825803756714
crack0022_05.png,-3.5499539136886593,72.40593719482422,78.08027648925781,-5.674339294433594,126.67249298095703,124.6072006225586,2.0652923583984375,0.12407191842794418,0.13998118042945862,0.015909262001514435,0.0,0.0,0.0,0.0,0.0,0.0,0.5951287746429443,0.5944905877113342,0.0006381869316101074,0.09852537512779236,0.09852537512779236,91.60394272208214
crack0022_06.png,-5.955325937271118,89.43325805664062,97.2801284790039,-7.846870422363281,124.45906829833984,122.03031158447266,2.4287567138671875,0.10005449503660202,0.11098215728998184,0.010927662253379822,0.0,0.0,0.0,0.0,0.0,0.0,0.5965474843978882,0.5954017639160156,0.0011457204818725586,0.08986804634332657,0.08986804634332657,111.21532294154167
crack0022_07.png,-6.330937790870666,99.7482681274414,105.71833038330078,-5.970062255859375,119.1748046875,119.19398498535156,-0.0191802978515625,0.09740625321865082,0.09188202768564224,-0.0055242255330085754,0.0,0.0,0.0,0.0,0.0,0.0,0.5974202156066895,0.595201849937439,0.0022183656692504883,0.09941942989826202,0.09941942989826202,121.11718621850014
crack0022_08.png,-2.137727642059326,88.39183044433594,91.21478271484375,-2.8229522705078125,133.95852661132812,130.5858154296875,3.372711181640625,0.10659454762935638,0.09833474457263947,-0.008259803056716919,0.0,0.0,0.0,0.0,0.0,0.0,0.5959054231643677,0.5959823131561279,-7.68899917602539e-05,0.10054288059473038,0.10054288059473038,107.7425144314766
crack0022_09.png,-2.523592853546143,82.7129898071289,86.84972381591797,-4.1367340087890625,126.94316101074219,127.1573715209961,-0.21421051025390625,0.10056532919406891,0.12181796133518219,0.02125263214111328,0.0,0.0,0.0,0.0,0.0,0.0,0.5900730490684509,0.5901076793670654,-3.463029861450195e-05,0.10233398526906967,0.10233398526906967,102.35174423456192
crack0023_00.png,4.038116884231568,123.24088287353516,122.24726867675781,0.9936141967773438,124.76549530029297,123.73063659667969,1.0348587036132812,0.1381625384092331,0.14423319697380066,0.006070658564567566,0.13600099086761475,0.18632489442825317,0.05032390356063843,0.3476405143737793,0.3625473976135254,0.014906883239746094,0.6006267070770264,0.5973279476165771,0.0032987594604492188,0.10234898328781128,0.10234898328781128,138.47939175367355
crack0023_01.png,0.26145329475402834,123.3302001953125,123.61369323730469,-0.2834930419921875,115.70295715332031,114.62071228027344,1.082244873046875,0.24065910279750824,0.24026808142662048,-0.00039102137088775635,0.0,0.0,0.0,0.23187118768692017,0.23981136083602905,0.007940173149108887,0.5979969501495361,0.594413697719574,0.003583252429962158,0.11272838711738586,0.11272838711738586,132.9757398366928
crack0023_02.png,-0.0511599540710449,98.9335708618164,99.307373046875,-0.37380218505859375,111.62982177734375,110.84699249267578,0.7828292846679688,0.31085890531539917,0.3080654442310333,-0.0027934610843658447,0.0,0.0,0.0,0.21903592348098755,0.22988426685333252,0.01084834337234497,0.5942714214324951,0.5884467363357544,0.005824685096740723,0.15962162613868713,0.15962162613868713,104.40740215778351
crack0023_03.png,-0.9881162166595459,115.28324127197266,114.36155700683594,0.9216842651367188,110.39811706542969,109.69255828857422,0.7055587768554688,0.2521976828575134,0.2237093597650528,-0.028488323092460632,0.0,0.0,0.0,0.2706001400947571,0.29669827222824097,0.026098132133483887,0.5903729200363159,0.588196873664856,0.002176046371459961,0.11624127626419067,0.11624127626419067,125.01475435495377
crack0023_04.png,0.03754968643188478,124.75574493408203,124.82421112060547,-0.0684661865234375,112.39179992675781,112.141357421875,0.2504425048828125,0.23097360134124756,0.23030072450637817,-0.0006728768348693848,0.0,0.0,0.0,0.2578037977218628,0.2821378707885742,0.024334073066711426,0.5925028920173645,0.5910111665725708,0.0014917254447937012,0.11426049470901489,0.11426049470901489,134.67205023765564
crack0023_05.png,0.3624019145965576,121.31340789794922,120.23847961425781,1.0749282836914062,110.48863983154297,109.60896301269531,0.8796768188476562,0.1866452395915985,0.18699334561824799,0.0003481060266494751,0.10022330284118652,0.07090640068054199,-0.02931690216064453,0.2864266037940979,0.28199636936187744,-0.004430234432220459,0.5921991467475891,0.5901883840560913,0.0020107626914978027,0.10278402268886566,0.10278402268886566,133.26519525051117
crack0023_06.png,1.922986936569214,108.93292999267578,109.10115814208984,-0.1682281494140625,115.13954162597656,113.81388854980469,1.325653076171875,0.21200624108314514,0.23176036775112152,0.01975412666797638,0.0,0.0,0.0,0.19919532537460327,0.21620380878448486,0.017008483409881592,0.5922491550445557,0.5927335619926453,-0.0004844069480895996,0.10755792260169983,0.10755792260169983,120.00601208209991
crack0023_07.png,2.2177046298980714,117.51123046875,116.11615753173828,1.3950729370117188,113.5281753540039,112.63280487060547,0.8953704833984375,0.24024644494056702,0.24560071527957916,0.005354270339012146,0.0,0.0,0.0,0.20085841417312622,0.20137900114059448,0.0005205869674682617,0.5933641195297241,0.592460572719574,0.0009035468101501465,0.10235977917909622,0.10235977917909622,126.13347208499908
crack0023_08.png,3.003543186187744,118.1286849975586,116.61778259277344,1.5109024047851562,113.14352416992188,111.21432495117188,1.92919921875,0.2824288308620453,0.2868416905403137,0.004412859678268433,0.2341887354850769,0.24488264322280884,0.010693907737731934,0.3289668560028076,0.3251712918281555,-0.0037955641746520996,0.5858323574066162,0.5873279571533203,-0.0014955997467041016,0.13949650526046753,0.13949650526046753,123.92062222957611
crack0023_09.png,-0.9781859874725342,121.0478286743164,121.40869903564453,-0.360870361328125,111.55370330810547,110.78941345214844,0.7642898559570312,0.2470451444387436,0.23538613319396973,-0.011659011244773865,0.0,0.0,0.0,0.25192558765411377,0.2678235173225403,0.015897929668426514,0.59089195728302,0.5906497240066528,0.0002422332763671875,0.11315422505140305,0.11315422505140305,130.7407741546631
crack0024_00.png,-1.831183385848999,137.05599975585938,138.49285888671875,-1.436859130859375,121.70964813232422,121.6015853881836,0.108062744140625,0.23899398744106293,0.2327614426612854,-0.006232544779777527,0.0,0.0,0.0,0.05230581760406494,0.00912785530090332,-0.04317796230316162,0.5953556299209595,0.5938292741775513,0.0015263557434082031,0.13291366398334503,0.13291366398334503,147.62296795845032
crack0024_01.png,-1.1388778686523438,121.04325103759766,122.19891357421875,-1.1556625366210938,133.7528076171875,135.92527770996094,-2.1724700927734375,0.2740650475025177,0.2828976809978485,0.00883263349533081,0.0,0.0,0.0,0.0,0.0,0.0,0.5988158583641052,0.5943368077278137,0.004479050636291504,0.11948484182357788,0.11948484182357788,129.12981379032135
crack0024_02.png,-5.953486251831055,116.1578369140625,120.61515045166016,-4.457313537597656,114.65869140625,120.070556640625,-5.411865234375,0.22942595183849335,0.23820219933986664,0.008776247501373291,0.0,0.0,0.0,0.0,0.0,0.0,0.5958554148674011,0.5966935753822327,-0.000838160514831543,0.13093602657318115,0.13093602657318115,128.48867958784103
crack0024_03.png,-11.161561250686646,131.72999572753906,140.325439453125,-8.595443725585938,117.53730010986328,122.52722930908203,-4.98992919921875,0.21151688694953918,0.2023274153470993,-0.00918947160243988,0.0,0.0,0.0,0.0,0.0,0.0,0.6036524176597595,0.59952712059021,0.0041252970695495605,0.11186271160840988,0.11186271160840988,148.03416937589645
crack0024_04.png,0.3334678649902343,156.34681701660156,159.65260314941406,-3.3057861328125,170.8765411376953,169.35110473632812,1.5254364013671875,0.1757495254278183,0.21309785544872284,0.03734833002090454,0.0,0.0,0.0,0.020796358585357666,0.0,-0.020796358585357666,0.5964897871017456,0.5954594612121582,0.0010303258895874023,0.125923290848732,0.125923290848732,171.31433004140854
crack0024_05.png,-9.481682586669923,126.11778259277344,135.54916381835938,-9.431381225585938,123.11196899414062,125.78579711914062,-2.673828125,0.27509865164756775,0.28756606578826904,0.012467414140701294,0.0,0.0,0.0,0.0,0.0,0.0,0.5957400798797607,0.5951941609382629,0.0005459189414978027,0.1307234913110733,0.1307234913110733,138.15715730190277
crack0024_06.png,-1.9113411426544191,125.75260162353516,126.429931640625,-0.6773300170898438,119.66667175292969,120.60299682617188,-0.9363250732421875,0.23157888650894165,0.21969349682331085,-0.011885389685630798,0.0,0.0,0.0,0.1411798596382141,0.11681723594665527,-0.024362623691558838,0.5935140252113342,0.5912302732467651,0.002283751964569092,0.15798741579055786,0.15798741579055786,136.6502178311348
crack0024_07.png,-6.186107158660889,127.70494842529297,131.86326599121094,-4.158317565917969,117.39971160888672,118.46969604492188,-1.0699844360351562,0.24438345432281494,0.22275778651237488,-0.021625667810440063,0.0,0.0,0.0,0.05194687843322754,0.03831392526626587,-0.01363295316696167,0.5968858003616333,0.5936293601989746,0.0032564401626586914,0.15042062103748322,0.15042062103748322,140.2940720319748
crack0024_08.png,-7.869111680984497,164.88319396972656,170.3868408203125,-5.5036468505859375,176.14315795898438,178.8558807373047,-2.7127227783203125,0.22828291356563568,0.2124512493610382,-0.015831664204597473,0.0,0.0,0.0,0.09550255537033081,0.07263660430908203,-0.02286595106124878,0.5950980186462402,0.5954440832138062,-0.00034606456756591797,0.15024936199188232,0.15024936199188232,178.70570576190948
crack0024_09.png,-2.7473250865936283,127.43595123291016,132.2335968017578,-4.797645568847656,122.03399658203125,125.22588348388672,-3.1918869018554688,0.21990446746349335,0.2603837251663208,0.040479257702827454,0.0,0.0,0.0,0.04707854986190796,0.0,-0.04707854986190796,0.5953094959259033,0.5930911302566528,0.0022183656692504883,0.1682913899421692,0.1682913899421692,140.45288580656052
crack0025_00.png,1.127956485748291,123.87646484375,122.97241973876953,0.9040451049804688,117.84446716308594,115.74079132080078,2.1036758422851562,0.3104369044303894,0.3127249777317047,0.0022880733013153076,0.34015417098999023,0.32143086194992065,-0.01872330904006958,0.2882419228553772,0.2763954997062683,-0.011846423149108887,0.5886697173118591,0.5899615287780762,-0.001291811466217041,0.19321534037590027,0.19321534037590027,128.39668917655945
crack0025_01.png,3.525666618347168,112.37761688232422,110.7590560913086,1.618560791015625,110.17156982421875,108.24002075195312,1.931549072265625,0.29876118898391724,0.3175305426120758,0.01876935362815857,0.4132664203643799,0.4029364585876465,-0.010329961776733398,0.4255979657173157,0.42439574003219604,-0.001202225685119629,0.5956785678863525,0.594525158405304,0.001153409481048584,0.17178452014923096,0.17178452014923096,117.46980786323547
crack0025_02.png,2.420629692077637,118.52596282958984,116.9645004272461,1.56146240234375,120.98805236816406,118.64395141601562,2.3441009521484375,0.2760452628135681,0.2834967076778412,0.007451444864273071,0.38476836681365967,0.3656006455421448,-0.019167721271514893,0.31455546617507935,0.29526299238204956,-0.019292473793029785,0.5994579195976257,0.5971549153327942,0.002303004264831543,0.2132054567337036,0.2132054567337036,125.16083264350891
crack0025_03.png,2.535778617858887,117.96955108642578,116.49497985839844,1.4745712280273438,108.85032653808594,108.052001953125,0.7983245849609375,0.2733609080314636,0.2838893234729767,0.010528415441513062,0.35174769163131714,0.34934931993484497,-0.002398371696472168,0.31724029779434204,0.3267221450805664,0.009481847286224365,0.5871164798736572,0.587228000164032,-0.00011152029037475586,0.2183837890625,0.2183837890625,124.31973099708557
crack0025_04.png,1.2512546539306642,116.07381439208984,115.68236541748047,0.391448974609375,110.06526184082031,109.08802795410156,0.97723388671875,0.3793966770172119,0.386821985244751,0.0074253082275390625,0.44170206785202026,0.43755924701690674,-0.004142820835113525,0.39257121086120605,0.38814520835876465,-0.004426002502441406,0.5932756662368774,0.5922606587409973,0.001015007495880127,0.24001821875572205,0.24001821875572205,116.84531593322754
crack0025_05.png,4.815218162536621,120.24113464355469,117.79606628417969,2.445068359375,120.26156616210938,117.32275390625,2.938812255859375,0.1710393875837326,0.18947066366672516,0.018431276082992554,0.4404246211051941,0.43077486753463745,-0.00964975357055664,0.3986826539039612,0.3995940089225769,0.0009113550186157227,0.5933333039283752,0.5906804800033569,0.0026528239250183105,0.16336816549301147,0.16336816549301147,132.48956936597824
crack0025_06.png,3.4956979751586914,115.29109954833984,114.7320556640625,0.5590438842773438,119.45008087158203,120.13138580322266,-0.681304931640625,0.15173964202404022,0.19508422911167145,0.043344587087631226,0.4496886134147644,0.4427521228790283,-0.006936490535736084,0.37334686517715454,0.35685741901397705,-0.01648944616317749,0.6010726690292358,0.6005959510803223,0.0004767179489135742,0.20559129118919373,0.20559129118919373,129.9501058459282
crack0025_07.png,-1.685629653930664,97.49498748779297,99.20694732666016,-1.7119598388671875,105.63871765136719,105.66079711914062,-0.0220794677734375,0.35353970527648926,0.358510822057724,0.004971116781234741,0.4358912706375122,0.4279584288597107,-0.007932841777801514,0.4279254674911499,0.43548035621643066,0.007554888725280762,0.5971357226371765,0.598266065120697,-0.0011303424835205078,0.19939856231212616,0.19939856231212616,101.06922769546509
crack0025_08.png,-0.4136089324951171,107.49052429199219,108.67121124267578,-1.1806869506835938,108.95535278320312,108.55574035644531,0.3996124267578125,0.368679016828537,0.37897276878356934,0.010293751955032349,0.4344128370285034,0.42663782835006714,-0.007775008678436279,0.4203929305076599,0.4231233596801758,0.002730429172515869,0.5896616578102112,0.5872933268547058,0.002368330955505371,0.19730620086193085,0.19730620086193085,109.54659307003021
crack0025_09.png,2.542635440826416,124.55982208251953,121.81102752685547,2.7487945556640625,105.27650451660156,103.71537780761719,1.561126708984375,0.28561556339263916,0.2835633158683777,-0.0020522475242614746,0.4683839678764343,0.44860517978668213,-0.019778788089752197,0.34782421588897705,0.323381245136261,-0.024442970752716064,0.5904998183250427,0.5873817801475525,0.0031180381774902344,0.15856242179870605,0.15856242179870605,129.79161858558655
crack0026_00.png,-0.284750747680664,95.0319595336914,95.9532241821289,-0.9212646484375,129.8229522705078,127.81431579589844,2.008636474609375,0.16789159178733826,0.16541844606399536,-0.0024731457233428955,0.0,0.0,0.0,0.0,0.0,0.0,0.5924413800239563,0.5916686058044434,0.0007727742195129395,0.10572037100791931,0.10572037100791931,109.26514029502869
crack0026_01.png,1.1530226230621339,90.70039367675781,91.72786712646484,-1.0274734497070312,130.2501678466797,126.05474090576172,4.195426940917969,0.16853252053260803,0.17457132041454315,0.00603879988193512,0.0,0.0,0.0,0.0,0.0,0.0,0.5926143527030945,0.5921338200569153,0.0004805326461791992,0.10066191852092743,0.10066191852092743,104.80675327777863
crack0026_02.png,-1.6459537982940673,77.79590606689453,81.34456634521484,-3.5486602783203125,128.507080078125,124.71471405029297,3.7923660278320312,0.13565166294574738,0.14024874567985535,0.004597082734107971,0.0,0.0,0.0,0.0,0.0,0.0,0.5917723774909973,0.5913225412368774,0.00044983625411987305,0.10061944276094437,0.10061944276094437,95.10203152894974
crack0026_03.png,-2.7758809089660645,99.19290924072266,102.92497253417969,-3.7320632934570312,124.14341735839844,122.19462585449219,1.94879150390625,0.14649643003940582,0.14712075889110565,0.0006243288516998291,0.0,0.0,0.0,0.0,0.0,0.0,0.5934832692146301,0.5903152823448181,0.0031679868698120117,0.09839978814125061,0.09839978814125061,116.00848585367203
crack0026_04.png,1.9601311683654785,73.74589538574219,72.15701293945312,1.5888824462890625,124.08502197265625,121.07560729980469,3.0094146728515625,0.15186768770217896,0.14118248224258423,-0.010685205459594727,0.0,0.0,0.0,0.0,0.0,0.0,0.594248354434967,0.5936908721923828,0.0005574822425842285,0.09744466841220856,0.09744466841220856,88.25043940544128
crack0026_05.png,-1.8881444931030273,80.72236633300781,81.9587631225586,-1.2363967895507812,120.98603057861328,119.72401428222656,1.2620162963867188,0.1755405217409134,0.16012050211429596,-0.015420019626617432,0.0,0.0,0.0,0.0,0.0,0.0,0.5973010659217834,0.5953748822212219,0.0019261837005615234,0.10009300708770752,0.10009300708770752,95.62537723779678
crack0026_06.png,-7.81201491355896,117.47435760498047,129.01153564453125,-11.537178039550781,125.50834655761719,123.81063842773438,1.6977081298828125,0.1779467910528183,0.2171781361103058,0.03923134505748749,0.0,0.0,0.0,0.0,0.0,0.0,0.5933102369308472,0.5956209301948547,-0.0023106932640075684,0.09782159328460693,0.09782159328460693,136.39097636938095
crack0026_07.png,-0.4087568759918212,79.41047668457031,80.80669403076172,-1.3962173461914062,126.51416778564453,127.52603149414062,-1.0118637084960938,0.1375047266483307,0.1536327749490738,0.016128048300743103,0.0,0.0,0.0,0.0,0.0,0.0,0.5875548124313354,0.5850057601928711,0.0025490522384643555,0.1127258762717247,0.1127258762717247,95.36049425601959
crack0026_08.png,1.317629098892212,66.65300750732422,66.86185455322266,-0.2088470458984375,126.32464599609375,123.82907104492188,2.495574951171875,0.1625303030014038,0.17010031640529633,0.007570013403892517,0.0,0.0,0.0,0.0,0.0,0.0,0.5911610722541809,0.5930949449539185,-0.0019338726997375488,0.09711403399705887,0.09711403399705887,80.72941064834595
crack0026_09.png,-3.4451309204101563,61.99518585205078,64.86831665039062,-2.8731307983398438,133.7321319580078,132.63394165039062,1.0981903076171875,0.15261277556419373,0.14118480682373047,-0.011427968740463257,0.0,0.0,0.0,0.0,0.0,0.0,0.5954017639160156,0.5978277325630188,-0.002425968647003174,0.09416142106056213,0.09416142106056213,78.87377214431763
crack0027_00.png,-1.8801694869995118,120.46235656738281,118.79468536376953,1.6676712036132812,106.76448822021484,106.2589111328125,0.5055770874023438,0.2924186885356903,0.31100398302078247,0.018585294485092163,0.3760528564453125,0.24872523546218872,-0.12732762098312378,0.4295569658279419,0.3752308487892151,-0.05432611703872681,0.5876009464263916,0.5911957025527954,-0.0035947561264038086,0.14353108406066895,0.14353108406066895,125.73122775554657
crack0027_01.png,3.7617146968841553,121.25013732910156,116.36125183105469,4.888885498046875,107.22801208496094,104.98222351074219,2.24578857421875,0.24042512476444244,0.23677918314933777,-0.0036459416151046753,0.42420220375061035,0.37907683849334717,-0.045125365257263184,0.4468334913253784,0.42892831563949585,-0.01790517568588257,0.5903229713439941,0.5885428786277771,0.001780092716217041,0.13811570405960083,0.13811570405960083,128.21186244487762
crack0027_02.png,2.6717392921447756,100.46804809570312,97.90716552734375,2.560882568359375,106.16885375976562,104.50407409667969,1.6647796630859375,0.3370040953159332,0.3391237258911133,0.0021196305751800537,0.45436596870422363,0.43648481369018555,-0.017881155014038086,0.4570997953414917,0.44474852085113525,-0.012351274490356445,0.5859361886978149,0.5861706733703613,-0.00023448467254638672,0.19102506339550018,0.19102506339550018,102.4141880273819
crack0027_03.png,6.944755887985229,121.84072875976562,117.12487030029297,4.715858459472656,112.9838638305664,110.37763977050781,2.6062240600585938,0.2056659311056137,0.22319325804710388,0.017527326941490173,0.3134453296661377,0.30841994285583496,-0.005025386810302734,0.45525217056274414,0.4454372525215149,-0.009814918041229248,0.5810534358024597,0.5814225077629089,-0.00036907196044921875,0.10246765613555908,0.10246765613555908,130.39974397420883
crack0027_04.png,5.15740852355957,127.522216796875,123.87847137451172,3.6437454223632812,110.33074951171875,108.95349884033203,1.3772506713867188,0.20652367174625397,0.22386066615581512,0.017336994409561157,0.43113869428634644,0.42011475563049316,-0.011023938655853271,0.44387102127075195,0.44205087423324585,-0.0018201470375061035,0.594525158405304,0.594106137752533,0.0004190206527709961,0.14276111125946045,0.14276111125946045,137.08993011713028
crack0027_05.png,10.649941444396973,122.7102279663086,117.61087799072266,5.0993499755859375,106.36430358886719,104.72390747070312,1.6403961181640625,0.2960062325000763,0.3499772548675537,0.05397102236747742,0.33321046829223633,0.3486558198928833,0.015445351600646973,0.4440074563026428,0.44383716583251953,-0.00017029047012329102,0.5827912092208862,0.5838177800178528,-0.0010265707969665527,0.10731207579374313,0.10731207579374313,125.75289022922516
crack0027_06.png,5.202147102355957,114.08638763427734,110.32057189941406,3.7658157348632812,106.7026138305664,105.05376434326172,1.6488494873046875,0.29468080401420593,0.3174121677875519,0.022731363773345947,0.4429636001586914,0.42097675800323486,-0.021986842155456543,0.4997585415840149,0.4744722247123718,-0.025286316871643066,0.5837024450302124,0.5877585411071777,-0.004056096076965332,0.1259549856185913,0.1259549856185913,118.03297317028046
crack0027_07.png,3.7329071998596195,112.28707885742188,109.06624603271484,3.2208328247070312,108.22750854492188,106.32052612304688,1.906982421875,0.26778116822242737,0.2874349355697632,0.019653767347335815,0.3346118927001953,0.2910202145576477,-0.04359167814254761,0.4154459238052368,0.3904297947883606,-0.02501612901687622,0.5857516527175903,0.5877354741096497,-0.001983821392059326,0.1290547251701355,0.1290547251701355,118.1192113161087
crack0027_08.png,5.666255474090576,122.1280288696289,117.64295196533203,4.485076904296875,108.41108703613281,105.95545196533203,2.4556350708007812,0.29325419664382935,0.3096565008163452,0.01640230417251587,0.3860458731651306,0.35567688941955566,-0.03036898374557495,0.43600785732269287,0.4165382385253906,-0.019469618797302246,0.5895386338233948,0.5870011448860168,0.0025374889373779297,0.1270390748977661,0.1270390748977661,125.8717839717865
crack0027_09.png,3.112898921966553,108.78538513183594,105.6472396850586,3.1381454467773438,104.57410430908203,103.28890991210938,1.2851943969726562,0.3692433834075928,0.37078964710235596,0.0015462636947631836,0.4331706762313843,0.42088186740875244,-0.012288808822631836,0.447592556476593,0.4383307695388794,-0.009261786937713623,0.5860399603843689,0.5903267860412598,-0.004286825656890869,0.22728751599788666,0.22728751599788666,108.67478084564209
crack0028_00.png,-2.510811996459961,95.1680679321289,97.36583709716797,-2.1977691650390625,100.870361328125,99.40632629394531,1.4640350341796875,0.48418524861335754,0.48025670647621155,-0.003928542137145996,0.02144491672515869,0.012033581733703613,-0.009411334991455078,0.33383405208587646,0.3351288437843323,0.0012947916984558105,0.578765869140625,0.5839638710021973,-0.005198001861572266,0.11024355888366699,0.11024355888366699,90.81010496616364
crack0028_01.png,-0.018921661376952947,100.60176086425781,104.01514434814453,-3.4133834838867188,106.63105773925781,105.1224136352539,1.5086441040039062,0.3992452621459961,0.4359205961227417,0.036675333976745605,0.0,0.0,0.0,0.047067344188690186,0.06066209077835083,0.013594746589660645,0.582249104976654,0.5858246684074402,-0.003575563430786133,0.10156865417957306,0.10156865417957306,101.78672361373901
crack0028_02.png,0.9230209350585938,103.01712036132812,103.22669219970703,-0.20957183837890625,105.83767700195312,103.85267639160156,1.9850006103515625,0.44649365544319153,0.46150800585746765,0.015014350414276123,0.01658499240875244,0.0,-0.01658499240875244,0.2895679473876953,0.26274871826171875,-0.026819229125976562,0.581445574760437,0.5864244699478149,-0.00497889518737793,0.11559105664491653,0.11559105664491653,99.78926575183868
crack0028_03.png,-0.34494218826293943,101.44711303710938,103.19564056396484,-1.7485275268554688,109.4254150390625,107.06326293945312,2.362152099609375,0.43425992131233215,0.4415722191333771,0.007312297821044922,0.0,0.0,0.0,0.23566359281539917,0.2246454358100891,-0.011018157005310059,0.5825644135475159,0.5857208967208862,-0.0031564831733703613,0.11039721220731735,0.11039721220731735,99.69461739063263
crack0028_04.png,0.5924469947814942,102.5320053100586,104.22705078125,-1.6950454711914062,105.78321838378906,103.64854431152344,2.134674072265625,0.44551363587379456,0.4631071090698242,0.017593473196029663,0.0,0.0,0.0,0.21654313802719116,0.20455282926559448,-0.01199030876159668,0.5909496545791626,0.5902960300445557,0.0006536245346069336,0.10411306470632553,0.10411306470632553,100.28669607639313
crack0028_05.png,-2.9690656661987305,103.93240356445312,106.3199234008789,-2.3875198364257812,107.28340911865234,105.28717803955078,1.9962310791015625,0.4319189488887787,0.42628592252731323,-0.005633026361465454,0.08529949188232422,0.06197232007980347,-0.023327171802520752,0.23300695419311523,0.20973706245422363,-0.0232698917388916,0.5802806615829468,0.5801883935928345,9.226799011230469e-05,0.09631698578596115,0.09631698578596115,102.76023459434509
crack0028_06.png,-0.597893238067627,101.43992614746094,102.91423034667969,-1.47430419921875,101.49981689453125,100.62831115722656,0.8715057373046875,0.49934256076812744,0.506709098815918,0.007366538047790527,0.0,0.0,0.0,0.16383343935012817,0.18292021751403809,0.019086778163909912,0.5749058127403259,0.5764436721801758,-0.0015378594398498535,0.10669681429862976,0.10669681429862976,95.2742714881897
crack0028_07.png,-0.4538098335266112,106.75643920898438,108.74954223632812,-1.99310302734375,111.35774230957031,108.30055236816406,3.05718994140625,0.32821688055992126,0.33299872279167175,0.004781842231750488,0.0,0.0,0.0,0.10624992847442627,0.0868910551071167,-0.01935887336730957,0.5819799900054932,0.5836332440376282,-0.0016532540321350098,0.09564971923828125,0.09564971923828125,111.4053076505661
crack0028_08.png,1.5866354942321779,107.65226745605469,110.01930236816406,-2.367034912109375,110.08204650878906,107.22596740722656,2.8560791015625,0.41163766384124756,0.42129096388816833,0.009653300046920776,0.05267167091369629,0.10889017581939697,0.056218504905700684,0.2781934142112732,0.2934098243713379,0.015216410160064697,0.5792157053947449,0.5844598412513733,-0.005244135856628418,0.1146741434931755,0.1146741434931755,107.51591873168945
crack0028_09.png,-1.7121392250061036,101.45126342773438,102.69546508789062,-1.24420166015625,105.12481689453125,103.8696517944336,1.2551651000976562,0.49701717495918274,0.48506319522857666,-0.011953979730606079,0.0,0.0,0.0,0.21986407041549683,0.20885837078094482,-0.011005699634552002,0.5922030210494995,0.5925451517105103,-0.0003421306610107422,0.12011030316352844,0.12011030316352844,96.67137861251831
crack0029_00.png,1.9663820266723633,109.09169006347656,110.34185028076172,-1.2501602172851562,111.81486511230469,112.05809020996094,-0.24322509765625,0.29061976075172424,0.2918176054954529,0.0011978447437286377,0.19428855180740356,0.27835261821746826,0.0840640664100647,0.21725881099700928,0.284168541431427,0.06690973043441772,0.5946943759918213,0.5983083248138428,-0.0036139488220214844,0.19730636477470398,0.19730636477470398,116.2119175195694
crack0029_01.png,4.579003143310547,101.9373779296875,103.35455322265625,-1.41717529296875,103.740234375,102.71725463867188,1.022979736328125,0.2960149943828583,0.30849844217300415,0.012483447790145874,0.16070502996444702,0.2742171287536621,0.11351209878921509,0.17475014925003052,0.2777516841888428,0.10300153493881226,0.5885005593299866,0.5873048901557922,0.001195669174194336,0.2465083748102188,0.2465083748102188,108.42508828639984
crack0029_02.png,0.23581147193908691,102.03598022460938,102.59304809570312,-0.55706787109375,108.48300170898438,106.47502136230469,2.0079803466796875,0.20853601396083832,0.20873582363128662,0.00019980967044830322,0.0,0.0,0.0,0.0,0.0,0.0,0.5909804105758667,0.5916378498077393,-0.0006574392318725586,0.20594516396522522,0.20594516396522522,113.46786731481552
crack0029_03.png,8.091505241394042,104.01138305664062,105.47826385498047,-1.4668807983398438,104.04866027832031,103.13270568847656,0.91595458984375,0.3084265887737274,0.35665035247802734,0.04822376370429993,0.08141452074050903,0.21587049961090088,0.13445597887039185,0.18620675802230835,0.2961843013763428,0.10997754335403442,0.5893310308456421,0.5904344320297241,-0.0011034011840820312,0.199369877576828,0.199369877576828,109.85660541057587
crack0029_04.png,9.195220708847046,107.12425231933594,107.90364074707031,-0.779388427734375,113.78890991210938,112.59178161621094,1.1971282958984375,0.16877014935016632,0.22044318914413452,0.0516730397939682,0.05471891164779663,0.19037771224975586,0.13565880060195923,0.0,0.1531791090965271,0.1531791090965271,0.5951057076454163,0.5967166423797607,-0.0016109347343444824,0.1947961002588272,0.1947961002588272,121.25640326738358
crack0029_05.png,4.956933689117432,101.24280548095703,101.77264404296875,-0.5298385620117188,105.78868103027344,105.02947235107422,0.7592086791992188,0.3019208312034607,0.31931114196777344,0.017390310764312744,0.2941811680793762,0.3875091075897217,0.09332793951034546,0.2938598394393921,0.3719401955604553,0.07808035612106323,0.5925490260124207,0.591080367565155,0.001468658447265625,0.21188408136367798,0.21188408136367798,107.09443593025208
crack0029_06.png,5.480897903442383,107.45661163330078,108.50122833251953,-1.04461669921875,108.6715087890625,108.2536849975586,0.41782379150390625,0.22619280219078064,0.25213566422462463,0.025942862033843994,0.0,0.11014580726623535,0.11014580726623535,0.0,0.11920779943466187,0.11920779943466187,0.5951710939407349,0.598242998123169,-0.003071904182434082,0.15635430812835693,0.15635430812835693,118.33707177639008
crack0029_07.png,8.341248512268066,94.55695343017578,95.03669738769531,-0.47974395751953125,111.90573120117188,110.7340087890625,1.171722412109375,0.18159149587154388,0.21352963149547577,0.031938135623931885,0.15705323219299316,0.3030571937561035,0.14600396156311035,0.05758148431777954,0.22385025024414062,0.16626876592636108,0.5959938764572144,0.5970665216445923,-0.0010726451873779297,0.19056645035743713,0.19056645035743713,107.7839965224266
crack0029_08.png,4.830355644226074,109.02104187011719,109.0978775024414,-0.07683563232421875,106.45707702636719,104.51947784423828,1.9375991821289062,0.26608240604400635,0.2704245150089264,0.004342108964920044,0.16509413719177246,0.2639467120170593,0.09885257482528687,0.09463924169540405,0.20979255437850952,0.11515331268310547,0.5904344320297241,0.5946674346923828,-0.004233002662658691,0.23122218251228333,0.23122218251228333,116.88121271133423
crack0029_09.png,4.511338758468628,98.84706115722656,99.4432144165039,-0.5961532592773438,109.78638458251953,108.04200744628906,1.7443771362304688,0.20402757823467255,0.20875579118728638,0.004728212952613831,0.07009458541870117,0.17063945531845093,0.10054486989974976,0.026856184005737305,0.1125834584236145,0.0857272744178772,0.5944752097129822,0.594232976436615,0.0002422332763671875,0.17071771621704102,0.17071771621704102,110.68249148130417
crack0030_00.png,1.675263214111328,187.73910522460938,186.89808654785156,0.8410186767578125,120.7828369140625,118.67438507080078,2.1084518432617188,0.16657444834709167,0.1748811900615692,0.008306741714477539,0.28446686267852783,0.26756733655929565,-0.016899526119232178,0.2559356093406677,0.260339617729187,0.004404008388519287,0.5860937833786011,0.5860361456871033,5.7637691497802734e-05,0.12978169322013855,0.12978169322013855,200.767880320549
crack0030_01.png,2.8569164276123047,187.3066864013672,185.8806915283203,1.425994873046875,129.17239379882812,126.33349609375,2.838897705078125,0.17012108862400055,0.17449362576007843,0.004372537136077881,0.0,0.0,0.0,0.0,0.0,0.0,0.586747407913208,0.5881084203720093,-0.0013610124588012695,0.12323646992444992,0.12323646992444992,199.9107604622841
crack0030_02.png,2.6251429319381714,194.6709442138672,192.84152221679688,1.8294219970703125,133.50311279296875,131.51519775390625,1.9879150390625,0.10860386490821838,0.11040817946195602,0.0018043145537376404,0.0,0.0,0.0,0.0,0.0,0.0,0.5863360166549683,0.5899307727813721,-0.0035947561264038086,0.11551937460899353,0.11551937460899353,210.8372322320938
crack0030_03.png,2.6955549240112306,186.49168395996094,184.45144653320312,2.0402374267578125,119.89152526855469,117.1259765625,2.7655487060546875,0.18585838377475739,0.1859312504529953,7.286667823791504e-05,0.12226861715316772,0.11175769567489624,-0.010510921478271484,0.1807478666305542,0.22361654043197632,0.04286867380142212,0.5859400033950806,0.5868473649024963,-0.0009073615074157715,0.1327868402004242,0.1327868402004242,197.79395681619644
crack0030_04.png,2.9751172065734863,194.0675506591797,191.39108276367188,2.6764678955078125,124.48318481445312,122.41508483886719,2.0680999755859375,0.20805267989635468,0.20331956446170807,-0.0047331154346466064,0.0,0.0,0.0,0.06866157054901123,0.11392790079116821,0.04526633024215698,0.587520182132721,0.5912687182426453,-0.0037485361099243164,0.10515876114368439,0.10515876114368439,204.1808915734291
crack0030_05.png,5.768888521194458,200.86952209472656,196.7758026123047,4.093719482421875,125.4181900024414,123.08879089355469,2.3293991088867188,0.18815463781356812,0.19669179618358612,0.008537158370018005,0.0,0.0,0.0,0.023141026496887207,0.08291435241699219,0.05977332592010498,0.589907705783844,0.5883967876434326,0.001510918140411377,0.12229064106941223,0.12229064106941223,211.1296923160553
crack0030_06.png,2.1842424392700197,177.405029296875,174.18020629882812,3.224822998046875,130.10382080078125,129.97491455078125,0.12890625,0.16323120892047882,0.15652938187122345,-0.006701827049255371,0.07069253921508789,0.05777686834335327,-0.01291567087173462,0.0,0.0,0.0,0.5964667201042175,0.5974509716033936,-0.0009842514991760254,0.12786975502967834,0.12786975502967834,190.2988937497139
crack0030_07.png,2.1539737224578857,183.54261779785156,182.5901641845703,0.95245361328125,118.35404968261719,116.693115234375,1.6609344482421875,0.19275139272212982,0.19043675065040588,-0.002314642071723938,0.08785218000411987,0.10876667499542236,0.02091449499130249,0.2458065152168274,0.26279914379119873,0.016992628574371338,0.5896962881088257,0.5925528407096863,-0.0028565526008605957,0.13400495052337646,0.13400495052337646,195.34229958057404
crack0030_08.png,0.0651980400085449,201.7720947265625,202.01953125,-0.2474365234375,129.48390197753906,128.1800537109375,1.3038482666015625,0.15075774490833282,0.15118105709552765,0.0004233121871948242,0.28524482250213623,0.2814977765083313,-0.0037470459938049316,0.14529907703399658,0.1738908290863037,0.02859175205230713,0.5881699323654175,0.5904921293258667,-0.0023221969604492188,0.12979012727737427,0.12979012727737427,216.47003346681595
crack0030_09.png,4.169564867019654,184.7086639404297,180.56204223632812,4.1466217041015625,118.42094421386719,117.52714538574219,0.893798828125,0.20431581139564514,0.2002028077840805,-0.004113003611564636,0.0,0.0,0.0,0.14683032035827637,0.16968578100204468,0.02285546064376831,0.5881622433662415,0.5883006453514099,-0.00013840198516845703,0.14239126443862915,0.14239126443862915,194.15521043539047
crack0031_00.png,5.920724105834961,105.51891326904297,103.03697967529297,2.48193359375,108.42188262939453,106.95016479492188,1.4717178344726562,0.22514209151268005,0.25428763031959534,0.029145538806915283,0.19215595722198486,0.2045830488204956,0.012427091598510742,0.17620998620986938,0.19574743509292603,0.01953744888305664,0.5923606157302856,0.5918262004852295,0.0005344152450561523,0.2508903443813324,0.2508903443813324,114.46384561061859
crack0031_01.png,0.5019044876098633,84.17662811279297,82.93702697753906,1.2396011352539062,105.50022888183594,104.32514953613281,1.175079345703125,0.19325396418571472,0.18007642030715942,-0.013177543878555298,0.3540670871734619,0.35344308614730835,-0.0006240010261535645,0.26524853706359863,0.2446313500404358,-0.020617187023162842,0.5895963311195374,0.5928104519844055,-0.003214120864868164,0.20922335982322693,0.20922335982322693,96.46466040611267
crack0031_02.png,5.994185829162598,103.6458511352539,100.99320983886719,2.6526412963867188,106.97926330566406,106.35413360595703,0.6251296997070312,0.1965961456298828,0.23346742987632751,0.0368712842464447,0.0,0.0,0.0,0.0,0.0018647313117980957,0.0018647313117980957,0.591191828250885,0.5876470804214478,0.003544747829437256,0.26686638593673706,0.26686638593673706,114.17143487930298
crack0031_03.png,4.311816930770874,109.5754623413086,106.6196060180664,2.9558563232421875,108.41573333740234,106.55152893066406,1.8642044067382812,0.22847764194011688,0.2396388053894043,0.011161163449287415,0.14338362216949463,0.13515335321426392,-0.008230268955230713,0.08997422456741333,0.07886868715286255,-0.011105537414550781,0.5944790244102478,0.5933141112327576,0.0011649131774902344,0.2634718716144562,0.2634718716144562,118.1680366396904
crack0031_04.png,4.786001873016358,114.90887451171875,111.05673217773438,3.852142333984375,123.2838363647461,120.22970581054688,3.0541305541992188,0.14946779608726501,0.16110366582870483,0.01163586974143982,0.27636218070983887,0.2395595908164978,-0.036802589893341064,0.07641327381134033,0.058225810527801514,-0.01818746328353882,0.5954632759094238,0.589127242565155,0.006336033344268799,0.15802283585071564,0.15802283585071564,127.83326661586761
crack0031_05.png,1.6046345233917236,113.15421295166016,111.03730773925781,2.1169052124023438,108.92668914794922,107.6558609008789,1.2708282470703125,0.16150392591953278,0.17177927494049072,0.010275349020957947,0.15810179710388184,0.10916793346405029,-0.04893386363983154,0.09599000215530396,0.04049050807952881,-0.055499494075775146,0.5939715504646301,0.5911034345626831,0.0028681159019470215,0.18495340645313263,0.18495340645313263,126.16438680887222
crack0031_06.png,3.4805715084075928,118.52188110351562,115.68165588378906,2.8402252197265625,114.37232208251953,112.81714630126953,1.55517578125,0.19639952480793,0.19203177094459534,-0.004367753863334656,0.3071191906929016,0.31688058376312256,0.009761393070220947,0.22325652837753296,0.21610838174819946,-0.007148146629333496,0.5962245464324951,0.596793532371521,-0.0005689859390258789,0.1704685240983963,0.1704685240983963,129.45160353183746
crack0031_07.png,1.386731815338135,110.45819854736328,107.47256469726562,2.9856338500976562,113.77583312988281,111.65508270263672,2.1207504272460938,0.18252655863761902,0.17312905192375183,-0.009397506713867188,0.19833803176879883,0.15611445903778076,-0.042223572731018066,0.12756311893463135,0.06474024057388306,-0.06282287836074829,0.5927066802978516,0.5928681492805481,-0.0001614689826965332,0.19216370582580566,0.19216370582580566,122.29236447811127
crack0031_08.png,1.1683944225311276,110.41949462890625,107.08374786376953,3.3357467651367188,118.91133880615234,117.05439758300781,1.8569412231445312,0.20402562618255615,0.1865033358335495,-0.017522290349006653,0.3001995086669922,0.26003414392471313,-0.04016536474227905,0.2468881607055664,0.1844644546508789,-0.0624237060546875,0.5974740386009216,0.5950173139572144,0.0024567246437072754,0.16380174458026886,0.16380174458026886,121.46038264036179
crack0031_09.png,7.3094964027404785,111.08477783203125,107.93054962158203,3.1542282104492188,110.19538879394531,108.5015869140625,1.6938018798828125,0.2225753366947174,0.24726098775863647,0.024685651063919067,0.19928902387619019,0.23567724227905273,0.03638821840286255,0.14806455373764038,0.1749534010887146,0.02688884735107422,0.5909342765808105,0.5897501111030579,0.0011841654777526855,0.17623062431812286,0.17623062431812286,119.79051458835602
crack0032_00.png,1.1800072669982908,104.48703002929688,102.95809173583984,1.5289382934570312,107.21965026855469,105.85304260253906,1.366607666015625,0.21344627439975739,0.2108190506696701,-0.0026272237300872803,0.25360286235809326,0.23835188150405884,-0.015250980854034424,0.21441811323165894,0.19609379768371582,-0.018324315547943115,0.586070716381073,0.5879546403884888,-0.0018839240074157715,0.16101855039596558,0.16101855039596558,114.5916034579277
crack0032_01.png,2.033259916305542,106.73833465576172,103.52616882324219,3.2121658325195312,112.46453094482422,110.6206283569336,1.843902587890625,0.19156919419765472,0.20916292071342468,0.01759372651576996,0.3568331003189087,0.2721845507621765,-0.08464854955673218,0.19086843729019165,0.09732776880264282,-0.09354066848754883,0.5907920002937317,0.5892425775527954,0.0015494227409362793,0.14929404854774475,0.14929404854774475,117.26978009939194
crack0032_02.png,0.7479785919189452,94.3816909790039,92.9048080444336,1.4768829345703125,109.51863098144531,108.62017822265625,0.8984527587890625,0.19373847544193268,0.17817489802837372,-0.01556357741355896,0.5580122470855713,0.556995689868927,-0.0010165572166442871,0.3899443745613098,0.3943135142326355,0.004369139671325684,0.5894156098365784,0.584479033946991,0.004936575889587402,0.1570822298526764,0.1570822298526764,106.52938002347946
crack0032_03.png,0.976958465576172,109.01673126220703,106.62317657470703,2.3935546875,112.85458374023438,110.98716735839844,1.8674163818359375,0.25437408685684204,0.2518746554851532,-0.0024994313716888428,0.3533288836479187,0.3071221709251404,-0.04620671272277832,0.25756436586380005,0.21134376525878906,-0.046220600605010986,0.5868819952011108,0.5897654891014099,-0.0028834939002990723,0.19226929545402527,0.19226929545402527,116.29809415340424
crack0032_04.png,-1.2881844520568848,102.74678802490234,101.51276397705078,1.2340240478515625,110.05296325683594,108.92926025390625,1.1237030029296875,0.30161601305007935,0.30409854650497437,0.0024825334548950195,0.3163105845451355,0.23579221963882446,-0.08051836490631104,0.18023639917373657,0.11383241415023804,-0.06640398502349854,0.5880276560783386,0.5867666006088257,0.0012610554695129395,0.20856119692325592,0.20856119692325592,107.55392146110535
crack0032_05.png,0.8088374614715577,97.29927825927734,96.0879898071289,1.2112884521484375,108.89244079589844,108.17112731933594,0.7213134765625,0.2291123867034912,0.23125813901424408,0.0021457523107528687,0.4589375853538513,0.4343189597129822,-0.02461862564086914,0.2776568531990051,0.24593091011047363,-0.031725943088531494,0.588196873664856,0.5851441621780396,0.0030527114868164062,0.16383399069309235,0.16383399069309235,106.47476577758789
crack0032_06.png,0.9268283843994141,100.36001586914062,99.3195571899414,1.0404586791992188,103.38954162597656,102.8896255493164,0.49991607666015625,0.258571058511734,0.26017406582832336,0.0016030073165893555,0.45344769954681396,0.4428131580352783,-0.010634541511535645,0.30673909187316895,0.32065916061401367,0.013920068740844727,0.5941099524497986,0.5945213437080383,-0.0004113912582397461,0.19262754917144775,0.19262754917144775,108.10637676715851
crack0032_07.png,-0.7331297874450684,103.01394653320312,102.11653900146484,0.8974075317382812,103.16259002685547,102.55368041992188,0.6089096069335938,0.2843587398529053,0.2757839858531952,-0.008574753999710083,0.27141332626342773,0.24001091718673706,-0.031402409076690674,0.17914634943008423,0.1463029980659485,-0.03284335136413574,0.5870819091796875,0.5853825211524963,0.0016993880271911621,0.21477806568145752,0.21477806568145752,109.50147998332977
crack0032_08.png,4.235522937774658,105.05669403076172,103.54130554199219,1.5153884887695312,109.870361328125,108.79376983642578,1.0765914916992188,0.24760332703590393,0.26584547758102417,0.01824215054512024,0.47482800483703613,0.4912789463996887,0.016450941562652588,0.3369232416152954,0.37280625104904175,0.03588300943374634,0.5922568440437317,0.5879546403884888,0.00430220365524292,0.16366873681545258,0.16366873681545258,113.13307392597198
crack0032_09.png,0.8459524154663085,109.92708587646484,108.31983947753906,1.6072463989257812,107.15818786621094,105.59265899658203,1.5655288696289062,0.2885679602622986,0.29085081815719604,0.002282857894897461,0.3467176556587219,0.3143155574798584,-0.032402098178863525,0.2872557044029236,0.23417770862579346,-0.05307799577713013,0.5859015583992004,0.5927528142929077,-0.006851255893707275,0.22406518459320068,0.22406518459320068,115.51949763298035
crack0033_00.png,2.3957534790039063,156.22103881835938,155.09286499023438,1.128173828125,109.23558807373047,108.98326110839844,0.25232696533203125,0.20926524698734283,0.22397522628307343,0.01470997929573059,0.0,0.0,0.0,0.06798756122589111,0.06922954320907593,0.0012419819831848145,0.5898808240890503,0.5901345610618591,-0.0002537369728088379,0.09418472647666931,0.09418472647666931,166.70641952753067
crack0033_01.png,-1.8507383346557618,138.5998992919922,140.49049377441406,-1.890594482421875,113.00199890136719,112.0683822631836,0.9336166381835938,0.18467818200588226,0.1809638887643814,-0.0037142932415008545,0.0,0.0,0.0,0.2490825653076172,0.2459425926208496,-0.003139972686767578,0.5887427926063538,0.5896539688110352,-0.0009111762046813965,0.10372082889080048,0.10372082889080048,152.27352195978165
crack0033_02.png,-0.0016811847686767356,165.95863342285156,166.25228881835938,-0.2936553955078125,108.97142028808594,109.40238952636719,-0.43096923828125,0.21380403637886047,0.21989114582538605,0.006087109446525574,0.0,0.0,0.0,0.16614556312561035,0.11788380146026611,-0.04826176166534424,0.5838139057159424,0.5843790769577026,-0.0005651712417602539,0.08771365880966187,0.08771365880966187,176.65238201618195
crack0033_03.png,-0.4226160526275635,140.115478515625,140.78111267089844,-0.6656341552734375,108.40837097167969,108.83900451660156,-0.430633544921875,0.2095489501953125,0.21347494423389435,0.003925994038581848,0.0,0.0,0.0,0.18508070707321167,0.18897747993469238,0.003896772861480713,0.5887043476104736,0.5861745476722717,0.0025297999382019043,0.1110895574092865,0.1110895574092865,151.4235324859619
crack0033_04.png,2.4333003997802733,133.17697143554688,131.7150115966797,1.4619598388671875,106.81634521484375,106.94782257080078,-0.13147735595703125,0.23476387560367584,0.2478725165128708,0.013108640909194946,0.0,0.0,0.0,0.18501746654510498,0.14294648170471191,-0.042070984840393066,0.5866512656211853,0.5872702598571777,-0.0006189942359924316,0.10198361426591873,0.10198361426591873,141.85096937417984
crack0033_05.png,-1.7328995704650878,164.9910125732422,166.34710693359375,-1.3560943603515625,115.6845703125,115.9762191772461,-0.29164886474609375,0.14285235106945038,0.13898731768131256,-0.0038650333881378174,0.0,0.0,0.0,0.05550968647003174,0.0012745857238769531,-0.054235100746154785,0.5898923277854919,0.5886659026145935,0.0012264251708984375,0.08826491236686707,0.08826491236686707,180.9255138039589
crack0033_06.png,-1.101447582244873,152.51773071289062,153.49525451660156,-0.9775238037109375,115.19606018066406,114.57544708251953,0.6206130981445312,0.15184029936790466,0.1462404727935791,-0.0055998265743255615,0.0,0.0,0.0,0.25601840019226074,0.23934060335159302,-0.016677796840667725,0.5919030904769897,0.5900076627731323,0.0018954277038574219,0.09648236632347107,0.09648236632347107,167.90818786621094
crack0033_07.png,0.31295156478881836,154.68704223632812,155.3856964111328,-0.6986541748046875,109.84064483642578,109.62080383300781,0.21984100341796875,0.17556950449943542,0.18674629926681519,0.01117679476737976,0.0,0.0,0.0,0.0021833181381225586,0.016907036304473877,0.014723718166351318,0.5891503095626831,0.5884121656417847,0.0007381439208984375,0.09586767107248306,0.09586767107248306,168.06821143627167
crack0033_08.png,1.3827482223510743,154.253662109375,153.72705078125,0.526611328125,111.86383056640625,111.5674057006836,0.29642486572265625,0.1564626544713974,0.16133008897304535,0.004867434501647949,0.0,0.0,0.0,0.09343576431274414,0.11944901943206787,0.02601325511932373,0.5962052941322327,0.5875009894371033,0.008704304695129395,0.09181816875934601,0.09181816875934601,168.45080894231796
crack0033_09.png,-1.0220789909362793,148.5013427734375,149.9280548095703,-1.4267120361328125,111.40232849121094,111.7173843383789,-0.31505584716796875,0.16129858791828156,0.1674550324678421,0.006156444549560547,0.0,0.0,0.0,0.11213922500610352,0.14413058757781982,0.03199136257171631,0.5901576280593872,0.5892041325569153,0.0009534955024719238,0.10215051472187042,0.10215051472187042,163.1430886387825
crack0034_00.png,1.8512522697448732,113.6636734008789,112.92980194091797,0.7338714599609375,108.23666381835938,106.72039031982422,1.5162734985351562,0.2770308554172516,0.286263644695282,0.009232789278030396,0.44137346744537354,0.43561816215515137,-0.005755305290222168,0.4035528898239136,0.3912220001220703,-0.012330889701843262,0.5858631134033203,0.5858016014099121,6.151199340820312e-05,0.22250333428382874,0.22250333428382874,120.10941088199615
crack0034_01.png,1.3612299919128419,98.75209045410156,97.90045928955078,0.8516311645507812,105.89970397949219,104.88855743408203,1.0111465454101562,0.2470691204071045,0.2584066092967987,0.011337488889694214,0.4884791374206543,0.4714469313621521,-0.017032206058502197,0.3662741780281067,0.3564704656600952,-0.009803712368011475,0.5851595401763916,0.5881738066673279,-0.0030142664909362793,0.14429888129234314,0.14429888129234314,107.02907991409302
crack0034_02.png,1.6080089092254637,101.92918395996094,100.81258392333984,1.1166000366210938,105.68675994873047,103.8135986328125,1.8731613159179688,0.2362014800310135,0.25183019042015076,0.015628710389137268,0.4298442602157593,0.38874560594558716,-0.04109865427017212,0.39832252264022827,0.3842496871948242,-0.014072835445404053,0.5952556729316711,0.591860830783844,0.0033948421478271484,0.14727440476417542,0.14727440476417542,111.00902205705643
crack0034_03.png,-2.43402042388916,122.19061279296875,123.8821792602539,-1.6915664672851562,120.94532012939453,122.49497985839844,-1.5496597290039062,0.25991278886795044,0.26628556847572327,0.006372779607772827,0.4979155659675598,0.48481959104537964,-0.013095974922180176,0.45169687271118164,0.448078453540802,-0.0036184191703796387,0.5984659790992737,0.6011803150177002,-0.0027143359184265137,0.23594218492507935,0.23594218492507935,131.4888412952423
crack0034_04.png,-0.5234375,113.09541320800781,112.28360748291016,0.8118057250976562,106.7470932006836,106.0028076171875,0.7442855834960938,0.28788718581199646,0.2979770004749298,0.01008981466293335,0.5079648494720459,0.44607698917388916,-0.06188786029815674,0.43510812520980835,0.40133965015411377,-0.03376847505569458,0.5909265875816345,0.5900422930717468,0.0008842945098876953,0.18142712116241455,0.18142712116241455,119.05334270000458
crack0034_05.png,-0.3596106529235841,102.9622802734375,103.31420135498047,-0.35192108154296875,104.55070495605469,103.6905517578125,0.8601531982421875,0.2302291989326477,0.251163125038147,0.020933926105499268,0.3775882124900818,0.32859134674072266,-0.04899686574935913,0.3513805866241455,0.3255809545516968,-0.02579963207244873,0.589780867099762,0.5914456248283386,-0.0016647577285766602,0.17116719484329224,0.17116719484329224,112.98231387138367
crack0034_06.png,-0.9220022201538085,102.559326171875,101.49530792236328,1.0640182495117188,106.70791625976562,105.70989227294922,0.9980239868164062,0.2575071454048157,0.2452852725982666,-0.012221872806549072,0.44145143032073975,0.4072871208190918,-0.03416430950164795,0.35681086778640747,0.33499592542648315,-0.021814942359924316,0.590688169002533,0.5917108654975891,-0.0010226964950561523,0.16501128673553467,0.16501128673553467,110.97863531112671
crack0034_07.png,-0.7375888824462891,107.81000518798828,108.22001647949219,-0.41001129150390625,107.62427520751953,107.06256103515625,0.5617141723632812,0.3166211247444153,0.3135644793510437,-0.003056645393371582,0.43470466136932373,0.42561572790145874,-0.00908893346786499,0.40237361192703247,0.3864930272102356,-0.015880584716796875,0.5903537273406982,0.5889580845832825,0.0013956427574157715,0.2507583498954773,0.2507583498954773,112.81529116630554
crack0034_08.png,1.4999143600463867,106.71507263183594,106.7452163696289,-0.03014373779296875,105.65805053710938,104.81636810302734,0.8416824340820312,0.264952689409256,0.2847231924533844,0.019770503044128418,0.5166194438934326,0.5036988854408264,-0.012920558452606201,0.45539265871047974,0.4482325315475464,-0.00716012716293335,0.5969511866569519,0.593737006187439,0.0032141804695129395,0.23043422400951385,0.23043422400951385,114.71103060245514
crack0034_09.png,-0.6056523323059082,103.31855010986328,103.94532012939453,-0.62677001953125,105.9020004272461,105.95498657226562,-0.05298614501953125,0.3192696273326874,0.31982865929603577,0.0005590319633483887,0.48800426721572876,0.4889359474182129,0.0009316802024841309,0.4193844199180603,0.41801559925079346,-0.0013688206672668457,0.5898615717887878,0.5908535122871399,-0.0009919404983520508,0.24353060126304626,0.24353060126304626,108.10989797115326
crack0035_00.png,2.3315860748291017,112.86914825439453,111.34290313720703,1.5262451171875,108.72955322265625,107.48469543457031,1.2448577880859375,0.3170648217201233,0.31849947571754456,0.0014346539974212646,0.5375239849090576,0.5384334325790405,0.0009094476699829102,0.35743552446365356,0.347318172454834,-0.01011735200881958,0.5922799110412598,0.5883737206459045,0.0039061903953552246,0.16254298388957977,0.16254298388957977,116.77333283424377
crack0035_01.png,1.208281707763672,121.01802825927734,119.61846923828125,1.3995590209960938,112.86241149902344,110.80464172363281,2.057769775390625,0.3466520309448242,0.33617520332336426,-0.010476827621459961,0.515803873538971,0.510271430015564,-0.005532443523406982,0.42712509632110596,0.4110798239707947,-0.01604527235031128,0.5872933268547058,0.5861668586730957,0.0011264681816101074,0.23117069900035858,0.23117069900035858,123.63946962356567
crack0035_02.png,0.45311269760131834,103.85391998291016,104.26667022705078,-0.412750244140625,106.71961975097656,106.69190216064453,0.02771759033203125,0.3178071677684784,0.32576462626457214,0.00795745849609375,0.49553126096725464,0.499209463596344,0.0036782026290893555,0.42930132150650024,0.4262040853500366,-0.003097236156463623,0.585155725479126,0.5833794474601746,0.001776278018951416,0.21095967292785645,0.21095967292785645,108.3980940580368
crack0035_03.png,1.842397117614746,121.22518157958984,118.92828369140625,2.2968978881835938,108.9234390258789,107.29397583007812,1.6294631958007812,0.44088390469551086,0.42150142788887024,-0.019382476806640625,0.5948279500007629,0.6050707101821899,0.010242760181427002,0.474720299243927,0.46907931566238403,-0.005640983581542969,0.5882929563522339,0.5874279141426086,0.0008650422096252441,0.15865503251552582,0.15865503251552582,118.31836521625519
crack0035_04.png,-3.2572981834411623,116.53196716308594,115.06254577636719,1.46942138671875,111.86541748046875,109.99847412109375,1.866943359375,0.361398309469223,0.2965445816516876,-0.0648537278175354,0.5728397965431213,0.5640873908996582,-0.008752405643463135,0.4727688431739807,0.4400455951690674,-0.03272324800491333,0.5960515141487122,0.594429075717926,0.0016224384307861328,0.2175413817167282,0.2175413817167282,121.84664213657379
crack0035_05.png,1.904607963562012,111.65203094482422,110.3075180053711,1.344512939453125,107.18806457519531,105.16744995117188,2.0206146240234375,0.397521436214447,0.39537549018859863,-0.0021459460258483887,0.5461360216140747,0.5412329435348511,-0.004903078079223633,0.4662121534347534,0.45155084133148193,-0.014661312103271484,0.5898193120956421,0.5868281126022339,0.002991199493408203,0.23273316025733948,0.23273316025733948,110.85001754760742
crack0035_06.png,-0.2507198333740234,102.04998779296875,102.19450378417969,-0.1445159912109375,107.80005645751953,107.04840087890625,0.7516555786132812,0.3315272927284241,0.32766205072402954,-0.0038652420043945312,0.5213528871536255,0.5198959112167358,-0.0014569759368896484,0.47784584760665894,0.47123605012893677,-0.006609797477722168,0.589008092880249,0.5899922847747803,-0.00098419189453125,0.2784891426563263,0.2784891426563263,106.06221413612366
crack0035_07.png,0.09218034744262704,108.44774627685547,107.75504302978516,0.6927032470703125,103.79618835449219,102.98634338378906,0.809844970703125,0.39152511954307556,0.38828036189079285,-0.003244757652282715,0.588030219078064,0.5751760005950928,-0.012854218482971191,0.4316893219947815,0.41014617681503296,-0.021543145179748535,0.5804844498634338,0.5842522382736206,-0.0037677884101867676,0.1590650975704193,0.1590650975704193,108.17466247081757
crack0035_08.png,1.9690614700317384,108.89833068847656,107.36045837402344,1.537872314453125,104.8900146484375,103.75187683105469,1.1381378173828125,0.45240506529808044,0.4496447741985321,-0.00276029109954834,0.5450616478919983,0.5500805377960205,0.005018889904022217,0.47657567262649536,0.4695022702217102,-0.007073402404785156,0.5862206816673279,0.5863206386566162,-9.995698928833008e-05,0.20254111289978027,0.20254111289978027,104.60353362560272
crack0035_09.png,0.42079324722290046,101.09701538085938,100.71472930908203,0.38228607177734375,104.81410217285156,103.373779296875,1.4403228759765625,0.47412076592445374,0.4667597711086273,-0.007360994815826416,0.5555142164230347,0.5530009865760803,-0.0025132298469543457,0.4903164505958557,0.4825403690338135,-0.007776081562042236,0.5885082483291626,0.5847135782241821,0.0037946701049804688,0.210706889629364,0.210706889629364,96.44061601161957
crack0036_00.png,-0.24737730026245108,112.57037353515625,111.87801361083984,0.6923599243164062,111.45820617675781,109.0523681640625,2.4058380126953125,0.3620412349700928,0.33927053213119507,-0.022770702838897705,0.18277615308761597,0.18416446447372437,0.0013883113861083984,0.32385456562042236,0.3432060480117798,0.019351482391357422,0.5857247114181519,0.5891234278678894,-0.003398716449737549,0.118601493537426,0.118601493537426,115.43289875984192
crack0036_01.png,0.3308656692504883,109.48028564453125,111.48374938964844,-2.0034637451171875,111.33272552490234,109.23350524902344,2.0992202758789062,0.288605272769928,0.29021045565605164,0.0016051828861236572,0.04270064830780029,0.07594513893127441,0.03324449062347412,0.25477951765060425,0.28731948137283325,0.032539963722229004,0.585463285446167,0.5845521092414856,0.0009111762046813965,0.09613677859306335,0.09613677859306335,116.58423256874084
crack0036_02.png,-5.610549068450927,106.4921875,113.33555603027344,-6.8433685302734375,105.85906982421875,104.73291778564453,1.1261520385742188,0.3017929196357727,0.309255987405777,0.0074630677700042725,0.0,0.0,0.0,0.2039814591407776,0.254028856754303,0.05004739761352539,0.5890657305717468,0.5844328999519348,0.004632830619812012,0.10459883511066437,0.10459883511066437,115.36892580986023
crack0036_03.png,-2.4836935997009277,98.87655639648438,99.87337493896484,-0.9968185424804688,108.11796569824219,105.9708251953125,2.1471405029296875,0.29926174879074097,0.25879931449890137,-0.0404624342918396,0.35396498441696167,0.3737437129020691,0.019778728485107422,0.439180850982666,0.45019978284835815,0.011018931865692139,0.5881122350692749,0.5856093764305115,0.0025028586387634277,0.13393425941467285,0.13393425941467285,107.37149620056152
crack0036_04.png,-2.7020920753479003,106.0476303100586,109.31805419921875,-3.2704238891601562,107.90127563476562,105.79107666015625,2.110198974609375,0.29093554615974426,0.2873387634754181,-0.003596782684326172,0.18805426359176636,0.18786203861236572,-0.00019222497940063477,0.33910661935806274,0.3582674264907837,0.019160807132720947,0.5858092904090881,0.5853171944618225,0.000492095947265625,0.11920495331287384,0.11920495331287384,113.87488806247711
crack0036_05.png,-1.7037827968597412,114.22791290283203,115.50263214111328,-1.27471923828125,107.21342468261719,106.43110656738281,0.782318115234375,0.21092872321605682,0.18530797958374023,-0.02562074363231659,0.18792062997817993,0.21983569860458374,0.03191506862640381,0.31777334213256836,0.33038169145584106,0.012608349323272705,0.5894771218299866,0.5887004733085632,0.0007766485214233398,0.10994775593280792,0.10994775593280792,127.3258786201477
crack0036_06.png,-2.86891450881958,119.22296142578125,121.46117401123047,-2.2382125854492188,110.76941680908203,110.85926818847656,-0.08985137939453125,0.29223695397377014,0.2863805294036865,-0.005856424570083618,0.3266977071762085,0.32155001163482666,-0.005147695541381836,0.358684241771698,0.36091649532318115,0.0022322535514831543,0.5979123115539551,0.5959208011627197,0.0019915103912353516,0.1479015052318573,0.1479015052318573,127.07572841644287
crack0036_07.png,-3.169126510620117,133.9724884033203,136.3525390625,-2.3800506591796875,108.0006103515625,107.08531188964844,0.9152984619140625,0.35306549072265625,0.33061835169792175,-0.022447139024734497,0.34557825326919556,0.36118513345718384,0.015606880187988281,0.40688902139663696,0.4013757109642029,-0.005513310432434082,0.5976201295852661,0.5972126126289368,0.0004075169563293457,0.11669644713401794,0.11669644713401794,139.2302178144455
crack0036_08.png,-0.6180996894836426,108.45730590820312,110.8226547241211,-2.3653488159179688,104.73330688476562,103.70730590820312,1.0260009765625,0.26127681136131287,0.2752956748008728,0.014018863439559937,0.3867107033729553,0.3913636803627014,0.004652976989746094,0.4111478924751282,0.42413830757141113,0.012990415096282959,0.5855171084403992,0.584786593914032,0.0007305145263671875,0.1513681560754776,0.1513681560754776,117.3840559720993
crack0036_09.png,-0.869140625,106.16545867919922,106.8516845703125,-0.6862258911132812,107.93643951416016,105.69320678710938,2.2432327270507812,0.27693289518356323,0.22187024354934692,-0.05506265163421631,0.37655341625213623,0.4586431384086609,0.08208972215652466,0.4138672351837158,0.43224555253982544,0.01837831735610962,0.5864052176475525,0.5853748321533203,0.0010303854942321777,0.12368201464414597,0.12368201464414597,116.65256571769714
crack0037_00.png,-1.9948413848876951,113.62064361572266,114.09366607666016,-0.4730224609375,109.00456237792969,108.01525115966797,0.9893112182617188,0.22647997736930847,0.20919838547706604,-0.01728159189224243,0.12610727548599243,0.10930240154266357,-0.016804873943328857,0.19272661209106445,0.17054146528244019,-0.022185146808624268,0.5927104949951172,0.5892810225486755,0.0034294724464416504,0.10527747869491577,0.10527747869491577,125.01367151737213
crack0037_01.png,2.876554250717163,127.65457916259766,127.34028625488281,0.31429290771484375,115.18965148925781,113.36996459960938,1.8196868896484375,0.20101498067378998,0.2179017961025238,0.016886815428733826,0.32389533519744873,0.335662305355072,0.011766970157623291,0.3243114948272705,0.32215559482574463,-0.002155900001525879,0.5879507660865784,0.5876317024230957,0.000319063663482666,0.14155736565589905,0.14155736565589905,138.95456451177597
crack0037_02.png,-1.0023746490478516,107.58126068115234,107.36132049560547,0.219940185546875,101.57991790771484,101.30812072753906,0.27179718017578125,0.19986064732074738,0.19153179228305817,-0.008328855037689209,0.0381464958190918,0.015534520149230957,-0.02261197566986084,0.24553799629211426,0.24833697080612183,0.0027989745140075684,0.5913956165313721,0.5854017734527588,0.005993843078613281,0.1294323354959488,0.1294323354959488,119.6352077126503
crack0037_03.png,-0.4127339363098145,115.17948150634766,114.67742156982422,0.5020599365234375,106.93583679199219,106.36677551269531,0.569061279296875,0.25202852487564087,0.2530156672000885,0.0009871423244476318,0.1350463628768921,0.10895991325378418,-0.02608644962310791,0.257801353931427,0.25150632858276367,-0.00629502534866333,0.5863206386566162,0.5907689332962036,-0.004448294639587402,0.16702967882156372,0.16702967882156372,123.43749737739563
crack0037_04.png,-3.277144718170166,110.06243896484375,111.60759735107422,-1.5451583862304688,104.34556579589844,104.42471313476562,-0.0791473388671875,0.19779372215270996,0.20098260045051575,0.003188878297805786,0.17911571264266968,0.1306065320968628,-0.048509180545806885,0.3197782039642334,0.30935055017471313,-0.010427653789520264,0.5868819952011108,0.5872587561607361,-0.00037676095962524414,0.1507730484008789,0.1507730484008789,122.45774507522583
crack0037_05.png,1.1175209045410157,120.9485855102539,119.5790023803711,1.3695831298828125,114.2735595703125,111.85848999023438,2.415069580078125,0.2171930968761444,0.20210537314414978,-0.015087723731994629,0.0,0.0,0.0,0.22689038515090942,0.2049364447593689,-0.021953940391540527,0.5950326919555664,0.5953094959259033,-0.00027680397033691406,0.1220109611749649,0.1220109611749649,131.94985139369965
crack0037_06.png,-0.754477548599243,101.95691680908203,101.51071166992188,0.44620513916015625,105.33318328857422,105.6283950805664,-0.2952117919921875,0.143036350607872,0.1700616478919983,0.027025297284126282,0.18691837787628174,0.10945522785186768,-0.07746315002441406,0.21813076734542847,0.18555104732513428,-0.03257972002029419,0.5842829942703247,0.5879353880882263,-0.0036523938179016113,0.12146870791912079,0.12146870791912079,116.66904872655869
crack0037_07.png,-0.10341005325317382,114.97503662109375,114.81343078613281,0.1616058349609375,103.0111083984375,102.28478240966797,0.7263259887695312,0.2303658276796341,0.2246861606836319,-0.005679666996002197,0.3267708420753479,0.3220769762992859,-0.004693865776062012,0.2986551523208618,0.2972678542137146,-0.0013872981071472168,0.5896770358085632,0.5875124931335449,0.0021645426750183105,0.14769555628299713,0.14769555628299713,125.0001454949379
crack0037_08.png,-4.2195353507995605,133.36070251464844,134.9366455078125,-1.5759429931640625,102.58554077148438,101.35797119140625,1.227569580078125,0.19347742199897766,0.1862797737121582,-0.007197648286819458,0.17854952812194824,0.10935443639755249,-0.06919509172439575,0.202392578125,0.19256019592285156,-0.009832382202148438,0.5872087478637695,0.5819838643074036,0.005224883556365967,0.11620599031448364,0.11620599031448364,146.46023750305176
crack0037_09.png,-1.5046677112579347,120.6488037109375,121.22557067871094,-0.5767669677734375,106.57105255126953,105.37057495117188,1.2004776000976562,0.1828347146511078,0.22262991964817047,0.03979520499706268,0.24203073978424072,0.12460827827453613,-0.11742246150970459,0.3341866731643677,0.3054819107055664,-0.02870476245880127,0.5940484404563904,0.5914186835289001,0.0026297569274902344,0.11482194066047668,0.11482194066047668,133.72904193401337
crack0038_00.png,-4.79254846572876,120.4421615600586,119.169189453125,1.2729721069335938,109.17975616455078,107.63040924072266,1.549346923828125,0.45742300152778625,0.373251736164093,-0.08417126536369324,0.0,0.0,0.0,0.13500458002090454,0.09154796600341797,-0.04345661401748657,0.5876278281211853,0.5864167809486389,0.0012110471725463867,0.10755221545696259,0.10755221545696259,120.91568446159363
crack0038_01.png,17.171975660324097,115.15467071533203,111.15093231201172,4.0037384033203125,107.42813873291016,104.63113403320312,2.7970046997070312,0.24184705317020416,0.3960832357406616,0.15423618257045746,0.009785473346710205,0.0,-0.009785473346710205,0.20802026987075806,0.15603876113891602,-0.05198150873184204,0.5856093764305115,0.5830603837966919,0.00254899263381958,0.11243848502635956,0.11243848502635956,122.06635338068008
crack0038_02.png,1.002792739868164,119.35635375976562,118.11414337158203,1.2422103881835938,107.63436889648438,107.66082763671875,-0.026458740234375,0.47306299209594727,0.46967393159866333,-0.0033890604972839355,0.0,0.0,0.0,0.10328048467636108,0.10947257280349731,0.0061920881271362305,0.589623212814331,0.5885659456253052,0.001057267189025879,0.13948309421539307,0.13948309421539307,114.13974118232727
crack0038_03.png,7.200909614562988,125.44481658935547,122.1669921875,3.2778244018554688,110.5987548828125,109.79850769042969,0.8002471923828125,0.14959540963172913,0.2514192461967468,0.1018238365650177,0.11676025390625,0.0,-0.11676025390625,0.31428390741348267,0.27677464485168457,-0.037509262561798096,0.5956824421882629,0.5924952030181885,0.003187239170074463,0.1170341819524765,0.1170341819524765,138.6574774980545
crack0038_04.png,5.305053234100342,119.68649291992188,112.94454956054688,6.741943359375,112.11410522460938,110.47592163085938,1.63818359375,0.44967612624168396,0.42368748784065247,-0.025988638401031494,0.0,0.0,0.0,0.13796472549438477,0.08234304189682007,-0.0556216835975647,0.5912840962409973,0.5916109085083008,-0.0003268122673034668,0.11476988345384598,0.11476988345384598,114.55870831012726
crack0038_05.png,-6.240221977233887,107.61338806152344,107.66617584228516,-0.05278778076171875,107.32199096679688,106.3065185546875,1.015472412109375,0.3927035331726074,0.3095470070838928,-0.0831565260887146,0.0,0.0,0.0,0.13250601291656494,0.11365687847137451,-0.01884913444519043,0.5896385908126831,0.5881661176681519,0.00147247314453125,0.11717191338539124,0.11717191338539124,112.65250515937805
crack0038_06.png,-3.728599452972412,116.3847427368164,118.3199462890625,-1.9352035522460938,114.32499694824219,114.79376220703125,-0.4687652587890625,0.4109891355037689,0.39051952958106995,-0.020469605922698975,0.0,0.0,0.0,0.0,0.0,0.0,0.5898846387863159,0.5890926718711853,0.0007919669151306152,0.11296015977859497,0.11296015977859497,117.5165582895279
crack0038_07.png,11.861507320404053,122.73917388916016,117.08223724365234,5.6569366455078125,113.78133392333984,112.66170501708984,1.11962890625,0.3785352408885956,0.4486699402332306,0.07013469934463501,0.0,0.0,0.0,0.14899176359176636,0.08322447538375854,-0.06576728820800781,0.5938677191734314,0.5902191400527954,0.0036485791206359863,0.11079336702823639,0.11079336702823639,120.95329988002777
crack0038_08.png,14.902783966064453,120.9447021484375,118.70350646972656,2.2411956787109375,112.28704833984375,111.23710632324219,1.0499420166015625,0.3455331325531006,0.49843791127204895,0.15290477871894836,0.0,0.0,0.0,0.2216523289680481,0.1560083031654358,-0.0656440258026123,0.5915225148200989,0.5912917852401733,0.0002307295799255371,0.11951066553592682,0.11951066553592682,122.75301694869995
crack0038_09.png,4.149554634094239,123.02974700927734,118.79291534423828,4.2368316650390625,111.67842102050781,109.41602325439453,2.2623977661132812,0.4059857726097107,0.39461126923561096,-0.011374503374099731,0.0,0.0,0.0,0.14391952753067017,0.11124718189239502,-0.032672345638275146,0.5885313153266907,0.5905882120132446,-0.002056896686553955,0.11498669534921646,0.11498669534921646,120.85818350315094
crack0039_00.png,5.277285480499268,124.30427551269531,118.31124114990234,5.993034362792969,112.8133544921875,109.01718139648438,3.796173095703125,0.23015424609184265,0.19402733445167542,-0.036126911640167236,0.25759243965148926,0.2775009870529175,0.019908547401428223,0.3544806241989136,0.32822394371032715,-0.026256680488586426,0.58785080909729,0.5913609862327576,-0.0035101771354675293,0.13280394673347473,0.13280394673347473,133.3205577135086
crack0039_01.png,3.3683496475219727,114.06289672851562,111.66478729248047,2.3981094360351562,104.40280151367188,103.16162872314453,1.2411727905273438,0.20752809941768646,0.20865841209888458,0.0011303126811981201,0.3780505657196045,0.38927972316741943,0.011229157447814941,0.4165920615196228,0.41525954008102417,-0.0013325214385986328,0.5865474939346313,0.5881929993629456,-0.001645505428314209,0.13863733410835266,0.13863733410835266,123.93987601995468
crack0039_02.png,5.065456867218018,107.9512710571289,104.64665985107422,3.3046112060546875,106.2973861694336,103.6363296508789,2.6610565185546875,0.25489842891693115,0.2536396384239197,-0.0012587904930114746,0.2914251685142517,0.3094502091407776,0.01802504062652588,0.3887227773666382,0.41380780935287476,0.025085031986236572,0.5866589546203613,0.5847558379173279,0.0019031167030334473,0.12235701829195023,0.12235701829195023,114.54694533348083
crack0039_03.png,2.725687313079834,140.43435668945312,137.64036560058594,2.7939910888671875,114.28814697265625,112.57672882080078,1.7114181518554688,0.13920095562934875,0.1335679590702057,-0.005632996559143066,0.2766416072845459,0.26909732818603516,-0.007544279098510742,0.29254859685897827,0.3052126169204712,0.01266402006149292,0.5837562680244446,0.5837677717208862,-1.150369644165039e-05,0.10853826999664307,0.10853826999664307,154.37399446964264
crack0039_04.png,6.411920404434204,130.81295776367188,125.92865753173828,4.884300231933594,112.6952133178711,110.80863189697266,1.8865814208984375,0.16149049997329712,0.1552267223596573,-0.0062637776136398315,0.21527642011642456,0.24637895822525024,0.031102538108825684,0.2999638319015503,0.30247998237609863,0.00251615047454834,0.5828296542167664,0.5820799469947815,0.0007497072219848633,0.1161927729845047,0.1161927729845047,142.3703904747963
crack0039_05.png,4.964952898025513,121.57321166992188,119.20575714111328,2.3674545288085938,111.28572082519531,109.65435791015625,1.6313629150390625,0.2137570083141327,0.23099030554294586,0.01723329722881317,0.20996499061584473,0.2242068648338318,0.01424187421798706,0.2596409320831299,0.2773495316505432,0.01770859956741333,0.5900768637657166,0.5901615023612976,-8.463859558105469e-05,0.11277500540018082,0.11277500540018082,131.17052400112152
crack0039_06.png,3.0070026874542237,133.74461364746094,131.15472412109375,2.5898895263671875,108.5619888305664,106.52323913574219,2.0387496948242188,0.0973026305437088,0.09747225046157837,0.00016961991786956787,0.21249961853027344,0.20187395811080933,-0.010625660419464111,0.3321892023086548,0.33674168586730957,0.004552483558654785,0.5827758312225342,0.5824490785598755,0.0003267526626586914,0.10320296883583069,0.10320296883583069,149.92254430055618
crack0039_07.png,5.5410524129867555,136.9013214111328,133.10281372070312,3.7985076904296875,111.36168670654297,109.03059387207031,2.3310928344726562,0.093688003718853,0.10038904845714569,0.006701044738292694,0.24795979261398315,0.25506412982940674,0.007104337215423584,0.2615289092063904,0.26030415296554565,-0.0012247562408447266,0.5864821076393127,0.5867358446121216,-0.0002537369728088379,0.09413475543260574,0.09413475543260574,152.85022112727165
crack0039_08.png,6.577004337310791,130.86651611328125,128.02407836914062,2.842437744140625,115.15811157226562,112.44096374511719,2.7171478271484375,0.19933097064495087,0.20725049078464508,0.007919520139694214,0.0702471137046814,0.11721360683441162,0.046966493129730225,0.2755955457687378,0.2889293432235718,0.013333797454833984,0.5981007218360901,0.594713568687439,0.003387153148651123,0.12097904086112976,0.12097904086112976,141.4094678759575
crack0039_09.png,3.920972442626953,121.77979278564453,119.03527069091797,2.7445220947265625,118.43010711669922,116.39482879638672,2.0352783203125,0.18256010115146637,0.17376576364040375,-0.008794337511062622,0.31453490257263184,0.33834463357925415,0.023809731006622314,0.372053325176239,0.3777329921722412,0.005679666996002197,0.5842368602752686,0.5813994407653809,0.0028374195098876953,0.11194059997797012,0.11194059997797012,133.35106033086777
crack0040_00.png,2.3944510459899906,103.7241439819336,99.99221801757812,3.7319259643554688,116.62960815429688,115.045654296875,1.583953857421875,0.3238625228404999,0.30099669098854065,-0.02286583185195923,0.0,0.0,0.0,0.0,0.0,0.0,0.5875625014305115,0.5911072492599487,-0.003544747829437256,0.12604273855686188,0.12604273855686188,107.44266951084137
crack0040_01.png,4.243708610534668,136.04771423339844,133.62542724609375,2.4222869873046875,114.27035522460938,112.48873901367188,1.7816162109375,0.21884338557720184,0.2332240492105484,0.014380663633346558,0.0,0.0,0.0,0.19499176740646362,0.155140221118927,-0.03985154628753662,0.5853056311607361,0.5863475799560547,-0.0010419487953186035,0.11820685118436813,0.11820685118436813,145.15987080335617
crack0040_02.png,4.56586799621582,125.72012329101562,123.14202117919922,2.5781021118164062,115.85883331298828,116.3456039428711,-0.4867706298828125,0.32161349058151245,0.3483427166938782,0.026729226112365723,0.0,0.0,0.0,0.0552096962928772,0.0,-0.0552096962928772,0.5889350175857544,0.5878316164016724,0.0011034011840820312,0.11923162639141083,0.11923162639141083,128.69166350364685
crack0040_03.png,5.981044673919678,119.90899658203125,117.13184356689453,2.7771530151367188,118.74742126464844,116.25717163085938,2.4902496337890625,0.31733760237693787,0.34308379888534546,0.025746196508407593,0.0,0.0,0.0,0.0,0.0,0.0,0.5901653170585632,0.5864629149436951,0.003702402114868164,0.10536836832761765,0.10536836832761765,123.08677661418915
crack0040_04.png,3.3932400703430172,115.1667251586914,111.43050384521484,3.7362213134765625,117.91783142089844,116.5820541381836,1.3357772827148438,0.27363625168800354,0.26550745964050293,-0.00812879204750061,0.0,0.0,0.0,0.10923725366592407,0.0009340047836303711,-0.1083032488822937,0.5827258825302124,0.5884006023406982,-0.00567471981048584,0.12367172539234161,0.12367172539234161,120.90419101715088
crack0040_05.png,3.380160999298096,114.56319427490234,110.64733123779297,3.915863037109375,121.32085418701172,117.40372467041016,3.9171295166015625,0.35651910305023193,0.3304794132709503,-0.026039689779281616,0.0,0.0,0.0,0.09472954273223877,0.07808542251586914,-0.01664412021636963,0.5893040895462036,0.589788556098938,-0.000484466552734375,0.11376836895942688,0.11376836895942688,116.36804020404816
crack0040_06.png,5.4138764381408695,105.85928344726562,101.45178985595703,4.407493591308594,116.15991973876953,114.30805969238281,1.8518600463867188,0.3709031343460083,0.3739564120769501,0.0030532777309417725,0.0,0.0,0.0,0.19933736324310303,0.1967693567276001,-0.0025680065155029297,0.5960899591445923,0.5955555438995361,0.0005344152450561523,0.11402051895856857,0.11402051895856857,105.24494695663452
crack0040_07.png,6.738780784606933,113.16197204589844,107.93213653564453,5.229835510253906,117.534912109375,115.17240142822266,2.3625106811523438,0.29292595386505127,0.2998867928981781,0.006960839033126831,0.0,0.0,0.0,0.08090734481811523,0.010927736759185791,-0.06997960805892944,0.5897270441055298,0.5895501971244812,0.00017684698104858398,0.1198132261633873,0.1198132261633873,116.5605788230896
crack0040_08.png,5.1503527641296385,122.57730865478516,120.44425201416016,2.133056640625,110.97877502441406,108.51582336425781,2.46295166015625,0.26273101568222046,0.2900836169719696,0.027352601289749146,0.0,0.0,0.0,0.07595682144165039,0.04561948776245117,-0.03033733367919922,0.5840023159980774,0.5879046320915222,-0.0039023160934448242,0.10471250116825104,0.10471250116825104,129.26310467720032
crack0040_09.png,0.6843894004821776,122.8747329711914,120.99786376953125,1.8768692016601562,114.27957153320312,114.3106689453125,-0.031097412109375,0.2723919153213501,0.2791227698326111,0.006730854511260986,0.040967345237731934,0.0,-0.040967345237731934,0.16810834407806396,0.09480595588684082,-0.07330238819122314,0.5876778364181519,0.5896732211112976,-0.001995384693145752,0.12727394700050354,0.12727394700050354,129.17971229553223
crack0041_00.png,-0.5572198390960693,123.46735382080078,124.1496810913086,-0.6823272705078125,106.34121704101562,105.81317138671875,0.528045654296875,0.1641891896724701,0.15777049958705902,-0.006418690085411072,0.30709773302078247,0.3155677914619446,0.00847005844116211,0.26669949293136597,0.2882171869277954,0.021517693996429443,0.594429075717926,0.5922145247459412,0.0022145509719848633,0.16117748618125916,0.16117748618125916,138.1194505095482
crack0041_01.png,2.7011952877044676,124.76319885253906,123.87896728515625,0.8842315673828125,116.35926055908203,114.50650787353516,1.852752685546875,0.19745677709579468,0.2061098963022232,0.008653119206428528,0.3962041735649109,0.4007464647293091,0.004542291164398193,0.3375246524810791,0.3541061282157898,0.016581475734710693,0.5978431105613708,0.5927950739860535,0.005048036575317383,0.18158859014511108,0.18158859014511108,136.3874008655548
crack0041_02.png,0.25334749221801756,122.01575469970703,122.7615966796875,-0.7458419799804688,108.49573516845703,108.79920959472656,-0.30347442626953125,0.1815197914838791,0.19561685621738434,0.014097064733505249,0.3407741189002991,0.33486974239349365,-0.00590437650680542,0.3955843448638916,0.40033233165740967,0.004747986793518066,0.5897654891014099,0.5840407609939575,0.005724728107452393,0.1570153832435608,0.1570153832435608,135.08810776472092
crack0041_03.png,-0.7343490123748779,124.0908203125,124.46918487548828,-0.37836456298828125,108.048828125,107.64019775390625,0.40863037109375,0.2109934240579605,0.21187809109687805,0.0008846670389175415,0.418168306350708,0.40342843532562256,-0.01473987102508545,0.3440128564834595,0.33268874883651733,-0.011324107646942139,0.5925143957138062,0.5925297737121582,-1.537799835205078e-05,0.17578567564487457,0.17578567564487457,135.32158809900284
crack0041_04.png,1.8153165817260741,128.4901885986328,127.66638946533203,0.8237991333007812,112.99104309082031,112.01026916503906,0.98077392578125,0.16394133865833282,0.16581933200359344,0.0018779933452606201,0.3646543025970459,0.37319111824035645,0.008536815643310547,0.38060683012008667,0.403156578540802,0.022549748420715332,0.5841906666755676,0.5815032720565796,0.002687394618988037,0.149347186088562,0.149347186088562,141.60943537950516
crack0041_05.png,-0.9594968795776366,124.11910247802734,125.69805145263672,-1.578948974609375,113.44965362548828,113.31771850585938,0.13193511962890625,0.16801193356513977,0.16975176334381104,0.0017398297786712646,0.3715047240257263,0.384029746055603,0.012525022029876709,0.37169623374938965,0.37636131048202515,0.004665076732635498,0.5921453237533569,0.5939830541610718,-0.0018377304077148438,0.1580473929643631,0.1580473929643631,138.58718311786652
crack0041_06.png,0.12951273918151862,122.77356719970703,123.12939453125,-0.35582733154296875,112.49156188964844,110.91764831542969,1.57391357421875,0.17549051344394684,0.17855164408683777,0.00306113064289093,0.32204991579055786,0.3112570643424988,-0.010792851448059082,0.2888609766960144,0.2963765859603882,0.007515609264373779,0.590111494064331,0.5890465378761292,0.0010649561882019043,0.13707032799720764,0.13707032799720764,136.02650982141495
crack0041_07.png,0.2712101936340332,116.48338317871094,115.61126708984375,0.8721160888671875,112.11852264404297,109.9339599609375,2.1845626831054688,0.2568262815475464,0.2435833215713501,-0.013242959976196289,0.38425928354263306,0.3736116290092468,-0.01064765453338623,0.352255642414093,0.34351032972335815,-0.008745312690734863,0.5894617438316345,0.5891964435577393,0.00026530027389526367,0.1931370198726654,0.1931370198726654,125.01079559326172
crack0041_08.png,-0.7821728229522705,113.6973648071289,114.41339874267578,-0.716033935546875,106.61054992675781,105.26432037353516,1.3462295532226562,0.21978797018527985,0.22177082300186157,0.001982852816581726,0.44587987661361694,0.4280555844306946,-0.017824292182922363,0.3950155973434448,0.3737601041793823,-0.0212554931640625,0.583091139793396,0.5843483209609985,-0.001257181167602539,0.20102760195732117,0.20102760195732117,124.2420364022255
crack0041_09.png,0.2550004482269287,124.98599243164062,125.16937255859375,-0.183380126953125,109.24691772460938,107.92330932617188,1.3236083984375,0.16973915696144104,0.1718764454126358,0.002137288451194763,0.43395286798477173,0.42639440298080444,-0.007558465003967285,0.38527119159698486,0.39215368032455444,0.00688248872756958,0.5922645330429077,0.5912572145462036,0.0010073184967041016,0.1569211184978485,0.1569211184978485,138.58391439914703
crack0042_00.png,6.272411155700683,110.07249450683594,109.84310150146484,0.22939300537109375,116.28428649902344,114.41215515136719,1.87213134765625,0.26001444458961487,0.32575899362564087,0.065744549036026,0.0,0.0,0.0,0.24374991655349731,0.3080250024795532,0.06427508592605591,0.5850595831871033,0.584194540977478,0.0008650422096252441,0.12427066266536713,0.12427066266536713,117.75931465625763
crack0042_01.png,8.129647064208985,121.47425079345703,120.56011199951172,0.9141387939453125,114.84636688232422,112.05203247070312,2.7943344116210938,0.26331430673599243,0.33800822496414185,0.07469391822814941,0.0,0.0,0.0,0.18190765380859375,0.24394458532333374,0.06203693151473999,0.5927143692970276,0.5896578431129456,0.0030565261840820312,0.11316028237342834,0.11316028237342834,128.92689776420593
crack0042_02.png,5.913729667663574,125.86212158203125,123.68006896972656,2.1820526123046875,110.78718566894531,107.521728515625,3.2654571533203125,0.29408976435661316,0.3220631778240204,0.027973413467407227,0.0,0.0,0.0,0.29280418157577515,0.2709575891494751,-0.02184659242630005,0.5871587991714478,0.5824682712554932,0.00469052791595459,0.10549889504909515,0.10549889504909515,130.61206138134003
crack0042_03.png,9.650595951080323,116.74598693847656,115.08346557617188,1.6625213623046875,112.2232666015625,109.99705505371094,2.2262115478515625,0.27481332421302795,0.36399462819099426,0.08918130397796631,0.0001462697982788086,0.0,-0.0001462697982788086,0.2843043804168701,0.29083412885665894,0.006529748439788818,0.5917762517929077,0.5925528407096863,-0.0007765889167785645,0.11379143595695496,0.11379143595695496,123.12804043292999
crack0042_04.png,0.8943340301513674,106.93090057373047,106.02391052246094,0.9069900512695312,111.64579010009766,107.8245620727539,3.82122802734375,0.26973384618759155,0.2807173430919647,0.010983496904373169,0.05992281436920166,0.0,-0.05992281436920166,0.2819666266441345,0.2213858962059021,-0.06058073043823242,0.5849596261978149,0.5855324864387512,-0.0005728602409362793,0.09825006872415543,0.09825006872415543,113.71467423439026
crack0042_05.png,7.42273440361023,112.087158203125,111.02423095703125,1.06292724609375,115.86380004882812,112.89572143554688,2.96807861328125,0.22970865666866302,0.2938179671764374,0.06410931050777435,0.0,0.0,0.0,0.08795857429504395,0.22331148386001587,0.13535290956497192,0.5941676497459412,0.5930718779563904,0.0010957717895507812,0.10675480961799622,0.10675480961799622,121.53988116979599
crack0042_06.png,4.582490158081055,116.49008178710938,116.1303482055664,0.35973358154296875,113.53111267089844,110.79470825195312,2.7364044189453125,0.29677578806877136,0.3346904218196869,0.03791463375091553,0.05195266008377075,0.0533786416053772,0.0014259815216064453,0.30336928367614746,0.337415874004364,0.03404659032821655,0.5911072492599487,0.5901576280593872,0.0009496212005615234,0.1210491955280304,0.1210491955280304,122.14795768260956
crack0042_07.png,4.74386739730835,129.86111450195312,128.5898895263672,1.2712249755859375,118.12124633789062,115.24565124511719,2.8755950927734375,0.21439909934997559,0.2573849856853485,0.042985886335372925,0.0336686372756958,0.007267892360687256,-0.026400744915008545,0.2500529885292053,0.27251285314559937,0.022459864616394043,0.5877854824066162,0.5892964005470276,-0.001510918140411377,0.11739662289619446,0.11739662289619446,139.93341207504272
crack0042_08.png,1.8910580635070802,111.9401626586914,111.03455352783203,0.905609130859375,113.40174865722656,111.30875396728516,2.0929946899414062,0.2843537926673889,0.2863837778568268,0.002029985189437866,0.0,0.0,0.0,0.28959226608276367,0.29035311937332153,0.0007608532905578613,0.5872895121574402,0.5876432061195374,-0.00035369396209716797,0.12742185592651367,0.12742185592651367,117.93185877799988
crack0042_09.png,6.638114547729492,127.99344635009766,126.32562255859375,1.6678237915039062,113.09711456298828,110.68055725097656,2.4165573120117188,0.24158045649528503,0.30147039890289307,0.05988994240760803,0.025636494159698486,0.005087077617645264,-0.020549416542053223,0.27699553966522217,0.2955012321472168,0.01850569248199463,0.585163414478302,0.5843021869659424,0.0008612275123596191,0.13619425892829895,0.13619425892829895,136.07124364376068
crack0043_00.png,-3.25719108581543,94.295166015625,97.91344451904297,-3.6182785034179688,106.52389526367188,107.0477066040039,-0.5238113403320312,0.16278524696826935,0.15147380530834198,-0.011311441659927368,0.11727148294448853,0.16235268115997314,0.04508119821548462,0.035360515117645264,0.07966279983520508,0.044302284717559814,0.5789657831192017,0.5871587991714478,-0.008193016052246094,0.10275302827358246,0.10275302827358246,110.50222891569138
crack0043_01.png,-2.8525726318359377,77.44188690185547,81.3794174194336,-3.937530517578125,120.17147064208984,118.96397399902344,1.2074966430664062,0.07853449136018753,0.11222634464502335,0.033691853284835815,0.06476390361785889,0.016020119190216064,-0.04874378442764282,0.0,0.0,0.0,0.5831718444824219,0.5867627859115601,-0.0035909414291381836,0.10121063888072968,0.10121063888072968,98.16909411549568
crack0043_02.png,-2.4358054161071774,81.56458282470703,87.42036437988281,-5.855781555175781,112.36769104003906,112.71687316894531,-0.34918212890625,0.1095086932182312,0.14513346552848816,0.03562477231025696,0.0033203959465026855,0.022638380527496338,0.019317984580993652,0.0,0.0,0.0,0.5859361886978149,0.5875124931335449,-0.0015763044357299805,0.10321442782878876,0.10321442782878876,101.42245173454285
crack0043_03.png,-2.1262142658233643,96.43907165527344,102.31243896484375,-5.8733673095703125,108.28853607177734,109.17865753173828,-0.8901214599609375,0.14233167469501495,0.16519582271575928,0.022864148020744324,0.11950260400772095,0.18066811561584473,0.06116551160812378,0.04659825563430786,0.125835120677948,0.07923686504364014,0.5828680992126465,0.5871818661689758,-0.004313766956329346,0.10400072485208511,0.10400072485208511,114.32312947511673
crack0043_04.png,-5.775844073295593,97.39007568359375,101.77996063232422,-4.389884948730469,118.12968444824219,117.29817962646484,0.8315048217773438,0.0963962972164154,0.08941975980997086,-0.0069765374064445496,0.06779658794403076,0.04150766134262085,-0.026288926601409912,0.0,0.0,0.0,0.5873202681541443,0.5900422930717468,-0.002722024917602539,0.11878247559070587,0.11878247559070587,117.8215242922306
crack0043_05.png,-5.20097246170044,103.255859375,109.16441345214844,-5.9085540771484375,113.68421936035156,113.81271362304688,-0.1284942626953125,0.13582071661949158,0.14087986946105957,0.005059152841567993,0.26907670497894287,0.28282326459884644,0.013746559619903564,0.19651007652282715,0.20620208978652954,0.009692013263702393,0.5845213532447815,0.589411735534668,-0.004890382289886475,0.11106685549020767,0.11106685549020767,121.63736283779144
crack0043_06.png,-4.90475594997406,86.33970642089844,92.23766326904297,-5.897956848144531,124.5003890991211,125.39146423339844,-0.8910751342773438,0.12272267788648605,0.139693021774292,0.01697034388780594,0.0,0.0,0.0,0.0,0.0,0.0,0.58931565284729,0.5895155668258667,-0.00019991397857666016,0.0941099300980568,0.0941099300980568,105.50594684481621
crack0043_07.png,-5.295408868789673,87.85113525390625,93.78955841064453,-5.938423156738281,115.50650024414062,114.75799560546875,0.748504638671875,0.1551463007926941,0.15614576637744904,0.0009994655847549438,0.0,0.009628653526306152,0.009628653526306152,0.0,0.022950589656829834,0.022950589656829834,0.5883429646492004,0.59138023853302,-0.00303727388381958,0.10803796350955963,0.10803796350955963,105.16677832603455
crack0043_08.png,0.5137753963470457,85.80512237548828,89.6241226196289,-3.819000244140625,108.8842544555664,110.15821838378906,-1.2739639282226562,0.161872997879982,0.17695263028144836,0.01507963240146637,0.20382851362228394,0.29981476068496704,0.0959862470626831,0.1813751459121704,0.22064441442489624,0.03926926851272583,0.5812187790870667,0.5863052606582642,-0.00508648157119751,0.10570892691612244,0.10570892691612244,101.45445305109024
crack0043_09.png,-4.67190911769867,101.7994613647461,106.6934585571289,-4.8939971923828125,113.26204681396484,115.50407409667969,-2.2420272827148438,0.0806877538561821,0.08647695183753967,0.0057891979813575745,0.11884868144989014,0.13881832361221313,0.019969642162322998,0.0,0.0,0.0,0.5820568799972534,0.5856324434280396,-0.003575563430786133,0.11604486405849457,0.11604486405849457,122.83049246668816
crack0044_00.png,3.0768487453460693,101.89533233642578,99.893310546875,2.0020217895507812,111.0317153930664,108.50833129882812,2.5233840942382812,0.2457772046327591,0.24339187145233154,-0.0023853331804275513,0.45218056440353394,0.4556545615196228,0.003473997116088867,0.4033655524253845,0.4019097685813904,-0.0014557838439941406,0.5923067927360535,0.5893732905387878,0.002933502197265625,0.25766119360923767,0.25766119360923767,109.98308086395264
crack0044_01.png,4.264902067184448,105.51882934570312,104.21932983398438,1.29949951171875,107.1465072631836,106.131103515625,1.0154037475585938,0.243620827794075,0.2773662507534027,0.0337454229593277,0.47795188426971436,0.4708011746406555,-0.007150709629058838,0.43343186378479004,0.4360390305519104,0.0026071667671203613,0.5923298597335815,0.5886889696121216,0.003640890121459961,0.19269351661205292,0.19269351661205292,113.94502431154251
crack0044_02.png,3.316401720046997,105.37017059326172,103.84771728515625,1.5224533081054688,107.7962646484375,106.83381652832031,0.9624481201171875,0.2323104292154312,0.2487490177154541,0.016438588500022888,0.5757490396499634,0.5751972198486328,-0.0005518198013305664,0.46044260263442993,0.4606173038482666,0.00017470121383666992,0.5871856808662415,0.5842868089675903,0.002898871898651123,0.17710644006729126,0.17710644006729126,114.15774542093277
crack0044_03.png,4.13601393699646,95.55143737792969,94.27262878417969,1.27880859375,103.21466827392578,102.24343872070312,0.9712295532226562,0.18709908425807953,0.21612751483917236,0.029028430581092834,0.36051464080810547,0.36369115114212036,0.0031765103340148926,0.39331406354904175,0.4024631977081299,0.009149134159088135,0.5848942995071411,0.5844098329544067,0.000484466552734375,0.15981429815292358,0.15981429815292358,107.08186000585556
crack0044_04.png,-1.8613569259643556,125.04019165039062,124.65191650390625,0.388275146484375,112.11027526855469,112.14183044433594,-0.03155517578125,0.26670804619789124,0.2793760895729065,0.012668043375015259,0.3838326334953308,0.2970811128616333,-0.08675152063369751,0.33482563495635986,0.27084827423095703,-0.06397736072540283,0.6037754416465759,0.5982852578163147,0.0054901838302612305,0.1923048496246338,0.1923048496246338,132.994588971138
crack0044_05.png,0.7442895889282226,105.39801788330078,106.2569351196289,-0.858917236328125,106.48873138427734,105.64544677734375,0.8432846069335938,0.2363850176334381,0.24945947527885437,0.01307445764541626,0.4252845048904419,0.4292911887168884,0.004006683826446533,0.38100653886795044,0.38718336820602417,0.0061768293380737305,0.5914109945297241,0.5899192690849304,0.0014917254447937012,0.24687610566616058,0.24687610566616058,115.30081522464752
crack0044_06.png,5.124212789535522,106.8413314819336,104.89270782470703,1.9486236572265625,113.77098846435547,111.96870422363281,1.8022842407226562,0.20439571142196655,0.2327413707971573,0.028345659375190735,0.41441458463668823,0.4184596538543701,0.004045069217681885,0.3448634743690491,0.3547518253326416,0.00988835096359253,0.5954325199127197,0.5948020219802856,0.000630497932434082,0.2074676901102066,0.2074676901102066,117.42057776451111
crack0044_07.png,1.767454433441162,103.86665344238281,101.96184539794922,1.9048080444335938,112.4905014038086,111.46054077148438,1.0299606323242188,0.20274443924427032,0.19652660191059113,-0.006217837333679199,0.4621310234069824,0.45967215299606323,-0.0024588704109191895,0.4006114602088928,0.40655404329299927,0.005942583084106445,0.5924952030181885,0.5913341045379639,0.0011610984802246094,0.2580581307411194,0.2580581307411194,114.82246142625809
crack0044_08.png,6.18631944656372,102.47370910644531,99.69672393798828,2.7769851684570312,111.34747314453125,109.26504516601562,2.082427978515625,0.2519991397857666,0.27315911650657654,0.021159976720809937,0.45855414867401123,0.48000502586364746,0.02145087718963623,0.38915884494781494,0.40800273418426514,0.018843889236450195,0.5911880135536194,0.5905497670173645,0.0006382465362548828,0.2399924099445343,0.2399924099445343,109.61278867721558
crack0044_09.png,3.278312921524048,118.32913970947266,117.89634704589844,0.43279266357421875,119.2521743774414,118.73421478271484,0.5179595947265625,0.2251444309949875,0.2571967542171478,0.03205232322216034,0.518582820892334,0.5222166776657104,0.003633856773376465,0.469948410987854,0.4665096402168274,-0.0034387707710266113,0.6021299362182617,0.6039100289344788,-0.001780092716217041,0.2708546221256256,0.2708546221256256,128.76047867536545
crack0045_00.png,-0.45996866226196254,141.4252166748047,139.43997192382812,1.9852447509765625,120.09172058105469,117.22785949707031,2.863861083984375,0.2036314159631729,0.19669993221759796,-0.006931483745574951,0.16731810569763184,0.09115064144134521,-0.07616746425628662,0.3198767304420471,0.24712347984313965,-0.07275325059890747,0.5837408900260925,0.5834794044494629,0.00026148557662963867,0.11071042716503143,0.11071042716503143,151.98023396730423
crack0045_01.png,-0.11538643836975093,121.52315521240234,122.5086898803711,-0.98553466796875,112.57640075683594,111.94618225097656,0.630218505859375,0.22082816064357758,0.2451183795928955,0.024290218949317932,0.22309774160385132,0.18779659271240234,-0.035301148891448975,0.34159988164901733,0.33464497327804565,-0.00695490837097168,0.5907381772994995,0.5885659456253052,0.002172231674194336,0.12907199561595917,0.12907199561595917,132.39575999975204
crack0045_02.png,4.021106958389282,136.69168090820312,135.9523162841797,0.7393646240234375,115.85403442382812,113.74221801757812,2.11181640625,0.20503267645835876,0.23754142224788666,0.03250874578952789,0.13074374198913574,0.12325292825698853,-0.007490813732147217,0.24841821193695068,0.27064257860183716,0.022224366664886475,0.5922722220420837,0.5888735055923462,0.003398716449737549,0.14874225854873657,0.14874225854873657,147.71092689037323
crack0045_03.png,-2.238868474960327,122.06499481201172,123.8194351196289,-1.7544403076171875,119.04666137695312,117.43632507324219,1.6103363037109375,0.20539870858192444,0.20178283751010895,-0.0036158710718154907,0.21662527322769165,0.19600051641464233,-0.020624756813049316,0.29076439142227173,0.27235156297683716,-0.01841282844543457,0.5916109085083008,0.5919684767723083,-0.00035756826400756836,0.14713534712791443,0.14713534712791443,134.5139837861061
crack0045_04.png,2.5723690032958983,107.09733581542969,106.6934585571289,0.40387725830078125,112.18232727050781,110.32657623291016,1.8557510375976562,0.12627699971199036,0.15466749668121338,0.028390496969223022,0.25662732124328613,0.23202937841415405,-0.02459794282913208,0.2698354721069336,0.25892698764801025,-0.01090848445892334,0.5969857573509216,0.5935140252113342,0.0034717321395874023,0.13998082280158997,0.13998082280158997,123.19820749759674
crack0045_05.png,3.699636840820313,127.69165802001953,125.89427185058594,1.7973861694335938,111.76164245605469,108.76945495605469,2.9921875,0.13236872851848602,0.15884627401828766,0.026477545499801636,0.25819945335388184,0.22651195526123047,-0.03168749809265137,0.29760897159576416,0.2909731864929199,-0.006635785102844238,0.5868819952011108,0.5905151963233948,-0.0036332011222839355,0.14807525277137756,0.14807525277137756,142.47144907712936
crack0045_06.png,2.4386309146881104,118.1668472290039,117.42933654785156,0.7375106811523438,110.68220520019531,108.68144989013672,2.0007553100585938,0.22228150069713593,0.24887675046920776,0.02659524977207184,0.27103495597839355,0.23824650049209595,-0.03278845548629761,0.353382408618927,0.3215048909187317,-0.03187751770019531,0.5889811515808105,0.5868627429008484,0.002118408679962158,0.16703791916370392,0.16703791916370392,128.020447909832
crack0045_07.png,0.0778931140899658,142.16111755371094,142.59129333496094,-0.43017578125,115.70677185058594,114.21756744384766,1.4892044067382812,0.2325812429189682,0.2312822937965393,-0.001298949122428894,0.2054675817489624,0.20639419555664062,0.0009266138076782227,0.2669588327407837,0.2822032570838928,0.01524442434310913,0.5871472358703613,0.5876662731170654,-0.0005190372467041016,0.14006274938583374,0.14006274938583374,152.0059187412262
crack0045_08.png,-3.0369199752807616,122.88410186767578,120.68800354003906,2.1960983276367188,110.004150390625,107.48650360107422,2.5176467895507812,0.22263512015342712,0.1773732304573059,-0.045261889696121216,0.32012367248535156,0.2547762393951416,-0.06534743309020996,0.40674078464508057,0.35413944721221924,-0.05260133743286133,0.5847212672233582,0.5848519802093506,-0.00013071298599243164,0.14428144693374634,0.14428144693374634,134.5377380847931
crack0045_09.png,-0.5768587589263916,124.56277465820312,122.7410888671875,1.821685791015625,119.292724609375,115.97203063964844,3.3206939697265625,0.1831704080104828,0.166114941239357,-0.017055466771125793,0.14378660917282104,0.08277004957199097,-0.06101655960083008,0.2142663598060608,0.15632307529449463,-0.05794328451156616,0.5907958745956421,0.5888389348983765,0.001956939697265625,0.152633935213089,0.152633935213089,137.31687027215958
crack0046_00.png,-6.221696519851685,72.47322082519531,79.50050354003906,-7.02728271484375,119.91610717773438,119.53327941894531,0.3828277587890625,0.1611078381538391,0.16848497092723846,0.007377132773399353,0.0,0.0,0.0,0.0,0.0,0.0,0.5908612012863159,0.5893040895462036,0.0015571117401123047,0.10412738472223282,0.10412738472223282,89.95483994483948
crack0046_01.png,-4.179079580307007,66.25955200195312,72.96714782714844,-6.7075958251953125,127.34548950195312,124.56468200683594,2.7808074951171875,0.13896647095680237,0.15696491301059723,0.01799844205379486,0.0,0.0,0.0,0.0,0.0,0.0,0.5882737636566162,0.5888658165931702,-0.0005920529365539551,0.12165742367506027,0.12165742367506027,84.82999432086945
crack0046_02.png,-1.9915253639221193,68.13134765625,70.71102142333984,-2.5796737670898438,127.80322265625,127.83454895019531,-0.0313262939453125,0.16065876185894012,0.1678135246038437,0.0071547627449035645,0.0,0.0,0.0,0.0,0.0,0.0,0.5849211812019348,0.5842137336730957,0.0007074475288391113,0.11497074365615845,0.11497074365615845,83.1785060763359
crack0046_03.png,-4.599029684066773,85.13065338134766,92.69427490234375,-7.563621520996094,122.05952453613281,120.68357849121094,1.375946044921875,0.17699092626571655,0.20815284550189972,0.031161919236183167,0.0,0.0,0.0,0.0,0.0,0.0,0.5925682187080383,0.5945367217063904,-0.0019685029983520508,0.12271523475646973,0.12271523475646973,102.07447743415833
crack0046_04.png,-6.142421531677246,79.36478424072266,84.12690734863281,-4.762123107910156,123.75572967529297,126.00776672363281,-2.2520370483398438,0.19216926395893097,0.18436871469020844,-0.007800549268722534,0.0,0.0,0.0,0.0,0.0,0.0,0.5851326584815979,0.5815186500549316,0.0036140084266662598,0.10470691323280334,0.10470691323280334,94.08902925252914
crack0046_05.png,3.0293172359466554,96.29280853271484,95.70674133300781,0.5860671997070312,125.02462005615234,123.42890930175781,1.5957107543945312,0.17386971414089203,0.19704118371009827,0.023171469569206238,0.0,0.0,0.0,0.0,0.0,0.0,0.5858861804008484,0.5871049761772156,-0.0012187957763671875,0.10732534527778625,0.10732534527778625,109.05179113149643
crack0046_06.png,1.4064714908599854,69.05252838134766,69.69390106201172,-0.6413726806640625,138.6038360595703,135.2772674560547,3.326568603515625,0.13642679154872894,0.14441543817520142,0.007988646626472473,0.0,0.0,0.0,0.0,0.0,0.0,0.5863475799560547,0.5843944549560547,0.001953125,0.12525232136249542,0.12525232136249542,84.64151042699814
crack0046_07.png,-6.195622158050537,73.73490142822266,79.21896362304688,-5.484062194824219,120.37471771240234,118.81008911132812,1.5646286010742188,0.2089918702840805,0.19096510112285614,-0.018026769161224365,0.0,0.0,0.0,0.0,0.0,0.0,0.5967743396759033,0.5941560864448547,0.002618253231048584,0.1058574765920639,0.1058574765920639,88.89000004529953
crack0046_08.png,-0.1579442024230957,69.7159194946289,70.35499572753906,-0.6390762329101562,119.22616577148438,120.52445983886719,-1.2982940673828125,0.1672116369009018,0.17736239731311798,0.010150760412216187,0.0,0.0,0.0,0.0,0.0,0.0,0.5870819091796875,0.5823721885681152,0.004709720611572266,0.10992326587438583,0.10992326587438583,83.48603576421738
crack0046_09.png,-3.591746425628662,68.0614013671875,69.3739242553711,-1.3125228881835938,125.20707702636719,123.88252258300781,1.324554443359375,0.21656453609466553,0.1791677176952362,-0.03739681839942932,0.0,0.0,0.0,0.0,0.0,0.0,0.5872126221656799,0.5826451182365417,0.004567503929138184,0.11411724984645844,0.11411724984645844,81.45610463619232
crack0047_00.png,2.5793516635894775,142.80751037597656,140.87783813476562,1.9296722412109375,108.5360107421875,106.07583618164062,2.460174560546875,0.24668844044208527,0.25667551159858704,0.00998707115650177,0.13433784246444702,0.10913735628128052,-0.025200486183166504,0.2836403250694275,0.2672842741012573,-0.016356050968170166,0.5823068022727966,0.5854402184486389,-0.003133416175842285,0.1107284277677536,0.1107284277677536,150.45897656679153
crack0047_01.png,-1.457443618774414,154.08804321289062,155.04061889648438,-0.95257568359375,110.89991760253906,109.49063110351562,1.4092864990234375,0.25795742869377136,0.2646728754043579,0.006715446710586548,0.2879100441932678,0.2438507080078125,-0.04405933618545532,0.4321894645690918,0.4243850111961365,-0.007804453372955322,0.584690511226654,0.5807766318321228,0.00391387939453125,0.11977816373109818,0.11977816373109818,162.47450578212738
crack0047_02.png,1.8088274478912354,159.4236297607422,159.0382537841797,0.3853759765625,113.07725524902344,110.9351577758789,2.1420974731445312,0.23204126954078674,0.2366832047700882,0.004641935229301453,0.14690548181533813,0.15242516994476318,0.005519688129425049,0.3153769373893738,0.31133610010147095,-0.004040837287902832,0.5867127776145935,0.5873510241508484,-0.0006382465362548828,0.11401143670082092,0.11401143670082092,168.80250656604767
crack0047_03.png,1.584420156478882,156.52207946777344,155.5150604248047,1.00701904296875,110.57771301269531,108.01815795898438,2.5595550537109375,0.21454282104969025,0.21730631589889526,0.002763494849205017,0.17040979862213135,0.15396451950073242,-0.016445279121398926,0.3359312415122986,0.33510202169418335,-0.0008292198181152344,0.5864897966384888,0.586732029914856,-0.0002422332763671875,0.10558788478374481,0.10558788478374481,166.6152818799019
crack0047_04.png,0.8559442520141602,150.54505920410156,149.94813537597656,0.596923828125,119.49992370605469,116.86726379394531,2.632659912109375,0.2649494707584381,0.26948103308677673,0.004531562328338623,0.030640482902526855,0.0,-0.030640482902526855,0.24231231212615967,0.19186937808990479,-0.05044293403625488,0.5863898396492004,0.5846635699272156,0.0017262697219848633,0.10666801035404205,0.10666801035404205,157.8052226305008
crack0047_05.png,-2.005284881591797,157.0353240966797,157.457763671875,-0.4224395751953125,111.10237121582031,108.62108612060547,2.4812850952148438,0.2349848449230194,0.22693374752998352,-0.008051097393035889,0.09076213836669922,0.0464249849319458,-0.04433715343475342,0.24224913120269775,0.21441245079040527,-0.02783668041229248,0.5847289562225342,0.5886735916137695,-0.0039446353912353516,0.09991727769374847,0.09991727769374847,167.1774626970291
crack0047_06.png,0.2321794033050537,161.6171875,161.4733123779297,0.1438751220703125,112.87379455566406,110.84819030761719,2.025604248046875,0.19821101427078247,0.20456872880458832,0.006357714533805847,0.19614064693450928,0.16443097591400146,-0.03170967102050781,0.367542564868927,0.3640235662460327,-0.003518998622894287,0.5884198546409607,0.5874740481376648,0.0009458065032958984,0.10161793231964111,0.10161793231964111,173.18938326835632
crack0047_07.png,1.0751370429992675,141.6376190185547,139.56570434570312,2.0719146728515625,107.8222427368164,106.31298065185547,1.5092620849609375,0.28404685854911804,0.2746675908565521,-0.009379267692565918,0.08557826280593872,0.06763112545013428,-0.017947137355804443,0.3261299729347229,0.31305938959121704,-0.01307058334350586,0.5879623293876648,0.5912687182426453,-0.0033063888549804688,0.10719369351863861,0.10719369351863861,147.7723549604416
crack0047_08.png,-0.026624202728271484,154.0335693359375,154.777587890625,-0.7440185546875,121.1025390625,117.8829345703125,3.2196044921875,0.20596078038215637,0.210200697183609,0.004239916801452637,0.2635732889175415,0.24151277542114258,-0.022060513496398926,0.36631375551223755,0.34723758697509766,-0.019076168537139893,0.5869626998901367,0.5876432061195374,-0.0006805062294006348,0.10761433839797974,0.10761433839797974,165.55366003513336
crack0047_09.png,1.171908521652222,160.73963928222656,160.23480224609375,0.5048370361328125,124.06509399414062,120.85386657714844,3.2112274169921875,0.17953410744667053,0.18519730865955353,0.005663201212882996,0.2433575987815857,0.2140505313873291,-0.029307067394256592,0.3930015563964844,0.3692724108695984,-0.023729145526885986,0.5909842252731323,0.5884390473365784,0.002545177936553955,0.10535380989313126,0.10535380989313126,173.35454332828522
crack0048_00.png,2.252801084518433,78.57706451416016,78.3250503540039,0.25201416015625,118.34419250488281,115.3913345336914,2.9528579711914062,0.17384229600429535,0.18455880880355835,0.010716512799263,0.0,0.0,0.0,0.07500231266021729,0.002410888671875,-0.07259142398834229,0.5901153683662415,0.591057300567627,-0.000941932201385498,0.13731983304023743,0.13731983304023743,91.66281169652939
crack0048_01.png,0.18658943176269538,71.23920440673828,72.66808319091797,-1.4288787841796875,114.12537384033203,112.14752197265625,1.9778518676757812,0.16464707255363464,0.17516648769378662,0.010519415140151978,0.0,0.0,0.0,0.03930401802062988,0.017013132572174072,-0.02229088544845581,0.5884390473365784,0.5888696908950806,-0.00043064355850219727,0.11340188980102539,0.11340188980102539,85.62960708141327
crack0048_02.png,0.35065112113952646,76.60173034667969,78.00618743896484,-1.4044570922851562,115.74081420898438,113.93716430664062,1.80364990234375,0.17970751225948334,0.1927761435508728,0.013068631291389465,0.0,0.0,0.0,0.062308430671691895,0.09838747978210449,0.0360790491104126,0.591972291469574,0.5922683477401733,-0.00029605627059936523,0.1475643515586853,0.1475643515586853,90.2122420668602
crack0048_03.png,2.310101795196533,74.54656219482422,73.46771240234375,1.0788497924804688,120.40190124511719,117.5881118774414,2.8137893676757812,0.18331269919872284,0.1844383031129837,0.0011256039142608643,0.0,0.0,0.0,0.03816193342208862,0.045368492603302,0.007206559181213379,0.5934256315231323,0.5930334329605103,0.0003921985626220703,0.1343851387500763,0.1343851387500763,86.7454006075859
crack0048_04.png,-0.7121836185455321,69.02971649169922,70.72117614746094,-1.6914596557617188,116.13996887207031,114.11579132080078,2.0241775512695312,0.17998668551445007,0.1837945431470871,0.003807857632637024,0.0,0.0,0.0,0.0759814977645874,0.0150681734085083,-0.0609133243560791,0.5927605032920837,0.5961360931396484,-0.0033755898475646973,0.11356669664382935,0.11356669664382935,82.92168891429901
crack0048_05.png,2.220462608337402,73.5247573852539,72.12532806396484,1.3994293212890625,126.61105346679688,123.06533813476562,3.54571533203125,0.17222872376441956,0.16500526666641235,-0.007223457098007202,0.0,0.0,0.0,0.0,0.0,0.0,0.5950711369514465,0.5955555438995361,-0.0004844069480895996,0.10281916707754135,0.10281916707754135,86.74694848060608
crack0048_06.png,0.8884677886962891,62.05380630493164,61.92507553100586,0.12873077392578125,118.32781982421875,114.73181915283203,3.5960006713867188,0.15923194587230682,0.1500854641199112,-0.00914648175239563,0.0,0.0,0.0,0.02517324686050415,0.0,-0.02517324686050415,0.5922375917434692,0.5909112095832825,0.0013263821601867676,0.13001374900341034,0.13001374900341034,76.67381674051285
crack0048_07.png,-2.5392963886260986,74.68807983398438,77.33720397949219,-2.6491241455078125,114.66326904296875,113.55113220214844,1.1121368408203125,0.1635848581790924,0.1590086966753006,-0.004576161503791809,0.0,0.0,0.0,0.026535093784332275,0.033059656620025635,0.006524562835693359,0.5857670307159424,0.584990382194519,0.0007766485214233398,0.11123140156269073,0.11123140156269073,89.90280133485794
crack0048_08.png,-0.49137425422668457,55.89511489868164,57.5179557800293,-1.6228408813476562,113.54129028320312,111.32857513427734,2.2127151489257812,0.1470835953950882,0.1512187123298645,0.004135116934776306,0.0,0.0,0.0,0.01658785343170166,0.0,-0.01658785343170166,0.5892656445503235,0.5913763642311096,-0.002110719680786133,0.11305082589387894,0.11305082589387894,71.53657418489456
crack0048_09.png,-0.7835332393646239,74.60291290283203,75.98590087890625,-1.3829879760742188,110.92271423339844,109.46612548828125,1.4565887451171875,0.17050397396087646,0.1655716449022293,-0.004932329058647156,0.1703450083732605,0.17746597528457642,0.007120966911315918,0.26744288206100464,0.26358526945114136,-0.0038576126098632812,0.5987427830696106,0.5955786108970642,0.0031641721725463867,0.15551979839801788,0.15551979839801788,89.3098195195198
crack0049_00.png,-3.1626240730285646,85.58258819580078,86.96373748779297,-1.3811492919921875,113.04107666015625,111.20167541503906,1.8394012451171875,0.3687005043029785,0.3520658612251282,-0.016634643077850342,0.24211394786834717,0.21345967054367065,-0.028654277324676514,0.2142466902732849,0.21050572395324707,-0.003740966320037842,0.5877892971038818,0.5887966156005859,-0.0010073184967041016,0.11142250150442123,0.11142250150442123,88.70107579231262
crack0049_01.png,-2.1670984268188476,84.6484146118164,87.24466705322266,-2.59625244140625,114.03399658203125,111.88206481933594,2.1519317626953125,0.27608340978622437,0.29633817076683044,0.02025476098060608,0.2930353283882141,0.246099054813385,-0.0469362735748291,0.2578907012939453,0.234083354473114,-0.0238073468208313,0.5861976146697998,0.5905613303184509,-0.004363715648651123,0.13197965919971466,0.13197965919971466,93.0039894580841
crack0049_02.png,-1.4962611198425293,96.6670150756836,99.0343246459961,-2.3673095703125,118.68589782714844,116.71072387695312,1.9751739501953125,0.27739161252975464,0.2837091088294983,0.006317496299743652,0.2504799962043762,0.23629778623580933,-0.014182209968566895,0.2324339747428894,0.22628599405288696,-0.006147980690002441,0.6012187600135803,0.5976470708847046,0.0035716891288757324,0.1097642108798027,0.1097642108798027,105.25592350959778
crack0049_03.png,-1.8939767837524415,69.59500885009766,71.98527526855469,-2.3902664184570312,103.05062866210938,103.33724975585938,-0.28662109375,0.33244261145591736,0.3531460762023926,0.02070346474647522,0.3123946189880371,0.28575754165649414,-0.02663707733154297,0.24364209175109863,0.24069887399673462,-0.0029432177543640137,0.5867589116096497,0.5862553119659424,0.0005035996437072754,0.11725929379463196,0.11725929379463196,74.31394183635712
crack0049_04.png,-3.380780744552612,98.91337585449219,101.33207702636719,-2.418701171875,117.72152709960938,117.23411560058594,0.4874114990234375,0.252450168132782,0.24351467192173004,-0.008935496211051941,0.2606695294380188,0.2453545331954956,-0.015314996242523193,0.22071325778961182,0.21803730726242065,-0.002675950527191162,0.5984236598014832,0.5941637754440308,0.004259884357452393,0.13694436848163605,0.13694436848163605,109.44879251718521
crack0049_05.png,-2.76932897567749,77.50333404541016,79.48175811767578,-1.978424072265625,110.53695678710938,108.559814453125,1.977142333984375,0.2767956256866455,0.26584675908088684,-0.010948866605758667,0.21513450145721436,0.19978725910186768,-0.01534724235534668,0.15015089511871338,0.152154803276062,0.002003908157348633,0.5914379358291626,0.593737006187439,-0.002299070358276367,0.1096375361084938,0.1096375361084938,86.29122078418732
crack0049_06.png,1.7721595764160156,91.71162414550781,90.97525024414062,0.7363739013671875,122.70379638671875,119.32530975341797,3.3784866333007812,0.2540387511253357,0.26107117533683777,0.007032424211502075,0.2468135952949524,0.22315150499343872,-0.023662090301513672,0.1984543800354004,0.1920562982559204,-0.0063980817794799805,0.5925067067146301,0.5907996892929077,0.0017070174217224121,0.10785672068595886,0.10785672068595886,99.80138039588928
crack0049_07.png,-1.485520029067993,89.96746826171875,91.66747283935547,-1.7000045776367188,121.14653015136719,118.31390380859375,2.8326263427734375,0.23337401449680328,0.23943638801574707,0.006062373518943787,0.2513303756713867,0.21613764762878418,-0.03519272804260254,0.22813010215759277,0.2288873791694641,0.0007572770118713379,0.5915917158126831,0.5914878845214844,0.00010383129119873047,0.11036068201065063,0.11036068201065063,100.47869831323624
crack0049_08.png,-1.6640883445739745,77.10704040527344,79.12373352050781,-2.016693115234375,113.15879821777344,110.50264739990234,2.6561508178710938,0.34969502687454224,0.3555605113506317,0.0058654844760894775,0.3259109854698181,0.298429012298584,-0.02748197317123413,0.22066378593444824,0.21025103330612183,-0.010412752628326416,0.5919338464736938,0.5939292311668396,-0.001995384693145752,0.10781364142894745,0.10781364142894745,80.89085459709167
crack0049_09.png,-2.840902090072632,87.52967071533203,87.79586029052734,-0.2661895751953125,120.7038345336914,117.66897583007812,3.0348587036132812,0.25063174962997437,0.22093375027179718,-0.029697999358177185,0.1426883339881897,0.10930949449539185,-0.03337883949279785,0.16363149881362915,0.14062893390655518,-0.023002564907073975,0.5901845693588257,0.5921261310577393,-0.0019415616989135742,0.1086392030119896,0.1086392030119896,98.09178572893143
crack0050_00.png,-10.030129718780518,72.7636489868164,78.11433410644531,-5.350685119628906,105.60568237304688,104.62144470214844,0.9842376708984375,0.2294243574142456,0.2269916832447052,-0.0024326741695404053,0.30595797300338745,0.18456768989562988,-0.12139028310775757,0.34928178787231445,0.29236358404159546,-0.056918203830718994,0.5851749181747437,0.5857477784156799,-0.0005728602409362793,0.1108076348900795,0.1108076348900795,85.24940168857574
crack0050_01.png,2.4823391914367674,63.414241790771484,64.70997619628906,-1.2957344055175781,105.01702880859375,103.75120544433594,1.2658233642578125,0.1532932072877884,0.17225269973278046,0.018959492444992065,0.2950083017349243,0.33520740270614624,0.040199100971221924,0.254164457321167,0.28785139322280884,0.033686935901641846,0.5911456942558289,0.5874701738357544,0.003675520420074463,0.1152789369225502,0.1152789369225502,78.51034432649612
crack0050_02.png,-0.6914176940917969,72.21497344970703,72.0411148071289,0.173858642578125,110.50987243652344,108.00926208496094,2.5006103515625,0.23306804895401,0.2018602192401886,-0.03120782971382141,0.09917724132537842,0.11328625679016113,0.014109015464782715,0.1401492953300476,0.14823251962661743,0.008083224296569824,0.5941753387451172,0.5925067067146301,0.0016686320304870605,0.13868296146392822,0.13868296146392822,83.78344452381134
crack0050_03.png,0.8244965076446533,73.94373321533203,74.61988067626953,-0.6761474609375,105.71951293945312,104.93547821044922,0.7840347290039062,0.18955953419208527,0.17773669958114624,-0.011822834610939026,0.2257453203201294,0.27883219718933105,0.05308687686920166,0.21931397914886475,0.26215308904647827,0.042839109897613525,0.5907304883003235,0.5904959440231323,0.0002345442771911621,0.14475572109222412,0.14475572109222412,87.24682450294495
crack0050_04.png,-3.109571838378906,80.69486999511719,84.53926086425781,-3.844390869140625,107.95089721679688,106.81661224365234,1.1342849731445312,0.21010513603687286,0.2133365124464035,0.0032313764095306396,0.3865430951118469,0.38718485832214355,0.0006417632102966309,0.27162742614746094,0.2759758234024048,0.004348397254943848,0.5912610292434692,0.5913379192352295,-7.68899917602539e-05,0.13502147793769836,0.13502147793769836,93.66427403688431
crack0050_05.png,-1.3908946514129639,72.27024841308594,74.54193878173828,-2.2716903686523438,107.18373107910156,106.74885559082031,0.43487548828125,0.169569194316864,0.15748916566371918,-0.012080028653144836,0.2951911687850952,0.3346155881881714,0.03942441940307617,0.2928895354270935,0.3027328848838806,0.00984334945678711,0.5898346900939941,0.5874279141426086,0.002406775951385498,0.12250868231058121,0.12250868231058121,87.55013126134872
crack0050_06.png,2.2606985569000244,70.12770080566406,70.14228057861328,-0.01457977294921875,113.32549285888672,111.39178466796875,1.9337081909179688,0.22838681936264038,0.24566058814525604,0.01727376878261566,0.2715270519256592,0.27409762144088745,0.0025705695152282715,0.29344820976257324,0.29764723777770996,0.004199028015136719,0.5933718085289001,0.5929450392723083,0.0004267692565917969,0.15184777975082397,0.15184777975082397,80.16665387153625
crack0050_07.png,-1.0462152004241942,67.08894348144531,70.1874008178711,-3.0984573364257812,105.85115051269531,104.62962341308594,1.221527099609375,0.14814753830432892,0.16766801476478577,0.019520476460456848,0.34494948387145996,0.346529483795166,0.0015799999237060547,0.3085983395576477,0.3200252056121826,0.011426866054534912,0.5882929563522339,0.5898231267929077,-0.0015301704406738281,0.1306588351726532,0.1306588351726532,83.34224492311478
crack0050_08.png,-1.1943636417388916,76.42456817626953,78.63325500488281,-2.2086868286132812,106.3250732421875,105.35258483886719,0.9724884033203125,0.1736174374818802,0.17238184809684753,-0.0012355893850326538,0.2662929892539978,0.28461652994155884,0.018323540687561035,0.29589933156967163,0.3062562346458435,0.010356903076171875,0.5927796959877014,0.5929988622665405,-0.00021916627883911133,0.13882854580879211,0.13882854580879211,90.90595519542694
crack0050_09.png,-1.8777960300445558,67.40257263183594,69.77107238769531,-2.368499755859375,107.37135314941406,105.71785736083984,1.6534957885742188,0.17874754965305328,0.1795876920223236,0.0008401423692703247,0.060393571853637695,0.05646437406539917,-0.003929197788238525,0.07608973979949951,0.07231152057647705,-0.003778219223022461,0.5899730920791626,0.5919915437698364,-0.002018451690673828,0.12091895937919617,0.12091895937919617,81.54163128137589
crack0051_00.png,-1.4167251586914062,92.66561889648438,93.96873474121094,-1.3031158447265625,113.74700927734375,110.87026977539062,2.876739501953125,0.3472028374671936,0.35180723667144775,0.00460439920425415,0.32642102241516113,0.2861889600753784,-0.040232062339782715,0.3389126658439636,0.3302091360092163,-0.008703529834747314,0.5907996892929077,0.5913840532302856,-0.0005843639373779297,0.1594030112028122,0.1594030112028122,96.14036870002747
crack0051_01.png,-1.9729228973388673,97.48656463623047,99.38323211669922,-1.89666748046875,112.10296630859375,110.76383972167969,1.3391265869140625,0.32215481996536255,0.3201785087585449,-0.001976311206817627,0.3936108350753784,0.38321542739868164,-0.010395407676696777,0.41486161947250366,0.4064388871192932,-0.00842273235321045,0.5884544253349304,0.5894040465354919,-0.0009496212005615234,0.17284634709358215,0.17284634709358215,102.80034971237183
crack0051_02.png,-0.30755510330200186,88.34906768798828,88.69792938232422,-0.3488616943359375,117.28816986083984,114.6676025390625,2.6205673217773438,0.3011106550693512,0.3082740604877472,0.007163405418395996,0.14187747240066528,0.10564565658569336,-0.036231815814971924,0.16127318143844604,0.1556396484375,-0.005633533000946045,0.5859784483909607,0.5892464518547058,-0.003268003463745117,0.14524365961551666,0.14524365961551666,94.02671730518341
crack0051_03.png,-0.11313591003417967,99.91876220703125,100.96184539794922,-1.0430831909179688,107.23983764648438,104.93196868896484,2.3078689575195312,0.306353896856308,0.31397247314453125,0.007618576288223267,0.23191064596176147,0.2206035852432251,-0.011307060718536377,0.25484806299209595,0.2706126570701599,0.015764594078063965,0.5853479504585266,0.5891080498695374,-0.003760099411010742,0.13314928114414215,0.13314928114414215,105.62339198589325
crack0051_04.png,-0.14332332611083975,90.17933654785156,91.12224578857422,-0.9429092407226562,111.82804107666016,108.36228942871094,3.4657516479492188,0.33065545558929443,0.31438595056533813,-0.0162695050239563,0.1143120527267456,0.13402479887008667,0.019712746143341064,0.22341668605804443,0.230258047580719,0.0068413615226745605,0.5931065082550049,0.5949481129646301,-0.0018416047096252441,0.1553853452205658,0.1553853452205658,95.58555865287781
crack0051_05.png,-4.84913854598999,81.68399047851562,85.26387786865234,-3.5798873901367188,104.34881591796875,103.44556427001953,0.9032516479492188,0.32501715421676636,0.33075588941574097,0.005738735198974609,0.37895017862319946,0.32725101709365845,-0.051699161529541016,0.37009429931640625,0.34617263078689575,-0.023921668529510498,0.5920069217681885,0.5925490260124207,-0.0005421042442321777,0.1448998749256134,0.1448998749256134,87.67486596107483
crack0051_06.png,-0.3370952606201172,87.78146362304688,87.66426086425781,0.1172027587890625,112.18621826171875,110.64035034179688,1.545867919921875,0.34217897057533264,0.3192344009876251,-0.02294456958770752,0.33680087327957153,0.3573349118232727,0.020534038543701172,0.32812070846557617,0.3430876135826111,0.014966905117034912,0.5867127776145935,0.5881738066673279,-0.001461029052734375,0.1549270749092102,0.1549270749092102,92.09575045108795
crack0051_07.png,-11.497725582122802,128.7218780517578,139.1483154296875,-10.426437377929688,136.02777099609375,139.1400146484375,-3.11224365234375,0.28324297070503235,0.24818336963653564,-0.035059601068496704,0.15403789281845093,0.2271401286125183,0.07310223579406738,0.26482445001602173,0.2916213870048523,0.026796936988830566,0.5986313223838806,0.597274124622345,0.0013571977615356445,0.18831858038902283,0.18831858038902283,142.98934745788574
crack0051_08.png,3.2785012245178224,95.3050537109375,93.51594543457031,1.7891082763671875,116.18119049072266,113.26690673828125,2.9142837524414062,0.3731151223182678,0.38475385308265686,0.011638730764389038,0.08266401290893555,0.06818979978561401,-0.014474213123321533,0.1812441349029541,0.20526081323623657,0.02401667833328247,0.5903729200363159,0.5910841822624207,-0.0007112622261047363,0.17483831942081451,0.17483831942081451,95.66695952415466
crack0051_09.png,0.8543884277343752,100.82261657714844,103.1085205078125,-2.2859039306640625,112.30182647705078,110.85940551757812,1.4424209594726562,0.2768603563308716,0.29473939538002014,0.01787903904914856,0.2921900749206543,0.3186389207839966,0.026448845863342285,0.323921799659729,0.3256220817565918,0.001700282096862793,0.5870857238769531,0.5852095484733582,0.0018761754035949707,0.14525684714317322,0.14525684714317322,108.8373761177063
crack0052_00.png,-6.486395311355591,116.17820739746094,122.68900299072266,-6.510795593261719,124.46245574951172,124.39227294921875,0.07018280029296875,0.21833088994026184,0.23456265032291412,0.016231760382652283,0.039020001888275146,0.008183181285858154,-0.030836820602416992,0.10741990804672241,0.08694994449615479,-0.020469963550567627,0.5921568870544434,0.5938754081726074,-0.0017185211181640625,0.1221269890666008,0.1221269890666008,130.08876812458038
crack0052_01.png,-0.6541351795196533,119.60258483886719,120.15375518798828,-0.5511703491210938,127.20924377441406,126.96003723144531,0.24920654296875,0.18079142272472382,0.1918085813522339,0.01101715862751007,0.030726075172424316,0.0,-0.030726075172424316,0.19264477491378784,0.17712652683258057,-0.015518248081207275,0.5948712229728699,0.5912456512451172,0.0036255717277526855,0.13129542768001556,0.13129542768001556,132.8255335688591
crack0052_02.png,-4.6875536918640135,125.876708984375,129.8679962158203,-3.9912872314453125,125.19862365722656,124.994873046875,0.2037506103515625,0.21242393553256989,0.20091407001018524,-0.011509865522384644,0.0,0.0,0.0,0.0,0.0,0.0,0.5992848873138428,0.5957093238830566,0.003575563430786133,0.10013425350189209,0.10013425350189209,139.78890389204025
crack0052_03.png,-2.944836044311524,147.4786376953125,149.49691772460938,-2.018280029296875,145.76808166503906,149.165771484375,-3.3976898193359375,0.263716459274292,0.26971694827079773,0.006000488996505737,0.0,0.0,0.0,0.0,0.0,0.0,0.5945367217063904,0.5957247018814087,-0.0011879801750183105,0.11207370460033417,0.11207370460033417,156.49377822875977
crack0052_04.png,4.05748438835144,144.16610717773438,141.6407012939453,2.5254058837890625,136.46234130859375,135.815673828125,0.64666748046875,0.2286110669374466,0.2444153130054474,0.015804246068000793,0.0,0.0,0.0,0.0,0.0,0.0,0.5971626043319702,0.5969358086585999,0.00022679567337036133,0.10266714543104172,0.10266714543104172,153.07324439287186
crack0052_05.png,-13.12397632598877,115.87519836425781,124.28742218017578,-8.412223815917969,122.63008117675781,123.57084655761719,-0.940765380859375,0.19965055584907532,0.1957036852836609,-0.003946870565414429,0.1003117561340332,0.0,-0.1003117561340332,0.1339600682258606,0.061930060386657715,-0.07203000783920288,0.5949327349662781,0.5951133966445923,-0.00018066167831420898,0.11142157763242722,0.11142157763242722,132.14362502098083
crack0052_06.png,-4.819441556930542,122.51134490966797,128.23757934570312,-5.726234436035156,121.16084289550781,120.59588623046875,0.5649566650390625,0.17822539806365967,0.18346945941448212,0.005244061350822449,0.0,0.0,0.0,0.09155303239822388,0.08623647689819336,-0.005316555500030518,0.5917070508003235,0.5851749181747437,0.006532132625579834,0.11059202998876572,0.11059202998876572,138.3492202758789
crack0052_07.png,-7.358769321441651,119.94774627685547,123.99353790283203,-4.0457916259765625,123.75367736816406,124.40123748779297,-0.6475601196289062,0.26902279257774353,0.23072341084480286,-0.038299381732940674,0.0,0.0,0.0,0.058027565479278564,0.0,-0.058027565479278564,0.5956363081932068,0.5953863859176636,0.0002499222755432129,0.1146358922123909,0.1146358922123909,131.95268976688385
crack0052_08.png,-2.9304718017578124,135.9668426513672,134.70782470703125,1.2590179443359375,126.21601104736328,124.82850646972656,1.3875045776367188,0.19091752171516418,0.1666203737258911,-0.02429714798927307,0.07333213090896606,0.0,-0.07333213090896606,0.1897793412208557,0.1594783067703247,-0.030301034450531006,0.5970050096511841,0.5936908721923828,0.0033141374588012695,0.11571667343378067,0.11571667343378067,149.22031164169312
crack0052_09.png,-5.355390644073486,120.31082916259766,126.44380950927734,-6.1329803466796875,126.5630874633789,128.0255126953125,-1.4624252319335938,0.1888972520828247,0.20497769117355347,0.01608043909072876,0.0,0.0,0.0,0.09186899662017822,0.057721614837646484,-0.03414738178253174,0.5928989052772522,0.5909957885742188,0.0019031167030334473,0.12004446983337402,0.12004446983337402,135.7594404220581
crack0053_00.png,3.6610806465148924,105.12303161621094,105.43055725097656,-0.307525634765625,127.50984191894531,125.95398712158203,1.5558547973632812,0.25386565923690796,0.2542884647846222,0.0004228055477142334,0.10097098350524902,0.18349748849868774,0.08252650499343872,0.16470718383789062,0.23036718368530273,0.06565999984741211,0.5937408804893494,0.5934563875198364,0.00028449296951293945,0.1913907825946808,0.1913907825946808,113.79449009895325
crack0053_01.png,3.7418551445007324,83.47288513183594,85.16027069091797,-1.6873855590820312,118.33438873291016,115.94680786132812,2.3875808715820312,0.3231350779533386,0.3101024329662323,-0.013032644987106323,0.016811370849609375,0.15775758028030396,0.14094620943069458,0.19709277153015137,0.24639546871185303,0.04930269718170166,0.5914533138275146,0.5944790244102478,-0.0030257105827331543,0.13689425587654114,0.13689425587654114,89.48959290981293
crack0053_02.png,0.6282774925231935,107.32343292236328,107.48578643798828,-0.162353515625,128.2561798095703,126.39055633544922,1.8656234741210938,0.25535324215888977,0.2630349397659302,0.007681697607040405,0.3772003650665283,0.3652302622795105,-0.011970102787017822,0.35282349586486816,0.34304821491241455,-0.009775280952453613,0.5898500680923462,0.5921338200569153,-0.002283751964569092,0.17864513397216797,0.17864513397216797,115.768767952919
crack0053_03.png,-19.951548099517822,152.2771453857422,168.1316375732422,-15.8544921875,151.74525451660156,159.04437255859375,-7.2991180419921875,0.24044662714004517,0.23879095911979675,-0.001655668020248413,0.12709319591522217,0.09851253032684326,-0.028580665588378906,0.13813012838363647,0.0978211760520935,-0.04030895233154297,0.5934640765190125,0.5910072922706604,0.0024567842483520508,0.17171522974967957,0.17171522974967957,169.61549699306488
crack0053_04.png,-1.1055701255798338,115.1913833618164,116.8879165649414,-1.696533203125,123.23686218261719,121.26278686523438,1.9740753173828125,0.1968449354171753,0.1956092119216919,-0.0012357234954833984,0.3120003938674927,0.3110930323600769,-0.0009073615074157715,0.24728119373321533,0.2588978409767151,0.011616647243499756,0.5945020914077759,0.5960899591445923,-0.0015878677368164062,0.1452067792415619,0.1452067792415619,128.14669561386108
crack0053_05.png,-10.667172574996949,156.78091430664062,169.55282592773438,-12.77191162109375,147.30734252929688,152.4169921875,-5.109649658203125,0.1294638067483902,0.19166439771652222,0.06220059096813202,0.24686968326568604,0.22775977849960327,-0.019109904766082764,0.14340358972549438,0.08956378698348999,-0.053839802742004395,0.5977393388748169,0.5993156433105469,-0.0015763044357299805,0.13138458132743835,0.13138458132743835,179.37166744470596
crack0053_06.png,3.3210693359375,115.87814331054688,114.36156463623047,1.5165786743164062,126.08279418945312,126.0337142944336,0.04907989501953125,0.27241507172584534,0.27604979276657104,0.003634721040725708,0.19426172971725464,0.23347461223602295,0.03921288251876831,0.18596023321151733,0.19922298192977905,0.013262748718261719,0.5916185975074768,0.5934794545173645,-0.0018608570098876953,0.15551286935806274,0.15551286935806274,122.51412785053253
crack0053_07.png,-1.6106952667236327,103.2205581665039,104.83332824707031,-1.6127700805664062,120.5687484741211,119.2772216796875,1.2915267944335938,0.2974499762058258,0.2916378080844879,-0.005812168121337891,0.3356277346611023,0.33511918783187866,-0.0005085468292236328,0.26385658979415894,0.26279693841934204,-0.0010596513748168945,0.5920491814613342,0.5927796959877014,-0.0007305145263671875,0.1654158979654312,0.1654158979654312,110.23986256122589
crack0053_08.png,1.866434383392334,93.36998748779297,94.33723449707031,-0.9672470092773438,120.57981872558594,118.97895050048828,1.6008682250976562,0.24989986419677734,0.2640504240989685,0.014150559902191162,0.31148046255111694,0.33518296480178833,0.023702502250671387,0.2558988928794861,0.27684324979782104,0.02094435691833496,0.5921338200569153,0.5893040895462036,0.00282973051071167,0.1532180905342102,0.1532180905342102,102.54497194290161
crack0053_09.png,0.7826962471008301,97.52556610107422,97.21821594238281,0.30735015869140625,123.7136001586914,120.29719543457031,3.4164047241210938,0.25163936614990234,0.23836448788642883,-0.01327487826347351,0.11577266454696655,0.11772751808166504,0.0019548535346984863,0.23181146383285522,0.2236812710762024,-0.008130192756652832,0.5969473123550415,0.5946328043937683,0.0023145079612731934,0.1429348587989807,0.1429348587989807,106.94791424274445
crack0054_00.png,5.354635620117188,96.51084899902344,94.56688690185547,1.9439620971679688,107.92973327636719,106.20074462890625,1.7289886474609375,0.27276334166526794,0.3003629446029663,0.027599602937698364,0.38104045391082764,0.39794349670410156,0.016903042793273926,0.40572309494018555,0.4177015423774719,0.011978447437286377,0.5804613828659058,0.5845866799354553,-0.0041252970695495605,0.1471952199935913,0.1471952199935913,102.55653464794159
crack0054_01.png,0.852136993408203,105.01852416992188,103.01558685302734,2.0029373168945312,112.06745910644531,111.01145935058594,1.055999755859375,0.30049222707748413,0.29089951515197754,-0.009592711925506592,0.4399890899658203,0.41749924421310425,-0.022489845752716064,0.4277196526527405,0.40712910890579224,-0.020590543746948242,0.5834217667579651,0.5810765027999878,0.002345263957977295,0.21398842334747314,0.21398842334747314,109.89995527267456
crack0054_02.png,2.7200905323028564,90.48274993896484,88.40182495117188,2.0809249877929688,106.32489013671875,104.74688720703125,1.5780029296875,0.1885736733675003,0.19411861896514893,0.005544945597648621,0.47970712184906006,0.46833187341690063,-0.011375248432159424,0.4247329831123352,0.41090118885040283,-0.013831794261932373,0.5803537368774414,0.579869270324707,0.000484466552734375,0.17496246099472046,0.17496246099472046,101.342016518116
crack0054_03.png,3.0944119453430172,91.388671875,89.02716064453125,2.36151123046875,101.43421936035156,99.94207763671875,1.4921417236328125,0.290096640586853,0.31629812717437744,0.026201486587524414,0.38688743114471436,0.33699744939804077,-0.049889981746673584,0.4225546717643738,0.40852177143096924,-0.014032900333404541,0.5841599106788635,0.5832718014717102,0.0008881092071533203,0.1450170874595642,0.1450170874595642,96.16851425170898
crack0054_04.png,2.4124605655670166,102.31953430175781,100.18209838867188,2.1374359130859375,105.874755859375,103.85304260253906,2.0217132568359375,0.2069436013698578,0.20140589773654938,-0.005537703633308411,0.5070180892944336,0.5055593252182007,-0.0014587640762329102,0.45534735918045044,0.4461612105369568,-0.009186148643493652,0.5892156958580017,0.5900230407714844,-0.000807344913482666,0.21593201160430908,0.21593201160430908,112.76738411188126
crack0054_05.png,3.580685329437256,101.69660949707031,98.62395477294922,3.0726547241210938,110.1070556640625,108.6085205078125,1.49853515625,0.23128163814544678,0.2318759560585022,0.0005943179130554199,0.460448682308197,0.45855945348739624,-0.0018892288208007812,0.4403342008590698,0.44031822681427,-1.5974044799804688e-05,0.5940791964530945,0.5956631898880005,-0.0015839934349060059,0.2081020176410675,0.2081020176410675,110.10991144180298
crack0054_06.png,3.612094211578369,92.95514678955078,90.22663116455078,2.728515625,105.30657958984375,102.83199310302734,2.4745864868164062,0.18491731584072113,0.18853692710399628,0.0036196112632751465,0.39391493797302246,0.3857417106628418,-0.008173227310180664,0.3847876787185669,0.382915735244751,-0.001871943473815918,0.5881738066673279,0.5898962020874023,-0.0017223954200744629,0.15128196775913239,0.15128196775913239,104.09169811010361
crack0054_07.png,0.8867419719696046,88.05976104736328,86.49691772460938,1.5628433227539062,102.07547760009766,100.51455688476562,1.5609207153320312,0.22683420777320862,0.24545226991176605,0.018618062138557434,0.4271804690361023,0.366702139377594,-0.0604783296585083,0.376919686794281,0.35079246759414673,-0.026127219200134277,0.5760861039161682,0.5853556394577026,-0.009269535541534424,0.13269445300102234,0.13269445300102234,97.08251249790192
crack0054_08.png,2.648832416534424,99.615234375,97.36812591552734,2.2471084594726562,110.74485778808594,108.68714904785156,2.057708740234375,0.3025676906108856,0.3006342351436615,-0.001933455467224121,0.47230392694473267,0.4700389504432678,-0.0022649765014648438,0.43190479278564453,0.42943739891052246,-0.0024673938751220703,0.5842368602752686,0.588638961315155,-0.004402101039886475,0.19405196607112885,0.19405196607112885,103.99918448925018
crack0054_09.png,-0.5308157920837402,96.34558868408203,95.5256118774414,0.819976806640625,102.5316162109375,100.43174743652344,2.0998687744140625,0.2214326560497284,0.21114754676818848,-0.010285109281539917,0.4270646572113037,0.3960344195365906,-0.031030237674713135,0.3705005645751953,0.3606574535369873,-0.009843111038208008,0.5838677287101746,0.5870357751846313,-0.003168046474456787,0.16122114658355713,0.16122114658355713,106.74817848205566
crack0055_00.png,0.3922886848449707,101.71406555175781,103.44852447509766,-1.7344589233398438,118.08084106445312,114.60969543457031,3.4711456298828125,0.23928789794445038,0.248670294880867,0.009382396936416626,0.0,0.0,0.0,0.0,0.0,0.0,0.5840253829956055,0.5843329429626465,-0.0003075599670410156,0.1481524407863617,0.1481524407863617,111.59733885526657
crack0055_01.png,-0.19935660362243657,97.17129516601562,98.99198150634766,-1.8206863403320312,116.20484924316406,115.06146240234375,1.1433868408203125,0.24890701472759247,0.25899630784988403,0.010089293122291565,0.0,0.009785890579223633,0.009785890579223633,0.20206618309020996,0.24463200569152832,0.04256582260131836,0.5879815220832825,0.5888466238975525,-0.0008651018142700195,0.15289011597633362,0.15289011597633362,106.70108240842819
crack0055_02.png,-0.990198516845703,115.38236999511719,118.0726318359375,-2.6902618408203125,105.2893295288086,103.83758544921875,1.4517440795898438,0.2775035798549652,0.2713402211666107,-0.006163358688354492,0.050022780895233154,0.09136015176773071,0.04133737087249756,0.2315462827682495,0.25454020500183105,0.022993922233581543,0.5794233083724976,0.5804498195648193,-0.0010265111923217773,0.13135972619056702,0.13135972619056702,123.66508042812347
crack0055_03.png,0.7994206428527832,111.37469482421875,113.30538177490234,-1.9306869506835938,104.64788818359375,102.97835540771484,1.6695327758789062,0.27084478735923767,0.297453910112381,0.02660912275314331,0.0,0.0,0.0,0.07282310724258423,0.15180641412734985,0.07898330688476562,0.5832295417785645,0.5848904252052307,-0.0016608834266662598,0.14517280459403992,0.14517280459403992,119.48496806621552
crack0055_04.png,0.27441616058349627,83.98711395263672,86.74168395996094,-2.7545700073242188,117.06758117675781,114.824951171875,2.2426300048828125,0.24834412336349487,0.27551233768463135,0.027168214321136475,0.0,0.0,0.0,0.0,0.0,0.0,0.5856401324272156,0.5866782069206238,-0.0010380744934082031,0.12368130683898926,0.12368130683898926,93.93087983131409
crack0055_05.png,1.0332144260406495,109.63099670410156,111.5716552734375,-1.9406585693359375,116.40205383300781,114.23333740234375,2.1687164306640625,0.2042449414730072,0.22229860723018646,0.01805366575717926,0.32863229513168335,0.3470762372016907,0.018443942070007324,0.36415767669677734,0.37536025047302246,0.011202573776245117,0.5749096274375916,0.5768012404441833,-0.0018916130065917969,0.11199603974819183,0.11199603974819183,121.41867911815643
crack0055_06.png,5.169716787338257,117.4654769897461,117.47957611083984,-0.01409912109375,114.59416198730469,112.39429473876953,2.1998672485351562,0.12049068510532379,0.12533465027809143,0.004843965172767639,0.17255306243896484,0.271196186542511,0.09864312410354614,0.22903800010681152,0.30022644996643066,0.07118844985961914,0.5845405459403992,0.585274875164032,-0.0007343292236328125,0.15917181968688965,0.15917181968688965,133.65408045053482
crack0055_07.png,-4.385482501983643,91.89846801757812,96.62374114990234,-4.725273132324219,107.41513061523438,105.4729995727539,1.9421310424804688,0.27631986141204834,0.2719215750694275,-0.00439828634262085,0.0,0.0,0.0,0.05067473649978638,0.11463278532028198,0.0639580488204956,0.5826989412307739,0.5848289132118225,-0.002129971981048584,0.12792518734931946,0.12792518734931946,101.33896660804749
crack0055_08.png,5.559760189056396,84.18262481689453,85.5419692993164,-1.359344482421875,111.23108673095703,109.0128173828125,2.2182693481445312,0.1646399199962616,0.18044868111610413,0.01580876111984253,0.013958215713500977,0.13565772771835327,0.1216995120048523,0.20958733558654785,0.2782559394836426,0.06866860389709473,0.5805536508560181,0.583075761795044,-0.002522110939025879,0.13175874948501587,0.13175874948501587,98.30693233013153
crack0055_09.png,0.4512216567993166,113.32783508300781,111.76278686523438,1.5650482177734375,112.53115844726562,110.6135025024414,1.9176559448242188,0.19550520181655884,0.1976774036884308,0.0021722018718719482,0.05130892992019653,0.0,-0.05130892992019653,0.18735086917877197,0.06627583503723145,-0.12107503414154053,0.5920376777648926,0.5920953750610352,-5.7697296142578125e-05,0.19633886218070984,0.19633886218070984,124.49881386756897
crack0056_00.png,1.135301685333252,109.20563507080078,110.32855987548828,-1.1229248046875,120.49749755859375,118.59260559082031,1.9048919677734375,0.3746909499168396,0.39233508706092834,0.017644137144088745,0.0,0.0,0.0,0.11264491081237793,0.04013669490814209,-0.07250821590423584,0.5901461243629456,0.5880276560783386,0.0021184682846069336,0.09969661384820938,0.09969661384820938,110.89148545265198
crack0056_01.png,-0.18082799911499015,115.58118438720703,117.47956848144531,-1.8983840942382812,120.61219787597656,119.66380310058594,0.948394775390625,0.3835824728012085,0.4000273644924164,0.016444891691207886,0.0,0.0,0.0,0.10010915994644165,0.061803221702575684,-0.03830593824386597,0.5877662301063538,0.5872010588645935,0.0005651712417602539,0.09474453330039978,0.09474453330039978,117.02607727050781
crack0056_02.png,-1.469338607788086,87.69717407226562,89.75167083740234,-2.0544967651367188,116.46302032470703,114.93882751464844,1.5241928100585938,0.4307141900062561,0.42815279960632324,-0.0025613903999328613,0.0,0.0,0.0,0.09192323684692383,0.01565718650817871,-0.07626605033874512,0.5966243743896484,0.5921145677566528,0.0045098066329956055,0.09475114941596985,0.09475114941596985,86.90022945404053
crack0056_03.png,-0.5965271949768067,88.48965454101562,91.03904724121094,-2.5493927001953125,116.50691223144531,115.25094604492188,1.2559661865234375,0.43732181191444397,0.45440128445625305,0.017079472541809082,0.0,0.0,0.0,0.023328959941864014,0.0,-0.023328959941864014,0.5904421210289001,0.58833909034729,0.0021030306816101074,0.10096940398216248,0.10096940398216248,87.14272701740265
crack0056_04.png,-0.8949671745300293,113.9099349975586,115.33250427246094,-1.4225692749023438,118.8002700805664,117.01051330566406,1.7897567749023438,0.3868456780910492,0.3847591280937195,-0.002086549997329712,0.0,0.0,0.0,0.05959737300872803,0.02343040704727173,-0.0361669659614563,0.5928335189819336,0.5933679342269897,-0.0005344152450561523,0.10556571930646896,0.10556571930646896,115.27038931846619
crack0056_05.png,-1.8561212539672853,91.75445556640625,95.31752014160156,-3.5630645751953125,114.58753204345703,112.76991271972656,1.8176193237304688,0.41515013575553894,0.42899245023727417,0.01384231448173523,0.0,0.0,0.0,0.04464888572692871,0.03603959083557129,-0.008609294891357422,0.5891656875610352,0.5923529267311096,-0.003187239170074463,0.0933544784784317,0.0933544784784317,92.32109677791595
crack0056_06.png,-0.690849781036377,94.20763397216797,97.04443359375,-2.8367996215820312,116.80225372314453,115.21404266357422,1.5882110595703125,0.4057557284832001,0.42411425709724426,0.01835852861404419,0.0,0.0,0.0,0.0,0.0,0.0,0.5912187695503235,0.5901691913604736,0.0010495781898498535,0.09509885311126709,0.09509885311126709,94.92944085597992
crack0056_07.png,-2.041650104522705,114.49278259277344,117.30559539794922,-2.8128128051757812,129.72369384765625,126.79449462890625,2.92919921875,0.3622838258743286,0.35778486728668213,-0.004498958587646484,0.0,0.0,0.0,0.08389437198638916,0.12460952997207642,0.040715157985687256,0.5895463228225708,0.5905613303184509,-0.001015007495880127,0.09341248124837875,0.09341248124837875,118.05455017089844
crack0056_08.png,1.1452924728393556,110.94522857666016,113.08464050292969,-2.1394119262695312,119.87364196777344,118.28713989257812,1.5865020751953125,0.3774166703224182,0.41170215606689453,0.03428548574447632,0.0,0.0,0.0,0.04916638135910034,0.009419918060302734,-0.03974646329879761,0.5898846387863159,0.5922030210494995,-0.0023183822631835938,0.10211107134819031,0.10211107134819031,113.05805516242981
crack0056_09.png,1.9344722747802736,99.39706420898438,101.57320404052734,-2.1761398315429688,120.2022705078125,118.89225769042969,1.3100128173828125,0.39715564250946045,0.4429571032524109,0.04580146074295044,0.0,0.0,0.0,0.0,0.0,0.0,0.5861168503761292,0.5880545973777771,-0.0019377470016479492,0.09165389835834503,0.09165389835834503,100.17797946929932
crack0057_00.png,-0.387152647972107,117.82215881347656,116.2303466796875,1.5918121337890625,113.62240600585938,112.10669708251953,1.5157089233398438,0.08052638173103333,0.10297513753175735,0.02244875580072403,0.3458769917488098,0.23667889833450317,-0.10919809341430664,0.37079906463623047,0.26919227838516235,-0.10160678625106812,0.5842906832695007,0.5846213102340698,-0.0003306269645690918,0.16707733273506165,0.16707733273506165,135.57952225208282
crack0057_01.png,1.0202884674072266,126.434326171875,124.81929016113281,1.6150360107421875,111.48741149902344,109.61698913574219,1.87042236328125,0.1009577065706253,0.11264728009700775,0.011689573526382446,0.32876503467559814,0.2745811939239502,-0.05418384075164795,0.33108413219451904,0.2762431502342224,-0.05484098196029663,0.5821722149848938,0.5849404335021973,-0.002768218517303467,0.15566369891166687,0.15566369891166687,142.96696311235428
crack0057_02.png,1.08927001953125,143.13998413085938,141.3267822265625,1.813201904296875,110.65853881835938,109.08282470703125,1.575714111328125,0.07887495309114456,0.07081595808267593,-0.008058995008468628,0.38765257596969604,0.3728870153427124,-0.014765560626983643,0.40284264087677,0.3990100622177124,-0.003832578659057617,0.5791541934013367,0.5821260809898376,-0.0029718875885009766,0.13833153247833252,0.13833153247833252,161.2694689333439
crack0057_03.png,2.2104788780212403,125.10477447509766,123.17576599121094,1.9290084838867188,108.31878662109375,106.70930480957031,1.6094818115234375,0.10233151912689209,0.0953020453453064,-0.007029473781585693,0.41212040185928345,0.41832852363586426,0.0062081217765808105,0.40922456979751587,0.3960331678390503,-0.013191401958465576,0.5806074738502502,0.581814706325531,-0.0012072324752807617,0.1461758315563202,0.1461758315563202,141.69473576545715
crack0057_04.png,0.22545664310455327,122.94853210449219,121.99055480957031,0.957977294921875,103.91787719726562,102.45555877685547,1.4623184204101562,0.09939438104629517,0.10385850816965103,0.0044641271233558655,0.29517245292663574,0.25804847478866577,-0.03712397813796997,0.2857208847999573,0.22339290380477905,-0.06232798099517822,0.5799884796142578,0.5847289562225342,-0.004740476608276367,0.1261599212884903,0.1261599212884903,139.8950388431549
crack0057_05.png,2.2219168186187748,146.114013671875,142.38780212402344,3.7262115478515625,111.099853515625,108.46636199951172,2.6334915161132812,0.07317312061786652,0.08197668194770813,0.008803561329841614,0.3052559494972229,0.22687840461730957,-0.07837754487991333,0.33200758695602417,0.28517526388168335,-0.04683232307434082,0.5817378163337708,0.5849096775054932,-0.003171861171722412,0.1532713770866394,0.1532713770866394,163.25690776109695
crack0057_06.png,1.6640131950378416,143.44395446777344,140.94412231445312,2.4998321533203125,120.20101928710938,118.32034301757812,1.88067626953125,0.06705442070960999,0.08153718709945679,0.014482766389846802,0.3727518916130066,0.3040456771850586,-0.068706214427948,0.34007906913757324,0.30421411991119385,-0.035864949226379395,0.5892656445503235,0.5892271995544434,3.844499588012695e-05,0.15897732973098755,0.15897732973098755,161.74139893054962
crack0057_07.png,-1.412590003013611,131.64776611328125,131.171875,0.47589111328125,118.27558135986328,117.30445861816406,0.9711227416992188,0.1163390651345253,0.10968650877475739,-0.006652556359767914,0.34287387132644653,0.29739493131637573,-0.0454789400100708,0.3997929096221924,0.3202470541000366,-0.07954585552215576,0.5887619853019714,0.5869011878967285,0.00186079740524292,0.13903434574604034,0.13903434574604034,148.37910944223404
crack0057_08.png,1.2934931755065917,125.86507415771484,124.58772277832031,1.2773513793945312,106.81766510009766,105.56940460205078,1.248260498046875,0.08225041627883911,0.08396312594413757,0.001712709665298462,0.36659061908721924,0.3523164391517639,-0.014274179935455322,0.3400043845176697,0.3441687822341919,0.004164397716522217,0.584179162979126,0.5854094624519348,-0.0012302994728088379,0.14151480793952942,0.14151480793952942,143.70775198936462
crack0057_09.png,2.4307740211486815,118.1830825805664,117.39392852783203,0.789154052734375,107.24769592285156,104.8698501586914,2.3778457641601562,0.12148736417293549,0.15693141520023346,0.035444051027297974,0.28119105100631714,0.22868376970291138,-0.05250728130340576,0.31861943006515503,0.29190200567245483,-0.026717424392700195,0.5842906832695007,0.5854094624519348,-0.001118779182434082,0.1412540078163147,0.1412540078163147,133.91564220190048
crack0058_00.png,0.2244253158569336,128.70635986328125,129.83958435058594,-1.1332244873046875,117.64481353759766,115.86911010742188,1.7757034301757812,0.3555870056152344,0.3640328347682953,0.008445829153060913,0.0,0.0,0.0,0.2765257954597473,0.26823151111602783,-0.008294284343719482,0.5984313488006592,0.5991387963294983,-0.0007074475288391113,0.08855094760656357,0.08855094760656357,131.90330362319946
crack0058_01.png,1.132652759552002,173.36537170410156,173.66421508789062,-0.2988433837890625,121.64678192138672,120.11365509033203,1.5331268310546875,0.27006515860557556,0.2787015438079834,0.008636385202407837,0.0,0.0,0.0,0.20304930210113525,0.17576318979263306,-0.027286112308502197,0.5939946174621582,0.5908112525939941,0.0031833648681640625,0.08720401674509048,0.08720401674509048,181.0706685781479
crack0058_02.png,0.03989048004150397,147.1594696044922,147.91587829589844,-0.75640869140625,125.75906372070312,123.82855224609375,1.930511474609375,0.3412274122238159,0.34240326285362244,0.0011758506298065186,0.0,0.0,0.0,0.21241003274917603,0.22181522846221924,0.009405195713043213,0.5912187695503235,0.5929681062698364,-0.0017493367195129395,0.0918157696723938,0.0918157696723938,150.78275346755981
crack0058_03.png,0.3374291419982911,155.65054321289062,157.80923461914062,-2.15869140625,123.1797103881836,121.09190368652344,2.0878067016601562,0.2873682975769043,0.3090054392814636,0.021637141704559326,0.0,0.0,0.0,0.19112002849578857,0.1869829297065735,-0.004137098789215088,0.5901806950569153,0.5919300317764282,-0.0017493367195129395,0.09643399715423584,0.09643399715423584,163.1649923324585
crack0058_04.png,-1.8250929832458496,162.4033966064453,164.32644653320312,-1.9230499267578125,126.10676574707031,124.5858154296875,1.5209503173828125,0.3007223904132843,0.29387110471725464,-0.006851285696029663,0.0,0.0,0.0,0.2093038558959961,0.18445968627929688,-0.02484416961669922,0.5954594612121582,0.5945174694061279,0.0009419918060302734,0.09183710068464279,0.09183710068464279,169.55103373527527
crack0058_05.png,1.600779724121094,126.44779968261719,127.52623748779297,-1.0784378051757812,116.19375610351562,114.06343078613281,2.1303253173828125,0.2688339948654175,0.29310089349746704,0.02426689863204956,0.0,0.0,0.0,0.321050226688385,0.3288801908493042,0.00782996416091919,0.5951480269432068,0.5980046391487122,-0.002856612205505371,0.08741968870162964,0.08741968870162964,134.77716445922852
crack0058_06.png,-0.161491584777832,170.46978759765625,171.47415161132812,-1.004364013671875,125.40617370605469,122.96633911132812,2.4398345947265625,0.33505070209503174,0.3356288969516754,0.0005781948566436768,0.0,0.0,0.0,0.2684658169746399,0.2831052541732788,0.014639437198638916,0.5898538827896118,0.5943368077278137,-0.004482924938201904,0.09589288383722305,0.09589288383722305,174.64239978790283
crack0058_07.png,1.171333122253418,169.30711364746094,169.9627685546875,-0.6556549072265625,124.0396499633789,121.81057739257812,2.2290725708007812,0.28935015201568604,0.30112287402153015,0.011772722005844116,0.0,0.0,0.0,0.23789912462234497,0.25361132621765137,0.015712201595306396,0.5896040201187134,0.5897654891014099,-0.0001614689826965332,0.09714149683713913,0.09714149683713913,175.86455154418945
crack0058_08.png,2.7241747856140135,163.3827362060547,162.73544311523438,0.6472930908203125,122.27861022949219,119.59101104736328,2.6875991821289062,0.2989808917045593,0.312772661447525,0.013791769742965698,0.0,0.0,0.0,0.25764042139053345,0.272266149520874,0.014625728130340576,0.587347149848938,0.5898846387863159,-0.0025374889373779297,0.09420793503522873,0.09420793503522873,168.7156217098236
crack0058_09.png,0.9524504661560059,162.42173767089844,162.67251586914062,-0.2507781982421875,120.9560546875,119.11408233642578,1.8419723510742188,0.2641355097293854,0.26973533630371094,0.0055998265743255615,0.0,0.0,0.0,0.2956193685531616,0.32199597358703613,0.02637660503387451,0.5912725925445557,0.5908112525939941,0.00046133995056152344,0.09076611697673798,0.09076611697673798,170.34989988803864
crack0059_00.png,-2.4248748779296876,102.17398071289062,103.54439544677734,-1.3704147338867188,107.10646057128906,106.0350112915039,1.0714492797851562,0.31362929940223694,0.3105427026748657,-0.003086596727371216,0.40787285566329956,0.37984585762023926,-0.028026998043060303,0.3596283197402954,0.32675039768218994,-0.03287792205810547,0.5819454193115234,0.5848212242126465,-0.002875804901123047,0.1704489290714264,0.1704489290714264,107.6194748878479
crack0059_01.png,-3.217153549194336,105.84866333007812,108.14562225341797,-2.2969589233398438,110.93962097167969,108.24430847167969,2.6953125,0.37859562039375305,0.3713708221912384,-0.0072247982025146484,0.22299247980117798,0.191697895526886,-0.03129458427429199,0.2371498942375183,0.206342875957489,-0.030807018280029297,0.5854209661483765,0.5896347761154175,-0.004213809967041016,0.16093288362026215,0.16093288362026215,108.30028450489044
crack0059_02.png,5.006254434585571,98.61470794677734,97.14060974121094,1.4740982055664062,113.169677734375,110.47886657714844,2.6908111572265625,0.24654807150363922,0.27926260232925415,0.03271453082561493,0.3465675711631775,0.3445643186569214,-0.0020032525062561035,0.40475088357925415,0.39282482862472534,-0.011926054954528809,0.5842329859733582,0.5862630009651184,-0.002030014991760254,0.1872509866952896,0.1872509866952896,106.53529459238052
crack0059_03.png,1.1347397327423097,104.64779663085938,104.52246856689453,0.12532806396484375,117.66044616699219,115.2816162109375,2.3788299560546875,0.2138407677412033,0.21977165341377258,0.005930885672569275,0.32312852144241333,0.3126752972602844,-0.010453224182128906,0.30960941314697266,0.3122207522392273,0.0026113390922546387,0.5892310738563538,0.5891926288604736,3.844499588012695e-05,0.1497000753879547,0.1497000753879547,115.3239294886589
crack0059_04.png,0.10044298171997079,109.26066589355469,110.57286834716797,-1.3122024536132812,111.78805541992188,111.43330383300781,0.3547515869140625,0.22879920899868011,0.22951854765415192,0.0007193386554718018,0.2316233515739441,0.2593158483505249,0.02769249677658081,0.34770137071609497,0.352364182472229,0.004662811756134033,0.5897462368011475,0.5871087908744812,0.0026374459266662598,0.17058447003364563,0.17058447003364563,119.77866405248642
crack0059_05.png,3.350795793533325,107.02493286132812,106.67317962646484,0.35175323486328125,118.92527770996094,114.779052734375,4.1462249755859375,0.2347799390554428,0.25106123089790344,0.016281291842460632,0.1971491575241089,0.19937682151794434,0.0022276639938354492,0.28729552030563354,0.2722771167755127,-0.01501840353012085,0.5847135782241821,0.5859900116920471,-0.0012764334678649902,0.13764458894729614,0.13764458894729614,116.2018603682518
crack0059_06.png,1.0817959785461426,100.17668914794922,101.36101531982422,-1.184326171875,113.77177429199219,112.13157653808594,1.64019775390625,0.26358562707901,0.2850002348423004,0.021414607763290405,0.32609981298446655,0.32657819986343384,0.00047838687896728516,0.35115402936935425,0.3471035361289978,-0.004050493240356445,0.5848289132118225,0.5878854393959045,-0.0030565261840820312,0.18063582479953766,0.18063582479953766,108.4691321849823
crack0059_07.png,-0.4386352062225338,105.85049438476562,106.05644226074219,-0.2059478759765625,122.62586975097656,119.82235717773438,2.8035125732421875,0.24723996222019196,0.27192699909210205,0.024687036871910095,0.21867448091506958,0.13506746292114258,-0.083607017993927,0.26599037647247314,0.24159497022628784,-0.024395406246185303,0.5876201391220093,0.5872395038604736,0.00038063526153564453,0.15005925297737122,0.15005925297737122,114.62387615442276
crack0059_08.png,5.3171004295349125,114.97125244140625,112.63811492919922,2.3331375122070312,122.2450180053711,119.06724548339844,3.1777725219726562,0.21507160365581512,0.22736282646656036,0.01229122281074524,0.3006601333618164,0.3180839419364929,0.017423808574676514,0.386167049407959,0.39102059602737427,0.004853546619415283,0.5895078778266907,0.5886927843093872,0.0008150935173034668,0.13844357430934906,0.13844357430934906,124.48070257902145
crack0059_09.png,3.162411022186279,104.43333435058594,104.6374282836914,-0.20409393310546875,120.54923248291016,117.19966888427734,3.3495635986328125,0.2429928481578827,0.25747236609458923,0.014479517936706543,0.1963323950767517,0.22067010402679443,0.024337708950042725,0.2953444719314575,0.2910519242286682,-0.004292547702789307,0.5865474939346313,0.5891772508621216,-0.0026297569274902344,0.14365914463996887,0.14365914463996887,113.52290046215057
crack0060_00.png,0.8197145462036133,120.36212158203125,119.87171173095703,0.49040985107421875,114.49382019042969,113.50463104248047,0.9891891479492188,0.2898506224155426,0.29238566756248474,0.0025350451469421387,0.1106252670288086,0.10224652290344238,-0.008378744125366211,0.22391492128372192,0.19072812795639038,-0.03318679332733154,0.598266065120697,0.5966166853904724,0.0016493797302246094,0.1227245032787323,0.1227245032787323,126.65652191638947
crack0060_01.png,0.4972426414489748,108.44842529296875,108.50590515136719,-0.0574798583984375,111.9260025024414,109.45262145996094,2.4733810424804688,0.2315795123577118,0.24300390481948853,0.011424392461776733,0.23744642734527588,0.20497757196426392,-0.03246885538101196,0.21901488304138184,0.1798475980758667,-0.03916728496551514,0.5913494825363159,0.5925951600074768,-0.0012456774711608887,0.12343297898769379,0.12343297898769379,118.28620088100433
crack0060_02.png,1.8529872417449953,118.45123291015625,117.42497253417969,1.0262603759765625,115.24491882324219,112.86038208007812,2.3845367431640625,0.1830911785364151,0.1889946460723877,0.005903467535972595,0.2700980305671692,0.2500697374343872,-0.020028293132781982,0.3289750814437866,0.28156721591949463,-0.04740786552429199,0.596605122089386,0.591560959815979,0.005044162273406982,0.10654997080564499,0.10654997080564499,130.8168368935585
crack0060_03.png,0.6121464252471924,118.8166732788086,118.18913269042969,0.6275405883789062,113.52845764160156,111.50152587890625,2.0269317626953125,0.2344319075345993,0.2360559105873108,0.0016240030527114868,0.20799875259399414,0.18134760856628418,-0.02665114402770996,0.2348700761795044,0.21031540632247925,-0.024554669857025146,0.5936639904975891,0.5909150242805481,0.0027489662170410156,0.13557150959968567,0.13557150959968567,128.18354815244675
crack0060_04.png,-0.6628106594085692,114.54309844970703,115.6586685180664,-1.115570068359375,115.50688171386719,112.90238189697266,2.6044998168945312,0.20581825077533722,0.21149942278862,0.005681172013282776,0.12014621496200562,0.09341192245483398,-0.02673429250717163,0.03692340850830078,0.03390026092529297,-0.0030231475830078125,0.5892387628555298,0.5885928273200989,0.0006459355354309082,0.1090487539768219,0.1090487539768219,126.32133895158768
crack0060_05.png,1.4311848640441895,118.13546752929688,116.94103240966797,1.1944351196289062,110.17582702636719,107.6043930053711,2.5714340209960938,0.24029046297073364,0.26194050908088684,0.021650046110153198,0.14589130878448486,0.08516395092010498,-0.06072735786437988,0.20680111646652222,0.16532951593399048,-0.04147160053253174,0.593625545501709,0.5959938764572144,-0.002368330955505371,0.12135475128889084,0.12135475128889084,126.96057724952698
crack0060_06.png,-0.10520925521850577,119.11571502685547,119.95987701416016,-0.8441619873046875,114.02444458007812,112.41362762451172,1.6108169555664062,0.2592076361179352,0.26125824451446533,0.0020506083965301514,0.21536296606063843,0.21319681406021118,-0.002166152000427246,0.26531368494033813,0.2657667398452759,0.00045305490493774414,0.587843120098114,0.5874125361442566,0.0004305839538574219,0.13528254628181458,0.13528254628181458,127.49906265735626
crack0060_07.png,0.7910863876342773,112.3639144897461,113.99213409423828,-1.6282196044921875,113.24669647216797,110.599365234375,2.6473312377929688,0.2671082019805908,0.2928817868232727,0.025773584842681885,0.18552720546722412,0.16770482063293457,-0.01782238483428955,0.18306106328964233,0.15638333559036255,-0.026677727699279785,0.5868819952011108,0.5865974426269531,0.00028455257415771484,0.12170270830392838,0.12170270830392838,120.62681198120117
crack0060_08.png,0.5574362754821778,110.1781997680664,109.99734497070312,0.18085479736328125,110.24728393554688,109.06282806396484,1.1844558715820312,0.25847697257995605,0.25637081265449524,-0.0021061599254608154,0.29745447635650635,0.2967185378074646,-0.000735938549041748,0.29602116346359253,0.29675740003585815,0.000736236572265625,0.5969011783599854,0.5943829417228699,0.0025182366371154785,0.13358506560325623,0.13358506560325623,118.58157074451447
crack0060_09.png,-2.0123969078063966,114.15314483642578,116.4889144897461,-2.3357696533203125,109.6439437866211,107.87841033935547,1.765533447265625,0.23678255081176758,0.2260635793209076,-0.010718971490859985,0.21721011400222778,0.22793900966644287,0.010728895664215088,0.23419862985610962,0.24274110794067383,0.008542478084564209,0.5878969430923462,0.5867589116096497,0.0011380314826965332,0.11264131218194962,0.11264131218194962,125.27309262752533
crack0061_00.png,-1.1264409065246581,101.83820343017578,101.22715759277344,0.6110458374023438,113.75138854980469,112.47264099121094,1.27874755859375,0.20316387712955475,0.17491744458675385,-0.028246432542800903,0.4443461298942566,0.4416500926017761,-0.0026960372924804688,0.3706122636795044,0.3708563446998596,0.0002440810203552246,0.5930142402648926,0.5900499820709229,0.0029642581939697266,0.1689995974302292,0.1689995974302292,114.75820344686508
crack0061_01.png,-0.7826187610626221,105.17285919189453,105.72161865234375,-0.5487594604492188,116.00300598144531,114.19247436523438,1.8105316162109375,0.22843536734580994,0.22329281270503998,-0.0051425546407699585,0.1932184100151062,0.180259108543396,-0.012959301471710205,0.20191335678100586,0.19892966747283936,-0.002983689308166504,0.5838177800178528,0.5845251679420471,-0.0007073879241943359,0.11145859956741333,0.11145859956741333,115.43067687749863
crack0061_02.png,-3.2595800876617433,94.54205322265625,94.93789672851562,-0.395843505859375,114.68370056152344,112.52062225341797,2.1630783081054688,0.2686617076396942,0.21284832060337067,-0.05581338703632355,0.3408234715461731,0.3597681522369385,0.01894468069076538,0.3466619849205017,0.3424910306930542,-0.00417095422744751,0.5861668586730957,0.5867089629173279,-0.0005421042442321777,0.1438511610031128,0.1438511610031128,105.43743425607681
crack0061_03.png,-4.0337865352630615,90.18321990966797,90.31820678710938,-0.13498687744140625,112.90126037597656,111.32098388671875,1.5802764892578125,0.21086399257183075,0.15902253985404968,-0.05184145271778107,0.23278653621673584,0.2226584553718567,-0.01012808084487915,0.24355506896972656,0.22506916522979736,-0.0184859037399292,0.5871164798736572,0.5865782499313354,0.0005382299423217773,0.12008385360240936,0.12008385360240936,104.19402015209198
crack0061_04.png,-1.714563322067261,104.41027069091797,103.61903381347656,0.7912368774414062,124.94114685058594,122.5472412109375,2.3939056396484375,0.25748854875564575,0.2037852257490158,-0.053703323006629944,0.3143376111984253,0.3346296548843384,0.020292043685913086,0.33960413932800293,0.339854896068573,0.00025075674057006836,0.589907705783844,0.5893771648406982,0.000530540943145752,0.16175615787506104,0.16175615787506104,115.38384693861008
crack0061_05.png,-2.552450704574585,76.85385131835938,77.31324768066406,-0.4593963623046875,107.49224853515625,105.89125061035156,1.6009979248046875,0.20713980495929718,0.1807991862297058,-0.02634061872959137,0.4427844285964966,0.4264295697212219,-0.016354858875274658,0.31072932481765747,0.30906540155410767,-0.0016639232635498047,0.583587110042572,0.5828873515129089,0.0006997585296630859,0.1358231008052826,0.1358231008052826,89.57908272743225
crack0061_06.png,2.0500160217285157,89.30194854736328,89.21503448486328,0.0869140625,110.07716369628906,108.16151428222656,1.9156494140625,0.23321573436260223,0.24556554853916168,0.012349814176559448,0.4409336447715759,0.445501446723938,0.0045678019523620605,0.3095019459724426,0.32668203115463257,0.01718008518218994,0.5886274576187134,0.5879738330841064,0.0006536245346069336,0.15266145765781403,0.15266145765781403,98.81064575910568
crack0061_07.png,-1.811806583404541,96.82445526123047,97.50021362304688,-0.6757583618164062,114.61559295654297,114.10249328613281,0.5130996704101562,0.283804327249527,0.27135583758354187,-0.012448489665985107,0.37231940031051636,0.36395716667175293,-0.008362233638763428,0.35159969329833984,0.34008777141571045,-0.011511921882629395,0.5931065082550049,0.5933794975280762,-0.00027298927307128906,0.1882626861333847,0.1882626861333847,104.6161640882492
crack0061_08.png,-0.8446695327758791,114.33830261230469,114.91796112060547,-0.5796585083007812,116.04656982421875,114.01681518554688,2.029754638671875,0.17926928400993347,0.14926964044570923,-0.029999643564224243,0.388219952583313,0.4210811257362366,0.032861173152923584,0.3468477129936218,0.3548869490623474,0.008039236068725586,0.5900115370750427,0.589796245098114,0.00021529197692871094,0.12944373488426208,0.12944373488426208,129.27241492271423
crack0061_09.png,-2.1391453742980957,91.43115997314453,92.17849731445312,-0.7473373413085938,107.58544158935547,106.59320068359375,0.9922409057617188,0.13918867707252502,0.1205497682094574,-0.018638908863067627,0.39324647188186646,0.3829885721206665,-0.010257899761199951,0.34593284130096436,0.34190893173217773,-0.004023909568786621,0.5864205956459045,0.5836024880409241,0.0028181076049804688,0.14931327104568481,0.14931327104568481,108.02866637706757
crack0062_00.png,-2.05670280456543,109.41477966308594,111.72386169433594,-2.30908203125,110.66187286376953,109.04742431640625,1.6144485473632812,0.3109284043312073,0.30171191692352295,-0.009216487407684326,0.544624924659729,0.5544916391372681,0.009866714477539062,0.5010055303573608,0.5061277747154236,0.005122244358062744,0.5844521522521973,0.5857208967208862,-0.0012687444686889648,0.13484975695610046,0.13484975695610046,115.89544153213501
crack0062_01.png,1.4684719085693358,109.6003189086914,110.30647277832031,-0.7061538696289062,113.50010681152344,111.29466247558594,2.2054443359375,0.36075326800346375,0.37344199419021606,0.01268872618675232,0.490500271320343,0.498279869556427,0.007779598236083984,0.46483713388442993,0.46766263246536255,0.002825498580932617,0.5905651450157166,0.5914109945297241,-0.0008458495140075684,0.15323269367218018,0.15323269367218018,111.964639544487
crack0062_02.png,0.7656246185302735,115.20948791503906,115.4645767211914,-0.25508880615234375,114.33502197265625,112.4236068725586,1.9114151000976562,0.38116613030433655,0.3753666579723358,-0.005799472332000732,0.5479716062545776,0.5659011602401733,0.017929553985595703,0.47770506143569946,0.4766557216644287,-0.001049339771270752,0.5872510671615601,0.5871779918670654,7.30752944946289e-05,0.1309087574481964,0.1309087574481964,116.30507552623749
crack0062_03.png,-0.9877330780029296,107.50054931640625,109.38208770751953,-1.8815383911132812,111.67234802246094,111.41368103027344,0.2586669921875,0.30751484632492065,0.31063002347946167,0.0031151771545410156,0.4579084515571594,0.47030627727508545,0.012397825717926025,0.42757177352905273,0.4284670948982239,0.0008953213691711426,0.586086094379425,0.5849558115005493,0.0011302828788757324,0.15827657282352448,0.15827657282352448,113.43387150764465
crack0062_04.png,0.3410024642944336,114.21556091308594,115.4176025390625,-1.2020416259765625,116.52515411376953,115.15018463134766,1.374969482421875,0.414410263299942,0.42328688502311707,0.008876621723175049,0.4707377552986145,0.47595781087875366,0.00522005558013916,0.4480174779891968,0.4529373049736023,0.004919826984405518,0.5968704223632812,0.5950173139572144,0.0018531084060668945,0.17064610123634338,0.17064610123634338,113.82678282260895
crack0062_05.png,0.13164386749267587,113.05970764160156,113.84150695800781,-0.78179931640625,115.01533508300781,112.45698547363281,2.558349609375,0.2158861756324768,0.21411001682281494,-0.0017761588096618652,0.4858729839324951,0.4876198172569275,0.001746833324432373,0.4404188394546509,0.4380940794944763,-0.0023247599601745605,0.5871049761772156,0.5880469083786011,-0.000941932201385498,0.12238278239965439,0.12238278239965439,124.12588262557983
crack0062_06.png,1.569423770904541,107.68083190917969,108.63249206542969,-0.95166015625,112.76334381103516,111.85519409179688,0.9081497192382812,0.2873242497444153,0.31259867548942566,0.025274425745010376,0.5011816024780273,0.503563404083252,0.0023818016052246094,0.4848520755767822,0.473794162273407,-0.011057913303375244,0.5970472693443298,0.5960323214530945,0.0010149478912353516,0.14846667647361755,0.14846667647361755,114.79909777641296
crack0062_07.png,-1.236299705505371,114.89244079589844,115.8750228881836,-0.9825820922851562,118.53189086914062,116.98728942871094,1.5446014404296875,0.3280293941497803,0.3171822130680084,-0.01084718108177185,0.49104732275009155,0.4958816170692444,0.004834294319152832,0.4920031428337097,0.4946750998497009,0.002671957015991211,0.5852133631706238,0.5901422500610352,-0.004928886890411377,0.17164647579193115,0.17164647579193115,119.95848906040192
crack0062_08.png,-0.3654555320739745,105.88668823242188,107.49667358398438,-1.6099853515625,113.57591247558594,112.35720825195312,1.2187042236328125,0.3540756106376648,0.35638463497161865,0.0023090243339538574,0.46944087743759155,0.4811730980873108,0.011732220649719238,0.44392454624176025,0.459331214427948,0.015406668186187744,0.590772807598114,0.588196873664856,0.0025759339332580566,0.17673081159591675,0.17673081159591675,109.0780565738678
crack0062_09.png,-2.3846364974975587,114.42570495605469,116.24381256103516,-1.8181076049804688,116.96354675292969,117.25382995605469,-0.290283203125,0.3595340847969055,0.35242918133735657,-0.00710490345954895,0.4813159704208374,0.4815279245376587,0.00021195411682128906,0.46379905939102173,0.46068352460861206,-0.003115534782409668,0.5888927578926086,0.5861552953720093,0.0027374625205993652,0.17180417478084564,0.17180417478084564,117.74471819400787
crack0063_00.png,2.2803743362426756,113.8170394897461,113.53849792480469,0.27854156494140625,112.77880859375,110.56163787841797,2.2171707153320312,0.2977614998817444,0.30478569865226746,0.007024198770523071,0.2851611375808716,0.2980526089668274,0.01289147138595581,0.23936301469802856,0.23742294311523438,-0.0019400715827941895,0.5984044671058655,0.597470223903656,0.0009342432022094727,0.15597298741340637,0.15597298741340637,119.74825739860535
crack0063_01.png,2.979630374908447,102.19807434082031,100.97979736328125,1.2182769775390625,114.12126159667969,113.06900024414062,1.0522613525390625,0.25292065739631653,0.27903231978416443,0.0261116623878479,0.3275616765022278,0.3107258081436157,-0.01683586835861206,0.19137585163116455,0.1939815878868103,0.002605736255645752,0.5916493535041809,0.5935255885124207,-0.001876235008239746,0.1891382336616516,0.1891382336616516,110.15471994876862
crack0063_02.png,2.8712868213653566,115.06766510009766,113.81774139404297,1.2499237060546875,112.21768188476562,112.29232788085938,-0.07464599609375,0.19198836386203766,0.20581141114234924,0.013823047280311584,0.25342291593551636,0.26268982887268066,0.009266912937164307,0.23186063766479492,0.23733848333358765,0.005477845668792725,0.588811993598938,0.5844444632530212,0.004367530345916748,0.1389225423336029,0.1389225423336029,126.47588115930557
crack0063_03.png,-0.07002019882202148,127.11141204833984,127.0976791381836,0.01373291015625,111.41988372802734,111.0982666015625,0.32161712646484375,0.2916772663593292,0.29587864875793457,0.004201382398605347,0.025661170482635498,0.012382864952087402,-0.013278305530548096,0.0,0.0,0.0,0.5930488109588623,0.5934832692146301,-0.00043445825576782227,0.14864420890808105,0.14864420890808105,133.34324038028717
crack0063_04.png,1.7247910499572754,111.49479675292969,111.21485137939453,0.27994537353515625,107.89628601074219,106.46070098876953,1.4355850219726562,0.21988143026828766,0.2361399084329605,0.01625847816467285,0.2184227705001831,0.20258843898773193,-0.015834331512451172,0.13005173206329346,0.12537932395935059,-0.004672408103942871,0.5962821841239929,0.591199517250061,0.005082666873931885,0.14880096912384033,0.14880096912384033,122.01322561502457
crack0063_05.png,-16.96409604549408,208.9848175048828,221.4416961669922,-12.456878662109375,182.80502319335938,188.96200561523438,-6.156982421875,0.11542585492134094,0.10704902559518814,-0.008376829326152802,0.0374903678894043,0.0,-0.0374903678894043,0.07873415946960449,0.0,-0.07873415946960449,0.5961207151412964,0.5929872989654541,0.003133416175842285,0.16991664469242096,0.16991664469242096,232.63514390587807
crack0063_06.png,1.2026309013366698,112.14120483398438,112.1453628540039,-0.00415802001953125,111.0734634399414,110.61392974853516,0.45953369140625,0.26675307750701904,0.28458264470100403,0.017829567193984985,0.24557769298553467,0.2355121374130249,-0.010065555572509766,0.27023202180862427,0.27482205629348755,0.004590034484863281,0.5931218862533569,0.5931410789489746,-1.919269561767578e-05,0.18904849886894226,0.18904849886894226,119.86374235153198
crack0063_07.png,-9.137508392333984,134.5906219482422,142.91958618164062,-8.328964233398438,131.58895874023438,135.40213012695312,-3.81317138671875,0.3471379280090332,0.35391512513160706,0.0067771971225738525,0.0,0.0,0.0,0.0,0.020715057849884033,0.020715057849884033,0.5988427400588989,0.5944790244102478,0.004363715648651123,0.18813607096672058,0.18813607096672058,141.88053798675537
crack0063_08.png,-0.9532909393310547,117.34911346435547,117.9468002319336,-0.597686767578125,113.30658721923828,111.26164245605469,2.0449447631835938,0.24727404117584229,0.26752176880836487,0.020247727632522583,0.255943238735199,0.18772685527801514,-0.06821638345718384,0.14519482851028442,0.10625863075256348,-0.03893619775772095,0.5978546738624573,0.5994732975959778,-0.0016186237335205078,0.13706496357917786,0.13706496357917786,126.7904462814331
crack0063_09.png,-0.146339225769043,115.81952667236328,115.8874282836914,-0.067901611328125,111.17594146728516,110.23812866210938,0.9378128051757812,0.16510379314422607,0.1734398901462555,0.008336097002029419,0.30407631397247314,0.27381205558776855,-0.03026425838470459,0.23666751384735107,0.2242259979248047,-0.012441515922546387,0.5925874710083008,0.5903344750404358,0.0022529959678649902,0.1393287479877472,0.1393287479877472,129.6507487297058
crack0064_00.png,-3.1721763610839844,110.114501953125,110.1859130859375,-0.0714111328125,107.2487564086914,106.74285125732422,0.5059051513671875,0.2988361120223999,0.25698569416999817,-0.04185041785240173,0.0,0.0,0.0,0.0,0.0,0.0,0.5890926718711853,0.5879700183868408,0.0011226534843444824,0.1057000607252121,0.1057000607252121,118.29477274417877
crack0064_01.png,0.99918851852417,120.93772888183594,119.57024383544922,1.3674850463867188,104.89292907714844,104.3790283203125,0.5139007568359375,0.23274807631969452,0.22626306116580963,-0.006485015153884888,0.0,0.0,0.0,0.0,0.017079830169677734,0.017079830169677734,0.5846059322357178,0.5859823226928711,-0.0013763904571533203,0.13111965358257294,0.13111965358257294,130.11749559640884
crack0064_02.png,-0.2711781024932861,84.29106903076172,84.00077819824219,0.29029083251953125,105.05880737304688,104.00833892822266,1.0504684448242188,0.2556675374507904,0.2432219237089157,-0.012445613741874695,0.0,0.0,0.0,0.0,0.0,0.0,0.5898769497871399,0.5895271301269531,0.0003498196601867676,0.13528594374656677,0.13528594374656677,93.1476861834526
crack0064_03.png,-2.090203142166138,98.9608154296875,100.66739654541016,-1.7065811157226562,108.28966522216797,108.95291137695312,-0.6632461547851562,0.23772887885570526,0.23583462834358215,-0.001894250512123108,0.0,0.0,0.0,0.0,0.0,0.0,0.5906266570091248,0.589796245098114,0.0008304119110107422,0.12938076257705688,0.12938076257705688,109.28909456729889
crack0064_04.png,-5.126687526702881,107.96783447265625,108.14969635009766,-0.18186187744140625,110.4489974975586,109.49906158447266,0.9499359130859375,0.27219781279563904,0.20639905333518982,-0.06579875946044922,0.0,0.0,0.0,0.0,0.0,0.0,0.5910034775733948,0.5925259590148926,-0.0015224814414978027,0.11533595621585846,0.11533595621585846,119.37586057186127
crack0064_05.png,0.12684793472290046,104.90093994140625,104.89291381835938,0.008026123046875,107.47877502441406,105.48127746582031,1.99749755859375,0.2551720142364502,0.24661597609519958,-0.00855603814125061,0.0,0.0,0.0,0.0,0.0,0.0,0.5896616578102112,0.5895540118217468,0.00010764598846435547,0.1114705502986908,0.1114705502986908,113.68643462657928
crack0064_06.png,1.4288782119750976,127.44892883300781,126.50350189208984,0.9454269409179688,105.03263854980469,104.49002075195312,0.5426177978515625,0.2875939607620239,0.2896379828453064,0.0020440220832824707,0.0,0.0,0.0,0.0,0.0,0.0,0.5948442816734314,0.5922722220420837,0.0025720596313476562,0.11630871891975403,0.11630871891975403,133.51434898376465
crack0064_07.png,-0.7987337112426758,92.65660095214844,91.50927734375,1.1473236083984375,109.21831512451172,108.08321380615234,1.135101318359375,0.20322012901306152,0.1728113889694214,-0.030408740043640137,0.0,0.0,0.0,0.0,0.0,0.0,0.5930411219596863,0.5922260880470276,0.0008150339126586914,0.10692232847213745,0.10692232847213745,105.43590068817139
crack0064_08.png,-2.875608205795288,106.2109146118164,106.84656524658203,-0.635650634765625,103.67593383789062,103.28538513183594,0.3905487060546875,0.24684935808181763,0.21880985796451569,-0.02803950011730194,0.0,0.0,0.0,0.0,0.0,0.0,0.5833294987678528,0.5871549248695374,-0.0038254261016845703,0.10253222286701202,0.10253222286701202,116.88634544610977
crack0064_09.png,1.0941028594970703,112.12562561035156,111.82905578613281,0.29656982421875,106.88143920898438,105.54175567626953,1.3396835327148438,0.27342623472213745,0.2744362950325012,0.0010100603103637695,0.0,0.0,0.0,0.1108672022819519,0.11239475011825562,0.001527547836303711,0.5957516431808472,0.5912302732467651,0.004521369934082031,0.10901565849781036,0.10901565849781036,119.40183234214783
crack0065_00.png,5.049972915649414,90.09202575683594,88.56725311279297,1.5247726440429688,103.92416381835938,103.31478881835938,0.609375,0.3591456115245819,0.34687650203704834,-0.01226910948753357,0.0,0.1043291687965393,0.1043291687965393,0.24230480194091797,0.30624496936798096,0.06394016742706299,0.5970050096511841,0.5947597026824951,0.002245306968688965,0.16977302730083466,0.16977302730083466,92.39724969863892
crack0065_01.png,0.2992557525634766,97.39111328125,98.22418212890625,-0.83306884765625,107.37803649902344,106.56770324707031,0.810333251953125,0.16536636650562286,0.17535726726055145,0.009990900754928589,0.0,0.0,0.0,0.0,0.0,0.0,0.5893963575363159,0.5891733765602112,0.00022298097610473633,0.14008349180221558,0.14008349180221558,111.46152001619339
crack0065_02.png,2.7166491508483888,96.7244644165039,97.32890319824219,-0.6044387817382812,109.11799621582031,108.33287048339844,0.785125732421875,0.3089732825756073,0.29291248321533203,-0.01606079936027527,0.0,0.10400646924972534,0.10400646924972534,0.05913931131362915,0.17474216222763062,0.11560285091400146,0.5917070508003235,0.5884159803390503,0.0032910704612731934,0.2562011480331421,0.2562011480331421,103.12021684646606
crack0065_03.png,-2.3193127155303954,101.319580078125,102.36410522460938,-1.044525146484375,107.61703491210938,108.04654693603516,-0.42951202392578125,0.17893758416175842,0.16432754695415497,-0.014610037207603455,0.0,0.0,0.0,0.0,0.0,0.0,0.5887197256088257,0.5870742201805115,0.001645505428314209,0.15640142560005188,0.15640142560005188,115.53097885847092
crack0065_04.png,2.226117992401123,101.57122039794922,100.00165557861328,1.5695648193359375,113.99089813232422,112.20724487304688,1.7836532592773438,0.2870275378227234,0.2870159149169922,-1.1622905731201172e-05,0.0,0.0,0.0,0.13215351104736328,0.11595511436462402,-0.016198396682739258,0.5883583426475525,0.5897578001022339,-0.0013994574546813965,0.2003212720155716,0.2003212720155716,107.15579509735107
crack0065_05.png,1.4707418441772462,96.82259368896484,96.53756713867188,0.28502655029296875,106.08148193359375,105.2440185546875,0.83746337890625,0.32175910472869873,0.3017428517341614,-0.020016252994537354,0.0,0.05833655595779419,0.05833655595779419,0.15355318784713745,0.22552436590194702,0.07197117805480957,0.5887850522994995,0.5858208537101746,0.002964198589324951,0.1844850331544876,0.1844850331544876,102.12691140174866
crack0065_06.png,-0.1553011894226075,95.90476989746094,95.09088134765625,0.8138885498046875,110.13531494140625,108.49986267089844,1.6354522705078125,0.32675057649612427,0.30467838048934937,-0.022072196006774902,0.0,0.0,0.0,0.07516640424728394,0.13142579793930054,0.0562593936920166,0.5946020483970642,0.5910419225692749,0.0035601258277893066,0.21376949548721313,0.21376949548721313,101.0012047290802
crack0065_07.png,0.5691163063049316,104.37213897705078,103.69113159179688,0.6810073852539062,107.59138488769531,106.71464538574219,0.876739501953125,0.2674337327480316,0.2614322602748871,-0.006001472473144531,0.0,0.0,0.0,0.0,0.009755730628967285,0.009755730628967285,0.585763156414032,0.5853248834609985,0.00043827295303344727,0.1386987268924713,0.1386987268924713,111.77622592449188
crack0065_08.png,0.46843938827514653,97.99713897705078,97.3768539428711,0.6202850341796875,106.59234619140625,105.88552856445312,0.706817626953125,0.26997846364974976,0.26288923621177673,-0.0070892274379730225,0.0,0.0,0.0,0.0,0.0,0.0,0.5894502401351929,0.5861361026763916,0.0033141374588012695,0.15920878946781158,0.15920878946781158,105.49165189266205
crack0065_09.png,0.6158182621002197,107.3556137084961,107.39469909667969,-0.03908538818359375,109.9405288696289,109.17243957519531,0.7680892944335938,0.20349742472171783,0.2081969976425171,0.004699572920799255,0.0,0.0,0.0,0.0,0.0,0.0,0.5971779823303223,0.5978854298591614,-0.0007074475288391113,0.16055269539356232,0.16055269539356232,119.08072811365128
crack0066_00.png,0.743432092666626,135.06663513183594,133.98638916015625,1.0802459716796875,123.24960327148438,121.84801483154297,1.4015884399414062,0.24178506433963776,0.2412416636943817,-0.0005434006452560425,0.07073909044265747,0.04829007387161255,-0.022449016571044922,0.2364017367362976,0.2521868944168091,0.015785157680511475,0.5939100384712219,0.5928104519844055,0.0010995864868164062,0.127351313829422,0.127351313829422,143.80841386318207
crack0066_01.png,0.12830014228820807,109.8662338256836,110.09877014160156,-0.23253631591796875,120.1422119140625,118.52191162109375,1.62030029296875,0.22702261805534363,0.21299169957637787,-0.01403091847896576,0.29260873794555664,0.30943620204925537,0.01682746410369873,0.3663988709449768,0.37653404474258423,0.010135173797607422,0.5903729200363159,0.5863206386566162,0.004052281379699707,0.16142308712005615,0.16142308712005615,120.81791681051254
crack0066_02.png,-0.4716320037841797,102.51263427734375,103.5661849975586,-1.0535507202148438,115.53182983398438,113.79991912841797,1.7319107055664062,0.20356354117393494,0.20152926445007324,-0.0020342767238616943,0.0549616813659668,0.052418291568756104,-0.0025433897972106934,0.3078671097755432,0.31031495332717896,0.002447843551635742,0.5941176414489746,0.590276837348938,0.003840804100036621,0.12243487685918808,0.12243487685918808,114.71235942840576
crack0066_03.png,0.5866087436676026,107.52658081054688,108.7408218383789,-1.2142410278320312,111.90592193603516,110.85506439208984,1.0508575439453125,0.22894711792469025,0.2358275055885315,0.0068803876638412476,0.16256213188171387,0.18391376733779907,0.021351635456085205,0.3405648469924927,0.35515081882476807,0.01458597183227539,0.586935818195343,0.587535560131073,-0.0005997419357299805,0.1330152153968811,0.1330152153968811,117.8982966542244
crack0066_04.png,1.6447587966918946,140.1272735595703,138.40679931640625,1.7204742431640625,117.5556640625,116.51930236816406,1.0363616943359375,0.184987410902977,0.1740543395280838,-0.010933071374893188,0.26910901069641113,0.2807447910308838,0.011635780334472656,0.3468400835990906,0.353732705116272,0.0068926215171813965,0.5945367217063904,0.5965628623962402,-0.0020261406898498535,0.1267601102590561,0.1267601102590561,152.68629056215286
crack0066_05.png,0.28901195526123047,114.8855209350586,113.91844177246094,0.9670791625976562,114.81533813476562,114.05964660644531,0.7556915283203125,0.26449137926101685,0.2528945207595825,-0.011596858501434326,0.0,0.0,0.0,0.17883241176605225,0.16826462745666504,-0.010567784309387207,0.5837831497192383,0.5850980281829834,-0.0013148784637451172,0.11652204394340515,0.11652204394340515,122.63223123550415
crack0066_06.png,2.129195976257324,107.07420349121094,104.73523712158203,2.3389663696289062,114.55545043945312,113.40082550048828,1.1546249389648438,0.261016309261322,0.2528305947780609,-0.008185714483261108,0.0,0.0,0.0,0.021674156188964844,0.012378513813018799,-0.009295642375946045,0.5854286551475525,0.5858477354049683,-0.0004190802574157715,0.10958243161439896,0.10958243161439896,114.16879403591156
crack0066_07.png,0.8399419784545898,117.23567962646484,117.48358154296875,-0.24790191650390625,122.30955505371094,121.07199096679688,1.2375640869140625,0.23628053069114685,0.24253928661346436,0.006258755922317505,0.0,0.0,0.0,0.12415260076522827,0.11646902561187744,-0.00768357515335083,0.5935755372047424,0.5912725925445557,0.0023029446601867676,0.12190040946006775,0.12190040946006775,126.92582023143768
crack0066_08.png,0.4300748348236084,112.41718292236328,112.70651245117188,-0.28932952880859375,115.49333190917969,113.39332580566406,2.100006103515625,0.21153712272644043,0.19978110492229462,-0.011756017804145813,0.16513073444366455,0.182586669921875,0.01745593547821045,0.32267940044403076,0.34408634901046753,0.021406948566436768,0.5927297472953796,0.5896885991096497,0.0030411481857299805,0.14106371998786926,0.14106371998786926,124.28417128324509
crack0066_09.png,-0.3657829761505127,110.89112854003906,112.37684631347656,-1.4857177734375,116.04292297363281,115.36894226074219,0.673980712890625,0.2012963593006134,0.19208143651485443,-0.009214922785758972,0.07943457365036011,0.11951512098312378,0.04008054733276367,0.2656564712524414,0.29149723052978516,0.02584075927734375,0.5942906737327576,0.5946828126907349,-0.0003921389579772949,0.13129043579101562,0.13129043579101562,123.89641374349594
crack0067_00.png,-0.02627620697021482,126.3836669921875,127.0777816772461,-0.6941146850585938,107.4336166381836,105.92496490478516,1.5086517333984375,0.1985735446214676,0.20452572405338287,0.005952179431915283,0.3044332265853882,0.2934001684188843,-0.011033058166503906,0.44186753034591675,0.44225430488586426,0.00038677453994750977,0.5885851383209229,0.5878469944000244,0.0007381439208984375,0.11632649600505829,0.11632649600505829,138.35971719026566
crack0067_01.png,0.16308927536010742,112.8182144165039,114.23632049560547,-1.4181060791015625,113.85454559326172,112.21170806884766,1.6428375244140625,0.2515110373497009,0.25977542996406555,0.008264392614364624,0.3416999578475952,0.34908390045166016,0.007383942604064941,0.42198342084884644,0.42601025104522705,0.004026830196380615,0.5921799540519714,0.5929911732673645,-0.0008112192153930664,0.15459060668945312,0.15459060668945312,122.15625214576721
crack0067_02.png,3.3398613929748535,117.01280212402344,115.71416473388672,1.2986373901367188,105.09194946289062,103.66731262207031,1.4246368408203125,0.28445538878440857,0.30551648139953613,0.021061092615127563,0.291797935962677,0.28485292196273804,-0.006945013999938965,0.4024253487586975,0.40329957008361816,0.0008742213249206543,0.5880699753761292,0.5864629149436951,0.001607060432434082,0.1620991826057434,0.1620991826057434,122.81895911693573
crack0067_03.png,1.8636420249938963,122.2730941772461,120.35598754882812,1.9171066284179688,106.90975189208984,105.93399810791016,0.9757537841796875,0.24679966270923615,0.2360866218805313,-0.010713040828704834,0.26608866453170776,0.27425986528396606,0.0081712007522583,0.417804479598999,0.4181864261627197,0.0003819465637207031,0.5855517387390137,0.583391010761261,0.0021607279777526855,0.12374517321586609,0.12374517321586609,130.57141309976578
crack0067_04.png,2.1313658714294434,125.48068237304688,124.40798950195312,1.07269287109375,107.83599090576172,105.91023254394531,1.9257583618164062,0.3026695251464844,0.3118407428264618,0.009171217679977417,0.1847609281539917,0.17253202199935913,-0.012228906154632568,0.36542439460754395,0.36594676971435547,0.0005223751068115234,0.5897539258003235,0.5886582136154175,0.0010957121849060059,0.1310989260673523,0.1310989260673523,130.37432146072388
crack0067_05.png,1.918387508392334,127.44007110595703,126.64896392822266,0.791107177734375,111.08148193359375,109.13302612304688,1.948455810546875,0.20107734203338623,0.22154393792152405,0.020466595888137817,0.2262817621231079,0.19146627187728882,-0.03481549024581909,0.34379565715789795,0.3327588438987732,-0.011036813259124756,0.5947981476783752,0.5922183990478516,0.0025797486305236816,0.12368305027484894,0.12368305027484894,138.77180290222168
crack0067_06.png,1.2732863903045655,142.11619567871094,142.29281616210938,-0.1766204833984375,114.36664581298828,111.59729766845703,2.76934814453125,0.15315575897693634,0.16473793983459473,0.011582180857658386,0.27734827995300293,0.2647373080253601,-0.012610971927642822,0.39455246925354004,0.3907867670059204,-0.003765702247619629,0.5888081789016724,0.5908073782920837,-0.001999199390411377,0.1147880107164383,0.1147880107164383,156.64745551347733
crack0067_07.png,1.2154672145843506,112.00979614257812,110.74615478515625,1.263641357421875,105.57628631591797,103.63128662109375,1.9449996948242188,0.24179966747760773,0.22645357251167297,-0.015346094965934753,0.2566404342651367,0.26464444398880005,0.00800400972366333,0.41021156311035156,0.40866023302078247,-0.0015513300895690918,0.5914494395256042,0.5894156098365784,0.002033829689025879,0.12383198738098145,0.12383198738098145,121.44873869419098
crack0067_08.png,3.457523727416992,118.22212219238281,116.9921875,1.2299346923828125,103.83177947998047,102.56585693359375,1.2659225463867188,0.3173958659172058,0.3385765254497528,0.021180659532546997,0.18167942762374878,0.17964965105056763,-0.0020297765731811523,0.3483997583389282,0.3438824415206909,-0.004517316818237305,0.591191828250885,0.5884928703308105,0.002698957920074463,0.16230374574661255,0.16230374574661255,122.21107602119446
crack0067_09.png,4.4971168518066404,130.2027130126953,128.15008544921875,2.0526275634765625,104.44422149658203,103.4260482788086,1.0181732177734375,0.21738111972808838,0.25030794739723206,0.03292682766914368,0.1504230499267578,0.1311284899711609,-0.019294559955596924,0.3371502161026001,0.32815122604370117,-0.008998990058898926,0.5878584980964661,0.5834870934486389,0.0043714046478271484,0.10964419692754745,0.10964419692754745,139.64787197113037
crack0068_00.png,4.696608686447144,118.62574005126953,115.45388793945312,3.1718521118164062,112.08450317382812,110.00631713867188,2.07818603515625,0.24436579644680023,0.2556472718715668,0.01128147542476654,0.49286484718322754,0.48963046073913574,-0.003234386444091797,0.43511366844177246,0.4282224178314209,-0.0068912506103515625,0.5877624154090881,0.5897539258003235,-0.0019915103912353516,0.17198505997657776,0.17198505997657776,125.96802324056625
crack0068_01.png,0.8863832473754885,113.05374145507812,111.64131164550781,1.4124298095703125,111.95657348632812,110.37434387207031,1.5822296142578125,0.2887411415576935,0.2676452398300171,-0.02109590172767639,0.3801468014717102,0.39256155490875244,0.012414753437042236,0.37605172395706177,0.376650333404541,0.000598609447479248,0.5974164009094238,0.596612811088562,0.0008035898208618164,0.1656772494316101,0.1656772494316101,120.1854681968689
crack0068_02.png,-0.08834133148193357,110.82469940185547,110.76316833496094,0.06153106689453125,105.64810943603516,105.2374038696289,0.41070556640625,0.2583466172218323,0.2579219341278076,-0.0004246830940246582,0.4733222723007202,0.4628652334213257,-0.010457038879394531,0.4513034224510193,0.44283968210220337,-0.008463740348815918,0.5942829847335815,0.5908304452896118,0.0034525394439697266,0.18394359946250916,0.18394359946250916,119.08993721008301
crack0068_03.png,3.7112035751342773,121.52101135253906,119.14554595947266,2.3754653930664062,114.32291412353516,112.01300048828125,2.3099136352539062,0.24182748794555664,0.24482113122940063,0.002993643283843994,0.4255679249763489,0.4254574179649353,-0.00011050701141357422,0.4398776888847351,0.43588870763778687,-0.003988981246948242,0.5995886325836182,0.5951710939407349,0.004417538642883301,0.1810351014137268,0.1810351014137268,129.8071746826172
crack0068_04.png,2.721526622772217,125.76128387451172,123.36461639404297,2.39666748046875,108.45267486572266,107.2252197265625,1.2274551391601562,0.2561112642288208,0.2607058882713318,0.004594624042510986,0.4095519185066223,0.39481401443481445,-0.014737904071807861,0.41245394945144653,0.40094268321990967,-0.011511266231536865,0.5884236693382263,0.5870280861854553,0.001395583152770996,0.1636948585510254,0.1636948585510254,132.73322105407715
crack0068_05.png,4.952205228805542,141.75393676757812,137.61907958984375,4.134857177734375,122.873291015625,120.51215362548828,2.3611373901367188,0.22335097193717957,0.21955351531505585,-0.0037974566221237183,0.32741492986679077,0.3290294408798218,0.0016145110130310059,0.3459444046020508,0.3405798077583313,-0.005364596843719482,0.5909534692764282,0.5881507396697998,0.002802729606628418,0.13876783847808838,0.13876783847808838,150.15143603086472
crack0068_06.png,4.947911262512207,140.4705047607422,137.33050537109375,3.1399993896484375,122.98153686523438,120.69012451171875,2.291412353515625,0.2088375985622406,0.21641182899475098,0.007574230432510376,0.483582079410553,0.48927170038223267,0.0056896209716796875,0.45178747177124023,0.4580736756324768,0.006286203861236572,0.5875970721244812,0.5861514806747437,0.0014455914497375488,0.15039141476154327,0.15039141476154327,149.87413203716278
crack0068_07.png,4.357393789291382,132.2707977294922,128.99937438964844,3.27142333984375,120.37788391113281,118.25360107421875,2.1242828369140625,0.2310745269060135,0.2315225899219513,0.0004480630159378052,0.39895355701446533,0.40185314416885376,0.0028995871543884277,0.357502818107605,0.3586294651031494,0.0011266469955444336,0.5903152823448181,0.588204562664032,0.002110719680786133,0.17055994272232056,0.17055994272232056,140.38322573900223
crack0068_08.png,4.931724691390992,134.29197692871094,131.344970703125,2.9470062255859375,118.32057189941406,116.5792236328125,1.7413482666015625,0.2335812747478485,0.24113760888576508,0.007556334137916565,0.3535270094871521,0.36579370498657227,0.012266695499420166,0.3546120524406433,0.35804420709609985,0.003432154655456543,0.5987851023674011,0.5939599871635437,0.004825115203857422,0.17752787470817566,0.17752787470817566,142.7550014257431
crack0068_09.png,3.026595878601074,122.1219482421875,120.5538558959961,1.5680923461914062,113.01481628417969,112.11970520019531,0.895111083984375,0.20366913080215454,0.21607619524002075,0.012407064437866211,0.39328837394714355,0.3943248391151428,0.0010364651679992676,0.3666483759880066,0.35833919048309326,-0.00830918550491333,0.5904805660247803,0.588819682598114,0.0016608834266662598,0.1745554804801941,0.1745554804801941,132.73697686195374
crack0069_00.png,0.28434495925903325,123.49575805664062,124.31568908691406,-0.8199310302734375,112.70436096191406,111.58692932128906,1.117431640625,0.1973228007555008,0.2158900946378708,0.018567293882369995,0.02054440975189209,0.0,-0.02054440975189209,0.21177732944488525,0.2168230414390564,0.005045711994171143,0.595405638217926,0.5955632328987122,-0.0001575946807861328,0.10762615501880646,0.10762615501880646,135.88888484239578
crack0069_01.png,-0.44532976150512693,118.30612182617188,120.2446060180664,-1.9384841918945312,113.68645477294922,111.32449340820312,2.3619613647460938,0.19593103229999542,0.2191879004240036,0.02325686812400818,0.16085416078567505,0.13114851713180542,-0.02970564365386963,0.35096055269241333,0.35236191749572754,0.001401364803314209,0.5859400033950806,0.5890388488769531,-0.0030988454818725586,0.10248066484928131,0.10248066484928131,131.08105593919754
crack0069_02.png,-4.210974407196045,135.067626953125,138.4880828857422,-3.4204559326171875,110.214599609375,108.53282165527344,1.6817779541015625,0.18926271796226501,0.187247633934021,-0.0020150840282440186,0.17267531156539917,0.14019781351089478,-0.032477498054504395,0.34879451990127563,0.34112077951431274,-0.007673740386962891,0.5876739621162415,0.5877470374107361,-7.30752944946289e-05,0.10698117315769196,0.10698117315769196,149.05287837982178
crack0069_03.png,-4.309007787704468,123.26883697509766,126.88555908203125,-3.6167221069335938,106.85472869873047,106.56745910644531,0.28726959228515625,0.2404041737318039,0.2391163408756256,-0.0012878328561782837,0.14719468355178833,0.13182038068771362,-0.015374302864074707,0.36052238941192627,0.36801308393478394,0.007490694522857666,0.5844752192497253,0.5867050886154175,-0.0022298693656921387,0.10339104384183884,0.10339104384183884,134.19842112064362
crack0069_04.png,0.054230117797851696,118.83882141113281,121.02556610107422,-2.1867446899414062,108.61656188964844,105.8060302734375,2.8105316162109375,0.24654817581176758,0.26264920830726624,0.016101032495498657,0.0,0.0,0.0,0.24309539794921875,0.25223058462142944,0.009135186672210693,0.5852133631706238,0.589496374130249,-0.004283010959625244,0.09426037222146988,0.09426037222146988,128.71915817260742
crack0069_05.png,-2.6930583000183104,122.25545501708984,124.52867889404297,-2.273223876953125,119.33012390136719,119.33427429199219,-0.004150390625,0.23875099420547485,0.2390633523464203,0.00031235814094543457,0.3103547692298889,0.3012748956680298,-0.00907987356185913,0.342327356338501,0.3501126170158386,0.0077852606773376465,0.5865474939346313,0.5885466933250427,-0.001999199390411377,0.13773605227470398,0.13773605227470398,132.60887503623962
crack0069_06.png,-1.0470855236053467,120.89683532714844,122.70096588134766,-1.8041305541992188,108.18867492675781,106.45497131347656,1.73370361328125,0.14058701694011688,0.1490384042263031,0.008451387286186218,0.19339388608932495,0.18120592832565308,-0.012187957763671875,0.3086082935333252,0.31114310026168823,0.002534806728363037,0.5877931714057922,0.5909188985824585,-0.0031257271766662598,0.12345391511917114,0.12345391511917114,137.00043553113937
crack0069_07.png,-2.0833536148071286,114.39419555664062,116.75572204589844,-2.3615264892578125,114.36865997314453,111.79795837402344,2.5707015991210938,0.19027917087078094,0.19688285887241364,0.00660368800163269,0.1819881796836853,0.1517505645751953,-0.03023761510848999,0.31042367219924927,0.31175076961517334,0.0013270974159240723,0.5872164368629456,0.5889388918876648,-0.0017224550247192383,0.10851873457431793,0.10851873457431793,127.71576422452927
crack0069_08.png,-4.492982530593872,125.29315185546875,129.52806091308594,-4.2349090576171875,116.32742309570312,115.04997253417969,1.2774505615234375,0.2454221099615097,0.23419174551963806,-0.011230364441871643,0.020320415496826172,0.026146113872528076,0.005825698375701904,0.3316735625267029,0.34284156560897827,0.01116800308227539,0.5852210521697998,0.5878123641014099,-0.0025913119316101074,0.09932678937911987,0.09932678937911987,136.87159621715546
crack0069_09.png,0.11726770401000985,122.03677368164062,122.96450805664062,-0.927734375,114.94337463378906,112.9165267944336,2.0268478393554688,0.1829334795475006,0.19971972703933716,0.016786247491836548,0.21497827768325806,0.18995362520217896,-0.0250246524810791,0.2803370952606201,0.29042667150497437,0.010089576244354248,0.5877547264099121,0.5904459953308105,-0.0026912689208984375,0.11882707476615906,0.11882707476615906,135.142471909523
crack0070_00.png,4.415088844299317,128.66053771972656,126.05927276611328,2.6012649536132812,115.46207427978516,113.74797058105469,1.7141036987304688,0.24030756950378418,0.2530815005302429,0.01277393102645874,0.0,0.0,0.0,0.0,0.0,0.0,0.590765118598938,0.5881084203720093,0.002656698226928711,0.0929703339934349,0.0929703339934349,136.5720558166504
crack0070_01.png,-4.303198146820068,121.79039764404297,121.7379379272461,0.052459716796875,107.22756958007812,106.84967803955078,0.37789154052734375,0.3700241446495056,0.31437522172927856,-0.05564892292022705,0.0,0.0,0.0,0.0,0.0,0.0,0.5913994908332825,0.5927720069885254,-0.00137251615524292,0.09318257868289948,0.09318257868289948,126.61253476142883
crack0070_02.png,2.2747930526733398,121.46490478515625,120.27173614501953,1.1931686401367188,110.18765258789062,108.70204162597656,1.4856109619140625,0.3532802164554596,0.35839593410491943,0.005115717649459839,0.0,0.0,0.0,0.0,0.0,0.0,0.5869242548942566,0.5849711894989014,0.0019530653953552246,0.0891578197479248,0.0891578197479248,123.14847767353058
crack0070_03.png,3.092495059967041,125.64008331298828,124.86177825927734,0.7783050537109375,108.81451416015625,107.45943450927734,1.3550796508789062,0.3413408696651459,0.36090153455734253,0.019560664892196655,0.0,0.0,0.0,0.0,0.0,0.0,0.5884352326393127,0.5832526087760925,0.005182623863220215,0.08928963541984558,0.08928963541984558,128.30788791179657
crack0070_04.png,3.627388858795166,122.99333953857422,121.95018005371094,1.0431594848632812,109.72256469726562,107.48439025878906,2.2381744384765625,0.3567527234554291,0.3796274960041046,0.022874772548675537,0.0,0.0,0.0,0.0,0.0,0.0,0.5863129496574402,0.5898385047912598,-0.00352555513381958,0.09469710290431976,0.09469710290431976,124.66013658046722
crack0070_05.png,3.4035808563232424,132.449462890625,129.9268035888672,2.5226593017578125,117.18099975585938,115.69650268554688,1.4844970703125,0.1941336691379547,0.1954408884048462,0.0013072192668914795,0.0,0.0,0.0,0.0,0.0,0.0,0.595209538936615,0.5906459093093872,0.004563629627227783,0.08965452015399933,0.08965452015399933,143.3484946489334
crack0070_06.png,2.8609950065612795,123.13029479980469,122.39025115966797,0.7400436401367188,111.07511901855469,109.72230529785156,1.352813720703125,0.4068750739097595,0.4266248345375061,0.019749760627746582,0.0,0.0,0.0,0.0,0.0,0.0,0.5970472693443298,0.5970511436462402,-3.874301910400391e-06,0.09480579942464828,0.09480579942464828,122.22981429100037
crack0070_07.png,0.08615884780883798,119.4419937133789,116.913818359375,2.5281753540039062,106.2724380493164,106.22747802734375,0.04496002197265625,0.3015706241130829,0.2716030180454254,-0.02996760606765747,0.0,0.0,0.0,0.0,0.0,0.0,0.5846289992332458,0.5861937999725342,-0.00156480073928833,0.08920380473136902,0.08920380473136902,125.3294769525528
crack0070_08.png,4.890022945404053,127.61061096191406,126.76071166992188,0.8498992919921875,109.65068817138672,107.70953369140625,1.9411544799804688,0.3076738715171814,0.3497787415981293,0.042104870080947876,0.0,0.0,0.0,0.0,0.0,0.0,0.5877393484115601,0.5903575420379639,-0.0026181936264038086,0.09187768399715424,0.09187768399715424,132.33953070640564
crack0070_09.png,-0.8946315765380859,129.24545288085938,128.6501007080078,0.5953521728515625,112.0862045288086,110.65371704101562,1.4324874877929688,0.3206208050251007,0.29470476508140564,-0.02591603994369507,0.0,0.0,0.0,0.0,0.0,0.0,0.5929988622665405,0.5927412509918213,0.0002576112747192383,0.09104660898447037,0.09104660898447037,134.98544538021088
crack0071_00.png,-0.7553465843200684,136.34010314941406,135.3758087158203,0.96429443359375,117.0619888305664,119.7147216796875,-2.6527328491210938,0.17901594936847687,0.1687368005514145,-0.010279148817062378,0.0,0.0,0.0,0.0,0.0,0.0,0.5934678912162781,0.5893732905387878,0.004094600677490234,0.09117661416530609,0.09117661416530609,149.47246354818344
crack0071_01.png,-0.19528002738952632,143.06517028808594,143.54501342773438,-0.4798431396484375,124.60902404785156,125.37109375,-0.7620697021484375,0.15754233300685883,0.16200122237205505,0.004458889365196228,0.0,0.0,0.0,0.0,0.0,0.0,0.5978392958641052,0.5920222997665405,0.005816996097564697,0.09329341351985931,0.09329341351985931,157.76612371206284
crack0071_02.png,-1.6279057741165162,146.03692626953125,146.59226989746094,-0.5553436279296875,119.55384826660156,120.57400512695312,-1.0201568603515625,0.11257556825876236,0.10079950094223022,-0.011776067316532135,0.0,0.0,0.0,0.0,0.0,0.0,0.5983814001083374,0.5914417505264282,0.00693964958190918,0.08960679918527603,0.08960679918527603,164.20188403129578
crack0071_03.png,1.6901889324188233,155.98818969726562,155.04043579101562,0.94775390625,125.575927734375,124.73597717285156,0.8399505615234375,0.15398557484149933,0.15799742937088013,0.004011854529380798,0.0,0.0,0.0,0.0,0.0,0.0,0.5875816941261292,0.5854440331459045,0.0021376609802246094,0.08884935826063156,0.08884935826063156,169.77844601869583
crack0071_04.png,-2.3040106296539307,142.1680908203125,141.15745544433594,1.0106353759765625,120.85404968261719,124.4124755859375,-3.5584259033203125,0.20949934422969818,0.1837303638458252,-0.025768980383872986,0.0,0.0,0.0,0.0,0.0,0.0,0.5954017639160156,0.5911456942558289,0.004256069660186768,0.08938324451446533,0.08938324451446533,154.45502185821533
crack0071_05.png,-4.58965220451355,138.93234252929688,138.63209533691406,0.3002471923828125,114.67098999023438,115.7544174194336,-1.0834274291992188,0.27103304862976074,0.21059750020503998,-0.060435548424720764,0.0,0.0,0.0,0.0,0.0,0.0,0.5890964865684509,0.5796386003494263,0.009457886219024658,0.09053736925125122,0.09053736925125122,149.7102283835411
crack0071_06.png,-0.3669741868972778,161.1248016357422,161.83238220214844,-0.70758056640625,121.25337982177734,120.32649230957031,0.9268875122070312,0.08846384286880493,0.08533420413732529,-0.0031296387314796448,0.0,0.0,0.0,0.0,0.0,0.0,0.5996885895729065,0.5941830277442932,0.005505561828613281,0.08841351419687271,0.08841351419687271,180.34608325362206
crack0071_07.png,-0.0418726444244385,130.49742126464844,130.14703369140625,0.3503875732421875,123.61882781982422,122.35911560058594,1.2597122192382812,0.14875276386737823,0.13573434948921204,-0.013018414378166199,0.0,0.0,0.0,0.0,0.0,0.0,0.5863283276557922,0.5826951265335083,0.0036332011222839355,0.09236839413642883,0.09236839413642883,145.6312996149063
crack0071_08.png,-0.5229954242706298,137.02455139160156,136.45828247070312,0.5662689208984375,123.13076782226562,121.86971282958984,1.2610549926757812,0.25105950236320496,0.22849906980991364,-0.02256043255329132,0.0,0.0,0.0,0.0,0.0,0.0,0.5945559144020081,0.5892772078514099,0.0052787065505981445,0.09277866780757904,0.09277866780757904,146.81370931863785
crack0071_09.png,0.6321222305297851,127.4908676147461,127.25054168701172,0.240325927734375,114.63948059082031,117.1213150024414,-2.4818344116210938,0.22218193113803864,0.23671270906925201,0.014530777931213379,0.0,0.0,0.0,0.0,0.0,0.0,0.5861091613769531,0.5805574655532837,0.005551695823669434,0.09516450762748718,0.09516450762748718,137.4841552376747
crack0072_00.png,2.2841400146484374,117.49581146240234,116.06499481201172,1.430816650390625,111.96859741210938,110.64533996582031,1.3232574462890625,0.2992640435695648,0.29938679933547974,0.000122755765914917,0.5189207792282104,0.5295746922492981,0.010653913021087646,0.4745720624923706,0.4803636074066162,0.0057915449142456055,0.5912725925445557,0.5940715074539185,-0.002798914909362793,0.1973726600408554,0.1973726600408554,122.58742082118988
crack0072_01.png,3.2507537841796874,112.943359375,110.25965881347656,2.6837005615234375,109.9046401977539,108.59095764160156,1.3136825561523438,0.3374057710170746,0.33282575011253357,-0.004580020904541016,0.5406993627548218,0.551698625087738,0.01099926233291626,0.49278825521469116,0.5003528594970703,0.00756460428237915,0.5887274146080017,0.5895271301269531,-0.000799715518951416,0.18889354169368744,0.18889354169368744,115.21304929256439
crack0072_02.png,2.9370658874511717,114.51277160644531,112.23954772949219,2.273223876953125,107.25193786621094,106.4254150390625,0.8265228271484375,0.2760939598083496,0.2836295962333679,0.0075356364250183105,0.5503029823303223,0.5424667596817017,-0.007836222648620605,0.5132215023040771,0.5064469575881958,-0.006774544715881348,0.5895117521286011,0.5884159803390503,0.0010957717895507812,0.16502349078655243,0.16502349078655243,120.39099216461182
crack0072_03.png,1.675879716873169,111.40013885498047,109.93568420410156,1.4644546508789062,118.16072082519531,116.92231750488281,1.2384033203125,0.2498472034931183,0.24019332230091095,-0.009653881192207336,0.5251502394676208,0.5391627550125122,0.014012515544891357,0.457830011844635,0.4684169888496399,0.010586977005004883,0.5873433351516724,0.5891464948654175,-0.0018031597137451172,0.15579535067081451,0.15579535067081451,119.82217198610306
crack0072_04.png,2.7174148559570312,114.11504364013672,111.98008728027344,2.1349563598632812,105.8763427734375,104.6849365234375,1.19140625,0.23291568458080292,0.23477090895175934,0.001855224370956421,0.4868621826171875,0.4838767647743225,-0.0029854178428649902,0.45671218633651733,0.4537929892539978,-0.0029191970825195312,0.5899423360824585,0.5880199670791626,0.0019223690032958984,0.1598973125219345,0.1598973125219345,122.67031782865524
crack0072_05.png,3.5940930366516115,119.00426483154297,116.86212921142578,2.1421356201171875,103.67185974121094,102.82167053222656,0.850189208984375,0.2609323561191559,0.26629599928855896,0.005363643169403076,0.47906339168548584,0.4906352758407593,0.011571884155273438,0.4659830927848816,0.47062575817108154,0.004642665386199951,0.5945828557014465,0.5890849828720093,0.005497872829437256,0.21360689401626587,0.21360689401626587,126.06056988239288
crack0072_06.png,3.724029159545898,126.24309539794922,123.25821685791016,2.9848785400390625,119.9061279296875,116.72403717041016,3.1820907592773438,0.26156237721443176,0.25736355781555176,-0.004198819398880005,0.49954360723495483,0.4933803081512451,-0.006163299083709717,0.47733867168426514,0.46693170070648193,-0.010406970977783203,0.5898962020874023,0.5886774063110352,0.0012187957763671875,0.18629969656467438,0.18629969656467438,132.90469074249268
crack0072_07.png,-2.4640753269195557,133.36383056640625,134.43592834472656,-1.0720977783203125,124.44491577148438,125.19747924804688,-0.7525634765625,0.25257205963134766,0.24335695803165436,-0.009215101599693298,0.5528045892715454,0.5426191687583923,-0.010185420513153076,0.5299410820007324,0.5233281254768372,-0.006612956523895264,0.6023337244987488,0.6009919047355652,0.0013418197631835938,0.17512401938438416,0.17512401938438416,143.3918109536171
crack0072_08.png,-0.8354763984680176,105.05626678466797,103.85855865478516,1.1977081298828125,106.9299545288086,107.30841064453125,-0.37845611572265625,0.3856823444366455,0.3865622878074646,0.0008799433708190918,0.4986318349838257,0.4514070749282837,-0.04722476005554199,0.49930310249328613,0.4724704623222351,-0.026832640171051025,0.5874509811401367,0.5890311598777771,-0.0015801787376403809,0.1874488741159439,0.1874488741159439,104.87771844863892
crack0072_09.png,2.3127979278564452,105.07147979736328,102.9991683959961,2.0723114013671875,109.80867004394531,108.4732437133789,1.3354263305664062,0.3366066813468933,0.3334011435508728,-0.003205537796020508,0.5336852073669434,0.5320544242858887,-0.0016307830810546875,0.48755741119384766,0.4797927141189575,-0.007764697074890137,0.5938485264778137,0.5931487679481506,0.0006997585296630859,0.1872614026069641,0.1872614026069641,107.78519654273987
crack0073_00.png,-0.05446071624755855,101.28488159179688,100.36058044433594,0.9243011474609375,103.04579162597656,103.03981018066406,0.0059814453125,0.37415480613708496,0.36735594272613525,-0.006798863410949707,0.4549078941345215,0.4456876516342163,-0.009220242500305176,0.48653513193130493,0.48310428857803345,-0.0034308433532714844,0.5899769067764282,0.591687798500061,-0.0017108917236328125,0.2245386391878128,0.2245386391878128,102.44888639450073
crack0073_01.png,7.040566778182983,116.43961334228516,114.03992462158203,2.399688720703125,116.99452209472656,114.23056030273438,2.7639617919921875,0.179118812084198,0.21224848926067352,0.033129677176475525,0.35888659954071045,0.37838369607925415,0.0194970965385437,0.2821616530418396,0.32315558195114136,0.04099392890930176,0.5921837687492371,0.5895578861236572,0.002625882625579834,0.22010314464569092,0.22010314464569092,128.1799910068512
crack0073_02.png,4.422325515747071,123.93799591064453,121.56903076171875,2.3689651489257812,112.6318359375,109.59654235839844,3.0352935791015625,0.171910360455513,0.17906828224658966,0.00715792179107666,0.365800142288208,0.3726460933685303,0.006845951080322266,0.2793540358543396,0.29294824600219727,0.013594210147857666,0.5903652310371399,0.5905459523200989,-0.00018072128295898438,0.13190746307373047,0.13190746307373047,136.06072980165482
crack0073_03.png,3.848804759979248,119.89813995361328,118.38069915771484,1.5174407958984375,109.50603485107422,108.19290924072266,1.3131256103515625,0.23370495438575745,0.2557590901851654,0.02205413579940796,0.4190756678581238,0.41849780082702637,-0.0005778670310974121,0.440528929233551,0.4459828734397888,0.005453944206237793,0.5915032625198364,0.5898808240890503,0.0016224384307861328,0.19915568828582764,0.19915568828582764,128.77725279331207
crack0073_04.png,3.0297362327575685,117.67535400390625,115.81404876708984,1.8613052368164062,112.37268829345703,110.53254699707031,1.8401412963867188,0.23634767532348633,0.23959890007972717,0.0032512247562408447,0.2711324095726013,0.2783958911895752,0.007263481616973877,0.1941370964050293,0.21713292598724365,0.022995829582214355,0.5904152393341064,0.5933718085289001,-0.002956569194793701,0.16376402974128723,0.16376402974128723,126.29871320724487
crack0073_05.png,2.798532772064209,124.02495574951172,120.89470672607422,3.1302490234375,108.19405364990234,106.18959045410156,2.0044631958007812,0.32057973742485046,0.3038979470729828,-0.016681790351867676,0.40198785066604614,0.408474862575531,0.006487011909484863,0.45582419633865356,0.456301748752594,0.0004775524139404297,0.5938869714736938,0.5953479409217834,-0.0014609694480895996,0.15981093049049377,0.15981093049049377,128.03987205028534
crack0073_06.png,2.3577752113342285,116.68830871582031,114.57164764404297,2.1166610717773438,110.29847717285156,108.0638656616211,2.2346115112304688,0.24688850343227386,0.24781619012355804,0.0009276866912841797,0.360801100730896,0.3385290503501892,-0.022272050380706787,0.3693873882293701,0.3639553189277649,-0.005432069301605225,0.59344482421875,0.5893464088439941,0.004098415374755859,0.1777040809392929,0.1777040809392929,124.55446094274521
crack0073_07.png,3.910186243057251,114.13859558105469,111.65302276611328,2.4855728149414062,107.9279556274414,105.92996215820312,1.9979934692382812,0.22634577751159668,0.22320117056369781,-0.0031446069478988647,0.40134620666503906,0.4245511293411255,0.023204922676086426,0.405378520488739,0.40437453985214233,-0.0010039806365966797,0.5913609862327576,0.592641294002533,-0.0012803077697753906,0.15759572386741638,0.15759572386741638,123.20939069986343
crack0073_08.png,2.9062538146972656,118.6093521118164,116.2038345336914,2.405517578125,103.11697387695312,102.94569396972656,0.1712799072265625,0.29074934124946594,0.29648613929748535,0.005736798048019409,0.2777302861213684,0.2719873785972595,-0.005742907524108887,0.341209352016449,0.32660043239593506,-0.014608919620513916,0.5952979326248169,0.5902230143547058,0.005074918270111084,0.14721465110778809,0.14721465110778809,123.77355015277863
crack0073_09.png,2.5890652179718017,117.13581848144531,114.03593444824219,3.099884033203125,100.07435607910156,98.96426391601562,1.1100921630859375,0.26142632961273193,0.245206817984581,-0.01621951162815094,0.3456842303276062,0.35256022214889526,0.0068759918212890625,0.3938760757446289,0.3754730224609375,-0.018403053283691406,0.5919607877731323,0.590269148349762,0.0016916394233703613,0.1392020434141159,0.1392020434141159,124.55189889669418
crack0074_00.png,5.447999095916748,120.56169891357422,118.28644561767578,2.2752532958984375,111.9007339477539,110.45883178710938,1.4419021606445312,0.28597331047058105,0.3113909661769867,0.02541765570640564,0.48692792654037476,0.4988468885421753,0.011918962001800537,0.377097487449646,0.3897733688354492,0.012675881385803223,0.5909112095832825,0.5887658596038818,0.0021453499794006348,0.21571511030197144,0.21571511030197144,125.90212202072144
crack0074_01.png,6.92500867843628,113.05901336669922,109.55767822265625,3.5013351440429688,109.02542114257812,106.77481079101562,2.2506103515625,0.3215985596179962,0.31843945384025574,-0.0031591057777404785,0.28626757860183716,0.3558368682861328,0.06956928968429565,0.33264726400375366,0.35196971893310547,0.019322454929351807,0.5884082913398743,0.5885736346244812,-0.0001653432846069336,0.18947833776474,0.18947833776474,115.74492394924164
crack0074_02.png,7.168583869934082,117.29977416992188,113.9497299194336,3.3500442504882812,112.448974609375,110.55425262451172,1.8947219848632812,0.33837857842445374,0.34824246168136597,0.009863883256912231,0.3032548427581787,0.3585093021392822,0.055254459381103516,0.33614909648895264,0.3666219711303711,0.030472874641418457,0.5911341905593872,0.589600145816803,0.0015340447425842285,0.20457357168197632,0.20457357168197632,118.967404961586
crack0074_03.png,7.587288761138916,114.5035629272461,111.36995697021484,3.13360595703125,109.49406433105469,107.33889770507812,2.1551666259765625,0.31401997804641724,0.32933974266052246,0.015319764614105225,0.32680028676986694,0.38878852128982544,0.061988234519958496,0.3187919855117798,0.3566141724586487,0.037822186946868896,0.5873510241508484,0.5901883840560913,-0.00283735990524292,0.17842456698417664,0.17842456698417664,117.70309662818909
crack0074_04.png,5.644022274017334,106.57259368896484,103.40231323242188,3.1702804565429688,107.5682373046875,104.83245849609375,2.73577880859375,0.3177008330821991,0.30713212490081787,-0.010568708181381226,0.24590033292770386,0.3019387125968933,0.05603837966918945,0.3350997567176819,0.3645097017288208,0.029409945011138916,0.5899038910865784,0.5903190970420837,-0.0004152059555053711,0.18909123539924622,0.18909123539924622,110.17228984832764
crack0074_05.png,6.838374423980713,109.95333099365234,107.54289245605469,2.4104385375976562,117.52978515625,114.75715637207031,2.7726287841796875,0.2909516990184784,0.29823797941207886,0.007286280393600464,0.33847373723983765,0.40777677297592163,0.06930303573608398,0.22588902711868286,0.28827977180480957,0.06239074468612671,0.5917301177978516,0.5926336050033569,-0.0009034872055053711,0.13342323899269104,0.13342323899269104,114.99635398387909
crack0074_06.png,3.286458683013916,108.26377868652344,106.09391784667969,2.16986083984375,111.76954650878906,108.88230895996094,2.887237548828125,0.33583101630210876,0.3401360511779785,0.004305034875869751,0.31104493141174316,0.30137360095977783,-0.009671330451965332,0.2780503034591675,0.2679775357246399,-0.010072767734527588,0.5886582136154175,0.5885543823242188,0.00010383129119873047,0.17109766602516174,0.17109766602516174,110.57531583309174
crack0074_07.png,4.9684271812438965,104.63773345947266,102.17088317871094,2.4668502807617188,106.90884399414062,105.38044738769531,1.5283966064453125,0.3828161060810089,0.39043012261390686,0.007614016532897949,0.3995705842971802,0.4255387783050537,0.025968194007873535,0.40851426124572754,0.4244338870048523,0.015919625759124756,0.5953402519226074,0.5892810225486755,0.006059229373931885,0.201755553483963,0.201755553483963,104.24895203113556
crack0074_08.png,9.337242698669433,120.43408203125,116.54969787597656,3.8843841552734375,118.35719299316406,115.65266418457031,2.70452880859375,0.2744831442832947,0.32179826498031616,0.047315120697021484,0.27154672145843506,0.28425878286361694,0.012712061405181885,0.2943708896636963,0.30561643838882446,0.011245548725128174,0.5941560864448547,0.5922222137451172,0.0019338726997375488,0.18207916617393494,0.18207916617393494,125.78914475440979
crack0074_09.png,5.441067123413086,88.01704406738281,85.90576171875,2.1112823486328125,110.95130920410156,108.52777862548828,2.4235305786132812,0.26795297861099243,0.26733121275901794,-0.0006217658519744873,0.32310450077056885,0.3816733956336975,0.05856889486312866,0.2614847421646118,0.2938746213912964,0.03238987922668457,0.5935524702072144,0.59186851978302,0.001683950424194336,0.15298081934452057,0.15298081934452057,94.6636289358139
crack0075_00.png,4.333584308624268,118.0972900390625,116.46813201904297,1.6291580200195312,108.5329360961914,107.65559387207031,0.8773422241210938,0.35135602951049805,0.3843521177768707,0.03299608826637268,0.0,0.0,0.0,0.1754608154296875,0.16664433479309082,-0.00881648063659668,0.5839523077011108,0.5911072492599487,-0.007154941558837891,0.11406776309013367,0.11406776309013367,119.8456392288208
crack0075_01.png,3.5228936195373537,120.98064422607422,118.83043670654297,2.15020751953125,106.74070739746094,105.86503601074219,0.87567138671875,0.3461528420448303,0.3577258586883545,0.01157301664352417,0.0,0.0,0.0,0.0005521774291992188,0.0,-0.0005521774291992188,0.5906189680099487,0.588204562664032,0.002414405345916748,0.1139579713344574,0.1139579713344574,122.76112866401672
crack0075_02.png,3.803070545196533,116.97486877441406,113.47958374023438,3.4952850341796875,110.71407318115234,108.75774383544922,1.956329345703125,0.41307371854782104,0.40657421946525574,-0.006499499082565308,0.0,0.0,0.0,0.20275413990020752,0.17526614665985107,-0.027487993240356445,0.5883467793464661,0.5872164368629456,0.0011303424835205078,0.11742189526557922,0.11742189526557922,114.36664426326752
crack0075_03.png,1.2495248794555665,118.88697814941406,117.6257553100586,1.2612228393554688,115.29700469970703,113.65413665771484,1.6428680419921875,0.29809150099754333,0.2952736020088196,-0.002817898988723755,0.09262275695800781,0.08167970180511475,-0.010943055152893066,0.16579300165176392,0.19538772106170654,0.029594719409942627,0.5966551303863525,0.5967974066734314,-0.00014227628707885742,0.12712231278419495,0.12712231278419495,124.41184687614441
crack0075_04.png,6.221721553802491,118.89741516113281,115.75668334960938,3.1407318115234375,107.82994842529297,106.60320281982422,1.22674560546875,0.3731013536453247,0.405389666557312,0.032288312911987305,0.0,0.0,0.0,0.08312004804611206,0.09434372186660767,0.011223673820495605,0.5905651450157166,0.5903844833374023,0.00018066167831420898,0.10492110997438431,0.10492110997438431,118.56357383728027
crack0075_05.png,4.404562091827392,119.05200958251953,116.28819274902344,2.7638168334960938,107.54678344726562,105.75675201416016,1.7900314331054688,0.33166539669036865,0.34399309754371643,0.012327700853347778,0.18424469232559204,0.1835072636604309,-0.0007374286651611328,0.2936646342277527,0.31004953384399414,0.016384899616241455,0.5885813236236572,0.5893809795379639,-0.0007996559143066406,0.15347734093666077,0.15347734093666077,121.34541654586792
crack0075_06.png,6.136167049407959,128.87225341796875,124.0725326538086,4.799720764160156,109.1728286743164,107.77500915527344,1.3978195190429688,0.34009870886802673,0.34109750390052795,0.0009987950325012207,0.08544212579727173,0.09939420223236084,0.013952076435089111,0.2702324390411377,0.2807559370994568,0.010523498058319092,0.5910419225692749,0.5875586271286011,0.003483295440673828,0.13118785619735718,0.13118785619735718,129.70814740657806
crack0075_07.png,3.57814416885376,114.21641540527344,111.2308349609375,2.9855804443359375,108.27179718017578,106.94212341308594,1.3296737670898438,0.3953845798969269,0.3960721492767334,0.0006875693798065186,0.0,0.0,0.0,0.024740219116210938,0.026170313358306885,0.0014300942420959473,0.589607834815979,0.5894656181335449,0.00014221668243408203,0.11594834178686142,0.11594834178686142,112.58486378192902
crack0075_08.png,6.367311477661133,123.2974853515625,118.91104888916016,4.386436462402344,105.49388122558594,104.0693588256836,1.4245223999023438,0.4026024639606476,0.4115203320980072,0.00891786813735962,0.06571394205093384,0.08364695310592651,0.017933011054992676,0.27612602710723877,0.29592424631118774,0.019798219203948975,0.5851403474807739,0.5856324434280396,-0.000492095947265625,0.14996811747550964,0.14996811747550964,120.37341701984406
crack0075_09.png,6.46568078994751,122.93242645263672,118.65167236328125,4.280754089355469,108.745361328125,107.5083999633789,1.2369613647460938,0.3251831829547882,0.3600030839443207,0.03481990098953247,0.13079702854156494,0.1045333743095398,-0.026263654232025146,0.237127423286438,0.26160871982574463,0.02448129653930664,0.5830680727958679,0.5841906666755676,-0.001122593879699707,0.10911169648170471,0.10911169648170471,124.6486850976944
crack0076_00.png,3.4131413936614994,94.89456939697266,92.17908477783203,2.715484619140625,135.80426025390625,132.61416625976562,3.190093994140625,0.11754503101110458,0.11897266656160355,0.0014276355504989624,0.10873103141784668,0.08759462833404541,-0.02113640308380127,0.021032094955444336,0.0,-0.021032094955444336,0.5944944024085999,0.5906727910041809,0.0038216114044189453,0.10703563690185547,0.10703563690185547,110.26390132308006
crack0076_01.png,3.0905965805053714,91.77185821533203,87.5735092163086,4.1983489990234375,108.3826904296875,107.97103118896484,0.41165924072265625,0.26656925678253174,0.2731156647205353,0.00654640793800354,0.08305591344833374,0.04040181636810303,-0.04265409708023071,0.12892210483551025,0.07166725397109985,-0.0572548508644104,0.5889042615890503,0.5911533832550049,-0.00224912166595459,0.10336180031299591,0.10336180031299591,97.3246636390686
crack0076_02.png,5.907819414138794,110.44054412841797,104.6934814453125,5.747062683105469,103.7208251953125,102.95012664794922,0.7706985473632812,0.12379568815231323,0.13244746625423431,0.008651778101921082,0.16772544384002686,0.14896374940872192,-0.01876169443130493,0.13444840908050537,0.11705106496810913,-0.01739734411239624,0.5920414924621582,0.5942714214324951,-0.002229928970336914,0.09635430574417114,0.09635430574417114,123.91012835502625
crack0076_03.png,4.210038471221924,119.9365005493164,116.70331573486328,3.233184814453125,117.7369384765625,115.99397277832031,1.7429656982421875,0.18774870038032532,0.19174820184707642,0.003999501466751099,0.0,0.0,0.0,0.0,0.0,0.0,0.5966628193855286,0.5976701378822327,-0.0010073184967041016,0.0949261337518692,0.0949261337518692,130.96179163455963
crack0076_04.png,-11.165385961532593,164.7227783203125,173.56492614746094,-8.842147827148438,200.13821411132812,206.4735870361328,-6.3353729248046875,0.15218299627304077,0.15423883497714996,0.002055838704109192,0.0,0.0,0.0,0.0,0.0,0.0,0.5895463228225708,0.5883852243423462,0.0011610984802246094,0.11128204315900803,0.11128204315900803,183.5947253704071
crack0076_05.png,-1.381730890274048,135.4700469970703,135.74851989746094,-0.278472900390625,126.85823822021484,127.30091857910156,-0.44268035888671875,0.12481452524662018,0.12655526399612427,0.0017407387495040894,0.13072240352630615,0.10648924112319946,-0.02423316240310669,0.15619397163391113,0.10455703735351562,-0.05163693428039551,0.5938907861709595,0.5962937474250793,-0.002402961254119873,0.09628836810588837,0.09628836810588837,151.9721618294716
crack0076_06.png,1.8757307529449463,100.86798095703125,98.65172576904297,2.2162551879882812,115.38017272949219,114.19464111328125,1.1855316162109375,0.23464186489582062,0.24008846282958984,0.005446597933769226,0.05700939893722534,0.025982260704040527,-0.031027138233184814,0.014331579208374023,0.007230520248413086,-0.0071010589599609375,0.5972933769226074,0.5975278615951538,-0.00023448467254638672,0.09488722681999207,0.09488722681999207,109.58245593309402
crack0076_07.png,3.6280216693878176,107.31299591064453,104.74890899658203,2.5640869140625,133.3806610107422,132.44349670410156,0.937164306640625,0.22788332402706146,0.23625525832176208,0.008371934294700623,0.1427004337310791,0.14142626523971558,-0.0012741684913635254,0.10884350538253784,0.055587589740753174,-0.05325591564178467,0.5925644040107727,0.5908073782920837,0.0017570257186889648,0.09981957823038101,0.09981957823038101,116.0605291724205
crack0076_08.png,2.282645559310913,99.32530212402344,95.74180603027344,3.58349609375,117.3669204711914,117.57666778564453,-0.209747314453125,0.23220647871494293,0.23085543513298035,-0.0013510435819625854,0.14588695764541626,0.11978381872177124,-0.02610313892364502,0.04243052005767822,0.0,-0.04243052005767822,0.5929911732673645,0.5946097373962402,-0.0016185641288757324,0.10019947588443756,0.10019947588443756,107.46661746501923
crack0076_09.png,5.220830821990967,96.20381927490234,91.28402709960938,4.919792175292969,109.4512939453125,110.00563049316406,-0.5543365478515625,0.19733698666095734,0.2218431979417801,0.024506211280822754,0.20321792364120483,0.16742092370986938,-0.03579699993133545,0.14209526777267456,0.09280866384506226,-0.049286603927612305,0.5904421210289001,0.5905882120132446,-0.00014609098434448242,0.0998496562242508,0.0998496562242508,105.5272324681282
crack0077_00.png,-5.0793763399124146,131.50704956054688,136.0777130126953,-4.5706634521484375,105.28143310546875,105.39877319335938,-0.117340087890625,0.11715831607580185,0.12907876074314117,0.011920444667339325,0.2586539387702942,0.2262982726097107,-0.032355666160583496,0.35443711280822754,0.36229103803634644,0.007853925228118896,0.5828065872192383,0.5858362317085266,-0.00302964448928833,0.09440547227859497,0.09440547227859497,150.19633159041405
crack0077_01.png,-2.6072453022003175,128.65921020507812,131.60324096679688,-2.94403076171875,107.23210144042969,106.33639526367188,0.8957061767578125,0.17256560921669006,0.16979743540287018,-0.0027681738138198853,0.2431318163871765,0.25311726331710815,0.00998544692993164,0.29885995388031006,0.314492404460907,0.015632450580596924,0.5876124501228333,0.5925989747047424,-0.00498652458190918,0.10197828710079193,0.10197828710079193,143.647338449955
crack0077_02.png,-2.6046289920806887,129.889404296875,132.63333129882812,-2.743927001953125,112.50984191894531,111.49594116210938,1.0139007568359375,0.18893353641033173,0.18734809756278992,-0.001585438847541809,0.029972434043884277,0.02505272626876831,-0.004919707775115967,0.10286188125610352,0.09270000457763672,-0.010161876678466797,0.5915493965148926,0.5901153683662415,0.001434028148651123,0.08671064674854279,0.08671064674854279,143.68245780467987
crack0077_03.png,-5.4653863430023195,122.91544342041016,127.87137603759766,-4.9559326171875,112.6991958618164,112.58014678955078,0.119049072265625,0.23711837828159332,0.23184138536453247,-0.005276992917060852,0.29805344343185425,0.29481130838394165,-0.0032421350479125977,0.3435330390930176,0.34076476097106934,-0.002768278121948242,0.5902460813522339,0.5903767943382263,-0.00013071298599243164,0.11632444709539413,0.11632444709539413,135.097998380661
crack0077_04.png,-2.904630422592163,136.10902404785156,138.89822387695312,-2.7891998291015625,108.07798767089844,107.47236633300781,0.605621337890625,0.20827819406986237,0.20320743322372437,-0.0050707608461380005,0.0,0.0,0.0,0.22496390342712402,0.22544938325881958,0.00048547983169555664,0.5934832692146301,0.5922837257385254,0.0011995434761047363,0.09150942414999008,0.09150942414999008,149.0505087375641
crack0077_05.png,-7.528664779663086,133.2528076171875,138.22381591796875,-4.97100830078125,112.7191162109375,112.4940185546875,0.22509765625,0.23377925157546997,0.21151837706565857,-0.0222608745098114,0.022112786769866943,0.0,-0.022112786769866943,0.08183562755584717,0.052126526832580566,-0.0297091007232666,0.5934217572212219,0.5929796099662781,0.00044214725494384766,0.09232378005981445,0.09232378005981445,146.7840794324875
crack0077_06.png,-6.116186952590942,131.1532745361328,135.511962890625,-4.3586883544921875,107.74339294433594,106.86527252197266,0.8781204223632812,0.20674315094947815,0.20210735499858856,-0.004635795950889587,0.18738079071044922,0.14089256525039673,-0.04648822546005249,0.2176399827003479,0.17588651180267334,-0.04175347089767456,0.5908881425857544,0.5878469944000244,0.0030411481857299805,0.09345932304859161,0.09345932304859161,144.84170311689377
crack0077_07.png,-4.530686378479004,141.6995391845703,145.4540252685547,-3.754486083984375,109.98367309570312,109.8587417602539,0.12493133544921875,0.21349628269672394,0.21134628355503082,-0.0021499991416931152,0.17452389001846313,0.15868091583251953,-0.015842974185943604,0.23745125532150269,0.22287678718566895,-0.01457446813583374,0.5896616578102112,0.5901730060577393,-0.0005113482475280762,0.103543221950531,0.103543221950531,154.50292545557022
crack0077_08.png,-2.244843673706055,116.1383056640625,115.13896179199219,0.9993438720703125,105.34873962402344,105.16903686523438,0.1797027587890625,0.22799831628799438,0.2368103563785553,0.008812040090560913,0.21910274028778076,0.11947274208068848,-0.09962999820709229,0.26413655281066895,0.21299833059310913,-0.051138222217559814,0.5861668586730957,0.587062656879425,-0.0008957982063293457,0.11651606857776642,0.11651606857776642,125.44124102592468
crack0077_09.png,-2.8890125274658205,164.84327697753906,167.4434051513672,-2.600128173828125,110.0874252319336,109.40513610839844,0.6822891235351562,0.1861073523759842,0.18858058750629425,0.0024732351303100586,0.15412187576293945,0.1318432092666626,-0.022278666496276855,0.34118443727493286,0.32742851972579956,-0.0137559175491333,0.5951095819473267,0.5918223857879639,0.003287196159362793,0.09343983978033066,0.09343983978033066,178.78128319978714
crack0078_00.png,2.886666011810303,98.92411804199219,96.73944091796875,2.1846771240234375,111.79084777832031,109.75749206542969,2.033355712890625,0.4546225666999817,0.4517158567905426,-0.002906709909439087,0.0,0.0,0.0,0.0,0.0,0.0,0.5887619853019714,0.5857324004173279,0.0030295848846435547,0.1053386777639389,0.1053386777639389,94.27930748462677
crack0078_01.png,2.699292850494385,91.99075317382812,90.98483276367188,1.00592041015625,108.6660385131836,109.01301574707031,-0.34697723388671875,0.41498276591300964,0.4371216297149658,0.022138863801956177,0.0,0.0,0.0,0.0,0.0,0.0,0.5898116230964661,0.5882852673530579,0.0015263557434082031,0.11250545084476471,0.11250545084476471,90.18129193782806
crack0078_02.png,3.142813301086426,93.42337036132812,91.56989288330078,1.8534774780273438,113.33905029296875,112.48426818847656,0.8547821044921875,0.4653206765651703,0.4791454076766968,0.01382473111152649,0.0,0.0,0.0,0.0,0.019225478172302246,0.019225478172302246,0.5891964435577393,0.5931603312492371,-0.003963887691497803,0.11425267159938812,0.11425267159938812,88.30380427837372
crack0078_03.png,0.9564077377319338,99.31959533691406,97.27725219726562,2.0423431396484375,124.49760437011719,123.09909057617188,1.3985137939453125,0.40784457325935364,0.3873700797557831,-0.020474493503570557,0.0,0.0,0.0,0.0,0.0,0.0,0.5948558449745178,0.5950403809547424,-0.00018453598022460938,0.1041187196969986,0.1041187196969986,98.85783421993256
crack0078_04.png,3.713264846801758,81.89934539794922,80.83428955078125,1.0650558471679688,124.34981536865234,120.77287292480469,3.5769424438476562,0.411653071641922,0.4248986542224884,0.013245582580566406,0.0,0.0,0.0,0.0,0.0,0.0,0.5893194675445557,0.5853748321533203,0.0039446353912353516,0.10702013969421387,0.10702013969421387,80.24041187763214
crack0078_05.png,0.0644295692443847,94.14730834960938,93.8331298828125,0.314178466796875,118.23077392578125,119.62886810302734,-1.3980941772460938,0.5399505496025085,0.5435308218002319,0.0035802721977233887,0.0,0.0,0.0,0.10514962673187256,0.10788637399673462,0.0027367472648620605,0.5934140682220459,0.592837393283844,0.0005766749382019043,0.11311125755310059,0.11311125755310059,85.32974886894226
crack0078_06.png,3.9047968864440916,102.92093658447266,99.51404571533203,3.406890869140625,110.86598205566406,109.73157501220703,1.1344070434570312,0.41781535744667053,0.41928601264953613,0.0014706552028656006,0.0,0.0,0.0,0.03390944004058838,0.06287574768066406,0.028966307640075684,0.5914225578308105,0.5932602882385254,-0.0018377304077148438,0.10800446569919586,0.10800446569919586,99.87898123264313
crack0078_07.png,1.3817795753479003,90.09461212158203,87.55107116699219,2.5435409545898438,109.10221862792969,108.25377655029297,0.8484420776367188,0.3996039927005768,0.3829447031021118,-0.016659289598464966,0.0,0.0,0.0,0.17731136083602905,0.21279245615005493,0.03548109531402588,0.582302987575531,0.5865128636360168,-0.00420987606048584,0.10368189960718155,0.10368189960718155,89.30667400360107
crack0078_08.png,4.371980953216553,87.23762512207031,86.27239227294922,0.9652328491210938,111.20404052734375,111.2872085571289,-0.08316802978515625,0.433523029088974,0.47515836358070374,0.041635334491729736,0.0,0.0,0.0,0.0,0.0,0.0,0.5923952460289001,0.5896655321121216,0.0027297139167785645,0.11764176934957504,0.11764176934957504,84.43943679332733
crack0078_09.png,2.2428635597229003,100.08197784423828,97.54470825195312,2.5372695922851562,118.91513061523438,117.22257232666016,1.6925582885742188,0.43010440468788147,0.4177270233631134,-0.012377381324768066,0.0,0.0,0.0,0.0,0.0,0.0,0.5818031430244446,0.581334114074707,0.00046902894973754883,0.1184007078409195,0.1184007078409195,97.02184736728668
crack0079_00.png,2.197361183166504,112.44022369384766,110.87689971923828,1.563323974609375,113.70763397216797,112.12193298339844,1.5857009887695312,0.30570289492607117,0.3048444092273712,-0.0008584856986999512,0.0,0.0,0.0,0.0,0.0,0.0,0.5970588326454163,0.5953479409217834,0.0017108917236328125,0.11766833066940308,0.11766833066940308,117.25025045871735
crack0079_01.png,0.13365039825439462,104.84905242919922,103.59483337402344,1.2542190551757812,105.62165832519531,105.90434265136719,-0.282684326171875,0.3942699432373047,0.3819992244243622,-0.012270718812942505,0.0,0.0,0.0,0.0,0.0,0.0,0.5858092904090881,0.586455225944519,-0.0006459355354309082,0.1287020593881607,0.1287020593881607,104.76019847393036
crack0079_02.png,-1.7336277961730957,112.06985473632812,113.66276550292969,-1.5929107666015625,128.60720825195312,128.28524780273438,0.32196044921875,0.264944851398468,0.2638290524482727,-0.0011157989501953125,0.0,0.0,0.0,0.07479852437973022,0.0749167799949646,0.000118255615234375,0.599061906337738,0.6035678386688232,-0.004505932331085205,0.12959221005439758,0.12959221005439758,121.17928051948547
crack0079_03.png,3.1590490341186523,109.13167572021484,106.52764129638672,2.604034423828125,115.87454223632812,114.66356658935547,1.2109756469726562,0.301969051361084,0.3034035861492157,0.0014345347881317139,0.0,0.0,0.0,0.0338786244392395,0.003372013568878174,-0.030506610870361328,0.5872548818588257,0.5883583426475525,-0.0011034607887268066,0.11826884746551514,0.11826884746551514,113.24584913253784
crack0079_04.png,1.965664005279541,110.74373626708984,108.53504180908203,2.2086944580078125,105.03018188476562,104.67359924316406,0.3565826416015625,0.3664923906326294,0.3602990508079529,-0.006193339824676514,0.0,0.0,0.0,0.0,0.0,0.0,0.5793002843856812,0.5765551924705505,0.0027450919151306152,0.12117154896259308,0.12117154896259308,111.19345736503601
crack0079_05.png,0.6205411911010743,108.01409149169922,106.15985107421875,1.8542404174804688,107.9940185546875,107.6656265258789,0.32839202880859375,0.3516082465648651,0.3329533636569977,-0.01865488290786743,0.0,0.0,0.0,0.0,0.0,0.0,0.585274875164032,0.5820915102958679,0.0031833648681640625,0.11443409323692322,0.11443409323692322,110.5207644701004
crack0079_06.png,0.6742841720581054,108.4459228515625,106.86713409423828,1.5787887573242188,109.8377914428711,111.46379852294922,-1.626007080078125,0.30471697449684143,0.29990288615226746,-0.004814088344573975,0.0,0.0,0.0,0.0,0.0,0.0,0.5919492244720459,0.5886735916137695,0.003275632858276367,0.13142140209674835,0.13142140209674835,113.34032428264618
crack0079_07.png,-0.6422491073608398,74.50108337402344,74.28535461425781,0.215728759765625,107.83761596679688,108.14107513427734,-0.30345916748046875,0.35331588983535767,0.3440488874912262,-0.00926700234413147,0.0,0.0,0.0,0.0,0.0,0.0,0.582233726978302,0.582114577293396,0.00011914968490600586,0.119801826775074,0.119801826775074,77.03963482379913
crack0079_08.png,1.2452951431274415,107.86937713623047,106.90512084960938,0.9642562866210938,115.35499572753906,113.88799285888672,1.4670028686523438,0.3400724232196808,0.3364830017089844,-0.003589421510696411,0.0,0.0,0.0,0.05529963970184326,0.045732319355010986,-0.009567320346832275,0.5842099189758301,0.584675133228302,-0.00046521425247192383,0.12669116258621216,0.12669116258621216,110.58527421951294
crack0079_09.png,-13.591139221191407,125.1594467163086,134.9703369140625,-9.810890197753906,140.16925048828125,148.55709838867188,-8.387847900390625,0.26826491951942444,0.2644024193286896,-0.0038625001907348633,0.0,0.0,0.0,0.0,0.0,0.0,0.6003267765045166,0.6032295227050781,-0.0029027462005615234,0.1260964274406433,0.1260964274406433,138.3299275636673
crack0080_00.png,5.005180072784424,121.22805786132812,118.16250610351562,3.0655517578125,110.29471588134766,107.63731384277344,2.6574020385742188,0.2509661018848419,0.25585678219795227,0.0048906803131103516,0.35496318340301514,0.36673712730407715,0.011773943901062012,0.2224414348602295,0.20767134428024292,-0.014770090579986572,0.5877277851104736,0.5873664021492004,0.00036138296127319336,0.14699208736419678,0.14699208736419678,128.1464272737503
crack0080_01.png,3.9870790481567386,115.813232421875,113.03701782226562,2.776214599609375,111.66045379638672,109.07304382324219,2.5874099731445312,0.31015828251838684,0.3073299825191498,-0.0028282999992370605,0.43320608139038086,0.43762391805648804,0.004417836666107178,0.2408740520477295,0.2610533833503723,0.020179331302642822,0.5928873419761658,0.5872510671615601,0.005636274814605713,0.1518687754869461,0.1518687754869461,119.70081984996796
crack0080_02.png,2.8120599746704102,110.10291290283203,107.99903106689453,2.1038818359375,105.43588256835938,103.85546875,1.580413818359375,0.27899494767189026,0.27590370178222656,-0.0030912458896636963,0.46246302127838135,0.46942704916000366,0.0069640278816223145,0.2936115860939026,0.28350937366485596,-0.01010221242904663,0.5900192260742188,0.5889004468917847,0.001118779182434082,0.1693829447031021,0.1693829447031021,116.09751892089844
crack0080_03.png,5.10301570892334,120.50731658935547,116.78648376464844,3.7208328247070312,113.83000946044922,111.73567199707031,2.0943374633789062,0.3326862156391144,0.33106255531311035,-0.0016236603260040283,0.43000125885009766,0.4446452260017395,0.014643967151641846,0.2979615330696106,0.31183892488479614,0.013877391815185547,0.5916532278060913,0.5894386768341064,0.0022145509719848633,0.1684994250535965,0.1684994250535965,122.44927597045898
crack0080_04.png,4.254882717132569,106.33242797851562,104.39151000976562,1.94091796875,103.54247283935547,101.49190521240234,2.050567626953125,0.2516087293624878,0.2537001073360443,0.0020913779735565186,0.3604309558868408,0.39429140090942383,0.03386044502258301,0.21542435884475708,0.23027080297470093,0.014846444129943848,0.5877124071121216,0.5884121656417847,-0.0006997585296630859,0.16236761212348938,0.16236761212348938,113.80193185806274
crack0080_05.png,2.0162946701049806,99.03582000732422,97.91097259521484,1.124847412109375,102.93819427490234,101.13261413574219,1.8055801391601562,0.2714398503303528,0.2764553427696228,0.0050154924392700195,0.4736744165420532,0.4661514163017273,-0.007523000240325928,0.2899460792541504,0.2750067114830017,-0.014939367771148682,0.5871933698654175,0.585470974445343,0.0017223954200744629,0.1651114821434021,0.1651114821434021,105.67474007606506
crack0080_06.png,3.23682861328125,118.33403015136719,116.5522689819336,1.7817611694335938,106.99745178222656,105.07992553710938,1.9175262451171875,0.27230918407440186,0.2678028643131256,-0.004506319761276245,0.29569220542907715,0.319418728351593,0.02372652292251587,0.21331405639648438,0.22797232866287231,0.01465827226638794,0.5875701904296875,0.5850826501846313,0.0024875402450561523,0.15667463839054108,0.15667463839054108,124.87778532505035
crack0080_07.png,3.1353548049926756,109.21687316894531,106.82942199707031,2.387451171875,103.42999267578125,102.23802185058594,1.1919708251953125,0.3392249643802643,0.34558671712875366,0.00636175274848938,0.39178401231765747,0.3836584687232971,-0.008125543594360352,0.2041085958480835,0.167067289352417,-0.037041306495666504,0.589600145816803,0.5874202251434326,0.0021799206733703613,0.150416299700737,0.150416299700737,111.25365555286407
crack0080_08.png,0.9628801345825195,109.82171630859375,108.59819793701172,1.2235183715820312,109.31307983398438,107.19950866699219,2.1135711669921875,0.3014034330844879,0.2957293391227722,-0.005674093961715698,0.2923581600189209,0.27560096979141235,-0.016757190227508545,0.22353225946426392,0.19014430046081543,-0.033387959003448486,0.5910342335700989,0.5905805230140686,0.00045371055603027344,0.18797947466373444,0.18797947466373444,115.10756611824036
crack0080_09.png,4.09783821105957,120.13278198242188,116.98703002929688,3.145751953125,109.63150787353516,107.29585266113281,2.3356552124023438,0.23892700672149658,0.24571508169174194,0.006788074970245361,0.22582733631134033,0.20743727684020996,-0.01839005947113037,0.18098300695419312,0.16768407821655273,-0.01329892873764038,0.5934333205223083,0.5881738066673279,0.005259513854980469,0.1369883120059967,0.1369883120059967,127.96161842346191
crack0081_00.png,0.04334669113159184,146.7626495361328,147.40447998046875,-0.6418304443359375,106.8039779663086,106.42877197265625,0.37520599365234375,0.3167172968387604,0.3221410810947418,0.005423784255981445,0.0,0.0,0.0,0.07416540384292603,0.0649183988571167,-0.009247004985809326,0.5907458662986755,0.5882160663604736,0.0025297999382019043,0.12015406787395477,0.12015406787395477,151.71036159992218
crack0081_01.png,1.3244784355163575,141.76792907714844,140.9844970703125,0.7834320068359375,106.0278549194336,105.07537078857422,0.952484130859375,0.3005111813545227,0.3031039237976074,0.002592742443084717,0.0,0.0,0.0,0.0,0.0,0.0,0.5909688472747803,0.592153012752533,-0.0011841654777526855,0.1250830888748169,0.1250830888748169,147.03166270256042
crack0081_02.png,1.3611631393432617,156.39804077148438,154.8815155029297,1.5165252685546875,104.40379333496094,104.53936767578125,-0.1355743408203125,0.294392853975296,0.29190030694007874,-0.002492547035217285,0.0,0.0,0.0,0.05725979804992676,0.0021066665649414062,-0.05515313148498535,0.5840638279914856,0.5816070437431335,0.0024567842483520508,0.10489100217819214,0.10489100217819214,161.48831284046173
crack0081_03.png,2.5022831916809083,149.2291259765625,147.30003356933594,1.9290924072265625,106.13958740234375,106.11736297607422,0.02222442626953125,0.2802276611328125,0.2865547835826874,0.006327122449874878,0.0,0.0,0.0,0.03159356117248535,0.008883833885192871,-0.02270972728729248,0.5917762517929077,0.5903229713439941,0.0014532804489135742,0.11181730031967163,0.11181730031967163,155.12197017669678
crack0081_04.png,1.095043659210205,134.95321655273438,133.50674438476562,1.44647216796875,105.5042495727539,105.49650573730469,0.00774383544921875,0.266562819480896,0.2615276277065277,-0.005035191774368286,0.0,0.0,0.0,0.0034012198448181152,0.0,-0.0034012198448181152,0.5871241688728333,0.5859169363975525,0.0012072324752807617,0.10387218743562698,0.10387218743562698,142.02328956127167
crack0081_05.png,0.7838958740234375,143.95565795898438,143.3498992919922,0.6057586669921875,106.52681732177734,106.59493255615234,-0.068115234375,0.30544987320899963,0.3067176640033722,0.0012677907943725586,0.0,0.0,0.0,0.0,0.0,0.0,0.5903998613357544,0.5878008604049683,0.002599000930786133,0.11472532898187637,0.11472532898187637,148.94178068637848
crack0081_06.png,0.933960247039795,151.64002990722656,150.89869689941406,0.7413330078125,108.21542358398438,107.81355285644531,0.4018707275390625,0.2668168246746063,0.2669423222541809,0.00012549757957458496,0.0,0.0,0.0,0.0,0.0,0.0,0.5922952890396118,0.5917493104934692,0.0005459785461425781,0.11142060905694962,0.11142060905694962,158.9521654844284
crack0081_07.png,0.27341594696044913,151.13803100585938,150.52891540527344,0.6091156005859375,107.865966796875,107.16969299316406,0.6962738037109375,0.29066526889801025,0.2929854393005371,0.0023201704025268555,0.0917443037033081,0.07280987501144409,-0.018934428691864014,0.1509777307510376,0.11559432744979858,-0.035383403301239014,0.5925182700157166,0.5935794115066528,-0.0010611414909362793,0.12689070403575897,0.12689070403575897,157.1367335319519
crack0081_08.png,2.446450614929199,145.2224884033203,143.0836181640625,2.1388702392578125,106.95391845703125,106.1959228515625,0.75799560546875,0.2893751859664917,0.29087749123573303,0.001502305269241333,0.0,0.0,0.0,0.0547143816947937,0.01949399709701538,-0.03522038459777832,0.5854978561401367,0.5883929133415222,-0.002895057201385498,0.1145155057311058,0.1145155057311058,150.3262586593628
crack0081_09.png,-0.5283695220947265,143.74404907226562,143.36451721191406,0.3795318603515625,108.4892578125,107.90292358398438,0.586334228515625,0.3105405569076538,0.3129727244377136,0.0024321675300598145,0.05069780349731445,0.020252227783203125,-0.030445575714111328,0.12246716022491455,0.10289591550827026,-0.019571244716644287,0.5858092904090881,0.5887889266014099,-0.0029796361923217773,0.13231217861175537,0.13231217861175537,148.473406791687
crack0082_00.png,2.8232908248901367,125.35946655273438,122.17008209228516,3.1893844604492188,111.40412902832031,110.97467041015625,0.4294586181640625,0.43038222193717957,0.4234929084777832,-0.006889313459396362,0.3396596312522888,0.3362312316894531,-0.0034283995628356934,0.2409711480140686,0.22551870346069336,-0.015452444553375244,0.5871587991714478,0.583398699760437,0.003760099411010742,0.15502309799194336,0.15502309799194336,121.84155178070068
crack0082_01.png,4.1972297668457035,123.6899185180664,119.86433410644531,3.8255844116210938,125.13411712646484,122.13967895507812,2.9944381713867188,0.2937924861907959,0.2970273792743683,0.0032348930835723877,0.31653493642807007,0.2917187213897705,-0.02481621503829956,0.14148437976837158,0.11486947536468506,-0.026614904403686523,0.5891887545585632,0.5914955735206604,-0.002306818962097168,0.13221296668052673,0.13221296668052673,127.80940008163452
crack0082_02.png,3.8500205993652346,125.44898986816406,122.4191665649414,3.0298233032226562,114.05088806152344,112.28482818603516,1.7660598754882812,0.44335025548934937,0.4372035562992096,-0.0061466991901397705,0.45956069231033325,0.47278761863708496,0.013226926326751709,0.3238269090652466,0.33722829818725586,0.013401389122009277,0.5922375917434692,0.5903267860412598,0.0019108057022094727,0.14177794754505157,0.14177794754505157,121.39136850833893
crack0082_03.png,9.440542888641357,141.16659545898438,136.66127014160156,4.5053253173828125,115.87940979003906,114.2795181274414,1.5998916625976562,0.3855244219303131,0.39093708992004395,0.005412667989730835,0.1808699369430542,0.27504241466522217,0.09417247772216797,0.17465102672576904,0.2002255916595459,0.025574564933776855,0.5879700183868408,0.5855863094329834,0.002383708953857422,0.11471986770629883,0.11471986770629883,139.30126821994781
crack0082_04.png,3.147538661956787,119.09242248535156,117.28636169433594,1.806060791015625,114.1741943359375,114.30793762207031,-0.1337432861328125,0.4873127341270447,0.4972599148750305,0.00994718074798584,0.4059715270996094,0.4243195056915283,0.018347978591918945,0.3475099802017212,0.34759509563446045,8.511543273925781e-05,0.5947827696800232,0.5981507301330566,-0.0033679604530334473,0.1391661912202835,0.1391661912202835,112.87665724754333
crack0082_05.png,4.096555137634278,149.75303649902344,146.25784301757812,3.4951934814453125,126.59977722167969,124.82241821289062,1.7773590087890625,0.29665407538414,0.29534676671028137,-0.0013073086738586426,0.3431640863418579,0.3431044816970825,-5.9604644775390625e-05,0.10021275281906128,0.08454257249832153,-0.015670180320739746,0.5905459523200989,0.5906112790107727,-6.532669067382812e-05,0.1271766722202301,0.1271766722202301,153.9090849161148
crack0082_06.png,3.356664276123047,120.34780883789062,118.15966796875,2.188140869140625,109.23268127441406,108.03919219970703,1.1934890747070312,0.41258472204208374,0.41112810373306274,-0.001456618309020996,0.39431440830230713,0.41267192363739014,0.018357515335083008,0.24257159233093262,0.24162524938583374,-0.000946342945098877,0.5875970721244812,0.585763156414032,0.0018339157104492188,0.1341257095336914,0.1341257095336914,118.0899350643158
crack0082_07.png,2.699473667144775,128.4796905517578,125.4773178100586,3.0023727416992188,117.48553466796875,116.3259506225586,1.1595840454101562,0.3342418968677521,0.331341028213501,-0.0029008686542510986,0.3175303339958191,0.30526334047317505,-0.012266993522644043,0.26700955629348755,0.2515287399291992,-0.01548081636428833,0.5954171419143677,0.5965167284011841,-0.0010995864868164062,0.15633755922317505,0.15633755922317505,130.9587116241455
crack0082_08.png,2.655791187286377,124.1681137084961,121.36859893798828,2.7995147705078125,117.15394592285156,116.19316101074219,0.960784912109375,0.35492292046546936,0.34378957748413086,-0.011133342981338501,0.3996877670288086,0.40649670362472534,0.006808936595916748,0.23778516054153442,0.22508060932159424,-0.012704551219940186,0.5963629484176636,0.594106137752533,0.0022568106651306152,0.13020670413970947,0.13020670413970947,125.99549961090088
crack0082_09.png,4.369589328765869,117.76817321777344,116.01341247558594,1.7547607421875,114.37538146972656,113.29872131347656,1.07666015625,0.4299353361129761,0.4314042031764984,0.0014688670635223389,0.35642021894454956,0.4019312858581543,0.045511066913604736,0.26102620363235474,0.27238309383392334,0.011356890201568604,0.5938177704811096,0.5876624584197998,0.0061553120613098145,0.12393530458211899,0.12393530458211899,114.84738349914551
crack0083_00.png,3.6403363227844237,100.82707977294922,98.94462585449219,1.8824539184570312,109.63885498046875,107.54825592041016,2.0905990600585938,0.36610308289527893,0.3718021810054779,0.005699098110198975,0.3663788437843323,0.3784254193305969,0.012046575546264648,0.3388342261314392,0.3245716691017151,-0.014262557029724121,0.5884044766426086,0.5888081789016724,-0.0004037022590637207,0.23411314189434052,0.23411314189434052,101.47199499607086
crack0083_01.png,5.197964191436768,100.37539672851562,97.6640853881836,2.7113113403320312,109.0296630859375,106.95744323730469,2.0722198486328125,0.43325671553611755,0.444061279296875,0.010804563760757446,0.37947821617126465,0.3952147364616394,0.015736520290374756,0.3098490238189697,0.32061105966567993,0.010762035846710205,0.5940446257591248,0.5899461507797241,0.004098474979400635,0.19021782279014587,0.19021782279014587,96.78612315654755
crack0083_02.png,4.471068286895752,107.22278594970703,104.00469970703125,3.2180862426757812,108.77234649658203,106.4376220703125,2.3347244262695312,0.3472478985786438,0.3375850319862366,-0.009662866592407227,0.419105589389801,0.445797324180603,0.026691734790802002,0.34776222705841064,0.3574078679084778,0.009645640850067139,0.5895117521286011,0.5889004468917847,0.0006113052368164062,0.20598915219306946,0.20598915219306946,108.93911099433899
crack0083_03.png,5.783560466766358,107.21583557128906,104.52889251708984,2.6869430541992188,111.38553619384766,109.518310546875,1.8672256469726562,0.2806050479412079,0.299030601978302,0.018425554037094116,0.4403799772262573,0.4586195945739746,0.018239617347717285,0.2629905343055725,0.27160775661468506,0.008617222309112549,0.5924106240272522,0.5887581706047058,0.0036524534225463867,0.15810513496398926,0.15810513496398926,112.73248612880707
crack0083_04.png,3.524855899810791,100.83514404296875,98.43614196777344,2.3990020751953125,106.98149108886719,104.74154663085938,2.2399444580078125,0.2589060664176941,0.25987377762794495,0.0009677112102508545,0.373473584651947,0.3713642358779907,-0.002109348773956299,0.1902529001235962,0.2040090560913086,0.013756155967712402,0.5902383923530579,0.5843175649642944,0.005920827388763428,0.15646833181381226,0.15646833181381226,107.71081471443176
crack0083_05.png,2.111836242675781,102.0533218383789,99.7279052734375,2.3254165649414062,111.73011779785156,109.68991088867188,2.0402069091796875,0.3394710421562195,0.3208507001399994,-0.018620342016220093,0.33207279443740845,0.3402731418609619,0.008200347423553467,0.2493375539779663,0.24012094736099243,-0.009216606616973877,0.5916378498077393,0.58833909034729,0.0032987594604492188,0.16565732657909393,0.16565732657909393,105.30508553981781
crack0083_06.png,1.2778119087219237,105.14983367919922,103.73921203613281,1.4106216430664062,105.63929748535156,105.31522369384766,0.32407379150390625,0.3892882168292999,0.3869476318359375,-0.0023405849933624268,0.4166472554206848,0.41464829444885254,-0.0019989609718322754,0.30641043186187744,0.3014170527458191,-0.00499337911605835,0.5929180979728699,0.5927989482879639,0.00011914968490600586,0.2267361581325531,0.2267361581325531,104.94438886642456
crack0083_07.png,7.294145774841309,110.86412811279297,107.21324920654297,3.65087890625,110.89959716796875,108.38764953613281,2.5119476318359375,0.3274293839931488,0.3443954885005951,0.01696610450744629,0.39623403549194336,0.43044012784957886,0.0342060923576355,0.31367844343185425,0.3088693618774414,-0.004809081554412842,0.5850980281829834,0.5872741341590881,-0.0021761059761047363,0.17946366965770721,0.17946366965770721,112.88389098644257
crack0083_08.png,0.7880572319030761,101.00682830810547,99.63248443603516,1.3743438720703125,104.73458862304688,103.18485260009766,1.5497360229492188,0.32666629552841187,0.3093547224998474,-0.017311573028564453,0.39006757736206055,0.3935173749923706,0.0034497976303100586,0.33786553144454956,0.34358644485473633,0.005720913410186768,0.5847635269165039,0.5837447047233582,0.001018822193145752,0.18124693632125854,0.18124693632125854,105.14891409873962
crack0083_09.png,1.5490190505981445,98.16669464111328,97.76837921142578,0.3983154296875,110.96957397460938,110.01219177246094,0.9573822021484375,0.26445311307907104,0.26326218247413635,-0.0011909306049346924,0.29904991388320923,0.3201795220375061,0.021129608154296875,0.1556767225265503,0.1617850661277771,0.006108343601226807,0.5871664881706238,0.5867204666137695,0.00044602155685424805,0.15730604529380798,0.15730604529380798,105.6584655046463
crack0084_00.png,-1.9613367080688477,107.6680908203125,108.96549987792969,-1.2974090576171875,118.57954406738281,116.75534057617188,1.8242034912109375,0.3733868896961212,0.37044230103492737,-0.0029445886611938477,0.35831958055496216,0.3279075622558594,-0.030412018299102783,0.3315492868423462,0.3084055185317993,-0.023143768310546875,0.5948327779769897,0.5933718085289001,0.0014609694480895996,0.1696181297302246,0.1696181297302246,109.88356840610504
crack0084_01.png,1.4251049995422362,115.47554779052734,114.84748077392578,0.6280670166015625,125.29854583740234,123.31828308105469,1.9802627563476562,0.3457161784172058,0.34313488006591797,-0.002581298351287842,0.30771487951278687,0.3144463896751404,0.006731510162353516,0.3234627842903137,0.34174036979675293,0.01827758550643921,0.5927528142929077,0.5941984057426453,-0.0014455914497375488,0.22528910636901855,0.22528910636901855,118.3413577079773
crack0084_02.png,-0.04004659652709952,122.81924438476562,122.89685821533203,-0.07761383056640625,113.42767333984375,111.64485168457031,1.7828216552734375,0.32127705216407776,0.3190130889415741,-0.002263963222503662,0.19853538274765015,0.18287938833236694,-0.015655994415283203,0.20236974954605103,0.2112329602241516,0.008863210678100586,0.5922491550445557,0.5889542698860168,0.0032948851585388184,0.1387006938457489,0.1387006938457489,127.40723216533661
crack0084_03.png,-1.2954584121704102,137.69488525390625,140.2773895263672,-2.5825042724609375,132.89083862304688,132.8529052734375,0.037933349609375,0.21129512786865234,0.22803357243537903,0.016738444566726685,0.0,0.0,0.0,0.0,0.0,0.0,0.5954594612121582,0.5971395373344421,-0.0016800761222839355,0.2013077288866043,0.2013077288866043,150.19401121139526
crack0084_04.png,1.7746400833129883,123.46380615234375,122.38694763183594,1.0768585205078125,126.06333923339844,123.38229370117188,2.6810455322265625,0.26290813088417053,0.2583982050418854,-0.004509925842285156,0.0,0.0,0.0,0.04696047306060791,0.051636576652526855,0.004676103591918945,0.5924298167228699,0.5927758812904358,-0.00034606456756591797,0.18330229818820953,0.18330229818820953,131.13251984119415
crack0084_05.png,-0.5342519760131835,112.19236755371094,112.47307586669922,-0.28070831298828125,123.53685760498047,121.35362243652344,2.1832351684570312,0.36088883876800537,0.3611094057559967,0.000220566987991333,0.3397131562232971,0.30829447507858276,-0.031418681144714355,0.24278807640075684,0.2337532639503479,-0.009034812450408936,0.5981507301330566,0.5953441262245178,0.0028066039085388184,0.18928062915802002,0.18928062915802002,114.60542058944702
crack0084_06.png,0.29554767608642574,111.9819564819336,111.62894439697266,0.3530120849609375,111.22669982910156,108.44688415527344,2.779815673828125,0.30261918902397156,0.3025088906288147,-0.00011029839515686035,0.17930817604064941,0.14940589666366577,-0.029902279376983643,0.19619297981262207,0.19955098628997803,0.003358006477355957,0.5914186835289001,0.5905305743217468,0.0008881092071533203,0.19481316208839417,0.19481316208839417,117.31166434288025
crack0084_07.png,-1.4086405277252196,113.34439086914062,112.95775604248047,0.38663482666015625,117.31905364990234,115.66635131835938,1.6527023315429688,0.24250249564647675,0.24112632870674133,-0.0013761669397354126,0.1254064440727234,0.0637587308883667,-0.06164771318435669,0.12807923555374146,0.10591596364974976,-0.0221632719039917,0.5945905447006226,0.5915994048118591,0.0029911398887634277,0.1542603224515915,0.1542603224515915,122.46711552143097
crack0084_08.png,0.7976957321166993,116.69242095947266,116.45511627197266,0.2373046875,115.74116516113281,114.72441101074219,1.016754150390625,0.2707512676715851,0.2746163606643677,0.0038650929927825928,0.010663807392120361,0.004207611083984375,-0.006456196308135986,0.0,0.0,0.0,0.5977393388748169,0.5951710939407349,0.0025682449340820312,0.1757432222366333,0.1757432222366333,124.23826611042023
crack0084_09.png,4.916794490814209,109.92992401123047,106.51595306396484,3.413970947265625,116.01396179199219,113.75321197509766,2.2607498168945312,0.2588184177875519,0.2610372304916382,0.0022188127040863037,0.24562394618988037,0.25398099422454834,0.008357048034667969,0.2438933253288269,0.2550888657569885,0.011195540428161621,0.5927566289901733,0.5905882120132446,0.002168416976928711,0.1875666081905365,0.1875666081905365,116.40409862995148
crack0085_00.png,-2.8494479179382326,100.12377166748047,100.77978515625,-0.6560134887695312,103.00436401367188,102.73894500732422,0.26541900634765625,0.30732932686805725,0.27764812111854553,-0.02968120574951172,0.0,0.0,0.0,0.010012805461883545,0.0,-0.010012805461883545,0.5902498960494995,0.5883775353431702,0.0018723607063293457,0.12425938248634338,0.12425938248634338,107.40288698673248
crack0085_01.png,-1.13234281539917,121.70597839355469,121.83020782470703,-0.12422943115234375,109.39930725097656,110.09304809570312,-0.6937408447265625,0.30822235345840454,0.30125612020492554,-0.006966233253479004,0.0,0.0,0.0,0.047949254512786865,0.03613096475601196,-0.011818289756774902,0.578269898891449,0.582602858543396,-0.0043329596519470215,0.13767839968204498,0.13767839968204498,126.99684023857117
crack0085_02.png,-1.1103158950805665,113.0709457397461,112.83196258544922,0.238983154296875,107.52085876464844,106.52154541015625,0.9993133544921875,0.28099551796913147,0.26088204979896545,-0.020113468170166016,0.0,0.0,0.0,0.0,0.0,0.0,0.5885466933250427,0.5920453667640686,-0.003498673439025879,0.12031131982803345,0.12031131982803345,120.98034584522247
crack0085_03.png,0.20130996704101567,89.67340850830078,89.60053253173828,0.0728759765625,101.23517608642578,100.75411224365234,0.4810638427734375,0.3211337625980377,0.32138922810554504,0.0002554655075073242,0.0,0.0,0.0,0.0,0.0,0.0,0.5780661106109619,0.580176830291748,-0.002110719680786133,0.12646670639514923,0.12646670639514923,93.57601797580719
crack0085_04.png,-4.138540172576905,110.36964416503906,112.29302978515625,-1.9233856201171875,109.0909423828125,109.09473419189453,-0.00379180908203125,0.2859764099121094,0.2601206302642822,-0.02585577964782715,0.0,0.0,0.0,0.034917235374450684,0.0,-0.034917235374450684,0.5874701738357544,0.5910995602607727,-0.0036293864250183105,0.13680513203144073,0.13680513203144073,119.36808156967163
crack0085_05.png,-1.5445587158203125,123.66149139404297,122.80859375,0.8528976440429688,115.32463073730469,116.18321228027344,-0.85858154296875,0.29433074593544006,0.27479639649391174,-0.01953434944152832,0.17465829849243164,0.1616305112838745,-0.013027787208557129,0.12762916088104248,0.10672223567962646,-0.020906925201416016,0.5978239178657532,0.5970780253410339,0.0007458925247192383,0.1269611418247223,0.1269611418247223,130.6602154970169
crack0085_06.png,0.5023769855499267,111.22017669677734,110.3521728515625,0.8680038452148438,108.22096252441406,108.20672607421875,0.0142364501953125,0.24840529263019562,0.25938892364501953,0.010983631014823914,0.03231912851333618,0.0,-0.03231912851333618,0.1007230281829834,0.016067326068878174,-0.08465570211410522,0.5884006023406982,0.5873317718505859,0.0010688304901123047,0.12733697891235352,0.12733697891235352,119.41788130998611
crack0085_07.png,0.43032436370849614,93.1139144897461,93.08696746826172,0.026947021484375,111.60952758789062,109.61769104003906,1.9918365478515625,0.3330320119857788,0.3281688690185547,-0.004863142967224121,0.0,0.0,0.0,0.01199495792388916,0.0,-0.01199495792388916,0.5818685293197632,0.5819761753082275,-0.00010764598846435547,0.12995636463165283,0.12995636463165283,96.68935585021973
crack0085_08.png,-3.243517017364502,105.7684097290039,107.44625091552734,-1.6778411865234375,103.46185302734375,105.20111083984375,-1.7392578125,0.3139834403991699,0.30604419112205505,-0.007939249277114868,0.0,0.0,0.0,0.0,0.0,0.0,0.5762860178947449,0.5821568369865417,-0.005870819091796875,0.12442027032375336,0.12442027032375336,111.53095233440399
crack0085_09.png,-2.63549747467041,114.43888092041016,114.41204833984375,0.02683258056640625,118.56782531738281,119.7755355834961,-1.2077102661132812,0.30592355132102966,0.2810955345630646,-0.024828016757965088,0.0,0.0,0.0,0.0,0.0,0.0,0.5906804800033569,0.5955055952072144,-0.004825115203857422,0.11754363775253296,0.11754363775253296,121.37995636463165
crack0086_00.png,3.6600481510162357,66.11603546142578,64.49172973632812,1.6243057250976562,119.18867492675781,115.43621826171875,3.7524566650390625,0.1298423707485199,0.13555224239826202,0.0057098716497421265,0.0,0.0,0.0,0.0,0.0,0.0,0.5991080403327942,0.5971587896347046,0.0019492506980895996,0.11596377193927765,0.11596377193927765,81.47766196727753
crack0086_01.png,-1.6882526874542236,72.42018127441406,76.02192687988281,-3.60174560546875,122.22642517089844,119.42666625976562,2.7997589111328125,0.14533951878547668,0.15539969503879547,0.010060176253318787,0.0,0.0,0.0,0.0,0.0,0.0,0.5975855588912964,0.5978661775588989,-0.00028061866760253906,0.11028584837913513,0.11028584837913513,89.4153300523758
crack0086_02.png,2.585190486907959,72.67266082763672,70.85896301269531,1.8136978149414062,130.23269653320312,127.61225891113281,2.6204376220703125,0.137418732047081,0.13412357866764069,-0.0032951533794403076,0.0,0.0,0.0,0.0,0.0,0.0,0.5929604172706604,0.5932871699333191,-0.0003267526626586914,0.12132826447486877,0.12132826447486877,87.44988399744034
crack0086_03.png,3.3955034017562866,54.97483444213867,53.927730560302734,1.0471038818359375,124.03639221191406,121.63099670410156,2.4053955078125,0.11716210097074509,0.1324985772371292,0.015336476266384125,0.0,0.0,0.0,0.0,0.0,0.0,0.5953633189201355,0.59138023853302,0.0039830803871154785,0.11812801659107208,0.11812801659107208,71.23608919978142
crack0086_04.png,3.7533443927764893,68.47081756591797,66.92060852050781,1.5502090454101562,124.96475219726562,121.838623046875,3.126129150390625,0.1189350038766861,0.1290999948978424,0.010164991021156311,0.0,0.0,0.0,0.0,0.0,0.0,0.594728946685791,0.5912418365478516,0.003487110137939453,0.1139073371887207,0.1139073371887207,84.34877067804337
crack0086_05.png,2.9903519630432127,76.96391296386719,77.4107894897461,-0.44687652587890625,116.01423645019531,113.7251968383789,2.2890396118164062,0.09169276058673859,0.12370504438877106,0.03201228380203247,0.0,0.0,0.0,0.0,0.0,0.0,0.5945097804069519,0.5954940319061279,-0.0009842514991760254,0.11843821406364441,0.11843821406364441,95.50554686784744
crack0086_06.png,-0.9258724689483642,53.089332580566406,54.914451599121094,-1.8251190185546875,125.44352722167969,123.55274963378906,1.890777587890625,0.14730501174926758,0.14755578339099884,0.0002507716417312622,0.0,0.0,0.0,0.0,0.0,0.0,0.5977739095687866,0.5947020649909973,0.0030718445777893066,0.11391273140907288,0.11391273140907288,69.07454776763916
crack0086_07.png,-1.0431729316711427,53.88019561767578,54.080177307128906,-0.199981689453125,118.90008544921875,119.24049377441406,-0.3404083251953125,0.18646825850009918,0.17720173299312592,-0.009266525506973267,0.0,0.0,0.0,0.0,0.0,0.0,0.5944905877113342,0.593633234500885,0.0008573532104492188,0.11022907495498657,0.11022907495498657,67.12770599126816
crack0086_08.png,0.6585252523422243,63.62624740600586,63.553245544433594,0.07300186157226562,123.68081665039062,120.4486083984375,3.232208251953125,0.13361099362373352,0.12357714027166367,-0.010033853352069855,0.0,0.0,0.0,0.0,0.0,0.0,0.5932910442352295,0.5909073352813721,0.002383708953857422,0.11613498628139496,0.11613498628139496,79.90675982832909
crack0086_09.png,-0.6546381950378417,63.1264762878418,63.94565963745117,-0.819183349609375,131.9623260498047,129.71197509765625,2.2503509521484375,0.17835842072963715,0.1677563339471817,-0.010602086782455444,0.0,0.0,0.0,0.0,0.0,0.0,0.5938138961791992,0.5909996032714844,0.0028142929077148438,0.12163390219211578,0.12163390219211578,77.22324377298355
crack0087_00.png,0.08419709205627446,101.24555206298828,102.19378662109375,-0.9482345581054688,114.08062744140625,112.17481231689453,1.9058151245117188,0.20894917845726013,0.20730368793010712,-0.0016454905271530151,0.2981222867965698,0.3064512014389038,0.008328914642333984,0.24935877323150635,0.22663336992263794,-0.022725403308868408,0.5858554244041443,0.5841407179832458,0.0017147064208984375,0.18019600212574005,0.18019600212574005,112.71566504240036
crack0087_01.png,-1.1672001361846924,116.21067810058594,116.38519287109375,-0.1745147705078125,118.46841430664062,117.58541870117188,0.88299560546875,0.23805995285511017,0.23628535866737366,-0.0017745941877365112,0.21807003021240234,0.1880183219909668,-0.030051708221435547,0.19744741916656494,0.15449172258377075,-0.04295569658279419,0.5861552953720093,0.5862014889717102,-4.6193599700927734e-05,0.20457562804222107,0.20457562804222107,125.56887352466583
crack0087_02.png,-0.11792845726013179,100.22734832763672,100.38561248779297,-0.15826416015625,112.2888412475586,111.77550506591797,0.513336181640625,0.15908515453338623,0.16334818303585052,0.004263028502464294,0.24974960088729858,0.23949378728866577,-0.010255813598632812,0.17378002405166626,0.08608347177505493,-0.08769655227661133,0.5817685723304749,0.5841637849807739,-0.0023952126502990723,0.15970993041992188,0.15970993041992188,114.12792253494263
crack0087_03.png,-4.388081169128418,117.41674041748047,120.09868621826172,-2.68194580078125,122.92262268066406,123.61970520019531,-0.69708251953125,0.23263555765151978,0.22800037264823914,-0.00463518500328064,0.20850324630737305,0.18157202005386353,-0.02693122625350952,0.13476431369781494,0.10574221611022949,-0.02902209758758545,0.5946443676948547,0.5941253304481506,0.0005190372467041016,0.18509790301322937,0.18509790301322937,128.86346566677094
crack0087_04.png,-1.3719602584838868,101.7823257446289,101.73686218261719,0.04546356201171875,109.96404266357422,108.73619079589844,1.2278518676757812,0.19925956428050995,0.19827724993228912,-0.0009823143482208252,0.381883442401886,0.33164721727371216,-0.05023622512817383,0.2860221862792969,0.18967080116271973,-0.09635138511657715,0.5893425345420837,0.5848557949066162,0.004486739635467529,0.17583203315734863,0.17583203315734863,113.43666034936905
crack0087_05.png,-0.20271043777465825,105.95401000976562,105.85453796386719,0.0994720458984375,104.7078857421875,104.4767837524414,0.23110198974609375,0.18847140669822693,0.1777750849723816,-0.010696321725845337,0.07293277978897095,0.08658599853515625,0.013653218746185303,0.01751267910003662,0.0,-0.01751267910003662,0.5841137766838074,0.5862399339675903,-0.002126157283782959,0.1729455590248108,0.1729455590248108,118.68736624717712
crack0087_06.png,-1.6841863632202148,99.28363037109375,99.59140014648438,-0.307769775390625,109.25019836425781,107.54450988769531,1.7056884765625,0.21932002902030945,0.22343742847442627,0.004117399454116821,0.1718347668647766,0.1140434741973877,-0.057791292667388916,0.03595137596130371,0.0,-0.03595137596130371,0.591072678565979,0.5929834842681885,-0.0019108057022094727,0.2013632357120514,0.2013632357120514,109.99765288829803
crack0087_07.png,-0.9150951862335205,103.15156555175781,103.47943878173828,-0.32787322998046875,114.19853210449219,111.9813003540039,2.2172317504882812,0.2025999277830124,0.19832071661949158,-0.004279211163520813,0.2065843939781189,0.18155795335769653,-0.025026440620422363,0.06201690435409546,0.020107746124267578,-0.04190915822982788,0.5868396759033203,0.5901076793670654,-0.003268003463745117,0.17602619528770447,0.17602619528770447,115.02056634426117
crack0087_08.png,-2.440029191970825,92.70040893554688,95.30477142333984,-2.6043624877929688,115.68928527832031,114.89967346191406,0.78961181640625,0.18045851588249207,0.1790090948343277,-0.0014494210481643677,0.0025806427001953125,0.0,-0.0025806427001953125,0.0,0.0,0.0,0.5881430506706238,0.5864513516426086,0.0016916990280151367,0.18157833814620972,0.18157833814620972,106.78776651620865
crack0087_09.png,-0.7057920455932618,99.3662109375,98.67447662353516,0.6917343139648438,111.40141296386719,108.973876953125,2.4275360107421875,0.22250699996948242,0.21908539533615112,-0.003421604633331299,0.2707154154777527,0.21824133396148682,-0.05247408151626587,0.15407466888427734,0.05795556306838989,-0.09611910581588745,0.5848096609115601,0.5847058892250061,0.00010377168655395508,0.16820946335792542,0.16820946335792542,109.26760649681091
crack0088_00.png,0.8916898250579834,140.50088500976562,139.6179962158203,0.8828887939453125,113.22972106933594,110.57592010498047,2.6538009643554688,0.1614566445350647,0.15742327272891998,-0.004033371806144714,0.3318011164665222,0.31313467025756836,-0.018666446208953857,0.385853111743927,0.35368919372558594,-0.032163918018341064,0.5874125361442566,0.5869973301887512,0.0004152059555053711,0.11789846420288086,0.11789846420288086,154.11054569482803
crack0088_01.png,0.043000435829162686,172.27603149414062,171.9197235107422,0.3563079833984375,116.74327087402344,114.9830322265625,1.7602386474609375,0.09911688417196274,0.09193152189254761,-0.007185362279415131,0.20500707626342773,0.1934698224067688,-0.011537253856658936,0.29154545068740845,0.2803071141242981,-0.011238336563110352,0.5897693037986755,0.5892964005470276,0.0004729032516479492,0.11391052603721619,0.11391052603721619,190.17275834083557
crack0088_02.png,1.910186529159546,156.2619171142578,155.71188354492188,0.5500335693359375,120.56289672851562,117.9141616821289,2.6487350463867188,0.10563331842422485,0.10892091691493988,0.003287598490715027,0.25658535957336426,0.257149875164032,0.0005645155906677246,0.2928306460380554,0.28468525409698486,-0.008145391941070557,0.5868012309074402,0.5864244699478149,0.00037676095962524414,0.10531267523765564,0.10531267523765564,173.12095046043396
crack0088_03.png,1.7930837631225587,146.25218200683594,144.97035217285156,1.281829833984375,107.56127166748047,105.71821594238281,1.8430557250976562,0.14957253634929657,0.15338240563869476,0.0038098692893981934,0.2832443118095398,0.26729559898376465,-0.015948712825775146,0.33513766527175903,0.2935708165168762,-0.04156684875488281,0.5855709314346313,0.5828911662101746,0.002679765224456787,0.11034442484378815,0.11034442484378815,160.0597521662712
crack0088_04.png,1.400491976737976,160.79896545410156,160.2667999267578,0.53216552734375,119.55274963378906,117.515380859375,2.0373687744140625,0.12254931777715683,0.12343569099903107,0.0008863732218742371,0.3109567165374756,0.30759263038635254,-0.003364086151123047,0.3624988794326782,0.3479290008544922,-0.014569878578186035,0.5882737636566162,0.5853479504585266,0.0029258131980895996,0.10762590169906616,0.10762590169906616,176.71087417006493
crack0088_05.png,-0.17554640769958496,145.2288055419922,144.1119384765625,1.1168670654296875,112.00334167480469,110.05174255371094,1.95159912109375,0.2124786376953125,0.20742414891719818,-0.005054488778114319,0.27636492252349854,0.2351396679878235,-0.04122525453567505,0.2559717893600464,0.22824126482009888,-0.02773052453994751,0.5863245129585266,0.5868166089057922,-0.000492095947265625,0.13739588856697083,0.13739588856697083,155.69758743047714
crack0088_06.png,0.8201765060424805,152.08731079101562,152.05055236816406,0.0367584228515625,113.35895538330078,112.0181884765625,1.3407669067382812,0.1345997303724289,0.13679249584674835,0.002192765474319458,0.28619134426116943,0.2861958146095276,4.470348358154297e-06,0.356245219707489,0.33688586950302124,-0.019359350204467773,0.5870088338851929,0.5852210521697998,0.0017877817153930664,0.12008249759674072,0.12008249759674072,167.47330111265182
crack0088_07.png,2.6755603313446046,146.57089233398438,145.1410369873047,1.4298553466796875,113.91224670410156,111.36656188964844,2.545684814453125,0.1431804895401001,0.14241592586040497,-0.0007645636796951294,0.28127408027648926,0.28860044479370117,0.007326364517211914,0.31891798973083496,0.325674831867218,0.006756842136383057,0.5858362317085266,0.5859476923942566,-0.00011146068572998047,0.11201305687427521,0.11201305687427521,160.7489168047905
crack0088_08.png,1.7912689924240113,153.5045928955078,153.09494018554688,0.4096527099609375,120.50971984863281,117.63512420654297,2.8745956420898438,0.10104279220104218,0.10613764077425003,0.005094848573207855,0.2613627314567566,0.25341498851776123,-0.007947742938995361,0.2773720622062683,0.27126699686050415,-0.00610506534576416,0.5927181839942932,0.5891656875610352,0.0035524964332580566,0.11023105680942535,0.11023105680942535,170.94592636823654
crack0088_09.png,-1.9056933403015137,136.24354553222656,137.0310516357422,-0.787506103515625,109.26084899902344,108.0819091796875,1.1789398193359375,0.1646110564470291,0.17210672795772552,0.007495671510696411,0.2804274559020996,0.2246808409690857,-0.055746614933013916,0.32764488458633423,0.2926058769226074,-0.03503900766372681,0.5851326584815979,0.5841214656829834,0.001011192798614502,0.13831950724124908,0.13831950724124908,150.16594153642654
crack0089_00.png,-2.1916248321533205,136.27806091308594,136.87115478515625,-0.5930938720703125,105.40440368652344,105.28150177001953,0.12290191650390625,0.14793093502521515,0.15447311103343964,0.006542176008224487,0.10855615139007568,0.054156482219696045,-0.05439966917037964,0.1918918490409851,0.14850199222564697,-0.043389856815338135,0.5879584550857544,0.587835431098938,0.00012302398681640625,0.11920902132987976,0.11920902132987976,151.21708995103836
crack0089_01.png,-2.6655795574188232,123.50914764404297,126.1908187866211,-2.681671142578125,107.12454986572266,106.74281311035156,0.38173675537109375,0.159955233335495,0.1575518101453781,-0.0024034231901168823,0.0,0.0,0.0,0.10733193159103394,0.0753294825553894,-0.03200244903564453,0.5933102369308472,0.5919184684753418,0.001391768455505371,0.12101596593856812,0.12101596593856812,139.12928408384323
crack0089_02.png,0.5453109502792359,145.17840576171875,146.37295532226562,-1.194549560546875,118.38424682617188,117.38641357421875,0.997833251953125,0.12265559285879135,0.1328667253255844,0.01021113246679306,0.13070780038833618,0.14547616243362427,0.014768362045288086,0.14981210231781006,0.17340725660324097,0.023595154285430908,0.6003267765045166,0.6019992232322693,-0.0016724467277526855,0.11233345419168472,0.11233345419168472,162.49631389975548
crack0089_03.png,-2.1354979515075683,140.4482421875,141.7813720703125,-1.3331298828125,112.3750228881836,111.40744018554688,0.9675827026367188,0.14827343821525574,0.13863462209701538,-0.009638816118240356,0.0112532377243042,0.0,-0.0112532377243042,0.06703895330429077,0.06207871437072754,-0.004960238933563232,0.6007919907569885,0.5999961495399475,0.0007958412170410156,0.11471669375896454,0.11471669375896454,156.82840943336487
crack0089_04.png,-0.4394251346588134,131.5632781982422,131.68328857421875,-0.1200103759765625,108.49263000488281,108.67071533203125,-0.1780853271484375,0.20959892868995667,0.19599483907222748,-0.013604089617729187,0.0147286057472229,0.03343695402145386,0.018708348274230957,0.18245595693588257,0.18453222513198853,0.002076268196105957,0.600023090839386,0.5977277755737305,0.0022953152656555176,0.14257200062274933,0.14257200062274933,143.86451667547226
crack0089_05.png,-0.9659907341003418,127.85022735595703,128.60911560058594,-0.7588882446289062,110.8499755859375,109.16339111328125,1.68658447265625,0.1866500973701477,0.17423471808433533,-0.012415379285812378,0.1653597354888916,0.1672358512878418,0.0018761157989501953,0.20380628108978271,0.18790572881698608,-0.01590055227279663,0.5974240899085999,0.5965128540992737,0.0009112358093261719,0.13272181153297424,0.13272181153297424,141.67255198955536
crack0089_06.png,0.4940240859985352,141.4288330078125,141.3954315185547,0.0334014892578125,113.09844970703125,111.12908172607422,1.9693679809570312,0.11505213379859924,0.12307083606719971,0.008018702268600464,0.17689228057861328,0.14912813901901245,-0.02776414155960083,0.13932377099990845,0.12784940004348755,-0.011474370956420898,0.6005113124847412,0.5969626903533936,0.0035486221313476562,0.11704903095960617,0.11704903095960617,158.5294567346573
crack0089_07.png,-0.9503068447113037,124.3038330078125,124.6811752319336,-0.37734222412109375,105.97026824951172,106.28994750976562,-0.31967926025390625,0.1411214917898178,0.144300639629364,0.0031791478395462036,0.019515633583068848,0.0,-0.019515633583068848,0.11043435335159302,0.02324908971786499,-0.08718526363372803,0.5924183130264282,0.590388298034668,0.002030014991760254,0.11497150361537933,0.11497150361537933,139.7219471335411
crack0089_08.png,-1.8427056312561034,138.6249237060547,139.35414123535156,-0.729217529296875,115.30027770996094,113.51531982421875,1.7849578857421875,0.17983783781528473,0.16190959513187408,-0.017928242683410645,0.23856931924819946,0.22717809677124023,-0.011391222476959229,0.24056214094161987,0.24165916442871094,0.0010970234870910645,0.5982468128204346,0.5966858863830566,0.0015609264373779297,0.11780021339654922,0.11780021339654922,153.20482927560806
crack0089_09.png,-0.6336237907409668,138.35215759277344,139.70721435546875,-1.3550567626953125,114.88041687011719,113.03895568847656,1.841461181640625,0.1795501410961151,0.164229154586792,-0.01532098650932312,0.0796460509300232,0.11164319515228271,0.03199714422225952,0.10119342803955078,0.11528873443603516,0.014095306396484375,0.5896539688110352,0.591387927532196,-0.0017339587211608887,0.13972154259681702,0.13972154259681702,152.83145380020142
crack0090_00.png,7.961042499542236,112.33588409423828,108.06339263916016,4.272491455078125,109.88284301757812,107.26311492919922,2.6197280883789062,0.2874469757080078,0.30575552582740784,0.018308550119400024,0.3540860414505005,0.38506555557250977,0.030979514122009277,0.2691704034805298,0.3013700842857361,0.0321996808052063,0.5896424651145935,0.5912225842475891,-0.0015801191329956055,0.21015268564224243,0.21015268564224243,116.60172319412231
crack0090_01.png,7.023837471008301,116.53048706054688,113.72526550292969,2.8052215576171875,111.16999816894531,108.81028747558594,2.359710693359375,0.25529009103775024,0.2751644253730774,0.01987433433532715,0.2263956069946289,0.268007755279541,0.04161214828491211,0.15896815061569214,0.2111455798149109,0.05217742919921875,0.5913302302360535,0.5908227562904358,0.0005074739456176758,0.1999601125717163,0.1999601125717163,123.4636800289154
crack0090_02.png,9.106586837768555,105.95414733886719,101.09380340576172,4.860343933105469,109.9566879272461,108.13240814208984,1.82427978515625,0.27423685789108276,0.2844376266002655,0.01020076870918274,0.41952723264694214,0.48318272829055786,0.06365549564361572,0.23820585012435913,0.31399476528167725,0.07578891515731812,0.5842983722686768,0.5804421305656433,0.0038562417030334473,0.14174342155456543,0.14174342155456543,110.44169878959656
crack0090_03.png,8.822116088867187,111.71311950683594,106.71551513671875,4.9976043701171875,113.60418701171875,110.63966369628906,2.9645233154296875,0.23049378395080566,0.23074772953987122,0.00025394558906555176,0.39536052942276,0.45784443616867065,0.062483906745910645,0.2407814860343933,0.30292707681655884,0.06214559078216553,0.5898731350898743,0.5868973731994629,0.002975761890411377,0.15598589181900024,0.15598589181900024,118.97961568832397
crack0090_04.png,5.355449962615967,106.36578369140625,103.05017852783203,3.3156051635742188,106.41231536865234,104.71867370605469,1.6936416625976562,0.25908157229423523,0.26115909218788147,0.0020775198936462402,0.35315096378326416,0.38129091262817383,0.028139948844909668,0.2713373899459839,0.31985044479370117,0.048513054847717285,0.5909534692764282,0.5891887545585632,0.0017647147178649902,0.1893046796321869,0.1893046796321869,112.80122554302216
crack0090_05.png,7.197922611236573,117.67076110839844,113.10584259033203,4.564918518066406,114.64198303222656,112.07215881347656,2.56982421875,0.3271127939224243,0.331784725189209,0.004671931266784668,0.4345850944519043,0.46501052379608154,0.030425429344177246,0.3478925824165344,0.3842083811759949,0.03631579875946045,0.5915032625198364,0.5911456942558289,0.00035756826400756836,0.2315509170293808,0.2315509170293808,119.42166471481323
crack0090_06.png,4.775375270843506,123.98426818847656,119.51272583007812,4.4715423583984375,117.93229675292969,115.59547424316406,2.336822509765625,0.27488046884536743,0.26081427931785583,-0.014066189527511597,0.2660265564918518,0.2802242636680603,0.014197707176208496,0.19618481397628784,0.241898775100708,0.045713961124420166,0.5951864719390869,0.5970242023468018,-0.0018377304077148438,0.19032958149909973,0.19032958149909973,129.98060834407806
crack0090_07.png,6.774976634979248,112.91954803466797,109.73680114746094,3.1827468872070312,111.3298568725586,109.16549682617188,2.1643600463867188,0.2212059050798416,0.245127335190773,0.023921430110931396,0.46505868434906006,0.48503583669662476,0.019977152347564697,0.3081362247467041,0.35822510719299316,0.05008888244628906,0.5913686752319336,0.5910265445709229,0.0003421306610107422,0.1833900809288025,0.1833900809288025,121.7105672955513
crack0090_08.png,9.73134536743164,118.18183898925781,112.66683959960938,5.5149993896484375,115.51835632324219,112.96284484863281,2.555511474609375,0.18437053263187408,0.20999614894390106,0.025625616312026978,0.44130051136016846,0.47244417667388916,0.031143665313720703,0.22893685102462769,0.27932220697402954,0.050385355949401855,0.5871626138687134,0.5897039771080017,-0.00254136323928833,0.18007920682430267,0.18007920682430267,127.95026642084122
crack0090_09.png,5.679592037200928,112.96471405029297,109.76811218261719,3.1966018676757812,112.60734558105469,110.89033508300781,1.717010498046875,0.21260836720466614,0.23456799983978271,0.021959632635116577,0.41314244270324707,0.41180944442749023,-0.001332998275756836,0.34099358320236206,0.3360000252723694,-0.004993557929992676,0.5962629914283752,0.5939446091651917,0.0023183822631835938,0.16067180037498474,0.16067180037498474,122.46043074131012
crack0091_00.png,0.7910985946655273,100.84307861328125,100.11267852783203,0.7304000854492188,110.66624450683594,110.34039306640625,0.3258514404296875,0.17041340470314026,0.16835296154022217,-0.002060443162918091,0.0,0.0,0.0,0.02353423833847046,0.0,-0.02353423833847046,0.5958784818649292,0.5934986472129822,0.0023798346519470215,0.1312180757522583,0.1312180757522583,114.21184015274048
crack0091_01.png,-2.56258225440979,115.27108764648438,117.58895874023438,-2.31787109375,118.88224792480469,118.58382415771484,0.29842376708984375,0.20387771725654602,0.20005719363689423,-0.0038205236196517944,0.0,0.0,0.0,0.05243951082229614,0.0,-0.05243951082229614,0.5964513421058655,0.5979123115539551,-0.0014609694480895996,0.13888120651245117,0.13888120651245117,128.34308403730392
crack0091_02.png,-1.1119102478027343,88.79932403564453,89.7345199584961,-0.9351959228515625,107.56678771972656,107.04598236083984,0.5208053588867188,0.17253634333610535,0.1898825466632843,0.017346203327178955,0.04506415128707886,0.0,-0.04506415128707886,0.1258072853088379,0.06534165143966675,-0.06046563386917114,0.5919492244720459,0.5912033915519714,0.0007458329200744629,0.13081780076026917,0.13081780076026917,102.59271037578583
crack0091_03.png,-1.2182429313659668,95.2542953491211,96.4485092163086,-1.1942138671875,110.26092529296875,110.07388305664062,0.187042236328125,0.17600862681865692,0.17561502754688263,-0.000393599271774292,0.0,0.0,0.0,0.014985620975494385,0.0,-0.014985620975494385,0.5921299457550049,0.5938138961791992,-0.001683950424194336,0.12887492775917053,0.12887492775917053,109.06705647706985
crack0091_04.png,-0.506516408920288,88.22343444824219,89.33369445800781,-1.110260009765625,111.45213317871094,111.44783020019531,0.004302978515625,0.1305522620677948,0.13891376554965973,0.00836150348186493,0.0,0.0,0.0,0.0,0.0,0.0,0.5925259590148926,0.5941984057426453,-0.0016724467277526855,0.10681045800447464,0.10681045800447464,104.71336495876312
crack0091_05.png,0.3646629810333253,80.6329116821289,81.28451538085938,-0.6516036987304688,109.65924072265625,109.0106430053711,0.6485977172851562,0.17487271130084991,0.19713810086250305,0.022265389561653137,0.2506500482559204,0.22267550230026245,-0.02797454595565796,0.2257118821144104,0.20268994569778442,-0.023021936416625977,0.5938523411750793,0.5914878845214844,0.0023644566535949707,0.13502013683319092,0.13502013683319092,94.22044450044632
crack0091_06.png,0.2962129592895508,95.0045166015625,96.60919952392578,-1.6046829223632812,114.07805633544922,113.20842742919922,0.86962890625,0.1545874923467636,0.175273135304451,0.020685642957687378,0.0,0.0,0.0,0.0,0.0,0.0,0.593264102935791,0.595809280872345,-0.002545177936553955,0.11342005431652069,0.11342005431652069,110.36397975683212
crack0091_07.png,-0.7484247207641601,101.92456817626953,102.80497741699219,-0.8804092407226562,113.79885864257812,113.34877014160156,0.4500885009765625,0.15370236337184906,0.15209440886974335,-0.0016079545021057129,0.0,0.0,0.0,0.06407523155212402,0.0030385255813598633,-0.06103670597076416,0.5938485264778137,0.5918338894844055,0.002014636993408203,0.12179209291934967,0.12179209291934967,116.99304932355881
crack0091_08.png,-3.247438597679138,97.77961730957031,98.71146392822266,-0.9318466186523438,110.59515380859375,109.93074035644531,0.6644134521484375,0.11119087040424347,0.12054526060819626,0.00935439020395279,0.08639532327651978,0.0,-0.08639532327651978,0.08564430475234985,0.0,-0.08564430475234985,0.5938062071800232,0.5906535983085632,0.003152608871459961,0.1147662028670311,0.1147662028670311,115.3263366818428
crack0091_09.png,-3.2915860176086427,100.68250274658203,102.41893005371094,-1.7364273071289062,117.37899017333984,117.62086486816406,-0.24187469482421875,0.13720478117465973,0.15269161760807037,0.015486836433410645,0.3292297124862671,0.26230329275131226,-0.06692641973495483,0.3368261456489563,0.2787078619003296,-0.05811828374862671,0.5932141542434692,0.5937216281890869,-0.0005074739456176758,0.12350823730230331,0.12350823730230331,117.06729465723038
crack0092_00.png,-0.8385121822357178,151.84042358398438,154.0076141357422,-2.1671905517578125,113.71342468261719,111.39622497558594,2.31719970703125,0.13201281428337097,0.13683153688907623,0.004818722605705261,0.0,0.0,0.0,0.0,0.0,0.0,0.5869780778884888,0.5865705609321594,0.0004075169563293457,0.0933719202876091,0.0933719202876091,168.48237311840057
crack0092_01.png,-5.883916187286377,136.95150756835938,140.57492065429688,-3.6234130859375,117.58551025390625,117.671142578125,-0.08563232421875,0.2023099809885025,0.17500470578670502,-0.027305275201797485,0.0,0.0,0.0,0.1259182095527649,0.0998988151550293,-0.026019394397735596,0.5856824517250061,0.5867281556129456,-0.0010457038879394531,0.10524682700634003,0.10524682700634003,151.73205798864365
crack0092_02.png,-1.0058741569519043,112.9286880493164,113.76985931396484,-0.8411712646484375,109.33232116699219,107.06585693359375,2.2664642333984375,0.18264885246753693,0.1859758347272873,0.003326982259750366,0.1807423233985901,0.15131616592407227,-0.029426157474517822,0.21218186616897583,0.17019551992416382,-0.04198634624481201,0.5840830206871033,0.5880930423736572,-0.004010021686553955,0.11939679831266403,0.11939679831266403,125.9140642285347
crack0092_03.png,-1.7270564556121828,134.0414581298828,136.4385986328125,-2.3971405029296875,113.31993103027344,111.29334259033203,2.0265884399414062,0.22321423888206482,0.21665357053279877,-0.006560668349266052,0.01714158058166504,0.028706073760986328,0.011564493179321289,0.16558659076690674,0.15531927347183228,-0.010267317295074463,0.5830526947975159,0.5850096344947815,-0.001956939697265625,0.10061173141002655,0.10061173141002655,145.641199529171
crack0092_04.png,-0.11988463401794425,137.1378631591797,136.65335083007812,0.4845123291015625,109.51957702636719,107.11885070800781,2.400726318359375,0.17952455580234528,0.16509562730789185,-0.01442892849445343,0.10967963933944702,0.09660601615905762,-0.013073623180389404,0.19466406106948853,0.2065976858139038,0.011933624744415283,0.5897769927978516,0.5869626998901367,0.0028142929077148438,0.10241815447807312,0.10241815447807312,150.58094906806946
crack0092_05.png,-0.4179779052734376,131.4530029296875,130.8460693359375,0.60693359375,113.97225952148438,112.01698303222656,1.9552764892578125,0.18847987055778503,0.18989795446395874,0.001418083906173706,0.0798499584197998,0.030427217483520508,-0.0494227409362793,0.13936853408813477,0.10619890689849854,-0.03316962718963623,0.5862706899642944,0.5848596692085266,0.0014110207557678223,0.10477468371391296,0.10477468371391296,143.29157149791718
crack0092_06.png,-1.6055467128753662,131.39698791503906,133.48147583007812,-2.0844879150390625,112.0927734375,109.91973114013672,2.1730422973632812,0.16488216817378998,0.1583639681339264,-0.006518200039863586,0.0,0.0,0.0,0.0,0.0,0.0,0.5893271565437317,0.5860476493835449,0.0032795071601867676,0.10373780131340027,0.10373780131340027,146.51048004627228
crack0092_07.png,-1.8085195541381838,135.18275451660156,138.61212158203125,-3.4293670654296875,112.08558654785156,109.63980102539062,2.4457855224609375,0.15907737612724304,0.16635164618492126,0.007274270057678223,0.0,0.0,0.0,0.009083330631256104,0.009413838386535645,0.000330507755279541,0.5885159373283386,0.5870011448860168,0.0015147924423217773,0.09909775853157043,0.09909775853157043,150.89343297481537
crack0092_08.png,-2.1370068073272703,132.28733825683594,135.77394104003906,-3.486602783203125,111.1538314819336,109.46612548828125,1.6877059936523438,0.1569068282842636,0.16645896434783936,0.009552136063575745,0.0,0.0,0.0,0.0,0.0,0.0,0.5861514806747437,0.5883929133415222,-0.0022414326667785645,0.09907229244709015,0.09907229244709015,148.15194648504257
crack0092_09.png,3.789366054534912,144.59564208984375,141.17996215820312,3.415679931640625,114.85588073730469,112.36893463134766,2.4869461059570312,0.13953238725662231,0.14235946536064148,0.002827078104019165,0.1634621024131775,0.14230751991271973,-0.021154582500457764,0.1850217580795288,0.16986417770385742,-0.015157580375671387,0.588008463382721,0.5880353450775146,-2.6881694793701172e-05,0.12372035533189774,0.12372035533189774,158.03727269172668
crack0093_00.png,-2.2610901832580566,137.4363555908203,140.96914672851562,-3.5327911376953125,114.58484649658203,112.56806945800781,2.0167770385742188,0.2003621608018875,0.2075355499982834,0.007173389196395874,0.0,0.0,0.0,0.0,0.0,0.0,0.5910957455635071,0.5938177704811096,-0.002722024917602539,0.11361034214496613,0.11361034214496613,150.9337323307991
crack0093_01.png,1.1395081520080566,112.83040618896484,112.62859344482422,0.201812744140625,116.98487091064453,115.35746765136719,1.6274032592773438,0.2715652287006378,0.27440544962882996,0.0028402209281921387,0.0,0.0,0.0,0.012042403221130371,0.025050640106201172,0.0130082368850708,0.5963091254234314,0.5948212146759033,0.0014879107475280762,0.138947993516922,0.138947993516922,120.28795111179352
crack0093_02.png,1.45614972114563,130.04324340820312,131.84515380859375,-1.801910400390625,117.7500228881836,114.59788513183594,3.1521377563476562,0.21162323653697968,0.23581936955451965,0.024196133017539978,0.0,0.0,0.0,0.0,0.0,0.0,0.5963937044143677,0.5948558449745178,0.0015378594398498535,0.1110212653875351,0.1110212653875351,142.10255259275436
crack0093_03.png,1.658522653579712,121.58328247070312,122.48678588867188,-0.90350341796875,112.75942993164062,110.72540283203125,2.034027099609375,0.19956417381763458,0.2198987901210785,0.02033461630344391,0.0,0.0,0.0,0.0,0.0,0.0,0.5947597026824951,0.5917185544967651,0.0030411481857299805,0.11460284888744354,0.11460284888744354,133.85157185792923
crack0093_04.png,-0.38007884025573724,123.62574005126953,124.987548828125,-1.3618087768554688,112.21900177001953,109.89492797851562,2.3240737915039062,0.2370436042547226,0.23810046911239624,0.001056864857673645,0.0,0.0,0.0,0.0,0.0,0.0,0.5935102105140686,0.5943214297294617,-0.0008112192153930664,0.122516930103302,0.122516930103302,133.85688537359238
crack0093_05.png,1.0676623344421388,140.5647735595703,140.54779052734375,0.0169830322265625,107.63973999023438,106.48424530029297,1.1554946899414062,0.18075242638587952,0.18959441781044006,0.008841991424560547,0.0,0.0,0.0,0.0,0.0,0.0,0.5854209661483765,0.5883929133415222,-0.002971947193145752,0.10291575640439987,0.10291575640439987,153.24685299396515
crack0093_06.png,0.047501325607299805,127.68375396728516,129.40219116210938,-1.7184371948242188,113.8686752319336,112.06100463867188,1.8076705932617188,0.2427450269460678,0.25555020570755005,0.012805178761482239,0.0,0.0,0.0,0.0,0.0,0.0,0.594894289970398,0.5944328904151917,0.00046139955520629883,0.11470794677734375,0.11470794677734375,137.77404254674911
crack0093_07.png,0.29264287948608403,118.6743392944336,119.95098876953125,-1.2766494750976562,109.5721206665039,108.737548828125,0.8345718383789062,0.20678526163101196,0.22255536913871765,0.01577010750770569,0.0,0.0,0.0,0.0,0.0,0.0,0.5900614857673645,0.5907151103019714,-0.0006536245346069336,0.124961718916893,0.124961718916893,130.53415274620056
crack0093_08.png,0.7622992038726807,126.66167449951172,126.64446258544922,0.0172119140625,111.13703918457031,110.0207290649414,1.1163101196289062,0.226539745926857,0.2308773398399353,0.004337593913078308,0.0,0.0,0.0,0.03584367036819458,0.0,-0.03584367036819458,0.5909842252731323,0.5921953320503235,-0.0012111067771911621,0.11936266720294952,0.11936266720294952,136.748497068882
crack0093_09.png,1.5024504184722902,119.83444213867188,120.18244934082031,-0.3480072021484375,111.6456069946289,109.55167388916016,2.09393310546875,0.2292342185974121,0.24125514924526215,0.012020930647850037,0.0,0.0,0.0,0.05626344680786133,0.049907684326171875,-0.006355762481689453,0.5943406224250793,0.5930603742599487,0.0012802481651306152,0.12556594610214233,0.12556594610214233,130.02801752090454
crack0094_00.png,2.5244717597961426,111.8439712524414,109.94636535644531,1.8976058959960938,104.53821563720703,103.50542449951172,1.0327911376953125,0.3162020742893219,0.3339110314846039,0.017708957195281982,0.02875542640686035,0.0,-0.02875542640686035,0.08269715309143066,0.07813960313796997,-0.004557549953460693,0.585290253162384,0.5866090059280396,-0.0013187527656555176,0.24298977851867676,0.24298977851867676,115.38740408420563
crack0094_01.png,1.6119619369506837,109.6430892944336,107.76737976074219,1.8757095336914062,107.70496368408203,106.60493469238281,1.1000289916992188,0.3243711590766907,0.32693982124328613,0.002568662166595459,0.04924190044403076,0.028167665004730225,-0.021074235439300537,0.0,0.0,0.0,0.5849365592002869,0.5865936279296875,-0.0016570687294006348,0.2201891988515854,0.2201891988515854,112.70671010017395
crack0094_02.png,1.5392028808593752,102.20352935791016,100.75233459472656,1.4511947631835938,104.04742431640625,102.48320007324219,1.5642242431640625,0.33414971828460693,0.32723644375801086,-0.006913274526596069,0.0,0.0,0.0,0.0,0.0,0.0,0.5902383923530579,0.5898538827896118,0.0003845095634460449,0.23150649666786194,0.23150649666786194,105.45328104496002
crack0094_03.png,3.480020809173584,102.39424896240234,99.7348403930664,2.6594085693359375,111.07621765136719,109.54443359375,1.5317840576171875,0.2901749312877655,0.3040330111980438,0.01385807991027832,0.09072005748748779,0.06852811574935913,-0.022191941738128662,0.03451526165008545,0.0414089560508728,0.0068936944007873535,0.589473307132721,0.5898000597953796,-0.0003267526626586914,0.20158261060714722,0.20158261060714722,107.24605119228363
crack0094_04.png,2.163589572906494,105.8792495727539,103.45906829833984,2.4201812744140625,110.37191772460938,108.42060089111328,1.9513168334960938,0.2887108623981476,0.3033212125301361,0.014610350131988525,0.06562447547912598,0.011806070804595947,-0.05381840467453003,0.028765499591827393,0.03242897987365723,0.003663480281829834,0.5887197256088257,0.5900499820709229,-0.001330256462097168,0.2127951979637146,0.2127951979637146,110.94850647449493
crack0094_05.png,2.5142400741577147,103.28829193115234,101.48143768310547,1.806854248046875,106.7099380493164,105.51171112060547,1.1982269287109375,0.32156214118003845,0.3252822458744049,0.003720104694366455,0.0,0.0,0.0,0.0,0.0,0.0,0.5871933698654175,0.5889312028884888,-0.001737833023071289,0.217094287276268,0.217094287276268,106.64838445186615
crack0094_06.png,3.6126369476318363,105.65536499023438,103.09809875488281,2.5572662353515625,109.14543151855469,106.96817779541016,2.1772537231445312,0.302040696144104,0.3196975290775299,0.017656832933425903,0.33197450637817383,0.3038792610168457,-0.028095245361328125,0.23100519180297852,0.23183560371398926,0.0008304119110107422,0.5892733335494995,0.5918800234794617,-0.002606689929962158,0.24207808077335358,0.24207808077335358,109.92949104309082
crack0094_07.png,4.940543556213379,102.06206512451172,99.26480102539062,2.7972640991210938,109.16368865966797,107.8138427734375,1.3498458862304688,0.30670687556266785,0.3278616666793823,0.021154791116714478,0.0,0.0,0.0,0.0,0.0,0.0,0.5900576710700989,0.5922837257385254,-0.0022260546684265137,0.21211686730384827,0.21211686730384827,105.95236957073212
crack0094_08.png,3.6365357398986817,103.70858764648438,101.85044860839844,1.8581390380859375,104.56108093261719,103.0145034790039,1.5465774536132812,0.28511980175971985,0.2972946763038635,0.012174874544143677,0.0,0.0,0.0,0.0,0.0,0.0,0.5930065512657166,0.5883621573448181,0.0046443939208984375,0.18098509311676025,0.18098509311676025,109.39259207248688
crack0094_09.png,3.0006452560424806,113.40328979492188,110.98017120361328,2.4231185913085938,107.81085205078125,106.11325073242188,1.697601318359375,0.358492910861969,0.35727202892303467,-0.0012208819389343262,0.0,0.0,0.0,0.11038064956665039,0.07503306865692139,-0.035347580909729004,0.5849404335021973,0.5850365161895752,-9.608268737792969e-05,0.2097764015197754,0.2097764015197754,114.1568694114685
crack0095_00.png,-2.498968458175659,114.78678894042969,119.12584686279297,-4.339057922363281,104.48322296142578,104.54878234863281,-0.06555938720703125,0.23971028625965118,0.273128867149353,0.03341858088970184,0.08818286657333374,0.06947988271713257,-0.018702983856201172,0.19968187808990479,0.19301897287368774,-0.006662905216217041,0.5904229283332825,0.5918992757797241,-0.0014763474464416504,0.14916115999221802,0.14916115999221802,126.24967175722122
crack0095_01.png,-4.891196393966675,112.8846435546875,118.03858184814453,-5.153938293457031,105.52870178222656,105.50811767578125,0.0205841064453125,0.18020865321159363,0.17869560420513153,-0.0015130490064620972,0.1492927074432373,0.15732049942016602,0.008027791976928711,0.18390774726867676,0.17976582050323486,-0.0041419267654418945,0.5908150672912598,0.5894540548324585,0.0013610124588012695,0.1748906373977661,0.1748906373977661,128.37247914075851
crack0095_02.png,-1.7708662033081053,123.7542495727539,126.31779479980469,-2.5635452270507812,106.92585754394531,106.6778564453125,0.2480010986328125,0.26345598697662354,0.2682821750640869,0.004826188087463379,0.09801477193832397,0.1060338020324707,0.008019030094146729,0.1543513536453247,0.14655184745788574,-0.007799506187438965,0.5929911732673645,0.5933256149291992,-0.0003344416618347168,0.1623142808675766,0.1623142808675766,132.96168756484985
crack0095_03.png,0.5845869064331053,98.57014465332031,101.52120971679688,-2.9510650634765625,107.12298583984375,106.29661560058594,0.8263702392578125,0.1351405382156372,0.17529892921447754,0.04015839099884033,0.34182310104370117,0.34247201681137085,0.0006489157676696777,0.2955371141433716,0.3085048198699951,0.012967705726623535,0.590284526348114,0.5911226272583008,-0.0008381009101867676,0.15745462477207184,0.15745462477207184,115.58214998245239
crack0095_04.png,0.24813966751098637,103.86327362060547,106.12504577636719,-2.2617721557617188,112.10858154296875,110.11125183105469,1.9973297119140625,0.23421472311019897,0.2548521161079407,0.0206373929977417,0.20311307907104492,0.20621603727340698,0.0031029582023620605,0.23992317914962769,0.25409144163131714,0.014168262481689453,0.5926951169967651,0.5942983627319336,-0.001603245735168457,0.1611804962158203,0.1611804962158203,114.71321082115173
crack0095_05.png,-0.34889564514160165,112.08358764648438,114.89832305908203,-2.8147354125976562,105.02069091796875,104.8715591430664,0.14913177490234375,0.20818613469600677,0.23296983540058136,0.024783700704574585,0.310467004776001,0.323203444480896,0.01273643970489502,0.2954714894294739,0.2874385714530945,-0.008032917976379395,0.584186851978302,0.5863360166549683,-0.0021491646766662598,0.17785540223121643,0.17785540223121643,124.45322793722153
crack0095_06.png,-1.1085649490356446,113.1495132446289,115.45442962646484,-2.3049163818359375,105.19709777832031,104.49655151367188,0.7005462646484375,0.1922435760498047,0.20987969636917114,0.017636120319366455,0.3243424892425537,0.31007814407348633,-0.014264345169067383,0.3502728343009949,0.320226788520813,-0.030046045780181885,0.5908496975898743,0.5889542698860168,0.0018954277038574219,0.16364479064941406,0.16364479064941406,126.40134477615356
crack0095_07.png,-0.08830676078796396,106.67267608642578,108.45826721191406,-1.7855911254882812,103.83981323242188,102.559814453125,1.279998779296875,0.23094837367534637,0.24276185035705566,0.01181347668170929,0.3126288652420044,0.31563133001327515,0.003002464771270752,0.3256494998931885,0.329142689704895,0.003493189811706543,0.5890619158744812,0.5860592126846313,0.0030027031898498535,0.16008949279785156,0.16008949279785156,117.27104586362839
crack0095_08.png,-4.012831163406372,112.28398895263672,115.8526382446289,-3.5686492919921875,106.19430541992188,106.26522827148438,-0.0709228515625,0.19260595738887787,0.19928330183029175,0.006677344441413879,0.21760153770446777,0.1908603310585022,-0.026741206645965576,0.24372518062591553,0.23335570096969604,-0.010369479656219482,0.5874933004379272,0.584502100944519,0.002991199493408203,0.14435184001922607,0.14435184001922607,126.01168817281723
crack0095_09.png,-1.270998191833496,105.19000244140625,107.00065612792969,-1.8106536865234375,107.29054260253906,106.40733337402344,0.883209228515625,0.22783318161964417,0.24936071038246155,0.021527528762817383,0.10576421022415161,0.07078635692596436,-0.034977853298187256,0.12397927045822144,0.0807235836982727,-0.04325568675994873,0.5954671502113342,0.5988850593566895,-0.0034179091453552246,0.1522151529788971,0.1522151529788971,116.3807407617569
crack0096_00.png,2.210727643966675,124.95278930664062,122.43671417236328,2.5160751342773438,104.90526580810547,104.25798034667969,0.6472854614257812,0.24141134321689606,0.25138598680496216,0.009974643588066101,0.1321302056312561,0.10159224271774292,-0.030537962913513184,0.2244725227355957,0.18121320009231567,-0.04325932264328003,0.5824106335639954,0.5859284996986389,-0.0035178661346435547,0.11308235675096512,0.11308235675096512,132.64721113443375
crack0096_01.png,4.877111387252808,125.69737243652344,121.19373321533203,4.503639221191406,106.61775207519531,104.9449234008789,1.6728286743164062,0.19728350639343262,0.1973630040884018,7.949769496917725e-05,0.29365068674087524,0.2887915372848511,-0.00485914945602417,0.2923787236213684,0.2521258592605591,-0.040252864360809326,0.5880584120750427,0.5907497406005859,-0.002691328525543213,0.12043416500091553,0.12043416500091553,135.23853206634521
crack0096_02.png,6.4788830280303955,142.21910095214844,137.80511474609375,4.4139862060546875,110.35578918457031,109.0050048828125,1.3507843017578125,0.20699556171894073,0.20575857162475586,-0.0012369900941848755,0.17925184965133667,0.22038251161575317,0.041130661964416504,0.12602710723876953,0.14187145233154297,0.015844345092773438,0.5961476564407349,0.596689760684967,-0.0005421042442321777,0.10235264897346497,0.10235264897346497,151.53418397903442
crack0096_03.png,5.764805316925049,114.33248138427734,110.68682098388672,3.645660400390625,106.9124755859375,105.23965454101562,1.672821044921875,0.2665517032146454,0.2711305022239685,0.00457879900932312,0.04884922504425049,0.07585746049880981,0.027008235454559326,0.14541268348693848,0.12851297855377197,-0.016899704933166504,0.5849635004997253,0.5848789215087891,8.45789909362793e-05,0.1398462951183319,0.1398462951183319,119.91508901119232
crack0096_04.png,5.266070747375489,127.8597640991211,124.06080627441406,3.7989578247070312,104.05961608886719,102.4863052368164,1.5733108520507812,0.20176056027412415,0.2155030071735382,0.013742446899414062,0.3749719262123108,0.3655328154563904,-0.00943911075592041,0.37414658069610596,0.36437302827835083,-0.009773552417755127,0.5896578431129456,0.5867589116096497,0.0028989315032958984,0.11757313460111618,0.11757313460111618,137.44096529483795
crack0096_05.png,3.792481851577759,123.37542724609375,120.42926025390625,2.9461669921875,107.06761169433594,105.05760192871094,2.010009765625,0.2045719027519226,0.21150334179401398,0.00693143904209137,0.1591256856918335,0.14666277170181274,-0.012462913990020752,0.1553747057914734,0.15887540578842163,0.003500699996948242,0.5877200961112976,0.5880622863769531,-0.0003421902656555176,0.12099703401327133,0.12099703401327133,133.15052103996277
crack0096_06.png,2.5387529850006105,113.98512268066406,111.75148010253906,2.233642578125,100.40836334228516,99.9079818725586,0.5003814697265625,0.2146463692188263,0.2266303449869156,0.011983975768089294,0.11147820949554443,0.09132987260818481,-0.02014833688735962,0.25355082750320435,0.21366363763809204,-0.039887189865112305,0.5827105045318604,0.5839061737060547,-0.001195669174194336,0.11445441842079163,0.11445441842079163,123.34576618671417
crack0096_07.png,3.703888702392578,104.64801788330078,101.22509002685547,3.4229278564453125,101.4364013671875,100.62590026855469,0.8105010986328125,0.2447342872619629,0.24936911463737488,0.004634827375411987,0.010719716548919678,0.0,-0.010719716548919678,0.0947413444519043,0.02798980474472046,-0.06675153970718384,0.5859092473983765,0.5855401754379272,0.00036907196044921875,0.12113125622272491,0.12113125622272491,111.68886661529541
crack0096_08.png,3.7617430210113527,121.22208404541016,117.83026123046875,3.3918228149414062,102.43285369873047,101.73380279541016,0.6990509033203125,0.21060711145401,0.21758674085140228,0.006979629397392273,0.06064558029174805,0.0497550368309021,-0.010890543460845947,0.15082710981369019,0.12418967485427856,-0.02663743495941162,0.5882698893547058,0.5890811085700989,-0.0008112192153930664,0.10704079270362854,0.10704079270362854,130.4529902935028
crack0096_09.png,3.2864707469940186,148.9659423828125,145.52586364746094,3.4400787353515625,108.90538787841797,107.57624816894531,1.3291397094726562,0.21454720199108124,0.1970420479774475,-0.017505154013633728,0.24085092544555664,0.2573148012161255,0.016463875770568848,0.23113620281219482,0.22628158330917358,-0.00485461950302124,0.5960438251495361,0.5946289896965027,0.0014148354530334473,0.11072103679180145,0.11072103679180145,159.2651331424713
crack0097_00.png,5.484631776809692,102.50613403320312,96.56639862060547,5.939735412597656,111.57723236083984,111.5067367553711,0.07049560546875,0.23984472453594208,0.23678386211395264,-0.003060862421989441,0.005434095859527588,0.0,-0.005434095859527588,0.001648247241973877,0.0,-0.001648247241973877,0.5832794904708862,0.5838062167167664,-0.000526726245880127,0.12712401151657104,0.12712401151657104,108.6814832687378
crack0097_01.png,4.969000339508057,108.32283020019531,104.49298858642578,3.8298416137695312,118.85978698730469,117.00958251953125,1.8502044677734375,0.27894654870033264,0.2836601138114929,0.004713565111160278,0.0,0.0,0.0,0.0,0.0,0.0,0.5921953320503235,0.5916455388069153,0.0005497932434082031,0.15482956171035767,0.15482956171035767,113.35892975330353
crack0097_02.png,5.453432846069336,118.6517562866211,113.01174926757812,5.640007019042969,129.92816162109375,127.4981689453125,2.42999267578125,0.35474568605422974,0.33994442224502563,-0.014801263809204102,0.0,0.0,0.0,0.15221309661865234,0.1644839644432068,0.012270867824554443,0.5911188125610352,0.5904805660247803,0.0006382465362548828,0.1635495126247406,0.1635495126247406,119.07983994483948
crack0097_03.png,4.017845726013183,97.96943664550781,95.46528625488281,2.504150390625,112.21870422363281,110.38514709472656,1.83355712890625,0.25453659892082214,0.2660854458808899,0.011548846960067749,0.0,0.0,0.0,0.0,0.0,0.0,0.5940984487533569,0.5976893305778503,-0.003590881824493408,0.13589462637901306,0.13589462637901306,105.35273873806
crack0097_04.png,4.2121076583862305,110.3705825805664,106.7876205444336,3.5829620361328125,121.29959106445312,119.64794158935547,1.6516494750976562,0.2759176194667816,0.2741568982601166,-0.001760721206665039,0.0,0.0,0.0,0.07381784915924072,0.059796154499053955,-0.014021694660186768,0.595201849937439,0.59246826171875,0.002733588218688965,0.14853793382644653,0.14853793382644653,115.93776166439056
crack0097_05.png,3.6013435363769535,104.15802764892578,101.3669204711914,2.791107177734375,116.72990417480469,114.94525909423828,1.7846450805664062,0.24043883383274078,0.24992574751377106,0.009486913681030273,0.01862126588821411,0.0,-0.01862126588821411,0.07985091209411621,0.029150068759918213,-0.050700843334198,0.5903190970420837,0.5882622003555298,0.002056896686553955,0.14144274592399597,0.14144274592399597,111.9489079117775
crack0097_06.png,4.824697828292846,94.85005950927734,91.72697448730469,3.1230850219726562,122.10004425048828,120.20823669433594,1.8918075561523438,0.22167475521564484,0.23240551352500916,0.010730758309364319,0.0,0.0,0.0,0.0,0.0,0.0,0.5974279046058655,0.5952671766281128,0.0021607279777526855,0.13290773332118988,0.13290773332118988,103.88514786958694
crack0097_07.png,3.275220251083374,107.67066192626953,105.57144927978516,2.099212646484375,116.09158325195312,114.17677307128906,1.9148101806640625,0.2398243397474289,0.2441411018371582,0.004316762089729309,0.0,0.0,0.0,0.04424208402633667,0.02717578411102295,-0.01706629991531372,0.6002729535102844,0.5986543893814087,0.0016185641288757324,0.13762378692626953,0.13762378692626953,116.24251335859299
crack0097_08.png,5.111247253417969,102.84785461425781,98.49862670898438,4.3492279052734375,112.085693359375,109.95262145996094,2.1330718994140625,0.29736727476119995,0.2955005168914795,-0.001866757869720459,0.0,0.0,0.0,0.0,0.0,0.0,0.5912725925445557,0.5898193120956421,0.0014532804489135742,0.12692129611968994,0.12692129611968994,106.59411334991455
crack0097_09.png,4.495844316482544,107.50322723388672,103.9094009399414,3.5938262939453125,120.41970825195312,118.37483215332031,2.0448760986328125,0.22989951074123383,0.2291933298110962,-0.0007061809301376343,0.0,0.0,0.0,0.08557277917861938,0.03820621967315674,-0.047366559505462646,0.5986697673797607,0.5951557159423828,0.0035140514373779297,0.12709400057792664,0.12709400057792664,115.90150499343872
crack0098_00.png,-0.7664579391479491,143.99278259277344,145.7158203125,-1.7230377197265625,107.94325256347656,107.19032287597656,0.7529296875,0.17842036485671997,0.18835458159446716,0.009934216737747192,0.0,0.0,0.0,0.0,0.0,0.0,0.5917839407920837,0.5952671766281128,-0.0034832358360290527,0.09794633090496063,0.09794633090496063,157.95976662635803
crack0098_01.png,-0.1163621425628662,156.3182830810547,156.51361083984375,-0.1953277587890625,111.26535034179688,111.20137023925781,0.0639801025390625,0.13973163068294525,0.14032575488090515,0.0005941241979598999,0.0,0.0,0.0,0.0,0.0,0.0,0.5904998183250427,0.5903537273406982,0.00014609098434448242,0.0889417752623558,0.0889417752623558,171.6520418524742
crack0098_02.png,-4.3307215690612795,136.24038696289062,138.46144104003906,-2.2210540771484375,113.09947204589844,112.38082885742188,0.7186431884765625,0.1816374659538269,0.15093138813972473,-0.030706077814102173,0.0,0.0,0.0,0.0,0.0,0.0,0.5933525562286377,0.59186851978302,0.0014840364456176758,0.09667426347732544,0.09667426347732544,152.02913296222687
crack0098_03.png,-0.24772009849548338,154.04598999023438,153.32241821289062,0.72357177734375,109.37200927734375,109.23126983642578,0.14073944091796875,0.1872551292181015,0.17481780052185059,-0.012437328696250916,0.0,0.0,0.0,0.0,0.0,0.0,0.5927681922912598,0.5935832262039185,-0.0008150339126586914,0.09566058218479156,0.09566058218479156,166.9384651184082
crack0098_04.png,-1.5437288284301758,141.8947296142578,143.08778381347656,-1.19305419921875,108.51618957519531,108.03721618652344,0.478973388671875,0.20976199209690094,0.2020609825849533,-0.007701009511947632,0.0,0.0,0.0,0.0,0.0,0.0,0.5888658165931702,0.5870203971862793,0.0018454194068908691,0.09055259823799133,0.09055259823799133,153.9222304224968
crack0098_05.png,-2.352138090133667,123.02960968017578,123.5322494506836,-0.5026397705078125,107.44485473632812,106.6517333984375,0.793121337890625,0.23090480268001556,0.20248445868492126,-0.0284203439950943,0.0,0.0,0.0,0.0,0.0,0.0,0.5931795239448547,0.5905075073242188,0.0026720166206359863,0.0969662219285965,0.0969662219285965,134.8590430021286
crack0098_06.png,-1.046270751953125,131.2346954345703,133.0425262451172,-1.807830810546875,113.8250732421875,112.9784164428711,0.8466567993164062,0.1635211706161499,0.16771551966667175,0.004194349050521851,0.0,0.0,0.0,0.0,0.0,0.0,0.5864436626434326,0.5842599272727966,0.0021837353706359863,0.09429655969142914,0.09429655969142914,145.78508710861206
crack0098_07.png,-1.9074841499328614,134.11778259277344,135.371826171875,-1.2540435791015625,112.06855010986328,110.51045989990234,1.5580902099609375,0.1823144108057022,0.16728059947490692,-0.015033811330795288,0.0,0.0,0.0,0.0,0.0,0.0,0.5859054327011108,0.5877547264099121,-0.0018492937088012695,0.0941099226474762,0.0941099226474762,148.2181574702263
crack0098_08.png,-6.04350643157959,145.76800537109375,148.5350799560547,-2.7670745849609375,111.5869369506836,111.45783996582031,0.12909698486328125,0.20550696551799774,0.16356004774570465,-0.04194691777229309,0.0,0.0,0.0,0.0,0.0,0.0,0.5908881425857544,0.5901960730552673,0.0006920695304870605,0.0906386524438858,0.0906386524438858,160.97346550226212
crack0098_09.png,-0.5101685523986816,123.65632629394531,122.8656005859375,0.7907257080078125,110.4744873046875,109.37638854980469,1.0980987548828125,0.18119138479232788,0.15813058614730835,-0.02306079864501953,0.0,0.0,0.0,0.0,0.0,0.0,0.5963552594184875,0.593737006187439,0.002618253231048584,0.10516753047704697,0.10516753047704697,137.6273386478424
crack0099_00.png,3.906253719329834,130.4831085205078,127.82357788085938,2.6595306396484375,112.17892456054688,111.52011108398438,0.6588134765625,0.2501641809940338,0.26205235719680786,0.011888176202774048,0.0,0.0,0.0,0.0,0.0,0.0,0.59078049659729,0.5899769067764282,0.0008035898208618164,0.12378783524036407,0.12378783524036407,137.77471220493317
crack0099_01.png,6.557841968536377,150.178955078125,147.13461303710938,3.044342041015625,112.77548217773438,111.42808532714844,1.3473968505859375,0.33136793971061707,0.34384894371032715,0.012481003999710083,0.20515316724777222,0.2549275755882263,0.0497744083404541,0.26597076654434204,0.2898576259613037,0.02388685941696167,0.5870280861854553,0.5874009728431702,-0.00037288665771484375,0.14137254655361176,0.14137254655361176,152.27074658870697
crack0099_02.png,3.2412750244140627,130.94668579101562,129.05422973632812,1.8924560546875,116.77953338623047,114.12617492675781,2.6533584594726562,0.41845086216926575,0.4227094352245331,0.004258573055267334,0.0,0.0,0.0,0.03669029474258423,0.04097694158554077,0.004286646842956543,0.5877393484115601,0.5890696048736572,-0.001330256462097168,0.14018823206424713,0.14018823206424713,128.45619022846222
crack0099_03.png,2.615793800354004,135.30386352539062,133.39051818847656,1.9133453369140625,109.23795318603516,108.00784301757812,1.2301101684570312,0.37710854411125183,0.3737141788005829,-0.0033943653106689453,0.24038618803024292,0.2528579831123352,0.012471795082092285,0.22987830638885498,0.24987739324569702,0.01999908685684204,0.5864590406417847,0.5868819952011108,-0.0004229545593261719,0.11757619678974152,0.11757619678974152,135.39961993694305
crack0099_04.png,5.331732082366943,125.31883239746094,124.44022369384766,0.8786087036132812,113.07410430908203,110.99151611328125,2.0825881958007812,0.37211480736732483,0.39438945055007935,0.022274643182754517,0.0952303409576416,0.14130628108978271,0.04607594013214111,0.11397713422775269,0.15167373418807983,0.03769659996032715,0.5919684767723083,0.5920915007591248,-0.00012302398681640625,0.12485808879137039,0.12485808879137039,126.2362996339798
crack0099_05.png,4.320185852050781,138.8344268798828,135.5040740966797,3.330352783203125,110.86845397949219,109.02892303466797,1.8395309448242188,0.30260026454925537,0.3118952512741089,0.009294986724853516,0.21555441617965698,0.20441067218780518,-0.011143743991851807,0.1578817367553711,0.15001946687698364,-0.007862269878387451,0.5837716460227966,0.5848673582077026,-0.0010957121849060059,0.13598906993865967,0.13598906993865967,142.40792894363403
crack0099_06.png,2.785417938232422,129.16619873046875,128.18572998046875,0.98046875,113.68319702148438,111.27782440185547,2.4053726196289062,0.2820335030555725,0.29178035259246826,0.009746849536895752,0.0,0.0,0.0,0.0,0.0,0.0,0.5881007313728333,0.5865244269371033,0.0015763044357299805,0.1218300461769104,0.1218300461769104,135.27798342704773
crack0099_07.png,3.6335142135620115,128.57852172851562,124.6839370727539,3.8945846557617188,114.90156555175781,113.72985076904297,1.1717147827148438,0.3021208941936493,0.2931123673915863,-0.009008526802062988,0.0,0.0,0.0,0.0,0.0,0.0,0.5876816511154175,0.5879085063934326,-0.00022685527801513672,0.12916797399520874,0.12916797399520874,132.5608276128769
crack0099_08.png,4.318479919433594,135.6899871826172,134.53732299804688,1.1526641845703125,114.12432861328125,111.95138549804688,2.172943115234375,0.3032836616039276,0.33317723870277405,0.029893577098846436,0.2420145869255066,0.24118125438690186,-0.0008333325386047363,0.21618807315826416,0.21806108951568604,0.001873016357421875,0.5935217142105103,0.5950595736503601,-0.0015378594398498535,0.11854355037212372,0.11854355037212372,140.71901834011078
crack0099_09.png,0.8762317657470704,140.93507385253906,139.59043884277344,1.344635009765625,104.97914123535156,104.19905090332031,0.78009033203125,0.3358149826526642,0.3470059037208557,0.011190921068191528,0.33812636137008667,0.29770606756210327,-0.0404202938079834,0.10743504762649536,0.0917559266090393,-0.015679121017456055,0.589592456817627,0.591064989566803,-0.0014725327491760254,0.09671176970005035,0.09671176970005035,143.75645697116852
crack0100_00.png,3.5784327030181884,93.95403289794922,94.08890533447266,-0.1348724365234375,106.38692474365234,105.33653259277344,1.0503921508789062,0.20855537056922913,0.23949117958545685,0.030935809016227722,0.498576819896698,0.5193568468093872,0.02078002691268921,0.4515477418899536,0.46789348125457764,0.016345739364624023,0.5847827792167664,0.5851057171821594,-0.0003229379653930664,0.15483541786670685,0.15483541786670685,104.91237556934357
crack0100_01.png,3.592739534378052,97.72065734863281,96.15740966796875,1.5632476806640625,107.99703216552734,105.53952026367188,2.4575119018554688,0.20828525722026825,0.21661314368247986,0.008327886462211609,0.28533828258514404,0.29389119148254395,0.008552908897399902,0.30087631940841675,0.3173410892486572,0.01646476984024048,0.5880007743835449,0.587047278881073,0.0009534955024719238,0.15527501702308655,0.15527501702308655,107.96194905042648
crack0100_02.png,1.2687696456909179,93.30419921875,94.1219253540039,-0.8177261352539062,104.03292846679688,103.25860595703125,0.774322509765625,0.30501076579093933,0.31152573227882385,0.0065149664878845215,0.31364011764526367,0.34569448232650757,0.032054364681243896,0.38842707872390747,0.4045701026916504,0.01614302396774292,0.5873317718505859,0.5879969000816345,-0.000665128231048584,0.15927311778068542,0.15927311778068542,98.93229234218597
crack0100_03.png,6.9153697967529295,97.94923400878906,96.57070922851562,1.3785247802734375,112.81787109375,110.02738952636719,2.7904815673828125,0.2651388645172119,0.30832770466804504,0.04318884015083313,0.23740088939666748,0.26167792081832886,0.024277031421661377,0.3116348385810852,0.3423495888710022,0.030714750289916992,0.5885005593299866,0.588638961315155,-0.00013840198516845703,0.2163465917110443,0.2163465917110443,104.89719820022583
crack0100_04.png,1.698234462738037,100.22438049316406,101.61713409423828,-1.3927536010742188,113.94161987304688,113.69967651367188,0.241943359375,0.20810848474502563,0.21669858694076538,0.008590102195739746,0.2101956009864807,0.2700005769729614,0.05980497598648071,0.33886992931365967,0.36589133739471436,0.027021408081054688,0.5843060612678528,0.5864359736442566,-0.0021299123764038086,0.15046752989292145,0.15046752989292145,111.8916871547699
crack0100_05.png,3.0724143981933594,79.03004455566406,78.30677032470703,0.7232742309570312,103.87672424316406,102.29297637939453,1.5837478637695312,0.2887520492076874,0.3005146384239197,0.0117625892162323,0.31198012828826904,0.3297004699707031,0.017720341682434082,0.3666127920150757,0.38321250677108765,0.016599714756011963,0.5859246253967285,0.5842791199684143,0.001645505428314209,0.16130411624908447,0.16130411624908447,84.78026950359344
crack0100_06.png,2.4551820755004883,107.66460418701172,106.93872833251953,0.7258758544921875,109.9909439086914,108.09507751464844,1.8958663940429688,0.3585473299026489,0.37242043018341064,0.013873100280761719,0.34043216705322266,0.33997422456741333,-0.00045794248580932617,0.37480318546295166,0.3814570903778076,0.006653904914855957,0.5897462368011475,0.5927605032920837,-0.0030142664909362793,0.2426871359348297,0.2426871359348297,109.49924659729004
crack0100_07.png,-1.064853811264038,99.2955093383789,98.69400787353516,0.60150146484375,115.93340301513672,115.51170349121094,0.42169952392578125,0.24303321540355682,0.21705609560012817,-0.02597711980342865,0.3455738425254822,0.35226738452911377,0.006693542003631592,0.34974998235702515,0.34804439544677734,-0.0017055869102478027,0.598069965839386,0.5986851453781128,-0.0006151795387268066,0.22981372475624084,0.22981372475624084,109.91879868507385
crack0100_08.png,2.0414987564086915,88.41509246826172,88.14582824707031,0.26926422119140625,102.85043334960938,102.09765625,0.752777099609375,0.23312532901763916,0.2508619725704193,0.01773664355278015,0.3829333782196045,0.3817814588546753,-0.0011519193649291992,0.43113982677459717,0.45152783393859863,0.020388007164001465,0.5929027199745178,0.5904459953308105,0.0024567246437072754,0.15893781185150146,0.15893781185150146,98.00904941558838
crack0100_09.png,-10.841133451461792,150.57415771484375,158.89540100097656,-8.321243286132812,159.22628784179688,167.09194946289062,-7.86566162109375,0.24750040471553802,0.2539927363395691,0.006492331624031067,0.4232702851295471,0.42349594831466675,0.0002256631851196289,0.4058305025100708,0.4069356322288513,0.0011051297187805176,0.5994617342948914,0.5970126986503601,0.00244903564453125,0.22592784464359283,0.22592784464359283,163.86322444677353
