image,score_new_minus_old,old_crack_epe_px,new_crack_epe_px,delta_crack_epe_px_positive_is_better,old_global_epe_px,new_global_epe_px,delta_global_epe_px_positive_is_better,old_warp_crack_dice,new_warp_crack_dice,delta_warp_crack_dice_positive_is_better,old_crack_edge_fidelity,new_crack_edge_fidelity,delta_crack_edge_fidelity_positive_is_better,old_global_edge_fidelity,new_global_edge_fidelity,delta_global_edge_fidelity_positive_is_better,old_folding_rate,new_folding_rate,delta_folding_rate_positive_is_better,old_crack_ratio,new_crack_ratio,joint_failure_score
crack0001_00.png,5.797853422164917,105.96284484863281,103.72444915771484,2.2383956909179688,113.72010803222656,111.49365234375,2.2264556884765625,0.20059357583522797,0.22411367297172546,0.023520097136497498,0.4417397975921631,0.4565349221229553,0.014795124530792236,0.4296531677246094,0.44034314155578613,0.010689973831176758,0.5887197256088257,0.5838331580162048,0.00488656759262085,0.20257893204689026,0.20257893204689026,116.35682147741318
crack0001_01.png,1.9265594959259034,122.32843780517578,120.9936752319336,1.3347625732421875,109.5219497680664,109.30009460449219,0.22185516357421875,0.2410314381122589,0.23676051199436188,-0.004270926117897034,0.3552083373069763,0.36927932500839233,0.014070987701416016,0.36012107133865356,0.37300002574920654,0.012878954410552979,0.5867435336112976,0.5796962976455688,0.00704723596572876,0.22484156489372253,0.22484156489372253,130.92516714334488
crack0001_02.png,0.5335363388061524,104.71590423583984,104.33987426757812,0.37602996826171875,111.72018432617188,111.73767852783203,-0.01749420166015625,0.21232500672340393,0.2121712565422058,-0.00015375018119812012,0.24404025077819824,0.24472719430923462,0.000686943531036377,0.31747543811798096,0.31899333000183105,0.0015178918838500977,0.5819953680038452,0.578262209892273,0.0037331581115722656,0.1662106215953827,0.1662106215953827,115.07742857933044
crack0001_03.png,-0.7405726432800295,104.29421997070312,104.47576904296875,-0.181549072265625,111.25263977050781,112.85169219970703,-1.5990524291992188,0.29236268997192383,0.2833058536052704,-0.009056836366653442,0.3911796808242798,0.40856701135635376,0.017387330532073975,0.38659316301345825,0.39563435316085815,0.009041190147399902,0.5836293697357178,0.5808880925178528,0.0027412772178649902,0.2581266462802887,0.2581266462802887,110.73181807994843
crack0001_04.png,3.623649787902832,98.5953369140625,98.07361602783203,0.5217208862304688,109.58340454101562,109.65110778808594,-0.0677032470703125,0.2219732105731964,0.2420472800731659,0.020074069499969482,0.36114853620529175,0.39598459005355835,0.0348360538482666,0.38056105375289917,0.4101026654243469,0.029541611671447754,0.5853902101516724,0.5821491479873657,0.0032410621643066406,0.19837027788162231,0.19837027788162231,108.43169224262238
crack0001_05.png,3.283683109283447,112.779052734375,109.8438949584961,2.9351577758789062,107.2605972290039,106.60081481933594,0.6597824096679688,0.2953479290008545,0.2898433208465576,-0.005504608154296875,0.39621126651763916,0.40899360179901123,0.01278233528137207,0.3596431016921997,0.37932002544403076,0.019676923751831055,0.5818685293197632,0.5815263390541077,0.0003421902656555176,0.2655094861984253,0.2655094861984253,117.19561576843262
crack0001_06.png,0.91728515625,114.26484680175781,113.00740814208984,1.2574386596679688,110.87254333496094,110.99784851074219,-0.12530517578125,0.25472989678382874,0.2513969838619232,-0.0033329129219055176,0.47433650493621826,0.47511255741119385,0.0007760524749755859,0.48655247688293457,0.48155301809310913,-0.0049994587898254395,0.5795655250549316,0.5809265375137329,-0.0013610124588012695,0.15343789756298065,0.15343789756298065,121.78936994075775
crack0001_07.png,7.05339994430542,102.5397720336914,97.90674591064453,4.633026123046875,114.47068786621094,111.06063842773438,3.4100494384765625,0.25644639134407043,0.2592039108276367,0.002757519483566284,0.4498518109321594,0.4624180197715759,0.012566208839416504,0.4021857976913452,0.4168524742126465,0.01466667652130127,0.5934948325157166,0.5851672291755676,0.008327603340148926,0.24245218932628632,0.24245218932628632,108.5762687921524
crack0001_08.png,2.176290416717529,111.98177337646484,110.9443359375,1.0374374389648438,110.50717163085938,110.31718444824219,0.1899871826171875,0.318712055683136,0.31824836134910583,-0.00046369433403015137,0.4800703525543213,0.502501904964447,0.022431552410125732,0.4669983386993408,0.4812557101249695,0.014257371425628662,0.5848981142044067,0.5798308253288269,0.005067288875579834,0.16685649752616882,0.16685649752616882,115.76407754421234
crack0001_09.png,2.2313284873962402,99.72386932373047,98.4303207397461,1.293548583984375,110.10885620117188,109.55854797363281,0.5503082275390625,0.2732190489768982,0.27205342054367065,-0.001165628433227539,0.4098767042160034,0.4262431859970093,0.01636648178100586,0.4317288398742676,0.45009005069732666,0.018361210823059082,0.5863052606582642,0.5823990702629089,0.0039061903953552246,0.2565203905105591,0.2565203905105591,106.20610022544861
crack0002_00.png,-0.9571544647216796,108.02640533447266,110.01034545898438,-1.9839401245117188,112.5750732421875,111.69956970214844,0.8755035400390625,0.2911950945854187,0.30135661363601685,0.010161519050598145,0.20974856615066528,0.20953887701034546,-0.00020968914031982422,0.2827445864677429,0.27691149711608887,-0.005833089351654053,0.5779008269309998,0.5810995697975159,-0.0031987428665161133,0.10501857101917267,0.10501857101917267,114.79065251350403
crack0002_01.png,-4.714335918426514,126.67523193359375,130.97987365722656,-4.3046417236328125,121.3736801147461,120.61161804199219,0.7620620727539062,0.2879593074321747,0.282130628824234,-0.005828678607940674,0.28138041496276855,0.27219516038894653,-0.009185254573822021,0.3813657760620117,0.3858954906463623,0.004529714584350586,0.5869665741920471,0.5839869379997253,0.0029796361923217773,0.13827738165855408,0.13827738165855408,135.378378033638
crack0002_02.png,-1.6786782264709472,118.5491943359375,120.56373596191406,-2.0145416259765625,116.82544708251953,116.27903747558594,0.5464096069335938,0.34415167570114136,0.34926551580429077,0.005113840103149414,0.3457909822463989,0.33749234676361084,-0.008298635482788086,0.35649484395980835,0.35832715034484863,0.0018323063850402832,0.5843560099601746,0.5833525657653809,0.0010034441947937012,0.1288696974515915,0.1288696974515915,122.28160500526428
crack0002_03.png,-0.8855387687683107,115.76332092285156,118.57321166992188,-2.8098907470703125,117.12178039550781,116.43685913085938,0.6849212646484375,0.3060668110847473,0.31115785241127014,0.005091041326522827,0.3156259059906006,0.3427049517631531,0.02707904577255249,0.41649770736694336,0.4204680323600769,0.003970324993133545,0.5883890986442566,0.5843906402587891,0.003998458385467529,0.11817693710327148,0.11817693710327148,122.33982157707214
crack0002_04.png,-3.824289321899414,132.47628784179688,135.6974334716797,-3.2211456298828125,122.41211700439453,121.9548110961914,0.457305908203125,0.322937548160553,0.3074319660663605,-0.015505582094192505,0.2742718458175659,0.28505080938339233,0.010778963565826416,0.3398663401603699,0.34833914041519165,0.008472800254821777,0.5844328999519348,0.5838523507118225,0.0005805492401123047,0.14195916056632996,0.14195916056632996,139.01825869083405
crack0002_05.png,-4.211679553985595,129.21949768066406,133.0172576904297,-3.797760009765625,120.66728210449219,120.68843841552734,-0.02115631103515625,0.33986493945121765,0.3334311544895172,-0.0064337849617004395,0.4023585319519043,0.4040285348892212,0.0016700029373168945,0.4087974429130554,0.4129409193992615,0.004143476486206055,0.579073429107666,0.5780122876167297,0.0010611414909362793,0.11589434742927551,0.11589434742927551,134.27544558048248
crack0002_06.png,-1.857229232788086,135.31509399414062,138.11376953125,-2.798675537109375,126.67082214355469,124.93215942382812,1.7386627197265625,0.2811078131198883,0.2740747630596161,-0.007033050060272217,0.27330130338668823,0.2913946509361267,0.018093347549438477,0.3544180989265442,0.35601890087127686,0.001600801944732666,0.5878700613975525,0.5857477784156799,0.0021222829818725586,0.1280955970287323,0.1280955970287323,143.78474843502045
crack0002_07.png,-8.9707857131958,103.68790435791016,111.33566284179688,-7.647758483886719,113.01255798339844,111.62422180175781,1.388336181640625,0.3525930345058441,0.34262505173683167,-0.009967982769012451,0.3429715037345886,0.3125920295715332,-0.03037947416305542,0.3580564856529236,0.35893040895462036,0.0008739233016967773,0.583106517791748,0.579750120639801,0.0033563971519470215,0.09904506802558899,0.09904506802558899,110.27854120731354
crack0002_08.png,-3.6063347816467286,118.9786148071289,122.69071960449219,-3.7121047973632812,111.41714477539062,110.97447204589844,0.4426727294921875,0.3799898624420166,0.37639304995536804,-0.0035968124866485596,0.32599514722824097,0.331510066986084,0.005514919757843018,0.3685457110404968,0.37189847230911255,0.0033527612686157227,0.5797116756439209,0.5798154473304749,-0.00010377168655395508,0.11995213478803635,0.11995213478803635,121.44370210170746
crack0002_09.png,-4.198973846435547,106.44944763183594,110.85546875,-4.4060211181640625,111.43783569335938,110.11746215820312,1.32037353515625,0.4009217619895935,0.3950824439525604,-0.005839318037033081,0.24727529287338257,0.24797362089157104,0.0006983280181884766,0.37291961908340454,0.36887258291244507,-0.004047036170959473,0.583594799041748,0.58064204454422,0.002952754497528076,0.11696051806211472,0.11696051806211472,108.29130351543427
crack0003_00.png,1.1426337242126465,117.15077209472656,118.76628112792969,-1.615509033203125,117.88909149169922,113.12690734863281,4.762184143066406,0.16413778066635132,0.1726333200931549,0.008495539426803589,0.0,0.0,0.0,0.0,0.0,0.0,0.5881738066673279,0.5838331580162048,0.004340648651123047,0.11957511305809021,0.11957511305809021,131.63721203804016
crack0003_01.png,2.643582248687744,119.0360107421875,118.69480895996094,0.3412017822265625,116.99461364746094,115.50717163085938,1.4874420166015625,0.1799904704093933,0.19914156198501587,0.01915109157562256,0.0,0.0,0.0,0.0,0.0,0.0,0.5852979421615601,0.5809150338172913,0.004382908344268799,0.09913885593414307,0.09913885593414307,131.47789931297302
crack0003_02.png,1.2005449771881103,96.1194076538086,95.04503631591797,1.074371337890625,108.26403045654297,108.12077331542969,0.14325714111328125,0.18847568333148956,0.18757957220077515,-0.0008961111307144165,0.0,0.0,0.0,0.0,0.028668999671936035,0.028668999671936035,0.5820107460021973,0.5784967541694641,0.0035139918327331543,0.10084910690784454,0.10084910690784454,107.60787749290466
crack0003_03.png,4.343420600891113,110.06145477294922,110.84121704101562,-0.7797622680664062,107.77214050292969,106.72052001953125,1.0516204833984375,0.23510760068893433,0.2945486605167389,0.059441059827804565,0.0,0.0,0.0,0.0,0.0,0.0,0.5826912522315979,0.5840100049972534,-0.0013187527656555176,0.10439929366111755,0.10439929366111755,119.7052800655365
crack0003_04.png,-1.1441182136535644,96.73329162597656,96.97915649414062,-0.2458648681640625,110.11849212646484,110.13903045654297,-0.020538330078125,0.1953364908695221,0.18059894442558289,-0.014737546443939209,0.0,0.0,0.0,0.01721513271331787,0.04089885950088501,0.02368372678756714,0.5876739621162415,0.5804498195648193,0.007224142551422119,0.09947497397661209,0.09947497397661209,109.52724587917328
crack0003_05.png,2.9004668235778808,116.16737365722656,116.01329803466797,0.15407562255859375,114.97286987304688,112.89666748046875,2.076202392578125,0.2654327154159546,0.2881224751472473,0.022689759731292725,0.0,0.0,0.0,0.0,0.0,0.0,0.594736635684967,0.5922183990478516,0.0025182366371154785,0.1173633337020874,0.1173633337020874,123.95383834838867
crack0003_06.png,-5.858613920211792,107.46125030517578,110.364501953125,-2.9032516479492188,111.15877532958984,110.44886779785156,0.7099075317382812,0.17653049528598785,0.13583707809448242,-0.04069341719150543,0.0,0.0,0.0,0.0,0.0,0.0,0.5858554244041443,0.5854517221450806,0.0004037022590637207,0.09991790354251862,0.09991790354251862,124.19686841964722
crack0003_07.png,-0.3429245948791504,95.78144836425781,94.49022674560547,1.2912216186523438,109.32218933105469,108.52869415283203,0.7934951782226562,0.21823172271251678,0.1951734572649002,-0.023058265447616577,0.0,0.0,0.0,0.0,0.0,0.0,0.5819799900054932,0.5846520662307739,-0.0026720762252807617,0.10389700531959534,0.10389700531959534,106.81151276826859
crack0003_08.png,2.8365684032440184,104.38002014160156,99.3230972290039,5.056922912597656,112.917724609375,111.58338928222656,1.3343353271484375,0.20857521891593933,0.1749161034822464,-0.03365911543369293,0.0,0.0,0.0,0.0,0.0,0.0,0.5852403044700623,0.5867742896080017,-0.0015339851379394531,0.09292099624872208,0.09292099624872208,114.82756406068802
crack0003_09.png,4.4903483390808105,112.27849578857422,107.19468688964844,5.083808898925781,114.83865356445312,112.1092758178711,2.7293777465820312,0.19550059735774994,0.17234204709529877,-0.023158550262451172,0.0,0.0,0.0,0.0,0.0,0.0,0.5825374722480774,0.5783506631851196,0.004186809062957764,0.09756283462047577,0.09756283462047577,122.6975674033165
crack0004_00.png,-2.340068054199219,107.50696563720703,107.3441390991211,0.1628265380859375,106.1048583984375,105.1054916381836,0.9993667602539062,0.3806931674480438,0.3132834732532501,-0.0674096941947937,0.0,0.06478315591812134,0.06478315591812134,0.17367780208587646,0.21690642833709717,0.0432286262512207,0.5821760892868042,0.5847058892250061,-0.0025297999382019043,0.10235156863927841,0.10235156863927841,112.0167795419693
crack0004_01.png,-1.1506172180175782,110.11035919189453,109.66970825195312,0.44065093994140625,105.21900177001953,105.34475708007812,-0.12575531005859375,0.28690266609191895,0.2600253224372864,-0.02687734365463257,0.26276808977127075,0.28388869762420654,0.02112060785293579,0.21840602159500122,0.2136666178703308,-0.00473940372467041,0.5754440426826477,0.581334114074707,-0.005890071392059326,0.13342131674289703,0.13342131674289703,117.54187893867493
crack0004_02.png,1.8754762649536132,110.32598876953125,108.65819549560547,1.6677932739257812,105.86888122558594,105.5430908203125,0.3257904052734375,0.2537660598754883,0.2725455164909363,0.018779456615447998,0.14120721817016602,0.10847753286361694,-0.03272968530654907,0.2647549510002136,0.2531643509864807,-0.01159060001373291,0.5782429575920105,0.581138014793396,-0.002895057201385498,0.13177454471588135,0.13177454471588135,117.5116491317749
crack0004_03.png,-2.3370077133178713,99.82949829101562,100.52690887451172,-0.6974105834960938,104.52119445800781,104.05424499511719,0.466949462890625,0.32416024804115295,0.2993159592151642,-0.02484428882598877,0.18255376815795898,0.18064677715301514,-0.0019069910049438477,0.28401684761047363,0.2478928565979004,-0.03612399101257324,0.5880507230758667,0.582114577293396,0.005936145782470703,0.11057727038860321,0.11057727038860321,105.74127495288849
crack0004_04.png,1.6681965827941894,123.84330749511719,123.59422302246094,0.24908447265625,117.52299499511719,116.91175079345703,0.6112442016601562,0.20585186779499054,0.1956060379743576,-0.010245829820632935,0.17799317836761475,0.2248936891555786,0.04690051078796387,0.22603797912597656,0.23482155799865723,0.008783578872680664,0.5913840532302856,0.5884275436401367,0.0029565095901489258,0.1537206768989563,0.1537206768989563,135.63776510953903
crack0004_05.png,0.3029494285583496,109.87740325927734,110.36226654052734,-0.48486328125,108.68556213378906,108.35353088378906,0.33203125,0.3401038646697998,0.34094130992889404,0.0008374452590942383,0.36093300580978394,0.37192302942276,0.010990023612976074,0.37937498092651367,0.3734685182571411,-0.005906462669372559,0.5815685987472534,0.5778585076332092,0.0037100911140441895,0.15855690836906433,0.15855690836906433,112.97634696960449
crack0004_06.png,4.181541919708252,110.11514282226562,110.0745620727539,0.04058074951171875,111.96493530273438,109.60115814208984,2.3637771606445312,0.27846378087997437,0.30814704298973083,0.02968326210975647,0.1776409149169922,0.19731485843658447,0.019673943519592285,0.21525847911834717,0.24351811408996582,0.028259634971618652,0.5833410024642944,0.5824952125549316,0.000845789909362793,0.15409721434116364,0.15409721434116364,116.72066569328308
crack0004_07.png,1.653435516357422,99.7742691040039,98.09797668457031,1.6762924194335938,106.05659484863281,105.27703094482422,0.7795639038085938,0.41849711537361145,0.4124796688556671,-0.006017446517944336,0.0,0.0,0.0,0.1838260293006897,0.16679811477661133,-0.01702791452407837,0.5885428786277771,0.5848750472068787,0.0036678314208984375,0.12383512407541275,0.12383512407541275,97.72905790805817
crack0004_08.png,2.541378879547119,107.00123596191406,105.92147064208984,1.0797653198242188,108.94158172607422,107.76610565185547,1.17547607421875,0.32608574628829956,0.3163217008113861,-0.009764045476913452,0.18308639526367188,0.23039120435714722,0.04730480909347534,0.16961729526519775,0.19828885793685913,0.028671562671661377,0.5770395994186401,0.5800307393074036,-0.0029911398887634277,0.17653876543045044,0.17653876543045044,110.68328082561493
crack0004_09.png,-2.3608514785766603,101.81002807617188,103.03524780273438,-1.2252197265625,101.982177734375,103.32240295410156,-1.3402252197265625,0.320605605840683,0.3174590766429901,-0.003146529197692871,0.026691436767578125,0.017257750034332275,-0.00943368673324585,0.08501476049423218,0.02211982011795044,-0.06289494037628174,0.5836063027381897,0.5828680992126465,0.0007382035255432129,0.12279215455055237,0.12279215455055237,106.7193454504013
crack0005_00.png,5.588210105895996,98.70265197753906,95.98401641845703,2.7186355590820312,104.87503814697266,103.4410171508789,1.43402099609375,0.23338812589645386,0.2500312924385071,0.016643166542053223,0.5010150671005249,0.5215485095977783,0.020533442497253418,0.41143208742141724,0.43674129247665405,0.025309205055236816,0.5813456177711487,0.5777662396430969,0.003579378128051758,0.20253926515579224,0.20253926515579224,106.59387135505676
crack0005_01.png,-1.612246608734131,100.39351654052734,99.79104614257812,0.6024703979492188,111.04887390136719,111.28834533691406,-0.239471435546875,0.2972990870475769,0.27401474118232727,-0.023284345865249634,0.33621448278427124,0.33005988597869873,-0.00615459680557251,0.35413962602615356,0.3525093197822571,-0.0016303062438964844,0.586747407913208,0.5869973301887512,-0.0002499222755432129,0.21761998534202576,0.21761998534202576,107.13129007816315
crack0005_02.png,3.6846169948577883,93.4234619140625,91.11259460449219,2.3108673095703125,109.94926452636719,108.68586730957031,1.263397216796875,0.22601129114627838,0.2349814474582672,0.00897015631198883,0.36674124002456665,0.3690035939216614,0.0022623538970947266,0.3336485028266907,0.35224348306655884,0.018594980239868164,0.5896501541137695,0.5881430506706238,0.001507103443145752,0.25102299451828003,0.25102299451828003,102.29335695505142
crack0005_03.png,2.57376651763916,96.42035675048828,95.47715759277344,0.9431991577148438,106.91082763671875,107.01852416992188,-0.107696533203125,0.1911669224500656,0.21328236162662506,0.022115439176559448,0.42118221521377563,0.41773521900177,-0.0034469962120056152,0.34505122900009155,0.33608120679855347,-0.008970022201538086,0.5813533067703247,0.5802960395812988,0.001057267189025879,0.21311336755752563,0.21311336755752563,107.73287409543991
crack0005_04.png,1.8788487911224365,92.22441864013672,90.59878540039062,1.6256332397460938,100.9920425415039,100.19011688232422,0.8019256591796875,0.22477459907531738,0.22580237686634064,0.0010277777910232544,0.47093600034713745,0.4634737968444824,-0.007462203502655029,0.4364778399467468,0.42909473180770874,-0.007383108139038086,0.5815647840499878,0.5778470039367676,0.003717780113220215,0.22032934427261353,0.22032934427261353,101.18771743774414
crack0005_05.png,3.5656262397766114,102.40874481201172,100.29411315917969,2.1146316528320312,116.21941375732422,115.46461486816406,0.7547988891601562,0.2558538019657135,0.2586359977722168,0.002782195806503296,0.4412921667098999,0.4599948525428772,0.018702685832977295,0.3589690327644348,0.3725726008415222,0.013603568077087402,0.5987889170646667,0.5943291187286377,0.004459798336029053,0.24577471613883972,0.24577471613883972,109.95175755023956
crack0005_06.png,1.5674976348876952,91.94841766357422,90.86810302734375,1.0803146362304688,107.8690185546875,107.35585021972656,0.5131683349609375,0.22848962247371674,0.23008595407009125,0.0015963315963745117,0.38179242610931396,0.3798844814300537,-0.001907944679260254,0.33783066272735596,0.3542996644973755,0.01646900177001953,0.5837870240211487,0.5780238509178162,0.0057631731033325195,0.19751125574111938,0.19751125574111938,101.05036395788193
crack0005_07.png,4.683771228790283,94.43206024169922,91.29903411865234,3.133026123046875,111.86854553222656,109.72725677490234,2.1412887573242188,0.2712414860725403,0.27620890736579895,0.004967421293258667,0.45670390129089355,0.4622255563735962,0.005521655082702637,0.3916163444519043,0.40421080589294434,0.012594461441040039,0.583217978477478,0.581318736076355,0.0018992424011230469,0.22634294629096985,0.22634294629096985,99.91977715492249
crack0005_08.png,-0.8553433418273926,97.19725036621094,95.93647766113281,1.260772705078125,104.5844955444336,104.10960388183594,0.47489166259765625,0.2516176104545593,0.22787219285964966,-0.023745417594909668,0.45783454179763794,0.4488039016723633,-0.009030640125274658,0.4101945161819458,0.386211633682251,-0.023982882499694824,0.5815955400466919,0.5827258825302124,-0.0011303424835205078,0.2256229817867279,0.2256229817867279,106.20356774330139
crack0005_09.png,2.7698209285736084,94.45055389404297,93.29792022705078,1.1526336669921875,105.78485107421875,105.56855773925781,0.2162933349609375,0.20995943248271942,0.2247987985610962,0.01483936607837677,0.2730497121810913,0.2784081697463989,0.005358457565307617,0.27582257986068726,0.28614574670791626,0.010323166847229004,0.5808765888214111,0.5776470303535461,0.0032295584678649902,0.20035973191261292,0.20035973191261292,104.51173466444016
crack0006_00.png,-4.250428676605225,98.98377227783203,101.15099334716797,-2.1672210693359375,107.89564514160156,109.45581817626953,-1.5601730346679688,0.36779239773750305,0.3405541479587555,-0.02723824977874756,0.24254059791564941,0.2608923316001892,0.018351733684539795,0.2714862823486328,0.29339903593063354,0.021912753582000732,0.5804344415664673,0.5807881355285645,-0.00035369396209716797,0.15768983960151672,0.15768983960151672,102.86565935611725
crack0006_01.png,-5.577489280700684,102.22915649414062,102.7181625366211,-0.48900604248046875,104.7767333984375,105.0306167602539,-0.25388336181640625,0.2314320206642151,0.17698952555656433,-0.05444249510765076,0.33890581130981445,0.3219680190086365,-0.01693779230117798,0.31351929903030396,0.24743187427520752,-0.06608742475509644,0.576797366142273,0.5756478309631348,0.0011495351791381836,0.16798068583011627,0.16798068583011627,114.92618262767792
crack0006_02.png,4.369519519805908,94.36383819580078,92.7654037475586,1.5984344482421875,105.44023132324219,105.86809539794922,-0.42786407470703125,0.26728495955467224,0.28123268485069275,0.013947725296020508,0.19495612382888794,0.23893630504608154,0.043980181217193604,0.20764154195785522,0.21478277444839478,0.007141232490539551,0.5861668586730957,0.584486722946167,0.001680135726928711,0.14102491736412048,0.14102491736412048,100.97419774532318
crack0006_03.png,2.395115089416504,92.6790542602539,93.55149841308594,-0.8724441528320312,105.00643157958984,105.88948822021484,-0.883056640625,0.36519405245780945,0.4023583233356476,0.037164270877838135,0.3416271209716797,0.35571128129959106,0.014084160327911377,0.31851816177368164,0.3186124563217163,9.429454803466797e-05,0.5802921652793884,0.5781853199005127,0.0021068453788757324,0.12309841066598892,0.12309841066598892,94.41531980037689
crack0006_04.png,-0.6885269165039063,92.00081634521484,92.8665771484375,-0.8657608032226562,111.61540222167969,112.31939697265625,-0.7039947509765625,0.36031556129455566,0.3641204237937927,0.0038048624992370605,0.27271848917007446,0.27198517322540283,-0.0007333159446716309,0.30776530504226685,0.30564624071121216,-0.0021190643310546875,0.5883045196533203,0.5837101340293884,0.004594385623931885,0.16034792363643646,0.16034792363643646,94.34694385528564
crack0006_05.png,-4.72966775894165,86.66304779052734,88.03553009033203,-1.3724822998046875,107.41224670410156,108.38337707519531,-0.97113037109375,0.3215148448944092,0.2879267632961273,-0.03358808159828186,0.32676124572753906,0.3142250180244446,-0.012536227703094482,0.3445112109184265,0.31841498613357544,-0.026096224784851074,0.5896847248077393,0.5841906666755676,0.005494058132171631,0.1692425012588501,0.1692425012588501,93.66107213497162
crack0006_06.png,-2.320700454711914,86.00288391113281,87.20990753173828,-1.2070236206054688,108.11019897460938,109.03327178955078,-0.9230728149414062,0.3407457768917084,0.33294203877449036,-0.007803738117218018,0.30948150157928467,0.3058549761772156,-0.003626525402069092,0.3236579895019531,0.3217849135398865,-0.0018730759620666504,0.5853825211524963,0.5847597122192383,0.0006228089332580566,0.1729971468448639,0.1729971468448639,90.04517424106598
crack0006_07.png,3.2278282165527346,92.99360656738281,94.26641845703125,-1.2728118896484375,106.51539611816406,107.95467376708984,-1.4392776489257812,0.3192048966884613,0.3483997583389282,0.02919486165046692,0.19084346294403076,0.25564855337142944,0.06480509042739868,0.3108384609222412,0.3267647624015808,0.0159263014793396,0.5837447047233582,0.5800307393074036,0.00371396541595459,0.11012320965528488,0.11012320965528488,97.82750689983368
crack0006_08.png,3.1806882858276366,94.7563247680664,93.52285766601562,1.2334671020507812,110.68364715576172,110.30128479003906,0.38236236572265625,0.17683662474155426,0.1884719878435135,0.011635363101959229,0.16796875,0.18547576665878296,0.01750701665878296,0.11539077758789062,0.11827224493026733,0.002881467342376709,0.591184139251709,0.5871049761772156,0.004079163074493408,0.16916029155254364,0.16916029155254364,107.17675930261612
crack0006_09.png,-0.15413246154785154,108.58818054199219,108.36542510986328,0.22275543212890625,114.00455474853516,113.84573364257812,0.15882110595703125,0.3775689899921417,0.3792373836040497,0.001668393611907959,0.39318859577178955,0.3740432858467102,-0.019145309925079346,0.38114380836486816,0.38089263439178467,-0.0002511739730834961,0.5935986042022705,0.5888004899024963,0.00479811429977417,0.21978279948234558,0.21978279948234558,109.56660759449005
crack0007_00.png,4.06572413444519,109.61473846435547,106.91023254394531,2.7045059204101562,104.75102233886719,103.62599182128906,1.125030517578125,0.24532894790172577,0.2552166283130646,0.009887680411338806,0.4043389558792114,0.40464097261428833,0.0003020167350769043,0.2494741678237915,0.2649883031845093,0.015514135360717773,0.5886543393135071,0.585951566696167,0.002702772617340088,0.16673919558525085,0.16673919558525085,117.08892220258713
crack0007_01.png,4.526320743560791,97.61356353759766,95.55854034423828,2.055023193359375,102.46842956542969,101.24586486816406,1.222564697265625,0.2848447859287262,0.2964852452278137,0.011640459299087524,0.3276245594024658,0.35321611166000366,0.025591552257537842,0.24570226669311523,0.2537025213241577,0.00800025463104248,0.5812533497810364,0.5805690288543701,0.0006843209266662598,0.17278946936130524,0.17278946936130524,102.74549877643585
crack0007_02.png,3.8600961685180666,100.17625427246094,97.4214859008789,2.7547683715820312,106.8379898071289,105.74385070800781,1.0941390991210938,0.31266722083091736,0.30979761481285095,-0.0028696060180664062,0.45390772819519043,0.4715905785560608,0.01768285036087036,0.34393686056137085,0.34665828943252563,0.002721428871154785,0.5881122350692749,0.5833640694618225,0.004748165607452393,0.17905372381210327,0.17905372381210327,103.73550260066986
crack0007_03.png,6.765157032012939,101.31724548339844,98.17219543457031,3.145050048828125,102.81559753417969,102.35200500488281,0.463592529296875,0.30742233991622925,0.33962562680244446,0.03220328688621521,0.48815447092056274,0.5051164031028748,0.01696193218231201,0.3922950029373169,0.4065290093421936,0.014234006404876709,0.581633985042572,0.5771357417106628,0.00449824333190918,0.1474006175994873,0.1474006175994873,104.5647394657135
crack0007_04.png,0.9171899795532226,108.28447723388672,107.49935150146484,0.785125732421875,106.11833190917969,105.91411590576172,0.20421600341796875,0.2844073176383972,0.29615792632102966,0.011750608682632446,0.4617285132408142,0.4370992183685303,-0.024629294872283936,0.35137903690338135,0.3535439968109131,0.0021649599075317383,0.5840753316879272,0.5816878080368042,0.002387523651123047,0.19055411219596863,0.19055411219596863,114.19048857688904
crack0007_05.png,5.471541452407837,109.162109375,106.37687683105469,2.7852325439453125,108.69137573242188,107.99211120605469,0.6992645263671875,0.24585692584514618,0.2631828188896179,0.01732589304447174,0.3025325536727905,0.3214445114135742,0.01891195774078369,0.14077776670455933,0.17912167310714722,0.03834390640258789,0.5916532278060913,0.5850518941879272,0.0066013336181640625,0.20079153776168823,0.20079153776168823,116.68420666456223
crack0007_06.png,2.3401552200317384,118.98600006103516,116.3176498413086,2.6683502197265625,108.64503479003906,108.43146514892578,0.21356964111328125,0.3220053017139435,0.31644123792648315,-0.005564063787460327,0.4525919556617737,0.4497808814048767,-0.0028110742568969727,0.3815072178840637,0.37010180950164795,-0.011405408382415771,0.5823760032653809,0.5787773728370667,0.003598630428314209,0.18690380454063416,0.18690380454063416,121.96039080619812
crack0007_07.png,3.9987648010253904,111.53154754638672,108.72960662841797,2.80194091796875,105.3626708984375,103.90702819824219,1.4556427001953125,0.26025551557540894,0.2627090811729431,0.0024535655975341797,0.40238243341445923,0.4092254638671875,0.0068430304527282715,0.33061766624450684,0.3408971428871155,0.010279476642608643,0.5943137407302856,0.5906997323036194,0.0036140084266662598,0.23206445574760437,0.23206445574760437,118.28779578208923
crack0007_08.png,5.8173112869262695,96.93173217773438,94.62657928466797,2.3051528930664062,103.31997680664062,103.75447082519531,-0.4344940185546875,0.30085140466690063,0.34301236271858215,0.04216095805168152,0.42676985263824463,0.43340498208999634,0.006635129451751709,0.33250415325164795,0.3520358204841614,0.019531667232513428,0.580657422542572,0.5794655680656433,0.001191854476928711,0.12504097819328308,0.12504097819328308,100.95436835289001
crack0007_09.png,4.185094165802002,109.15507507324219,106.6590576171875,2.4960174560546875,104.82563781738281,104.26732635498047,0.5583114624023438,0.33771684765815735,0.34285834431648254,0.005141496658325195,0.3629387617111206,0.38788092136383057,0.02494215965270996,0.31275975704193115,0.3182397484779358,0.005479991436004639,0.5844405889511108,0.5830219388008118,0.0014186501502990723,0.18638603389263153,0.18638603389263153,111.02167904376984
crack0008_00.png,4.930424785614013,104.46711730957031,101.79842376708984,2.6686935424804688,100.56079864501953,99.92753601074219,0.6332626342773438,0.2882470488548279,0.31417176127433777,0.025924712419509888,0.35964465141296387,0.3562104105949402,-0.0034342408180236816,0.38148677349090576,0.3935908079147339,0.012104034423828125,0.5779507756233215,0.5761553049087524,0.0017954707145690918,0.14815375208854675,0.14815375208854675,108.95597863197327
crack0008_01.png,3.4327409744262694,104.8860092163086,103.50264739990234,1.38336181640625,100.61186218261719,99.55489349365234,1.0569686889648438,0.2959856688976288,0.3003018796443939,0.004316210746765137,0.3486359715461731,0.3800647258758545,0.031428754329681396,0.3441581726074219,0.37009304761886597,0.025934875011444092,0.5787158608436584,0.5781122446060181,0.0006036162376403809,0.16408318281173706,0.16408318281173706,109.58382260799408
crack0008_02.png,4.21153564453125,109.96319580078125,108.52063751220703,1.4425582885742188,105.18217468261719,103.86514282226562,1.3170318603515625,0.27654311060905457,0.29485398530960083,0.018310874700546265,0.38739633560180664,0.4047026038169861,0.017306268215179443,0.37415003776550293,0.4102533459663391,0.03610330820083618,0.5793233513832092,0.577197253704071,0.0021260976791381836,0.15786784887313843,0.15786784887313843,115.82226407527924
crack0008_03.png,4.2089056968688965,113.89173126220703,111.63298797607422,2.2587432861328125,106.32630157470703,104.86294555664062,1.4633560180664062,0.2585459053516388,0.2755107283592224,0.016964823007583618,0.31536543369293213,0.3129957318305969,-0.002369701862335205,0.33539849519729614,0.35077184438705444,0.0153733491897583,0.5876163244247437,0.5850557684898376,0.002560555934906006,0.2196296751499176,0.2196296751499176,120.75425827503204
crack0008_04.png,2.3368648529052733,124.29458618164062,122.54093933105469,1.7536468505859375,104.776123046875,103.57058715820312,1.205535888671875,0.2674577236175537,0.2677474915981293,0.0002897679805755615,0.4584537744522095,0.4548014998435974,-0.0036522746086120605,0.3900303244590759,0.38881105184555054,-0.0012192726135253906,0.5806881785392761,0.5750903487205505,0.005597829818725586,0.20230171084403992,0.20230171084403992,130.59782648086548
crack0008_05.png,1.0289377212524413,120.0673828125,117.54096984863281,2.5264129638671875,105.17234802246094,103.9654769897461,1.2068710327148438,0.283296674489975,0.28124478459358215,-0.0020518898963928223,0.3779195547103882,0.3325369954109192,-0.045382559299468994,0.40698671340942383,0.3998705744743347,-0.007116138935089111,0.5847020149230957,0.5847212672233582,-1.9252300262451172e-05,0.13863840699195862,0.13863840699195862,125.3183399438858
crack0008_06.png,0.4914306640624999,120.2661361694336,117.54425811767578,2.7218780517578125,103.16596221923828,101.95077514648438,1.2151870727539062,0.2661134898662567,0.26922836899757385,0.0031148791313171387,0.2854933738708496,0.2104739546775818,-0.07501941919326782,0.33264756202697754,0.3089589476585388,-0.02368861436843872,0.5908688902854919,0.5899922847747803,0.0008766055107116699,0.16472041606903076,0.16472041606903076,126.57314336299896
crack0008_07.png,4.196913528442383,123.34037017822266,120.35888671875,2.9814834594726562,111.02494812011719,108.2934799194336,2.7314682006835938,0.22469085454940796,0.22851240634918213,0.00382155179977417,0.41102713346481323,0.40231817960739136,-0.008708953857421875,0.4323424696922302,0.41893255710601807,-0.013409912586212158,0.5908496975898743,0.5867127776145935,0.004136919975280762,0.2001877725124359,0.2001877725124359,132.00216507911682
crack0008_08.png,1.4397062301635741,121.70417022705078,120.48758697509766,1.216583251953125,102.13441467285156,102.14641571044922,-0.01200103759765625,0.2626971900463104,0.26000529527664185,-0.002691894769668579,0.5149267911911011,0.5210220813751221,0.006095290184020996,0.42353612184524536,0.45152217149734497,0.02798604965209961,0.5819992423057556,0.5770126581192017,0.004986584186553955,0.16731321811676025,0.16731321811676025,128.77553057670593
crack0008_09.png,6.938406276702881,115.39109802246094,112.05465698242188,3.3364410400390625,104.72763061523438,104.60194396972656,0.1256866455078125,0.26795169711112976,0.2971900701522827,0.029238373041152954,0.4281739592552185,0.4563094973564148,0.02813553810119629,0.42965108156204224,0.45095980167388916,0.021308720111846924,0.5757516622543335,0.5735716819763184,0.0021799802780151367,0.1539730280637741,0.1539730280637741,120.67584216594696
crack0009_00.png,5.79782280921936,106.92919921875,104.091552734375,2.837646484375,104.47637939453125,103.99383544921875,0.4825439453125,0.18501010537147522,0.1990535706281662,0.014043465256690979,0.4582235813140869,0.49669355154037476,0.03846997022628784,0.31583309173583984,0.3192982077598572,0.003465116024017334,0.5874202251434326,0.5847981572151184,0.002622067928314209,0.15424567461013794,0.15424567461013794,117.90657866001129
crack0009_01.png,2.1895235061645506,112.79325103759766,111.13831329345703,1.654937744140625,104.5755844116211,103.76813507080078,0.8074493408203125,0.29155808687210083,0.29095950722694397,-0.0005985796451568604,0.48707669973373413,0.4935986399650574,0.006521940231323242,0.3547655940055847,0.3589615225791931,0.0041959285736083984,0.5850365161895752,0.5850711464881897,-3.463029861450195e-05,0.23164796829223633,0.23164796829223633,117.9110575914383
crack0009_02.png,4.428332757949829,111.61279296875,108.7294921875,2.88330078125,105.19395446777344,104.4947509765625,0.6992034912109375,0.21837589144706726,0.22885124385356903,0.01047535240650177,0.4030560255050659,0.4144003987312317,0.011344373226165771,0.23636317253112793,0.2623399496078491,0.02597677707672119,0.5880122780799866,0.5886735916137695,-0.000661313533782959,0.1622130274772644,0.1622130274772644,120.61553275585175
crack0009_03.png,2.4647631645202637,109.54073333740234,107.29845428466797,2.242279052734375,106.75629425048828,106.55701446533203,0.19927978515625,0.20812921226024628,0.20980475842952728,0.0016755461692810059,0.3898247480392456,0.3847680687904358,-0.0050566792488098145,0.30889129638671875,0.29332637786865234,-0.015564918518066406,0.5908150672912598,0.5855401754379272,0.0052748918533325195,0.18843068182468414,0.18843068182468414,119.56444376707077
crack0009_04.png,0.38023791313171396,107.28936767578125,106.13333129882812,1.156036376953125,103.12039184570312,102.65104675292969,0.4693450927734375,0.2283734381198883,0.20997865498065948,-0.01839478313922882,0.4621533155441284,0.4743046760559082,0.012151360511779785,0.3491511344909668,0.355243980884552,0.006092846393585205,0.5839561820030212,0.583406388759613,0.0005497932434082031,0.18430732190608978,0.18430732190608978,117.47087746858597
crack0009_05.png,1.795506477355957,107.35375213623047,105.56964874267578,1.7841033935546875,108.9854736328125,108.1419677734375,0.843505859375,0.2617613971233368,0.25666964054107666,-0.005091756582260132,0.5273731350898743,0.5286646485328674,0.001291513442993164,0.37709808349609375,0.376468300819397,-0.0006297826766967773,0.5864667296409607,0.5857247114181519,0.0007420182228088379,0.21499629318714142,0.21499629318714142,114.52019119262695
crack0009_06.png,3.7771935939788817,114.38993072509766,112.76280212402344,1.6271286010742188,113.02058410644531,111.92115783691406,1.09942626953125,0.1933010369539261,0.20480209589004517,0.01150105893611908,0.3598009943962097,0.38345855474472046,0.023657560348510742,0.2845456004142761,0.3188055157661438,0.034259915351867676,0.5905382633209229,0.5944405794143677,-0.0039023160934448242,0.1847282499074936,0.1847282499074936,125.75592738389969
crack0009_07.png,1.9609117031097414,108.82482147216797,107.09455108642578,1.7302703857421875,104.4117431640625,103.63494873046875,0.77679443359375,0.2162453681230545,0.21884027123451233,0.0025949031114578247,0.4936748147010803,0.4886130690574646,-0.005061745643615723,0.30152708292007446,0.2985118627548218,-0.0030152201652526855,0.5827912092208862,0.5849211812019348,-0.002129971981048584,0.1509304940700531,0.1509304940700531,118.381811439991
crack0009_08.png,2.6256376266479493,102.92473602294922,101.26612091064453,1.6586151123046875,99.93609619140625,99.1328125,0.80328369140625,0.24220989644527435,0.2452549785375595,0.0030450820922851562,0.4990195631980896,0.5059771537780762,0.006957590579986572,0.3689705729484558,0.3706473112106323,0.0016767382621765137,0.5863898396492004,0.5832948684692383,0.003094971179962158,0.19634543359279633,0.19634543359279633,111.01842826604843
crack0009_09.png,1.7217393875122071,112.40047454833984,111.385498046875,1.0149765014648438,110.49493408203125,110.34403991699219,0.1508941650390625,0.19524556398391724,0.19734594225883484,0.0021003782749176025,0.45931535959243774,0.46641504764556885,0.0070996880531311035,0.2930636405944824,0.2832515239715576,-0.009812116622924805,0.5863475799560547,0.5814878940582275,0.0048596858978271484,0.1642390787601471,0.1642390787601471,123.63215565681458
crack0010_00.png,-0.010948085784912132,97.300048828125,96.22027587890625,1.07977294921875,106.28121948242188,106.9631118774414,-0.6818923950195312,0.4115021228790283,0.40511849522590637,-0.006383627653121948,0.08293920755386353,0.0769951343536377,-0.00594407320022583,0.228155255317688,0.22621208429336548,-0.0019431710243225098,0.5830296277999878,0.5847674012184143,-0.0017377734184265137,0.09764929115772247,0.09764929115772247,95.84374868869781
crack0010_01.png,1.6430760383605958,93.58284759521484,92.84615325927734,0.7366943359375,113.72457122802734,112.6134033203125,1.1111679077148438,0.4074881076812744,0.3957309126853943,-0.011757194995880127,0.20643401145935059,0.23655205965042114,0.030118048191070557,0.27932292222976685,0.2893788814544678,0.010055959224700928,0.5879815220832825,0.5830373167991638,0.004944205284118652,0.10672260820865631,0.10672260820865631,92.98990654945374
crack0010_02.png,1.6976744651794435,105.5224380493164,106.24555206298828,-0.723114013671875,112.64775085449219,109.22538757324219,3.42236328125,0.4375090003013611,0.43072664737701416,-0.006782352924346924,0.08516007661819458,0.12410587072372437,0.038945794105529785,0.16506093740463257,0.15776562690734863,-0.0072953104972839355,0.5841675996780396,0.5832526087760925,0.0009149909019470215,0.09935634583234787,0.09935634583234787,103.40710020065308
crack0010_03.png,2.8205832481384276,99.56381225585938,98.68711853027344,0.8766937255859375,110.65029907226562,108.63681030273438,2.01348876953125,0.3774086534976959,0.3814067244529724,0.003998070955276489,0.005006194114685059,0.023680806159973145,0.018674612045288086,0.19839227199554443,0.18883883953094482,-0.00955343246459961,0.5851749181747437,0.583383321762085,0.0017915964126586914,0.10766187310218811,0.10766187310218811,99.8879429101944
crack0010_04.png,1.717498016357422,91.30581665039062,91.82034301757812,-0.5145263671875,107.8268814086914,106.46258544921875,1.3642959594726562,0.44374969601631165,0.45617130398750305,0.012421607971191406,0.25798648595809937,0.2696530818939209,0.011666595935821533,0.29904496669769287,0.3058233857154846,0.006778419017791748,0.5845251679420471,0.578877329826355,0.005647838115692139,0.11525531858205795,0.11525531858205795,88.31910479068756
crack0010_05.png,-0.7819399833679199,88.11786651611328,89.83741760253906,-1.7195510864257812,112.23295593261719,110.2112045288086,2.0217514038085938,0.4136126935482025,0.40856441855430603,-0.005048274993896484,0.24749857187271118,0.25869566202163696,0.011197090148925781,0.25693899393081665,0.27369147539138794,0.01675248146057129,0.5865282416343689,0.5844060182571411,0.002122223377227783,0.1024579256772995,0.1024579256772995,87.92490661144257
crack0010_06.png,-2.313937759399414,90.20384216308594,92.3751449584961,-2.1713027954101562,107.97803497314453,108.05755615234375,-0.07952117919921875,0.38476771116256714,0.37913599610328674,-0.0056317150592803955,0.06794440746307373,0.07639485597610474,0.008450448513031006,0.19976794719696045,0.2044847011566162,0.004716753959655762,0.5840945839881897,0.5840522646903992,4.2319297790527344e-05,0.1039733812212944,0.1039733812212944,91.9051171541214
crack0010_07.png,2.1672189712524412,71.6272964477539,72.04316711425781,-0.41587066650390625,107.31005096435547,107.5130386352539,-0.2029876708984375,0.38443395495414734,0.4193272888660431,0.03489333391189575,0.0,0.0,0.0,0.16514599323272705,0.16447335481643677,-0.0006726384162902832,0.5773779153823853,0.5805574655532837,-0.0031795501708984375,0.09766608476638794,0.09766608476638794,71.99149310588837
crack0010_08.png,4.652549743652344,82.12162017822266,81.10603332519531,1.0155868530273438,110.11184692382812,108.80504608154297,1.3068008422851562,0.45269691944122314,0.4631779193878174,0.010480999946594238,0.1877097487449646,0.24147045612335205,0.05376070737838745,0.30339157581329346,0.33375728130340576,0.030365705490112305,0.5881045460700989,0.5849711894989014,0.0031333565711975098,0.10851509869098663,0.10851509869098663,77.97619342803955
crack0010_09.png,2.060107707977295,98.69369506835938,97.00790405273438,1.685791015625,107.60505676269531,107.1432113647461,0.46184539794921875,0.37786030769348145,0.3677109479904175,-0.010149359703063965,0.0,0.025291919708251953,0.025291919708251953,0.07793492078781128,0.11876296997070312,0.040828049182891846,0.5791964530944824,0.5794501900672913,-0.0002537369728088379,0.10994493961334229,0.10994493961334229,98.96615028381348
crack0011_00.png,1.5528382301330566,111.86314392089844,110.63933563232422,1.2238082885742188,105.90776062011719,105.18775939941406,0.720001220703125,0.3051236569881439,0.2997705638408661,-0.005353093147277832,0.41810357570648193,0.4237416982650757,0.00563812255859375,0.3904713988304138,0.40445584058761597,0.013984441757202148,0.5848404169082642,0.5787466168403625,0.006093800067901611,0.23416699469089508,0.23416699469089508,116.65862262248993
crack0011_01.png,1.3625180244445803,107.5971908569336,104.45246887207031,3.1447219848632812,104.82539367675781,103.794921875,1.0304718017578125,0.36407291889190674,0.34792810678482056,-0.01614481210708618,0.504077136516571,0.48406362533569336,-0.020013511180877686,0.42420142889022827,0.40656906366348267,-0.017632365226745605,0.5827797055244446,0.5853363871574402,-0.0025566816329956055,0.19024324417114258,0.19024324417114258,108.56259894371033
crack0011_02.png,5.256982135772705,123.66336822509766,120.41858673095703,3.244781494140625,104.90884399414062,104.51513671875,0.393707275390625,0.30011066794395447,0.30537551641464233,0.005264848470687866,0.40815210342407227,0.44017255306243896,0.0320204496383667,0.32282841205596924,0.35775673389434814,0.034928321838378906,0.5778854489326477,0.5740676522254944,0.0038177967071533203,0.21566715836524963,0.21566715836524963,127.14975535869598
crack0011_03.png,5.885601043701172,118.23685455322266,116.19470977783203,2.042144775390625,105.33479309082031,105.29069519042969,0.044097900390625,0.25776758790016174,0.27375879883766174,0.0159912109375,0.249103844165802,0.3074881434440613,0.05838429927825928,0.14868199825286865,0.21666717529296875,0.0679851770401001,0.5904190540313721,0.5851403474807739,0.0052787065505981445,0.19331002235412598,0.19331002235412598,125.36648905277252
crack0011_04.png,3.51301965713501,134.08822631835938,131.25265502929688,2.8355712890625,107.06016540527344,105.56939697265625,1.4907684326171875,0.28984495997428894,0.28654325008392334,-0.0033017098903656006,0.45304620265960693,0.4570491909980774,0.004002988338470459,0.38236677646636963,0.37241077423095703,-0.009956002235412598,0.5892579555511475,0.5846289992332458,0.004628956317901611,0.19496068358421326,0.19496068358421326,139.04816389083862
crack0011_05.png,16.809502124786377,108.38823699951172,104.37609100341797,4.01214599609375,101.25636291503906,101.23965454101562,0.0167083740234375,0.28464794158935547,0.37842118740081787,0.0937732458114624,0.400418758392334,0.5324352979660034,0.13201653957366943,0.26799237728118896,0.44723230600357056,0.1792399287223816,0.5752710700035095,0.5750672817230225,0.00020378828048706055,0.16335754096508026,0.16335754096508026,112.3141303062439
crack0011_06.png,2.61754150390625,122.35945129394531,120.76615905761719,1.593292236328125,106.81379699707031,106.194091796875,0.6197052001953125,0.2594095468521118,0.27256080508232117,0.01315125823020935,0.5547624826431274,0.5411986112594604,-0.013563871383666992,0.5073128938674927,0.4907267689704895,-0.016586124897003174,0.5838639140129089,0.5771933794021606,0.006670534610748291,0.17245766520500183,0.17245766520500183,129.3527889251709
crack0011_07.png,0.030723857879638494,109.81219482421875,106.83606719970703,2.9761276245117188,100.06464385986328,99.80826568603516,0.256378173828125,0.30661433935165405,0.27058592438697815,-0.0360284149646759,0.5526912212371826,0.5474188327789307,-0.005272388458251953,0.4291156530380249,0.42228156328201294,-0.006834089756011963,0.5788658261299133,0.5777354836463928,0.0011303424835205078,0.19714726507663727,0.19714726507663727,115.24360859394073
crack0011_08.png,8.479455852508545,116.63043975830078,113.29830169677734,3.3321380615234375,103.86752319335938,103.99053192138672,-0.12300872802734375,0.28943341970443726,0.3346467912197113,0.04521337151527405,0.42625242471694946,0.46713435649871826,0.0408819317817688,0.37799662351608276,0.43788081407546997,0.05988419055938721,0.5841445326805115,0.5855401754379272,-0.0013956427574157715,0.20495091378688812,0.20495091378688812,121.01997256278992
crack0011_09.png,4.90217170715332,111.93553924560547,108.65542602539062,3.2801132202148438,105.68511962890625,105.83131408691406,-0.1461944580078125,0.3408699631690979,0.34990623593330383,0.009036272764205933,0.3655846118927002,0.3848465085029602,0.01926189661026001,0.3400340676307678,0.3596045970916748,0.019570529460906982,0.5869703888893127,0.5822914242744446,0.004678964614868164,0.2164498269557953,0.2164498269557953,113.32210040092468
crack0012_00.png,2.9992698669433593,114.77263641357422,112.43507385253906,2.3375625610351562,103.9759750366211,102.94679260253906,1.0291824340820312,0.3338945806026459,0.33274805545806885,-0.0011465251445770264,0.4881013035774231,0.49078595638275146,0.002684652805328369,0.4288800358772278,0.4305257797241211,0.0016457438468933105,0.5922991037368774,0.586439847946167,0.005859255790710449,0.25187522172927856,0.25187522172927856,117.33093595504761
crack0012_01.png,0.34085102081298824,102.062744140625,100.64615631103516,1.4165878295898438,105.41462707519531,104.61524963378906,0.79937744140625,0.3288733661174774,0.3124917149543762,-0.016381651163101196,0.541214108467102,0.5374254584312439,-0.0037886500358581543,0.4742099642753601,0.47324949502944946,-0.0009604692459106445,0.5843906402587891,0.5827258825302124,0.0016647577285766602,0.26358863711357117,0.26358863711357117,105.98057293891907
crack0012_02.png,0.9712860584259033,110.05290985107422,108.50030517578125,1.5526046752929688,104.25855255126953,103.12532043457031,1.1332321166992188,0.18513844907283783,0.17968794703483582,-0.005450502038002014,0.3771788477897644,0.3569357991218567,-0.020243048667907715,0.2926115393638611,0.3046380281448364,0.012026488780975342,0.5854094624519348,0.5801306962966919,0.00527876615524292,0.1418209969997406,0.1418209969997406,121.91170918941498
crack0012_03.png,0.27388296127319334,96.4189224243164,96.18401336669922,0.2349090576171875,102.34229278564453,101.80287170410156,0.5394210815429688,0.21437183022499084,0.21173280477523804,-0.0026390254497528076,0.4841077923774719,0.48315513134002686,-0.0009526610374450684,0.4349527359008789,0.43449318408966064,-0.0004595518112182617,0.5825528502464294,0.5807420015335083,0.0018108487129211426,0.2448882907629013,0.2448882907629013,106.89961361885071
crack0012_04.png,1.6860778331756592,111.68225860595703,110.57471466064453,1.1075439453125,101.6731185913086,100.73687744140625,0.9362411499023438,0.20010624825954437,0.2034761905670166,0.003369942307472229,0.47843658924102783,0.47303372621536255,-0.005402863025665283,0.42190051078796387,0.42502695322036743,0.0031264424324035645,0.5851518511772156,0.5813879370689392,0.003763914108276367,0.192421555519104,0.192421555519104,122.52818578481674
crack0012_05.png,9.458127689361572,113.40733337402344,109.68948364257812,3.7178497314453125,109.16299438476562,105.68695831298828,3.4760360717773438,0.18600070476531982,0.22055289149284363,0.034552186727523804,0.41571497917175293,0.44624149799346924,0.03052651882171631,0.34704357385635376,0.3784131407737732,0.031369566917419434,0.5970780253410339,0.5879623293876648,0.00911569595336914,0.16087327897548676,0.16087327897548676,124.27148723602295
crack0012_06.png,3.209316110610962,108.82890319824219,106.8327407836914,1.9961624145507812,106.58657836914062,104.77655792236328,1.8100204467773438,0.2268129140138626,0.22469425201416016,-0.0021186619997024536,0.4502246379852295,0.45593321323394775,0.005708575248718262,0.3957803249359131,0.3951215147972107,-0.0006588101387023926,0.5946674346923828,0.5839100480079651,0.010757386684417725,0.15036845207214355,0.15036845207214355,118.1358642578125
crack0012_07.png,2.0876412391662598,116.99895477294922,116.08657836914062,0.9123764038085938,110.56892395019531,109.79904174804688,0.7698822021484375,0.19760897755622864,0.2117646336555481,0.014155656099319458,0.4385923743247986,0.42778855562210083,-0.010803818702697754,0.3611014485359192,0.3733134865760803,0.012212038040161133,0.5848981142044067,0.5807228088378906,0.004175305366516113,0.17274045944213867,0.17274045944213867,128.08215248584747
crack0012_08.png,4.445223426818847,120.51948547363281,117.24867248535156,3.27081298828125,122.06442260742188,119.31251525878906,2.7519073486328125,0.2997702360153198,0.2929683327674866,-0.006801903247833252,0.43112754821777344,0.4456191062927246,0.014491558074951172,0.4212305545806885,0.435519814491272,0.014289259910583496,0.5946328043937683,0.5936793684959412,0.0009534358978271484,0.27050256729125977,0.27050256729125977,125.09129118919373
crack0012_09.png,4.451019620895385,112.1352767944336,109.43423461914062,2.7010421752929688,105.43601989746094,103.60757446289062,1.8284454345703125,0.22384417057037354,0.23310734331607819,0.009263172745704651,0.46677565574645996,0.47368741035461426,0.006911754608154297,0.41327589750289917,0.4283866882324219,0.015110790729522705,0.5815609097480774,0.5815340280532837,2.6881694793701172e-05,0.25514987111091614,0.25514987111091614,120.6165418624878
crack0013_00.png,-0.6715033531188965,82.06012725830078,82.95258331298828,-0.8924560546875,106.09009552001953,106.32488250732422,-0.2347869873046875,0.3802063465118408,0.37891241908073425,-0.0012939274311065674,0.1855403184890747,0.19074422121047974,0.005203902721405029,0.42133331298828125,0.4269866347312927,0.005653321743011475,0.5857170224189758,0.5804613828659058,0.005255639553070068,0.10094471275806427,0.10094471275806427,83.20029103755951
crack0013_01.png,-1.9241910934448239,78.4661636352539,80.68749237060547,-2.2213287353515625,108.99551391601562,109.07560729980469,-0.0800933837890625,0.38504132628440857,0.35282570123672485,-0.032215625047683716,0.18780380487442017,0.2599223256111145,0.07211852073669434,0.3456268906593323,0.3834190368652344,0.0377921462059021,0.5771856904029846,0.5766435861587524,0.0005421042442321777,0.09691870957612991,0.09691870957612991,81.49471354484558
crack0013_02.png,-0.5823366165161132,71.84246063232422,71.7972412109375,0.04521942138671875,103.10738372802734,102.98883056640625,0.11855316162109375,0.40304771065711975,0.4070858061313629,0.004038095474243164,0.2479519248008728,0.22340500354766846,-0.024546921253204346,0.39609217643737793,0.38178396224975586,-0.01430821418762207,0.5825605392456055,0.5829642415046692,-0.0004037022590637207,0.10789728909730911,0.10789728909730911,70.95555794239044
crack0013_03.png,0.8943928718566895,109.84651947021484,110.42876434326172,-0.582244873046875,110.2398910522461,110.30270385742188,-0.06281280517578125,0.3975924253463745,0.3952717185020447,-0.002320706844329834,0.18240302801132202,0.22177422046661377,0.03937119245529175,0.3264414072036743,0.3290783166885376,0.0026369094848632812,0.5864129066467285,0.5835986137390137,0.0028142929077148438,0.1255423128604889,0.1255423128604889,109.87785506248474
crack0013_04.png,2.7622655868530277,76.75445556640625,75.78308868408203,0.9713668823242188,105.10167694091797,105.41458129882812,-0.31290435791015625,0.3657669126987457,0.41497716307640076,0.04921025037765503,0.09240114688873291,0.037010908126831055,-0.055390238761901855,0.3746502995491028,0.3343978524208069,-0.0402524471282959,0.5830219388008118,0.5781506896018982,0.004871249198913574,0.09438194334506989,0.09438194334506989,77.64363491535187
crack0013_05.png,-1.210138511657715,101.26145935058594,102.97181701660156,-1.710357666015625,110.07617950439453,109.90067291259766,0.175506591796875,0.4370190501213074,0.41670694947242737,-0.020312100648880005,0.24165385961532593,0.28939908742904663,0.0477452278137207,0.38880354166030884,0.38328516483306885,-0.00551837682723999,0.5869934558868408,0.5833640694618225,0.0036293864250183105,0.10202902555465698,0.10202902555465698,100.59395945072174
crack0013_06.png,1.7469927787780761,81.25979614257812,81.45634460449219,-0.1965484619140625,109.97705078125,109.68731689453125,0.28973388671875,0.3576715588569641,0.382722944021225,0.025051385164260864,0.18954014778137207,0.18221431970596313,-0.0073258280754089355,0.3567478060722351,0.3484798073768616,-0.008267998695373535,0.5910457372665405,0.5881314873695374,0.002914249897003174,0.1129446029663086,0.1129446029663086,83.53960633277893
crack0013_07.png,-0.20313692092895508,86.90738677978516,88.55363464355469,-1.6462478637695312,107.88768768310547,107.59284973144531,0.29483795166015625,0.41006749868392944,0.42301061749458313,0.012943118810653687,0.125788152217865,0.1300017237663269,0.004213571548461914,0.3915947675704956,0.39575517177581787,0.004160404205322266,0.5905882120132446,0.5875586271286011,0.0030295848846435547,0.1018623486161232,0.1018623486161232,86.74998927116394
crack0013_08.png,-1.0920220375061036,91.6443862915039,91.17127990722656,0.47310638427734375,111.21309661865234,111.11046600341797,0.102630615234375,0.4173263907432556,0.4090142846107483,-0.008312106132507324,0.2739015817642212,0.2509787678718567,-0.022922813892364502,0.40537428855895996,0.3814131021499634,-0.023961186408996582,0.5869242548942566,0.5875317454338074,-0.0006074905395507812,0.09609287977218628,0.09609287977218628,90.36824584007263
crack0013_09.png,2.978049373626709,77.22271728515625,77.28861236572266,-0.06589508056640625,106.71337127685547,106.61378479003906,0.09958648681640625,0.42158934473991394,0.4268789291381836,0.005289584398269653,0.16331177949905396,0.22238361835479736,0.05907183885574341,0.3788139820098877,0.3902280926704407,0.011414110660552979,0.586551308631897,0.5810995697975159,0.0054517388343811035,0.10504218190908432,0.10504218190908432,75.4223564863205
crack0014_00.png,1.767701721191406,117.35917663574219,114.35859680175781,3.000579833984375,108.27066040039062,107.28495788574219,0.9857025146484375,0.20287823677062988,0.23875692486763,0.03587868809700012,0.4040125608444214,0.2865089178085327,-0.11750364303588867,0.30959653854370117,0.24176889657974243,-0.06782764196395874,0.5963168144226074,0.5912495255470276,0.005067288875579834,0.1702074408531189,0.1702074408531189,127.5388650894165
crack0014_01.png,3.9184148788452147,111.56876373291016,109.49911499023438,2.0696487426757812,103.42269897460938,103.24799346923828,0.17470550537109375,0.2769666016101837,0.30510228872299194,0.028135687112808228,0.4445264935493469,0.4344688653945923,-0.010057628154754639,0.42698949575424194,0.4253350496292114,-0.0016544461250305176,0.5794655680656433,0.5812072157859802,-0.001741647720336914,0.19547829031944275,0.19547829031944275,117.16423189640045
crack0014_02.png,1.7548039913177491,115.13590240478516,113.57413482666016,1.561767578125,102.38005065917969,101.91482543945312,0.4652252197265625,0.23421967029571533,0.23830585181713104,0.0040861815214157104,0.4085765480995178,0.4020657539367676,-0.006510794162750244,0.3332436680793762,0.33885180950164795,0.0056081414222717285,0.5792964100837708,0.5807843208312988,-0.0014879107475280762,0.1943245232105255,0.1943245232105255,123.53321123123169
crack0014_03.png,2.314193534851074,115.42161560058594,113.06272888183594,2.35888671875,104.67520141601562,103.55868530273438,1.11651611328125,0.22432547807693481,0.2122933268547058,-0.012032151222229004,0.4250184893608093,0.4336284399032593,0.008609950542449951,0.354597270488739,0.34755492210388184,-0.007042348384857178,0.5892271995544434,0.586055338382721,0.003171861171722412,0.20897427201271057,0.20897427201271057,125.07366061210632
crack0014_04.png,5.312064838409424,115.76929473876953,113.03630828857422,2.7329864501953125,107.63623046875,107.15789794921875,0.47833251953125,0.259482741355896,0.29941919445991516,0.039936453104019165,0.17610442638397217,0.1523303985595703,-0.023774027824401855,0.08933740854263306,0.09053260087966919,0.0011951923370361328,0.5912264585494995,0.5876317024230957,0.0035947561264038086,0.1538362205028534,0.1538362205028534,122.4828953742981
crack0014_05.png,3.4196516990661623,112.6137924194336,110.5552749633789,2.0585174560546875,104.18721771240234,104.00326538085938,0.18395233154296875,0.2111605703830719,0.2204626500606537,0.009302079677581787,0.4170163869857788,0.42805588245391846,0.011039495468139648,0.35962849855422974,0.3695531487464905,0.009924650192260742,0.5840023159980774,0.5814571380615234,0.002545177936553955,0.19275358319282532,0.19275358319282532,122.27499210834503
crack0014_06.png,3.383535385131836,113.25402069091797,110.63195037841797,2.6220703125,104.01893615722656,102.91519165039062,1.1037445068359375,0.2698431611061096,0.2641826570034027,-0.005660504102706909,0.2300989031791687,0.24425572156906128,0.014156818389892578,0.2263363003730774,0.25650250911712646,0.030166208744049072,0.5878738760948181,0.5827105045318604,0.005163371562957764,0.1463649570941925,0.1463649570941925,119.60698115825653
crack0014_07.png,2.0689258575439453,117.4627456665039,116.54938507080078,0.913360595703125,103.38877868652344,103.28948211669922,0.09929656982421875,0.2510374188423157,0.2645827531814575,0.013545334339141846,0.32882630825042725,0.32803624868392944,-0.0007900595664978027,0.279835045337677,0.2939232587814331,0.014088213443756104,0.5878777503967285,0.5862821936607361,0.0015955567359924316,0.17890013754367828,0.17890013754367828,125.45893025398254
crack0014_08.png,4.083402442932129,110.76495361328125,107.80084991455078,2.9641036987304688,100.79672241210938,100.01631927490234,0.7804031372070312,0.2560445964336395,0.26498857140541077,0.00894397497177124,0.4100185036659241,0.4144850969314575,0.004466593265533447,0.34646493196487427,0.3765154480934143,0.03005051612854004,0.5793502330780029,0.5815263390541077,-0.0021761059761047363,0.20440971851348877,0.20440971851348877,117.18127954006195
crack0014_09.png,0.08678512573242192,125.8135986328125,124.22438049316406,1.5892181396484375,109.85513305664062,109.32115936279297,0.5339736938476562,0.3010833263397217,0.2951364815235138,-0.005946844816207886,0.34475278854370117,0.31363826990127563,-0.031114518642425537,0.25717318058013916,0.2351299524307251,-0.022043228149414062,0.5843406319618225,0.5842329859733582,0.00010764598846435547,0.16389895975589752,0.16389895975589752,130.68442595005035
crack0015_00.png,-1.908728313446045,125.01971435546875,125.6720199584961,-0.6523056030273438,111.7708511352539,109.51099395751953,2.259857177734375,0.2583466172218323,0.25528791546821594,-0.003058701753616333,0.20957911014556885,0.1588384509086609,-0.05074065923690796,0.13727325201034546,0.06939101219177246,-0.067882239818573,0.5871741771697998,0.5843252539634705,0.0028489232063293457,0.1625521183013916,0.1625521183013916,133.51555931568146
crack0015_01.png,-1.5647114753723144,117.97411346435547,118.60260009765625,-0.6284866333007812,109.46896362304688,109.32283782958984,0.14612579345703125,0.2904205620288849,0.2833207845687866,-0.007099777460098267,0.30204468965530396,0.29054689407348633,-0.011497795581817627,0.3437246084213257,0.33288973569869995,-0.010834872722625732,0.5844982862472534,0.5836678147315979,0.0008304715156555176,0.1878308653831482,0.1878308653831482,124.6690411567688
crack0015_02.png,0.4926333427429199,120.43595886230469,121.30061340332031,-0.864654541015625,108.93002319335938,108.89256286621094,0.0374603271484375,0.2827078700065613,0.2845287322998047,0.0018208622932434082,0.23186546564102173,0.2610008716583252,0.029135406017303467,0.2616705298423767,0.27862006425857544,0.01694953441619873,0.591553270816803,0.590772807598114,0.0007804632186889648,0.19222614169120789,0.19222614169120789,127.56794476509094
crack0015_03.png,-0.10629010200500488,116.72862243652344,116.16770935058594,0.5609130859375,109.298095703125,108.1539535522461,1.1441421508789062,0.24752646684646606,0.23909394443035126,-0.008432522416114807,0.36477649211883545,0.3521474599838257,-0.012629032135009766,0.3473632335662842,0.33138054609298706,-0.01598268747329712,0.5927412509918213,0.5913686752319336,0.0013725757598876953,0.17165735363960266,0.17165735363960266,125.81217926740646
crack0015_04.png,-1.3445260047912597,117.6861343383789,118.67929077148438,-0.9931564331054688,105.73615264892578,105.494384765625,0.24176788330078125,0.2991568148136139,0.2904842793941498,-0.008672535419464111,0.2211817502975464,0.2229304313659668,0.0017486810684204102,0.24450767040252686,0.22000688314437866,-0.024500787258148193,0.5836024880409241,0.5792080163955688,0.004394471645355225,0.155663400888443,0.155663400888443,124.09775531291962
crack0015_05.png,1.4264025688171387,134.57911682128906,132.63746643066406,1.941650390625,118.71218872070312,116.05769348144531,2.6544952392578125,0.26333749294281006,0.2546097934246063,-0.008727699518203735,0.2789088487625122,0.25400078296661377,-0.024908065795898438,0.30440789461135864,0.2736019492149353,-0.03080594539642334,0.5909073352813721,0.5879700183868408,0.00293731689453125,0.18564508855342865,0.18564508855342865,141.96799743175507
crack0015_06.png,2.2799494743347166,114.82064819335938,115.15174102783203,-0.33109283447265625,114.13662719726562,113.48100280761719,0.6556243896484375,0.24176764488220215,0.2708019018173218,0.02903425693511963,0.3338700532913208,0.3351864814758301,0.0013164281845092773,0.25248682498931885,0.2665840983390808,0.014097273349761963,0.5844098329544067,0.5850749611854553,-0.000665128231048584,0.2047463357448578,0.2047463357448578,123.88313436508179
crack0015_07.png,0.38130483627319345,114.1409683227539,113.22806549072266,0.91290283203125,108.88166809082031,107.16686248779297,1.7148056030273438,0.32600370049476624,0.3055715560913086,-0.02043214440345764,0.3391386866569519,0.3467583656311035,0.007619678974151611,0.3693769574165344,0.3531076908111572,-0.016269266605377197,0.587716281414032,0.5849096775054932,0.0028066039085388184,0.2306896448135376,0.2306896448135376,118.85887479782104
crack0015_08.png,0.31627416610717773,120.06101989746094,119.51795959472656,0.543060302734375,107.88005828857422,106.62330627441406,1.2567520141601562,0.2659849524497986,0.2627013623714447,-0.003283590078353882,0.28260141611099243,0.2718464136123657,-0.010755002498626709,0.32513588666915894,0.2855839729309082,-0.03955191373825073,0.5865321159362793,0.5874471068382263,-0.0009149909019470215,0.1560850590467453,0.1560850590467453,127.52529227733612
crack0015_09.png,0.061360168457031294,127.3467025756836,126.92696380615234,0.41973876953125,109.5549087524414,107.78199768066406,1.7729110717773438,0.29765039682388306,0.2990415394306183,0.0013911426067352295,0.32440823316574097,0.2955179214477539,-0.02889031171798706,0.3726908564567566,0.34217578172683716,-0.030515074729919434,0.5876893401145935,0.5882698893547058,-0.0005805492401123047,0.21089133620262146,0.21089133620262146,132.80860495567322
crack0016_00.png,2.805515670776367,108.32691955566406,106.19703674316406,2.1298828125,101.13236999511719,100.19142150878906,0.940948486328125,0.33406156301498413,0.3281136155128479,-0.0059479475021362305,0.5297356843948364,0.5523116588592529,0.022575974464416504,0.4907405972480774,0.4991205334663391,0.008379936218261719,0.5796655416488647,0.5828642845153809,-0.0031987428665161133,0.15900637209415436,0.15900637209415436,110.88973259925842
crack0016_01.png,1.8934667587280272,104.55221557617188,103.84687805175781,0.7053375244140625,103.27008819580078,103.15786743164062,0.11222076416015625,0.3031059801578522,0.31971919536590576,0.01661321520805359,0.49006539583206177,0.48471641540527344,-0.00534898042678833,0.43119972944259644,0.4310958981513977,-0.00010383129119873047,0.5748827457427979,0.5741791725158691,0.0007035732269287109,0.14610785245895386,0.14610785245895386,109.00849783420563
crack0016_02.png,2.410237216949463,107.82373046875,105.67167663574219,2.1520538330078125,101.86349487304688,101.17851257324219,0.6849822998046875,0.36203908920288086,0.35924607515335083,-0.0027930140495300293,0.474795937538147,0.48082101345062256,0.006025075912475586,0.45497846603393555,0.4688844680786133,0.013906002044677734,0.5881507396697998,0.588985025882721,-0.0008342862129211426,0.21572068333625793,0.21572068333625793,108.75234007835388
crack0016_03.png,2.9285340309143066,106.32566833496094,104.48375701904297,1.8419113159179688,107.39447784423828,106.11563873291016,1.278839111328125,0.3081490993499756,0.30897238850593567,0.000823289155960083,0.4279565215110779,0.4362042546272278,0.008247733116149902,0.40052974224090576,0.40253305435180664,0.002003312110900879,0.58942711353302,0.5849442481994629,0.004482865333557129,0.16205313801765442,0.16205313801765442,110.49285125732422
crack0016_04.png,0.3916256904602049,110.79414367675781,108.56490325927734,2.2292404174804688,102.81694793701172,101.08710479736328,1.7298431396484375,0.35101377964019775,0.330089271068573,-0.020924508571624756,0.42837607860565186,0.40413737297058105,-0.0242387056350708,0.39904242753982544,0.3818434476852417,-0.01719897985458374,0.5862360596656799,0.5833871364593506,0.0028489232063293457,0.14767709374427795,0.14767709374427795,113.3236095905304
crack0016_05.png,3.3519780158996584,114.75624084472656,112.85271453857422,1.9035263061523438,102.95243835449219,101.81980895996094,1.13262939453125,0.29798704385757446,0.31575506925582886,0.017768025398254395,0.49754267930984497,0.48686474561691284,-0.010677933692932129,0.4486081004142761,0.44874507188796997,0.00013697147369384766,0.5867281556129456,0.5867012739181519,2.6881694793701172e-05,0.13956837356090546,0.13956837356090546,119.39438128471375
crack0016_06.png,-1.2382118225097656,172.469970703125,173.04541015625,-0.575439453125,177.71847534179688,180.62142944335938,-2.9029541015625,0.2864118814468384,0.29058048129081726,0.004168599843978882,0.4210028648376465,0.4181554913520813,-0.0028473734855651855,0.4364098906517029,0.4387490153312683,0.0023391246795654297,0.596689760684967,0.5897193551063538,0.006970405578613281,0.17489761114120483,0.17489761114120483,179.44056797027588
crack0016_07.png,3.8502260208129884,105.92115783691406,103.5847396850586,2.3364181518554688,103.91524505615234,102.89028930664062,1.0249557495117188,0.3305777609348297,0.34091663360595703,0.01033887267112732,0.5157657861709595,0.5175856351852417,0.0018198490142822266,0.4646146893501282,0.47623711824417114,0.011622428894042969,0.5902153253555298,0.5851172804832458,0.0050980448722839355,0.15230026841163635,0.15230026841163635,108.52689611911774
crack0016_08.png,1.5820965766906738,109.95889282226562,108.40864562988281,1.5502471923828125,107.7442626953125,107.03648376464844,0.7077789306640625,0.3474574685096741,0.3421664535999298,-0.005291014909744263,0.44703787565231323,0.44535601139068604,-0.0016818642616271973,0.4362605810165405,0.4365071654319763,0.000246584415435791,0.5880622863769531,0.5820799469947815,0.005982339382171631,0.16214808821678162,0.16214808821678162,112.17627346515656
crack0016_09.png,4.193610954284668,103.0871353149414,102.45598602294922,0.6311492919921875,102.30428314208984,101.63957977294922,0.664703369140625,0.2967744767665863,0.3357085585594177,0.03893408179283142,0.558800458908081,0.5582795143127441,-0.0005209445953369141,0.49115753173828125,0.5010126233100891,0.009855091571807861,0.5844982862472534,0.5794309973716736,0.005067288875579834,0.15242375433444977,0.15242375433444977,108.34502351284027
crack0017_00.png,3.6752963066101074,103.22393035888672,100.18140411376953,3.0425262451171875,101.30970764160156,100.35031127929688,0.9593963623046875,0.22550798952579498,0.22459609806537628,-0.0009118914604187012,0.42094242572784424,0.4210484027862549,0.00010597705841064453,0.40462374687194824,0.4138834476470947,0.009259700775146484,0.591064989566803,0.5831218957901001,0.00794309377670288,0.1544521152973175,0.1544521152973175,111.86950093507767
crack0017_01.png,2.7621040821075438,108.86939239501953,105.12401580810547,3.7453765869140625,100.80632019042969,100.26460266113281,0.541717529296875,0.26088982820510864,0.24905084073543549,-0.011838987469673157,0.41966891288757324,0.41353631019592285,-0.006132602691650391,0.37861406803131104,0.38425779342651367,0.005643725395202637,0.5839676856994629,0.5841560959815979,-0.00018841028213500977,0.12672239542007446,0.12672239542007446,115.41989749670029
crack0017_02.png,1.797543239593506,104.7263412475586,103.22775268554688,1.4985885620117188,99.72631072998047,99.45370483398438,0.27260589599609375,0.2894899249076843,0.2931041419506073,0.0036142170429229736,0.4061790108680725,0.4101805090904236,0.004001498222351074,0.44376426935195923,0.4511013627052307,0.007337093353271484,0.5802844762802124,0.5867666006088257,-0.006482124328613281,0.22253568470478058,0.22253568470478058,110.0783154964447
crack0017_03.png,3.987968158721924,102.2525405883789,97.82453918457031,4.428001403808594,102.11636352539062,102.71560668945312,-0.5992431640625,0.2920200228691101,0.2868295907974243,-0.005190432071685791,0.40055322647094727,0.40366119146347046,0.0031079649925231934,0.3727300763130188,0.36737310886383057,-0.005356967449188232,0.5821260809898376,0.579861581325531,0.0022644996643066406,0.14131730794906616,0.14131730794906616,106.11380767822266
crack0017_04.png,2.0887577056884767,114.01930236816406,111.44035339355469,2.578948974609375,101.69296264648438,101.29168701171875,0.401275634765625,0.3500852584838867,0.34650754928588867,-0.003577709197998047,0.4865370988845825,0.4775056838989258,-0.009031414985656738,0.49651890993118286,0.49270349740982056,-0.0038154125213623047,0.58101886510849,0.5810995697975159,-8.07046890258789e-05,0.21408280730247498,0.21408280730247498,115.18335771560669
crack0017_05.png,1.3885263919830322,110.37327575683594,108.96888732910156,1.404388427734375,102.75697326660156,102.33685302734375,0.4201202392578125,0.22371697425842285,0.219480499625206,-0.004236474633216858,0.40307021141052246,0.40312379598617554,5.358457565307617e-05,0.38182127475738525,0.38215750455856323,0.0003362298011779785,0.5890195965766907,0.5851979851722717,0.0038216114044189453,0.18766558170318604,0.18766558170318604,120.06303542852402
crack0017_06.png,5.801585006713867,110.33709716796875,106.88143157958984,3.4556655883789062,106.9356918334961,105.58060455322266,1.3550872802734375,0.2573269307613373,0.2791156470775604,0.021788716316223145,0.38660144805908203,0.38146597146987915,-0.005135476589202881,0.4042918086051941,0.4018845558166504,-0.002407252788543701,0.5906612873077393,0.584006130695343,0.00665515661239624,0.1863136887550354,0.1863136887550354,116.79610002040863
crack0017_07.png,-0.6315818786621095,101.58238220214844,98.88453674316406,2.697845458984375,104.8544921875,104.12773895263672,0.7267532348632812,0.36801040172576904,0.3389398157596588,-0.02907058596611023,0.4281651973724365,0.39482277631759644,-0.03334242105484009,0.40164119005203247,0.38630425930023193,-0.015336930751800537,0.5791810750961304,0.5782006978988647,0.000980377197265625,0.23061805963516235,0.23061805963516235,103.06431353092194
crack0017_08.png,2.759811210632324,111.46988677978516,108.36602020263672,3.1038665771484375,101.67402648925781,101.30973052978516,0.36429595947265625,0.28741130232810974,0.2913704216480255,0.0039591193199157715,0.4384360909461975,0.41397517919540405,-0.024460911750793457,0.44900429248809814,0.42907023429870605,-0.01993405818939209,0.5879353880882263,0.5836370587348938,0.0042983293533325195,0.2113173007965088,0.2113173007965088,116.1906908750534
crack0017_09.png,2.567614269256592,133.21139526367188,129.37193298339844,3.8394622802734375,143.98348999023438,140.55654907226562,3.42694091796875,0.22785350680351257,0.1952090859413147,-0.032644420862197876,0.4204501509666443,0.41640543937683105,-0.004044711589813232,0.3984658718109131,0.39014631509780884,-0.008319556713104248,0.5942944884300232,0.5910265445709229,0.003267943859100342,0.24188439548015594,0.24188439548015594,143.3508985042572
crack0018_00.png,-3.125784397125244,90.8024673461914,91.3127212524414,-0.51025390625,110.04216003417969,109.9363021850586,0.10585784912109375,0.330666720867157,0.3015541434288025,-0.029112577438354492,0.3266056776046753,0.3179149627685547,-0.008690714836120605,0.35621917247772217,0.3458019495010376,-0.01041722297668457,0.577308714389801,0.5768396854400635,0.00046902894973754883,0.14619851112365723,0.14619851112365723,96.0566942691803
crack0018_01.png,0.2685759544372559,99.41719818115234,98.50035095214844,0.9168472290039062,104.39663696289062,104.90861511230469,-0.5119781494140625,0.24068233370780945,0.24030056595802307,-0.00038176774978637695,0.3887706398963928,0.37823188304901123,-0.010538756847381592,0.46155256032943726,0.4564385414123535,-0.00511401891708374,0.586739718914032,0.5865244269371033,0.00021529197692871094,0.12442351132631302,0.12442351132631302,108.01032936573029
crack0018_02.png,2.757541370391846,103.22576904296875,102.99019622802734,0.23557281494140625,112.51567077636719,111.38861083984375,1.1270599365234375,0.25621622800827026,0.25856778025627136,0.0023515522480010986,0.28560584783554077,0.33113962411880493,0.04553377628326416,0.3520251512527466,0.3860960006713867,0.03407084941864014,0.5832372307777405,0.5816954970359802,0.001541733741760254,0.19186043739318848,0.19186043739318848,111.06449818611145
crack0018_03.png,0.5494096279144287,95.88067626953125,94.89881896972656,0.9818572998046875,106.1444320678711,104.97724914550781,1.1671829223632812,0.2200998067855835,0.2108318954706192,-0.009267911314964294,0.2979291081428528,0.29192113876342773,-0.006007969379425049,0.3852958679199219,0.3990525007247925,0.013756632804870605,0.5855632424354553,0.583502471446991,0.0020607709884643555,0.1261560022830963,0.1261560022830963,106.16236358880997
crack0018_04.png,2.442783498764038,96.61390686035156,94.94290924072266,1.6709976196289062,107.77902221679688,105.92254638671875,1.856475830078125,0.2399682253599167,0.23352700471878052,-0.006441220641136169,0.37875896692276,0.3851048946380615,0.006345927715301514,0.42992717027664185,0.4440441131591797,0.014116942882537842,0.5899384617805481,0.5826720595359802,0.007266402244567871,0.12395729869604111,0.12395729869604111,105.3643262386322
crack0018_05.png,1.5982105255126953,97.14783477783203,95.68965911865234,1.4581756591796875,109.02552795410156,108.2034912109375,0.8220367431640625,0.2922702133655548,0.26787832379341125,-0.024391889572143555,0.16074711084365845,0.2067490816116333,0.046001970767974854,0.3461623191833496,0.3682774305343628,0.022115111351013184,0.5829681158065796,0.5849058032035828,-0.0019376873970031738,0.13639995455741882,0.13639995455741882,103.74227964878082
crack0018_06.png,2.1363905906677245,93.7387924194336,92.8440933227539,0.8946990966796875,103.02436828613281,103.18289184570312,-0.1585235595703125,0.2832232415676117,0.30313900113105774,0.019915759563446045,0.43196195363998413,0.42715704441070557,-0.0048049092292785645,0.47466206550598145,0.47371917963027954,-0.0009428858757019043,0.5771241784095764,0.5795232653617859,-0.0023990869522094727,0.1395157277584076,0.1395157277584076,99.47897899150848
crack0018_07.png,-0.5767676830291748,91.6971435546875,91.18258666992188,0.514556884765625,104.74583435058594,104.55387878417969,0.19195556640625,0.24086521565914154,0.2195059061050415,-0.021359309554100037,0.368424654006958,0.3801605701446533,0.011735916137695312,0.4229777455329895,0.42660290002822876,0.003625154495239258,0.5835562944412231,0.5817762613296509,0.0017800331115722656,0.1337127387523651,0.1337127387523651,101.61176252365112
crack0018_08.png,0.4321605682373047,98.46131134033203,98.35254669189453,0.1087646484375,108.54352569580078,108.31665802001953,0.22686767578125,0.2444116473197937,0.2451486587524414,0.0007370114326477051,0.3611122965812683,0.36179816722869873,0.0006858706474304199,0.4041890501976013,0.4088450074195862,0.004655957221984863,0.5921953320503235,0.5885390043258667,0.003656327724456787,0.18085625767707825,0.18085625767707825,107.4300434589386
crack0018_09.png,1.3569762229919435,99.62654876708984,97.54480743408203,2.0817413330078125,110.42405700683594,108.04814147949219,2.37591552734375,0.3123954236507416,0.29144084453582764,-0.02095457911491394,0.42045098543167114,0.41693711280822754,-0.0035138726234436035,0.46317750215530396,0.4693969488143921,0.006219446659088135,0.5892810225486755,0.5857362747192383,0.003544747829437256,0.18280339241027832,0.18280339241027832,104.6704683303833
crack0019_00.png,-1.462785816192627,106.05731964111328,105.34666442871094,0.7106552124023438,111.95040893554688,111.64338684082031,0.3070220947265625,0.2963482737541199,0.27042263746261597,-0.025925636291503906,0.46139514446258545,0.4508535861968994,-0.010541558265686035,0.42166709899902344,0.40719419717788696,-0.014472901821136475,0.5954363942146301,0.5904498100280762,0.004986584186553955,0.19028222560882568,0.19028222560882568,113.29408955574036
crack0019_01.png,1.682645320892334,101.86321258544922,101.65929412841797,0.20391845703125,100.61210632324219,99.80091094970703,0.8111953735351562,0.3310343325138092,0.3429481089115143,0.011913776397705078,0.3639160394668579,0.3673030138015747,0.003386974334716797,0.3940504789352417,0.4009336233139038,0.006883144378662109,0.5849942564964294,0.5833525657653809,0.001641690731048584,0.15745767951011658,0.15745767951011658,105.29896366596222
crack0019_02.png,0.44453458786010747,109.99515533447266,109.93921661376953,0.055938720703125,109.72635650634766,108.56143188476562,1.1649246215820312,0.40058591961860657,0.4028780162334442,0.0022920966148376465,0.29131537675857544,0.28648847341537476,-0.004826903343200684,0.34412574768066406,0.340758740901947,-0.003367006778717041,0.588519811630249,0.5902114510536194,-0.0016916394233703613,0.17946380376815796,0.17946380376815796,109.54048883914948
crack0019_03.png,0.47463788986206057,94.28379821777344,93.96748352050781,0.316314697265625,104.07295227050781,103.19784545898438,0.8751068115234375,0.3143194019794464,0.30705830454826355,-0.007261097431182861,0.28934234380722046,0.2992907166481018,0.009948372840881348,0.365317165851593,0.3674793839454651,0.0021622180938720703,0.5856939554214478,0.5859131217002869,-0.00021916627883911133,0.15950024127960205,0.15950024127960205,99.13866746425629
crack0019_04.png,-2.2154577732086183,96.21209716796875,96.1846694946289,0.02742767333984375,109.48331451416016,108.60595703125,0.8773574829101562,0.22860877215862274,0.21231421828269958,-0.016294553875923157,0.27904051542282104,0.24210882186889648,-0.03693169355392456,0.3198765516281128,0.3093588948249817,-0.010517656803131104,0.587347149848938,0.5826720595359802,0.004675090312957764,0.15188774466514587,0.15188774466514587,106.95341622829437
crack0019_05.png,1.497730827331543,92.82019805908203,91.99091339111328,0.82928466796875,110.63198852539062,108.8935317993164,1.7384567260742188,0.3462241291999817,0.34233221411705017,-0.0038919150829315186,0.1709308624267578,0.17544996738433838,0.004519104957580566,0.1767270565032959,0.1729934811592102,-0.0037335753440856934,0.5901806950569153,0.5875893831253052,0.0025913119316101074,0.13174039125442505,0.13174039125442505,95.47285068035126
crack0019_06.png,0.22043886184692374,120.19245910644531,119.28573608398438,0.9067230224609375,111.84738159179688,110.66309356689453,1.1842880249023438,0.266618013381958,0.26522427797317505,-0.001393735408782959,0.461309552192688,0.4323442578315735,-0.028965294361114502,0.4033343195915222,0.3885672092437744,-0.014767110347747803,0.5981776118278503,0.5954248309135437,0.0027527809143066406,0.15945516526699066,0.15945516526699066,127.75274538993835
crack0019_07.png,-1.9388746261596679,100.0378646850586,99.49861907958984,0.53924560546875,105.66342163085938,105.17538452148438,0.488037109375,0.3147695064544678,0.3031216263771057,-0.01164788007736206,0.1503361463546753,0.0971214771270752,-0.0532146692276001,0.23490911722183228,0.229508638381958,-0.005400478839874268,0.5892425775527954,0.5795655250549316,0.00967705249786377,0.14532892405986786,0.14532892405986786,105.15064740180969
crack0019_08.png,1.6339630126953124,106.353271484375,105.52062225341797,0.8326492309570312,106.41515350341797,104.95269775390625,1.4624557495117188,0.39587441086769104,0.3991456627845764,0.003271251916885376,0.262770414352417,0.2548465132713318,-0.007923901081085205,0.33876001834869385,0.3432151675224304,0.004455149173736572,0.5907612442970276,0.5839715600013733,0.006789684295654297,0.19391176104545593,0.19391176104545593,105.81493198871613
crack0019_09.png,1.4892902374267578,98.20954895019531,97.96583557128906,0.24371337890625,104.39239501953125,103.90403747558594,0.4883575439453125,0.3247310519218445,0.35915622115135193,0.034425169229507446,0.13083148002624512,0.08568412065505981,-0.0451473593711853,0.26567333936691284,0.2406570315361023,-0.025016307830810547,0.5925720930099487,0.5900192260742188,0.0025528669357299805,0.15869075059890747,0.15869075059890747,102.30671286582947
crack0020_00.png,1.1386087894439698,93.07515716552734,92.40155792236328,0.6735992431640625,105.5690689086914,104.89453125,0.6745376586914062,0.23351432383060455,0.23781874775886536,0.004304423928260803,0.37931501865386963,0.3760896921157837,-0.0032253265380859375,0.4087979197502136,0.4258643388748169,0.01706641912460327,0.5833218097686768,0.5838254690170288,-0.0005036592483520508,0.20758336782455444,0.20758336782455444,102.08051687479019
crack0020_01.png,2.0057172775268555,96.24333190917969,94.81566619873047,1.4276657104492188,106.69036865234375,106.31343841552734,0.37693023681640625,0.22455589473247528,0.21456493437290192,-0.009990960359573364,0.3701777458190918,0.4020411968231201,0.03186345100402832,0.3705551028251648,0.3990609645843506,0.02850586175918579,0.579861581325531,0.5810611248016357,-0.0011995434761047363,0.22322764992713928,0.22322764992713928,105.89804798364639
crack0020_02.png,3.1108129978179933,97.2119140625,94.96019744873047,2.2517166137695312,104.34107208251953,103.16032409667969,1.1807479858398438,0.2154511958360672,0.2170429825782776,0.0015917867422103882,0.5381167531013489,0.5433343648910522,0.005217611789703369,0.40558743476867676,0.43735426664352417,0.03176683187484741,0.580522894859314,0.579254150390625,0.0012687444686889648,0.21587076783180237,0.21587076783180237,106.37989979982376
crack0020_03.png,-0.2759236335754395,99.81463623046875,99.90677642822266,-0.09214019775390625,106.05044555664062,105.79190063476562,0.258544921875,0.20744936168193817,0.2125345915555954,0.0050852298736572266,0.3737087845802307,0.3585458993911743,-0.015162885189056396,0.35244297981262207,0.347309947013855,-0.00513303279876709,0.5779892206192017,0.580176830291748,-0.0021876096725463867,0.24486911296844482,0.24486911296844482,110.62081784009933
crack0020_04.png,1.3650402069091796,98.3299560546875,97.3838119506836,0.9461441040039062,103.17654418945312,102.29655456542969,0.8799896240234375,0.26313331723213196,0.2675149142742157,0.00438159704208374,0.4435487985610962,0.4372539520263672,-0.006294846534729004,0.33689355850219727,0.33597785234451294,-0.0009157061576843262,0.5859861373901367,0.5867819786071777,-0.0007958412170410156,0.21628917753696442,0.21628917753696442,105.54016411304474
crack0020_05.png,1.0626203060150146,95.22738647460938,95.51787567138672,-0.29048919677734375,106.37931060791016,105.52239990234375,0.8569107055664062,0.1925780177116394,0.20100177824497223,0.008423760533332825,0.38638657331466675,0.3924793601036072,0.00609278678894043,0.37536901235580444,0.37251800298690796,-0.0028510093688964844,0.5830411314964294,0.5807228088378906,0.0023183226585388184,0.1650812327861786,0.1650812327861786,107.13959527015686
crack0020_06.png,1.6791489601135252,98.66433715820312,97.36308288574219,1.3012542724609375,109.59751892089844,107.71585083007812,1.8816680908203125,0.22527503967285156,0.21767231822013855,-0.007602721452713013,0.4366028904914856,0.44002455472946167,0.0034216642379760742,0.3934497833251953,0.4044402241706848,0.010990440845489502,0.582895040512085,0.5804805755615234,0.0024144649505615234,0.2192775011062622,0.2192775011062622,108.26917254924774
crack0020_07.png,0.4910177707672119,86.39325714111328,86.1377182006836,0.2555389404296875,103.2803955078125,102.907958984375,0.3724365234375,0.22041930258274078,0.21183040738105774,-0.008588895201683044,0.3831977844238281,0.4011886715888977,0.01799088716506958,0.36307668685913086,0.3513332009315491,-0.011743485927581787,0.5839100480079651,0.5825605392456055,0.0013495087623596191,0.2295682430267334,0.2295682430267334,96.91206514835358
crack0020_08.png,1.1787312507629395,85.72913360595703,84.95027160644531,0.7788619995117188,102.9959487915039,102.33128356933594,0.6646652221679688,0.25809574127197266,0.24820396304130554,-0.009891778230667114,0.35933738946914673,0.3800758123397827,0.020738422870635986,0.338479220867157,0.3610634207725525,0.022584199905395508,0.5848673582077026,0.5824721455574036,0.0023952126502990723,0.22429610788822174,0.22429610788822174,93.84215915203094
crack0020_09.png,1.219869327545166,96.51592254638672,94.9216537475586,1.594268798828125,105.46125793457031,104.76419067382812,0.6970672607421875,0.2669101357460022,0.2630910575389862,-0.003819078207015991,0.38799577951431274,0.38047969341278076,-0.007516086101531982,0.38019859790802,0.3698526620864868,-0.010345935821533203,0.5836255550384521,0.584801971912384,-0.0011764168739318848,0.24879249930381775,0.24879249930381775,103.32540357112885
crack0021_00.png,3.4471250534057614,96.3718490600586,92.34405517578125,4.027793884277344,99.82200622558594,98.95661926269531,0.865386962890625,0.3059527575969696,0.3449905514717102,0.0390377938747406,0.15622174739837646,0.05822819471359253,-0.09799355268478394,0.257388174533844,0.2021273374557495,-0.05526083707809448,0.5787158608436584,0.5819684863090515,-0.0032526254653930664,0.13109058141708374,0.13109058141708374,99.2795261144638
crack0021_01.png,2.0740068435668944,119.7120361328125,117.63835144042969,2.0736846923828125,108.46500396728516,107.81513977050781,0.6498641967773438,0.21583041548728943,0.22917532920837402,0.013344913721084595,0.13433235883712769,0.09650760889053345,-0.03782474994659424,0.20483624935150146,0.19676148891448975,-0.008074760437011719,0.5853517651557922,0.5807074308395386,0.004644334316253662,0.0970100611448288,0.0970100611448288,129.13943946361542
crack0021_02.png,4.691626453399659,112.44629669189453,110.66564178466797,1.7806549072265625,112.96658325195312,111.3572998046875,1.609283447265625,0.2659558653831482,0.2721858620643616,0.006229996681213379,0.07086068391799927,0.11135280132293701,0.040492117404937744,0.22749346494674683,0.257099986076355,0.029606521129608154,0.5923183560371399,0.5885890126228333,0.0037293434143066406,0.13712643086910248,0.13712643086910248,119.29135155677795
crack0021_03.png,2.9523033142089847,105.90583801269531,102.2284164428711,3.6774215698242188,113.72196960449219,109.87742614746094,3.84454345703125,0.23158863186836243,0.21619737148284912,-0.015391260385513306,0.27806007862091064,0.2473980188369751,-0.030662059783935547,0.25303083658218384,0.25216561555862427,-0.0008652210235595703,0.5895232558250427,0.5846520662307739,0.004871189594268799,0.11184997856616974,0.11184997856616974,114.67621517181396
crack0021_04.png,3.768199920654297,107.16175842285156,103.90699768066406,3.2547607421875,105.41680908203125,105.65560913085938,-0.238800048828125,0.27804023027420044,0.2819352447986603,0.003895014524459839,0.1587519645690918,0.15679335594177246,-0.001958608627319336,0.15228688716888428,0.1574995517730713,0.005212664604187012,0.5940484404563904,0.5846558809280396,0.00939255952835083,0.11026939749717712,0.11026939749717712,112.6139018535614
crack0021_05.png,2.0628881454467773,98.04569244384766,96.12305450439453,1.922637939453125,102.75874328613281,102.7763671875,-0.0176239013671875,0.3390718996524811,0.32356590032577515,-0.015505999326705933,0.013157963752746582,0.044992029666900635,0.03183406591415405,0.19306230545043945,0.2024480104446411,0.00938570499420166,0.5848519802093506,0.5819915533065796,0.002860426902770996,0.10660408437252045,0.10660408437252045,101.06449866294861
crack0021_06.png,2.3080886840820316,101.13075256347656,98.26055908203125,2.8701934814453125,101.30079650878906,101.00003051757812,0.3007659912109375,0.30340251326560974,0.31626853346824646,0.012866020202636719,0.22382229566574097,0.17631256580352783,-0.047509729862213135,0.32132959365844727,0.3184158205986023,-0.0029137730598449707,0.5793541073799133,0.574636697769165,0.004717409610748291,0.11679533123970032,0.11679533123970032,104.66566932201385
crack0021_07.png,2.535338306427002,105.54486083984375,102.51073455810547,3.0341262817382812,104.17469787597656,104.52433776855469,-0.349639892578125,0.26117169857025146,0.26108109951019287,-9.059906005859375e-05,0.19957268238067627,0.18885821104049683,-0.010714471340179443,0.27359527349472046,0.25922340154647827,-0.014371871948242188,0.5837870240211487,0.5818646550178528,0.0019223690032958984,0.1144898533821106,0.1144898533821106,111.71441268920898
crack0021_08.png,3.8038847923278807,110.76790618896484,108.40997314453125,2.3579330444335938,102.89012145996094,103.07357788085938,-0.1834564208984375,0.28362008929252625,0.30076631903648376,0.01714622974395752,0.0,0.0,0.0,0.13799220323562622,0.15107882022857666,0.01308661699295044,0.5823491215705872,0.5786582231521606,0.0036908984184265137,0.13537797331809998,0.13537797331809998,115.86569917201996
crack0021_09.png,4.570647144317627,109.32135772705078,107.27979278564453,2.04156494140625,114.94400024414062,113.80850219726562,1.135498046875,0.2244277000427246,0.23319748044013977,0.008769780397415161,0.04242128133773804,0.07204407453536987,0.029622793197631836,0.006364583969116211,0.060941219329833984,0.05457663536071777,0.5942791104316711,0.5895693898200989,0.004709720611572266,0.10912487655878067,0.10912487655878067,118.60607767105103
crack0022_00.png,3.164043641090393,77.97904968261719,76.0711669921875,1.9078826904296875,118.16708374023438,118.42436218261719,-0.2572784423828125,0.06671736389398575,0.07843662798404694,0.011719264090061188,0.0,0.0,0.0,0.0,0.0,0.0,0.591860830783844,0.5813225507736206,0.010538280010223389,0.09779324382543564,0.09779324382543564,96.69649973511696
crack0022_01.png,10.557754039764404,89.7990951538086,80.54621887207031,9.252876281738281,129.25003051757812,127.36114501953125,1.888885498046875,0.09448068588972092,0.09835221618413925,0.003871530294418335,0.0,0.0,0.0,0.0,0.0,0.0,0.5864090919494629,0.5804190635681152,0.005990028381347656,0.09776483476161957,0.09776483476161957,102.96017953753471
crack0022_02.png,3.642726469039917,91.71231079101562,86.30804443359375,5.404266357421875,127.67959594726562,127.50218200683594,0.1774139404296875,0.12149935960769653,0.0958498865365982,-0.025649473071098328,0.0,0.0,0.0,0.0,0.0,0.0,0.5884006023406982,0.5829142928123474,0.00548630952835083,0.0901244580745697,0.0901244580745697,106.79520851373672
crack0022_03.png,7.036113810539246,81.624267578125,76.67003631591797,4.954231262207031,134.88250732421875,130.6700439453125,4.21246337890625,0.08829595893621445,0.09181927144527435,0.003523312509059906,0.0,0.0,0.0,0.0,0.0,0.0,0.5850672721862793,0.5821914672851562,0.002875804901123047,0.09369558840990067,0.09369558840990067,97.25208529829979
crack0022_04.png,6.037288641929626,72.21455383300781,66.85198974609375,5.3625640869140625,120.60318756103516,118.78713989257812,1.8160476684570312,0.09989117830991745,0.09770135581493378,-0.002189822494983673,0.0,0.0,0.0,0.0,0.0,0.0,0.5802960395812988,0.5772087574005127,0.003087282180786133,0.1068890243768692,0.1068890243768692,86.88303202390671
crack0022_05.png,3.1408103704452515,79.1254653930664,75.86669158935547,3.2587738037109375,122.59463500976562,121.893798828125,0.700836181640625,0.11577443778514862,0.10904444009065628,-0.00672999769449234,0.0,0.0,0.0,0.0,0.0,0.0,0.5916147828102112,0.5881122350692749,0.0035025477409362793,0.09852537512779236,0.09852537512779236,94.61800339818001
crack0022_06.png,1.3062742948532104,96.36425018310547,95.4390869140625,0.9251632690429688,120.12098693847656,118.85710144042969,1.263885498046875,0.11867713183164597,0.11274249851703644,-0.005934633314609528,0.0,0.0,0.0,0.0,0.0,0.0,0.596682071685791,0.5879238843917847,0.008758187294006348,0.08986804634332657,0.08986804634332657,113.00440150499344
crack0022_07.png,6.345140695571899,106.2399673461914,101.86296081542969,4.377006530761719,119.5040054321289,114.74871826171875,4.755287170410156,0.10195285081863403,0.09941206872463226,-0.00254078209400177,0.0,0.0,0.0,0.0,0.0,0.0,0.5936101675033569,0.5868781208992004,0.006732046604156494,0.09941942989826202,0.09941942989826202,121.83114665746689
crack0022_08.png,3.3331977367401127,91.31900024414062,87.6975326538086,3.6214675903320312,128.4552001953125,126.67669677734375,1.77850341796875,0.10201401263475418,0.08585413545370102,-0.01615987718105316,0.0,0.0,0.0,0.0,0.0,0.0,0.5939869284629822,0.5866589546203613,0.00732797384262085,0.10054288059473038,0.10054288059473038,108.11649546027184
crack0022_09.png,3.3027387857437134,82.5014419555664,77.57999420166016,4.92144775390625,122.29146575927734,123.17056274414062,-0.8790969848632812,0.10720176249742508,0.09154598414897919,-0.015655778348445892,0.0,0.0,0.0,0.0,0.0,0.0,0.5812110900878906,0.5815762877464294,-0.00036519765853881836,0.10233398526906967,0.10233398526906967,97.81101053953171
crack0023_00.png,-0.036229944229126065,121.35381317138672,120.58055114746094,0.7732620239257812,122.35110473632812,121.54176330566406,0.8093414306640625,0.15447622537612915,0.13684554398059845,-0.0176306813955307,0.16157132387161255,0.1632809042930603,0.001709580421447754,0.34659409523010254,0.33725690841674805,-0.009337186813354492,0.5942214727401733,0.589000403881073,0.005221068859100342,0.10234898328781128,0.10234898328781128,136.52530843019485
crack0023_01.png,3.989923429489136,124.40885925292969,120.59734344482422,3.8115158081054688,114.19844055175781,113.1847915649414,1.0136489868164062,0.2455628514289856,0.24064089357852936,-0.004921957850456238,0.0,0.0,0.0,0.24681472778320312,0.2183588743209839,-0.02845585346221924,0.5925067067146301,0.58833909034729,0.004167616367340088,0.11272838711738586,0.11272838711738586,131.7649160027504
crack0023_02.png,4.237049388885498,100.25074005126953,98.53515625,1.7155838012695312,110.09562683105469,107.68611907958984,2.4095077514648438,0.31859052181243896,0.34108150005340576,0.022490978240966797,0.005636692047119141,0.0,-0.005636692047119141,0.22533708810806274,0.18157637119293213,-0.043760716915130615,0.5853325724601746,0.5857362747192383,-0.0004037022590637207,0.15962162613868713,0.15962162613868713,103.70696783065796
crack0023_03.png,0.5687367439270019,113.77798461914062,114.34204864501953,-0.5640640258789062,109.25686645507812,108.93959045410156,0.3172760009765625,0.2564012408256531,0.26655080914497375,0.010149568319320679,0.0,0.0,0.0,0.27782851457595825,0.30006229877471924,0.022233784198760986,0.5894232988357544,0.5845751762390137,0.004848122596740723,0.11624127626419067,0.11624127626419067,122.25287413597107
crack0023_04.png,2.0351979732513428,123.12820434570312,121.52978515625,1.598419189453125,112.07621002197266,111.67501831054688,0.40119171142578125,0.2319113165140152,0.22620874643325806,-0.005702570080757141,0.0,0.011745989322662354,0.011745989322662354,0.27655965089797974,0.29129916429519653,0.014739513397216797,0.5888466238975525,0.5822799205780029,0.0065667033195495605,0.11426049470901489,0.11426049470901489,132.31033492088318
crack0023_05.png,1.1355839252471924,119.50544738769531,118.75558471679688,0.7498626708984375,109.20732116699219,108.02019500732422,1.1871261596679688,0.1847028136253357,0.1796436458826065,-0.005059167742729187,0.07163333892822266,0.0763784646987915,0.004745125770568848,0.261804461479187,0.24559372663497925,-0.016210734844207764,0.5892003178596497,0.586055338382721,0.003144979476928711,0.10278402268886566,0.10278402268886566,131.9199100136757
crack0023_06.png,1.8658716678619385,108.95492553710938,107.2389144897461,1.7160110473632812,113.21903991699219,111.69491577148438,1.5241241455078125,0.21216200292110443,0.20607849955558777,-0.006083503365516663,0.007286190986633301,0.0,-0.007286190986633301,0.2273852825164795,0.22119325399398804,-0.006192028522491455,0.5904383063316345,0.5824798345565796,0.007958471775054932,0.10755792260169983,0.10755792260169983,119.34974229335785
crack0023_07.png,-0.31380810737609854,114.88398742675781,113.79856872558594,1.085418701171875,111.90067291259766,111.47164916992188,0.42902374267578125,0.24711592495441437,0.22447970509529114,-0.02263621985912323,0.0,0.0,0.0,0.17336302995681763,0.19002968072891235,0.016666650772094727,0.5916493535041809,0.5856478214263916,0.006001532077789307,0.10235977917909622,0.10235977917909622,124.53846991062164
crack0023_08.png,-3.0022586822509765,115.22626495361328,116.42919921875,-1.2029342651367188,109.98826599121094,109.51228332519531,0.475982666015625,0.28872498869895935,0.2784680724143982,-0.010256916284561157,0.2420140504837036,0.2102820873260498,-0.03173196315765381,0.32392168045043945,0.31588315963745117,-0.008038520812988281,0.5849134922027588,0.5824106335639954,0.0025028586387634277,0.13949650526046753,0.13949650526046753,122.5161874294281
crack0023_09.png,2.859761619567871,121.03715515136719,119.47023010253906,1.566925048828125,110.58557891845703,109.22081756591797,1.3647613525390625,0.2510383129119873,0.25822770595550537,0.007189393043518066,0.0,0.0,0.0,0.2615549564361572,0.2303633689880371,-0.031191587448120117,0.5892541408538818,0.5849596261978149,0.0042945146560668945,0.11315422505140305,0.11315422505140305,128.76155948638916
crack0024_00.png,4.462784051895142,142.8025360107422,139.66954040527344,3.13299560546875,120.55506896972656,121.86930847167969,-1.314239501953125,0.22671915590763092,0.24833834171295166,0.02161918580532074,0.0,0.0,0.0,0.01888209581375122,0.04353296756744385,0.024650871753692627,0.5926527976989746,0.589504063129425,0.0031487345695495605,0.13291366398334503,0.13291366398334503,151.33900076150894
crack0024_01.png,0.5869055747985841,121.87591552734375,122.00664520263672,-0.13072967529296875,133.34310913085938,132.14401245117188,1.1990966796875,0.3163946270942688,0.3182623088359833,0.0018676817417144775,0.0,0.0,0.0,0.0,0.0,0.0,0.5938331484794617,0.5916185975074768,0.0022145509719848633,0.11948484182357788,0.11948484182357788,126.71092867851257
crack0024_02.png,10.181895017623901,123.54660034179688,116.22509765625,7.321502685546875,119.09580993652344,112.94155883789062,6.1542510986328125,0.2381022870540619,0.24024279415607452,0.0021405071020126343,0.0,0.0,0.0,0.0,0.0,0.0,0.5978392958641052,0.592153012752533,0.005686283111572266,0.13093602657318115,0.13093602657318115,129.51328361034393
crack0024_03.png,4.352882051467896,140.50042724609375,135.88888549804688,4.611541748046875,120.92733001708984,117.45620727539062,3.4711227416992188,0.20496268570423126,0.18350300192832947,-0.021459683775901794,0.0,0.0,0.0,0.0,0.0,0.0,0.5990695953369141,0.5973279476165771,0.001741647720336914,0.11186271160840988,0.11186271160840988,151.1472600698471
crack0024_04.png,4.296677780151367,160.152099609375,157.33767700195312,2.814422607421875,168.66627502441406,165.11215209960938,3.5541229248046875,0.21708276867866516,0.21664080023765564,-0.0004419684410095215,0.0,0.0,0.0,0.0,0.0,0.0,0.59078049659729,0.5883814096450806,0.0023990869522094727,0.125923290848732,0.125923290848732,169.37766015529633
crack0024_05.png,3.647514057159424,131.72557067871094,130.31163024902344,1.4139404296875,125.42462158203125,124.15847778320312,1.266143798828125,0.2640747129917145,0.2845909893512726,0.020516276359558105,0.0,0.0,0.0,0.0,0.0,0.0,0.5949942469596863,0.5928488969802856,0.0021453499794006348,0.1307234913110733,0.1307234913110733,138.97388756275177
crack0024_06.png,6.049528455734253,126.602783203125,121.78784942626953,4.814933776855469,118.035400390625,118.85237121582031,-0.8169708251953125,0.22413110733032227,0.24161456525325775,0.017483457922935486,0.0,0.0,0.0,0.15095317363739014,0.1508864164352417,-6.67572021484375e-05,0.5891733765602112,0.5851057171821594,0.004067659378051758,0.15798741579055786,0.15798741579055786,134.31438493728638
crack0024_07.png,3.8351279735565185,136.49195861816406,133.90394592285156,2.5880126953125,117.0230712890625,115.29633331298828,1.7267379760742188,0.2347061038017273,0.2399485558271408,0.005242452025413513,0.0,0.0,0.0,0.09672927856445312,0.11391502618789673,0.017185747623443604,0.5900153517723083,0.5865897536277771,0.00342559814453125,0.15042062103748322,0.15042062103748322,144.7162001132965
crack0024_08.png,-1.09191460609436,173.1115264892578,177.31321716308594,-4.201690673828125,177.10861206054688,170.58926391601562,6.51934814453125,0.19940857589244843,0.2056128978729248,0.006204321980476379,0.0,0.0,0.0,0.07397645711898804,0.0784909725189209,0.004514515399932861,0.5932679772377014,0.5931257009506226,0.00014227628707885742,0.15024936199188232,0.15024936199188232,186.97857636213303
crack0024_09.png,3.2742509841918945,134.6404266357422,132.6936492919922,1.94677734375,125.11554718017578,125.03421783447266,0.081329345703125,0.2639230191707611,0.2789698541164398,0.015046834945678711,0.0,0.0,0.0,0.03380882740020752,0.002909064292907715,-0.030899763107299805,0.5884928703308105,0.5862129926681519,0.0022798776626586914,0.1682913899421692,0.1682913899421692,141.37137162685394
crack0025_00.png,3.5156784057617188,123.28357696533203,121.27576446533203,2.0078125,114.54852294921875,113.77825927734375,0.770263671875,0.30700427293777466,0.3127690851688385,0.005764812231063843,0.32819658517837524,0.3479912281036377,0.01979464292526245,0.3015516400337219,0.32369667291641235,0.02214503288269043,0.5815878510475159,0.582918107509613,-0.001330256462097168,0.19321534037590027,0.19321534037590027,127.17613863945007
crack0025_01.png,2.929373836517334,112.47260284423828,110.14814758300781,2.3244552612304688,106.33180236816406,105.9596176147461,0.37218475341796875,0.31271693110466003,0.31942513585090637,0.006708204746246338,0.4218354821205139,0.41998547315597534,-0.0018500089645385742,0.4433993697166443,0.44416284561157227,0.0007634758949279785,0.5868589282035828,0.5870242118835449,-0.0001652836799621582,0.17178452014923096,0.17178452014923096,116.02832782268524
crack0025_02.png,3.4580363273620605,115.73344421386719,113.76150512695312,1.9719390869140625,114.80009460449219,112.82723236083984,1.9728622436523438,0.29283785820007324,0.2937134802341461,0.000875622034072876,0.3695515990257263,0.3826097846031189,0.013058185577392578,0.3024227023124695,0.3278711438179016,0.02544844150543213,0.5955978631973267,0.5929834842681885,0.0026143789291381836,0.2132054567337036,0.2132054567337036,121.00111770629883
crack0025_03.png,4.385948562622071,116.88075256347656,114.58384704589844,2.296905517578125,106.73597717285156,105.47047424316406,1.2655029296875,0.28763121366500854,0.3098227083683014,0.022191494703292847,0.3580782413482666,0.3552578091621399,-0.002820432186126709,0.34692448377609253,0.350727379322052,0.0038028955459594727,0.5760284662246704,0.5780199766159058,-0.0019915103912353516,0.2183837890625,0.2183837890625,121.59522604942322
crack0025_04.png,3.328623580932617,116.40033721923828,114.40679931640625,1.9935379028320312,108.13530731201172,107.81632995605469,0.31897735595703125,0.37549641728401184,0.3867149353027344,0.011218518018722534,0.4569462537765503,0.4561537504196167,-0.0007925033569335938,0.39704638719558716,0.39644110202789307,-0.0006052851676940918,0.5897846817970276,0.5812418460845947,0.008542835712432861,0.24001821875572205,0.24001821875572205,116.46517050266266
crack0025_05.png,5.166685438156128,119.00891876220703,115.62120819091797,3.3877105712890625,115.08537292480469,113.33795166015625,1.7474212646484375,0.21029748022556305,0.209367573261261,-0.000929906964302063,0.43282896280288696,0.4591476321220398,0.026318669319152832,0.3987467288970947,0.41114288568496704,0.012396156787872314,0.5874509811401367,0.5849096775054932,0.0025413036346435547,0.16336816549301147,0.16336816549301147,128.2510483264923
crack0025_06.png,2.8712613582611084,116.22159576416016,116.10733795166016,0.1142578125,120.33551788330078,120.17476654052734,0.1607513427734375,0.20624050498008728,0.22860868275165558,0.0223681777715683,0.4443480968475342,0.4594513773918152,0.015103280544281006,0.36531341075897217,0.40156257152557373,0.03624916076660156,0.5961322784423828,0.5886543393135071,0.007477939128875732,0.20559129118919373,0.20559129118919373,127.63532769680023
crack0025_07.png,2.4709925651550293,99.15583038330078,98.50666046142578,0.649169921875,105.79196166992188,104.95799255371094,0.8339691162109375,0.35020214319229126,0.35586386919021606,0.005661725997924805,0.4262434244155884,0.4453515410423279,0.019108116626739502,0.4335794448852539,0.43976956605911255,0.006190121173858643,0.5910072922706604,0.5842329859733582,0.006774306297302246,0.19939856231212616,0.19939856231212616,101.45940852165222
crack0025_08.png,4.457232570648193,108.7038345336914,106.78299713134766,1.92083740234375,108.15068817138672,106.94003295898438,1.2106552124023438,0.3551602363586426,0.37931352853775024,0.024153292179107666,0.45323097705841064,0.4545590877532959,0.001328110694885254,0.44048017263412476,0.44515830278396606,0.004678130149841309,0.5850250124931335,0.5833563804626465,0.0016686320304870605,0.19730620086193085,0.19730620086193085,109.83480215072632
crack0025_09.png,3.175711250305176,123.6796875,120.63327026367188,3.046417236328125,102.36419677734375,102.28501892089844,0.0791778564453125,0.2884591817855835,0.2891075909137726,0.0006484091281890869,0.4888163208961487,0.48307812213897705,-0.005738198757171631,0.35306060314178467,0.34505021572113037,-0.008010387420654297,0.5855132341384888,0.5786312818527222,0.0068819522857666016,0.15856242179870605,0.15856242179870605,128.26945734024048
crack0026_00.png,-2.5603389739990234,92.2474594116211,95.59646606445312,-3.3490066528320312,126.68207550048828,121.9803466796875,4.701728820800781,0.17804744839668274,0.1625632345676422,-0.015484213829040527,0.0,0.0,0.0,0.0,0.0,0.0,0.590569019317627,0.5869011878967285,0.0036678314208984375,0.10572037100791931,0.10572037100791931,107.79092943668365
crack0026_01.png,-1.1490065097808837,88.6899642944336,91.13728332519531,-2.4473190307617188,123.69750213623047,121.06396484375,2.6335372924804688,0.18022547662258148,0.181400865316391,0.0011753886938095093,0.0,0.0,0.0,0.0,0.0,0.0,0.5931910872459412,0.589419424533844,0.003771662712097168,0.10066191852092743,0.10066191852092743,102.82773870229721
crack0026_02.png,-2.0502207279205322,79.21342468261719,80.7981948852539,-1.5847702026367188,123.27159881591797,121.5423583984375,1.7292404174804688,0.16648845374584198,0.1514820158481598,-0.01500643789768219,0.0,0.0,0.0,0.0,0.0,0.0,0.5927950739860535,0.5917108654975891,0.0010842084884643555,0.10061944276094437,0.10061944276094437,94.6286917924881
crack0026_03.png,2.9071927070617676,99.40498352050781,96.36175537109375,3.0432281494140625,120.97625732421875,121.62574768066406,-0.6494903564453125,0.1424839347600937,0.14194710552692413,-0.0005368292331695557,0.0,0.0,0.0,0.0,0.0,0.0,0.5935947895050049,0.58942711353302,0.004167675971984863,0.09839978814125061,0.09839978814125061,113.11033469438553
crack0026_04.png,-1.618816328048706,69.17304229736328,71.85174560546875,-2.6787033081054688,119.22674560546875,116.94941711425781,2.2773284912109375,0.14917658269405365,0.15054064989089966,0.0013640671968460083,0.0,0.0,0.0,0.0,0.0,0.0,0.5971856713294983,0.5961899161338806,0.0009957551956176758,0.09744466841220856,0.09744466841220856,85.44922584295273
crack0026_05.png,-1.4191940784454347,79.04581451416016,82.55768585205078,-3.511871337890625,117.6624526977539,116.0743408203125,1.5881118774414062,0.15444159507751465,0.16978944838047028,0.015347853302955627,0.0,0.0,0.0,0.0,0.0,0.0,0.5909112095832825,0.585171103477478,0.005740106105804443,0.10009300708770752,0.10009300708770752,95.17170286178589
crack0026_06.png,12.870190000534057,129.98870849609375,118.8885498046875,11.10015869140625,125.2449951171875,119.75089263916016,5.494102478027344,0.24052004516124725,0.23168396949768066,-0.00883607566356659,0.0,0.0,0.0,0.0,0.0,0.0,0.5938292741775513,0.5868473649024963,0.006981909275054932,0.09782159328460693,0.09782159328460693,134.29076194763184
crack0026_07.png,-0.15545003414154057,80.33061218261719,82.69037628173828,-2.3597640991210938,123.08128356933594,121.89959716796875,1.1816864013671875,0.12445556372404099,0.14613759517669678,0.021682031452655792,0.0,0.0,0.0,0.0,0.0,0.0,0.5835294127464294,0.5836024880409241,-7.30752944946289e-05,0.1127258762717247,0.1127258762717247,97.38725993037224
crack0026_08.png,-4.259817266464234,65.6139144897461,66.90409851074219,-1.2901840209960938,121.8319091796875,123.8178939819336,-1.9859848022460938,0.17936289310455322,0.1470416933298111,-0.032321199774742126,0.0,0.0,0.0,0.0,0.0,0.0,0.5924298167228699,0.5821684002876282,0.0102614164352417,0.09711403399705887,0.09711403399705887,81.13369756937027
crack0026_09.png,4.18274507522583,67.97268676757812,65.22200775146484,2.7506790161132812,131.79876708984375,127.80864715576172,3.9901199340820312,0.1603085696697235,0.15577703714370728,-0.004531532526016235,0.0,0.0,0.0,0.0,0.0,0.0,0.5915225148200989,0.586558997631073,0.004963517189025879,0.09416142106056213,0.09416142106056213,80.911625623703
crack0027_00.png,3.6960862159729,118.86256408691406,117.79426574707031,1.06829833984375,105.18968963623047,105.0487060546875,0.14098358154296875,0.33245304226875305,0.3541232943534851,0.021670252084732056,0.23508870601654053,0.2510964870452881,0.01600778102874756,0.3664633631706238,0.3707456588745117,0.0042822957038879395,0.5828796625137329,0.5779430866241455,0.004936575889587402,0.14353108406066895,0.14353108406066895,121.69641888141632
crack0027_01.png,3.8435710906982425,115.45736694335938,113.39677429199219,2.0605926513671875,102.96958923339844,102.51936340332031,0.450225830078125,0.26253312826156616,0.29648929834365845,0.033956170082092285,0.38592642545700073,0.35214245319366455,-0.03378397226333618,0.4356917142868042,0.413418173789978,-0.022273540496826172,0.5869088768959045,0.5809650421142578,0.0059438347816467285,0.13811570405960083,0.13811570405960083,122.151437997818
crack0027_02.png,4.052713871002197,96.38431549072266,94.5252685546875,1.8590469360351562,102.48312377929688,102.36013793945312,0.12298583984375,0.35338225960731506,0.37930306792259216,0.0259208083152771,0.4253295063972473,0.42657679319381714,0.0012472867965698242,0.4438929557800293,0.44483643770217896,0.0009434819221496582,0.5775278806686401,0.5770049691200256,0.000522911548614502,0.19102506339550018,0.19102506339550018,97.35297167301178
crack0027_03.png,2.67641167640686,116.79750061035156,114.78925323486328,2.0082473754882812,109.02729034423828,107.29588317871094,1.7314071655273438,0.23837856948375702,0.2556883692741394,0.017309799790382385,0.28306281566619873,0.24581480026245117,-0.03724801540374756,0.445603609085083,0.4328138828277588,-0.012789726257324219,0.5795578360557556,0.5775393843650818,0.002018451690673828,0.10246765613555908,0.10246765613555908,124.67297619581223
crack0027_04.png,2.8307984828948975,121.7442626953125,119.5279541015625,2.21630859375,107.04759979248047,107.18315124511719,-0.13555145263671875,0.23466363549232483,0.24426884949207306,0.00960521399974823,0.39686721563339233,0.3886997699737549,-0.008167445659637451,0.43770378828048706,0.43856239318847656,0.000858604907989502,0.5883045196533203,0.5826297402381897,0.005674779415130615,0.14276111125946045,0.14276111125946045,130.08847105503082
crack0027_05.png,1.1895695686340333,116.08560943603516,114.70635986328125,1.3792495727539062,102.58943176269531,102.37429809570312,0.2151336669921875,0.3482343256473541,0.34671828150749207,-0.0015160441398620605,0.3446347713470459,0.34133100509643555,-0.0033037662506103516,0.44168561697006226,0.4479867219924927,0.00630110502243042,0.5721068978309631,0.5726643800735474,-0.0005574822425842285,0.10731207579374313,0.10731207579374313,117.49946296215057
crack0027_06.png,1.4580349922180176,110.95436096191406,109.83995056152344,1.114410400390625,104.1422119140625,103.47925567626953,0.6629562377929688,0.29222071170806885,0.30198508501052856,0.009764373302459717,0.45256608724594116,0.4321148991584778,-0.02045118808746338,0.4896049499511719,0.48197561502456665,-0.007629334926605225,0.5749019384384155,0.5720184445381165,0.0028834939002990723,0.1259549856185913,0.1259549856185913,115.85999059677124
crack0027_07.png,2.6283857345581056,108.55622100830078,106.97146606445312,1.5847549438476562,104.9959487915039,104.37803649902344,0.6179122924804688,0.2915673553943634,0.29952263832092285,0.007955282926559448,0.31370025873184204,0.3133222460746765,-0.00037801265716552734,0.39142847061157227,0.3801434636116028,-0.011285006999969482,0.582129955291748,0.5777508616447449,0.004379093647003174,0.1290547251701355,0.1290547251701355,113.55500042438507
crack0027_08.png,1.3200491905212401,115.6861343383789,114.82839965820312,0.8577346801757812,103.72929382324219,103.31755828857422,0.41173553466796875,0.31991463899612427,0.3214268386363983,0.0015121996402740479,0.3529968857765198,0.35284554958343506,-0.0001513361930847168,0.42150163650512695,0.4233677387237549,0.0018661022186279297,0.5840907096862793,0.5795232653617859,0.004567444324493408,0.1270390748977661,0.1270390748977661,119.42601704597473
crack0027_09.png,3.314692974090576,105.29837799072266,103.62644958496094,1.6719284057617188,102.244140625,101.7817611694336,0.46237945556640625,0.3506445288658142,0.3697332441806793,0.019088715314865112,0.44995784759521484,0.4469377398490906,-0.0030201077461242676,0.453291118144989,0.4529532790184021,-0.00033783912658691406,0.578781247138977,0.5774932503700256,0.001287996768951416,0.22728751599788666,0.22728751599788666,106.57499194145203
crack0028_00.png,1.4167475700378418,92.45864868164062,91.67737579345703,0.7812728881835938,98.50867462158203,98.17256164550781,0.33611297607421875,0.5282983779907227,0.5100897550582886,-0.018208622932434082,0.0,0.0483701229095459,0.0483701229095459,0.32811152935028076,0.33636587858200073,0.00825434923171997,0.5796462893486023,0.579073429107666,0.0005728602409362793,0.11024355888366699,0.11024355888366699,84.6484785079956
crack0028_01.png,2.6877230644226073,99.86632537841797,96.99911499023438,2.8672103881835938,103.82096862792969,102.99755096435547,0.8234176635742188,0.44475841522216797,0.4377460479736328,-0.007012367248535156,0.0,0.0,0.0,0.003617405891418457,0.07492506504058838,0.07130765914916992,0.5735832452774048,0.5722798705101013,0.0013033747673034668,0.10156865417957306,0.10156865417957306,95.1112871170044
crack0028_02.png,-1.9943952560424805,98.97502899169922,99.08158874511719,-0.10655975341796875,103.05189514160156,102.84033203125,0.2115631103515625,0.5124491453170776,0.48703405261039734,-0.025415092706680298,0.0,0.0,0.0,0.27262598276138306,0.2839115858078003,0.011285603046417236,0.5806536078453064,0.5791349411010742,0.0015186667442321777,0.11559105664491653,0.11559105664491653,93.03241002559662
crack0028_03.png,0.05288677215576176,99.31745147705078,99.14276885986328,0.1746826171875,106.22999572753906,105.34266662597656,0.8873291015625,0.4312979280948639,0.4230108857154846,-0.008287042379379272,0.0,0.0,0.0,0.22186601161956787,0.23055744171142578,0.00869143009185791,0.5865628719329834,0.5819069743156433,0.004655897617340088,0.11039721220731735,0.11039721220731735,97.31197190284729
crack0028_04.png,-0.9368188858032227,98.30351257324219,98.2511215209961,0.05239105224609375,101.31745147705078,100.67066192626953,0.64678955078125,0.5128580927848816,0.4966265559196472,-0.016231536865234375,0.0,0.0,0.0,0.21353501081466675,0.21765810251235962,0.004123091697692871,0.5827258825302124,0.5814609527587891,0.0012649297714233398,0.10411306470632553,0.10411306470632553,91.7887589931488
crack0028_05.png,0.5041004180908204,102.30673217773438,100.88174438476562,1.42498779296875,103.9561767578125,103.06942749023438,0.886749267578125,0.42469725012779236,0.44422492384910583,0.019527673721313477,0.07037985324859619,0.0,-0.07037985324859619,0.2286902666091919,0.1957884430885315,-0.0329018235206604,0.5767551064491272,0.5773202776908875,-0.0005651712417602539,0.09631698578596115,0.09631698578596115,99.20521438121796
crack0028_06.png,0.4410274505615235,98.20541381835938,96.8434066772461,1.3620071411132812,99.51900482177734,98.90385437011719,0.6151504516601562,0.5427489280700684,0.5264788866043091,-0.016270041465759277,0.0,0.0,0.0,0.17425256967544556,0.20512795448303223,0.03087538480758667,0.5744021534919739,0.5710380673408508,0.003364086151123047,0.10669681429862976,0.10669681429862976,88.91176319122314
crack0028_07.png,0.20584983825683595,105.18466186523438,105.53467559814453,-0.35001373291015625,106.8882827758789,105.91545104980469,0.9728317260742188,0.34803321957588196,0.3503345549106598,0.002301335334777832,0.0,0.0,0.0,0.051268160343170166,0.12309926748275757,0.0718311071395874,0.5791388154029846,0.5795732140541077,-0.0004343986511230469,0.09564971923828125,0.09564971923828125,107.66060411930084
crack0028_08.png,-0.801872730255127,105.50743865966797,105.13694763183594,0.37049102783203125,105.9679183959961,105.32113647460938,0.6467819213867188,0.46190017461776733,0.43892180919647217,-0.022978365421295166,0.0755510926246643,0.08513498306274414,0.009583890438079834,0.27452564239501953,0.2852363586425781,0.010710716247558594,0.5703498721122742,0.5697539448738098,0.0005959272384643555,0.1146741434931755,0.1146741434931755,101.80087947845459
crack0028_09.png,0.6768611907958983,98.61272430419922,97.81388854980469,0.7988357543945312,102.83635711669922,102.01927185058594,0.8170852661132812,0.4709453284740448,0.46452784538269043,-0.00641748309135437,0.0,0.0,0.0,0.19768297672271729,0.19526809453964233,-0.002414882183074951,0.5861706733703613,0.5845559239387512,0.0016147494316101074,0.12011030316352844,0.12011030316352844,93.78846263885498
crack0029_00.png,5.109641742706299,109.92709350585938,109.79544830322266,0.13164520263671875,112.32613372802734,111.71531677246094,0.6108169555664062,0.28438296914100647,0.29938456416130066,0.01500159502029419,0.2360442876815796,0.3170241117477417,0.08097982406616211,0.24487793445587158,0.30943232774734497,0.06455439329147339,0.5914109945297241,0.5840522646903992,0.007358729839324951,0.19730636477470398,0.19730636477470398,116.45473253726959
crack0029_01.png,2.3140583992004395,101.48945617675781,100.24256896972656,1.24688720703125,101.97246551513672,101.96412658691406,0.00833892822265625,0.29666489362716675,0.2886475622653961,-0.00801733136177063,0.24941587448120117,0.2930768132209778,0.04366093873977661,0.24666154384613037,0.2843664884567261,0.0377049446105957,0.5775086283683777,0.5785390138626099,-0.0010303854942321777,0.2465083748102188,0.2465083748102188,106.68871939182281
crack0029_02.png,-0.8472687721252441,99.67916107177734,99.97279357910156,-0.29363250732421875,104.43185424804688,105.214599609375,-0.782745361328125,0.1940833330154419,0.1902845799922943,-0.003798753023147583,0.0,0.0,0.0,0.0,0.0,0.0,0.5816839933395386,0.5800999402999878,0.0015840530395507812,0.20594516396522522,0.20594516396522522,111.67626225948334
crack0029_03.png,3.5265007972717286,102.37191009521484,102.61976623535156,-0.24785614013671875,102.07929992675781,101.4937973022461,0.5855026245117188,0.33003318309783936,0.3688357174396515,0.038802534341812134,0.1401304006576538,0.14968740940093994,0.009557008743286133,0.22237366437911987,0.23470979928970337,0.012336134910583496,0.5819531083106995,0.5806112885475159,0.0013418197631835938,0.199369877576828,0.199369877576828,105.97197151184082
crack0029_04.png,11.623643970489502,106.14190673828125,105.7235336303711,0.41837310791015625,112.0103759765625,111.27522277832031,0.7351531982421875,0.17615704238414764,0.2136441022157669,0.03748705983161926,0.05243784189224243,0.24765264987945557,0.19521480798721313,0.0,0.18751001358032227,0.18751001358032227,0.5892772078514099,0.5866858959197998,0.0025913119316101074,0.1947961002588272,0.1947961002588272,118.93438595533371
crack0029_05.png,3.4211732864379885,100.83507537841797,100.53080749511719,0.30426788330078125,104.14495849609375,103.98572540283203,0.15923309326171875,0.3133465647697449,0.31307581067085266,-0.0002707540988922119,0.3413875102996826,0.4174019694328308,0.0760144591331482,0.343378484249115,0.40075618028640747,0.05737769603729248,0.5869703888893127,0.5861130356788635,0.0008573532104492188,0.21188408136367798,0.21188408136367798,105.37720835208893
crack0029_06.png,10.318096542358399,106.91764068603516,106.04407501220703,0.873565673828125,107.7584228515625,106.69269561767578,1.0657272338867188,0.2060849964618683,0.253339022397995,0.04725402593612671,0.0,0.12248581647872925,0.12248581647872925,0.0,0.12168657779693604,0.12168657779693604,0.5929757952690125,0.5845136642456055,0.008462131023406982,0.15635430812835693,0.15635430812835693,117.8347898721695
crack0029_07.png,11.96691370010376,94.0046157836914,92.8810806274414,1.12353515625,110.42567443847656,109.19413757324219,1.231536865234375,0.16457438468933105,0.2104504406452179,0.04587605595588684,0.17413699626922607,0.3344718813896179,0.16033488512039185,0.06325525045394897,0.2699729800224304,0.20671772956848145,0.595382571220398,0.5887004733085632,0.006682097911834717,0.19056645035743713,0.19056645035743713,107.38368797302246
crack0029_08.png,2.677250862121582,106.5798110961914,106.5829086303711,-0.0030975341796875,102.80589294433594,103.26274108886719,-0.45684814453125,0.2778409719467163,0.26709064841270447,-0.01075032353401184,0.2604321241378784,0.35218358039855957,0.09175145626068115,0.20096343755722046,0.2651525139808655,0.06418907642364502,0.5868050456047058,0.585478663444519,0.0013263821601867676,0.23122218251228333,0.23122218251228333,114.02812278270721
crack0029_09.png,5.452966928482056,96.12940216064453,96.3382568359375,-0.20885467529296875,105.66890716552734,105.69583892822266,-0.0269317626953125,0.19837766885757446,0.20356996357440948,0.005192294716835022,0.10946875810623169,0.23452067375183105,0.12505191564559937,0.07076716423034668,0.15793335437774658,0.0871661901473999,0.5896193981170654,0.5832410454750061,0.006378352642059326,0.17071771621704102,0.17071771621704102,107.91594529151917
crack0030_00.png,2.384946823120117,185.46217346191406,184.5977783203125,0.8643951416015625,116.72785949707031,116.64435577392578,0.08350372314453125,0.18242071568965912,0.1794993132352829,-0.0029214024543762207,0.24283260107040405,0.28138279914855957,0.03855019807815552,0.24674469232559204,0.2890360355377197,0.042291343212127686,0.5806189775466919,0.5761476159095764,0.0044713616371154785,0.12978169322013855,0.12978169322013855,197.48477619886398
crack0030_01.png,-0.8229104042053222,184.1305694580078,184.3985595703125,-0.2679901123046875,124.43145751953125,124.99449157714844,-0.5630340576171875,0.19135499000549316,0.18744513392448425,-0.003909856081008911,0.0,0.0,0.0,0.0,0.0,0.0,0.5864205956459045,0.5868435502052307,-0.0004229545593261719,0.12323646992444992,0.12323646992444992,196.49159848690033
crack0030_02.png,-2.924169397354126,192.40216064453125,195.14511108398438,-2.742950439453125,130.7130126953125,129.62969970703125,1.08331298828125,0.13416999578475952,0.12566350400447845,-0.008506491780281067,0.0,0.0,0.0,0.0,0.0,0.0,0.5844521522521973,0.5828027725219727,0.0016493797302246094,0.11551937460899353,0.11551937460899353,209.611911714077
crack0030_03.png,-1.0824512004852296,181.93551635742188,184.6644287109375,-2.728912353515625,115.32089233398438,115.24908447265625,0.071807861328125,0.2033395767211914,0.20145370066165924,-0.0018858760595321655,0.058181166648864746,0.10013186931610107,0.04195070266723633,0.20257925987243652,0.2564573287963867,0.053878068923950195,0.577316403388977,0.5750519037246704,0.0022644996643066406,0.1327868402004242,0.1327868402004242,194.30540663003922
crack0030_04.png,-0.8160755157470705,190.05078125,192.30555725097656,-2.2547760009765625,121.17975616455078,121.53071594238281,-0.35095977783203125,0.22266831994056702,0.24262988567352295,0.019961565732955933,0.0,0.0,0.0,0.04542720317840576,0.07796120643615723,0.032534003257751465,0.5798769593238831,0.5803229808807373,-0.00044602155685424805,0.10515876114368439,0.10515876114368439,201.03098928928375
crack0030_05.png,-2.2199182510375977,194.46104431152344,196.6251678466797,-2.16412353515625,121.929931640625,121.73881530761719,0.1911163330078125,0.21469439566135406,0.2122877985239029,-0.002406597137451172,0.0,0.0,0.0,0.04954993724822998,0.03883707523345947,-0.010712862014770508,0.5850557684898376,0.5835486054420471,0.0015071630477905273,0.12229064106941223,0.12229064106941223,206.2080689072609
crack0030_06.png,-2.5347391605377196,175.19760131835938,176.93338012695312,-1.73577880859375,130.58169555664062,130.3706817626953,0.2110137939453125,0.1647222489118576,0.16740134358406067,0.002679094672203064,0.03593003749847412,0.003531932830810547,-0.032398104667663574,0.0,0.0,0.0,0.5926989316940308,0.5877431631088257,0.004955768585205078,0.12786975502967834,0.12786975502967834,189.89011305570602
crack0030_07.png,1.7669195652008056,179.5611572265625,178.1953125,1.3658447265625,114.87283325195312,114.62132263183594,0.2515106201171875,0.2029479593038559,0.20831146836280823,0.0053635090589523315,0.054683566093444824,0.05259096622467041,-0.002092599868774414,0.2538301944732666,0.2592902183532715,0.005460023880004883,0.5823452472686768,0.5834679007530212,-0.0011226534843444824,0.13400495052337646,0.13400495052337646,190.04007333517075
crack0030_08.png,-1.0936036586761475,201.00601196289062,202.03053283691406,-1.0245208740234375,127.13442993164062,127.8055419921875,-0.671112060546875,0.16172996163368225,0.16199035942554474,0.0002603977918624878,0.27193284034729004,0.2730012536048889,0.001068413257598877,0.13664066791534424,0.15946578979492188,0.022825121879577637,0.5883045196533203,0.5849096775054932,0.0033948421478271484,0.12979012727737427,0.12979012727737427,215.34665548801422
crack0030_09.png,-0.5979694843292236,178.27517700195312,178.9193878173828,-0.6442108154296875,115.30838012695312,115.59651184082031,-0.2881317138671875,0.21653012931346893,0.2193811535835266,0.0028510242700576782,0.0,0.0,0.0,0.12027984857559204,0.13224422931671143,0.011964380741119385,0.5844521522521973,0.5861168503761292,-0.0016646981239318848,0.14239126443862915,0.14239126443862915,189.050148665905
crack0031_00.png,7.141333532333374,103.98920440673828,101.18877410888672,2.8004302978515625,106.07884216308594,104.84878540039062,1.2300567626953125,0.2281537801027298,0.2529813051223755,0.02482752501964569,0.15950363874435425,0.20178377628326416,0.04228013753890991,0.14590203762054443,0.1990126371383667,0.053110599517822266,0.5892541408538818,0.584967315196991,0.004286825656890869,0.2508903443813324,0.2508903443813324,112.46992808580399
crack0031_01.png,-0.5200494766235351,82.3947982788086,82.05033874511719,0.34445953369140625,103.86260223388672,102.9795913696289,0.8830108642578125,0.19704429805278778,0.16901512444019318,-0.028029173612594604,0.332011342048645,0.3551047444343567,0.02309340238571167,0.22703015804290771,0.24494868516921997,0.017918527126312256,0.5857208967208862,0.5831987857818604,0.002522110939025879,0.20922335982322693,0.20922335982322693,95.51049691438675
crack0031_02.png,4.898322343826294,102.61563110351562,99.62715911865234,2.9884719848632812,105.43243408203125,104.24236297607422,1.1900711059570312,0.2047666758298874,0.22915637493133545,0.02438969910144806,0.023599088191986084,0.009350359439849854,-0.01424872875213623,0.035490334033966064,0.020626068115234375,-0.01486426591873169,0.5825259685516357,0.5812110900878906,0.0013148784637451172,0.26686638593673706,0.26686638593673706,112.13643330335617
crack0031_03.png,4.113533782958984,106.27545928955078,103.51602172851562,2.7594375610351562,105.00924682617188,104.04505157470703,0.9641952514648438,0.2402154505252838,0.2359675168991089,-0.004247933626174927,0.11680912971496582,0.14637815952301025,0.029569029808044434,0.06509566307067871,0.10324549674987793,0.03814983367919922,0.5866320729255676,0.5834947824478149,0.0031372904777526855,0.2634718716144562,0.2634718716144562,114.20297241210938
crack0031_04.png,12.200731420516968,109.52201080322266,104.49327087402344,5.028739929199219,118.91043090820312,115.35862731933594,3.5518035888671875,0.14837710559368134,0.16884106397628784,0.020463958382606506,0.21981173753738403,0.3164833188056946,0.09667158126831055,0.02758246660232544,0.19627827405929565,0.16869580745697021,0.5922529697418213,0.586070716381073,0.006182253360748291,0.15802283585071564,0.15802283585071564,121.79513329267502
crack0031_05.png,6.492969751358032,112.36566925048828,109.4757080078125,2.8899612426757812,107.40840148925781,106.72625732421875,0.6821441650390625,0.15026968717575073,0.1713993400335312,0.021129652857780457,0.11703401803970337,0.156044602394104,0.039010584354400635,0.06452292203903198,0.09940564632415771,0.03488272428512573,0.5878700613975525,0.5858861804008484,0.0019838809967041016,0.18495340645313263,0.18495340645313263,125.41930985450745
crack0031_06.png,3.662524604797363,114.8349609375,111.4881591796875,3.3468017578125,111.2409896850586,109.79413604736328,1.4468536376953125,0.18114502727985382,0.1650669425725937,-0.016078084707260132,0.26926684379577637,0.2920525074005127,0.022785663604736328,0.17859530448913574,0.21658337116241455,0.03798806667327881,0.5916570425033569,0.5888620018959045,0.0027950406074523926,0.1704685240983963,0.1704685240983963,126.9238252043724
crack0031_07.png,3.182500219345093,106.00357055664062,104.62873840332031,1.3748321533203125,109.6036605834961,108.53060150146484,1.07305908203125,0.1739799529314041,0.17165502905845642,-0.002324923872947693,0.1798376441001892,0.2185218334197998,0.038684189319610596,0.08463037014007568,0.167463481426239,0.08283311128616333,0.5854325294494629,0.5850057601928711,0.0004267692565917969,0.19216370582580566,0.19216370582580566,118.4341539144516
crack0031_08.png,5.1534075260162355,105.06999969482422,100.38299560546875,4.687004089355469,115.06330108642578,112.10213470458984,2.9611663818359375,0.1821524202823639,0.18502436578273773,0.0028719455003738403,0.2595396637916565,0.22986572980880737,-0.02967393398284912,0.17967426776885986,0.15205353498458862,-0.02762073278427124,0.5912687182426453,0.585290253162384,0.0059784650802612305,0.16380174458026886,0.16380174458026886,115.44810116291046
crack0031_09.png,8.859178590774537,108.62600708007812,105.26057434082031,3.3654327392578125,107.34254455566406,105.17191314697266,2.1706314086914062,0.2066108137369156,0.24163591861724854,0.03502510488033295,0.19873309135437012,0.2415059208869934,0.04277282953262329,0.12230396270751953,0.21549147367477417,0.09318751096725464,0.587039589881897,0.5842252969741821,0.0028142929077148438,0.17623062431812286,0.17623062431812286,118.02822548151016
crack0032_00.png,1.6781862735748292,103.37952423095703,102.43619537353516,0.943328857421875,105.53009033203125,105.14772033691406,0.3823699951171875,0.2187289148569107,0.21889996528625488,0.00017105042934417725,0.28333431482315063,0.293445348739624,0.010111033916473389,0.22836291790008545,0.2409690022468567,0.01260608434677124,0.5839408040046692,0.579846203327179,0.004094600677490234,0.16101855039596558,0.16101855039596558,113.14175707101822
crack0032_01.png,4.1911115646362305,102.05827331542969,101.22084045410156,0.837432861328125,108.54625701904297,107.02259063720703,1.5236663818359375,0.226121187210083,0.22089925408363342,-0.005221933126449585,0.27591651678085327,0.35029059648513794,0.07437407970428467,0.12708687782287598,0.1941128373146057,0.06702595949172974,0.5892348885536194,0.5845597982406616,0.004675090312957764,0.14929404854774475,0.14929404854774475,111.9549971818924
crack0032_02.png,0.43023781776428227,93.30325317382812,91.90387725830078,1.3993759155273438,108.19522094726562,107.29583740234375,0.899383544921875,0.20478542149066925,0.19063204526901245,-0.0141533762216568,0.5766496062278748,0.5658209323883057,-0.010828673839569092,0.41740816831588745,0.4049091935157776,-0.012498974800109863,0.5796539783477783,0.5737408399581909,0.005913138389587402,0.1570822298526764,0.1570822298526764,104.35180163383484
crack0032_03.png,1.5630597114562987,106.28143310546875,105.50562286376953,0.7758102416992188,109.32049560546875,109.39212036132812,-0.071624755859375,0.25588077306747437,0.24519434571266174,-0.010686427354812622,0.28873807191848755,0.3303700089454651,0.04163193702697754,0.18704283237457275,0.2306218147277832,0.04357898235321045,0.5848096609115601,0.5846712589263916,0.00013840198516845703,0.19226929545402527,0.19226929545402527,114.57425367832184
crack0032_04.png,4.798817157745361,100.69499206542969,99.43470001220703,1.2602920532226562,107.2965087890625,106.80288696289062,0.493621826171875,0.30988988280296326,0.3094802498817444,-0.00040963292121887207,0.24306470155715942,0.3292178511619568,0.08615314960479736,0.13152897357940674,0.20702087879180908,0.07549190521240234,0.5768704414367676,0.5786774158477783,-0.0018069744110107422,0.20856119692325592,0.20856119692325592,104.64312767982483
crack0032_05.png,1.286301279067993,95.1963882446289,93.520263671875,1.6761245727539062,106.43310546875,105.39251708984375,1.04058837890625,0.23069749772548676,0.2264307737350464,-0.004266723990440369,0.43797987699508667,0.4274883270263672,-0.010491549968719482,0.257230281829834,0.2666904330253601,0.009460151195526123,0.5817147493362427,0.5828412175178528,-0.0011264681816101074,0.16383399069309235,0.16383399069309235,104.08612823486328
crack0032_06.png,-0.08667969703674316,99.97205352783203,98.01753997802734,1.9545135498046875,102.23544311523438,101.61002349853516,0.6254196166992188,0.2593407928943634,0.24019236862659454,-0.01914842426776886,0.4332698583602905,0.4098997712135315,-0.023370087146759033,0.31788504123687744,0.3092959523200989,-0.008589088916778564,0.5852287411689758,0.580845832824707,0.004382908344268799,0.19262754917144775,0.19262754917144775,107.99240428209305
crack0032_07.png,2.1861090660095215,102.00142669677734,100.38070678710938,1.6207199096679688,101.69723510742188,100.833740234375,0.863494873046875,0.27383944392204285,0.2763679027557373,0.002528458833694458,0.27379167079925537,0.27588003873825073,0.0020883679389953613,0.1926175355911255,0.187710702419281,-0.004906833171844482,0.5790311694145203,0.5806766748428345,-0.001645505428314209,0.21477806568145752,0.21477806568145752,107.98776710033417
crack0032_08.png,-0.09871759414672843,103.27729797363281,101.58704376220703,1.6902542114257812,107.4612045288086,107.00475311279297,0.456451416015625,0.2717384994029999,0.2498651146888733,-0.021873384714126587,0.4890158176422119,0.4778375029563904,-0.011178314685821533,0.3773021697998047,0.3733460307121277,-0.003956139087677002,0.5826797485351562,0.5770434737205505,0.005636274814605713,0.16366873681545258,0.16366873681545258,110.74745392799377
crack0032_09.png,1.8128059387207032,107.73326873779297,106.12391662597656,1.6093521118164062,104.11174774169922,103.97480773925781,0.13694000244140625,0.2866921126842499,0.28133124113082886,-0.0053608715534210205,0.3310999870300293,0.3488566279411316,0.017756640911102295,0.25861746072769165,0.26611918210983276,0.007501721382141113,0.5807343125343323,0.5840522646903992,-0.0033179521560668945,0.22406518459320068,0.22406518459320068,113.410808801651
crack0033_00.png,3.4301482200622555,153.92628479003906,150.02008056640625,3.9062042236328125,108.34088897705078,107.90133666992188,0.43955230712890625,0.218110129237175,0.20991362631320953,-0.008196502923965454,0.0,0.0,0.0,0.04454284906387329,0.07862597703933716,0.03408312797546387,0.5825989842414856,0.5825029015541077,9.608268737792969e-05,0.09418472647666931,0.09418472647666931,162.6823244690895
crack0033_01.png,3.2769948959350588,138.5677947998047,134.74281311035156,3.824981689453125,109.831787109375,108.55152893066406,1.2802581787109375,0.18609625101089478,0.17214733362197876,-0.013948917388916016,0.0,0.0,0.0,0.23410958051681519,0.22690480947494507,-0.007204771041870117,0.5872164368629456,0.5858208537101746,0.001395583152770996,0.10372082889080048,0.10372082889080048,149.81512141227722
crack0033_02.png,2.796366500854492,165.19264221191406,161.79051208496094,3.402130126953125,107.96725463867188,107.96730041503906,-4.57763671875e-05,0.2312711924314499,0.22552944719791412,-0.005741745233535767,0.0,0.0,0.0,0.12401765584945679,0.13161271810531616,0.007595062255859375,0.578096866607666,0.5817570090293884,-0.003660142421722412,0.08771365880966187,0.08771365880966187,173.2300906777382
crack0033_03.png,6.278912544250488,139.23678588867188,133.94789123535156,5.2888946533203125,106.98489379882812,106.29847717285156,0.6864166259765625,0.21354125440120697,0.22295154631137848,0.009410291910171509,0.0,0.0,0.0,0.19268035888671875,0.19528108835220337,0.002600729465484619,0.584006130695343,0.5849404335021973,-0.000934302806854248,0.1110895574092865,0.1110895574092865,147.1774806380272
crack0033_04.png,5.841576671600341,129.7725830078125,123.20850372314453,6.564079284667969,105.829345703125,105.43644714355469,0.3928985595703125,0.24162545800209045,0.23068350553512573,-0.010941952466964722,0.0,0.0,0.0,0.1306336522102356,0.15101277828216553,0.02037912607192993,0.5829527378082275,0.5830603837966919,-0.00010764598846435547,0.10198361426591873,0.10198361426591873,135.97194838523865
crack0033_05.png,4.81477952003479,161.26287841796875,156.8533477783203,4.4095306396484375,114.95073699951172,113.59449768066406,1.3562393188476562,0.15312941372394562,0.151494562625885,-0.001634851098060608,0.0,0.0,0.0,0.0,0.0,0.0,0.584194540977478,0.5843560099601746,-0.0001614689826965332,0.08826491236686707,0.08826491236686707,173.3426797389984
crack0033_06.png,3.2752933502197266,151.40760803222656,148.29649353027344,3.111114501953125,113.62496948242188,111.78384399414062,1.84112548828125,0.1633281111717224,0.15317395329475403,-0.010154157876968384,0.0,0.0,0.0,0.15601259469985962,0.17590928077697754,0.01989668607711792,0.5887158513069153,0.582714319229126,0.006001532077789307,0.09648236632347107,0.09648236632347107,164.21024763584137
crack0033_07.png,5.772893333435059,154.0115509033203,148.6807861328125,5.3307647705078125,108.3524169921875,107.0390396118164,1.3133773803710938,0.1829628199338913,0.18372760713100433,0.0007647871971130371,0.0,0.0,0.0,0.013192534446716309,0.03832930326461792,0.02513676881790161,0.5814494490623474,0.5850595831871033,-0.0036101341247558594,0.09586767107248306,0.09586767107248306,163.77078264951706
crack0033_08.png,1.4285876274108886,150.76731872558594,149.5135955810547,1.25372314453125,110.56681060791016,110.45796966552734,0.1088409423828125,0.18991535902023315,0.1915646493434906,0.0016492903232574463,0.0,0.0,0.0,0.053289175033569336,0.06719475984573364,0.013905584812164307,0.5799192786216736,0.5799346566200256,-1.537799835205078e-05,0.09181816875934601,0.09181816875934601,161.94292187690735
crack0033_09.png,2.9609602451324464,146.9739532470703,144.21881103515625,2.7551422119140625,110.33363342285156,110.20753479003906,0.1260986328125,0.16805310547351837,0.1684170961380005,0.0003639906644821167,0.0,0.0,0.0,0.08831030130386353,0.1122332215309143,0.02392292022705078,0.5860476493835449,0.5828911662101746,0.0031564831733703613,0.10215051472187042,0.10215051472187042,158.95510178804398
crack0034_00.png,0.7895814895629882,111.48949432373047,110.54058074951172,0.94891357421875,105.24217224121094,104.81777954101562,0.4243927001953125,0.283623605966568,0.2822956442832947,-0.0013279616832733154,0.4499799609184265,0.4401564598083496,-0.009823501110076904,0.4169014096260071,0.4107229709625244,-0.006178438663482666,0.5819454193115234,0.5776932239532471,0.004252195358276367,0.22250333428382874,0.22250333428382874,117.35511565208435
crack0034_01.png,4.021247386932373,97.02445983886719,96.32406616210938,0.7003936767578125,103.46745300292969,102.92080688476562,0.5466461181640625,0.2357982099056244,0.26691004633903503,0.031111836433410645,0.4855805039405823,0.500135064125061,0.01455456018447876,0.36930179595947266,0.3824688196182251,0.013167023658752441,0.5783544778823853,0.5775778293609619,0.0007766485214233398,0.14429888129234314,0.14429888129234314,105.66054952144623
crack0034_02.png,3.8052315711975098,100.37022399902344,98.98798370361328,1.3822402954101562,102.37620544433594,101.71786499023438,0.6583404541015625,0.24075084924697876,0.2548428773880005,0.014092028141021729,0.4566420316696167,0.48106521368026733,0.024423182010650635,0.4148913621902466,0.4322274327278137,0.01733607053756714,0.5848866105079651,0.583502471446991,0.001384139060974121,0.14727440476417542,0.14727440476417542,108.62951731681824
crack0034_03.png,2.769942378997803,122.3592300415039,120.84173583984375,1.5174942016601562,120.58631896972656,119.96717071533203,0.6191482543945312,0.26523980498313904,0.27108675241470337,0.005846947431564331,0.495556116104126,0.5041607022285461,0.008604586124420166,0.45812052488327026,0.4647195339202881,0.006599009037017822,0.5980507731437683,0.5932295322418213,0.0048212409019470215,0.23594218492507935,0.23594218492507935,129.60812556743622
crack0034_04.png,3.2670637130737306,112.67926025390625,111.20616912841797,1.4730911254882812,105.74143981933594,105.22883605957031,0.512603759765625,0.29525962471961975,0.2985452115535736,0.0032855868339538574,0.4756617546081543,0.508660078048706,0.03299832344055176,0.4245777130126953,0.4388389587402344,0.014261245727539062,0.5841829776763916,0.5840291976928711,0.0001537799835205078,0.18142712116241455,0.18142712116241455,117.59445631504059
crack0034_05.png,4.78663444519043,102.36668395996094,100.68416595458984,1.6825180053710938,102.74820709228516,101.86197662353516,0.88623046875,0.2301124930381775,0.2579217553138733,0.0278092622756958,0.36628371477127075,0.38488060235977173,0.018596887588500977,0.3362993597984314,0.36209845542907715,0.025799095630645752,0.5812533497810364,0.5867281556129456,-0.00547480583190918,0.17116719484329224,0.17116719484329224,111.18780159950256
crack0034_06.png,2.757098579406738,100.9013900756836,99.84671020507812,1.0546798706054688,104.59400939941406,103.64474487304688,0.9492645263671875,0.2724272906780243,0.27476006746292114,0.0023327767848968506,0.44647902250289917,0.47516578435897827,0.0286867618560791,0.3679661750793457,0.39306432008743286,0.025098145008087158,0.5825144052505493,0.5827988982200623,-0.00028449296951293945,0.16501128673553467,0.16501128673553467,107.34036862850189
crack0034_07.png,1.6790146827697754,107.82532501220703,107.04727935791016,0.778045654296875,106.58760070800781,106.17095947265625,0.4166412353515625,0.309108704328537,0.3140607476234436,0.004952043294906616,0.4491543769836426,0.4562317132949829,0.007077336311340332,0.40803688764572144,0.4155769348144531,0.0075400471687316895,0.585178792476654,0.5838024020195007,0.0013763904571533203,0.2507583498954773,0.2507583498954773,112.29693162441254
crack0034_08.png,3.73183012008667,105.68138122558594,104.4734878540039,1.2078933715820312,103.84561157226562,103.1640396118164,0.6815719604492188,0.2777335047721863,0.2989141345024109,0.02118062973022461,0.5262354612350464,0.5380461812019348,0.011810719966888428,0.4685734510421753,0.47637253999710083,0.007799088954925537,0.5871626138687134,0.5850518941879272,0.002110719680786133,0.23043422400951385,0.23043422400951385,111.89992880821228
crack0034_09.png,3.0200173377990724,103.57254028320312,102.3505630493164,1.2219772338867188,105.28884887695312,103.71066284179688,1.57818603515625,0.31403738260269165,0.3323611617088318,0.018323779106140137,0.4924941062927246,0.4836008548736572,-0.008893251419067383,0.4247477054595947,0.4263569712638855,0.0016092658042907715,0.5857477784156799,0.5843329429626465,0.0014148354530334473,0.24353060126304626,0.24353060126304626,107.54921984672546
crack0035_00.png,2.5002204895019533,110.73402404785156,109.57930755615234,1.1547164916992188,106.58394622802734,105.43838500976562,1.1455612182617188,0.2940079867839813,0.30483290553092957,0.010824918746948242,0.5488897562026978,0.552466869354248,0.003577113151550293,0.36265164613723755,0.38420069217681885,0.0215490460395813,0.5824490785598755,0.5854940414428711,-0.0030449628829956055,0.16254298388957977,0.16254298388957977,115.93594825267792
crack0035_01.png,1.6798953056335448,118.19590759277344,117.52781677246094,0.6680908203125,109.23448181152344,108.35517883300781,0.879302978515625,0.3373054563999176,0.34263068437576294,0.005325227975845337,0.5145342350006104,0.5189518332481384,0.004417598247528076,0.4151272177696228,0.42123913764953613,0.00611191987991333,0.5820876359939575,0.5806536078453064,0.001434028148651123,0.23117069900035858,0.23117069900035858,120.90704023838043
crack0035_02.png,2.175150680541992,103.47483825683594,101.70398712158203,1.7708511352539062,105.63981628417969,105.32179260253906,0.318023681640625,0.3200981318950653,0.31931447982788086,-0.0007836520671844482,0.5062218904495239,0.5109332799911499,0.0047113895416259766,0.4232710599899292,0.4363408088684082,0.013069748878479004,0.5813763737678528,0.577593207359314,0.0037831664085388184,0.21095967292785645,0.21095967292785645,106.68559885025024
crack0035_03.png,-0.03393898010253904,119.04168701171875,118.4989013671875,0.54278564453125,105.99292755126953,105.63818359375,0.35474395751953125,0.42492401599884033,0.42040178179740906,-0.004522234201431274,0.6140541434288025,0.6013845205307007,-0.012669622898101807,0.4756857752799988,0.4625638723373413,-0.01312190294265747,0.580845832824707,0.5770972967147827,0.0037485361099243164,0.15865503251552582,0.15865503251552582,116.78002059459686
crack0035_04.png,5.160392379760742,114.86681365966797,113.56918334960938,1.2976303100585938,108.07559204101562,107.10186767578125,0.973724365234375,0.3139767348766327,0.35263001918792725,0.038653284311294556,0.5520241260528564,0.5599538087844849,0.007929682731628418,0.42128169536590576,0.45905762910842896,0.03777593374252319,0.58882737159729,0.5872318148612976,0.0015955567359924316,0.2175413817167282,0.2175413817167282,118.93248927593231
crack0035_05.png,-0.1429282188415527,109.5714111328125,109.13713073730469,0.4342803955078125,103.90237426757812,103.56651306152344,0.3358612060546875,0.400898814201355,0.39428868889808655,-0.006610125303268433,0.5477092862129211,0.5432829856872559,-0.004426300525665283,0.4604029655456543,0.45788633823394775,-0.002516627311706543,0.5789196491241455,0.5790619254112244,-0.00014227628707885742,0.23273316025733948,0.23273316025733948,108.85942661762238
crack0035_06.png,-0.23532991409301762,100.66301727294922,99.88993072509766,0.7730865478515625,104.47705078125,104.68025207519531,-0.2032012939453125,0.33535099029541016,0.3205234408378601,-0.014827549457550049,0.5129457712173462,0.51499342918396,0.0020476579666137695,0.4695209264755249,0.4685453176498413,-0.0009756088256835938,0.5848596692085266,0.5804306268692017,0.004429042339324951,0.2784891426563263,0.2784891426563263,104.4394543170929
crack0035_07.png,0.5774494171142579,106.98199462890625,105.61139678955078,1.3705978393554688,101.68763732910156,102.220947265625,-0.5333099365234375,0.3725852966308594,0.36247435212135315,-0.010110944509506226,0.5843687653541565,0.5882880687713623,0.0039193034172058105,0.40460729598999023,0.4167529344558716,0.012145638465881348,0.5780661106109619,0.5762591361999512,0.0018069744110107422,0.1590650975704193,0.1590650975704193,107.6708790063858
crack0035_08.png,-0.6341594696044921,107.18072509765625,106.01039123535156,1.1703338623046875,102.37566375732422,101.86248779296875,0.5131759643554688,0.4524378478527069,0.430507093667984,-0.0219307541847229,0.5531980991363525,0.5460119843482971,-0.00718611478805542,0.4762304425239563,0.4624660611152649,-0.013764381408691406,0.5796770453453064,0.5788735151290894,0.000803530216217041,0.20254111289978027,0.20254111289978027,103.95221436023712
crack0035_09.png,1.0790759086608888,100.13806915283203,99.74281311035156,0.39525604248046875,103.47125244140625,102.034423828125,1.43682861328125,0.4601815640926361,0.46352100372314453,0.003339439630508423,0.552849531173706,0.5488978624343872,-0.003951668739318848,0.4875432848930359,0.48437613248825073,-0.0031671524047851562,0.5818954110145569,0.5818954110145569,0.0,0.210706889629364,0.210706889629364,95.6053637266159
crack0036_00.png,3.7635629653930662,107.66929626464844,104.92278289794922,2.7465133666992188,107.21668243408203,106.95511627197266,0.261566162109375,0.320109099149704,0.32420507073402405,0.004095971584320068,0.19509732723236084,0.2044064998626709,0.009309172630310059,0.34568947553634644,0.33673274517059326,-0.008956730365753174,0.5861552953720093,0.580845832824707,0.005309462547302246,0.118601493537426,0.118601493537426,110.53570544719696
crack0036_01.png,4.049466514587403,108.8423080444336,105.41670227050781,3.4256057739257812,107.35667419433594,106.59032440185547,0.7663497924804688,0.29107505083084106,0.2970113158226013,0.005936264991760254,0.10696697235107422,0.09870606660842896,-0.008260905742645264,0.28867244720458984,0.26903581619262695,-0.01963663101196289,0.5843560099601746,0.580034613609314,0.004321396350860596,0.09613677859306335,0.09613677859306335,113.03924250602722
crack0036_02.png,8.080789566040039,111.53134155273438,107.33776092529297,4.193580627441406,104.0146484375,103.09534454345703,0.9193038940429688,0.2790249288082123,0.32104620337486267,0.04202127456665039,0.0,0.0,0.0,0.2356635332107544,0.23350894451141357,-0.0021545886993408203,0.5826220512390137,0.5786774158477783,0.0039446353912353516,0.10459883511066437,0.10459883511066437,115.99793756008148
crack0036_03.png,3.297453212738037,97.06594848632812,94.57880401611328,2.4871444702148438,104.80839538574219,103.89665222167969,0.9117431640625,0.27127236127853394,0.2817309498786926,0.010458588600158691,0.34258127212524414,0.32981324195861816,-0.012768030166625977,0.4445267915725708,0.44156402349472046,-0.002962768077850342,0.5807381868362427,0.5777470469474792,0.0029911398887634277,0.13393425941467285,0.13393425941467285,102.77556204795837
crack0036_04.png,2.5302452087402347,106.18743896484375,103.45610046386719,2.7313385009765625,104.83478546142578,104.00289916992188,0.8318862915039062,0.27351483702659607,0.2973920404911041,0.023877203464508057,0.2671046257019043,0.201401948928833,-0.06570267677307129,0.36598116159439087,0.36284661293029785,-0.0031345486640930176,0.5825297832489014,0.5779277086257935,0.00460207462310791,0.11920495331287384,0.11920495331287384,111.71207082271576
crack0036_05.png,1.0402214527130127,115.77297973632812,112.93141174316406,2.8415679931640625,105.68047332763672,105.4069595336914,0.2735137939453125,0.1886265128850937,0.18471527099609375,-0.003911241888999939,0.23797672986984253,0.1995183229446411,-0.038458406925201416,0.3453928828239441,0.3426981568336487,-0.00269472599029541,0.5808265805244446,0.5823144912719727,-0.0014879107475280762,0.10994775593280792,0.10994775593280792,126.56185913085938
crack0036_06.png,3.0766167640686035,123.92815399169922,121.43724060058594,2.4909133911132812,110.77206420898438,110.39204406738281,0.3800201416015625,0.2822273075580597,0.2787342965602875,-0.003493010997772217,0.3204910159111023,0.3345900774002075,0.014099061489105225,0.36496299505233765,0.3836537003517151,0.01869070529937744,0.5935217142105103,0.5897923707962036,0.0037293434143066406,0.1479015052318573,0.1479015052318573,129.69950807094574
crack0036_07.png,3.723334407806396,134.9744415283203,131.17544555664062,3.7989959716796875,104.94654846191406,104.07826232910156,0.8682861328125,0.30818048119544983,0.3052355945110321,-0.0029448866844177246,0.3608732223510742,0.35209017992019653,-0.008783042430877686,0.40224581956863403,0.39753735065460205,-0.004708468914031982,0.5943368077278137,0.5902383923530579,0.004098415374755859,0.11669644713401794,0.11669644713401794,138.5342801809311
crack0036_08.png,5.058771133422852,110.43373107910156,106.43475341796875,3.9989776611328125,102.81916809082031,102.21247863769531,0.606689453125,0.2808524966239929,0.2944468855857849,0.013594388961791992,0.3972927927970886,0.38756000995635986,-0.00973278284072876,0.42897945642471313,0.42463183403015137,-0.004347622394561768,0.5811726450920105,0.5782006978988647,0.002971947193145752,0.1513681560754776,0.1513681560754776,114.829998254776
crack0036_09.png,4.9531043529510494,104.05586242675781,101.64884185791016,2.4070205688476562,104.16363525390625,102.90403747558594,1.2595977783203125,0.22796247899532318,0.2658790946006775,0.03791661560535431,0.3841729760169983,0.3556203842163086,-0.028552591800689697,0.42333561182022095,0.42921334505081177,0.00587773323059082,0.5848366022109985,0.5810611248016357,0.003775477409362793,0.12368201464414597,0.12368201464414597,112.56806749105453
crack0037_00.png,0.7228953361511232,113.98248291015625,111.34795379638672,2.6345291137695312,106.07682037353516,106.0409164428711,0.0359039306640625,0.22723270952701569,0.18661539256572723,-0.04061731696128845,0.13275790214538574,0.15700757503509521,0.024249672889709473,0.17368382215499878,0.2054119110107422,0.03172808885574341,0.5895309448242188,0.5806958675384521,0.008835077285766602,0.10527747869491577,0.10527747869491577,125.0495325922966
crack0037_01.png,0.800603199005127,125.72711944580078,125.08293914794922,0.6441802978515625,110.52984619140625,110.68217468261719,-0.1523284912109375,0.23229369521141052,0.23739278316497803,0.005099087953567505,0.3243178725242615,0.31227558851242065,-0.01204228401184082,0.3238881826400757,0.31354641914367676,-0.010341763496398926,0.5902268290519714,0.5829488635063171,0.007277965545654297,0.14155736565589905,0.14155736565589905,135.07648074626923
crack0037_02.png,4.68728084564209,108.98777770996094,105.47981262207031,3.507965087890625,99.82655334472656,100.41748046875,-0.5909271240234375,0.21509923040866852,0.20579175651073456,-0.00930747389793396,0.0,0.0581478476524353,0.0581478476524353,0.2560836672782898,0.27166831493377686,0.01558464765548706,0.5775470733642578,0.5816878080368042,-0.004140734672546387,0.1294323354959488,0.1294323354959488,118.15380209684372
crack0037_03.png,3.36132230758667,115.47724914550781,112.41667938232422,3.0605697631835938,105.11717224121094,104.31538391113281,0.801788330078125,0.24868351221084595,0.23779404163360596,-0.01088947057723999,0.13142144680023193,0.15248990058898926,0.021068453788757324,0.26099956035614014,0.27608853578567505,0.015088975429534912,0.5831872224807739,0.5829758048057556,0.00021141767501831055,0.16702967882156372,0.16702967882156372,123.00681066513062
crack0037_04.png,5.418035554885864,113.50439453125,109.17272186279297,4.331672668457031,103.62593841552734,104.04380798339844,-0.41786956787109375,0.22478626668453217,0.22593644261360168,0.001150175929069519,0.08280020952224731,0.1115492582321167,0.028749048709869385,0.2927207946777344,0.31846529245376587,0.025744497776031494,0.579238772392273,0.5789504051208496,0.00028836727142333984,0.1507730484008789,0.1507730484008789,121.02093309164047
crack0037_05.png,1.6993446826934813,118.15825653076172,115.57588195800781,2.5823745727539062,109.91435241699219,109.19746398925781,0.716888427734375,0.21643635630607605,0.20062796771526337,-0.015808388590812683,0.0,0.0,0.0,0.1881260871887207,0.20326560735702515,0.015139520168304443,0.5905536413192749,0.5881814956665039,0.002372145652770996,0.1220109611749649,0.1220109611749649,128.45153683423996
crack0037_06.png,3.872458028793335,103.8244400024414,100.57589721679688,3.2485427856445312,104.7353515625,105.84822082519531,-1.1128692626953125,0.18813298642635345,0.19380402565002441,0.0056710392236709595,0.16389495134353638,0.17882579565048218,0.0149308443069458,0.1974443793296814,0.21694225072860718,0.01949787139892578,0.5807189345359802,0.5802652835845947,0.00045365095138549805,0.12146870791912079,0.12146870791912079,114.14094680547714
crack0037_07.png,4.485006093978882,116.35135650634766,112.6921157836914,3.65924072265625,101.290771484375,101.44549560546875,-0.15472412109375,0.2160378098487854,0.2222183793783188,0.006180569529533386,0.3183708190917969,0.3246946930885315,0.006323873996734619,0.3025473952293396,0.3135279417037964,0.010980546474456787,0.5809611678123474,0.5774548053741455,0.0035063624382019043,0.14769555628299713,0.14769555628299713,124.7979142665863
crack0037_08.png,12.696913242340088,135.47390747070312,127.55133819580078,7.922569274902344,99.71309661865234,99.80121612548828,-0.0881195068359375,0.17041108012199402,0.1849571168422699,0.014546036720275879,0.2151278257369995,0.3088899254798889,0.0937620997428894,0.25425875186920166,0.283750057220459,0.029491305351257324,0.5753979086875916,0.5780122876167297,-0.0026143789291381836,0.11620599031448364,0.11620599031448364,144.4084495306015
crack0037_09.png,4.417699527740479,122.39037322998047,119.83815002441406,2.5522232055664062,103.95751190185547,104.2511215209961,-0.293609619140625,0.2114877998828888,0.19778522849082947,-0.013702571392059326,0.14434659481048584,0.22177845239639282,0.07743185758590698,0.31098437309265137,0.32763350009918213,0.01664912700653076,0.5846712589263916,0.5851249694824219,-0.00045371055603027344,0.11482194066047668,0.11482194066047668,132.65214669704437
crack0038_00.png,3.1337677001953126,119.43495178222656,120.8511962890625,-1.4162445068359375,108.69502258300781,107.44324493408203,1.2517776489257812,0.4218961000442505,0.4698595404624939,0.04796344041824341,0.0,0.0,0.0,0.018500089645385742,0.05044698715209961,0.03194689750671387,0.5859131217002869,0.5806074738502502,0.005305647850036621,0.10755221545696259,0.10755221545696259,118.26583290100098
crack0038_01.png,-0.541140079498291,113.75355529785156,114.661865234375,-0.9083099365234375,104.07966613769531,103.98056030273438,0.0991058349609375,0.30958184599876404,0.312495619058609,0.0029137730598449707,0.0,0.0,0.0,0.14564132690429688,0.1692022681236267,0.023560941219329834,0.579750120639801,0.5773894786834717,0.0023606419563293457,0.11243848502635956,0.11243848502635956,118.82280433177948
crack0038_02.png,-3.325433921813965,117.60881805419922,119.41265106201172,-1.8038330078125,106.72193908691406,105.77021789550781,0.95172119140625,0.4820050597190857,0.4581149220466614,-0.023890137672424316,0.0,0.0,0.0,0.09247052669525146,0.14085614681243896,0.0483856201171875,0.5803076028823853,0.5800845623016357,0.00022304058074951172,0.13948309421539307,0.13948309421539307,114.2361433506012
crack0038_03.png,1.6060525894165039,120.81107330322266,121.59251403808594,-0.7814407348632812,109.45198822021484,108.40065002441406,1.0513381958007812,0.2123364806175232,0.23519721627235413,0.022860735654830933,0.0,0.0,0.0,0.26776766777038574,0.2648389935493469,-0.0029286742210388184,0.5864436626434326,0.5829911828041077,0.003452479839324951,0.1170341819524765,0.1170341819524765,131.9193513393402
crack0038_04.png,0.16790809631347658,112.08108520507812,111.58439636230469,0.4966888427734375,107.92243957519531,107.90785217285156,0.01458740234375,0.4397333860397339,0.4358505606651306,-0.0038828253746032715,0.0,0.0,0.0,0.08832883834838867,0.08543306589126587,-0.0028957724571228027,0.5816570520401001,0.5822567939758301,-0.0005997419357299805,0.11476988345384598,0.11476988345384598,108.97197890281677
crack0038_05.png,3.2735849380493165,106.9613037109375,106.38748168945312,0.573822021484375,105.27839660644531,105.1440200805664,0.13437652587890625,0.3358244299888611,0.3679710924625397,0.03214666247367859,0.0,0.0,0.0,0.09198027849197388,0.11515218019485474,0.02317190170288086,0.5835140347480774,0.5816570520401001,0.001856982707977295,0.11717191338539124,0.11717191338539124,109.86548829078674
crack0038_06.png,0.932220458984375,117.76925659179688,117.11609649658203,0.6531600952148438,114.13589477539062,112.47112274169922,1.6647720336914062,0.3855123817920685,0.3816802501678467,-0.0038321316242218018,0.0,0.0,0.0,0.0,0.0,0.0,0.5828527212142944,0.5848596692085266,-0.0020069479942321777,0.11296015977859497,0.11296015977859497,117.93624830245972
crack0038_07.png,0.8673188209533691,116.27454376220703,116.1507568359375,0.12378692626953125,109.96063232421875,110.36692810058594,-0.4062957763671875,0.4168049097061157,0.42716553807258606,0.010360628366470337,0.0,0.0,0.0,0.061984479427337646,0.06874525547027588,0.006760776042938232,0.586558997631073,0.5846289992332458,0.0019299983978271484,0.11079336702823639,0.11079336702823639,114.66671562194824
crack0038_08.png,-2.7002549171447754,118.68962860107422,120.1252670288086,-1.435638427734375,110.05569458007812,110.14625549316406,-0.0905609130859375,0.5149355530738831,0.4992288649082184,-0.015706688165664673,0.0,0.0,0.0,0.14967983961105347,0.16608011722564697,0.016400277614593506,0.5863360166549683,0.5856324434280396,0.0007035732269287109,0.11951066553592682,0.11951066553592682,112.90715658664703
crack0038_09.png,-6.250916290283203,118.77082061767578,121.30341339111328,-2.5325927734375,107.60238647460938,107.6585693359375,-0.056182861328125,0.40164580941200256,0.35615894198417664,-0.04548686742782593,0.0,0.0,0.0,0.12684869766235352,0.12902653217315674,0.0021778345108032227,0.5834332704544067,0.5848557949066162,-0.0014225244522094727,0.11498669534921646,0.11498669534921646,122.06181228160858
crack0039_00.png,2.1210955142974854,120.78652954101562,119.45335388183594,1.3331756591796875,107.82611846923828,106.14141082763672,1.6847076416015625,0.19163109362125397,0.17459207773208618,-0.017039015889167786,0.27318376302719116,0.30897849798202515,0.035794734954833984,0.33897703886032104,0.34664446115493774,0.007667422294616699,0.5872510671615601,0.5861168503761292,0.0011342167854309082,0.13280394673347473,0.13280394673347473,133.134459733963
crack0039_01.png,-0.8345759391784668,110.28832244873047,110.89959716796875,-0.6112747192382812,101.72483825683594,101.54073333740234,0.18410491943359375,0.1983753740787506,0.18873023986816406,-0.009645134210586548,0.384865403175354,0.39497894048690796,0.010113537311553955,0.40558457374572754,0.42256391048431396,0.016979336738586426,0.5783237218856812,0.5765705704689026,0.0017531514167785645,0.13863733410835266,0.13863733410835266,122.40309429168701
crack0039_02.png,-4.429225778579712,104.79450225830078,104.96641540527344,-0.17191314697265625,102.62675476074219,102.13067626953125,0.4960784912109375,0.24873007833957672,0.20066678524017334,-0.04806329309940338,0.31769007444381714,0.3035302758216858,-0.014159798622131348,0.40976428985595703,0.41174226999282837,0.001977980136871338,0.5810419321060181,0.5821491479873657,-0.0011072158813476562,0.12235701829195023,0.12235701829195023,116.12641763687134
crack0039_03.png,-2.315565824508667,135.6771240234375,136.594482421875,-0.9173583984375,111.12104797363281,110.07002258300781,1.051025390625,0.15161526203155518,0.12314264476299286,-0.028472617268562317,0.24542909860610962,0.25753939151763916,0.012110292911529541,0.3020871877670288,0.3113026022911072,0.00921541452407837,0.576693594455719,0.5773240923881531,-0.000630497932434082,0.10853826999664307,0.10853826999664307,151.8402082324028
crack0039_04.png,-4.970154571533203,122.54942321777344,123.97021484375,-1.4207916259765625,108.24495697021484,109.12576293945312,-0.8808059692382812,0.16094271838665009,0.1408618837594986,-0.02008083462715149,0.18797099590301514,0.14709943532943726,-0.04087156057357788,0.27912068367004395,0.22608065605163574,-0.0530400276184082,0.5775701403617859,0.5764629244804382,0.0011072158813476562,0.1161927729845047,0.1161927729845047,137.91091161966324
crack0039_05.png,0.6476190567016602,120.03431701660156,121.37251281738281,-1.33819580078125,108.28319549560547,106.35960388183594,1.9235916137695312,0.23627044260501862,0.22662825882434845,-0.009642183780670166,0.18329095840454102,0.23184674978256226,0.04855579137802124,0.27048391103744507,0.29682254791259766,0.026338636875152588,0.5840176939964294,0.5828796625137329,0.0011380314826965332,0.11277500540018082,0.11277500540018082,130.46642714738846
crack0039_06.png,0.6596565246582031,130.6694793701172,131.94137573242188,-1.2718963623046875,104.99275207519531,104.8495101928711,0.14324188232421875,0.09353400766849518,0.10345439612865448,0.009920388460159302,0.20821183919906616,0.22864538431167603,0.020433545112609863,0.3340054154396057,0.3337652087211609,-0.00024020671844482422,0.579246461391449,0.5726643800735474,0.006582081317901611,0.10320296883583069,0.10320296883583069,148.86324554681778
crack0039_07.png,-2.144577217102051,132.0487060546875,134.3737335205078,-2.3250274658203125,107.73861694335938,108.81784057617188,-1.0792236328125,0.08115830272436142,0.0894525870680809,0.008294284343719482,0.26591116189956665,0.26134270429611206,-0.00456845760345459,0.2699674963951111,0.22498804330825806,-0.04497945308685303,0.5790234804153442,0.5757400989532471,0.003283381462097168,0.09413475543260574,0.09413475543260574,151.50266084074974
crack0039_08.png,0.07309851646423349,126.92042541503906,128.63348388671875,-1.7130584716796875,109.69192504882812,108.13577270507812,1.55615234375,0.1939757764339447,0.1982635110616684,0.004287734627723694,0.16815149784088135,0.18897604942321777,0.020824551582336426,0.3116918206214905,0.34610623121261597,0.03441441059112549,0.5905036330223083,0.5908112525939941,-0.000307619571685791,0.12097904086112976,0.12097904086112976,139.770858168602
crack0039_09.png,1.540352201461792,119.90753936767578,120.06915283203125,-0.16161346435546875,114.67413330078125,113.95973205566406,0.7144012451171875,0.17076145112514496,0.17258131504058838,0.0018198639154434204,0.3135340213775635,0.34163546562194824,0.028101444244384766,0.36949455738067627,0.3782634735107422,0.008768916130065918,0.5818569660186768,0.5781930088996887,0.003663957118988037,0.11194059997797012,0.11194059997797012,133.0169376730919
crack0040_00.png,2.144474220275879,97.23595428466797,94.98241424560547,2.2535400390625,114.85145568847656,114.12921142578125,0.7222442626953125,0.27382051944732666,0.26730039715766907,-0.006520122289657593,0.0,0.0,0.0,0.0,0.0,0.0,0.5804921388626099,0.5774009823799133,0.003091156482696533,0.12604273855686188,0.12604273855686188,103.29084599018097
crack0040_01.png,-2.2550429821014406,125.47894287109375,126.8395004272461,-1.3605575561523438,112.93702697753906,111.95642852783203,0.9805984497070312,0.24860671162605286,0.2317075878381729,-0.016899123787879944,0.0,0.0,0.0,0.1338667869567871,0.13132208585739136,-0.002544701099395752,0.5786312818527222,0.57700115442276,0.0016301274299621582,0.11820685118436813,0.11820685118436813,135.40201765298843
crack0040_02.png,-4.338886833190918,120.34191131591797,120.59410858154297,-0.252197265625,115.24445343017578,112.41950225830078,2.824951171875,0.3335849642753601,0.27084678411483765,-0.06273818016052246,0.0,0.0,0.0,0.0,0.0,0.0,0.5791772603988647,0.5841176509857178,-0.004940390586853027,0.11923162639141083,0.11923162639141083,127.58190894126892
crack0040_03.png,0.772549533843994,116.5972671508789,114.07329559326172,2.5239715576171875,114.00199890136719,114.49705505371094,-0.49505615234375,0.28857550024986267,0.2717973589897156,-0.016778141260147095,0.0,0.0,0.0,0.0,0.0,0.0,0.5770665407180786,0.5823452472686768,-0.0052787065505981445,0.10536836832761765,0.10536836832761765,122.32124972343445
crack0040_04.png,4.713894653320312,109.70856475830078,104.17684173583984,5.5317230224609375,116.53409576416016,113.51236724853516,3.021728515625,0.28008660674095154,0.2552645206451416,-0.024822086095809937,0.0,0.0,0.0,0.01844775676727295,0.0,-0.01844775676727295,0.5761822462081909,0.5772010684013367,-0.001018822193145752,0.12367172539234161,0.12367172539234161,114.71487474441528
crack0040_05.png,-0.6138111114501954,110.12650299072266,108.2446517944336,1.8818511962890625,116.52347564697266,115.59507751464844,0.9283981323242188,0.33443906903266907,0.29841291904449463,-0.03602614998817444,0.0,0.0,0.0,0.10413742065429688,0.08205622434616089,-0.022081196308135986,0.5801883935928345,0.5798116326332092,0.00037676095962524414,0.11376836895942688,0.11376836895942688,114.48833799362183
crack0040_06.png,1.583406162261963,99.42982482910156,97.18208312988281,2.24774169921875,113.22817993164062,111.26806640625,1.960113525390625,0.34022781252861023,0.3224402368068695,-0.017787575721740723,0.0,0.0,0.0,0.18356484174728394,0.19643950462341309,0.01287466287612915,0.5867512226104736,0.5873855948448181,-0.0006343722343444824,0.11402051895856857,0.11402051895856857,102.45496356487274
crack0040_07.png,2.4587823867797853,105.86209106445312,104.68952178955078,1.1725692749023438,113.37190246582031,113.1974105834961,0.17449188232421875,0.2917250990867615,0.30758005380630493,0.015854954719543457,0.0,0.0,0.0,0.036607563495635986,0.018831312656402588,-0.0177762508392334,0.5828373432159424,0.5841368436813354,-0.0012995004653930664,0.1198132261633873,0.1198132261633873,111.13777422904968
crack0040_08.png,0.7920596122741699,119.38615417480469,119.91781616210938,-0.5316619873046875,107.46357727050781,106.25003814697266,1.2135391235351562,0.3261074721813202,0.3369457721710205,0.010838299989700317,0.0,0.0,0.0,0.10821062326431274,0.08030498027801514,-0.027905642986297607,0.5786159038543701,0.5793348550796509,-0.0007189512252807617,0.10471250116825104,0.10471250116825104,123.25893104076385
crack0040_09.png,0.275502777099609,119.15608978271484,114.24543762207031,4.910652160644531,114.60543823242188,113.84136962890625,0.764068603515625,0.30321887135505676,0.23986169695854187,-0.06335717439651489,0.0,0.0,0.0,0.16230720281600952,0.06060779094696045,-0.10169941186904907,0.581641674041748,0.5784467458724976,0.0031949281692504883,0.12727394700050354,0.12727394700050354,125.57472884654999
crack0041_00.png,-0.8883807182312013,121.39266967773438,123.04266357421875,-1.649993896484375,105.17276000976562,105.10162353515625,0.071136474609375,0.16538266837596893,0.1600162833929062,-0.005366384983062744,0.31493884325027466,0.34358149766921997,0.028642654418945312,0.28328031301498413,0.32204949855804443,0.0387691855430603,0.5808765888214111,0.5804575085639954,0.0004190802574157715,0.16117748618125916,0.16117748618125916,135.85175317525864
crack0041_01.png,-0.4458133697509765,120.58631134033203,121.19747161865234,-0.6111602783203125,112.33065795898438,113.28788757324219,-0.9572296142578125,0.20907650887966156,0.21035577356815338,0.0012792646884918213,0.4033219814300537,0.4094175100326538,0.006095528602600098,0.35621315240859985,0.36057865619659424,0.004365503787994385,0.5917031764984131,0.5866512656211853,0.005051910877227783,0.18158859014511108,0.18158859014511108,132.01542800664902
crack0041_02.png,-0.5118924617767333,120.12223052978516,121.0724105834961,-0.9501800537109375,107.13593292236328,107.38359832763672,-0.2476654052734375,0.19188407063484192,0.19849754869937897,0.006613478064537048,0.33707815408706665,0.33485907316207886,-0.002219080924987793,0.41879522800445557,0.4137563109397888,-0.005038917064666748,0.5816801190376282,0.579254150390625,0.002425968647003174,0.1570153832435608,0.1570153832435608,132.35148108005524
crack0041_03.png,1.057986354827881,123.53239440917969,122.9762191772461,0.5561752319335938,107.28321838378906,106.92861938476562,0.3545989990234375,0.21819637715816498,0.2161315232515335,-0.0020648539066314697,0.40041446685791016,0.41407400369644165,0.013659536838531494,0.343483030796051,0.36457008123397827,0.021087050437927246,0.5784159898757935,0.5789465308189392,-0.000530540943145752,0.17578567564487457,0.17578567564487457,133.44427663087845
crack0041_04.png,2.1471034049987794,124.4684066772461,124.97720336914062,-0.5087966918945312,110.89043426513672,111.00519561767578,-0.1147613525390625,0.15875397622585297,0.18272171914577484,0.023967742919921875,0.3203694224357605,0.33861422538757324,0.018244802951812744,0.38336431980133057,0.3841703534126282,0.0008060336112976074,0.5744944214820862,0.5731295943260193,0.0013648271560668945,0.149347186088562,0.149347186088562,138.17734330892563
crack0041_05.png,2.144344520568848,122.22035217285156,120.17222595214844,2.048126220703125,112.56172180175781,111.81292724609375,0.7487945556640625,0.17143335938453674,0.16811931133270264,-0.0033140480518341064,0.3595779538154602,0.3620731830596924,0.0024952292442321777,0.3737894892692566,0.3752620220184326,0.0014725327491760254,0.5829796195030212,0.5839292407035828,-0.0009496212005615234,0.1580473929643631,0.1580473929643631,134.46630001068115
crack0041_06.png,-1.5252477169036864,120.99242401123047,121.73346710205078,-0.7410430908203125,109.4439926147461,109.61006164550781,-0.16606903076171875,0.17920124530792236,0.17454729974269867,-0.004653945565223694,0.33124667406082153,0.31873083114624023,-0.012515842914581299,0.29665279388427734,0.30596399307250977,0.009311199188232422,0.5855594277381897,0.5816801190376282,0.0038793087005615234,0.13707032799720764,0.13707032799720764,134.3124846816063
crack0041_07.png,-0.37227163314819334,112.46178436279297,111.90535736083984,0.556427001953125,107.61060333251953,106.90849304199219,0.7021102905273438,0.2561492919921875,0.23466596007347107,-0.02148333191871643,0.37434154748916626,0.38567405939102173,0.011332511901855469,0.3626590371131897,0.3544885516166687,-0.008170485496520996,0.5804575085639954,0.5790619254112244,0.001395583152770996,0.1931370198726654,0.1931370198726654,121.32191359996796
crack0041_08.png,-0.6994515419006349,111.9932632446289,111.1393051147461,0.8539581298828125,104.10105895996094,103.28401184082031,0.817047119140625,0.23336701095104218,0.21065522730350494,-0.02271178364753723,0.4457860589027405,0.4373488426208496,-0.00843721628189087,0.4126508831977844,0.3972123861312866,-0.015438497066497803,0.5790696144104004,0.5722145438194275,0.0068550705909729,0.20102760195732117,0.20102760195732117,122.08975511789322
crack0041_09.png,1.4445001602172851,122.2592544555664,122.61859893798828,-0.359344482421875,106.45320129394531,106.21534729003906,0.23785400390625,0.17993450164794922,0.1842067837715149,0.004272282123565674,0.4207456707954407,0.4504357576370239,0.029690086841583252,0.3981391191482544,0.4193647503852844,0.02122563123703003,0.5877009034156799,0.583217978477478,0.004482924938201904,0.1569211184978485,0.1569211184978485,135.1508927345276
crack0042_00.png,-0.0726826667785645,106.83442687988281,107.19352722167969,-0.359100341796875,112.56584167480469,113.2723159790039,-0.7064743041992188,0.33161547780036926,0.3388414680957794,0.007225990295410156,0.0,0.0,0.0,0.28717857599258423,0.28532153367996216,-0.0018570423126220703,0.5819607973098755,0.5821875929832458,-0.00022679567337036133,0.12427066266536713,0.12427066266536713,110.40455210208893
crack0042_01.png,-2.0403374671936034,118.44072723388672,119.88373565673828,-1.4430084228515625,109.41552734375,109.52086639404297,-0.10533905029296875,0.3687872886657715,0.35954439640045166,-0.009242892265319824,0.0,0.0,0.0,0.28751981258392334,0.27699047327041626,-0.01052933931350708,0.5876086354255676,0.5830026865005493,0.0046059489250183105,0.11316028237342834,0.11316028237342834,121.0939130783081
crack0042_02.png,-1.3168530464172363,120.40959167480469,120.7447509765625,-0.3351593017578125,105.8613510131836,105.22154998779297,0.639801025390625,0.33186277747154236,0.3148604929447174,-0.01700228452682495,0.0,0.0,0.0,0.28081947565078735,0.2816210389137268,0.0008015632629394531,0.58161860704422,0.5785543918609619,0.0030642151832580566,0.10549889504909515,0.10549889504909515,124.95028603076935
crack0042_03.png,3.976172351837158,113.13036346435547,113.22286987304688,-0.09250640869140625,108.31381225585938,107.74006652832031,0.5737457275390625,0.38321539759635925,0.43019014596939087,0.046974748373031616,0.0,0.0,0.0,0.32000410556793213,0.3331374526023865,0.013133347034454346,0.5857670307159424,0.5837370157241821,0.002030014991760254,0.11379143595695496,0.11379143595695496,113.61437404155731
crack0042_04.png,5.576253604888916,105.75119018554688,105.5721206665039,0.17906951904296875,105.9222412109375,105.14910888671875,0.77313232421875,0.31829577684402466,0.38031089305877686,0.0620151162147522,0.0,0.0,0.0,0.2448710799217224,0.26148509979248047,0.016614019870758057,0.5829142928123474,0.5797462463378906,0.003168046474456787,0.09825006872415543,0.09825006872415543,109.88048052787781
crack0042_05.png,2.1829994201660154,108.10120391845703,108.801513671875,-0.7003097534179688,109.15144348144531,108.79088592529297,0.36055755615234375,0.4634787142276764,0.49606409668922424,0.03258538246154785,0.0,0.0,0.0,0.32691890001296997,0.36156362295150757,0.0346447229385376,0.5890657305717468,0.5857593417167664,0.0033063888549804688,0.10675480961799622,0.10675480961799622,104.2052651643753
crack0042_06.png,-1.5661547660827635,114.73078155517578,118.34587097167969,-3.6150894165039062,109.05265808105469,108.4217758178711,0.6308822631835938,0.34529995918273926,0.34774214029312134,0.00244218111038208,0.0894545316696167,0.12711644172668457,0.03766191005706787,0.3733011484146118,0.383699893951416,0.0103987455368042,0.5861091613769531,0.5837408900260925,0.0023682713508605957,0.1210491955280304,0.1210491955280304,119.2646951675415
crack0042_07.png,1.0825117111206053,128.03945922851562,128.5890350341797,-0.5495758056640625,113.77357482910156,111.57475280761719,2.198822021484375,0.30008628964424133,0.3246228098869324,0.02453652024269104,0.037237703800201416,0.004752516746520996,-0.03248518705368042,0.31094664335250854,0.3232382535934448,0.01229161024093628,0.5882968306541443,0.586070716381073,0.002226114273071289,0.11739662289619446,0.11739662289619446,133.84094297885895
crack0042_08.png,-1.6720696449279786,106.12467956542969,107.49727630615234,-1.3725967407226562,109.2613754272461,109.29412841796875,-0.03275299072265625,0.3160668611526489,0.31232380867004395,-0.0037430524826049805,0.0,0.0,0.0,0.3052915930747986,0.30869096517562866,0.003399372100830078,0.5781084299087524,0.577781617641449,0.0003268122673034668,0.12742185592651367,0.12742185592651367,111.19588661193848
crack0042_09.png,-3.2114965438842775,123.73811340332031,124.28922271728516,-0.5511093139648438,108.35250854492188,109.01703643798828,-0.6645278930664062,0.3326863944530487,0.30498045682907104,-0.02770593762397766,0.06436711549758911,0.060671985149383545,-0.0036951303482055664,0.3236043453216553,0.3172234296798706,-0.006380915641784668,0.5767397284507751,0.577497124671936,-0.0007573962211608887,0.13619425892829895,0.13619425892829895,128.8147256374359
crack0043_00.png,-3.7578129053115843,94.1272201538086,95.12664794921875,-0.9994277954101562,106.54058074951172,110.68138885498047,-4.14080810546875,0.14695987105369568,0.1028868779540062,-0.044072993099689484,0.1677337884902954,0.2213117480278015,0.053577959537506104,0.011853516101837158,0.03632664680480957,0.024473130702972412,0.5775316953659058,0.5705152153968811,0.007016479969024658,0.10275302827358246,0.10275302827358246,111.55498918890953
crack0043_01.png,0.12550327777862558,79.5760726928711,76.3575210571289,3.2185516357421875,116.88055419921875,116.2497329711914,0.6308212280273438,0.11734941601753235,0.07175201922655106,-0.04559739679098129,0.03889185190200806,0.04088902473449707,0.0019971728324890137,0.0,0.0,0.0,0.5776547193527222,0.5720915198326111,0.005563199520111084,0.10121063888072968,0.10121063888072968,96.76786449551582
crack0043_02.png,-0.8253025293350218,85.57160186767578,81.42607116699219,4.145530700683594,109.66827392578125,114.55504608154297,-4.886772155761719,0.12416231632232666,0.09763162583112717,-0.026530690491199493,0.14031970500946045,0.11772036552429199,-0.022599339485168457,0.010332107543945312,0.0,-0.010332107543945312,0.5784621238708496,0.5782045125961304,0.0002576112747192383,0.10321442782878876,0.10321442782878876,100.77942392230034
crack0043_03.png,-3.735416555404663,99.78325653076172,96.29017639160156,3.4930801391601562,106.7839584350586,112.05561828613281,-5.271659851074219,0.14629341661930084,0.09885361790657043,-0.04743979871273041,0.22423207759857178,0.1893165111541748,-0.03491556644439697,0.16868454217910767,0.03525930643081665,-0.13342523574829102,0.5772972106933594,0.5754978656768799,0.0017993450164794922,0.10400072485208511,0.10400072485208511,115.19738781452179
crack0043_04.png,2.833534860610962,98.72988891601562,96.16867065429688,2.56121826171875,115.46456909179688,116.51924133300781,-1.0546722412109375,0.10999411344528198,0.105524942278862,-0.004469171166419983,0.13314414024353027,0.15731102228164673,0.024166882038116455,0.0,0.0,0.0,0.5794655680656433,0.5773394703865051,0.0021260976791381836,0.11878247559070587,0.11878247559070587,114.29640597105026
crack0043_05.png,-2.8431586742401125,107.21053314208984,105.74716186523438,1.4633712768554688,111.62357330322266,115.801513671875,-4.177940368652344,0.140919491648674,0.08268490433692932,-0.05823458731174469,0.27774423360824585,0.32924461364746094,0.05150038003921509,0.2129068374633789,0.2050754427909851,-0.007831394672393799,0.5774356126785278,0.5783506631851196,-0.0009150505065917969,0.11106685549020767,0.11106685549020767,124.65177977085114
crack0043_06.png,-1.4298844814300538,90.14485931396484,89.00634765625,1.1385116577148438,119.60479736328125,119.09487915039062,0.509918212890625,0.12506553530693054,0.08906726539134979,-0.03599826991558075,0.0,0.0,0.0,0.0,0.0,0.0,0.5771011114120483,0.5744136571884155,0.0026874542236328125,0.0941099300980568,0.0941099300980568,107.31561201810837
crack0043_07.png,1.8428248405456542,90.31886291503906,88.75445556640625,1.5644073486328125,113.43473815917969,113.86814880371094,-0.43341064453125,0.14611175656318665,0.11958584189414978,-0.026525914669036865,0.0,0.05958282947540283,0.05958282947540283,0.010560989379882812,0.023629307746887207,0.013068318367004395,0.5825836062431335,0.5778200626373291,0.004763543605804443,0.10803796350955963,0.10803796350955963,105.66485297679901
crack0043_08.png,-6.0197124004364015,86.60527801513672,88.07733154296875,-1.4720535278320312,108.4688491821289,113.68904113769531,-5.220191955566406,0.16719017922878265,0.14852339029312134,-0.018666788935661316,0.3041623830795288,0.2766346335411072,-0.02752774953842163,0.24599719047546387,0.25323593616485596,0.00723874568939209,0.577316403388977,0.573944628238678,0.0033717751502990723,0.10570892691612244,0.10570892691612244,101.52255749702454
crack0043_09.png,-6.231827056407928,101.362060546875,104.21332550048828,-2.8512649536132812,112.78185272216797,119.50077819824219,-6.718925476074219,0.10508033633232117,0.057388756424188614,-0.04769157990813255,0.0991162657737732,0.17835110425949097,0.07923483848571777,0.0,0.0,0.0,0.5779507756233215,0.5791272521018982,-0.0011764764785766602,0.11604486405849457,0.11604486405849457,122.50945772230625
crack0044_00.png,-0.5378014087677001,97.96559143066406,96.49742126464844,1.468170166015625,106.83021545410156,106.47664642333984,0.35356903076171875,0.25356462597846985,0.23009707033634186,-0.02346755564212799,0.4585561156272888,0.44614309072494507,-0.01241302490234375,0.40673476457595825,0.3984304666519165,-0.008304297924041748,0.584786593914032,0.5791234374046326,0.005663156509399414,0.25766119360923767,0.25766119360923767,106.81714588403702
crack0044_01.png,1.0954499244689941,100.66972351074219,99.11466217041016,1.5550613403320312,103.99929809570312,103.86769104003906,0.1316070556640625,0.29779237508773804,0.2924932837486267,-0.005299091339111328,0.4892048239707947,0.4883807301521301,-0.0008240938186645508,0.4677070379257202,0.4657382369041443,-0.0019688010215759277,0.584202229976654,0.5855863094329834,-0.0013840794563293457,0.19269351661205292,0.19269351661205292,105.7660481929779
crack0044_02.png,3.1767783164978027,102.08318328857422,100.50334167480469,1.5798416137695312,105.51502227783203,105.33565521240234,0.1793670654296875,0.22924326360225677,0.24405469000339508,0.014811426401138306,0.536536455154419,0.5474462509155273,0.010909795761108398,0.4581812620162964,0.4487285017967224,-0.009452760219573975,0.5762822031974792,0.5786851048469543,-0.0024029016494750977,0.17710644006729126,0.17710644006729126,110.68607085943222
crack0044_03.png,-1.379288625717163,91.9206314086914,90.90283203125,1.0177993774414062,100.61013793945312,100.5753173828125,0.034820556640625,0.206309974193573,0.19053666293621063,-0.015773311257362366,0.38007158041000366,0.35303831100463867,-0.02703326940536499,0.40807241201400757,0.38673365116119385,-0.02133876085281372,0.5735524892807007,0.5752480030059814,-0.0016955137252807617,0.15981429815292358,0.15981429815292358,102.98945206403732
crack0044_04.png,4.92771806716919,124.04576873779297,120.93741607666016,3.1083526611328125,112.5407485961914,110.90541076660156,1.6353378295898438,0.24612948298454285,0.2726985514163971,0.026569068431854248,0.18545138835906982,0.15922564268112183,-0.026225745677947998,0.1457715630531311,0.15011364221572876,0.004342079162597656,0.5957247018814087,0.5935063362121582,0.0022183656692504883,0.1923048496246338,0.1923048496246338,131.55281150341034
crack0044_05.png,0.9265631675720214,104.69890594482422,103.53244018554688,1.1664657592773438,104.52216339111328,105.29901123046875,-0.7768478393554688,0.24681970477104187,0.2432086169719696,-0.0036110877990722656,0.41839802265167236,0.424984335899353,0.006586313247680664,0.38334643840789795,0.3905465602874756,0.007200121879577637,0.58210688829422,0.5797001123428345,0.002406775951385498,0.24687610566616058,0.24687610566616058,112.80743157863617
crack0044_06.png,5.4065354347229,101.4024429321289,99.30962371826172,2.0928192138671875,109.67579650878906,109.31649780273438,0.3592987060546875,0.2661212086677551,0.29339343309402466,0.02727222442626953,0.4142947196960449,0.43192213773727417,0.017627418041229248,0.37803083658218384,0.4017214775085449,0.023690640926361084,0.5917185544967651,0.5846405029296875,0.007078051567077637,0.2074676901102066,0.2074676901102066,108.05750298500061
crack0044_07.png,2.9610748291015625,100.49176025390625,97.979736328125,2.51202392578125,109.43878173828125,108.85173797607422,0.5870437622070312,0.19974857568740845,0.20589801669120789,0.0061494410037994385,0.47254157066345215,0.46644049882888794,-0.006101071834564209,0.4196934103965759,0.41519469022750854,-0.004498720169067383,0.5847212672233582,0.5855632424354553,-0.000841975212097168,0.2580581307411194,0.2580581307411194,110.67336344718933
crack0044_08.png,2.0878994941711424,97.48835754394531,96.54133605957031,0.947021484375,107.50071716308594,107.1414566040039,0.35926055908203125,0.25978711247444153,0.2773198187351227,0.017532706260681152,0.4926517605781555,0.4812777042388916,-0.011374056339263916,0.4223090410232544,0.41436415910720825,-0.007944881916046143,0.5853517651557922,0.5841137766838074,0.0012379884719848633,0.2399924099445343,0.2399924099445343,104.84169065952301
crack0044_09.png,2.7707707405090334,117.7618637084961,114.84949493408203,2.9123687744140625,118.05792236328125,116.35015106201172,1.7077713012695312,0.20928813517093658,0.20600681006908417,-0.003281325101852417,0.5240114331245422,0.5024592876434326,-0.02155214548110962,0.4600452780723572,0.44255805015563965,-0.01748722791671753,0.6006535887718201,0.5931564569473267,0.007497131824493408,0.2708546221256256,0.2708546221256256,127.97141426801682
crack0045_00.png,-0.8400273799896238,136.9413604736328,138.74688720703125,-1.8055267333984375,115.58702087402344,113.9848403930664,1.6021804809570312,0.20645985007286072,0.21354569494724274,0.007085844874382019,0.13031607866287231,0.11964261531829834,-0.010673463344573975,0.3130341172218323,0.29897183179855347,-0.014062285423278809,0.5827873945236206,0.5781699419021606,0.004617452621459961,0.11071042716503143,0.11071042716503143,148.7680286169052
crack0045_01.png,-0.7885017395019531,118.11318969726562,120.80994415283203,-2.6967544555664062,110.99260711669922,109.84369659423828,1.1489105224609375,0.25637489557266235,0.2532368302345276,-0.0031380653381347656,0.18837571144104004,0.22962337732315063,0.041247665882110596,0.3402644395828247,0.33156299591064453,-0.008701443672180176,0.5824490785598755,0.5812034010887146,0.0012456774711608887,0.12907199561595917,0.12907199561595917,127.56532025337219
crack0045_02.png,-2.840423107147217,131.78175354003906,135.18214416503906,-3.400390625,113.57649993896484,113.26384735107422,0.312652587890625,0.2344122678041458,0.23023726046085358,-0.004175007343292236,0.1056365966796875,0.12328290939331055,0.017646312713623047,0.26807093620300293,0.27684497833251953,0.008774042129516602,0.582302987575531,0.5807266235351562,0.0015763640403747559,0.14874225854873657,0.14874225854873657,142.9598327279091
crack0045_03.png,-2.625534772872925,120.66654968261719,125.35143280029297,-4.684883117675781,117.78477478027344,116.58230590820312,1.2024688720703125,0.2044128179550171,0.20092473924160004,-0.0034880787134170532,0.19991248846054077,0.24522501230239868,0.04531252384185791,0.27261126041412354,0.31612420082092285,0.043512940406799316,0.5853402614593506,0.5842176079750061,0.0011226534843444824,0.14713534712791443,0.14713534712791443,134.3671173453331
crack0045_04.png,-0.7841985702514647,101.44889068603516,104.86264038085938,-3.4137496948242188,109.41253662109375,108.32759094238281,1.0849456787109375,0.17257346212863922,0.1699162870645523,-0.002657175064086914,0.21892845630645752,0.27411866188049316,0.055190205574035645,0.28503918647766113,0.33388233184814453,0.0488431453704834,0.5884429216384888,0.5834294557571411,0.005013465881347656,0.13998082280158997,0.13998082280158997,116.49850517511368
crack0045_05.png,-1.5226510524749757,123.63665771484375,125.02645874023438,-1.389801025390625,107.39570617675781,107.05221557617188,0.3434906005859375,0.18065129220485687,0.1689065396785736,-0.011744752526283264,0.23623967170715332,0.25011640787124634,0.013876736164093018,0.3373146653175354,0.34914737939834595,0.011832714080810547,0.5837947130203247,0.5809381008148193,0.002856612205505371,0.14807525277137756,0.14807525277137756,137.54895436763763
crack0045_06.png,-3.354907417297363,113.64794921875,116.1015853881836,-2.4536361694335938,107.93850708007812,107.59024047851562,0.3482666015625,0.28043118119239807,0.26604604721069336,-0.014385133981704712,0.22955214977264404,0.23197734355926514,0.0024251937866210938,0.34841734170913696,0.3393407464027405,-0.009076595306396484,0.58161860704422,0.5812879800796509,0.0003306269645690918,0.16703791916370392,0.16703791916370392,122.176748752594
crack0045_07.png,-0.4080619812011719,137.08755493164062,139.4234619140625,-2.335906982421875,113.31254577636719,112.45645141601562,0.8560943603515625,0.24568936228752136,0.2458866834640503,0.00019732117652893066,0.17065435647964478,0.20742279291152954,0.036768436431884766,0.2825371026992798,0.2918679118156433,0.009330809116363525,0.5827681422233582,0.5802960395812988,0.002472102642059326,0.14006274938583374,0.14006274938583374,146.8248723745346
crack0045_08.png,-2.920515441894531,118.71246337890625,119.62193298339844,-0.9094696044921875,106.44718933105469,105.33705139160156,1.110137939453125,0.20867474377155304,0.17764903604984283,-0.031025707721710205,0.2886466979980469,0.29053550958633423,0.0018888115882873535,0.3939638137817383,0.3885098695755005,-0.005453944206237793,0.5763590931892395,0.5775740146636963,-0.0012149214744567871,0.14428144693374634,0.14428144693374634,131.61121660470963
crack0045_09.png,-1.312661838531494,122.0816879272461,123.32801055908203,-1.2463226318359375,114.95034790039062,112.97323608398438,1.97711181640625,0.18590284883975983,0.17129160463809967,-0.014611244201660156,0.13232696056365967,0.13700950145721436,0.0046825408935546875,0.19156086444854736,0.20857447385787964,0.017013609409332275,0.585267186164856,0.5821568369865417,0.003110349178314209,0.152633935213089,0.152633935213089,135.83804041147232
crack0046_00.png,8.409672164916993,75.69515991210938,67.31279754638672,8.382362365722656,117.34004211425781,117.05106353759766,0.28897857666015625,0.1680072695016861,0.16630204021930695,-0.0017052292823791504,0.0,0.0,0.0,0.0,0.0,0.0,0.5770972967147827,0.5758938789367676,0.0012034177780151367,0.10412738472223282,0.10412738472223282,84.60974818468094
crack0046_01.png,4.512658023834229,73.18123626708984,69.64790344238281,3.5333328247070312,122.36463165283203,122.43907928466797,-0.0744476318359375,0.14084462821483612,0.15167836844921112,0.010833740234375,0.0,0.0,0.0,0.0,0.0,0.0,0.5848173499107361,0.5812572240829468,0.0035601258277893066,0.12165742367506027,0.12165742367506027,86.3565861582756
crack0046_02.png,-0.6340934753417968,67.6622543334961,68.33895874023438,-0.6767044067382812,124.62367248535156,124.25769805908203,0.36597442626953125,0.18058045208454132,0.17822401225566864,-0.0023564398288726807,0.0,0.0,0.0,0.0,0.0,0.0,0.58053058385849,0.5784121751785278,0.002118408679962158,0.11497074365615845,0.11497074365615845,80.52838915586472
crack0046_03.png,4.353823947906494,88.67902374267578,85.61227416992188,3.0667495727539062,119.01988220214844,120.78758239746094,-1.7677001953125,0.17912010848522186,0.20156528055667877,0.02244517207145691,0.0,0.0,0.0,0.0,0.0,0.0,0.5858592987060547,0.5808957815170288,0.004963517189025879,0.12271523475646973,0.12271523475646973,99.8328143954277
crack0046_04.png,-0.7480860710144043,81.59681701660156,82.36396789550781,-0.76715087890625,120.84678649902344,119.50067901611328,1.3461074829101562,0.19766981899738312,0.19112376868724823,-0.006546050310134888,0.0,0.0,0.0,0.0,0.0,0.0,0.5780469179153442,0.5779392719268799,0.00010764598846435547,0.10470691323280334,0.10470691323280334,93.63484305143356
crack0046_05.png,-0.7236103534698488,92.17364501953125,94.49282836914062,-2.319183349609375,120.294189453125,120.97019958496094,-0.6760101318359375,0.18583287298679352,0.20779851078987122,0.021965637803077698,0.0,0.0,0.0,0.0,0.0,0.0,0.58368319272995,0.5809650421142578,0.0027181506156921387,0.10732534527778625,0.10732534527778625,105.53059202432632
crack0046_06.png,1.0858114719390874,66.83674621582031,71.0030746459961,-4.166328430175781,132.85975646972656,119.3338851928711,13.525871276855469,0.15613877773284912,0.15191011130809784,-0.004228666424751282,0.0,0.0,0.0,0.0,0.0,0.0,0.578262209892273,0.5737600922584534,0.00450211763381958,0.12525232136249542,0.12525232136249542,82.93579214811325
crack0046_07.png,7.325019121170044,79.77490234375,77.31558990478516,2.4593124389648438,117.1012191772461,115.7804946899414,1.3207244873046875,0.1770917773246765,0.2318054586648941,0.05471368134021759,0.0,0.0,0.0,0.0,0.0,0.0,0.5828296542167664,0.5838215947151184,-0.0009919404983520508,0.1058574765920639,0.1058574765920639,91.27260327339172
crack0046_08.png,4.533104372024535,68.93673706054688,63.25585174560547,5.680885314941406,117.17442321777344,123.69697570800781,-6.522552490234375,0.17340445518493652,0.1934635192155838,0.020059064030647278,0.0,0.0,0.0,0.0,0.0,0.0,0.5761476159095764,0.579734742641449,-0.0035871267318725586,0.10992326587438583,0.10992326587438583,78.88141679763794
crack0046_09.png,-3.656898593902588,66.13530731201172,69.35487365722656,-3.2195663452148438,121.89335632324219,120.34724426269531,1.546112060546875,0.23528239130973816,0.2230347990989685,-0.012247592210769653,0.0,0.0,0.0,0.0,0.0,0.0,0.5773048996925354,0.5792041420936584,-0.0018992424011230469,0.11411724984645844,0.11411724984645844,77.53116822242737
crack0047_00.png,-3.014842128753662,136.70433044433594,138.6409912109375,-1.9366607666015625,103.83625030517578,103.19761657714844,0.6386337280273438,0.26827940344810486,0.2603619694709778,-0.007917433977127075,0.10602778196334839,0.09254330396652222,-0.013484477996826172,0.26941394805908203,0.29342204332351685,0.024008095264434814,0.5752979516983032,0.5793194770812988,-0.0040215253829956055,0.1107284277677536,0.1107284277677536,145.22372174263
crack0047_01.png,-0.28786783218383794,148.98170471191406,149.83355712890625,-0.8518524169921875,107.1679916381836,106.51719665527344,0.6507949829101562,0.28090769052505493,0.2763480842113495,-0.004559606313705444,0.22481340169906616,0.24733740091323853,0.022523999214172363,0.42167067527770996,0.430678129196167,0.009007453918457031,0.572068452835083,0.5778815746307373,-0.005813121795654297,0.11977816373109818,0.11977816373109818,155.94200885295868
crack0047_02.png,-0.3622752666473388,155.355224609375,156.81143188476562,-1.456207275390625,109.29304504394531,108.49079132080078,0.8022537231445312,0.2354433387517929,0.23882058262825012,0.0033772438764572144,0.10160279273986816,0.1142086386680603,0.012605845928192139,0.2866678237915039,0.30738264322280884,0.02071481943130493,0.5797116756439209,0.5797462463378906,-3.457069396972656e-05,0.11401143670082092,0.11401143670082092,165.14657777547836
crack0047_03.png,-1.0513187408447267,150.27496337890625,152.91827392578125,-2.643310546875,106.41787719726562,106.30921936035156,0.1086578369140625,0.2232479304075241,0.22267265617847443,-0.0005752742290496826,0.1195111870765686,0.1566106081008911,0.03709942102432251,0.33745527267456055,0.3450857996940613,0.007630527019500732,0.5769319534301758,0.5741676092147827,0.0027643442153930664,0.10558788478374481,0.10558788478374481,161.31353741884232
crack0047_04.png,-0.8076967239379882,146.19229125976562,148.32168579101562,-2.12939453125,114.48153686523438,112.75055694580078,1.7309799194335938,0.2667848765850067,0.2733228802680969,0.00653800368309021,0.0,0.0,0.0,0.18358367681503296,0.22308111190795898,0.039497435092926025,0.5779200196266174,0.5752633810043335,0.0026566386222839355,0.10666801035404205,0.10666801035404205,154.36669671535492
crack0047_05.png,-3.806701898574829,154.23101806640625,157.0056610107422,-2.7746429443359375,106.29785919189453,106.37228393554688,-0.07442474365234375,0.24529793858528137,0.23367859423160553,-0.011619344353675842,0.0,0.0,0.0,0.20287811756134033,0.2248150110244751,0.021936893463134766,0.5743675231933594,0.5761860609054565,-0.001818537712097168,0.09991727769374847,0.09991727769374847,164.64506632089615
crack0047_06.png,-1.785914659500122,156.54808044433594,158.99749755859375,-2.4494171142578125,108.69155883789062,109.0597152709961,-0.36815643310546875,0.2107669860124588,0.2187044620513916,0.0079374760389328,0.12899649143218994,0.1325371265411377,0.003540635108947754,0.3526759743690491,0.36091190576553345,0.008235931396484375,0.5814110040664673,0.5805574655532837,0.0008535385131835938,0.10161793231964111,0.10161793231964111,168.383210003376
crack0047_07.png,-1.7991986274719238,134.7351837158203,136.56703186035156,-1.83184814453125,105.21952056884766,104.73837280273438,0.48114776611328125,0.2882068455219269,0.28613218665122986,-0.0020746588706970215,0.004767119884490967,0.0,-0.004767119884490967,0.2988315224647522,0.30403614044189453,0.005204617977142334,0.5849635004997253,0.58004230260849,0.0049211978912353516,0.10719369351863861,0.10719369351863861,141.88171660900116
crack0047_08.png,-2.173456621170044,152.25965881347656,155.68202209472656,-3.42236328125,116.66563415527344,115.21746826171875,1.4481658935546875,0.21631915867328644,0.20836836099624634,-0.0079507976770401,0.21184766292572021,0.24089550971984863,0.029047846794128418,0.33975064754486084,0.3632897734642029,0.02353912591934204,0.5842637419700623,0.5806689858436584,0.0035947561264038086,0.10761433839797974,0.10761433839797974,164.83928847312927
crack0047_09.png,-1.3121342658996582,158.49554443359375,161.82284545898438,-3.327301025390625,119.25263977050781,116.81512451171875,2.4375152587890625,0.18053068220615387,0.17581619322299957,-0.004714488983154297,0.20444881916046143,0.23313438892364502,0.028685569763183594,0.3602359890937805,0.3665947914123535,0.006358802318572998,0.5876355171203613,0.5808880925178528,0.006747424602508545,0.10535380989313126,0.10535380989313126,173.11564403772354
crack0048_00.png,-2.0698913097381593,77.24156188964844,76.58869934082031,0.652862548828125,114.23167419433594,114.87775421142578,-0.6460800170898438,0.19063860177993774,0.1530209332704544,-0.03761766850948334,0.0,0.008921384811401367,0.008921384811401367,0.11093920469284058,0.14145004749298096,0.03051084280014038,0.587550938129425,0.5828450322151184,0.004705905914306641,0.13731983304023743,0.13731983304023743,91.23591214418411
crack0048_01.png,1.1180286884307862,72.64046478271484,72.15511322021484,0.4853515625,110.75923156738281,109.88883972167969,0.870391845703125,0.16749152541160583,0.16927947103977203,0.0017879456281661987,0.0,0.0,0.0,0.07594060897827148,0.05756324529647827,-0.018377363681793213,0.5912341475486755,0.5876970291137695,0.003537118434906006,0.11340188980102539,0.11340188980102539,85.99766337871552
crack0048_02.png,2.512641668319702,76.69507598876953,76.73904418945312,-0.04396820068359375,112.567626953125,112.4165267944336,0.15110015869140625,0.17928126454353333,0.1931099146604538,0.013828650116920471,0.0,0.02943742275238037,0.02943742275238037,0.0958787202835083,0.1504858136177063,0.054607093334198,0.5878469944000244,0.5825374722480774,0.0053095221519470215,0.1475643515586853,0.1475643515586853,89.4740639925003
crack0048_03.png,0.5630729675292969,70.90074920654297,69.90641021728516,0.9943389892578125,115.06925201416016,114.70884704589844,0.36040496826171875,0.1871035099029541,0.18892988562583923,0.0018263757228851318,0.02746737003326416,0.008540809154510498,-0.018926560878753662,0.10292273759841919,0.08201658725738525,-0.020906150341033936,0.5926259160041809,0.5917378067970276,0.0008881092071533203,0.1343851387500763,0.1343851387500763,82.88240575790405
crack0048_04.png,0.2637168884277344,70.05142211914062,70.66744995117188,-0.61602783203125,112.7359848022461,111.88163757324219,0.8543472290039062,0.1752031296491623,0.17943300306797028,0.004229873418807983,0.0,0.0,0.0,0.09216529130935669,0.03294992446899414,-0.05921536684036255,0.59599769115448,0.5910072922706604,0.00499039888381958,0.11356669664382935,0.11356669664382935,83.68715590238571
crack0048_05.png,1.5750302791595459,69.01860809326172,68.9006118774414,0.1179962158203125,120.51763916015625,120.72442626953125,-0.206787109375,0.1498730629682541,0.1669265329837799,0.017053470015525818,0.0,0.0,0.0,0.0,0.0,0.0,0.5941907167434692,0.58980393409729,0.004386782646179199,0.10281916707754135,0.10281916707754135,83.73485487699509
crack0048_06.png,-1.7135720729827881,59.93894958496094,60.569454193115234,-0.6305046081542969,112.70771789550781,115.23887634277344,-2.531158447265625,0.1622425764799118,0.16083139181137085,-0.0014111846685409546,0.0,0.0,0.0,0.052379071712493896,0.0386430025100708,-0.013736069202423096,0.5873356461524963,0.5862783789634705,0.001057267189025879,0.13001374900341034,0.13001374900341034,74.09774422645569
crack0048_07.png,1.1006229877471925,76.27465057373047,75.24187469482422,1.03277587890625,112.57269287109375,112.79747009277344,-0.2247772216796875,0.16435876488685608,0.16577325761318207,0.0014144927263259888,0.0,0.0,0.0,0.029256463050842285,0.09106934070587158,0.0618128776550293,0.5800730586051941,0.5789580941200256,0.001114964485168457,0.11123140156269073,0.11123140156269073,89.09965908527374
crack0048_08.png,1.7268460750579835,57.63508224487305,56.45626449584961,1.1788177490234375,109.84123229980469,110.854736328125,-1.0135040283203125,0.15716025233268738,0.16941837966442108,0.012258127331733704,0.0,0.0,0.0,0.03604680299758911,0.06384158134460449,0.02779477834701538,0.5857747197151184,0.586455225944519,-0.0006805062294006348,0.11305082589387894,0.11305082589387894,71.07426726818085
crack0048_09.png,-0.3794854640960693,76.65058135986328,76.58169555664062,0.06888580322265625,108.25049591064453,107.36199951171875,0.8884963989257812,0.1725025177001953,0.1600511223077774,-0.012451395392417908,0.20006781816482544,0.20135849714279175,0.0012906789779663086,0.28596651554107666,0.28786230087280273,0.0018957853317260742,0.5920184254646301,0.5885005593299866,0.0035178661346435547,0.15551979839801788,0.15551979839801788,90.69380813837051
crack0049_00.png,-1.1274595260620117,83.47765350341797,85.68106842041016,-2.2034149169921875,110.09681701660156,109.63729858398438,0.4595184326171875,0.34879326820373535,0.367439866065979,0.018646597862243652,0.2566651701927185,0.2415257692337036,-0.015139400959014893,0.24011868238449097,0.2193036675453186,-0.020815014839172363,0.5838446617126465,0.5836947560310364,0.00014990568161010742,0.11142250150442123,0.11142250150442123,87.0055513381958
crack0049_01.png,1.5729917526245116,84.51307678222656,85.9820785522461,-1.4690017700195312,109.68043518066406,108.99415588378906,0.686279296875,0.2981513440608978,0.3124467432498932,0.014295399188995361,0.26827114820480347,0.3004014492034912,0.032130300998687744,0.2601504921913147,0.2828184962272644,0.022668004035949707,0.5850980281829834,0.5766320824623108,0.008465945720672607,0.13197965919971466,0.13197965919971466,90.7624181509018
crack0049_02.png,1.3384756088256835,93.76005554199219,93.05107879638672,0.7089767456054688,114.18325805664062,113.49846649169922,0.6847915649414062,0.2923010587692261,0.29014015197753906,-0.0021609067916870117,0.2517127990722656,0.2591186761856079,0.007405877113342285,0.24743348360061646,0.22675079107284546,-0.020682692527770996,0.5947635769844055,0.5889580845832825,0.005805492401123047,0.1097642108798027,0.1097642108798027,99.78770112991333
crack0049_03.png,-0.7204977989196777,68.83687591552734,69.80498504638672,-0.968109130859375,101.69684600830078,102.65281677246094,-0.9559707641601562,0.334537148475647,0.3409300446510315,0.0063928961753845215,0.3259161114692688,0.32714253664016724,0.0012264251708984375,0.2535695433616638,0.25785940885543823,0.004289865493774414,0.5812994837760925,0.579561710357666,0.0017377734184265137,0.11725929379463196,0.11725929379463196,72.50068092346191
crack0049_04.png,2.6604357719421388,97.26854705810547,95.49469757080078,1.7738494873046875,115.50143432617188,114.03729248046875,1.464141845703125,0.27441462874412537,0.2788809537887573,0.004466325044631958,0.2460193634033203,0.2449328899383545,-0.0010864734649658203,0.22148793935775757,0.22704732418060303,0.005559384822845459,0.5928681492805481,0.5931910872459412,-0.0003229379653930664,0.13694436848163605,0.13694436848163605,103.64438807964325
crack0049_05.png,-1.1599215507507323,77.58184814453125,79.282958984375,-1.70111083984375,107.57444763183594,107.49198913574219,0.08245849609375,0.28083550930023193,0.27422550320625305,-0.006610006093978882,0.21841758489608765,0.24282407760620117,0.024406492710113525,0.16130101680755615,0.20134395360946655,0.0400429368019104,0.5882430076599121,0.5867243409156799,0.0015186667442321777,0.1096375361084938,0.1096375361084938,85.50859367847443
crack0049_06.png,0.725349521636963,87.44416046142578,86.82882690429688,0.6153335571289062,117.55052185058594,115.27129364013672,2.2792282104492188,0.2760399281978607,0.27830520272254944,0.0022652745246887207,0.2405259609222412,0.21063631772994995,-0.02988964319229126,0.1922704577445984,0.1802789568901062,-0.011991500854492188,0.5892695188522339,0.5839523077011108,0.005317211151123047,0.10785672068595886,0.10785672068595886,94.14487874507904
crack0049_07.png,4.545137691497803,87.13097381591797,87.55487060546875,-0.42389678955078125,116.04843139648438,115.12142944335938,0.927001953125,0.24877262115478516,0.2847079336643219,0.03593531250953674,0.2311558723449707,0.26962363719940186,0.03846776485443115,0.21827441453933716,0.24622124433517456,0.027946829795837402,0.5898346900939941,0.5852172374725342,0.004617452621459961,0.11036068201065063,0.11036068201065063,96.00995254516602
crack0049_08.png,1.544338321685791,77.1406478881836,80.06820678710938,-2.9275588989257812,109.63035583496094,108.93235778808594,0.697998046875,0.35405537486076355,0.3892926275730133,0.035237252712249756,0.31354957818984985,0.3495802879333496,0.036030709743499756,0.2112187147140503,0.23188042640686035,0.02066171169281006,0.5855594277381897,0.5872471928596497,-0.001687765121459961,0.10781364142894745,0.10781364142894745,80.85099256038666
crack0049_09.png,-1.3415215015411377,85.41484832763672,86.63310241699219,-1.2182540893554688,115.78860473632812,114.9388427734375,0.849761962890625,0.23621860146522522,0.24562041461467743,0.00940181314945221,0.15143543481826782,0.11721169948577881,-0.034223735332489014,0.1690250039100647,0.1578274369239807,-0.011197566986083984,0.5846174359321594,0.5807766318321228,0.003840804100036621,0.1086392030119896,0.1086392030119896,95.23555672168732
crack0050_00.png,-0.47048573493957524,76.08273315429688,75.26606750488281,0.8166656494140625,103.2481918334961,103.66448211669922,-0.416290283203125,0.22223280370235443,0.2109147608280182,-0.011318042874336243,0.28596556186676025,0.276064395904541,-0.009901165962219238,0.35131537914276123,0.3307116627693176,-0.020603716373443604,0.5795847773551941,0.5750634074211121,0.004521369934082031,0.1108076348900795,0.1108076348900795,86.20290577411652
crack0050_01.png,6.149067020416259,64.43492126464844,62.23820495605469,2.19671630859375,102.03396606445312,101.23007202148438,0.80389404296875,0.1711222380399704,0.18691833317279816,0.01579609513282776,0.2841874957084656,0.340719997882843,0.05653250217437744,0.2653028964996338,0.2753719687461853,0.010069072246551514,0.5859169363975525,0.5832718014717102,0.002645134925842285,0.1152789369225502,0.1152789369225502,76.50590628385544
crack0050_02.png,3.1444218158721924,71.10453033447266,68.35433197021484,2.7501983642578125,106.2945327758789,105.73541259765625,0.5591201782226562,0.22134186327457428,0.21939948201179504,-0.0019423812627792358,0.07491856813430786,0.08517462015151978,0.010256052017211914,0.1623663306236267,0.11901676654815674,-0.04334956407546997,0.5856555104255676,0.5877624154090881,-0.002106904983520508,0.13868296146392822,0.13868296146392822,80.07595884799957
crack0050_03.png,0.008065128326415927,74.7209243774414,72.98860168457031,1.7323226928710938,104.09342956542969,104.19313049316406,-0.099700927734375,0.17785120010375977,0.16748443245887756,-0.010366767644882202,0.2570576071739197,0.23202157020568848,-0.0250360369682312,0.24907410144805908,0.21999317407608032,-0.02908092737197876,0.5859284996986389,0.5822683572769165,0.003660142421722412,0.14475572109222412,0.14475572109222412,87.24283707141876
crack0050_04.png,2.216882848739624,83.19762420654297,81.23304748535156,1.9645767211914062,105.83572387695312,105.97486877441406,-0.1391448974609375,0.20252926647663116,0.20722392201423645,0.004694655537605286,0.41531991958618164,0.4143640995025635,-0.0009558200836181641,0.2868117690086365,0.30601704120635986,0.01920527219772339,0.5854517221450806,0.5861861109733582,-0.0007343888282775879,0.13502147793769836,0.13502147793769836,93.51102429628372
crack0050_05.png,5.172296380996704,74.01383972167969,70.50767517089844,3.50616455078125,105.6072006225586,104.8554916381836,0.751708984375,0.14365433156490326,0.16900169849395752,0.02534736692905426,0.32477277517318726,0.30245494842529297,-0.022317826747894287,0.29113835096359253,0.29197895526885986,0.000840604305267334,0.5847635269165039,0.5790042281150818,0.005759298801422119,0.12250868231058121,0.12250868231058121,87.03203862905502
crack0050_06.png,0.886024570465088,67.88752746582031,66.95759582519531,0.929931640625,109.44647979736328,109.00860595703125,0.43787384033203125,0.21745911240577698,0.20433002710342407,-0.013129085302352905,0.27141696214675903,0.2884770631790161,0.01706010103225708,0.29648202657699585,0.3035917282104492,0.007109701633453369,0.5881853103637695,0.5844636559486389,0.0037216544151306152,0.15184777975082397,0.15184777975082397,78.69017243385315
crack0050_07.png,2.3506752490997314,68.12137603759766,65.88285827636719,2.2385177612304688,103.43310546875,103.041015625,0.39208984375,0.15202650427818298,0.1686188131570816,0.01659230887889862,0.3616805672645569,0.3262717127799988,-0.035408854484558105,0.32475024461746216,0.31284862756729126,-0.011901617050170898,0.5787197351455688,0.5776124596595764,0.0011072754859924316,0.1306588351726532,0.1306588351726532,81.0293163061142
crack0050_08.png,5.5757862567901615,77.33426666259766,75.37629699707031,1.9579696655273438,104.38809967041016,103.43677520751953,0.951324462890625,0.17424538731575012,0.18669380247592926,0.012448415160179138,0.25889015197753906,0.3068286180496216,0.04793846607208252,0.29526615142822266,0.3236865997314453,0.028420448303222656,0.5879085063934326,0.5798116326332092,0.008096873760223389,0.13882854580879211,0.13882854580879211,89.41689884662628
crack0050_09.png,7.889502906799317,67.76705932617188,65.36177062988281,2.4052886962890625,104.12533569335938,102.70858001708984,1.4167556762695312,0.17922557890415192,0.19905652105808258,0.019830942153930664,0.0,0.08532512187957764,0.08532512187957764,0.06583648920059204,0.1068074107170105,0.04097092151641846,0.5801499485969543,0.5821991562843323,-0.0020492076873779297,0.12091895937919617,0.12091895937919617,79.09884649515152
crack0051_00.png,-2.3881012916564943,90.85305786132812,93.41802978515625,-2.564971923828125,109.11026000976562,108.7366943359375,0.373565673828125,0.3506810665130615,0.3660266697406769,0.015345603227615356,0.3628814220428467,0.32893556356430054,-0.03394585847854614,0.3574857711791992,0.3502005934715271,-0.007285177707672119,0.5852441191673279,0.5813033580780029,0.003940761089324951,0.1594030112028122,0.1594030112028122,94.50444459915161
crack0051_01.png,-0.7205122947692871,96.10315704345703,96.0213394165039,0.081817626953125,109.39340209960938,108.87232971191406,0.5210723876953125,0.3323376476764679,0.3278738260269165,-0.004463821649551392,0.4071059823036194,0.3899957537651062,-0.017110228538513184,0.41811633110046387,0.4152300953865051,-0.0028862357139587402,0.5821030139923096,0.581334114074707,0.0007688999176025391,0.17284634709358215,0.17284634709358215,99.67393922805786
crack0051_02.png,-1.1298158645629883,85.99806213378906,87.59080505371094,-1.592742919921875,113.52224731445312,112.61506652832031,0.9071807861328125,0.30816349387168884,0.30792710185050964,-0.00023639202117919922,0.13418245315551758,0.13035154342651367,-0.0038309097290039062,0.16927212476730347,0.1808387041091919,0.011566579341888428,0.5887542963027954,0.5819492340087891,0.006805062294006348,0.14524365961551666,0.14524365961551666,91.86897933483124
crack0051_03.png,1.372356128692627,97.73514556884766,97.8846435546875,-0.14949798583984375,104.24372863769531,104.29487609863281,-0.0511474609375,0.3133397400379181,0.31812965869903564,0.004789918661117554,0.23903506994247437,0.26199227571487427,0.022957205772399902,0.27961474657058716,0.2542790174484253,-0.025335729122161865,0.5840945839881897,0.5780737996101379,0.006020784378051758,0.13314928114414215,0.13314928114414215,102.37329351902008
crack0051_04.png,0.8597356796264649,87.0193862915039,87.68364715576172,-0.6642608642578125,105.84925842285156,104.4327392578125,1.4165191650390625,0.31700244545936584,0.32397234439849854,0.00696989893913269,0.17425686120986938,0.17768126726150513,0.003424406051635742,0.25415194034576416,0.26130491495132446,0.007152974605560303,0.5915647745132446,0.5849942564964294,0.0065705180168151855,0.1553853452205658,0.1553853452205658,91.99396097660065
crack0051_05.png,-5.856826400756836,80.3362045288086,84.30839538574219,-3.9721908569335938,101.66725158691406,101.89077758789062,-0.2235260009765625,0.3295332193374634,0.3315421938896179,0.002008974552154541,0.37656891345977783,0.3290005922317505,-0.047568321228027344,0.3703817129135132,0.3370055556297302,-0.03337615728378296,0.5845866799354553,0.5859169363975525,-0.001330256462097168,0.1448998749256134,0.1448998749256134,85.98698425292969
crack0051_06.png,-0.1830337524414063,87.50252532958984,87.05642700195312,0.44609832763671875,109.30328369140625,108.33552551269531,0.9677581787109375,0.3413812518119812,0.3255283832550049,-0.01585286855697632,0.3850838541984558,0.38443636894226074,-0.0006474852561950684,0.3648284077644348,0.36010390520095825,-0.0047245025634765625,0.5847981572151184,0.5778508186340332,0.006947338581085205,0.1549270749092102,0.1549270749092102,91.13969945907593
crack0051_07.png,7.016245555877686,136.27989196777344,131.77694702148438,4.5029449462890625,135.90859985351562,131.978271484375,3.930328369140625,0.25432273745536804,0.271626353263855,0.01730361580848694,0.23755037784576416,0.2182101607322693,-0.019340217113494873,0.29711973667144775,0.30690836906433105,0.0097886323928833,0.5933064222335815,0.5850442051887512,0.008262217044830322,0.18831858038902283,0.18831858038902283,142.50131213665009
crack0051_08.png,-3.6046057701110836,92.09062957763672,93.88711547851562,-1.7964859008789062,112.22771453857422,110.39607238769531,1.8316421508789062,0.403647780418396,0.3569716215133667,-0.0466761589050293,0.09934115409851074,0.12503719329833984,0.0256960391998291,0.23029983043670654,0.20392340421676636,-0.026376426219940186,0.5863667726516724,0.5822299122810364,0.004136860370635986,0.17483831942081451,0.17483831942081451,95.02524614334106
crack0051_09.png,-0.3589616775512696,98.15808868408203,100.36651611328125,-2.2084274291992188,109.5468978881836,108.62776947021484,0.91912841796875,0.2845679819583893,0.3017945885658264,0.017226606607437134,0.32785671949386597,0.3287994861602783,0.0009427666664123535,0.349287211894989,0.3299233913421631,-0.019363820552825928,0.583225667476654,0.5815762877464294,0.0016493797302246094,0.14525684714317322,0.14525684714317322,105.51725018024445
crack0052_00.png,-6.46650390625,126.01921844482422,128.43020629882812,-2.4109878540039062,123.79568481445312,125.16515350341797,-1.3694686889648438,0.2355341911315918,0.18991521000862122,-0.04561898112297058,0.0,0.0,0.0,0.09996819496154785,0.13105309009552002,0.031084895133972168,0.5879815220832825,0.5844367742538452,0.003544747829437256,0.1221269890666008,0.1221269890666008,139.3490606546402
crack0052_01.png,-1.9456476688385012,124.83183288574219,125.14795684814453,-0.31612396240234375,125.42998504638672,128.45733642578125,-3.0273513793945312,0.19496308267116547,0.19979634881019592,0.0048332661390304565,0.02098846435546875,0.0,-0.02098846435546875,0.19692456722259521,0.18327784538269043,-0.013646721839904785,0.5827450752258301,0.5818877220153809,0.0008573532104492188,0.13129542768001556,0.13129542768001556,136.60191291570663
crack0052_02.png,-2.927235507965088,134.02403259277344,136.0636444091797,-2.03961181640625,123.3665771484375,122.92568969726562,0.440887451171875,0.21714197099208832,0.20328281819820404,-0.013859152793884277,0.0,0.0,0.0,0.0,0.0,0.0,0.5923260450363159,0.5912072062492371,0.0011188387870788574,0.10013425350189209,0.10013425350189209,146.53991121053696
crack0052_03.png,1.6152173042297362,145.34149169921875,142.63499450683594,2.7064971923828125,143.08404541015625,145.94912719726562,-2.865081787109375,0.26005062460899353,0.2572767436504364,-0.002773880958557129,0.0,0.0,0.0,0.0,0.016553103923797607,0.016553103923797607,0.5937178134918213,0.5868012309074402,0.0069165825843811035,0.11207370460033417,0.11207370460033417,152.300351023674
crack0052_04.png,0.576086139678955,136.14955139160156,133.83897399902344,2.310577392578125,131.72457885742188,134.69403076171875,-2.969451904296875,0.25114431977272034,0.24259185791015625,-0.008552461862564087,0.0,0.0,0.0,0.0,0.0,0.0,0.595413327217102,0.5919761657714844,0.0034371614456176758,0.10266714543104172,0.10266714543104172,144.2552843093872
crack0052_05.png,-2.4759292602539062,128.39895629882812,129.10121154785156,-0.7022552490234375,122.90475463867188,125.57321166992188,-2.66845703125,0.21877214312553406,0.17829009890556335,-0.0404820442199707,0.04962700605392456,0.10294151306152344,0.05331450700759888,0.0923503041267395,0.14743930101394653,0.05508899688720703,0.5909380912780762,0.5809457898139954,0.00999230146408081,0.11142157763242722,0.11142157763242722,141.6902016401291
crack0052_06.png,-0.19646253585815443,136.46694946289062,135.04751586914062,1.41943359375,120.0229721069336,124.48469543457031,-4.461723327636719,0.20306354761123657,0.20015615224838257,-0.002907395362854004,0.0,0.0,0.0,0.14851319789886475,0.135809063911438,-0.012704133987426758,0.5852018594741821,0.5751672387123108,0.010034620761871338,0.11059202998876572,0.11059202998876572,147.15593791007996
crack0052_07.png,-3.0268468856811523,127.85968017578125,130.44696044921875,-2.5872802734375,123.49833679199219,123.15859985351562,0.3397369384765625,0.20416615903377533,0.1961309164762497,-0.008035242557525635,0.0,0.0,0.0,0.08270043134689331,0.0649610161781311,-0.017739415168762207,0.5913686752319336,0.5896847248077393,0.001683950424194336,0.1146358922123909,0.1146358922123909,141.04021233320236
crack0052_08.png,-0.6475563526153563,136.4136962890625,138.59779357910156,-2.1840972900390625,123.32691955566406,126.33468627929688,-3.0077667236328125,0.17073827981948853,0.20918293297290802,0.038444653153419495,0.012761831283569336,0.0,-0.012761831283569336,0.1768743395805359,0.12911701202392578,-0.04775732755661011,0.5930526852607727,0.5886889696121216,0.004363715648651123,0.11571667343378067,0.11571667343378067,150.98355555534363
crack0052_09.png,5.546395540237427,131.44503784179688,124.75188446044922,6.693153381347656,127.49305725097656,126.86416625976562,0.6288909912109375,0.20960189402103424,0.19247666001319885,-0.017125234007835388,0.0,0.0,0.0,0.10484975576400757,0.08578413724899292,-0.01906561851501465,0.5858131647109985,0.5865205526351929,-0.0007073879241943359,0.12004446983337402,0.12004446983337402,140.01068365573883
crack0053_00.png,3.1407920837402346,103.403076171875,104.27656555175781,-0.8734893798828125,125.95370483398438,125.2506103515625,0.703094482421875,0.2513643503189087,0.2594963014125824,0.008131951093673706,0.14643752574920654,0.22281920909881592,0.07638168334960938,0.1885703206062317,0.24773812294006348,0.05916780233383179,0.5882814526557922,0.5876009464263916,0.0006805062294006348,0.1913907825946808,0.1913907825946808,112.28921794891357
crack0053_01.png,-1.298103618621826,82.29997253417969,84.83920288085938,-2.5392303466796875,115.19546508789062,114.1588134765625,1.036651611328125,0.30009031295776367,0.29912638664245605,-0.0009639263153076172,0.10606616735458374,0.12825584411621094,0.022189676761627197,0.23357975482940674,0.2501182556152344,0.016538500785827637,0.5912879705429077,0.5908881425857544,0.0003998279571533203,0.13689425587654114,0.13689425587654114,89.27352333068848
crack0053_02.png,-3.4690901756286623,103.25081634521484,106.1934814453125,-2.9426651000976562,124.87704467773438,124.55970764160156,0.3173370361328125,0.2686445415019989,0.25548556447029114,-0.013158977031707764,0.3794153332710266,0.3836822509765625,0.004266917705535889,0.35594409704208374,0.3696596026420593,0.013715505599975586,0.5915917158126831,0.5858746767044067,0.005717039108276367,0.17864513397216797,0.17864513397216797,113.05668365955353
crack0053_03.png,12.73311243057251,165.77671813964844,155.96351623535156,9.813201904296875,157.4071044921875,153.25169372558594,4.1554107666015625,0.24110117554664612,0.24231824278831482,0.0012170672416687012,0.11712396144866943,0.14579898118972778,0.02867501974105835,0.09575945138931274,0.11950784921646118,0.023748397827148438,0.5859746336936951,0.5856401324272156,0.0003345012664794922,0.17171522974967957,0.17171522974967957,169.84303200244904
crack0053_04.png,-6.176221561431885,113.61607360839844,114.80943298339844,-1.193359375,120.79776000976562,120.91217041015625,-0.114410400390625,0.19963327050209045,0.20241281390190125,0.002779543399810791,0.3087482452392578,0.17604005336761475,-0.13270819187164307,0.25929516553878784,0.19182318449020386,-0.06747198104858398,0.5892695188522339,0.5855478644371033,0.0037216544151306152,0.1452067792415619,0.1452067792415619,125.80553781986237
crack0053_05.png,6.818144273757935,168.9610137939453,165.36756896972656,3.59344482421875,151.57366943359375,147.1938934326172,4.3797760009765625,0.16301877796649933,0.1675843596458435,0.004565581679344177,0.23991292715072632,0.25980061292648315,0.019887685775756836,0.09434205293655396,0.08763504028320312,-0.00670701265335083,0.5962553024291992,0.5884544253349304,0.007800877094268799,0.13138458132743835,0.13138458132743835,181.23337680101395
crack0053_06.png,-4.608733367919922,109.9957046508789,112.84190368652344,-2.8461990356445312,126.03532409667969,124.90362548828125,1.1316986083984375,0.27240052819252014,0.2744121849536896,0.0020116567611694336,0.2946047782897949,0.23703503608703613,-0.05756974220275879,0.21794092655181885,0.2075057029724121,-0.010435223579406738,0.5846251249313354,0.5864590406417847,-0.0018339157104492188,0.15551286935806274,0.15551286935806274,118.53313410282135
crack0053_07.png,-3.601999378204346,100.78854370117188,102.57452392578125,-1.785980224609375,117.45042419433594,119.2962646484375,-1.8458404541015625,0.2860608398914337,0.28296828269958496,-0.003092557191848755,0.35528045892715454,0.33813363313674927,-0.017146825790405273,0.2707754373550415,0.2901262640953064,0.019350826740264893,0.58514803647995,0.5887581706047058,-0.0036101341247558594,0.1654158979654312,0.1654158979654312,108.2537636756897
crack0053_08.png,-3.918239879608154,91.0515365600586,92.90618133544922,-1.854644775390625,117.41480255126953,117.59034729003906,-0.17554473876953125,0.26314234733581543,0.2559089660644531,-0.007233381271362305,0.3762924075126648,0.336933970451355,-0.039358437061309814,0.30755752325057983,0.3035634756088257,-0.00399404764175415,0.5879046320915222,0.5839138627052307,0.003990769386291504,0.1532180905342102,0.1532180905342102,100.14050626754761
crack0053_09.png,0.3674348831176759,92.9619140625,94.75385284423828,-1.7919387817382812,116.78546905517578,113.83818054199219,2.9472885131835938,0.2377125322818756,0.23154816031455994,-0.006164371967315674,0.1692410707473755,0.20041805505752563,0.031176984310150146,0.22697234153747559,0.2411355972290039,0.01416325569152832,0.5956401228904724,0.5899769067764282,0.0056632161140441895,0.1429348587989807,0.1429348587989807,103.79059875011444
crack0054_00.png,0.5563925743103028,94.25862121582031,94.17788696289062,0.0807342529296875,104.09888458251953,103.923583984375,0.17530059814453125,0.28615131974220276,0.2812546491622925,-0.004896670579910278,0.4014609456062317,0.41685986518859863,0.015398919582366943,0.41346031427383423,0.4339591860771179,0.02049887180328369,0.5765013694763184,0.5719684958457947,0.004532873630523682,0.1471952199935913,0.1471952199935913,100.40302991867065
crack0054_01.png,-2.7671865463256835,99.97543334960938,100.70938873291016,-0.7339553833007812,108.37928009033203,108.44151306152344,-0.06223297119140625,0.29605814814567566,0.28228187561035156,-0.013776272535324097,0.4167492985725403,0.39734214544296265,-0.019407153129577637,0.4059739112854004,0.386971116065979,-0.019002795219421387,0.5752595067024231,0.5785082578659058,-0.003248751163482666,0.21398842334747314,0.21398842334747314,106.5458288192749
crack0054_02.png,0.9021068572998047,87.21085357666016,87.35285186767578,-0.141998291015625,103.32894897460938,103.46286010742188,-0.1339111328125,0.19186986982822418,0.2005365937948227,0.00866672396659851,0.45715463161468506,0.46587496995925903,0.008720338344573975,0.4044560194015503,0.41290849447250366,0.00845247507095337,0.5784275531768799,0.5770395994186401,0.001387953758239746,0.17496246099472046,0.17496246099472046,98.90676265954971
crack0054_03.png,-0.16384735107421866,87.99304962158203,88.02640533447266,-0.033355712890625,98.2950439453125,98.00643920898438,0.288604736328125,0.3158835172653198,0.2992671728134155,-0.016616344451904297,0.380460262298584,0.4072139859199524,0.026753723621368408,0.4227204918861389,0.4457070231437683,0.022986531257629395,0.5751518607139587,0.5748212337493896,0.0003306269645690918,0.1450170874595642,0.1450170874595642,93.05977153778076
crack0054_04.png,0.17100901603698732,99.83990478515625,100.25235748291016,-0.41245269775390625,102.1043701171875,102.31161499023438,-0.207244873046875,0.20763370394706726,0.20842187106609344,0.0007881671190261841,0.5058940649032593,0.5187199115753174,0.012825846672058105,0.4545248746871948,0.45437103509902954,-0.0001538395881652832,0.5832679867744446,0.581011176109314,0.0022568106651306152,0.21593201160430908,0.21593201160430908,110.91882836818695
crack0054_05.png,0.32550821304321287,99.24517822265625,99.23587036132812,0.009307861328125,107.57633972167969,106.9629898071289,0.6133499145507812,0.22634534537792206,0.22433267533779144,-0.0020126700401306152,0.46067821979522705,0.4628918766975403,0.0022136569023132324,0.43998509645462036,0.445578396320343,0.005593299865722656,0.5910995602607727,0.5875163674354553,0.003583192825317383,0.2081020176410675,0.2081020176410675,109.42454618215561
crack0054_06.png,-1.0124938011169433,89.32376098632812,90.37863159179688,-1.05487060546875,101.28639221191406,100.80933380126953,0.47705841064453125,0.1955338716506958,0.1847129762172699,-0.010820895433425903,0.3820347785949707,0.3974432945251465,0.015408515930175781,0.3743463158607483,0.3952484726905823,0.020902156829833984,0.5837447047233582,0.5812225937843323,0.002522110939025879,0.15128196775913239,0.15128196775913239,102.11820590496063
crack0054_07.png,-0.9111364364624022,85.09928894042969,85.8206787109375,-0.7213897705078125,98.92941284179688,98.48831176757812,0.44110107421875,0.2512128949165344,0.23015838861465454,-0.021054506301879883,0.39732521772384644,0.4315444231033325,0.034219205379486084,0.3635035753250122,0.37724024057388306,0.01373666524887085,0.5763590931892395,0.5776239633560181,-0.0012648701667785645,0.13269445300102234,0.13269445300102234,94.75543904304504
crack0054_08.png,-1.242710304260254,96.38636016845703,97.70861053466797,-1.3222503662109375,107.73958587646484,107.69469451904297,0.044891357421875,0.2999839186668396,0.29070746898651123,-0.00927644968032837,0.4574686884880066,0.4783339500427246,0.020865261554718018,0.4201754927635193,0.43078911304473877,0.010613620281219482,0.57493656873703,0.575709342956543,-0.0007727742195129395,0.19405196607112885,0.19405196607112885,102.63341093063354
crack0054_09.png,-1.1912642002105713,94.20807647705078,94.49695587158203,-0.28887939453125,98.81434631347656,98.28108215332031,0.53326416015625,0.22196818888187408,0.21124038100242615,-0.010727807879447937,0.40425097942352295,0.39582663774490356,-0.008424341678619385,0.3572331666946411,0.3683960437774658,0.011162877082824707,0.5800153613090515,0.5780276656150818,0.0019876956939697266,0.16122114658355713,0.16122114658355713,104.8787077665329
crack0055_00.png,-0.965984010696411,103.59954071044922,103.78308868408203,-0.1835479736328125,113.71737670898438,112.86713409423828,0.8502426147460938,0.2304980754852295,0.2149035483598709,-0.015594527125358582,0.0,0.0,0.0,0.0,0.0053043365478515625,0.0053043365478515625,0.579380989074707,0.5762552618980408,0.0031257271766662598,0.1481524407863617,0.1481524407863617,113.97234135866165
crack0055_01.png,-3.2787875652313234,95.95271301269531,98.74610137939453,-2.7933883666992188,114.69664001464844,114.5564956665039,0.14014434814453125,0.2665572762489319,0.23427684605121613,-0.03228043019771576,0.0,0.05120128393173218,0.05120128393173218,0.20389032363891602,0.2534380555152893,0.04954773187637329,0.582302987575531,0.5824798345565796,-0.00017684698104858398,0.15289011597633362,0.15289011597633362,106.59198981523514
crack0055_02.png,1.374025821685791,115.70712280273438,116.9844970703125,-1.277374267578125,102.871826171875,102.71725463867188,0.154571533203125,0.27708637714385986,0.25750622153282166,-0.019580155611038208,0.0,0.10569500923156738,0.10569500923156738,0.22317731380462646,0.27074843645095825,0.04757112264633179,0.5771203637123108,0.5789157748222351,-0.0017954111099243164,0.13135972619056702,0.13135972619056702,124.05206763744354
crack0055_03.png,-2.815628719329834,112.23390197753906,113.9488525390625,-1.7149505615234375,101.65315246582031,101.65445709228516,-0.00130462646484375,0.29892101883888245,0.2844039797782898,-0.014517039060592651,0.0,0.0,0.0,0.058244526386260986,0.13043248653411865,0.07218796014785767,0.5787543058395386,0.5772241353988647,0.0015301704406738281,0.14517280459403992,0.14517280459403992,119.17731070518494
crack0055_04.png,-0.9603558540344239,85.97864532470703,86.69597625732422,-0.7173309326171875,114.94392395019531,113.77638244628906,1.16754150390625,0.278055876493454,0.2675982713699341,-0.010457605123519897,0.0,0.0,0.0,0.0,0.046320974826812744,0.046320974826812744,0.5813763737678528,0.5782122015953064,0.0031641721725463867,0.12368130683898926,0.12368130683898926,93.53646945953369
crack0055_05.png,-6.833801555633545,110.02279663085938,112.43773651123047,-2.4149398803710938,112.8614501953125,112.99659729003906,-0.1351470947265625,0.21545226871967316,0.2076600342988968,-0.007792234420776367,0.37841516733169556,0.28533709049224854,-0.09307807683944702,0.39560216665267944,0.3587477207183838,-0.036854445934295654,0.5714763402938843,0.5719338655471802,-0.00045752525329589844,0.11199603974819183,0.11199603974819183,121.64801913499832
crack0055_06.png,-3.2842281579971315,117.9299087524414,121.10054779052734,-3.1706390380859375,111.58262634277344,110.44444274902344,1.13818359375,0.11357203871011734,0.11758553981781006,0.0040135011076927185,0.23095649480819702,0.20505547523498535,-0.02590101957321167,0.2688942551612854,0.2520446181297302,-0.016849637031555176,0.5845828652381897,0.5809304118156433,0.0036524534225463867,0.15917181968688965,0.15917181968688965,136.08422055840492
crack0055_07.png,-0.7341720581054687,94.38414764404297,95.29816436767578,-0.9140167236328125,104.7379379272461,104.43986511230469,0.29807281494140625,0.27838513255119324,0.27751845121383667,-0.0008666813373565674,0.0,0.0,0.0,0.06558579206466675,0.13391101360321045,0.0683252215385437,0.5767320394515991,0.5734832882881165,0.003248751163482666,0.12792518734931946,0.12792518734931946,101.25933051109314
crack0055_08.png,0.6148514747619629,84.79969787597656,86.64421081542969,-1.844512939453125,108.10356140136719,107.51808166503906,0.585479736328125,0.18100011348724365,0.1638796329498291,-0.01712048053741455,0.0,0.08385330438613892,0.08385330438613892,0.18225759267807007,0.2507532238960266,0.06849563121795654,0.5810880661010742,0.5750710964202881,0.006016969680786133,0.13175874948501587,0.13175874948501587,99.13269901275635
crack0055_09.png,-2.1687511920928957,111.94159698486328,113.59075164794922,-1.6491546630859375,110.77395629882812,109.75799560546875,1.015960693359375,0.21881216764450073,0.20313896238803864,-0.015673205256462097,0.0,0.0,0.0,0.1252240538597107,0.11091941595077515,-0.014304637908935547,0.5902076363563538,0.5820107460021973,0.008196890354156494,0.19633886218070984,0.19633886218070984,124.18614202737808
crack0056_00.png,-2.60492057800293,103.0589828491211,103.95701599121094,-0.8980331420898438,117.84788513183594,117.94108581542969,-0.09320068359375,0.3910921514034271,0.37036046385765076,-0.020731687545776367,0.0,0.0,0.0,0.07884854078292847,0.07082688808441162,-0.008021652698516846,0.5842329859733582,0.5845097899436951,-0.00027680397033691406,0.09969661384820938,0.09969661384820938,104.66676318645477
crack0056_01.png,-4.679557132720947,111.23963165283203,114.96488952636719,-3.7252578735351562,118.95597076416016,121.13858032226562,-2.1826095581054688,0.4286923408508301,0.4265001714229584,-0.002192169427871704,0.0,0.0,0.0,0.0663030743598938,0.08395320177078247,0.017650127410888672,0.5832526087760925,0.5808996558189392,0.0023529529571533203,0.09474453330039978,0.09474453330039978,110.84235465526581
crack0056_02.png,-2.8448351860046386,83.30879974365234,85.71976470947266,-2.4109649658203125,114.6678466796875,115.80548095703125,-1.13763427734375,0.4339003264904022,0.43216395378112793,-0.001736372709274292,0.0,0.0,0.0,0.07684874534606934,0.036090970039367676,-0.04075777530670166,0.5889081358909607,0.5849058032035828,0.00400233268737793,0.09475114941596985,0.09475114941596985,82.14077043533325
crack0056_03.png,-2.221105194091797,86.9732666015625,89.5815200805664,-2.6082534790039062,113.552001953125,113.19882202148438,0.353179931640625,0.4562755525112152,0.4585627615451813,0.0022872090339660645,0.0,0.0,0.0,0.03153705596923828,0.017373263835906982,-0.014163792133331299,0.5843983292579651,0.5828258395195007,0.0015724897384643555,0.10096940398216248,0.10096940398216248,84.27679336071014
crack0056_04.png,-1.2687062263488769,109.7382583618164,109.45977783203125,0.27848052978515625,116.02627563476562,115.8994140625,0.126861572265625,0.4186408519744873,0.39830532670021057,-0.020335525274276733,0.0,0.0,0.0,0.046829819679260254,0.0342373251914978,-0.012592494487762451,0.586558997631073,0.5858362317085266,0.0007227659225463867,0.10556571930646896,0.10556571930646896,109.16305840015411
crack0056_05.png,-2.9923556327819822,89.09329986572266,92.47657775878906,-3.3832778930664062,110.90148162841797,110.59950256347656,0.30197906494140625,0.42355701327323914,0.42591673135757446,0.002359718084335327,0.0,0.0,0.0,0.044086575508117676,0.05550271272659302,0.011416137218475342,0.5860399603843689,0.584006130695343,0.002033829689025879,0.0933544784784317,0.0933544784784317,88.81311643123627
crack0056_06.png,-4.444706058502197,91.52958679199219,94.96857452392578,-3.4389877319335938,113.78086853027344,113.53579711914062,0.2450714111328125,0.4454408586025238,0.4307578206062317,-0.014683037996292114,0.0,0.0,0.0,0.0,0.0,0.0,0.5897769927978516,0.5880045890808105,0.0017724037170410156,0.09509885311126709,0.09509885311126709,90.99469113349915
crack0056_07.png,-2.956046772003174,113.04353332519531,117.54456329345703,-4.501029968261719,126.27901458740234,124.80529022216797,1.473724365234375,0.3576596975326538,0.36695438623428345,0.009294688701629639,0.0,0.0,0.0,0.0245816707611084,0.12668174505233765,0.10210007429122925,0.5874202251434326,0.582122266292572,0.005297958850860596,0.09341248124837875,0.09341248124837875,117.33127546310425
crack0056_08.png,-0.06335334777832036,106.22566223144531,105.71389770507812,0.5117645263671875,117.58362579345703,117.21084594726562,0.37277984619140625,0.40776798129081726,0.3987131714820862,-0.009054809808731079,0.0,0.0,0.0,0.0,0.004436373710632324,0.004436373710632324,0.5893387198448181,0.5893348455429077,3.874301910400391e-06,0.10211107134819031,0.10211107134819031,105.62053847312927
crack0056_09.png,-5.336154937744141,95.23823547363281,98.86759948730469,-3.629364013671875,117.440673828125,122.02288818359375,-4.58221435546875,0.4378357231616974,0.4396810233592987,0.0018453001976013184,0.0,0.0,0.0,0.0,0.0,0.0,0.579238772392273,0.5797770023345947,-0.0005382299423217773,0.09165389835834503,0.09165389835834503,93.9738541841507
crack0057_00.png,-0.4625224590301513,114.45954895019531,115.26371002197266,-0.8041610717773438,110.59449768066406,110.24008178710938,0.3544158935546875,0.11931893229484558,0.11457712948322296,-0.00474180281162262,0.20868206024169922,0.22391986846923828,0.015237808227539062,0.22826790809631348,0.2586420774459839,0.03037416934967041,0.5804651975631714,0.5812225937843323,-0.0007573962211608887,0.16707733273506165,0.16707733273506165,131.2359054684639
crack0057_01.png,0.278353214263916,122.67376708984375,122.90205383300781,-0.2282867431640625,107.99668884277344,107.58706665039062,0.4096221923828125,0.12030921131372452,0.11899582296609879,-0.0013133883476257324,0.2758336067199707,0.28606516122817993,0.010231554508209229,0.29784077405929565,0.30432718992233276,0.006486415863037109,0.5756016969680786,0.574636697769165,0.0009649991989135742,0.15566369891166687,0.15566369891166687,138.672228962183
crack0057_02.png,-1.9687609672546387,138.31280517578125,140.4141387939453,-2.1013336181640625,107.27104187011719,106.3442611694336,0.9267807006835938,0.08037017285823822,0.08220438659191132,0.0018342137336730957,0.362579882144928,0.3554454445838928,-0.007134437561035156,0.3749163746833801,0.3894343376159668,0.01451796293258667,0.5793156623840332,0.5818031430244446,-0.002487480640411377,0.13833153247833252,0.13833153247833252,157.81338733434677
crack0057_03.png,-0.08563513755798335,121.82225036621094,122.45893859863281,-0.636688232421875,104.80073547363281,103.8818588256836,0.9188766479492188,0.10631769895553589,0.10646332800388336,0.00014562904834747314,0.42914503812789917,0.4297427535057068,0.0005977153778076172,0.4234921336174011,0.42425405979156494,0.0007619261741638184,0.5796732306480408,0.5759746432304382,0.003698587417602539,0.1461758315563202,0.1461758315563202,138.94846177101135
crack0057_04.png,-0.020273971557617232,119.44247436523438,120.51563262939453,-1.0731582641601562,100.7315673828125,100.83222961425781,-0.1006622314453125,0.10316183418035507,0.10362046211957932,0.00045862793922424316,0.25938987731933594,0.27702009677886963,0.01763021945953369,0.2685438394546509,0.30714350938796997,0.03859966993331909,0.5785967111587524,0.569815456867218,0.008781254291534424,0.1261599212884903,0.1261599212884903,136.93321189284325
crack0057_05.png,0.8285901784896851,139.11085510253906,139.41433715820312,-0.3034820556640625,106.63639831542969,105.71063232421875,0.9257659912109375,0.08661999553442001,0.09366650879383087,0.007046513259410858,0.25415635108947754,0.2554934620857239,0.0013371109962463379,0.3165437579154968,0.3078616261482239,-0.00868213176727295,0.5766551494598389,0.5730411410331726,0.0036140084266662598,0.1532713770866394,0.1532713770866394,157.13160237669945
crack0057_06.png,-1.8081970930099487,140.46243286132812,141.1287384033203,-0.6663055419921875,116.80414581298828,115.20732116699219,1.5968246459960938,0.09431888163089752,0.11377962678670883,0.01946074515581131,0.2735585570335388,0.19155943393707275,-0.08199912309646606,0.2872050404548645,0.24690234661102295,-0.04030269384384155,0.5803652405738831,0.5818031430244446,-0.0014379024505615234,0.15897732973098755,0.15897732973098755,158.40857845544815
crack0057_07.png,-3.768479108810425,127.72295379638672,130.1993865966797,-2.4764328002929688,115.19718170166016,115.18363952636719,0.01354217529296875,0.11681556701660156,0.10405467450618744,-0.012760892510414124,0.270349383354187,0.26677173376083374,-0.0035776495933532715,0.28644245862960815,0.2912845015525818,0.004842042922973633,0.5782160758972168,0.5815532207489014,-0.0033371448516845703,0.13903434574604034,0.13903434574604034,145.980018556118
crack0057_08.png,-2.151371479034424,122.76246643066406,124.51702117919922,-1.7545547485351562,104.42993927001953,103.66795349121094,0.7619857788085938,0.08671814948320389,0.0838872566819191,-0.00283089280128479,0.3677217364311218,0.3601146936416626,-0.0076070427894592285,0.34488219022750854,0.37687867879867554,0.03199648857116699,0.5795501470565796,0.5838215947151184,-0.004271447658538818,0.14151480793952942,0.14151480793952942,141.95937219262123
crack0057_09.png,0.8201311588287353,117.0457992553711,117.1650161743164,-0.1192169189453125,102.83088684082031,102.58111572265625,0.2497711181640625,0.1644073873758316,0.169569194316864,0.00516180694103241,0.23216307163238525,0.2437635064125061,0.01160043478012085,0.30462419986724854,0.31501978635787964,0.010395586490631104,0.5760207772254944,0.5769588351249695,-0.0009380578994750977,0.1412540078163147,0.1412540078163147,130.31931787729263
crack0058_00.png,-2.047865295410156,122.3897705078125,124.44990539550781,-2.0601348876953125,115.62049865722656,113.77984619140625,1.8406524658203125,0.3907621502876282,0.38243699073791504,-0.008325159549713135,0.0,0.0,0.0,0.26582813262939453,0.2774714231491089,0.011643290519714355,0.5819569230079651,0.583406388759613,-0.0014494657516479492,0.08855094760656357,0.08855094760656357,123.80987405776978
crack0058_01.png,-5.174049663543701,164.1740264892578,170.79017639160156,-6.61614990234375,119.78279876708984,119.81536865234375,-0.03256988525390625,0.28604575991630554,0.30465778708457947,0.018612027168273926,0.0,0.0,0.0,0.20247679948806763,0.2191869616508484,0.01671016216278076,0.5815224647521973,0.5823683142662048,-0.0008458495140075684,0.08720401674509048,0.08720401674509048,173.61408841609955
crack0058_02.png,-3.5963603019714356,139.77191162109375,143.0311737060547,-3.2592620849609375,123.21488952636719,122.36255645751953,0.8523330688476562,0.3623232841491699,0.3525426387786865,-0.009780645370483398,0.0,0.0,0.0,0.21987468004226685,0.22111821174621582,0.0012435317039489746,0.5839292407035828,0.581318736076355,0.002610504627227783,0.0918157696723938,0.0918157696723938,143.60615396499634
crack0058_03.png,-2.7919296264648437,151.18948364257812,153.5144500732422,-2.3249664306640625,120.07354736328125,119.54789733886719,0.5256500244140625,0.33584749698638916,0.32658252120018005,-0.009264975786209106,0.0,0.0,0.0,0.19469523429870605,0.21778088808059692,0.02308565378189087,0.583391010761261,0.5817916393280029,0.0015993714332580566,0.09643399715423584,0.09643399715423584,156.0926560163498
crack0058_04.png,-5.91441240310669,154.14988708496094,161.3681182861328,-7.218231201171875,125.13224792480469,122.48707580566406,2.645172119140625,0.3103832006454468,0.31338396668434143,0.0030007660388946533,0.0,0.0,0.0,0.20105409622192383,0.2137293815612793,0.012675285339355469,0.5857477784156799,0.5856055617332458,0.00014221668243408203,0.09183710068464279,0.09183710068464279,162.56592178344727
crack0058_05.png,-4.988097858428955,117.67639923095703,123.8615493774414,-6.185150146484375,113.26849365234375,110.3065414428711,2.9619522094726562,0.30395543575286865,0.3074931502342224,0.0035377144813537598,0.010198116302490234,0.0,-0.010198116302490234,0.3405178189277649,0.3296716809272766,-0.010846138000488281,0.5911572575569153,0.5877277851104736,0.0034294724464416504,0.08741968870162964,0.08741968870162964,126.17793846130371
crack0058_06.png,-3.333431625366211,164.91464233398438,168.62623596191406,-3.7115936279296875,122.159423828125,121.5133056640625,0.6461181640625,0.35104379057884216,0.3514098823070526,0.0003660917282104492,0.0,0.0,0.0,0.29724907875061035,0.28607767820358276,-0.011171400547027588,0.5840100049972534,0.5817493200302124,0.0022606849670410156,0.09589288383722305,0.09589288383722305,169.06821191310883
crack0058_07.png,-6.684295654296875,161.5144500732422,167.5823211669922,-6.06787109375,121.4620361328125,120.95765686035156,0.5043792724609375,0.3151278495788574,0.3043450713157654,-0.010782778263092041,0.0,0.0,0.0,0.27934134006500244,0.2832314968109131,0.0038901567459106445,0.5850865244865417,0.5839753746986389,0.001111149787902832,0.09714149683713913,0.09714149683713913,169.69114232063293
crack0058_08.png,-1.4138480186462403,156.9624481201172,159.0399932861328,-2.077545166015625,118.49859619140625,118.1578140258789,0.34078216552734375,0.32873108983039856,0.3362153470516205,0.007484257221221924,0.0,0.0,0.0,0.26600658893585205,0.2628093957901001,-0.003197193145751953,0.581311047077179,0.5830949544906616,-0.001783907413482666,0.09420793503522873,0.09420793503522873,161.60115349292755
crack0058_09.png,-1.2931177139282226,153.35427856445312,154.92135620117188,-1.56707763671875,118.39665985107422,118.15306091308594,0.24359893798828125,0.285567045211792,0.2883560061454773,0.0027889609336853027,0.0,0.0,0.0,0.29526543617248535,0.3299497961997986,0.03468436002731323,0.5860438346862793,0.5872087478637695,-0.0011649131774902344,0.09076611697673798,0.09076611697673798,160.49214458465576
crack0059_00.png,1.2255644798278809,102.5766372680664,101.27935028076172,1.2972869873046875,105.07183074951172,104.63272094726562,0.43910980224609375,0.313912034034729,0.30444785952568054,-0.009464174509048462,0.3889837861061096,0.39573413133621216,0.006750345230102539,0.3234099745750427,0.3275325298309326,0.004122555255889893,0.5787850618362427,0.5727912187576294,0.005993843078613281,0.1704489290714264,0.1704489290714264,106.81252467632294
crack0059_01.png,2.259347343444824,107.03565979003906,104.93119049072266,2.1044692993164062,107.14866638183594,105.52168273925781,1.626983642578125,0.36429667472839355,0.37464407086372375,0.0103473961353302,0.20138144493103027,0.1691461205482483,-0.03223532438278198,0.22194641828536987,0.22211754322052002,0.00017112493515014648,0.5761514902114868,0.577008843421936,-0.0008573532104492188,0.16093288362026215,0.16093288362026215,107.20597839355469
crack0059_02.png,3.7586366176605224,95.88472747802734,94.5715103149414,1.3132171630859375,110.100341796875,108.8140869140625,1.2862548828125,0.2461397498846054,0.2680741548538208,0.021934404969215393,0.31001293659210205,0.31089532375335693,0.0008823871612548828,0.365448534488678,0.36855369806289673,0.00310516357421875,0.5793233513832092,0.5758016109466553,0.003521740436553955,0.1872509866952896,0.1872509866952896,103.63266795873642
crack0059_03.png,2.9290730953216553,103.05223846435547,100.6603775024414,2.3918609619140625,113.49011993408203,112.10466003417969,1.3854598999023438,0.22887425124645233,0.23039865493774414,0.001524403691291809,0.3297145962715149,0.3250112533569336,-0.004703342914581299,0.31653010845184326,0.35022515058517456,0.0336950421333313,0.5828911662101746,0.5816609263420105,0.0012302398681640625,0.1497000753879547,0.1497000753879547,111.43949955701828
crack0059_04.png,-1.0739219188690186,108.86128234863281,111.31963348388672,-2.4583511352539062,110.76294708251953,109.49978637695312,1.2631607055664062,0.2376490831375122,0.24105004966259003,0.00340096652507782,0.2522154450416565,0.2694764733314514,0.017261028289794922,0.33793187141418457,0.34951919317245483,0.011587321758270264,0.5830334424972534,0.5851172804832458,-0.0020838379859924316,0.17058447003364563,0.17058447003364563,119.23620414733887
crack0059_05.png,2.0375615119934083,103.95992279052734,102.49131774902344,1.4686050415039062,113.85787200927734,112.0057373046875,1.8521347045898438,0.25565049052238464,0.2625540494918823,0.006903558969497681,0.20598959922790527,0.18198347091674805,-0.024006128311157227,0.2798399329185486,0.22981733083724976,-0.05002260208129883,0.578473687171936,0.5725721120834351,0.0059015750885009766,0.13764458894729614,0.13764458894729614,111.02553832530975
crack0059_06.png,-0.37153139114379874,100.65568542480469,99.51005554199219,1.1456298828125,110.56930541992188,109.69613647460938,0.8731689453125,0.2892027795314789,0.2884243428707123,-0.0007784366607666016,0.34209901094436646,0.2943692207336426,-0.04772979021072388,0.3661305904388428,0.3060591220855713,-0.060071468353271484,0.5784198641777039,0.5757939219474792,0.0026259422302246094,0.18063582479953766,0.18063582479953766,105.91420447826385
crack0059_07.png,2.1102224349975587,105.19976043701172,103.50047302246094,1.6992874145507812,118.10452270507812,116.59552001953125,1.509002685546875,0.26493343710899353,0.2825990617275238,0.017665624618530273,0.21017909049987793,0.1669631004333496,-0.04321599006652832,0.29184842109680176,0.2824077010154724,-0.009440720081329346,0.5825490355491638,0.5794809460639954,0.003068089485168457,0.15005925297737122,0.15005925297737122,111.75607192516327
crack0059_08.png,2.8574743270874023,110.14893341064453,109.10602569580078,1.04290771484375,116.81148529052734,115.89630126953125,0.9151840209960938,0.24254202842712402,0.2575114667415619,0.014969438314437866,0.29267704486846924,0.29546719789505005,0.0027901530265808105,0.38909339904785156,0.3676644563674927,-0.021428942680358887,0.5849250555038452,0.5814417600631714,0.003483295440673828,0.13844357430934906,0.13844357430934906,118.47196006774902
crack0059_09.png,0.06956605911254887,103.27311706542969,102.59225463867188,0.6808624267578125,115.3891830444336,115.19368743896484,0.19549560546875,0.2566412389278412,0.2624613642692566,0.005820125341415405,0.24478769302368164,0.21624070405960083,-0.02854698896408081,0.3271203637123108,0.2973160743713379,-0.0298042893409729,0.5798962116241455,0.5802268385887146,-0.0003306269645690918,0.14365914463996887,0.14365914463996887,110.7432850599289
crack0060_00.png,-1.7273468017578124,118.38861846923828,118.02481842041016,0.363800048828125,111.44789123535156,111.05976104736328,0.38813018798828125,0.3003440797328949,0.2856625020503998,-0.014681577682495117,0.09879672527313232,0.07010835409164429,-0.028688371181488037,0.19556331634521484,0.1724749207496643,-0.023088395595550537,0.5889119505882263,0.5870203971862793,0.0018915534019470215,0.1227245032787323,0.1227245032787323,124.62344634532928
crack0060_01.png,-0.43975558280944815,106.17085266113281,105.2021484375,0.9687042236328125,106.94242095947266,107.06973266601562,-0.12731170654296875,0.24978618323802948,0.25149965286254883,0.0017134696245193481,0.2181292176246643,0.1800987720489502,-0.03803044557571411,0.21591585874557495,0.1734483242034912,-0.04246753454208374,0.5851672291755676,0.584502100944519,0.000665128231048584,0.12343297898769379,0.12343297898769379,114.10601872205734
crack0060_02.png,-0.060727834701538086,113.50968933105469,112.4005126953125,1.1091766357421875,109.63204956054688,107.74701690673828,1.8850326538085938,0.21191851794719696,0.1914571225643158,-0.020461395382881165,0.24199599027633667,0.22866934537887573,-0.013326644897460938,0.2967023253440857,0.26839858293533325,-0.02830374240875244,0.5923144817352295,0.5861629843711853,0.0061514973640441895,0.10654997080564499,0.10654997080564499,125.16025292873383
crack0060_03.png,-0.04714250564575195,114.35678100585938,114.4693832397461,-0.11260223388671875,109.86931610107422,110.4053955078125,-0.5360794067382812,0.260670930147171,0.26876699924468994,0.008096069097518921,0.17179077863693237,0.16006231307983398,-0.011728465557098389,0.20617133378982544,0.19730961322784424,-0.008861720561981201,0.5900691747665405,0.587535560131073,0.0025336146354675293,0.13557150959968567,0.13557150959968567,122.3755933046341
crack0060_04.png,1.5882901191711425,112.82855987548828,110.86589813232422,1.9626617431640625,110.6116943359375,110.86062622070312,-0.248931884765625,0.21923187375068665,0.2283841371536255,0.009152263402938843,0.06635701656341553,0.037557005882263184,-0.028800010681152344,0.02110767364501953,0.0,-0.02110767364501953,0.582233726978302,0.5786082148551941,0.00362551212310791,0.1090487539768219,0.1090487539768219,121.98266565799713
crack0060_05.png,0.18008384704589853,114.69078826904297,112.74560546875,1.9451828002929688,105.00215911865234,104.64889526367188,0.35326385498046875,0.28970903158187866,0.27674663066864014,-0.012962400913238525,0.07177215814590454,0.04536557197570801,-0.026406586170196533,0.18053078651428223,0.16731661558151245,-0.013214170932769775,0.5892387628555298,0.5845674872398376,0.004671275615692139,0.12135475128889084,0.12135475128889084,120.68294954299927
crack0060_06.png,1.6441690444946289,119.25855255126953,117.39656829833984,1.8619842529296875,111.00672912597656,112.45474243164062,-1.4480133056640625,0.2669993042945862,0.27423596382141113,0.007236659526824951,0.18693548440933228,0.1813930869102478,-0.005542397499084473,0.25612497329711914,0.24767208099365234,-0.008452892303466797,0.5832756757736206,0.5831718444824219,0.00010383129119873047,0.13528254628181458,0.13528254628181458,125.63862919807434
crack0060_07.png,1.012229824066162,110.55994415283203,110.72478485107422,-0.1648406982421875,109.24444580078125,109.51359558105469,-0.2691497802734375,0.25350502133369446,0.2745668292045593,0.021061807870864868,0.1756047010421753,0.16581076383590698,-0.00979393720626831,0.172593355178833,0.15818434953689575,-0.014409005641937256,0.5809957981109619,0.5812072157859802,-0.00021141767501831055,0.12170270830392838,0.12170270830392838,118.68035185337067
crack0060_08.png,2.0853841304779053,109.44603729248047,107.4242172241211,2.021820068359375,107.39564514160156,106.816650390625,0.5789947509765625,0.24752755463123322,0.23953822255134583,-0.00798933207988739,0.26891589164733887,0.27626848220825195,0.007352590560913086,0.28888559341430664,0.31348878145217896,0.024603188037872314,0.5891964435577393,0.5847712159156799,0.004425227642059326,0.13358506560325623,0.13358506560325623,117.6306916475296
crack0060_09.png,1.838485336303711,113.26962280273438,111.60714721679688,1.6624755859375,105.83393096923828,105.38968658447266,0.444244384765625,0.22742296755313873,0.23808158934116364,0.010658621788024902,0.20824748277664185,0.18892574310302734,-0.019321739673614502,0.2104262113571167,0.1782638430595398,-0.032162368297576904,0.5802152752876282,0.5822529792785645,-0.0020377039909362793,0.11264131218194962,0.11264131218194962,122.08312612771988
crack0061_00.png,4.9740620136260985,100.2961654663086,97.71241760253906,2.5837478637695312,111.41243743896484,110.28642272949219,1.1260147094726562,0.17629137635231018,0.19882069528102875,0.022529318928718567,0.4488787055015564,0.4485768675804138,-0.0003018379211425781,0.3711482286453247,0.3798385262489319,0.008690297603607178,0.5870665311813354,0.5833256244659424,0.0037409067153930664,0.1689995974302292,0.1689995974302292,111.90947020053864
crack0061_01.png,7.843174457550049,104.41656494140625,100.55241394042969,3.8641510009765625,112.95378112792969,111.41928100585938,1.5345001220703125,0.2255323827266693,0.2507994771003723,0.025267094373703003,0.12690824270248413,0.16202712059020996,0.03511887788772583,0.20916587114334106,0.23983871936798096,0.030672848224639893,0.5780122876167297,0.5795347690582275,-0.0015224814414978027,0.11145859956741333,0.11145859956741333,112.13393723964691
crack0061_02.png,4.227280902862549,94.07707214355469,90.25218963623047,3.8248825073242188,110.0316162109375,108.13243865966797,1.8991775512695312,0.2521131932735443,0.23548075556755066,-0.016632437705993652,0.36266547441482544,0.37849026918411255,0.01582479476928711,0.35072892904281616,0.34936535358428955,-0.0013635754585266113,0.5877508521080017,0.5792425870895386,0.008508265018463135,0.1438511610031128,0.1438511610031128,101.5458196401596
crack0061_03.png,7.0897733688354485,89.94602966308594,85.10079193115234,4.845237731933594,110.33015441894531,107.82205963134766,2.5080947875976562,0.16391046345233917,0.20101888477802277,0.037108421325683594,0.22587460279464722,0.18159830570220947,-0.044276297092437744,0.22964149713516235,0.23158156871795654,0.0019400715827941895,0.5842099189758301,0.5831180214881897,0.0010918974876403809,0.12008385360240936,0.12008385360240936,101.057179749012
crack0061_04.png,2.8527135372161867,100.28644561767578,97.34239959716797,2.9440460205078125,120.07327270507812,117.49590301513672,2.5773696899414062,0.22686845064163208,0.20782680809497833,-0.019041642546653748,0.32649827003479004,0.3359670639038086,0.009468793869018555,0.34161001443862915,0.340331494808197,-0.001278519630432129,0.5881353616714478,0.5875778794288635,0.0005574822425842285,0.16175615787506104,0.16175615787506104,109.87022858858109
crack0061_05.png,2.2497235774993896,76.41267395019531,74.95457458496094,1.458099365234375,105.12748718261719,104.15880584716797,0.9686813354492188,0.15966583788394928,0.1719675064086914,0.012301668524742126,0.45161259174346924,0.4396812915802002,-0.011931300163269043,0.32391971349716187,0.29703593254089355,-0.02688378095626831,0.5766320824623108,0.5792003273963928,-0.0025682449340820312,0.1358231008052826,0.1358231008052826,89.27168709039688
crack0061_06.png,-2.7055099964141847,87.38993072509766,88.56119537353516,-1.1712646484375,106.56623840332031,105.87530517578125,0.6909332275390625,0.25419872999191284,0.2295505851507187,-0.024648144841194153,0.4463765621185303,0.45079952478408813,0.004422962665557861,0.331521213054657,0.3228877782821655,-0.008633434772491455,0.583398699760437,0.5837908387184143,-0.0003921389579772949,0.15266145765781403,0.15266145765781403,97.55416148900986
crack0061_07.png,1.4498821258544923,96.79859924316406,95.70494079589844,1.093658447265625,113.56793212890625,112.8210678100586,0.7468643188476562,0.27070167660713196,0.27764302492141724,0.006941348314285278,0.3634002208709717,0.3475019931793213,-0.01589822769165039,0.34355270862579346,0.3310864567756653,-0.012466251850128174,0.5867358446121216,0.5832833647727966,0.003452479839324951,0.1882626861333847,0.1882626861333847,103.4791032075882
crack0061_08.png,4.118802499771118,112.64671325683594,110.82569122314453,1.8210220336914062,112.98712158203125,111.32798767089844,1.6591339111328125,0.15737362205982208,0.17579463124275208,0.018421009182929993,0.3872604966163635,0.39076805114746094,0.003507554531097412,0.365734338760376,0.38051658868789673,0.014782249927520752,0.5848634839057922,0.584359884262085,0.0005035996437072754,0.12944373488426208,0.12944373488426208,125.6883242726326
crack0061_09.png,2.12087082862854,91.1291732788086,89.25497436523438,1.8741989135742188,105.45159912109375,104.19721221923828,1.2543869018554688,0.12566280364990234,0.12526489794254303,-0.00039790570735931396,0.40199410915374756,0.3941829204559326,-0.007811188697814941,0.352294921875,0.3459439277648926,-0.006350994110107422,0.5800807476043701,0.5778508186340332,0.002229928970336914,0.14931327104568481,0.14931327104568481,105.87940984964371
crack0062_00.png,-0.6819280624389648,107.63506317138672,109.75520324707031,-2.1201400756835938,106.30271911621094,106.22544860839844,0.0772705078125,0.30840492248535156,0.32560643553733826,0.017201513051986694,0.5345579385757446,0.5383286476135254,0.0037707090377807617,0.4851476550102234,0.5077007412910461,0.022553086280822754,0.578781247138977,0.5817723870277405,-0.0029911398887634277,0.13484975695610046,0.13484975695610046,113.46173334121704
crack0062_01.png,0.9468420028686524,108.72410583496094,110.56470489501953,-1.8405990600585938,109.76838684082031,108.30423736572266,1.4641494750976562,0.3614348769187927,0.37871360778808594,0.017278730869293213,0.4804105758666992,0.4942386746406555,0.013828098773956299,0.4633569121360779,0.4754423499107361,0.012085437774658203,0.5871395468711853,0.5804805755615234,0.006658971309661865,0.15323269367218018,0.15323269367218018,111.44389462471008
crack0062_02.png,-1.543788719177246,113.70222473144531,116.40973663330078,-2.7075119018554688,110.9525146484375,110.95635986328125,-0.00384521484375,0.3840959668159485,0.3908093571662903,0.006713390350341797,0.5473344922065735,0.5553076267242432,0.007973134517669678,0.47392284870147705,0.48658692836761475,0.012664079666137695,0.5872164368629456,0.5794848203659058,0.007731616497039795,0.1309087574481964,0.1309087574481964,115.49888014793396
crack0062_03.png,-0.2900812149047851,105.9305648803711,107.77582550048828,-1.8452606201171875,109.78572845458984,109.40628814697266,0.3794403076171875,0.30200353264808655,0.3135118782520294,0.011508345603942871,0.4453631043434143,0.45819276571273804,0.01282966136932373,0.40928179025650024,0.42257457971572876,0.013292789459228516,0.5803037285804749,0.5810649991035461,-0.0007612705230712891,0.15827657282352448,0.15827657282352448,111.97558319568634
crack0062_04.png,-0.6238924980163574,114.78126525878906,116.14826202392578,-1.3669967651367188,114.2540054321289,112.66282653808594,1.5911788940429688,0.43131718039512634,0.42455118894577026,-0.006765991449356079,0.46679526567459106,0.4821779727935791,0.015382707118988037,0.44809865951538086,0.46199870109558105,0.013900041580200195,0.5901999473571777,0.5893848538398743,0.0008150935173034668,0.17064610123634338,0.17064610123634338,113.59969019889832
crack0062_05.png,0.877502155303955,111.8287124633789,113.83788299560547,-2.0091705322265625,111.08522033691406,110.73979187011719,0.345428466796875,0.19085530936717987,0.22460855543613434,0.03375324606895447,0.5077142715454102,0.5081090927124023,0.0003948211669921875,0.4272845983505249,0.45564496517181396,0.028360366821289062,0.5838177800178528,0.5830065608024597,0.0008112192153930664,0.12238278239965439,0.12238278239965439,124.7346903681755
crack0062_06.png,-0.12255535125732431,106.97752380371094,108.43058013916016,-1.4530563354492188,111.19210052490234,110.52470397949219,0.6673965454101562,0.3033159375190735,0.312473863363266,0.009157925844192505,0.49817824363708496,0.5063778758049011,0.008199632167816162,0.4871863126754761,0.48826658725738525,0.0010802745819091797,0.5870742201805115,0.5870011448860168,7.30752944946289e-05,0.14846667647361755,0.14846667647361755,112.9880645275116
crack0062_07.png,-3.3929848670959473,112.96472930908203,115.30267333984375,-2.3379440307617188,115.75221252441406,116.16145324707031,-0.40924072265625,0.3189449906349182,0.30524808168411255,-0.013696908950805664,0.48723340034484863,0.49460816383361816,0.007374763488769531,0.4859427809715271,0.49534326791763306,0.009400486946105957,0.5787312388420105,0.5809957981109619,-0.002264559268951416,0.17164647579193115,0.17164647579193115,119.05864834785461
crack0062_08.png,-2.497628116607666,105.18953704833984,107.17855834960938,-1.9890213012695312,111.11176300048828,110.38694763183594,0.7248153686523438,0.33253782987594604,0.31865641474723816,-0.013881415128707886,0.47082459926605225,0.48120003938674927,0.010375440120697021,0.44728678464889526,0.4564031958580017,0.009116411209106445,0.5812302827835083,0.5838062167167664,-0.0025759339332580566,0.17673081159591675,0.17673081159591675,110.41691148281097
crack0062_09.png,-0.893976593017578,112.93716430664062,113.39598083496094,-0.4588165283203125,115.4952392578125,113.67991638183594,1.8153228759765625,0.3518025279045105,0.3349163234233856,-0.016886204481124878,0.4718084931373596,0.4754260182380676,0.003617525100708008,0.45154690742492676,0.4630882143974304,0.011541306972503662,0.5816878080368042,0.5805651545524597,0.0011226534843444824,0.17180417478084564,0.17180417478084564,116.33910548686981
crack0063_00.png,1.0178319931030275,111.2974853515625,110.73403930664062,0.563446044921875,109.3853759765625,108.1307144165039,1.2546615600585938,0.3051064908504486,0.29997602105140686,-0.005130469799041748,0.310446560382843,0.31603336334228516,0.005586802959442139,0.24480539560317993,0.2644580006599426,0.019652605056762695,0.5916070938110352,0.5881199240684509,0.0034871697425842285,0.15597298741340637,0.15597298741340637,116.68148481845856
crack0063_01.png,-0.31968412399292,101.3270034790039,97.94696044921875,3.3800430297851562,110.4449234008789,110.8953857421875,-0.45046234130859375,0.2865537703037262,0.243706613779068,-0.0428471565246582,0.33483612537384033,0.3260597586631775,-0.008776366710662842,0.20714229345321655,0.23424643278121948,0.02710413932800293,0.5931987762451172,0.5867166519165039,0.006482124328613281,0.1891382336616516,0.1891382336616516,108.74253618717194
crack0063_02.png,4.2854211807250975,111.9359359741211,110.03819274902344,1.8977432250976562,112.66650390625,112.39337921142578,0.27312469482421875,0.20881269872188568,0.23085011541843414,0.022037416696548462,0.2790185809135437,0.2908010482788086,0.011782467365264893,0.242389976978302,0.25778084993362427,0.015390872955322266,0.5827797055244446,0.5816763043403625,0.0011034011840820312,0.1389225423336029,0.1389225423336029,121.76949065923691
crack0063_03.png,3.4261030197143554,123.9338607788086,122.98924255371094,0.9446182250976562,111.12416076660156,111.51614379882812,-0.3919830322265625,0.294507771730423,0.2976289987564087,0.0031212270259857178,0.04597043991088867,0.10228627920150757,0.056315839290618896,0.0,0.04293113946914673,0.04293113946914673,0.5864821076393127,0.58308345079422,0.0033986568450927734,0.14864420890808105,0.14864420890808105,129.2503696680069
crack0063_04.png,2.5391022682189943,109.53101348876953,108.0667495727539,1.464263916015625,106.06306457519531,104.96675109863281,1.0963134765625,0.2446019947528839,0.2476336658000946,0.0030316710472106934,0.23219043016433716,0.2413005828857422,0.00911015272140503,0.1371685266494751,0.1488294005393982,0.011660873889923096,0.5873048901557922,0.5865705609321594,0.0007343292236328125,0.14880096912384033,0.14880096912384033,117.61495745182037
crack0063_05.png,6.8065499544143675,222.136962890625,217.31591796875,4.821044921875,191.29800415039062,188.6215057373047,2.6764984130859375,0.11497554928064346,0.12685208022594452,0.011876530945301056,0.0,0.0,0.0,0.018744826316833496,0.0,-0.018744826316833496,0.5924875140190125,0.5933679342269897,-0.0008804202079772949,0.16991664469242096,0.16991664469242096,236.56262484192848
crack0063_06.png,2.9554579734802244,110.43248748779297,108.81743621826172,1.61505126953125,110.39183044433594,110.39912414550781,-0.007293701171875,0.2946118414402008,0.29668742418289185,0.00207558274269104,0.2615332007408142,0.2909766435623169,0.029443442821502686,0.288912296295166,0.3055883049964905,0.016676008701324463,0.588039219379425,0.5880507230758667,-1.150369644165039e-05,0.18904849886894226,0.18904849886894226,115.47028028964996
crack0063_07.png,-1.6397252082824707,144.90765380859375,146.7500457763672,-1.8423919677734375,137.49798583984375,136.82911682128906,0.6688690185546875,0.34423375129699707,0.34230586886405945,-0.001927882432937622,0.0,0.0,0.0,0.044114112854003906,0.03207743167877197,-0.012036681175231934,0.5932333469390869,0.5909996032714844,0.002233743667602539,0.18813607096672058,0.18813607096672058,149.01983153820038
crack0063_08.png,3.4257397651672363,116.45513153076172,113.20980834960938,3.2453231811523438,109.62272644042969,110.20301818847656,-0.580291748046875,0.2777503430843353,0.2689635753631592,-0.008786767721176147,0.23352861404418945,0.2527611255645752,0.019232511520385742,0.11738932132720947,0.1344042420387268,0.017014920711517334,0.5990311503410339,0.5903767943382263,0.008654356002807617,0.13706496357917786,0.13706496357917786,122.65590143203735
crack0063_09.png,1.6804572105407716,114.03683471679688,112.71577453613281,1.3210601806640625,108.74710845947266,108.19193267822266,0.55517578125,0.1798422783613205,0.2048269659280777,0.024984687566757202,0.3297545313835144,0.2817842960357666,-0.0479702353477478,0.2593158483505249,0.2402486801147461,-0.01906716823577881,0.5846405029296875,0.5832064747810364,0.001434028148651123,0.1393287479877472,0.1393287479877472,125.97138804197311
crack0064_00.png,4.522167682647705,111.28865814208984,106.24178314208984,5.046875,105.36036682128906,105.75434875488281,-0.39398193359375,0.2992701530456543,0.29455628991127014,-0.004713863134384155,0.0,0.0,0.0,0.0,0.0,0.0,0.5806035995483398,0.5803537368774414,0.0002498626708984375,0.1057000607252121,0.1057000607252121,114.31598722934723
crack0064_01.png,5.072146701812744,119.99492645263672,114.39710998535156,5.597816467285156,103.27952575683594,103.24287414550781,0.036651611328125,0.22233228385448456,0.21270619332790375,-0.00962609052658081,0.0,0.0,0.0,0.0,0.019505321979522705,0.019505321979522705,0.5811995267868042,0.5754556059837341,0.005743920803070068,0.13111965358257294,0.13111965358257294,127.68162769079208
crack0064_02.png,0.6846879005432127,84.62200927734375,82.83534240722656,1.7866668701171875,102.82624816894531,102.22765350341797,0.5985946655273438,0.25658631324768066,0.23850178718566895,-0.01808452606201172,0.0,0.0,0.0,0.0,0.0,0.0,0.5854094624519348,0.5827758312225342,0.0026336312294006348,0.13528594374656677,0.13528594374656677,92.83494710922241
crack0064_03.png,4.015495681762696,101.36398315429688,97.87705993652344,3.4869232177734375,107.81935119628906,107.74716186523438,0.0721893310546875,0.2377409040927887,0.24416205286979675,0.006421148777008057,0.0,0.0,0.0,0.0,0.0,0.0,0.5823606252670288,0.5827105045318604,-0.00034987926483154297,0.12938076257705688,0.12938076257705688,108.66448748111725
crack0064_04.png,0.7541090488433837,109.25656127929688,106.59025573730469,2.6663055419921875,107.31637573242188,108.258056640625,-0.941680908203125,0.2314680814743042,0.20957507193088531,-0.021893009543418884,0.0,0.0,0.0,0.0,0.0,0.0,0.5897846817970276,0.5843867659568787,0.005397915840148926,0.11533595621585846,0.11533595621585846,118.94029146432877
crack0064_05.png,3.982983207702637,104.70575714111328,100.99286651611328,3.712890625,103.80158233642578,103.54338073730469,0.25820159912109375,0.24329683184623718,0.2427368462085724,-0.0005599856376647949,0.0,0.0,0.0,0.0,0.0,0.0,0.5859900116920471,0.5806997418403625,0.00529026985168457,0.1114705502986908,0.1114705502986908,111.72470152378082
crack0064_06.png,3.2318580627441404,128.46136474609375,125.32984924316406,3.1315155029296875,104.15209197998047,104.29610443115234,-0.144012451171875,0.2851971387863159,0.2869773209095001,0.001780182123184204,0.0,0.0,0.0,0.0,0.0,0.0,0.5897231698036194,0.5893348455429077,0.0003883242607116699,0.11630871891975403,0.11630871891975403,133.37270545959473
crack0064_07.png,3.9286523818969727,93.17256164550781,90.656005859375,2.5165557861328125,106.67123413085938,106.4802474975586,0.19098663330078125,0.18273024260997772,0.19764642417430878,0.014916181564331055,0.0,0.0,0.0,0.0,0.0,0.0,0.5836755037307739,0.5801153182983398,0.003560185432434082,0.10692232847213745,0.10692232847213745,104.2974893450737
crack0064_08.png,5.062059926986694,107.5809326171875,102.64049530029297,4.940437316894531,101.99313354492188,102.02499389648438,-0.0318603515625,0.2308155745267868,0.2289772629737854,-0.0018383115530014038,0.0,0.0,0.0,0.0,0.0,0.0,0.5787889361381531,0.5717531442642212,0.007035791873931885,0.10253222286701202,0.10253222286701202,114.52363562583923
crack0064_09.png,4.295087432861328,112.48739624023438,109.06842803955078,3.4189682006835938,104.11517333984375,103.89073181152344,0.2244415283203125,0.2843691408634186,0.29117268323898315,0.006803542375564575,0.0,0.0,0.0,0.14835327863693237,0.11532610654830933,-0.03302717208862305,0.5841752886772156,0.5781238079071045,0.006051480770111084,0.10901565849781036,0.10901565849781036,117.08277523517609
crack0065_00.png,-1.4800798416137695,90.36460876464844,90.17191314697266,0.19269561767578125,102.83731842041016,102.68794250488281,0.14937591552734375,0.3604782521724701,0.3364437222480774,-0.0240345299243927,0.0,0.0,0.0,0.2510177493095398,0.23463386297225952,-0.016383886337280273,0.5914994478225708,0.5867435336112976,0.004755914211273193,0.16977302730083466,0.16977302730083466,93.74161553382874
crack0065_01.png,2.3640815734863283,96.89505004882812,96.19037628173828,0.7046737670898438,105.33966064453125,104.52666473388672,0.8129959106445312,0.13250885903835297,0.14799077808856964,0.015481919050216675,0.0,0.0,0.0,0.0,0.0,0.0,0.5875471234321594,0.585155725479126,0.0023913979530334473,0.14008349180221558,0.14008349180221558,112.0940665602684
crack0065_02.png,1.22698974609375,96.68350982666016,97.37843322753906,-0.6949234008789062,108.63156127929688,107.984130859375,0.647430419921875,0.2999590337276459,0.29231640696525574,-0.007642626762390137,0.0,0.053540825843811035,0.053540825843811035,0.0981636643409729,0.13867157697677612,0.04050791263580322,0.586747407913208,0.5834294557571411,0.0033179521560668945,0.2562011480331421,0.2562011480331421,102.96188342571259
crack0065_03.png,3.5271689891815186,103.30445098876953,100.82003021240234,2.4844207763671875,107.84170532226562,107.02757263183594,0.8141326904296875,0.1592884063720703,0.1670909970998764,0.007802590727806091,0.0,0.0,0.0,0.0,0.0,0.0,0.583202600479126,0.5808804035186768,0.0023221969604492188,0.15640142560005188,0.15640142560005188,115.83304023742676
crack0065_04.png,2.533932018280029,101.38868713378906,100.38339233398438,1.0052947998046875,111.48345947265625,111.16234588623047,0.32111358642578125,0.26994994282722473,0.2851993441581726,0.015249401330947876,0.0,0.0,0.0,0.18255215883255005,0.1070665717124939,-0.07548558712005615,0.585959255695343,0.581453263759613,0.0045059919357299805,0.2003212720155716,0.2003212720155716,108.12741339206696
crack0065_05.png,0.7994698524475098,97.14507293701172,97.36114501953125,-0.21607208251953125,104.08183288574219,104.36261749267578,-0.28078460693359375,0.31457486748695374,0.326385498046875,0.011810630559921265,0.0,0.0,0.0,0.1907951831817627,0.14043492078781128,-0.050360262393951416,0.5826297402381897,0.5780546069145203,0.004575133323669434,0.1844850331544876,0.1844850331544876,101.68380653858185
crack0065_06.png,0.45077114105224614,96.05127716064453,95.22152709960938,0.8297500610351562,107.6678466796875,106.64456176757812,1.023284912109375,0.3177146315574646,0.3073938488960266,-0.010320782661437988,0.0,0.0,0.0,0.10354799032211304,0.1273859143257141,0.023837924003601074,0.5874701738357544,0.5865359306335449,0.0009342432022094727,0.21376949548721313,0.21376949548721313,100.69157814979553
crack0065_07.png,3.8814727306365966,105.91553497314453,104.24419403076172,1.6713409423828125,106.61930847167969,105.71078491210938,0.9085235595703125,0.23733820021152496,0.25878632068634033,0.02144812047481537,0.0,0.0,0.0,0.0,0.0,0.0,0.5799423456192017,0.5766705274581909,0.003271818161010742,0.1386987268924713,0.1386987268924713,114.0372663140297
crack0065_08.png,3.2962477684020994,99.64034271240234,96.65059661865234,2.98974609375,105.92205810546875,104.81671905517578,1.1053390502929688,0.26418325304985046,0.2618669271469116,-0.0023163259029388428,0.0,0.0,0.0,0.0,0.0,0.0,0.5822068452835083,0.5809650421142578,0.0012418031692504883,0.15920878946781158,0.15920878946781158,105.72172784805298
crack0065_09.png,1.856688928604126,108.09798431396484,107.58650970458984,0.511474609375,109.17129516601562,108.87240600585938,0.29888916015625,0.20445516705513,0.21841295063495636,0.013957783579826355,0.0,0.0,0.0,0.0,0.0,0.0,0.5912418365478516,0.5885159373283386,0.0027258992195129395,0.16055269539356232,0.16055269539356232,119.2246104478836
crack0066_00.png,-2.194016170501709,130.9211883544922,134.65695190429688,-3.7357635498046875,120.46405029296875,117.57270812988281,2.8913421630859375,0.24778783321380615,0.23700979351997375,-0.010778039693832397,0.04971998929977417,0.07724237442016602,0.027522385120391846,0.23798596858978271,0.2795843482017517,0.041598379611968994,0.5891964435577393,0.5855324864387512,0.003663957118988037,0.127351313829422,0.127351313829422,142.13634026050568
crack0066_01.png,-2.364668941497803,105.46857452392578,107.66212463378906,-2.1935501098632812,117.5018081665039,115.40580749511719,2.0960006713867188,0.25101035833358765,0.2346201241016388,-0.016390234231948853,0.2781469225883484,0.2874079942703247,0.009261071681976318,0.37109243869781494,0.3750980496406555,0.004005610942840576,0.5825259685516357,0.5842445492744446,-0.0017185807228088379,0.16142308712005615,0.16142308712005615,115.85792410373688
crack0066_02.png,-4.5800700187683105,97.11914825439453,101.26264190673828,-4.14349365234375,111.79861450195312,109.10318756103516,2.6954269409179688,0.21613554656505585,0.2064216583967209,-0.009713888168334961,0.05135750770568848,0.03204387426376343,-0.01931363344192505,0.29079532623291016,0.3002995252609253,0.009504199028015137,0.5859246253967285,0.5850518941879272,0.0008727312088012695,0.12243487685918808,0.12243487685918808,110.2425805926323
crack0066_03.png,-2.2439173221588136,102.6630859375,105.82963562011719,-3.1665496826171875,109.37876892089844,108.29537963867188,1.0833892822265625,0.2495035082101822,0.23833337426185608,-0.01117013394832611,0.15148240327835083,0.1867581605911255,0.03527575731277466,0.33672231435775757,0.3599739074707031,0.023251593112945557,0.581122636795044,0.5818262100219727,-0.0007035732269287109,0.1330152153968811,0.1330152153968811,113.21940672397614
crack0066_04.png,0.8752638339996338,136.124267578125,136.67465209960938,-0.550384521484375,116.85346984863281,115.78732299804688,1.0661468505859375,0.17064452171325684,0.17412234842777252,0.003477826714515686,0.2715297341346741,0.2854515314102173,0.013921797275543213,0.34742921590805054,0.362454891204834,0.015025675296783447,0.5875471234321594,0.5834448337554932,0.00410228967666626,0.1267601102590561,0.1267601102590561,149.66267347335815
crack0066_05.png,-4.2722625732421875,107.74317932128906,111.06138610839844,-3.318206787109375,113.18767547607422,111.78558349609375,1.4020919799804688,0.281401127576828,0.26092132925987244,-0.020479798316955566,0.0,0.0,0.0,0.18426883220672607,0.14181524515151978,-0.0424535870552063,0.5811610817909241,0.5780737996101379,0.003087282180786133,0.11652204394340515,0.11652204394340515,116.99344623088837
crack0066_06.png,-4.581990194320679,100.36705017089844,103.67833709716797,-3.3112869262695312,113.04794311523438,109.53888702392578,3.5090560913085938,0.273620069026947,0.24086381494998932,-0.0327562540769577,0.0,0.0,0.0,0.0,0.06976044178009033,0.06976044178009033,0.5814840197563171,0.5828296542167664,-0.0013456344604492188,0.10958243161439896,0.10958243161439896,110.8840509057045
crack0066_07.png,-1.555783987045288,110.64828491210938,112.10807037353516,-1.4597854614257812,120.04454040527344,117.8800048828125,2.1645355224609375,0.2606460452079773,0.24764685332775116,-0.012999191880226135,0.0,0.0,0.0,0.10375839471817017,0.13151347637176514,0.02775508165359497,0.588323712348938,0.5863706469535828,0.0019530653953552246,0.12190040946006775,0.12190040946006775,120.05231493711472
crack0066_08.png,-3.695576858520508,107.97881317138672,111.69451904296875,-3.7157058715820312,111.70313262939453,109.71892547607422,1.9842071533203125,0.21981823444366455,0.2020423710346222,-0.01777586340904236,0.16075611114501953,0.1759001612663269,0.015144050121307373,0.32591092586517334,0.34008562564849854,0.014174699783325195,0.5839369297027588,0.5828680992126465,0.0010688304901123047,0.14106371998786926,0.14106371998786926,121.07160103321075
crack0066_09.png,-2.350270318984985,106.29319763183594,109.5322494506836,-3.2390518188476562,114.64205932617188,113.03881072998047,1.6032485961914062,0.21150077879428864,0.18781766295433044,-0.02368311583995819,0.04732006788253784,0.09340697526931763,0.046086907386779785,0.2655373811721802,0.28033339977264404,0.014796018600463867,0.5928220152854919,0.5853556394577026,0.007466375827789307,0.13129043579101562,0.13129043579101562,120.35654437541962
crack0067_00.png,0.10771594047546396,124.8936996459961,123.66014099121094,1.2335586547851562,103.65758514404297,103.68312072753906,-0.02553558349609375,0.2020787000656128,0.17911233007907867,-0.02296636998653412,0.3013441562652588,0.32063186168670654,0.019287705421447754,0.45017898082733154,0.46089500188827515,0.010716021060943604,0.5834486484527588,0.5846943259239197,-0.0012456774711608887,0.11632649600505829,0.11632649600505829,136.91795355081558
crack0067_01.png,2.433705711364746,113.30899810791016,113.13253784179688,0.17646026611328125,109.40232849121094,108.58589172363281,0.816436767578125,0.25501081347465515,0.26769140362739563,0.012680590152740479,0.33372944593429565,0.3568810820579529,0.023151636123657227,0.424174427986145,0.4429423213005066,0.018767893314361572,0.5853171944618225,0.5855632424354553,-0.0002460479736328125,0.15459060668945312,0.15459060668945312,121.34264886379242
crack0067_02.png,2.6270135879516605,114.0481185913086,111.83099365234375,2.2171249389648438,102.28521728515625,102.1693115234375,0.11590576171875,0.3086009621620178,0.3306516408920288,0.022050678730010986,0.2763705253601074,0.23651307821273804,-0.039857447147369385,0.4045085906982422,0.3964155912399292,-0.008092999458312988,0.5833025574684143,0.578458309173584,0.004844248294830322,0.1620991826057434,0.1620991826057434,117.75560069084167
crack0067_03.png,3.4234893798828123,120.82210540771484,117.04067993164062,3.7814254760742188,104.60890197753906,103.57169342041016,1.0372085571289062,0.2554630637168884,0.23693546652793884,-0.018527597188949585,0.26215916872024536,0.27951323986053467,0.017354071140289307,0.3987012505531311,0.40598106384277344,0.007279813289642334,0.5769088864326477,0.5765282511711121,0.00038063526153564453,0.12374517321586609,0.12374517321586609,127.79162013530731
crack0067_04.png,1.2987465858459473,123.113525390625,122.68553924560547,0.42798614501953125,104.42125701904297,104.24116516113281,0.18009185791015625,0.3229519724845886,0.2891978919506073,-0.03375408053398132,0.1518193483352661,0.23626983165740967,0.08445048332214355,0.3561413884162903,0.38901686668395996,0.03287547826766968,0.5871241688728333,0.5840983986854553,0.0030257701873779297,0.1310989260673523,0.1310989260673523,129.03262555599213
crack0067_05.png,2.516353416442871,124.208740234375,122.02168273925781,2.1870574951171875,106.78488159179688,106.8550796508789,-0.07019805908203125,0.23753923177719116,0.2335834801197052,-0.003955751657485962,0.164006769657135,0.1770002841949463,0.01299351453781128,0.3267897367477417,0.33080971240997314,0.004019975662231445,0.5874163508415222,0.5835639834403992,0.003852367401123047,0.12368305027484894,0.12368305027484894,132.59685671329498
crack0067_06.png,4.876822471618652,140.5139923095703,137.44273376464844,3.071258544921875,109.10704803466797,107.56568145751953,1.5413665771484375,0.1715550273656845,0.15752319991588593,-0.014031827449798584,0.2639453411102295,0.3214038014411926,0.057458460330963135,0.39677292108535767,0.4159090518951416,0.019136130809783936,0.5843944549560547,0.5840638279914856,0.0003306269645690918,0.1147880107164383,0.1147880107164383,152.9027492403984
crack0067_07.png,1.2676508903503418,110.76407623291016,109.23107147216797,1.5330047607421875,101.86955261230469,101.27801513671875,0.5915374755859375,0.22248199582099915,0.21006730198860168,-0.012414693832397461,0.2840268015861511,0.29418087005615234,0.01015406847000122,0.4188167452812195,0.42619597911834717,0.0073792338371276855,0.5850826501846313,0.5829565525054932,0.0021260976791381836,0.12383198738098145,0.12383198738098145,120.79684174060822
crack0067_08.png,4.7918625831604,117.07555389404297,115.24425506591797,1.831298828125,101.51242065429688,100.78916931152344,0.7232513427734375,0.32388684153556824,0.3342991769313812,0.010412335395812988,0.17311310768127441,0.21996194124221802,0.046848833560943604,0.347231924533844,0.3734194040298462,0.026187479496002197,0.5798500776290894,0.5807420015335083,-0.0008919239044189453,0.16230374574661255,0.16230374574661255,119.9563740491867
crack0067_09.png,4.218028831481933,127.39180755615234,125.11741638183594,2.2743911743164062,102.24186706542969,101.53558349609375,0.7062835693359375,0.2544986605644226,0.2574044167995453,0.0029057562351226807,0.11297750473022461,0.14520317316055298,0.03222566843032837,0.3377734422683716,0.3465219736099243,0.008748531341552734,0.582241415977478,0.578750491142273,0.003490924835205078,0.10964419692754745,0.10964419692754745,134.2743489742279
crack0068_00.png,-0.07159824371337886,112.32473754882812,113.21467590332031,-0.8899383544921875,109.68638610839844,109.04495239257812,0.6414337158203125,0.2546669542789459,0.2593522071838379,0.004685252904891968,0.47890686988830566,0.48210036754608154,0.003193497657775879,0.4287431836128235,0.43819165229797363,0.009448468685150146,0.5858708024024963,0.5843906402587891,0.0014801621437072754,0.17198505997657776,0.17198505997657776,120.92452156543732
crack0068_01.png,2.223976421356201,109.51899719238281,108.66938018798828,0.8496170043945312,108.91972351074219,106.84983825683594,2.06988525390625,0.24729792773723602,0.24445365369319916,-0.0028442740440368652,0.40820443630218506,0.4215131402015686,0.013308703899383545,0.37742090225219727,0.3937481641769409,0.016327261924743652,0.5912764072418213,0.5852364301681519,0.006039977073669434,0.1656772494316101,0.1656772494316101,118.07802575826645
crack0068_02.png,-0.11139249801635742,108.81451416015625,109.8448486328125,-1.03033447265625,105.43089294433594,104.75386047363281,0.677032470703125,0.27322766184806824,0.26597490906715393,-0.007252752780914307,0.4424213171005249,0.4737182855606079,0.03129696846008301,0.4463176131248474,0.4450732469558716,-0.00124436616897583,0.5878469944000244,0.5884352326393127,-0.0005882382392883301,0.18394359946250916,0.18394359946250916,116.90859615802765
crack0068_03.png,1.0821044921875,116.26118469238281,116.1512680053711,0.10991668701171875,110.26541900634766,108.44482421875,1.8205947875976562,0.2510453760623932,0.25156933069229126,0.0005239546298980713,0.42850446701049805,0.4277075529098511,-0.0007969141006469727,0.4479624032974243,0.4440782070159912,-0.0038841962814331055,0.5934486985206604,0.5876009464263916,0.005847752094268799,0.1810351014137268,0.1810351014137268,124.88145172595978
crack0068_04.png,-1.4391554832458495,121.47645568847656,123.19750213623047,-1.7210464477539062,105.67900085449219,105.28388977050781,0.395111083984375,0.2578716576099396,0.25371408462524414,-0.004157572984695435,0.4104669690132141,0.4195291996002197,0.009062230587005615,0.417453408241272,0.4127887487411499,-0.00466465950012207,0.5807727575302124,0.5784236788749695,0.00234907865524292,0.1636948585510254,0.1636948585510254,130.34504413604736
crack0068_05.png,-1.3513023376464843,137.33998107910156,138.85629272460938,-1.5163116455078125,119.33064270019531,118.15141296386719,1.179229736328125,0.22425144910812378,0.21900317072868347,-0.005248278379440308,0.33308881521224976,0.33013206720352173,-0.0029567480087280273,0.35094577074050903,0.3464354872703552,-0.004510283470153809,0.5891080498695374,0.5833218097686768,0.005786240100860596,0.13876783847808838,0.13876783847808838,148.52226865291595
crack0068_06.png,-3.0908923625946043,136.15127563476562,137.2891845703125,-1.137908935546875,119.6170654296875,117.77898406982422,1.8380813598632812,0.23211447894573212,0.1997637152671814,-0.03235076367855072,0.4817519187927246,0.47573399543762207,-0.006017923355102539,0.46375948190689087,0.44624197483062744,-0.017517507076263428,0.5850134491920471,0.5814993977546692,0.0035140514373779297,0.15039141476154327,0.15039141476154327,148.13494515419006
crack0068_07.png,-0.26014862060546873,127.62747955322266,128.28167724609375,-0.6541976928710938,117.86659240722656,115.72008514404297,2.1465072631835938,0.259624183177948,0.25922074913978577,-0.00040343403816223145,0.40194159746170044,0.3901657462120056,-0.011775851249694824,0.3730636239051819,0.3599447011947632,-0.013118922710418701,0.586747407913208,0.585778534412384,0.0009688735008239746,0.17055994272232056,0.17055994272232056,135.87122976779938
crack0068_08.png,0.46882109642028813,128.0778350830078,128.1831512451172,-0.105316162109375,114.88331604003906,113.11593627929688,1.7673797607421875,0.25276777148246765,0.24994145333766937,-0.002826318144798279,0.36616647243499756,0.36624574661254883,7.927417755126953e-05,0.36477982997894287,0.3631616234779358,-0.00161820650100708,0.5891388058662415,0.5868858098983765,0.0022529959678649902,0.17752787470817566,0.17752787470817566,136.699558198452
crack0068_09.png,-2.9616545677185058,118.62446594238281,120.85567474365234,-2.2312088012695312,111.1233139038086,111.50228118896484,-0.37896728515625,0.2198491394519806,0.22162270545959473,0.0017735660076141357,0.41504520177841187,0.39325493574142456,-0.021790266036987305,0.38403189182281494,0.37122267484664917,-0.012809216976165771,0.5833371877670288,0.5795655250549316,0.003771662712097168,0.1745554804801941,0.1745554804801941,129.8826094865799
crack0069_00.png,-5.242930173873901,116.45549774169922,120.48619842529297,-4.03070068359375,110.51595306396484,109.02635192871094,1.4896011352539062,0.25477465987205505,0.23516829311847687,-0.019606366753578186,0.006523430347442627,0.0,-0.006523430347442627,0.24118566513061523,0.227275550365448,-0.013910114765167236,0.5908650755882263,0.5903306603431702,0.0005344152450561523,0.10762615501880646,0.10762615501880646,127.99535351991653
crack0069_01.png,-7.7731400489807125,112.09905242919922,118.40557861328125,-6.306526184082031,110.37015533447266,110.07240295410156,0.29775238037109375,0.22819717228412628,0.20486478507518768,-0.0233323872089386,0.16094601154327393,0.16854077577590942,0.007594764232635498,0.347403883934021,0.3769311308860779,0.029527246952056885,0.5804959535598755,0.5810688138008118,-0.0005728602409362793,0.10248066484928131,0.10248066484928131,126.20318096876144
crack0069_02.png,-4.439350509643555,130.39768981933594,134.87986755371094,-4.482177734375,107.72554779052734,106.33647918701172,1.389068603515625,0.1990443468093872,0.19521313905715942,-0.003831207752227783,0.162070631980896,0.15197646617889404,-0.010094165802001953,0.346565842628479,0.35960984230041504,0.013043999671936035,0.5839408040046692,0.5790042281150818,0.004936575889587402,0.10698117315769196,0.10698117315769196,144.28362250328064
crack0069_03.png,-4.509464263916016,118.6731948852539,124.13695526123047,-5.4637603759765625,106.0570068359375,105.07807922363281,0.9789276123046875,0.25211623311042786,0.25498199462890625,0.0028657615184783936,0.11826157569885254,0.12325716018676758,0.004995584487915039,0.36627691984176636,0.3738836646080017,0.0076067447662353516,0.5821684002876282,0.5788273811340332,0.0033410191535949707,0.10339104384183884,0.10339104384183884,129.56483709812164
crack0069_04.png,-3.3267560958862306,114.60930633544922,117.80660247802734,-3.197296142578125,104.43849182128906,103.72913360595703,0.7093582153320312,0.27895909547805786,0.2735922336578369,-0.005366861820220947,0.0,0.0,0.0,0.2502943277359009,0.261189341545105,0.010895013809204102,0.5788619518280029,0.578458309173584,0.0004036426544189453,0.09426037222146988,0.09426037222146988,122.94689846038818
crack0069_05.png,-5.630169343948364,120.95281219482422,123.91010284423828,-2.9572906494140625,118.8323974609375,118.99441528320312,-0.162017822265625,0.25676602125167847,0.2256460040807724,-0.031120017170906067,0.313590943813324,0.3115096092224121,-0.0020813345909118652,0.35583168268203735,0.34619414806365967,-0.009637534618377686,0.5825644135475159,0.5834448337554932,-0.0008804202079772949,0.13773605227470398,0.13773605227470398,132.23049062490463
crack0069_06.png,-2.397118616104126,117.61705780029297,120.6220703125,-3.0050125122070312,105.39936828613281,105.19943237304688,0.1999359130859375,0.16069139540195465,0.1566798985004425,-0.004011496901512146,0.17397093772888184,0.19213157892227173,0.018160641193389893,0.32455986738204956,0.3279900550842285,0.003430187702178955,0.5825528502464294,0.5794925093650818,0.0030603408813476562,0.12345391511917114,0.12345391511917114,133.0208841562271
crack0069_07.png,-2.487479591369629,111.8642349243164,115.65082550048828,-3.786590576171875,110.09864807128906,109.18283081054688,0.9158172607421875,0.21390073001384735,0.2143414169549942,0.0004406869411468506,0.14720827341079712,0.16624397039413452,0.019035696983337402,0.3239396810531616,0.34488892555236816,0.020949244499206543,0.5833179354667664,0.5799154043197632,0.003402531147003174,0.10851873457431793,0.10851873457431793,124.25620383024216
crack0069_08.png,-3.863161182403564,121.26631927490234,125.3707504272461,-4.10443115234375,114.28205871582031,112.83985900878906,1.44219970703125,0.2515917420387268,0.23595568537712097,-0.015636056661605835,0.016652464866638184,0.0411798357963562,0.024527370929718018,0.34228265285491943,0.35263925790786743,0.010356605052947998,0.5773587226867676,0.5790042281150818,-0.001645505428314209,0.09932678937911987,0.09932678937911987,132.32136285305023
crack0069_09.png,-2.464951181411743,118.43648529052734,121.13048553466797,-2.694000244140625,111.07000732421875,110.59268951416016,0.47731781005859375,0.21200233697891235,0.2098759263753891,-0.0021264106035232544,0.21268856525421143,0.2198014259338379,0.007112860679626465,0.30131810903549194,0.32062625885009766,0.019308149814605713,0.583517849445343,0.5854248404502869,-0.0019069910049438477,0.11882707476615906,0.11882707476615906,130.60792344808578
crack0070_00.png,-3.6854788780212404,122.64923858642578,124.37519073486328,-1.7259521484375,113.31596374511719,113.49591064453125,-0.1799468994140625,0.2616964280605316,0.23800596594810486,-0.023690462112426758,0.0,0.0,0.0,0.0,0.0,0.0,0.5828642845153809,0.5826720595359802,0.00019222497940063477,0.0929703339934349,0.0929703339934349,132.54642808437347
crack0070_01.png,-0.7118415832519531,121.40071868896484,121.43199157714844,-0.03127288818359375,106.7114028930664,106.25947570800781,0.45192718505859375,0.28245919942855835,0.27229028940200806,-0.010168910026550293,0.0,0.0,0.0,0.0,0.0,0.0,0.581633985042572,0.5828296542167664,-0.001195669174194336,0.09318257868289948,0.09318257868289948,128.3921239376068
crack0070_02.png,0.3638667583465578,120.01914978027344,117.06610870361328,2.9530410766601562,107.50485229492188,108.57917785644531,-1.0743255615234375,0.2749873697757721,0.24692167341709137,-0.028065696358680725,0.0,0.0,0.0,0.0,0.0,0.0,0.5773856043815613,0.5752403140068054,0.0021452903747558594,0.0891578197479248,0.0891578197479248,126.82275301218033
crack0070_03.png,-6.817110633850097,121.03392791748047,121.31361389160156,-0.27968597412109375,106.33282470703125,108.1544418334961,-1.8216171264648438,0.3223031759262085,0.24971842765808105,-0.07258474826812744,0.0,0.0,0.0,0.0,0.0,0.0,0.5784044861793518,0.5784544348716736,-4.9948692321777344e-05,0.08928963541984558,0.08928963541984558,129.3288426399231
crack0070_04.png,-4.216357231140137,120.96704864501953,121.12368774414062,-0.15663909912109375,106.530029296875,106.97512817382812,-0.445098876953125,0.36746272444725037,0.3180958926677704,-0.04936683177947998,0.0,0.0,0.0,0.0,0.0,0.0,0.5785582661628723,0.5768665671348572,0.0016916990280151367,0.09469710290431976,0.09469710290431976,125.10194528102875
crack0070_05.png,-0.6763585567474366,129.43955993652344,126.27628326416016,3.1632766723632812,113.8602294921875,114.33560180664062,-0.475372314453125,0.23565833270549774,0.18809625506401062,-0.04756207764148712,0.0,0.0,0.0,0.0,0.0,0.0,0.5846443772315979,0.5807573795318604,0.003886997699737549,0.08965452015399933,0.08965452015399933,139.95792138576508
crack0070_06.png,-0.9163151741027833,119.77627563476562,118.51177215576172,1.2645034790039062,107.95555114746094,108.22229766845703,-0.26674652099609375,0.44534412026405334,0.4179643392562866,-0.027379781007766724,0.0,0.0,0.0,0.0,0.0,0.0,0.5879276990890503,0.5850211381912231,0.0029065608978271484,0.09480579942464828,0.09480579942464828,117.58327150344849
crack0070_07.png,-2.9487826347351076,113.52368927001953,114.72421264648438,-1.2005233764648438,106.04225158691406,106.91532897949219,-0.873077392578125,0.2785961627960205,0.2592148184776306,-0.019381344318389893,0.0,0.0,0.0,0.0,0.0,0.0,0.5820953249931335,0.5783083438873291,0.0037869811058044434,0.08920380473136902,0.08920380473136902,121.85487484931946
crack0070_08.png,-2.5859335899353026,125.72688293457031,124.60040283203125,1.1264801025390625,106.51704406738281,107.55156707763672,-1.0345230102539062,0.3264717757701874,0.28329381346702576,-0.04317796230316162,0.0,0.0,0.0,0.0,0.0,0.0,0.5816724300384521,0.577781617641449,0.003890812397003174,0.09187768399715424,0.09187768399715424,131.43291127681732
crack0070_09.png,3.16798849105835,126.97662353515625,127.91498565673828,-0.9383621215820312,110.35369873046875,109.11544036865234,1.2382583618164062,0.25833606719970703,0.3024514615535736,0.04411539435386658,0.0,0.0,0.0,0.0,0.0,0.0,0.5873894691467285,0.5853440761566162,0.0020453929901123047,0.09104660898447037,0.09104660898447037,135.44121932983398
crack0071_00.png,6.414691734313965,129.87986755371094,126.55801391601562,3.3218536376953125,119.01742553710938,117.38764190673828,1.6297836303710938,0.1687401831150055,0.19749665260314941,0.02875646948814392,0.0,0.0,0.0,0.0,0.0,0.0,0.5861706733703613,0.5826604962348938,0.0035101771354675293,0.09117661416530609,0.09117661416530609,141.5413566827774
crack0071_01.png,3.433995246887207,138.38671875,138.6758575439453,-0.2891387939453125,124.8626708984375,120.09586334228516,4.766807556152344,0.15491989254951477,0.17705026268959045,0.022130370140075684,0.0,0.0,0.0,0.0,0.0,0.0,0.5874202251434326,0.5862706899642944,0.0011495351791381836,0.09329341351985931,0.09329341351985931,152.73290359973907
crack0071_02.png,2.324613881111145,142.0493621826172,141.146484375,0.9028778076171875,120.20711517333984,117.39712524414062,2.8099899291992188,0.11323793977499008,0.11577171087265015,0.0025337710976600647,0.0,0.0,0.0,0.0,0.0,0.0,0.5859553813934326,0.583579421043396,0.002375960350036621,0.08960679918527603,0.08960679918527603,158.2418621480465
crack0071_03.png,1.2429627418518066,154.22018432617188,154.08067321777344,0.1395111083984375,124.35115814208984,119.29041290283203,5.0607452392578125,0.1761603057384491,0.16631445288658142,-0.009845852851867676,0.0,0.0,0.0,0.0,0.0,0.0,0.5806997418403625,0.5840291976928711,-0.003329455852508545,0.08884935826063156,0.08884935826063156,167.53272950649261
crack0071_04.png,2.2471095085144044,139.65652465820312,138.52593994140625,1.130584716796875,122.89811706542969,117.96858978271484,4.929527282714844,0.19485296308994293,0.18322186172008514,-0.011631101369857788,0.0,0.0,0.0,0.0,0.0,0.0,0.5856324434280396,0.5837523937225342,0.001880049705505371,0.08938324451446533,0.08938324451446533,151.52321833372116
crack0071_05.png,0.40731539726257315,137.40528869628906,135.94610595703125,1.4591827392578125,114.42098999023438,114.77680969238281,-0.3558197021484375,0.23052409291267395,0.21890686452388763,-0.011617228388786316,0.0,0.0,0.0,0.0,0.0,0.0,0.5810303688049316,0.5805343985557556,0.0004959702491760254,0.09053736925125122,0.09053736925125122,146.78250020742416
crack0071_06.png,3.1386446952819824,156.3257598876953,155.52516174316406,0.80059814453125,118.29704284667969,115.33638000488281,2.960662841796875,0.08998729288578033,0.10224886238574982,0.012261569499969482,0.0,0.0,0.0,0.0,0.0,0.0,0.5921914577484131,0.5878700613975525,0.004321396350860596,0.08841351419687271,0.08841351419687271,174.2138815522194
crack0071_07.png,-6.071383428573609,127.49041748046875,132.38609313964844,-4.8956756591796875,122.0250244140625,118.13468933105469,3.8903350830078125,0.15523789823055267,0.11961928009986877,-0.0356186181306839,0.0,0.0,0.0,0.0,0.0,0.0,0.5853787064552307,0.5824375152587891,0.0029411911964416504,0.09236839413642883,0.09236839413642883,146.1762467622757
crack0071_08.png,-1.8215099811553954,135.09107971191406,135.52198791503906,-0.430908203125,120.96204376220703,120.64234924316406,0.31969451904296875,0.22353041172027588,0.2015428990125656,-0.021987512707710266,0.0,0.0,0.0,0.0,0.0,0.0,0.5897769927978516,0.5837639570236206,0.006013035774230957,0.09277866780757904,0.09277866780757904,146.8050395846367
crack0071_09.png,4.784593772888184,122.72010803222656,121.41936492919922,1.3007431030273438,116.76131439208984,113.59648132324219,3.1648330688476562,0.19782832264900208,0.22555804252624512,0.027729719877243042,0.0,0.0,0.0,0.0,0.0,0.0,0.5794079303741455,0.5794194340705872,-1.150369644165039e-05,0.09516450762748718,0.09516450762748718,133.37681448459625
crack0072_00.png,2.5068636894226075,116.38015747070312,115.0064697265625,1.373687744140625,109.12830352783203,108.97744750976562,0.15085601806640625,0.29889750480651855,0.30735066533088684,0.008453160524368286,0.5234053134918213,0.5275143384933472,0.004109025001525879,0.4817584156990051,0.48494577407836914,0.0031873583793640137,0.5888620018959045,0.5830565094947815,0.005805492401123047,0.1973726600408554,0.1973726600408554,121.31394338607788
crack0072_01.png,2.5699501991271974,112.19699096679688,109.57406616210938,2.6229248046875,107.18632507324219,106.15423583984375,1.0320892333984375,0.3498491048812866,0.33781319856643677,-0.012035906314849854,0.5399038791656494,0.5480974912643433,0.008193612098693848,0.49726271629333496,0.5029233694076538,0.005660653114318848,0.5878738760948181,0.5836409330368042,0.004232943058013916,0.18889354169368744,0.18889354169368744,114.13169169425964
crack0072_02.png,0.22922973632812504,112.58124542236328,112.41148376464844,0.16976165771484375,105.55909729003906,105.29913330078125,0.2599639892578125,0.28453850746154785,0.28913888335227966,0.0046003758907318115,0.5426650643348694,0.5308365821838379,-0.011828482151031494,0.5130660533905029,0.5123580694198608,-0.0007079839706420898,0.5848327279090881,0.5833179354667664,0.0015147924423217773,0.16502349078655243,0.16502349078655243,118.81736326217651
crack0072_03.png,2.6053908824920655,111.30945587158203,109.2777099609375,2.0317459106445312,115.41643524169922,111.66610717773438,3.7503280639648438,0.2578112483024597,0.24379102885723114,-0.014020219445228577,0.5267888307571411,0.525704026222229,-0.0010848045349121094,0.4655839800834656,0.4694117307662964,0.0038277506828308105,0.586447536945343,0.5804844498634338,0.00596308708190918,0.15579535067081451,0.15579535067081451,119.12402266263962
crack0072_04.png,2.2709898471832277,111.60814666748047,109.90494537353516,1.7032012939453125,103.29022216796875,102.41836547851562,0.871856689453125,0.23698878288269043,0.24014319479465485,0.0031544119119644165,0.49884605407714844,0.49134284257888794,-0.007503211498260498,0.4706299901008606,0.46072834730148315,-0.009901642799377441,0.5875740051269531,0.5809034705162048,0.006670534610748291,0.1598973125219345,0.1598973125219345,120.04017925262451
crack0072_05.png,2.7529479026794434,118.29668426513672,115.99159240722656,2.3050918579101562,101.32758331298828,101.02242279052734,0.3051605224609375,0.27230143547058105,0.27428001165390015,0.001978576183319092,0.4727686643600464,0.47800207138061523,0.005233407020568848,0.4669070243835449,0.47620677947998047,0.009299755096435547,0.5840983986854553,0.5851441621780396,-0.0010457634925842285,0.21360689401626587,0.21360689401626587,124.21181869506836
crack0072_06.png,3.865427017211914,122.56536102294922,119.95831298828125,2.6070480346679688,113.889892578125,110.23480224609375,3.65509033203125,0.2613837420940399,0.2600425183773041,-0.0013412237167358398,0.5013353824615479,0.5046472549438477,0.0033118724822998047,0.478640615940094,0.48538434505462646,0.006743729114532471,0.5804921388626099,0.5862129926681519,-0.005720853805541992,0.18629969656467438,0.18629969656467438,129.10780560970306
crack0072_07.png,3.4167500495910645,132.33262634277344,130.3647003173828,1.967926025390625,122.78402709960938,119.81521606445312,2.96881103515625,0.24433767795562744,0.2500168979167938,0.005679219961166382,0.5499019622802734,0.538040280342102,-0.011861681938171387,0.5269371271133423,0.5293573141098022,0.002420186996459961,0.5996232032775879,0.5925874710083008,0.007035732269287109,0.17512401938438416,0.17512401938438416,140.673330783844
crack0072_08.png,-1.4653945922851563,105.37593078613281,104.58430480957031,0.7916259765625,106.58027648925781,106.28286743164062,0.2974090576171875,0.3813624083995819,0.37886327505111694,-0.002499133348464966,0.502316951751709,0.44825392961502075,-0.05406302213668823,0.5001140832901001,0.4698675870895386,-0.030246496200561523,0.5820838212966919,0.582422137260437,-0.0003383159637451172,0.1874488741159439,0.1874488741159439,105.54520678520203
crack0072_09.png,0.7040908813476563,105.55886840820312,104.04084014892578,1.5180282592773438,107.18575286865234,106.96115112304688,0.22460174560546875,0.3446270823478699,0.3345855474472046,-0.010041534900665283,0.540237545967102,0.5338814854621887,-0.00635606050491333,0.49151426553726196,0.48765408992767334,-0.003860175609588623,0.5905420780181885,0.5866973996162415,0.0038446784019470215,0.1872614026069641,0.1872614026069641,108.34640455245972
crack0073_00.png,1.6410972595214846,100.65326690673828,98.82898712158203,1.82427978515625,102.00631713867188,101.57025146484375,0.436065673828125,0.36961880326271057,0.37116020917892456,0.0015414059162139893,0.46081286668777466,0.4442877173423767,-0.01652514934539795,0.48973244428634644,0.48164623975753784,-0.008086204528808594,0.5851979851722717,0.5806958675384521,0.00450211763381958,0.2245386391878128,0.2245386391878128,100.97191822528839
crack0073_01.png,1.5003227233886718,115.40069580078125,113.3287582397461,2.0719375610351562,112.17001342773438,111.39134216308594,0.7786712646484375,0.22078703343868256,0.210519477725029,-0.010267555713653564,0.3788619041442871,0.37417495250701904,-0.004686951637268066,0.3283805251121521,0.3224727511405945,-0.005907773971557617,0.5879238843917847,0.584778904914856,0.003144979476928711,0.22010314464569092,0.22010314464569092,125.25051373243332
crack0073_02.png,-0.39785952568054195,122.3619155883789,120.46588134765625,1.8960342407226562,107.38262176513672,107.77649688720703,-0.3938751220703125,0.1824362426996231,0.16632089018821716,-0.016115352511405945,0.39152127504348755,0.36648333072662354,-0.025037944316864014,0.3156249523162842,0.2936120629310608,-0.02201288938522339,0.5873664021492004,0.5835063457489014,0.0038600564002990723,0.13190746307373047,0.13190746307373047,134.92930114269257
crack0073_03.png,1.9376096248626709,118.69660186767578,117.48887634277344,1.2077255249023438,106.26678466796875,106.05746459960938,0.209320068359375,0.24759940803050995,0.2542646825313568,0.006665274500846863,0.4247626066207886,0.42648637294769287,0.0017237663269042969,0.4522087574005127,0.44634658098220825,-0.005862176418304443,0.5815186500549316,0.5804190635681152,0.0010995864868164062,0.19915568828582764,0.19915568828582764,126.49752062559128
crack0073_04.png,0.7754885673522949,116.89872741699219,115.30720520019531,1.591522216796875,108.70365142822266,109.74673461914062,-1.0430831909179688,0.23866835236549377,0.22497320175170898,-0.01369515061378479,0.2958827614784241,0.3078474998474121,0.011964738368988037,0.24092727899551392,0.23324954509735107,-0.007677733898162842,0.5918492674827576,0.5863937139511108,0.0054555535316467285,0.16376402974128723,0.16376402974128723,126.27854490280151
crack0073_05.png,4.261609649658203,124.19549560546875,121.12158203125,3.07391357421875,105.47227478027344,104.49778747558594,0.9744873046875,0.3208792805671692,0.3281501531600952,0.007270872592926025,0.4101106524467468,0.409576416015625,-0.0005342364311218262,0.4604557752609253,0.46885204315185547,0.008396267890930176,0.5911533832550049,0.5852133631706238,0.0059400200843811035,0.15981093049049377,0.15981093049049377,127.05191731452942
crack0073_06.png,2.127111530303955,114.79137420654297,112.36251831054688,2.4288558959960938,105.81825256347656,105.7705078125,0.0477447509765625,0.2666515111923218,0.2581186592578888,-0.008532851934432983,0.35329699516296387,0.35972344875335693,0.006426453590393066,0.36193710565567017,0.3525708317756653,-0.009366273880004883,0.5845559239387512,0.5819377303123474,0.0026181936264038086,0.1777040809392929,0.1777040809392929,121.47206366062164
crack0073_07.png,1.0449228763580323,112.5002212524414,110.8336410522461,1.6665802001953125,103.81842041015625,104.3379135131836,-0.5194931030273438,0.2264609932899475,0.21734966337680817,-0.009111329913139343,0.43264102935791016,0.4386140704154968,0.00597304105758667,0.42096978425979614,0.4220956563949585,0.0011258721351623535,0.5888158679008484,0.5869127511978149,0.0019031167030334473,0.15759572386741638,0.15759572386741638,122.1785860657692
crack0073_08.png,4.005975246429443,118.03921508789062,114.77986907958984,3.2593460083007812,102.19049835205078,100.807861328125,1.3826370239257812,0.2939589321613312,0.30522021651268005,0.011261284351348877,0.29481351375579834,0.28271663188934326,-0.012096881866455078,0.3356648087501526,0.33473825454711914,-0.0009265542030334473,0.580161452293396,0.5857477784156799,-0.0055863261222839355,0.14721465110778809,0.14721465110778809,122.20191729068756
crack0073_09.png,4.998251819610596,116.87506103515625,113.8397445678711,3.0353164672851562,98.2326431274414,97.43867492675781,0.7939682006835938,0.2594122290611267,0.27031466364860535,0.010902434587478638,0.34024256467819214,0.35867559909820557,0.018433034420013428,0.39699792861938477,0.403814435005188,0.006816506385803223,0.5814725160598755,0.5805767178535461,0.0008957982063293457,0.1392020434141159,0.1392020434141159,123.05156970024109
crack0074_00.png,-1.0018460273742675,117.4263916015625,118.39030456542969,-0.9639129638671875,110.212158203125,109.37693786621094,0.8352203369140625,0.3049059212207794,0.3012365698814392,-0.00366935133934021,0.49507713317871094,0.4879634380340576,-0.00711369514465332,0.39755332469940186,0.3968690037727356,-0.0006843209266662598,0.5870280861854553,0.5818762183189392,0.005151867866516113,0.21571511030197144,0.21571511030197144,123.31527733802795
crack0074_01.png,1.2998566627502441,107.20873260498047,107.12767791748047,0.0810546875,105.22026062011719,103.87809753417969,1.3421630859375,0.3180382251739502,0.33360299468040466,0.015564769506454468,0.34826505184173584,0.32747113704681396,-0.020793914794921875,0.3649337887763977,0.3648620843887329,-7.170438766479492e-05,0.5922375917434692,0.5855247974395752,0.006712794303894043,0.18947833776474,0.18947833776474,111.77541542053223
crack0074_02.png,1.0979546546936034,110.82470703125,110.25941467285156,0.5652923583984375,109.4014663696289,107.98894500732422,1.4125213623046875,0.34494808316230774,0.355869323015213,0.010921239852905273,0.412354052066803,0.38700777292251587,-0.02534627914428711,0.39875274896621704,0.39259183406829834,-0.006160914897918701,0.5883737206459045,0.5856785774230957,0.002695143222808838,0.20457357168197632,0.20457357168197632,113.3801246881485
crack0074_03.png,2.505641460418701,108.79621124267578,108.17333221435547,0.6228790283203125,106.02241516113281,105.18558502197266,0.8368301391601562,0.3019241988658905,0.31061625480651855,0.008692055940628052,0.37045007944107056,0.3924972414970398,0.02204716205596924,0.3495822548866272,0.3666287660598755,0.01704651117324829,0.586078405380249,0.5868089199066162,-0.0007305145263671875,0.17842456698417664,0.17842456698417664,113.84167659282684
crack0074_04.png,-1.2207500457763671,101.27574920654297,100.05144500732422,1.22430419921875,103.84004211425781,102.23890686035156,1.60113525390625,0.30981457233428955,0.3032587170600891,-0.0065558552742004395,0.3060688376426697,0.24278485774993896,-0.06328397989273071,0.3754710555076599,0.35207802057266235,-0.02339303493499756,0.5854863524436951,0.5862283706665039,-0.0007420182228088379,0.18909123539924622,0.18909123539924622,105.9172089099884
crack0074_05.png,-2.031153678894043,106.09296417236328,105.67240905761719,0.42055511474609375,114.052001953125,113.22509002685547,0.8269119262695312,0.31200510263442993,0.3038669526576996,-0.008138149976730347,0.3384188413619995,0.2814462184906006,-0.056972622871398926,0.2658265233039856,0.24919557571411133,-0.016630947589874268,0.591568648815155,0.5878815650939941,0.0036870837211608887,0.13342323899269104,0.13342323899269104,111.31341540813446
crack0074_06.png,5.311682510375976,103.15900421142578,100.2218017578125,2.9372024536132812,107.54576110839844,105.81938934326172,1.7263717651367188,0.33040398359298706,0.33540600538253784,0.005002021789550781,0.2855721712112427,0.3177471160888672,0.03217494487762451,0.25457990169525146,0.2737712264060974,0.019191324710845947,0.5891003608703613,0.5891810655593872,-8.07046890258789e-05,0.17109766602516174,0.17109766602516174,105.4334065914154
crack0074_07.png,0.8273832321166994,99.54756927490234,99.14118957519531,0.40637969970703125,104.33779907226562,103.03121948242188,1.30657958984375,0.38307496905326843,0.38824453949928284,0.005169570446014404,0.44728225469589233,0.42988109588623047,-0.017401158809661865,0.437335729598999,0.4281134009361267,-0.009222328662872314,0.5876278281211853,0.583106517791748,0.004521310329437256,0.201755553483963,0.201755553483963,99.86499440670013
crack0074_08.png,1.594258689880371,112.13121032714844,110.57244110107422,1.5587692260742188,112.65524291992188,111.32324981689453,1.3319931030273438,0.32633110880851746,0.31073153018951416,-0.015599578619003296,0.3239244222640991,0.33838099241256714,0.014456570148468018,0.33093708753585815,0.334746778011322,0.003809690475463867,0.5928796529769897,0.5885697603225708,0.004309892654418945,0.18207916617393494,0.18207916617393494,116.42312002182007
crack0074_09.png,1.1449728965759278,82.94320678710938,80.57988739013672,2.3633193969726562,107.52871704101562,105.66334533691406,1.8653717041015625,0.2906515598297119,0.2749391496181488,-0.01571241021156311,0.4009409546852112,0.3827228546142578,-0.01821810007095337,0.3129391670227051,0.3017345070838928,-0.011204659938812256,0.5838831067085266,0.5833525657653809,0.000530540943145752,0.15298081934452057,0.15298081934452057,88.62052237987518
crack0075_00.png,2.17926025390625,115.11199188232422,114.98686218261719,0.12512969970703125,106.30794525146484,105.29754638671875,1.0103988647460938,0.3764391243457794,0.3952125608921051,0.018773436546325684,0.0,0.0,0.0,0.14926278591156006,0.1540113091468811,0.004748523235321045,0.5819799900054932,0.578277587890625,0.003702402114868164,0.11406776309013367,0.11406776309013367,115.74227917194366
crack0075_01.png,0.7620919227600098,116.9880599975586,117.76122283935547,-0.773162841796875,104.90673828125,104.65089416503906,0.2558441162109375,0.3210732042789459,0.3381292223930359,0.017056018114089966,0.0,0.0,0.0,0.0,0.0,0.0,0.5848789215087891,0.5831680297851562,0.0017108917236328125,0.1139579713344574,0.1139579713344574,121.50540602207184
crack0075_02.png,1.8678634643554688,112.00835418701172,111.00797271728516,1.0003814697265625,107.39482879638672,106.67103576660156,0.7237930297851562,0.4322398900985718,0.43639639019966125,0.0041565001010894775,0.0,0.0,0.0,0.19616061449050903,0.19065546989440918,-0.0055051445960998535,0.5863975286483765,0.5802614092826843,0.006136119365692139,0.11742189526557922,0.11742189526557922,109.02967119216919
crack0075_03.png,1.9399584770202636,115.9149398803711,115.73426818847656,0.18067169189453125,110.8490219116211,108.87158203125,1.9774398803710938,0.28877297043800354,0.3081813156604767,0.019408345222473145,0.08912885189056396,0.07047152519226074,-0.018657326698303223,0.17626672983169556,0.18017470836639404,0.003907978534698486,0.5906035900115967,0.5865551829338074,0.004048407077789307,0.12712231278419495,0.12712231278419495,122.12236940860748
crack0075_04.png,-0.7080142021179199,113.74185943603516,113.84920501708984,-0.1073455810546875,105.218017578125,104.82781982421875,0.39019775390625,0.3845488727092743,0.3740379810333252,-0.010510891675949097,0.0,0.0,0.0,0.08698850870132446,0.08277595043182373,-0.004212558269500732,0.5830373167991638,0.5809342265129089,0.002103090286254883,0.10492110997438431,0.10492110997438431,114.67474603652954
crack0075_05.png,1.0152029991149902,115.04742431640625,114.96566772460938,0.081756591796875,104.83821105957031,104.13432312011719,0.703887939453125,0.355338454246521,0.3574211895465851,0.002082735300064087,0.20931535959243774,0.21525341272354126,0.005938053131103516,0.3184604048728943,0.33781564235687256,0.01935523748397827,0.5861706733703613,0.5799769163131714,0.006193757057189941,0.15347734093666077,0.15347734093666077,117.133065700531
crack0075_06.png,1.9655399322509766,120.767822265625,120.11664581298828,0.6511764526367188,106.91923522949219,106.02373504638672,0.8955001831054688,0.33180075883865356,0.3467753529548645,0.014974594116210938,0.09195929765701294,0.08088922500610352,-0.011070072650909424,0.2813923954963684,0.2811315059661865,-0.00026088953018188477,0.5854248404502869,0.5803998708724976,0.005024969577789307,0.13118785619735718,0.13118785619735718,123.9511821269989
crack0075_07.png,2.9500452995300295,107.50814819335938,105.87621307373047,1.6319351196289062,105.28739929199219,104.1560287475586,1.1313705444335938,0.3981189727783203,0.40774279832839966,0.009623825550079346,0.0,0.0,0.0,0.011425912380218506,0.018209755420684814,0.006783843040466309,0.5832987427711487,0.5809073448181152,0.0023913979530334473,0.11594834178686142,0.11594834178686142,106.13699197769165
crack0075_08.png,0.31748332977294913,117.96269226074219,117.28781127929688,0.6748809814453125,103.19662475585938,102.56127166748047,0.6353530883789062,0.4050094187259674,0.4102022647857666,0.005192846059799194,0.15390080213546753,0.12867647409439087,-0.02522432804107666,0.30685627460479736,0.3056914210319519,-0.001164853572845459,0.5761284232139587,0.5765782594680786,-0.00044983625411987305,0.14996811747550964,0.14996811747550964,116.38781702518463
crack0075_09.png,1.4765125274658204,114.29063415527344,113.28004455566406,1.010589599609375,106.322021484375,105.47986602783203,0.8421554565429688,0.4027010202407837,0.4020959138870239,-0.0006051063537597656,0.0,0.0,0.0,0.24881547689437866,0.23652249574661255,-0.012292981147766113,0.5822606682777405,0.5778239369392395,0.0044367313385009766,0.10911169648170471,0.10911169648170471,112.95001125335693
crack0076_00.png,5.073134469985963,93.60192108154297,93.2234878540039,0.3784332275390625,129.7153778076172,122.13432312011719,7.5810546875,0.11790615320205688,0.15902455151081085,0.04111839830875397,0.1601291298866272,0.11694639921188354,-0.04318273067474365,0.0,0.11346369981765747,0.11346369981765747,0.5925028920173645,0.5899999737739563,0.002502918243408203,0.10703563690185547,0.10703563690185547,110.0384509563446
crack0076_01.png,0.1646553039550781,87.07527923583984,87.27418518066406,-0.19890594482421875,106.78816223144531,108.3902359008789,-1.6020736694335938,0.2831655740737915,0.2887805998325348,0.005615025758743286,0.09069740772247314,0.09946757555007935,0.008770167827606201,0.11418551206588745,0.10022717714309692,-0.013958334922790527,0.591387927532196,0.5862783789634705,0.005109548568725586,0.10336180031299591,0.10336180031299591,93.8403148651123
crack0076_02.png,5.814237403869629,104.8052978515625,103.47496795654297,1.3303298950195312,102.39981079101562,103.00631713867188,-0.60650634765625,0.1381443291902542,0.18189258873462677,0.04374825954437256,0.16673392057418823,0.1937207579612732,0.02698683738708496,0.138297438621521,0.1709500551223755,0.03265261650085449,0.5890311598777771,0.5853517651557922,0.0036793947219848633,0.09635430574417114,0.09635430574417114,119.41271954774857
crack0076_03.png,2.7291324615478514,118.0015640258789,116.54131317138672,1.4602508544921875,114.33658599853516,114.15875244140625,0.17783355712890625,0.19954875111579895,0.19536316394805908,-0.004185587167739868,0.0,0.03571587800979614,0.03571587800979614,0.0,0.003236711025238037,0.003236711025238037,0.5972548723220825,0.5946558713912964,0.002599000930786133,0.0949261337518692,0.0949261337518692,129.43984365463257
crack0076_04.png,-6.43078989982605,171.1197052001953,178.4747314453125,-7.3550262451171875,208.67083740234375,210.16395568847656,-1.4931182861328125,0.14652812480926514,0.16327445209026337,0.01674632728099823,0.0,0.0,0.0,0.0,0.0,0.0,0.5903691053390503,0.5858246684074402,0.004544436931610107,0.11128204315900803,0.11128204315900803,189.62029504776
crack0076_05.png,0.8865299463272096,133.36936950683594,135.34547424316406,-1.976104736328125,122.92191314697266,119.97760009765625,2.9443130493164062,0.12110168486833572,0.1332399696111679,0.012138284742832184,0.09985584020614624,0.11509144306182861,0.015235602855682373,0.12489986419677734,0.1569952368736267,0.032095372676849365,0.5932141542434692,0.5906035900115967,0.0026105642318725586,0.09628836810588837,0.09628836810588837,150.81988695263863
crack0076_06.png,-2.90804238319397,100.43456268310547,100.0718765258789,0.3626861572265625,112.3896484375,111.00770568847656,1.3819427490234375,0.25513365864753723,0.2234262377023697,-0.03170742094516754,0.09704083204269409,0.06479495763778687,-0.03224587440490723,0.021798133850097656,0.0,-0.021798133850097656,0.5960092544555664,0.5959361791610718,7.30752944946289e-05,0.09488722681999207,0.09488722681999207,110.68801552057266
crack0076_07.png,2.0741576194763187,105.7262191772461,105.16666412353516,0.5595550537109375,129.05441284179688,122.49761962890625,6.556793212890625,0.21913112699985504,0.2089347094297409,-0.010196417570114136,0.1837841272354126,0.17847329378128052,-0.00531083345413208,0.08349734544754028,0.08541744947433472,0.0019201040267944336,0.5904921293258667,0.5924913287162781,-0.001999199390411377,0.09981957823038101,0.09981957823038101,116.6100122332573
crack0076_08.png,5.317280340194702,97.05195617675781,97.49061584472656,-0.43865966796875,115.34391784667969,114.20504760742188,1.1388702392578125,0.24449895322322845,0.2573813796043396,0.012882426381111145,0.14607024192810059,0.24908965826034546,0.10301941633224487,0.010114848613739014,0.0167466402053833,0.006631791591644287,0.5921645760536194,0.5884390473365784,0.0037255287170410156,0.10019947588443756,0.10019947588443756,106.28793185949326
crack0076_09.png,-0.011700010299682706,92.49034118652344,92.06816101074219,0.42218017578125,108.549072265625,110.08882141113281,-1.5397491455078125,0.2034425437450409,0.2064950317144394,0.0030524879693984985,0.181759774684906,0.1804397702217102,-0.0013200044631958008,0.12865710258483887,0.14233964681625366,0.013682544231414795,0.5842599272727966,0.584494411945343,-0.00023448467254638672,0.0998496562242508,0.0998496562242508,103.45247495174408
crack0077_00.png,6.056376791000366,131.80572509765625,127.0055923461914,4.800132751464844,103.935302734375,103.09017181396484,0.8451309204101562,0.12363000214099884,0.125654399394989,0.0020243972539901733,0.24498379230499268,0.2619020938873291,0.016918301582336426,0.374330997467041,0.3720983862876892,-0.0022326111793518066,0.5730488300323486,0.5710611343383789,0.0019876956939697266,0.09440547227859497,0.09440547227859497,144.90981179475784
crack0077_01.png,3.3730341434478763,127.71680450439453,123.841796875,3.8750076293945312,105.44050598144531,104.78207397460938,0.6584320068359375,0.17689107358455658,0.16480088233947754,-0.01209019124507904,0.2788265347480774,0.2790250778198242,0.00019854307174682617,0.3283751606941223,0.3503350019454956,0.02195984125137329,0.5824183225631714,0.5775701403617859,0.004848182201385498,0.10197828710079193,0.10197828710079193,139.18798065185547
crack0077_02.png,2.226152944564819,131.23985290527344,131.1219482421875,0.1179046630859375,110.7113037109375,109.11016845703125,1.60113525390625,0.18927907943725586,0.20468531548976898,0.015406236052513123,0.0,0.0,0.0,0.03337019681930542,0.13066953420639038,0.09729933738708496,0.5872972011566162,0.5814148187637329,0.005882382392883301,0.08671064674854279,0.08671064674854279,143.31604385375977
crack0077_03.png,4.161544561386108,125.43131256103516,121.80793762207031,3.6233749389648438,110.42019653320312,107.01718139648438,3.40301513671875,0.24075737595558167,0.23000510036945343,-0.010752275586128235,0.30220139026641846,0.30216503143310547,-3.635883331298828e-05,0.3455643653869629,0.3634556531906128,0.017891287803649902,0.5828911662101746,0.581926167011261,0.0009649991989135742,0.11632444709539413,0.11632444709539413,133.1349657177925
crack0077_04.png,3.8219887256622314,139.4230194091797,136.42942810058594,2.99359130859375,106.30599975585938,104.67672729492188,1.6292724609375,0.18198920786380768,0.18112781643867493,-0.0008613914251327515,0.0,0.0,0.0,0.24468451738357544,0.25982844829559326,0.015143930912017822,0.5907881855964661,0.5846481919288635,0.006139993667602539,0.09150942414999008,0.09150942414999008,150.69008219242096
crack0077_05.png,1.9401213169097902,136.5282440185547,139.6000518798828,-3.071807861328125,111.76231384277344,108.42497253417969,3.33734130859375,0.20207419991493225,0.23095162212848663,0.028877422213554382,0.0,0.0290796160697937,0.0290796160697937,0.05502474308013916,0.20525455474853516,0.150229811668396,0.588527500629425,0.5834371447563171,0.00509035587310791,0.09232378005981445,0.09232378005981445,149.48079597949982
crack0077_06.png,6.441700506210327,132.77305603027344,131.3425750732422,1.43048095703125,105.00880432128906,103.49899291992188,1.5098114013671875,0.20070040225982666,0.23399107158184052,0.033290669322013855,0.17223042249679565,0.2122597098350525,0.040029287338256836,0.2525007724761963,0.31388890743255615,0.06138813495635986,0.5869050621986389,0.5833333134651184,0.003571748733520508,0.09345932304859161,0.09345932304859161,143.49199390411377
crack0077_07.png,8.294564914703368,146.07257080078125,142.11888122558594,3.9536895751953125,107.88390350341797,106.00279235839844,1.8811111450195312,0.1982373744249344,0.21047072112560272,0.012233346700668335,0.16444462537765503,0.22774332761764526,0.06329870223999023,0.202161967754364,0.2632087469100952,0.0610467791557312,0.5841060876846313,0.5821607112884521,0.0019453763961791992,0.103543221950531,0.103543221950531,155.56572705507278
crack0077_08.png,3.9049593448638915,116.02606964111328,113.47538757324219,2.5506820678710938,103.6271743774414,103.50699615478516,0.12017822265625,0.23463231325149536,0.24247519671916962,0.007842883467674255,0.19216996431350708,0.2081589698791504,0.01598900556564331,0.2806103229522705,0.2968321442604065,0.016221821308135986,0.582114577293396,0.5811342000961304,0.000980377197265625,0.11651606857776642,0.11651606857776642,123.95737290382385
crack0077_09.png,6.254581022262573,168.9567413330078,165.4663543701172,3.490386962890625,107.97090911865234,107.35476684570312,0.6161422729492188,0.17708133161067963,0.17622783780097961,-0.0008534938097000122,0.13239580392837524,0.1925210952758789,0.06012529134750366,0.35574162006378174,0.3610777258872986,0.005336105823516846,0.5894040465354919,0.5848789215087891,0.004525125026702881,0.09343983978033066,0.09343983978033066,180.2140394449234
crack0078_00.png,-0.08717079162597657,98.827392578125,98.27229309082031,0.5550994873046875,107.96963500976562,108.44918823242188,-0.47955322265625,0.45140084624290466,0.4422081410884857,-0.009192705154418945,0.0,0.0,0.0,0.0,0.0,0.0,0.5863744616508484,0.5792502760887146,0.007124185562133789,0.1053386777639389,0.1053386777639389,95.47233283519745
crack0078_01.png,-0.9469565391540526,90.9952392578125,89.19436645507812,1.800872802734375,107.31318664550781,108.53386688232422,-1.2206802368164062,0.472004234790802,0.44225651025772095,-0.029747724533081055,0.0,0.0,0.0,0.0,0.0,0.0,0.5874240398406982,0.5844175219535828,0.0030065178871154785,0.11250545084476471,0.11250545084476471,87.05637383460999
crack0078_02.png,0.8711519241333008,93.82872772216797,92.52812194824219,1.3006057739257812,111.43745422363281,110.62435150146484,0.8131027221679688,0.47471049427986145,0.46304112672805786,-0.011669367551803589,0.0,0.0,0.0,0.0,0.0,0.0,0.5849980711936951,0.5805267095565796,0.0044713616371154785,0.11425267159938812,0.11425267159938812,88.79588007926941
crack0078_03.png,1.3643298149108887,100.44615936279297,100.8101806640625,-0.36402130126953125,121.42091369628906,120.54048156738281,0.88043212890625,0.3962627053260803,0.4096202552318573,0.013357549905776978,0.0,0.0,0.0,0.0,0.0,0.0,0.5921299457550049,0.5844405889511108,0.007689356803894043,0.1041187196969986,0.1041187196969986,100.53760552406311
crack0078_04.png,1.9610987663269044,82.04627227783203,81.55393981933594,0.49233245849609375,117.18017578125,116.19611358642578,0.9840621948242188,0.4276980757713318,0.4379020631313324,0.01020398736000061,0.0,0.0,0.0,0.0,0.0,0.0,0.5846405029296875,0.5781699419021606,0.0064705610275268555,0.10702013969421387,0.10702013969421387,79.52384161949158
crack0078_05.png,-0.8147967338562011,94.9448471069336,95.06804656982422,-0.123199462890625,119.45484924316406,117.74482727050781,1.71002197265625,0.5440524220466614,0.5251868367195129,-0.018865585327148438,0.0,0.0,0.0,0.04891413450241089,0.07086396217346191,0.021949827671051025,0.5915917158126831,0.5882506966590881,0.0033410191535949707,0.11311125755310059,0.11311125755310059,87.15890526771545
crack0078_06.png,0.5443521499633789,101.87882995605469,101.41529846191406,0.463531494140625,107.62881469726562,107.09904479980469,0.5297698974609375,0.4535689651966095,0.44803571701049805,-0.00553324818611145,0.0,0.0,0.0,0.0,0.006754875183105469,0.006754875183105469,0.5901461243629456,0.5823568105697632,0.007789313793182373,0.10800446569919586,0.10800446569919586,98.37076616287231
crack0078_07.png,2.3650814056396485,89.8020248413086,87.21176147460938,2.5902633666992188,107.25907135009766,107.35079193115234,-0.0917205810546875,0.4072640836238861,0.4036007225513458,-0.003663361072540283,0.0,0.0,0.0,0.15875309705734253,0.15392249822616577,-0.004830598831176758,0.5792579650878906,0.5766435861587524,0.0026143789291381836,0.10368189960718155,0.10368189960718155,87.46116840839386
crack0078_08.png,0.10154094696044913,87.35397338867188,86.03255462646484,1.3214187622070312,110.40553283691406,109.9971923828125,0.4083404541015625,0.46187910437583923,0.44248586893081665,-0.019393235445022583,0.0,0.0,0.0,0.0,0.0,0.0,0.5869819521903992,0.5827758312225342,0.00420612096786499,0.11764176934957504,0.11764176934957504,83.62338995933533
crack0078_09.png,0.5398715019226075,99.57943725585938,99.49495697021484,0.08448028564453125,115.64054870605469,115.41575622558594,0.22479248046875,0.4235174059867859,0.4280839264392853,0.00456652045249939,0.0,0.0,0.0,0.0,0.0,0.0,0.5804498195648193,0.5804460048675537,3.814697265625e-06,0.1184007078409195,0.1184007078409195,97.34414553642273
crack0079_00.png,3.178735446929932,111.96034240722656,110.00827026367188,1.9520721435546875,109.53797149658203,107.22915649414062,2.3088150024414062,0.30098310112953186,0.3001164197921753,-0.0008666813373565674,0.0,0.0,0.0,0.0,0.0,0.0,0.5911803245544434,0.5818685293197632,0.009311795234680176,0.11766833066940308,0.11766833066940308,116.62453413009644
crack0079_01.png,3.762827014923096,104.88243103027344,102.0445556640625,2.8378753662109375,103.78094482421875,103.66686248779297,0.11408233642578125,0.3766237497329712,0.3863368630409241,0.00971311330795288,0.0,0.0,0.0,0.0,0.0,0.0,0.5807381868362427,0.5781814455986023,0.002556741237640381,0.1287020593881607,0.1287020593881607,104.0955958366394
crack0079_02.png,4.518489837646484,113.86683654785156,111.29144287109375,2.5753936767578125,126.15198516845703,123.53628540039062,2.6156997680664062,0.2777431905269623,0.28265196084976196,0.004908770322799683,0.0,0.0,0.0,0.05737340450286865,0.043132662773132324,-0.014240741729736328,0.5957439541816711,0.5831410884857178,0.01260286569595337,0.12959221005439758,0.12959221005439758,119.74430644512177
crack0079_03.png,1.7021778106689454,108.38959503173828,107.12091827392578,1.2686767578125,110.91357421875,109.757080078125,1.156494140625,0.30239278078079224,0.301779180765152,-0.0006136000156402588,0.0,0.0,0.0,0.04379844665527344,0.043554067611694336,-0.00024437904357910156,0.5835371017456055,0.5830373167991638,0.0004997849464416504,0.11826884746551514,0.11826884746551514,112.98998987674713
crack0079_04.png,4.16055908203125,109.73875427246094,106.32514953613281,3.413604736328125,102.36459350585938,102.12722778320312,0.23736572265625,0.3483845889568329,0.3549545109272003,0.006569921970367432,0.0,0.0,0.0,0.0,0.0,0.0,0.5747981667518616,0.5716378092765808,0.0031603574752807617,0.12117154896259308,0.12117154896259308,110.12080323696136
crack0079_05.png,3.6049599647521973,107.69762420654297,104.98535919189453,2.7122650146484375,105.06249237060547,104.86332702636719,0.19916534423828125,0.3343047797679901,0.3441677689552307,0.0098629891872406,0.0,0.0,0.0,0.0,0.0,0.0,0.5776854753494263,0.5770857334136963,0.0005997419357299805,0.11443409323692322,0.11443409323692322,109.3906239271164
crack0079_06.png,3.699202156066894,109.09899139404297,105.40911865234375,3.6898727416992188,109.41197204589844,108.21783447265625,1.1941375732421875,0.32177281379699707,0.3129967749118805,-0.008776038885116577,0.0,0.0,0.0,0.0,0.0,0.0,0.5838254690170288,0.5779815316200256,0.005843937397003174,0.13142140209674835,0.13142140209674835,111.82726728916168
crack0079_07.png,-2.5350882530212404,74.94041442871094,75.45433807373047,-0.5139236450195312,106.6317367553711,108.54534912109375,-1.9136123657226562,0.3588902950286865,0.3414483070373535,-0.017441987991333008,0.0,0.0,0.0,0.0,0.0,0.0,0.5790773034095764,0.5755863189697266,0.0034909844398498535,0.119801826775074,0.119801826775074,77.87356996536255
crack0079_08.png,2.643423652648926,108.14677429199219,105.80052947998047,2.3462448120117188,110.36961364746094,110.35337829589844,0.0162353515625,0.33276402950286865,0.3359823524951935,0.003218322992324829,0.0,0.0,0.0,0.0695679783821106,0.08637112379074097,0.01680314540863037,0.57748943567276,0.5766589641571045,0.0008304715156555176,0.12669116258621216,0.12669116258621216,110.10738754272461
crack0079_09.png,9.014120864868165,141.0008087158203,134.6455078125,6.3553009033203125,153.61331176757812,149.4139862060547,4.1993255615234375,0.2613910734653473,0.2717554271221161,0.010364353656768799,0.0,0.0,0.0,0.0,0.0,0.0,0.5943867564201355,0.5906382203102112,0.0037485361099243164,0.1260964274406433,0.1260964274406433,145.91516411304474
crack0080_00.png,0.3263114929199218,117.21890258789062,116.37004852294922,0.8488540649414062,105.94923400878906,105.38510131835938,0.5641326904296875,0.2527928650379181,0.2517118752002716,-0.0010809898376464844,0.37209391593933105,0.35143721103668213,-0.020656704902648926,0.23108512163162231,0.23554348945617676,0.004458367824554443,0.5839599967002869,0.579846203327179,0.00411379337310791,0.14699208736419678,0.14699208736419678,125.0501629114151
crack0080_01.png,2.619476318359375,110.48998260498047,108.43302154541016,2.0569610595703125,105.70318603515625,105.14757537841797,0.5556106567382812,0.3055664598941803,0.30700719356536865,0.0014407336711883545,0.45108562707901,0.45320838689804077,0.0021227598190307617,0.26457321643829346,0.2666243314743042,0.002051115036010742,0.5882737636566162,0.5847712159156799,0.0035025477409362793,0.1518687754869461,0.1518687754869461,114.65846502780914
crack0080_02.png,-0.43845920562744145,107.37323760986328,106.2398681640625,1.1333694458007812,102.74578857421875,102.29164123535156,0.4541473388671875,0.28763389587402344,0.2759406566619873,-0.011693239212036133,0.48978424072265625,0.4660463333129883,-0.02373790740966797,0.31197410821914673,0.2816961407661438,-0.03027796745300293,0.5874394178390503,0.5841522216796875,0.003287196159362793,0.1693829447031021,0.1693829447031021,113.74769020080566
crack0080_03.png,0.9227272033691407,114.44132995605469,112.85411834716797,1.5872116088867188,109.02204895019531,107.91259765625,1.1094512939453125,0.3320264518260956,0.31558743119239807,-0.01643902063369751,0.4437263011932373,0.44734448194503784,0.003618180751800537,0.3241272568702698,0.3080979585647583,-0.016029298305511475,0.5875586271286011,0.5860053896903992,0.0015532374382019043,0.1684994250535965,0.1684994250535965,118.21482336521149
crack0080_04.png,1.4849642753601073,103.45701599121094,102.55596923828125,0.9010467529296875,99.95039367675781,100.05917358398438,-0.1087799072265625,0.2501411736011505,0.25710350275039673,0.006962329149246216,0.37846535444259644,0.377327561378479,-0.0011377930641174316,0.22877556085586548,0.21561294794082642,-0.013162612915039062,0.5829565525054932,0.580057680606842,0.002898871898651123,0.16236761212348938,0.16236761212348938,111.31628429889679
crack0080_05.png,2.4241256713867188,97.5134506225586,96.44219207763672,1.071258544921875,99.90937805175781,100.36965942382812,-0.4602813720703125,0.28687411546707153,0.3067712187767029,0.019897103309631348,0.4718906879425049,0.4699134826660156,-0.001977205276489258,0.2962833046913147,0.30052512884140015,0.004241824150085449,0.5804613828659058,0.579853892326355,0.0006074905395507812,0.1651114821434021,0.1651114821434021,102.9838297367096
crack0080_06.png,0.21641826629638672,116.24070739746094,115.02570343017578,1.2150039672851562,103.55463409423828,103.68940734863281,-0.13477325439453125,0.2580789029598236,0.2553699016571045,-0.002709001302719116,0.3202173709869385,0.30167239904403687,-0.01854497194290161,0.22623169422149658,0.19192785024642944,-0.03430384397506714,0.5829219818115234,0.5825759172439575,0.00034606456756591797,0.15667463839054108,0.15667463839054108,123.62789058685303
crack0080_07.png,0.380277156829834,106.61614227294922,105.64237213134766,0.9737701416015625,100.84015655517578,100.41195678710938,0.42819976806640625,0.3548808693885803,0.34740591049194336,-0.007474958896636963,0.39865630865097046,0.3942407965660095,-0.0044155120849609375,0.20788604021072388,0.2005244493484497,-0.00736159086227417,0.5785121321678162,0.5782660245895386,0.0002461075782775879,0.150416299700737,0.150416299700737,108.42538785934448
crack0080_08.png,2.8921875,106.56121063232422,104.5879898071289,1.9732208251953125,105.26939392089844,104.84175109863281,0.427642822265625,0.3014906048774719,0.30553242564201355,0.004041820764541626,0.2925760746002197,0.3052278757095337,0.012651801109313965,0.21479803323745728,0.20702844858169556,-0.007769584655761719,0.5856631994247437,0.5877009034156799,-0.0020377039909362793,0.18797947466373444,0.18797947466373444,110.99320006370544
crack0080_09.png,0.1957619667053221,117.3655014038086,115.69335174560547,1.672149658203125,105.52230834960938,105.08854675292969,0.4337615966796875,0.23630838096141815,0.24030469357967377,0.003996312618255615,0.24490958452224731,0.19078689813613892,-0.0541226863861084,0.16886943578720093,0.17040085792541504,0.0015314221382141113,0.5914417505264282,0.586558997631073,0.004882752895355225,0.1369883120059967,0.1369883120059967,126.00859373807907
crack0081_00.png,2.175568866729736,147.02354431152344,144.84512329101562,2.1784210205078125,104.01606750488281,103.27888488769531,0.7371826171875,0.32092541456222534,0.3155275881290436,-0.005397826433181763,0.0,0.0,0.0,0.0662916898727417,0.073760986328125,0.007469296455383301,0.5856785774230957,0.5823260545730591,0.003352522850036621,0.12015406787395477,0.12015406787395477,150.42982161045074
crack0081_01.png,3.4491728782653808,142.68618774414062,139.65220642089844,3.0339813232421875,102.94720458984375,102.2090072631836,0.7381973266601562,0.3030409812927246,0.3025733530521393,-0.00046762824058532715,0.0,0.0,0.0,0.016812384128570557,0.0058293938636779785,-0.010982990264892578,0.5842137336730957,0.5802806615829468,0.003933072090148926,0.1250830888748169,0.1250830888748169,146.383345246315
crack0081_02.png,4.860185241699218,155.7406768798828,150.99618530273438,4.7444915771484375,102.009521484375,102.21324157714844,-0.2037200927734375,0.29024219512939453,0.29089996218681335,0.0006577670574188232,0.0,0.0,0.0,0.007924318313598633,0.022335290908813477,0.014410972595214844,0.5775125026702881,0.5738984942436218,0.0036140084266662598,0.10489100217819214,0.10489100217819214,159.05439949035645
crack0081_03.png,6.375592422485352,149.46205139160156,145.5873260498047,3.874725341796875,104.79457092285156,104.43975830078125,0.3548126220703125,0.26755601167678833,0.28188085556030273,0.014324843883514404,0.003993809223175049,0.02932727336883545,0.0253334641456604,0.03566467761993408,0.0648687481880188,0.029204070568084717,0.5852518081665039,0.5802614092826843,0.00499039888381958,0.11181730031967163,0.11181730031967163,154.88140034675598
crack0081_04.png,2.070162296295166,136.02012634277344,133.91458129882812,2.1055450439453125,103.01693725585938,103.41400909423828,-0.39707183837890625,0.26318544149398804,0.2641114294528961,0.0009259879589080811,0.0,0.0,0.0,0.0,0.0,0.0,0.580845832824707,0.5796116590499878,0.0012341737747192383,0.10387218743562698,0.10387218743562698,142.41006064414978
crack0081_05.png,4.78083610534668,144.82481384277344,140.8199005126953,4.004913330078125,104.9407958984375,104.24942016601562,0.691375732421875,0.296489953994751,0.3006771206855774,0.004187166690826416,0.0,0.0,0.0,0.0,0.0,0.0,0.5884659886360168,0.5843560099601746,0.004109978675842285,0.11472532898187637,0.11472532898187637,148.57159948349
crack0081_06.png,4.659976196289063,152.69970703125,148.94969177246094,3.7500152587890625,105.51512145996094,104.45405578613281,1.061065673828125,0.25926563143730164,0.264358252286911,0.005092620849609375,0.0,0.0,0.0,0.0,0.0,0.0,0.5844829082489014,0.5825297832489014,0.001953125,0.11142060905694962,0.11142060905694962,158.64807784557343
crack0081_07.png,3.9026063919067386,150.16281127929688,146.2048797607422,3.9579315185546875,105.02960205078125,104.86952209472656,0.1600799560546875,0.2926029860973358,0.29110804200172424,-0.0014949440956115723,0.11548358201980591,0.10871517658233643,-0.006768405437469482,0.14686089754104614,0.15934693813323975,0.012486040592193604,0.5895809531211853,0.5828065872192383,0.0067743659019470215,0.12689070403575897,0.12689070403575897,154.3006011247635
crack0081_08.png,2.8603851318359377,144.27206420898438,141.93365478515625,2.338409423828125,103.85834503173828,103.26332092285156,0.5950241088867188,0.28976884484291077,0.2912134826183319,0.0014446377754211426,0.0,0.0,0.0,0.0,0.0,0.0,0.5879430770874023,0.5837332010269165,0.00420987606048584,0.1145155057311058,0.1145155057311058,149.23445188999176
crack0081_09.png,4.768587398529053,143.82200622558594,140.19920349121094,3.622802734375,105.94681549072266,104.961181640625,0.9856338500976562,0.3123793303966522,0.3130759596824646,0.0006966292858123779,0.06528502702713013,0.07577884197235107,0.010493814945220947,0.11675840616226196,0.1261730194091797,0.009414613246917725,0.5897462368011475,0.5828450322151184,0.006901204586029053,0.13231217861175537,0.13231217861175537,146.8576945066452
crack0082_00.png,2.931841278076172,122.90410614013672,121.21224212646484,1.691864013671875,110.28976440429688,109.98213195800781,0.3076324462890625,0.4323817789554596,0.43809711933135986,0.0057153403759002686,0.32387179136276245,0.33858799934387207,0.01471620798110962,0.2288196086883545,0.22906219959259033,0.00024259090423583984,0.5836601257324219,0.5818839073181152,0.0017762184143066406,0.15502309799194336,0.15502309799194336,119.46167242527008
crack0082_01.png,3.923591899871826,122.12190246582031,119.84011840820312,2.2817840576171875,121.46633911132812,117.26785278320312,4.198486328125,0.28089573979377747,0.3031568229198456,0.022261083126068115,0.29425323009490967,0.24740731716156006,-0.04684591293334961,0.13278043270111084,0.11300373077392578,-0.01977670192718506,0.5881929993629456,0.5868089199066162,0.0013840794563293457,0.13221296668052673,0.13221296668052673,127.6549860239029
crack0082_02.png,1.871544075012207,124.38369750976562,123.54925537109375,0.834442138671875,110.75997924804688,109.56723022460938,1.1927490234375,0.4433477818965912,0.443445086479187,9.73045825958252e-05,0.4541592597961426,0.4675303101539612,0.013371050357818604,0.3148723244667053,0.31726986169815063,0.0023975372314453125,0.5828065872192383,0.5823721885681152,0.0004343986511230469,0.14177794754505157,0.14177794754505157,120.67787301540375
crack0082_03.png,2.1728156089782713,139.02333068847656,136.8928680419922,2.130462646484375,113.4965591430664,113.33993530273438,0.15662384033203125,0.38372930884361267,0.378754198551178,-0.004975110292434692,0.25937843322753906,0.26656824350357056,0.007189810276031494,0.2057657241821289,0.2090083360671997,0.0032426118850708008,0.5812302827835083,0.5789772868156433,0.0022529959678649902,0.11471986770629883,0.11471986770629883,138.48205876350403
crack0082_04.png,1.91227502822876,118.77888488769531,117.08406829833984,1.6948165893554688,114.8673095703125,114.01639556884766,0.8509140014648438,0.5149005651473999,0.5137872099876404,-0.0011133551597595215,0.43173468112945557,0.42766690254211426,-0.004067778587341309,0.3587746024131775,0.3554037809371948,-0.003370821475982666,0.5948827266693115,0.5916609168052673,0.0032218098640441895,0.1391661912202835,0.1391661912202835,110.89955306053162
crack0082_05.png,1.969723415374756,149.03225708007812,148.91311645507812,0.119140625,124.3836669921875,122.41561889648438,1.968048095703125,0.2883486747741699,0.2988050878047943,0.01045641303062439,0.35079383850097656,0.356641948223114,0.005848109722137451,0.11131292581558228,0.1266099214553833,0.015296995639801025,0.5831142067909241,0.5832910537719727,-0.00017684698104858398,0.1271766722202301,0.1271766722202301,155.00340843200684
crack0082_06.png,3.656591701507568,119.46450805664062,117.83817291259766,1.6263351440429688,106.91323852539062,106.79159545898438,0.12164306640625,0.4143162965774536,0.4126504361629486,-0.0016658604145050049,0.3712868094444275,0.4241277575492859,0.0528409481048584,0.20414435863494873,0.2477361559867859,0.04359179735183716,0.5814225077629089,0.5813917517662048,3.075599670410156e-05,0.1341257095336914,0.1341257095336914,117.14921462535858
crack0082_07.png,2.287117290496826,127.79098510742188,125.96475982666016,1.8262252807617188,116.27970886230469,114.86194610595703,1.4177627563476562,0.34138211607933044,0.344417005777359,0.0030348896980285645,0.3391772508621216,0.32926416397094727,-0.009913086891174316,0.27958250045776367,0.27391868829727173,-0.005663812160491943,0.593271791934967,0.5920838117599487,0.0011879801750183105,0.15633755922317505,0.15633755922317505,130.12581717967987
crack0082_08.png,-2.3947643280029296,123.00011444091797,124.50225830078125,-1.5021438598632812,115.61408233642578,114.93065643310547,0.6834259033203125,0.3362888991832733,0.3213281035423279,-0.014960795640945435,0.4188188314437866,0.4203057885169983,0.00148695707321167,0.23191356658935547,0.23396772146224976,0.002054154872894287,0.5881699323654175,0.5888850688934326,-0.0007151365280151367,0.13020670413970947,0.13020670413970947,128.02690291404724
crack0082_09.png,3.7291831016540526,117.1370849609375,115.78072357177734,1.3563613891601562,111.62601470947266,110.37916564941406,1.2468490600585938,0.42805227637290955,0.4331131875514984,0.005060911178588867,0.3638099431991577,0.40065550804138184,0.03684556484222412,0.24085843563079834,0.266714870929718,0.025856435298919678,0.5810995697975159,0.5812149047851562,-0.00011533498764038086,0.12393530458211899,0.12393530458211899,114.0243638753891
crack0083_00.png,1.172729206085205,96.37152099609375,95.09483337402344,1.2766876220703125,105.87852478027344,104.65472412109375,1.2238006591796875,0.37664082646369934,0.3668273091316223,-0.009813517332077026,0.3839987516403198,0.38459813594818115,0.0005993843078613281,0.33760303258895874,0.3310093879699707,-0.006593644618988037,0.5874356031417847,0.5832449197769165,0.004190683364868164,0.23411314189434052,0.23411314189434052,97.22096276283264
crack0083_01.png,0.42101001739501953,94.06919860839844,93.12358093261719,0.94561767578125,104.54442596435547,104.02413940429688,0.5202865600585938,0.450455904006958,0.4455393850803375,-0.004916518926620483,0.3857610821723938,0.3728354573249817,-0.01292562484741211,0.3266924023628235,0.31816816329956055,-0.00852423906326294,0.5860476493835449,0.5816070437431335,0.004440605640411377,0.19021782279014587,0.19021782279014587,90.30593264102936
crack0083_02.png,1.2611026763916016,100.17652130126953,99.2856674194336,0.8908538818359375,104.23667907714844,103.55388641357422,0.6827926635742188,0.35353460907936096,0.3508628308773041,-0.0026717782020568848,0.45111894607543945,0.4591330289840698,0.008014082908630371,0.37570226192474365,0.37565821409225464,-4.404783248901367e-05,0.5868781208992004,0.5871203541755676,-0.0002422332763671875,0.20598915219306946,0.20598915219306946,102.16413867473602
crack0083_03.png,3.0582648277282716,100.12425994873047,97.70044708251953,2.4238128662109375,106.9693603515625,105.48221588134766,1.4871444702148438,0.306214302778244,0.3033989369869232,-0.0028153657913208008,0.4802832007408142,0.4808407425880432,0.0005575418472290039,0.2916263937950134,0.2882689833641052,-0.003357410430908203,0.5905536413192749,0.5844905972480774,0.00606304407119751,0.15810513496398926,0.15810513496398926,104.3305629491806
crack0083_04.png,6.570636129379272,96.90113067626953,95.6722183227539,1.228912353515625,103.49522399902344,102.2577133178711,1.2375106811523438,0.24421586096286774,0.3141796886920929,0.06996382772922516,0.3828268051147461,0.35951119661331177,-0.023315608501434326,0.19542193412780762,0.24416548013687134,0.04874354600906372,0.5824990272521973,0.5779430866241455,0.004555940628051758,0.15646833181381226,0.15646833181381226,104.93368393182755
crack0083_05.png,0.19894590377807608,96.98553466796875,96.17213439941406,0.8134002685546875,107.97746276855469,108.0617904663086,-0.08432769775390625,0.31470048427581787,0.32139310240745544,0.006692618131637573,0.35725492238998413,0.32769840955734253,-0.0295565128326416,0.2463362216949463,0.24683737754821777,0.0005011558532714844,0.5877124071121216,0.5860592126846313,0.0016531944274902344,0.16565732657909393,0.16565732657909393,101.2053017616272
crack0083_06.png,-0.25650978088378906,103.14665985107422,101.4172134399414,1.7294464111328125,104.62301635742188,104.29975891113281,0.3232574462890625,0.3818897604942322,0.355852872133255,-0.026036888360977173,0.40250658988952637,0.40078771114349365,-0.0017188787460327148,0.2938782572746277,0.2829509377479553,-0.010927319526672363,0.5855209231376648,0.5846097469329834,0.0009111762046813965,0.2267361581325531,0.2267361581325531,104.3516012430191
crack0083_07.png,1.6963093757629395,103.62763977050781,103.16858673095703,0.45905303955078125,107.06196594238281,105.97962951660156,1.08233642578125,0.35716933012008667,0.3554874360561371,-0.001681894063949585,0.43862104415893555,0.45733314752578735,0.018712103366851807,0.32965630292892456,0.3393034338951111,0.009647130966186523,0.5846213102340698,0.579861581325531,0.004759728908538818,0.17946366965770721,0.17946366965770721,105.45371949672699
crack0083_08.png,0.25282583236694334,97.98009490966797,97.49246978759766,0.4876251220703125,101.84536743164062,101.7603530883789,0.08501434326171875,0.29579904675483704,0.30057406425476074,0.004775017499923706,0.39378196001052856,0.3768851161003113,-0.016896843910217285,0.33127206563949585,0.3135796785354614,-0.017692387104034424,0.5762091279029846,0.5755824446678162,0.000626683235168457,0.18124693632125854,0.18124693632125854,103.03670465946198
crack0083_09.png,2.340798854827881,96.01957702636719,94.70299530029297,1.3165817260742188,108.21748352050781,107.54449462890625,0.6729888916015625,0.27338433265686035,0.279603511095047,0.0062191784381866455,0.3181788921356201,0.3237471580505371,0.005568265914916992,0.1754264235496521,0.18142741918563843,0.006000995635986328,0.5790964961051941,0.5782275795936584,0.0008689165115356445,0.15730604529380798,0.15730604529380798,102.12208604812622
crack0084_00.png,-0.8922664642333984,105.80318450927734,106.71932220458984,-0.9161376953125,116.40106964111328,114.77090454101562,1.6301651000976562,0.37759992480278015,0.3708662688732147,-0.00673365592956543,0.3743647336959839,0.3722924590110779,-0.002072274684906006,0.3269386887550354,0.31597375869750977,-0.010964930057525635,0.5869127511978149,0.5870780348777771,-0.0001652836799621582,0.1696181297302246,0.1696181297302246,107.4923986196518
crack0084_01.png,1.3065817832946778,112.39086151123047,113.10126495361328,-0.7104034423828125,122.58502197265625,119.62013244628906,2.9648895263671875,0.3347786068916321,0.34689971804618835,0.012121111154556274,0.32377010583877563,0.3219183683395386,-0.0018517374992370605,0.3496037721633911,0.34417831897735596,-0.005425453186035156,0.5837370157241821,0.5853517651557922,-0.0016147494316101074,0.22528910636901855,0.22528910636901855,116.07341742515564
crack0084_02.png,-0.5256656646728515,118.68889617919922,119.88819885253906,-1.1993026733398438,111.33592224121094,111.28306579589844,0.0528564453125,0.33967217803001404,0.335736483335495,-0.003935694694519043,0.19103801250457764,0.20675575733184814,0.015717744827270508,0.21354997158050537,0.20961594581604004,-0.003934025764465332,0.5891388058662415,0.5806728005409241,0.008466005325317383,0.1387006938457489,0.1387006938457489,122.7099107503891
crack0084_03.png,1.6622491359710694,137.242919921875,135.59239196777344,1.6505279541015625,130.94229125976562,130.21884155273438,0.72344970703125,0.2158328890800476,0.21276970207691193,-0.003063187003135681,0.0,0.0,0.0,0.0,0.0,0.0,0.5933910012245178,0.5942060947418213,-0.0008150935173034668,0.2013077288866043,0.2013077288866043,147.41971760988235
crack0084_04.png,-0.44152173995971666,120.306884765625,122.28645324707031,-1.9795684814453125,123.37902069091797,120.75773620605469,2.6212844848632812,0.2632431983947754,0.26738426089286804,0.004141062498092651,0.0,0.0,0.0,0.05847877264022827,0.08802199363708496,0.02954322099685669,0.5923875570297241,0.5884313583374023,0.003956198692321777,0.18330229818820953,0.18330229818820953,129.1975793838501
crack0084_05.png,1.392919158935547,108.47402954101562,109.5722885131836,-1.0982589721679688,119.99308776855469,118.39947509765625,1.5936126708984375,0.36718466877937317,0.3715163469314575,0.004331678152084351,0.33348900079727173,0.36831241846084595,0.03482341766357422,0.26242220401763916,0.3134850263595581,0.051062822341918945,0.5905805230140686,0.587723970413208,0.0028565526008605957,0.18928062915802002,0.18928062915802002,110.61529982089996
crack0084_06.png,-2.769580936431885,108.76891326904297,111.05303955078125,-2.2841262817382812,108.90613555908203,108.7796630859375,0.12647247314453125,0.3130832016468048,0.31325969099998474,0.00017648935317993164,0.20601767301559448,0.19435513019561768,-0.011662542819976807,0.21838855743408203,0.22079718112945557,0.002408623695373535,0.5853056311607361,0.5873971581459045,-0.002091526985168457,0.19481316208839417,0.19481316208839417,114.62187063694
crack0084_07.png,-1.308428955078125,110.58830261230469,111.80654907226562,-1.2182464599609375,115.44297790527344,114.25985717773438,1.1831207275390625,0.2511163353919983,0.25882405042648315,0.007707715034484863,0.12881064414978027,0.09959012269973755,-0.029220521450042725,0.1325961947441101,0.12496274709701538,-0.0076334476470947266,0.5874163508415222,0.5876970291137695,-0.00028067827224731445,0.1542603224515915,0.1542603224515915,119.63832688331604
crack0084_08.png,-1.3269485473632812,114.4609146118164,116.26840209960938,-1.8074874877929688,114.68853759765625,114.06683349609375,0.6217041015625,0.27710455656051636,0.280025839805603,0.00292128324508667,0.0,0.0,0.0,0.0,0.0,0.0,0.5872702598571777,0.5873163938522339,-4.6133995056152344e-05,0.1757432222366333,0.1757432222366333,122.23104071617126
crack0084_09.png,1.67056884765625,106.29326629638672,105.7083969116211,0.584869384765625,113.39683532714844,110.93778991699219,2.45904541015625,0.26856130361557007,0.27236729860305786,0.003805994987487793,0.2697513699531555,0.26127350330352783,-0.008477866649627686,0.2551484704017639,0.2696342468261719,0.014485776424407959,0.5901422500610352,0.5867243409156799,0.0034179091453552246,0.1875666081905365,0.1875666081905365,113.49284338951111
crack0085_00.png,6.4085204124450685,101.91264343261719,96.82362365722656,5.089019775390625,101.42526245117188,100.2817611694336,1.1435012817382812,0.29003360867500305,0.2980647385120392,0.008031129837036133,0.0,0.0,0.0,0.0,0.0,0.0,0.583587110042572,0.578096866607666,0.005490243434906006,0.12425938248634338,0.12425938248634338,105.30960142612457
crack0085_01.png,2.610155773162842,120.55583953857422,117.95506286621094,2.6007766723632812,107.9748306274414,106.17222595214844,1.8026046752929688,0.30503371357917786,0.2969895303249359,-0.008044183254241943,0.0,0.0,0.0,0.050856590270996094,0.020217716693878174,-0.03063887357711792,0.5767627954483032,0.57846599817276,-0.0017032027244567871,0.13767839968204498,0.13767839968204498,124.57471930980682
crack0085_02.png,4.3958793640136715,114.3943862915039,109.99561309814453,4.398773193359375,104.69701385498047,103.7642593383789,0.9327545166015625,0.28265127539634705,0.274366170167923,-0.008285105228424072,0.0,0.0,0.0,0.0,0.0,0.0,0.5819684863090515,0.5747981667518616,0.007170319557189941,0.12031131982803345,0.12031131982803345,119.0117689371109
crack0085_03.png,4.576504516601562,90.7566146850586,86.27821350097656,4.478401184082031,98.76345825195312,98.80439758300781,-0.0409393310546875,0.3265490233898163,0.3241834044456482,-0.002365618944168091,0.0,0.0,0.0,0.0,0.0,0.0,0.5793425440788269,0.5717493295669556,0.007593214511871338,0.12646670639514923,0.12646670639514923,92.24011158943176
crack0085_04.png,5.817575550079345,113.25548553466797,108.75764465332031,4.497840881347656,107.82925415039062,106.3483657836914,1.4808883666992188,0.2556287944316864,0.2635638117790222,0.007935017347335815,0.0,0.0,0.0,0.0,0.0,0.0,0.5841522216796875,0.5818377733230591,0.002314448356628418,0.13680513203144073,0.13680513203144073,119.03492629528046
crack0085_05.png,1.8094745635986325,123.77206420898438,119.9530029296875,3.819061279296875,114.0153579711914,111.16476440429688,2.8505935668945312,0.27349787950515747,0.2818772792816162,0.00837939977645874,0.1353704333305359,0.0370786190032959,-0.09829181432723999,0.06698113679885864,0.02274036407470703,-0.04424077272415161,0.5881738066673279,0.5853863954544067,0.0027874112129211426,0.1269611418247223,0.1269611418247223,128.9796130657196
crack0085_06.png,5.6815135955810545,112.48174285888672,107.90924072265625,4.572502136230469,106.64057922363281,106.4675521850586,0.17302703857421875,0.2514860928058624,0.26404497027397156,0.01255887746810913,0.01586848497390747,0.01701486110687256,0.0011463761329650879,0.07332313060760498,0.08238029479980469,0.009057164192199707,0.5770434737205505,0.5773125886917114,-0.00026911497116088867,0.12733697891235352,0.12733697891235352,118.1988297700882
crack0085_07.png,3.496018123626709,93.53396606445312,90.2258071899414,3.3081588745117188,107.55369567871094,107.13353729248047,0.42015838623046875,0.3457493484020233,0.3435496687889099,-0.0021996796131134033,0.0,0.0,0.0,0.0,0.0,0.0,0.5800999402999878,0.5752056837081909,0.004894256591796875,0.12995636463165283,0.12995636463165283,94.47090411186218
crack0085_08.png,4.935162734985352,106.21119689941406,101.08733367919922,5.123863220214844,103.12752532958984,102.41035461425781,0.7171707153320312,0.2920897603034973,0.2865411639213562,-0.005548596382141113,0.0,0.0,0.0,0.0,0.0,0.0,0.5761783719062805,0.5769703984260559,-0.0007920265197753906,0.12442027032375336,0.12442027032375336,109.5356113910675
crack0085_09.png,4.8532078742980955,115.04393768310547,111.5281982421875,3.5157394409179688,116.55948638916016,113.66802978515625,2.8914566040039062,0.29590582847595215,0.2951757311820984,-0.0007300972938537598,0.0,0.0,0.0,0.0,0.0,0.0,0.590599775314331,0.5846174359321594,0.005982339382171631,0.11754363775253296,0.11754363775253296,119.19951510429382
crack0086_00.png,-1.252696418762207,63.12314987182617,63.40903854370117,-0.285888671875,113.64674377441406,114.42648315429688,-0.7797393798828125,0.14209166169166565,0.13091793656349182,-0.011173725128173828,0.0,0.0,0.0,0.0,0.0,0.0,0.595413327217102,0.5894386768341064,0.0059746503829956055,0.11596377193927765,0.11596377193927765,79.22755110263824
crack0086_01.png,4.713270044326782,75.16008758544922,73.91242218017578,1.2476654052734375,117.94754791259766,118.65919494628906,-0.7116470336914062,0.16524751484394073,0.21021884679794312,0.04497133195400238,0.0,0.0,0.0,0.0,0.0,0.0,0.5948327779769897,0.5910188555717468,0.00381392240524292,0.11028584837913513,0.11028584837913513,88.41471511125565
crack0086_02.png,0.8754312515258791,67.62842559814453,66.34868621826172,1.2797393798828125,125.7875747680664,123.95292663574219,1.8346481323242188,0.14264975488185883,0.12512777745723724,-0.017521977424621582,0.0,0.0,0.0,0.0,0.0,0.0,0.595405638217926,0.5888158679008484,0.006589770317077637,0.12132826447486877,0.12132826447486877,83.29711478948593
crack0086_03.png,-0.11867318153381345,52.306766510009766,52.412471771240234,-0.10570526123046875,121.84204864501953,120.08433532714844,1.7577133178710938,0.12539292871952057,0.11170369386672974,-0.013689234852790833,0.0,0.0,0.0,0.0,0.0,0.0,0.5946636199951172,0.5851864814758301,0.00947713851928711,0.11812801659107208,0.11812801659107208,69.4439423084259
crack0086_04.png,-3.5992924213409423,65.52894592285156,66.81449890136719,-1.285552978515625,119.7527847290039,120.8332748413086,-1.0804901123046875,0.14594879746437073,0.11920766532421112,-0.026741132140159607,0.0,0.0,0.0,0.0,0.0,0.0,0.5942676067352295,0.5878239274024963,0.006443679332733154,0.1139073371887207,0.1139073371887207,82.78996676206589
crack0086_05.png,-0.9091840267181397,75.2179183959961,76.33943176269531,-1.1215133666992188,113.12660217285156,111.94293212890625,1.1836700439453125,0.13922502100467682,0.13101652264595032,-0.008208498358726501,0.0,0.0,0.0,0.0,0.0,0.0,0.5955286622047424,0.5856401324272156,0.009888529777526855,0.11843821406364441,0.11843821406364441,91.73883020877838
crack0086_06.png,3.4902397632598876,55.07913589477539,53.764827728271484,1.3143081665039062,123.439208984375,117.95625305175781,5.4829559326171875,0.15352563560009003,0.15103203058242798,-0.0024936050176620483,0.0,0.0,0.0,0.0,0.0,0.0,0.591664731502533,0.5871087908744812,0.004555940628051758,0.11391273140907288,0.11391273140907288,69.02664923667908
crack0086_07.png,0.7165261268615722,54.144222259521484,53.251800537109375,0.8924217224121094,118.52467346191406,118.45262908935547,0.07204437255859375,0.18240238726139069,0.17847667634487152,-0.003925710916519165,0.0,0.0,0.0,0.0,0.0,0.0,0.5901768803596497,0.5874432921409607,0.002733588218688965,0.11022907495498657,0.11022907495498657,66.59648603200912
crack0086_08.png,1.5547791481018067,62.317970275878906,63.988800048828125,-1.6708297729492188,119.93590545654297,117.75486755371094,2.1810379028320312,0.13397371768951416,0.15943822264671326,0.025464504957199097,0.0,0.0,0.0,0.0,0.0,0.0,0.5930603742599487,0.5851595401763916,0.007900834083557129,0.11613498628139496,0.11613498628139496,78.83737707138062
crack0086_09.png,2.489525079727173,62.8663444519043,64.9455337524414,-2.0791893005371094,129.39378356933594,122.47361755371094,6.920166015625,0.16857683658599854,0.18808607757091522,0.019509240984916687,0.0,0.0,0.0,0.0,0.0,0.0,0.5878546833992004,0.5818569660186768,0.005997717380523682,0.12163390219211578,0.12163390219211578,77.30551624298096
crack0087_00.png,0.3865047454833984,99.65131378173828,100.18849182128906,-0.5371780395507812,110.78262329101562,109.36956024169922,1.4130630493164062,0.21502049267292023,0.21263404190540314,-0.00238645076751709,0.31319618225097656,0.3260309100151062,0.012834727764129639,0.23531639575958252,0.26515430212020874,0.02983790636062622,0.581926167011261,0.581026554107666,0.0008996129035949707,0.18019600212574005,0.18019600212574005,110.43890696763992
crack0087_01.png,2.018770933151245,115.66568756103516,115.853271484375,-0.18758392333984375,117.66433715820312,117.14546203613281,0.5188751220703125,0.24061711132526398,0.24818545579910278,0.007568344473838806,0.18429863452911377,0.21764421463012695,0.033345580101013184,0.15200549364089966,0.17548930644989014,0.02348381280899048,0.5828450322151184,0.5813571810722351,0.0014878511428833008,0.20457562804222107,0.20457562804222107,124.63625413179398
crack0087_02.png,0.22258472442626953,98.20850372314453,100.36145782470703,-2.1529541015625,112.11085510253906,110.20510864257812,1.9057464599609375,0.16359110176563263,0.16871540248394012,0.005124300718307495,0.2002401351928711,0.23266011476516724,0.03241997957229614,0.08480268716812134,0.08210933208465576,-0.002693355083465576,0.578750491142273,0.5810880661010742,-0.0023375749588012695,0.15970993041992188,0.15970993041992188,112.71303731203079
crack0087_03.png,3.806775379180908,118.45533752441406,116.08486938476562,2.3704681396484375,122.65940856933594,119.22416687011719,3.43524169921875,0.2313825637102127,0.2264561802148819,-0.0049263834953308105,0.1852433681488037,0.1938217282295227,0.008578360080718994,0.10634809732437134,0.11770224571228027,0.011354148387908936,0.5967550873756409,0.593925416469574,0.0028296709060668945,0.18509790301322937,0.18509790301322937,127.55293613672256
crack0087_04.png,1.6260601043701173,100.44483947753906,100.4880599975586,-0.04322052001953125,108.90032958984375,106.9398193359375,1.96051025390625,0.20269300043582916,0.20739813148975372,0.0047051310539245605,0.3542827367782593,0.3666648864746094,0.012382149696350098,0.21396201848983765,0.21088504791259766,-0.0030769705772399902,0.5805267095565796,0.5801922082901001,0.0003345012664794922,0.17583203315734863,0.17583203315734863,111.52593809366226
crack0087_05.png,-1.5849761962890625,103.96634674072266,105.56172180175781,-1.5953750610351562,104.21924591064453,104.20173645019531,0.01750946044921875,0.18344849348068237,0.18314522504806519,-0.0003032684326171875,0.1055372953414917,0.10425251722335815,-0.001284778118133545,0.0,0.0,0.0,0.5803614258766174,0.5783852338790894,0.001976191997528076,0.1729455590248108,0.1729455590248108,116.98977780342102
crack0087_06.png,1.7732670307159424,98.09480285644531,98.9486083984375,-0.8538055419921875,107.62262725830078,106.56027221679688,1.0623550415039062,0.2323317676782608,0.23421674966812134,0.0018849819898605347,0.07587790489196777,0.1236010193824768,0.04772311449050903,0.0,0.01734870672225952,0.01734870672225952,0.5916686058044434,0.5881084203720093,0.003560185432434082,0.2013632357120514,0.2013632357120514,108.24854379892349
crack0087_07.png,2.5209033489227295,101.93911743164062,101.62635803222656,0.3127593994140625,111.89637756347656,108.83878326416016,3.0575942993164062,0.2005273401737213,0.20198513567447662,0.00145779550075531,0.1727386713027954,0.1924976110458374,0.019758939743041992,0.017893850803375244,0.019859492778778076,0.001965641975402832,0.5872510671615601,0.5852979421615601,0.001953125,0.17602619528770447,0.17602619528770447,113.24114000797272
crack0087_08.png,2.6297531604766844,94.26581573486328,92.56521606445312,1.7005996704101562,116.39403533935547,113.28620910644531,3.1078262329101562,0.1900276094675064,0.18579146265983582,-0.004236146807670593,0.0,0.0,0.0,0.0,0.0,0.0,0.5855440497398376,0.5849211812019348,0.000622868537902832,0.18157833814620972,0.18157833814620972,105.68979012966156
crack0087_09.png,2.9916983127593992,97.51568603515625,97.79680633544922,-0.28112030029296875,108.935791015625,106.55939483642578,2.3763961791992188,0.2242441624403,0.22973647713661194,0.005492314696311951,0.2128150463104248,0.25648826360702515,0.04367321729660034,0.08371192216873169,0.11298584938049316,0.029273927211761475,0.5851287841796875,0.5817301273345947,0.0033986568450927734,0.16820946335792542,0.16820946335792542,107.60674780607224
crack0088_00.png,-1.426676368713379,138.32681274414062,139.48275756835938,-1.15594482421875,108.35993957519531,108.33108520507812,0.0288543701171875,0.1610143929719925,0.16234706342220306,0.0013326704502105713,0.3262801766395569,0.31585443019866943,-0.010425746440887451,0.38035231828689575,0.36077332496643066,-0.019578993320465088,0.5809457898139954,0.5802422165870667,0.0007035732269287109,0.11789846420288086,0.11789846420288086,152.48175317049026
crack0088_01.png,-4.525818848609925,169.8201141357422,172.74822998046875,-2.9281158447265625,113.83757781982422,114.79893493652344,-0.9613571166992188,0.10593292862176895,0.10804003477096558,0.0021071061491966248,0.17035478353500366,0.13430064916610718,-0.036054134368896484,0.27571386098861694,0.24151474237442017,-0.03419911861419678,0.5828834772109985,0.5813725590705872,0.001510918140411377,0.11391052603721619,0.11391052603721619,188.24353542923927
crack0088_02.png,-3.945383620262146,155.8379364013672,158.5294952392578,-2.691558837890625,115.84770965576172,115.25636291503906,0.5913467407226562,0.11119219660758972,0.11200956255197525,0.0008173659443855286,0.27524006366729736,0.23676913976669312,-0.03847092390060425,0.29165011644363403,0.2657107710838318,-0.025939345359802246,0.5811687707901001,0.5815916657447815,-0.0004228949546813965,0.10531267523765564,0.10531267523765564,173.77585065364838
crack0088_03.png,-3.31485652923584,142.3761444091797,144.898681640625,-2.5225372314453125,104.16327667236328,104.20569610595703,-0.04241943359375,0.16210263967514038,0.15364369750022888,-0.008458942174911499,0.2535192370414734,0.25336402654647827,-0.0001552104949951172,0.3179793357849121,0.3058464527130127,-0.012132883071899414,0.5783044695854187,0.5806151628494263,-0.0023106932640075684,0.11034442484378815,0.11034442484378815,157.64339768886566
crack0088_04.png,-3.7459362506866456,159.092041015625,161.22801208496094,-2.1359710693359375,115.65785217285156,115.40286254882812,0.2549896240234375,0.1368071734905243,0.13669650256633759,-0.00011067092418670654,0.29232776165008545,0.24825066328048706,-0.04407709836959839,0.34376049041748047,0.29139018058776855,-0.052370309829711914,0.5805690288543701,0.5790696144104004,0.0014994144439697266,0.10762590169906616,0.10762590169906616,175.18099755048752
crack0088_05.png,-2.0335151672363283,142.63626098632812,144.35848999023438,-1.72222900390625,108.15606689453125,108.00650024414062,0.149566650390625,0.20920753479003906,0.20648634433746338,-0.0027211904525756836,0.26054805517196655,0.2577545642852783,-0.0027934908866882324,0.21938467025756836,0.22214055061340332,0.002755880355834961,0.5782122015953064,0.579254150390625,-0.0010419487953186035,0.13739588856697083,0.13739588856697083,154.27836084365845
crack0088_06.png,-3.433183765411377,149.87164306640625,152.4073486328125,-2.53570556640625,110.37750244140625,109.5938720703125,0.78363037109375,0.13663752377033234,0.1356465369462967,-0.0009909868240356445,0.26512497663497925,0.23457682132720947,-0.030548155307769775,0.32954180240631104,0.3335795998573303,0.004037797451019287,0.5770665407180786,0.5748096704483032,0.0022568702697753906,0.12008249759674072,0.12008249759674072,166.08336526155472
crack0088_07.png,0.08760752677917472,145.96575927734375,145.124267578125,0.84149169921875,108.86607360839844,108.51510620117188,0.3509674072265625,0.14447592198848724,0.14630714058876038,0.0018312186002731323,0.2738558053970337,0.24899762868881226,-0.024858176708221436,0.3171424865722656,0.31530487537384033,-0.001837611198425293,0.5803306698799133,0.5814917087554932,-0.001161038875579834,0.11201305687427521,0.11201305687427521,160.13612645864487
crack0088_08.png,-3.2858530998229982,151.3720703125,152.75938415527344,-1.3873138427734375,116.15618896484375,115.3607177734375,0.79547119140625,0.11549735069274902,0.1133013665676117,-0.002195984125137329,0.24538654088974,0.19455641508102417,-0.05083012580871582,0.26951462030410767,0.20480740070343018,-0.06470721960067749,0.5829642415046692,0.5831603407859802,-0.00019609928131103516,0.11023105680942535,0.11023105680942535,168.59405887126923
crack0088_09.png,-2.533043146133423,133.23358154296875,135.2482452392578,-2.0146636962890625,106.93229675292969,106.41288757324219,0.5194091796875,0.1703294962644577,0.16902607679367065,-0.0013034194707870483,0.26286780834198,0.24747872352600098,-0.015389084815979004,0.3087427020072937,0.28477537631988525,-0.023967325687408447,0.5803883075714111,0.580545961856842,-0.0001576542854309082,0.13831950724124908,0.13831950724124908,147.32118725776672
crack0089_00.png,5.334215927124023,136.80743408203125,129.58328247070312,7.224151611328125,103.61483764648438,103.57967376708984,0.03516387939453125,0.15157826244831085,0.15347005426883698,0.001891791820526123,0.11191624402999878,0.059229254722595215,-0.052686989307403564,0.16887181997299194,0.12909972667694092,-0.039772093296051025,0.5784198641777039,0.5771164894104004,0.0013033747673034668,0.11920902132987976,0.11920902132987976,147.2374570965767
crack0089_01.png,4.859186601638794,126.74527740478516,122.0888671875,4.656410217285156,104.96339416503906,104.03729248046875,0.9261016845703125,0.16359753906726837,0.16203874349594116,-0.0015587955713272095,0.0,0.0002447366714477539,0.0002447366714477539,0.08385413885116577,0.11483258008956909,0.03097844123840332,0.5822606682777405,0.583579421043396,-0.0013187527656555176,0.12101596593856812,0.12101596593856812,138.03792452812195
crack0089_02.png,5.774160408973694,145.6614532470703,142.2769317626953,3.384521484375,114.73973083496094,112.91072082519531,1.829010009765625,0.12269996851682663,0.1314271092414856,0.008727140724658966,0.15466588735580444,0.17243415117263794,0.017768263816833496,0.1678997278213501,0.1774107813835144,0.009511053562164307,0.5963667631149292,0.5901384353637695,0.006228327751159668,0.11233345419168472,0.11233345419168472,160.46186491847038
crack0089_03.png,2.1890987396240233,142.58433532714844,140.88450622558594,1.6998291015625,109.67610168457031,107.66574096679688,2.0103607177734375,0.13942250609397888,0.13356229662895203,-0.0058602094650268555,0.0,0.0,0.0,0.07869380712509155,0.05883294343948364,-0.01986086368560791,0.5929757952690125,0.589127242565155,0.003848552703857422,0.11471669375896454,0.11471669375896454,157.43971478939056
crack0089_04.png,5.194062423706055,134.33023071289062,131.1854248046875,3.144805908203125,108.1591796875,107.53230285644531,0.6268768310546875,0.19483722746372223,0.20200704038143158,0.007169812917709351,0.04537993669509888,0.07034355401992798,0.0249636173248291,0.191864013671875,0.20233160257339478,0.010467588901519775,0.5963937044143677,0.5907343029975891,0.0056594014167785645,0.14257200062274933,0.14257200062274933,144.92334228754044
crack0089_05.png,3.137192583084106,129.61537170410156,125.60834503173828,4.007026672363281,108.07621765136719,106.57560729980469,1.5006103515625,0.18762876093387604,0.17692860960960388,-0.010700151324272156,0.1498674750328064,0.12828361988067627,-0.021583855152130127,0.19937938451766968,0.16696691513061523,-0.03241246938705444,0.5920991897583008,0.5858669877052307,0.006232202053070068,0.13272181153297424,0.13272181153297424,140.68010938167572
crack0089_06.png,0.6273097038269042,141.12094116210938,138.6868438720703,2.4340972900390625,109.39068603515625,107.32073974609375,2.0699462890625,0.12882177531719208,0.12717010080814362,-0.001651674509048462,0.10458093881607056,0.04121541976928711,-0.06336551904678345,0.08905410766601562,0.08006852865219116,-0.008985579013824463,0.5926797389984131,0.5918800234794617,0.000799715518951416,0.11704903095960617,0.11704903095960617,155.98087602853775
crack0089_07.png,5.932853269577026,125.58766174316406,121.44523620605469,4.142425537109375,104.39573669433594,103.76788330078125,0.6278533935546875,0.1430530846118927,0.15000741183757782,0.00695432722568512,0.0,0.023597002029418945,0.023597002029418945,0.07552856206893921,0.0728219747543335,-0.002706587314605713,0.5795962810516357,0.5786197781562805,0.0009765028953552246,0.11497150361537933,0.11497150361537933,138.11711513996124
crack0089_08.png,5.073780488967896,139.2323760986328,135.3186798095703,3.9136962890625,111.53958129882812,110.34034729003906,1.1992340087890625,0.16329695284366608,0.18546420335769653,0.022167250514030457,0.19263994693756104,0.16624951362609863,-0.026390433311462402,0.2281174659729004,0.19654834270477295,-0.03156912326812744,0.589419424533844,0.5903537273406982,-0.000934302806854248,0.11780021339654922,0.11780021339654922,151.09185987710953
crack0089_09.png,2.7041608810424806,138.09573364257812,134.6527862548828,3.4429473876953125,111.32617950439453,109.90508270263672,1.4210968017578125,0.1691696047782898,0.16199731826782227,-0.007172286510467529,0.10423028469085693,0.08443325757980347,-0.019797027111053467,0.128395676612854,0.11223727464675903,-0.01615840196609497,0.5842791199684143,0.5828181505203247,0.0014609694480895996,0.13972154259681702,0.13972154259681702,150.0255856513977
crack0090_00.png,2.4429314613342283,106.5590591430664,104.65443420410156,1.9046249389648438,105.50994110107422,104.42825317382812,1.0816879272460938,0.31200963258743286,0.30727019906044006,-0.004739433526992798,0.4034603238105774,0.4122158885002136,0.00875556468963623,0.3212527632713318,0.315721333026886,-0.005531430244445801,0.5881084203720093,0.5847443342208862,0.003364086151123047,0.21015268564224243,0.21015268564224243,110.69487154483795
crack0090_01.png,0.6847145080566406,111.51195526123047,110.04312133789062,1.4688339233398438,107.70545959472656,107.32482147216797,0.38063812255859375,0.26634639501571655,0.2567615211009979,-0.009584873914718628,0.28795331716537476,0.2854553461074829,-0.0024979710578918457,0.226060152053833,0.20661967992782593,-0.01944047212600708,0.5873855948448181,0.589127242565155,-0.001741647720336914,0.1999601125717163,0.1999601125717163,118.93693673610687
crack0090_02.png,1.4089902877807616,101.67573547363281,100.10533142089844,1.570404052734375,107.19020080566406,106.2701187133789,0.9200820922851562,0.26566752791404724,0.2671608626842499,0.0014933347702026367,0.4726946949958801,0.45485323667526245,-0.017841458320617676,0.3157590627670288,0.26967430114746094,-0.04608476161956787,0.5775817036628723,0.5759630799293518,0.0016186237335205078,0.14174342155456543,0.14174342155456543,108.05374991893768
crack0090_03.png,-0.46781206130981445,104.1235580444336,103.84941101074219,0.27414703369140625,107.91671752929688,107.78045654296875,0.136260986328125,0.22485145926475525,0.2181778848171234,-0.006673574447631836,0.467837929725647,0.4612157940864563,-0.006622135639190674,0.3277975916862488,0.33036988973617554,0.002572298049926758,0.5858900547027588,0.5858323574066162,5.7697296142578125e-05,0.15598589181900024,0.15598589181900024,114.33141362667084
crack0090_04.png,1.2613118171691895,102.96572875976562,101.87325286865234,1.0924758911132812,103.72465515136719,103.78977966308594,-0.06512451171875,0.2690538763999939,0.27247458696365356,0.003420710563659668,0.39603209495544434,0.3945702910423279,-0.001461803913116455,0.34296977519989014,0.33247822523117065,-0.010491549968719482,0.5836293697357178,0.5841368436813354,-0.0005074739456176758,0.1893046796321869,0.1893046796321869,109.64173197746277
crack0090_05.png,2.299221706390381,109.60520935058594,107.31784057617188,2.2873687744140625,109.59893035888672,107.7902603149414,1.8086700439453125,0.33147698640823364,0.32557225227355957,-0.005904734134674072,0.47456884384155273,0.4615406394004822,-0.013028204441070557,0.3986390233039856,0.38358229398727417,-0.015056729316711426,0.5923260450363159,0.5852787494659424,0.007047295570373535,0.2315509170293808,0.2315509170293808,112.62023162841797
crack0090_06.png,9.419299697875976,116.20928955078125,111.10833740234375,5.1009521484375,112.95320129394531,109.33718872070312,3.6160125732421875,0.25916150212287903,0.2741555869579315,0.01499408483505249,0.32766127586364746,0.3644005060195923,0.036739230155944824,0.25764209032058716,0.2974334955215454,0.03979140520095825,0.5927758812904358,0.5877047181129456,0.005071163177490234,0.19032958149909973,0.19032958149909973,121.82015860080719
crack0090_07.png,0.6054522514343261,109.55812072753906,108.16262817382812,1.3954925537109375,107.20127868652344,106.0415267944336,1.1597518920898438,0.25438112020492554,0.24394384026527405,-0.01043727993965149,0.5026598572731018,0.49357765913009644,-0.009082198143005371,0.3725240230560303,0.361348032951355,-0.011175990104675293,0.5864897966384888,0.5878815650939941,-0.001391768455505371,0.1833900809288025,0.1833900809288025,117.73900663852692
crack0090_08.png,-1.2487842082977294,113.8408432006836,113.44673919677734,0.39410400390625,112.19223022460938,110.55795288085938,1.63427734375,0.2282111644744873,0.18691407144069672,-0.04129709303379059,0.4715591073036194,0.4883415699005127,0.01678246259689331,0.31105881929397583,0.29416507482528687,-0.016893744468688965,0.5875586271286011,0.5791618824005127,0.008396744728088379,0.18007920682430267,0.18007920682430267,125.93129199743271
crack0090_09.png,1.123247003555298,110.06689453125,110.3819580078125,-0.3150634765625,109.7926025390625,109.16555786132812,0.627044677734375,0.23299628496170044,0.2371336668729782,0.004137381911277771,0.43719667196273804,0.4564792513847351,0.01928257942199707,0.36792850494384766,0.3943145275115967,0.026386022567749023,0.5907843112945557,0.5886543393135071,0.002129971981048584,0.16067180037498474,0.16067180037498474,119.87602162361145
crack0091_00.png,7.142848205566406,101.58968353271484,94.5055160522461,7.08416748046875,109.29876708984375,110.11079406738281,-0.8120269775390625,0.16583660244941711,0.16932496428489685,0.0034883618354797363,0.0,0.0,0.0,0.008473038673400879,0.0,-0.008473038673400879,0.5870895981788635,0.584479033946991,0.0026105642318725586,0.1312180757522583,0.1312180757522583,111.58098757266998
crack0091_01.png,3.230633354187012,116.88643646240234,114.06404876708984,2.8223876953125,115.84828186035156,114.4073715209961,1.4409103393554688,0.2030874639749527,0.19723935425281525,-0.005848109722137451,0.0,0.0,0.0,0.0032235383987426758,0.026762425899505615,0.02353888750076294,0.597597062587738,0.590103805065155,0.007493257522583008,0.13888120651245117,0.13888120651245117,127.5447638630867
crack0091_02.png,9.072212028503419,91.57706451416016,82.43444061279297,9.142623901367188,105.96215057373047,107.33636474609375,-1.3742141723632812,0.18657755851745605,0.20061719417572021,0.01403963565826416,0.014721035957336426,0.0,-0.014721035957336426,0.09410876035690308,0.0,-0.09410876035690308,0.5864052176475525,0.5877816081047058,-0.0013763904571533203,0.13081780076026917,0.13081780076026917,99.32236337661743
crack0091_03.png,8.41001238822937,98.21776580810547,91.34796142578125,6.869804382324219,108.85912322998047,108.86368560791016,-0.0045623779296875,0.1738157868385315,0.1925337165594101,0.0187179297208786,0.0,0.0,0.0,0.0,0.0,0.0,0.5865628719329834,0.5854479074478149,0.001114964485168457,0.12887492775917053,0.12887492775917053,107.8164312839508
crack0091_04.png,10.219990491867065,89.76618194580078,81.49472045898438,8.271461486816406,110.54302978515625,109.81816101074219,0.7248687744140625,0.12681224942207336,0.14245803654193878,0.015645787119865417,0.0,0.0,0.0,0.0,0.0,0.0,0.5898615717887878,0.5796886086463928,0.01017296314239502,0.10681045800447464,0.10681045800447464,101.61617910861969
crack0091_05.png,4.570098161697388,82.38670349121094,75.2521743774414,7.134529113769531,108.14047241210938,110.88713073730469,-2.7466583251953125,0.1922486573457718,0.22248631715774536,0.030237659811973572,0.2418360710144043,0.14714640378952026,-0.09468966722488403,0.22899383306503296,0.18686306476593018,-0.04213076829910278,0.5867666006088257,0.5891964435577393,-0.0024298429489135742,0.13502013683319092,0.13502013683319092,90.85237723588943
crack0091_06.png,4.726931142807007,96.34660339355469,91.71041107177734,4.636192321777344,112.21339416503906,112.02682495117188,0.1865692138671875,0.1603422313928604,0.15859821438789368,-0.0017440170049667358,0.0,0.0,0.0,0.0,0.0,0.0,0.5924990177154541,0.5886082053184509,0.003890812397003174,0.11342005431652069,0.11342005431652069,108.21257507801056
crack0091_07.png,7.827380275726318,103.77251434326172,97.16219329833984,6.610321044921875,112.16161346435547,112.08369445800781,0.07791900634765625,0.14519818127155304,0.15784381330013275,0.012645632028579712,0.0,0.0,0.0,0.0308072566986084,0.0,-0.0308072566986084,0.5930103659629822,0.5886543393135071,0.004356026649475098,0.12179209291934967,0.12179209291934967,115.47587758302689
crack0091_08.png,7.068310070037842,100.15811920166016,93.96495056152344,6.193168640136719,109.68978881835938,110.52128601074219,-0.8314971923828125,0.11722443997859955,0.1291974037885666,0.011972963809967041,0.0,0.0,0.0,0.0,0.0,0.0,0.5902652740478516,0.5840176939964294,0.006247580051422119,0.1147662028670311,0.1147662028670311,113.63867944478989
crack0091_09.png,1.496922874450684,103.74644470214844,99.21720886230469,4.52923583984375,116.47309875488281,116.99539184570312,-0.5222930908203125,0.13153819739818573,0.135519340634346,0.003981143236160278,0.270571768283844,0.19379311800003052,-0.07677865028381348,0.27362096309661865,0.20016485452651978,-0.07345610857009888,0.5900115370750427,0.5917800664901733,-0.0017685294151306152,0.12350823730230331,0.12350823730230331,117.26073759794235
crack0092_00.png,2.2403141975402834,154.3418731689453,151.77520751953125,2.5666656494140625,109.51353454589844,109.7384033203125,-0.2248687744140625,0.13535895943641663,0.13037583231925964,-0.004983127117156982,0.0,0.0,0.0,0.0,0.0,0.0,0.5863129496574402,0.5822567939758301,0.004056155681610107,0.0933719202876091,0.0933719202876091,168.6885083913803
crack0092_01.png,1.6285725116729737,135.62603759765625,134.95919799804688,0.666839599609375,114.67960357666016,114.57501220703125,0.10459136962890625,0.15591676533222198,0.16590067744255066,0.009983912110328674,0.0,0.0,0.0,0.12054705619812012,0.11430180072784424,-0.006245255470275879,0.5784236788749695,0.5753940939903259,0.0030295848846435547,0.10524682700634003,0.10524682700634003,149.07455903291702
crack0092_02.png,0.4334752559661865,112.96463012695312,111.14825439453125,1.816375732421875,105.27908325195312,105.12077331542969,0.1583099365234375,0.19252942502498627,0.1768874228000641,-0.01564200222492218,0.20566833019256592,0.19874364137649536,-0.006924688816070557,0.2089492678642273,0.191389799118042,-0.017559468746185303,0.5801268815994263,0.5780737996101379,0.00205308198928833,0.11939679831266403,0.11939679831266403,124.6482721567154
crack0092_03.png,0.06377744674682617,134.05291748046875,133.85997009277344,0.1929473876953125,109.96343231201172,107.80076599121094,2.1626663208007812,0.19462260603904724,0.18763503432273865,-0.006987571716308594,0.0116804838180542,0.0,-0.0116804838180542,0.1626901626586914,0.16253989934921265,-0.00015026330947875977,0.577773928642273,0.5769742131233215,0.000799715518951416,0.10061173141002655,0.10061173141002655,145.8092988729477
crack0092_04.png,3.6747122764587403,139.00511169433594,135.98243713378906,3.022674560546875,105.85789489746094,105.08390808105469,0.77398681640625,0.15912815928459167,0.14810475707054138,-0.011023402214050293,0.08358883857727051,0.11553078889846802,0.03194195032119751,0.1895681619644165,0.18117552995681763,-0.008392632007598877,0.5820684432983398,0.5834025144577026,-0.001334071159362793,0.10241815447807312,0.10241815447807312,151.94358956813812
crack0092_05.png,3.6918715953826906,132.9457550048828,130.62109375,2.3246612548828125,110.3009033203125,109.01087951660156,1.2900238037109375,0.1807737648487091,0.18135766685009003,0.0005839020013809204,0.03705000877380371,0.05272549390792847,0.015675485134124756,0.1261085867881775,0.08450978994369507,-0.04159879684448242,0.5845405459403992,0.5801038146018982,0.0044367313385009766,0.10477468371391296,0.10477468371391296,144.31862032413483
crack0092_06.png,2.9613152503967286,133.88330078125,131.07383728027344,2.8094635009765625,108.226318359375,107.60560607910156,0.6207122802734375,0.16140544414520264,0.1586717665195465,-0.002733677625656128,0.0,0.0,0.0,0.0,0.0,0.0,0.5837178230285645,0.5806612968444824,0.0030565261840820312,0.10373780131340027,0.10373780131340027,146.3069759607315
crack0092_07.png,2.649708604812622,137.5061798095703,134.42369079589844,3.082489013671875,107.84512329101562,106.55474090576172,1.2903823852539062,0.16116918623447418,0.14686039090156555,-0.01430879533290863,0.0,0.0,0.0,0.010183453559875488,0.0,-0.010183453559875488,0.5860322713851929,0.581138014793396,0.004894256591796875,0.09909775853157043,0.09909775853157043,150.59460270404816
crack0092_08.png,4.302972602844238,135.53199768066406,131.11207580566406,4.419921875,106.83967590332031,105.14469909667969,1.694976806640625,0.1555939018726349,0.14394819736480713,-0.011645704507827759,0.0,0.0,0.0,0.005899310111999512,0.0,-0.005899310111999512,0.5842868089675903,0.5808688998222351,0.0034179091453552246,0.09907229244709015,0.09907229244709015,148.05661725997925
crack0092_09.png,4.033756685256958,143.2171173095703,140.4058380126953,2.811279296875,110.38352966308594,108.7380142211914,1.6455154418945312,0.1478573977947235,0.14774666726589203,-0.00011073052883148193,0.1205892562866211,0.13017702102661133,0.009587764739990234,0.14059829711914062,0.1314728856086731,-0.00912541151046753,0.5863590836524963,0.58161860704422,0.004740476608276367,0.12372035533189774,0.12372035533189774,156.40104097127914
crack0093_00.png,0.5508436679840087,141.00271606445312,140.7445068359375,0.258209228515625,111.88770294189453,111.32998657226562,0.5577163696289062,0.2057262510061264,0.2055709958076477,-0.00015525519847869873,0.0,0.0,0.0,0.0,0.0,0.0,0.5894156098365784,0.5873664021492004,0.0020492076873779297,0.11361034214496613,0.11361034214496613,152.11597609519958
crack0093_01.png,1.6351612091064451,112.65309143066406,110.52558135986328,2.1275100708007812,113.76885986328125,113.66690063476562,0.101959228515625,0.28276968002319336,0.27485406398773193,-0.007915616035461426,0.0,0.0,0.0,0.0,0.0,0.0,0.591560959815979,0.5890580415725708,0.002502918243408203,0.138947993516922,0.138947993516922,118.76053094863892
crack0093_02.png,0.6739749431610107,132.43455505371094,131.88296508789062,0.5515899658203125,111.92195129394531,110.79973602294922,1.1222152709960938,0.24861662089824677,0.244283527135849,-0.004333093762397766,0.0,0.0,0.0,0.0,0.0,0.0,0.5902422070503235,0.5897385478019714,0.0005036592483520508,0.1110212653875351,0.1110212653875351,141.11143672466278
crack0093_03.png,-1.6668946743011475,121.72196960449219,122.37948608398438,-0.6575164794921875,108.56144714355469,108.40050506591797,0.16094207763671875,0.21557889878749847,0.19928497076034546,-0.016293928027153015,0.0,0.0,0.0,0.0,0.0,0.0,0.5884813666343689,0.582737386226654,0.005743980407714844,0.11460284888744354,0.11460284888744354,133.6328842639923
crack0093_04.png,0.5494063377380372,126.08019256591797,126.34137725830078,-0.2611846923828125,108.40963745117188,106.98344421386719,1.4261932373046875,0.24479536712169647,0.24722008407115936,0.0024247169494628906,0.0,0.0,0.0,0.0,0.0,0.0,0.5898423790931702,0.5886889696121216,0.001153409481048584,0.122516930103302,0.122516930103302,135.1167580485344
crack0093_05.png,-0.8160521984100342,140.9852294921875,142.51031494140625,-1.52508544921875,105.08613586425781,103.9291763305664,1.1569595336914062,0.19004514813423157,0.1936499923467636,0.0036048442125320435,0.0,0.0,0.0,0.0,0.0,0.0,0.5793771743774414,0.5804306268692017,-0.001053452491760254,0.10291575640439987,0.10291575640439987,153.56228840351105
crack0093_06.png,-0.44967031478881836,128.79779052734375,128.88975524902344,-0.0919647216796875,110.02606964111328,109.72772216796875,0.29834747314453125,0.2616502344608307,0.25316122174263,-0.008489012718200684,0.0,0.0,0.0,0.0,0.0,0.0,0.5930911302566528,0.588039219379425,0.005051910877227783,0.11470794677734375,0.11470794677734375,137.3777447938919
crack0093_07.png,1.1130518913269043,119.91509246826172,119.54300689697266,0.3720855712890625,107.4755859375,106.87583923339844,0.5997467041015625,0.21821168065071106,0.22549769282341003,0.007286012172698975,0.0,0.0,0.0,0.0,0.0,0.0,0.5833218097686768,0.5853671431541443,-0.0020453333854675293,0.124961718916893,0.124961718916893,130.0510345697403
crack0093_08.png,0.8180211544036866,125.9625244140625,125.76856231689453,0.19396209716796875,108.63739013671875,107.83074951171875,0.806640625,0.2362174242734909,0.23871812224388123,0.00250069797039032,0.0,0.0,0.0,0.020408451557159424,0.007113158702850342,-0.013295292854309082,0.5858362317085266,0.5833025574684143,0.0025336742401123047,0.11936266720294952,0.11936266720294952,135.12594717741013
crack0093_09.png,0.2317357063293457,121.77628326416016,122.21709442138672,-0.4408111572265625,109.33101654052734,108.57536315917969,0.7556533813476562,0.23311921954154968,0.2369711697101593,0.003851950168609619,0.0,0.0,0.0,0.06766104698181152,0.05306553840637207,-0.014595508575439453,0.5903460383415222,0.5887928009033203,0.0015532374382019043,0.12556594610214233,0.12556594610214233,131.62337720394135
crack0094_00.png,1.7097743988037108,107.17259216308594,106.61929321289062,0.5532989501953125,101.93350219726562,101.5784912109375,0.355010986328125,0.3333502411842346,0.33674725890159607,0.00339701771736145,0.0,0.01892530918121338,0.01892530918121338,0.05579829216003418,0.08594644069671631,0.03014814853668213,0.5818723440170288,0.5822299122810364,-0.00035756826400756836,0.24298977851867676,0.24298977851867676,110.18412470817566
crack0094_01.png,-0.8826439857482911,105.218505859375,105.33263397216797,-0.11412811279296875,104.6539306640625,104.33779907226562,0.316131591796875,0.33921658992767334,0.324165403842926,-0.015051186084747314,0.07899302244186401,0.08662891387939453,0.007635891437530518,0.03156393766403198,0.045118510723114014,0.013554573059082031,0.576309084892273,0.5762168169021606,9.226799011230469e-05,0.2201891988515854,0.2201891988515854,108.87800908088684
crack0094_02.png,-0.053362655639648426,99.09281921386719,99.24101257324219,-0.148193359375,100.91615295410156,100.42561340332031,0.49053955078125,0.3294816017150879,0.32901591062545776,-0.00046569108963012695,0.0,0.0,0.0,0.0,0.0,0.0,0.583383321762085,0.5849865674972534,-0.001603245735168457,0.23150649666786194,0.23150649666786194,102.82542395591736
crack0094_03.png,-0.724364948272705,98.07463836669922,98.2269515991211,-0.152313232421875,108.15440368652344,107.0925521850586,1.0618515014648438,0.3041097819805145,0.3092483878135681,0.005138605833053589,0.1070905327796936,0.0688638687133789,-0.0382266640663147,0.08249145746231079,0.06088566780090332,-0.02160578966140747,0.5850096344947815,0.5819799900054932,0.00302964448928833,0.20158261060714722,0.20158261060714722,103.30459344387054
crack0094_04.png,-2.381776809692383,102.04500579833984,101.97677612304688,0.06822967529296875,107.00865936279297,106.56245422363281,0.44620513916015625,0.2935996949672699,0.28828495740890503,-0.005314737558364868,0.06384873390197754,0.012295424938201904,-0.051553308963775635,0.07408338785171509,0.0,-0.07408338785171509,0.580657422542572,0.584186851978302,-0.0035294294357299805,0.2127951979637146,0.2127951979637146,108.08126759529114
crack0094_05.png,1.4071521759033203,99.4776840209961,99.00502014160156,0.47266387939453125,103.83430480957031,103.11172485351562,0.7225799560546875,0.32165923714637756,0.32778891921043396,0.0061296820640563965,0.0332033634185791,0.038737475872039795,0.005534112453460693,0.03039848804473877,0.02602982521057129,-0.0043686628341674805,0.5784467458724976,0.5801038146018982,-0.0016570687294006348,0.217094287276268,0.217094287276268,103.1459504365921
crack0094_06.png,-1.902839469909668,102.3126220703125,102.24028778076172,0.07233428955078125,105.96572875976562,105.26507568359375,0.700653076171875,0.3220705986022949,0.3071496784687042,-0.014920920133590698,0.32917284965515137,0.3005911111831665,-0.028581738471984863,0.25345921516418457,0.2570825219154358,0.0036233067512512207,0.5865705609321594,0.5845328569412231,0.0020377039909362793,0.24207808077335358,0.24207808077335358,107.31029665470123
crack0094_07.png,1.7070136070251465,97.2950439453125,96.99942779541016,0.29561614990234375,106.27281951904297,105.89783477783203,0.3749847412109375,0.32005831599235535,0.3386959135532379,0.01863759756088257,0.0,0.0,0.0,0.0,0.0,0.0,0.5799615383148193,0.5857016444206238,-0.005740106105804443,0.21211686730384827,0.21211686730384827,101.37180268764496
crack0094_08.png,0.7066469192504883,100.20109558105469,99.927734375,0.2733612060546875,101.16474914550781,101.08929443359375,0.0754547119140625,0.2777467966079712,0.2823896110057831,0.00464281439781189,0.0,0.0,0.0,0.0,0.0,0.0,0.5835562944412231,0.5827643275260925,0.0007919669151306152,0.18098509311676025,0.18098509311676025,106.741858959198
crack0094_09.png,1.042801284790039,110.0810317993164,108.8421859741211,1.2388458251953125,105.2936782836914,104.3027572631836,0.9909210205078125,0.36890119314193726,0.36324918270111084,-0.005652010440826416,0.0,0.0,0.0,0.09710568189620972,0.11006999015808105,0.012964308261871338,0.5767935514450073,0.5802998542785645,-0.003506302833557129,0.2097764015197754,0.2097764015197754,110.87865209579468
crack0095_00.png,5.91124153137207,117.51851654052734,112.2883071899414,5.2302093505859375,103.0296401977539,102.07466888427734,0.9549713134765625,0.25231483578681946,0.2646290957927704,0.012314260005950928,0.0581318736076355,0.04044884443283081,-0.017683029174804688,0.17613983154296875,0.19257724285125732,0.016437411308288574,0.5891849398612976,0.5886543393135071,0.0005306005477905273,0.14916115999221802,0.14916115999221802,123.33191931247711
crack0095_01.png,3.4356613159179688,116.50808715820312,112.7489242553711,3.7591629028320312,104.2161865234375,104.088623046875,0.1275634765625,0.1813432276248932,0.17763957381248474,-0.0037036538124084473,0.14324051141738892,0.1398736834526062,-0.003366827964782715,0.1795160174369812,0.18088698387145996,0.0013709664344787598,0.5798154473304749,0.5784044861793518,0.0014109611511230469,0.1748906373977661,0.1748906373977661,127.16274917125702
crack0095_02.png,4.809889507293701,126.52178955078125,121.70758056640625,4.814208984375,105.71533203125,104.97260284423828,0.7427291870117188,0.26427581906318665,0.25965169072151184,-0.004624128341674805,0.07659626007080078,0.07588708400726318,-0.0007091760635375977,0.1446528434753418,0.15575581789016724,0.01110297441482544,0.5891464948654175,0.5867243409156799,0.002422153949737549,0.1623142808675766,0.1623142808675766,132.10144340991974
crack0095_03.png,4.9974596977233885,101.26099395751953,97.78047943115234,3.4805145263671875,105.75007629394531,105.42648315429688,0.3235931396484375,0.1518544703722,0.16240103542804718,0.010546565055847168,0.355040967464447,0.36561745405197144,0.010576486587524414,0.31848573684692383,0.3099055290222168,-0.008580207824707031,0.587708592414856,0.584690511226654,0.0030180811882019043,0.15745462477207184,0.15745462477207184,113.91781216859818
crack0095_04.png,-1.3566190242767333,103.8430404663086,103.85676574707031,-0.01372528076171875,108.46115112304688,108.40608215332031,0.0550689697265625,0.22228440642356873,0.21453316509723663,-0.007751241326332092,0.20970094203948975,0.1873164176940918,-0.02238452434539795,0.27275121212005615,0.25016987323760986,-0.02258133888244629,0.5923875570297241,0.588623583316803,0.0037639737129211426,0.1611804962158203,0.1611804962158203,114.67341548204422
crack0095_05.png,7.819615411758423,113.80966186523438,108.63947296142578,5.170188903808594,104.09532165527344,103.34547424316406,0.749847412109375,0.2176525890827179,0.23896892368793488,0.02131633460521698,0.330862820148468,0.3477247357368469,0.016861915588378906,0.295160710811615,0.32233649492263794,0.02717578411102295,0.5800115466117859,0.5807689428329468,-0.0007573962211608887,0.17785540223121643,0.17785540223121643,121.39616978168488
crack0095_06.png,4.3123737335205075,113.98279571533203,111.94429016113281,2.0385055541992188,103.30526733398438,103.13629150390625,0.168975830078125,0.17637616395950317,0.19440025091171265,0.018024086952209473,0.31598520278930664,0.3353862166404724,0.01940101385116577,0.3447054624557495,0.3328167796134949,-0.011888682842254639,0.5868204236030579,0.5871126651763916,-0.00029224157333374023,0.16364479064941406,0.16364479064941406,125.8654797077179
crack0095_07.png,5.772223567962646,107.94078826904297,105.52294921875,2.4178390502929688,101.36686706542969,100.51616668701172,0.8507003784179688,0.23697534203529358,0.26284870505332947,0.02587336301803589,0.31613773107528687,0.3397012948989868,0.02356356382369995,0.32923758029937744,0.32790112495422363,-0.0013364553451538086,0.583383321762085,0.5833410024642944,4.2319297790527344e-05,0.16008949279785156,0.16008949279785156,115.84868109226227
crack0095_08.png,10.718406629562377,115.0607681274414,110.79782104492188,4.262947082519531,105.49162292480469,104.55270385742188,0.9389190673828125,0.18566256761550903,0.23545251786708832,0.049789950251579285,0.21273642778396606,0.264803946018219,0.05206751823425293,0.24281948804855347,0.25605010986328125,0.013230621814727783,0.5799961686134338,0.5796462893486023,0.00034987926483154297,0.14435184001922607,0.14435184001922607,124.98938727378845
crack0095_09.png,6.222322607040406,107.8990249633789,104.72476959228516,3.17425537109375,106.56846618652344,106.1663818359375,0.4020843505859375,0.2455786019563675,0.24651625752449036,0.0009376555681228638,0.07545006275177002,0.14479440450668335,0.06934434175491333,0.08347398042678833,0.12482041120529175,0.04134643077850342,0.593452513217926,0.5924913287162781,0.0009611845016479492,0.1522151529788971,0.1522151529788971,115.31528168916702
crack0096_00.png,0.8708155632019041,124.80224609375,121.88594055175781,2.9163055419921875,103.50943756103516,103.83068084716797,-0.3212432861328125,0.2522316575050354,0.243345707654953,-0.008885949850082397,0.13831722736358643,0.10879480838775635,-0.029522418975830078,0.23832988739013672,0.2068069577217102,-0.031522929668426514,0.5815186500549316,0.5821491479873657,-0.000630497932434082,0.11308235675096512,0.11308235675096512,132.02931678295135
crack0096_01.png,3.353407001495361,122.84331512451172,120.12610626220703,2.7172088623046875,103.68748474121094,103.75173950195312,-0.0642547607421875,0.18718314170837402,0.20690423250198364,0.01972109079360962,0.3092585802078247,0.2845030426979065,-0.024755537509918213,0.2700565457344055,0.30740630626678467,0.03734976053237915,0.5862245559692383,0.5843636989593506,0.0018608570098876953,0.12043416500091553,0.12043416500091553,133.70270442962646
crack0096_02.png,2.899473810195923,139.6017608642578,135.1489715576172,4.452789306640625,107.79673767089844,106.96328735351562,0.8334503173828125,0.21863941848278046,0.22119662165641785,0.00255720317363739,0.24570703506469727,0.18420571088790894,-0.06150132417678833,0.18123185634613037,0.16452383995056152,-0.016708016395568848,0.5974087119102478,0.5881891846656799,0.009219527244567871,0.10235264897346497,0.10235264897346497,148.15334957838058
crack0096_03.png,10.42919626235962,111.76209259033203,104.4193115234375,7.342781066894531,104.26811218261719,104.18867492675781,0.079437255859375,0.24530762434005737,0.2565009295940399,0.011193305253982544,0.09287673234939575,0.1481364369392395,0.05525970458984375,0.11428636312484741,0.1982998251914978,0.08401346206665039,0.5797231793403625,0.5810034871101379,-0.0012803077697753906,0.1398462951183319,0.1398462951183319,116.61238408088684
crack0096_04.png,4.253080177307129,125.00944519042969,121.08939361572266,3.9200515747070312,101.72200012207031,101.38272857666016,0.33927154541015625,0.21220523118972778,0.22442972660064697,0.01222449541091919,0.387487530708313,0.3697400689125061,-0.017747461795806885,0.37376952171325684,0.3669896721839905,-0.006779849529266357,0.5838024020195007,0.5855709314346313,-0.0017685294151306152,0.11757313460111618,0.11757313460111618,133.73994278907776
crack0096_05.png,1.4543870925903324,119.61156463623047,116.12397766113281,3.4875869750976562,103.19198608398438,102.71002197265625,0.481964111328125,0.21204349398612976,0.21729916334152222,0.005255669355392456,0.1686033010482788,0.10110437870025635,-0.06749892234802246,0.15908998250961304,0.11374443769454956,-0.04534554481506348,0.5845751762390137,0.5832372307777405,0.0013379454612731934,0.12099703401327133,0.12099703401327133,128.5281685590744
crack0096_06.png,3.395427322387695,112.3544921875,108.06090545654297,4.293586730957031,99.04222869873047,99.38278198242188,-0.34055328369140625,0.21876943111419678,0.21950805187225342,0.0007386207580566406,0.11153602600097656,0.09518176317214966,-0.016354262828826904,0.23486632108688354,0.24575573205947876,0.010889410972595215,0.5773279666900635,0.5814993977546692,-0.004171431064605713,0.11445441842079163,0.11445441842079163,120.34150886535645
crack0096_07.png,3.068649911880493,101.86592864990234,98.38675689697266,3.4791717529296875,99.46501159667969,99.77936553955078,-0.31435394287109375,0.24716858565807343,0.2435915172100067,-0.0035770684480667114,0.0,0.0,0.0,0.07802742719650269,0.10096240043640137,0.02293497323989868,0.5796232223510742,0.5795885920524597,3.463029861450195e-05,0.12113125622272491,0.12113125622272491,108.69578063488007
crack0096_08.png,3.7728995800018312,118.5431900024414,114.85954284667969,3.6836471557617188,100.94834899902344,100.38105773925781,0.567291259765625,0.22828815877437592,0.2304387390613556,0.0021505802869796753,0.059247374534606934,0.05067801475524902,-0.00856935977935791,0.1715344786643982,0.18970400094985962,0.018169522285461426,0.5837293267250061,0.582902729511261,0.0008265972137451172,0.10704079270362854,0.10704079270362854,126.35324996709824
crack0096_09.png,3.392722415924072,146.22987365722656,142.67031860351562,3.5595550537109375,105.52200317382812,104.81137084960938,0.71063232421875,0.20403112471103668,0.20680297911167145,0.0027718544006347656,0.2819221615791321,0.26075679063796997,-0.02116537094116211,0.27569037675857544,0.26640743017196655,-0.009282946586608887,0.594121515750885,0.5897769927978516,0.004344522953033447,0.11072103679180145,0.11072103679180145,155.9730892777443
crack0097_00.png,-3.863830327987671,92.67428588867188,96.76598358154297,-4.091697692871094,109.46087646484375,109.85264587402344,-0.3917694091796875,0.24511229991912842,0.24649004638195038,0.0013777464628219604,0.0,0.0,0.0,0.0,0.0,0.0,0.5802844762802124,0.5734255909919739,0.006858885288238525,0.12712401151657104,0.12712401151657104,103.22477579116821
crack0097_01.png,-2.2527863502502443,102.13774108886719,103.70238494873047,-1.5646438598632812,114.2393798828125,114.18251037597656,0.0568695068359375,0.28347882628440857,0.27295488119125366,-0.010523945093154907,0.0,0.0,0.0,0.01771777868270874,0.031313419342041016,0.013595640659332275,0.5882775783538818,0.5850019454956055,0.003275632858276367,0.15482956171035767,0.15482956171035767,110.07387328147888
crack0097_02.png,-0.927835750579834,112.09578704833984,113.19248962402344,-1.0967025756835938,124.01336669921875,125.18775177001953,-1.1743850708007812,0.3438156247138977,0.34964343905448914,0.005827814340591431,0.0,0.0,0.0,0.17559713125228882,0.16121554374694824,-0.014381587505340576,0.5911495685577393,0.5868396759033203,0.004309892654418945,0.1635495126247406,0.1635495126247406,115.66118359565735
crack0097_03.png,0.4058186531066894,95.16578674316406,94.65274047851562,0.5130462646484375,109.12125396728516,108.96110534667969,0.16014862060546875,0.2669537365436554,0.2643628418445587,-0.0025908946990966797,0.0,0.0,0.0,0.015869557857513428,0.020397543907165527,0.0045279860496521,0.5911687612533569,0.590269148349762,0.0008996129035949707,0.13589462637901306,0.13589462637901306,102.6942435503006
crack0097_04.png,-1.4537877082824706,106.98485565185547,107.5020751953125,-0.5172195434570312,117.95458984375,117.38350677490234,0.5710830688476562,0.28595811128616333,0.261565238237381,-0.02439287304878235,0.0,0.021613776683807373,0.021613776683807373,0.1134028434753418,0.13490456342697144,0.02150171995162964,0.586432158946991,0.5883852243423462,-0.0019530653953552246,0.14853793382644653,0.14853793382644653,115.08496010303497
crack0097_05.png,0.3532574653625488,100.47044372558594,100.66659545898438,-0.1961517333984375,112.55270385742188,113.00311279296875,-0.450408935546875,0.25498563051223755,0.2573734223842621,0.002387791872024536,0.05951428413391113,0.07500803470611572,0.01549375057220459,0.1176031231880188,0.10697978734970093,-0.010623335838317871,0.5820876359939575,0.5841176509857178,-0.002030014991760254,0.14144274592399597,0.14144274592399597,108.63408780097961
crack0097_06.png,1.1914426326751708,89.94239807128906,88.53845977783203,1.4039382934570312,118.47305297851562,118.66712951660156,-0.1940765380859375,0.24634476006031036,0.24436673521995544,-0.0019780248403549194,0.0,0.0,0.0,0.0,0.0,0.0,0.5898808240890503,0.5892964005470276,0.0005844235420227051,0.13290773332118988,0.13290773332118988,98.17365777492523
crack0097_07.png,0.93106107711792,104.82001495361328,104.3772201538086,0.4427947998046875,111.87467956542969,111.82051849365234,0.05416107177734375,0.25152233242988586,0.25496920943260193,0.0034468770027160645,0.0,0.0,0.0,0.07466995716094971,0.08486723899841309,0.010197281837463379,0.5954287052154541,0.5906574130058289,0.004771292209625244,0.13762378692626953,0.13762378692626953,113.32442581653595
crack0097_08.png,-1.6300572395324706,97.69429016113281,98.15263366699219,-0.458343505859375,108.87162017822266,107.36299896240234,1.5086212158203125,0.3092873990535736,0.2880917191505432,-0.021195679903030396,0.0,0.0,0.0,0.0,0.0,0.0,0.5806804895401001,0.5826681852340698,-0.0019876956939697266,0.12692129611968994,0.12692129611968994,103.9446861743927
crack0097_09.png,0.013538885116577193,104.18821716308594,104.73628997802734,-0.5480728149414062,117.27713012695312,118.14128112792969,-0.8641510009765625,0.23060759902000427,0.24010689556598663,0.00949929654598236,0.0,0.0,0.0,0.09738391637802124,0.07077568769454956,-0.02660822868347168,0.5896040201187134,0.5859208106994629,0.0036832094192504883,0.12709400057792664,0.12709400057792664,114.20995843410492
crack0098_00.png,4.457259035110473,145.23606872558594,141.37843322753906,3.857635498046875,106.08171081542969,105.09806823730469,0.983642578125,0.1845385730266571,0.18499340116977692,0.000454828143119812,0.0,0.0,0.0,0.0,0.0,0.0,0.58833909034729,0.5840945839881897,0.004244506359100342,0.09794633090496063,0.09794633090496063,155.76850020885468
crack0098_01.png,5.196600389480591,155.65174865722656,150.88662719726562,4.7651214599609375,109.8135757446289,109.45159149169922,0.3619842529296875,0.1682494580745697,0.16800947487354279,-0.0002399832010269165,0.0,0.0,0.0,0.0,0.0,0.0,0.5842291712760925,0.5765820741653442,0.007647097110748291,0.0889417752623558,0.0889417752623558,166.55778628587723
crack0098_02.png,-1.527515697479248,135.86099243164062,135.67172241210938,0.18927001953125,110.43006896972656,109.91053771972656,0.51953125,0.1932019293308258,0.1685985028743744,-0.024603426456451416,0.0,0.0,0.0,0.0,0.0,0.0,0.5901615023612976,0.5890696048736572,0.0010918974876403809,0.09667426347732544,0.09667426347732544,149.25690734386444
crack0098_03.png,4.56701545715332,152.26422119140625,149.15841674804688,3.105804443359375,107.86532592773438,107.72937774658203,0.13594818115234375,0.19315595924854279,0.21079711616039276,0.017641156911849976,0.0,0.0,0.0,0.0,0.0,0.0,0.5829411745071411,0.5830526947975159,-0.00011152029037475586,0.09566058218479156,0.09566058218479156,162.44406920671463
crack0098_04.png,4.863527631759643,141.422607421875,136.7083740234375,4.7142333984375,106.42538452148438,106.4822769165039,-0.05689239501953125,0.20599383115768433,0.20747743546962738,0.0014836043119430542,0.0,0.0,0.0,0.0,0.0,0.0,0.5808419585227966,0.5795078873634338,0.001334071159362793,0.09055259823799133,0.09055259823799133,149.93953919410706
crack0098_05.png,3.099090909957886,122.48009490966797,118.99221801757812,3.4878768920898438,104.59679412841797,104.6900405883789,-0.0932464599609375,0.22273920476436615,0.21767473220825195,-0.005064472556114197,0.0,0.0,0.0,0.0,0.0,0.0,0.5839138627052307,0.5825721025466919,0.0013417601585388184,0.0969662219285965,0.0969662219285965,131.03222703933716
crack0098_06.png,0.3633025169372559,128.99777221679688,128.1479034423828,0.8498687744140625,111.23420715332031,111.6777114868164,-0.44350433349609375,0.1972772181034088,0.19069641828536987,-0.00658079981803894,0.0,0.0,0.0,0.0,0.0,0.0,0.5844713449478149,0.5790388584136963,0.005432486534118652,0.09429655969142914,0.09429655969142914,140.50990653038025
crack0098_07.png,4.221468687057495,133.14015197753906,130.81564331054688,2.3245086669921875,109.06261444091797,108.91181945800781,0.15079498291015625,0.18522146344184875,0.20577655732631683,0.02055509388446808,0.0,0.0,0.0,0.0,0.0,0.0,0.5817916393280029,0.576985776424408,0.004805862903594971,0.0941099226474762,0.0941099226474762,144.13627541065216
crack0098_08.png,1.052785062789917,145.41456604003906,142.72015380859375,2.6944122314453125,109.84207153320312,110.46598815917969,-0.6239166259765625,0.20793555676937103,0.1902599036693573,-0.017675653100013733,0.0,0.0,0.0,0.0,0.0,0.0,0.5859169363975525,0.5853671431541443,0.0005497932434082031,0.0906386524438858,0.0906386524438858,156.08844316005707
crack0098_09.png,2.7332109451293944,121.28707885742188,118.15115356445312,3.13592529296875,107.75287628173828,107.87199401855469,-0.11911773681640625,0.18656347692012787,0.18174834549427032,-0.004815131425857544,0.0,0.0,0.0,0.0,0.0,0.0,0.5849365592002869,0.5841829776763916,0.0007535815238952637,0.10516753047704697,0.10516753047704697,132.21167784929276
crack0099_00.png,5.462577486038208,126.75458526611328,123.2061996459961,3.5483856201171875,110.04544067382812,110.19160461425781,-0.1461639404296875,0.23971609771251678,0.2628595232963562,0.023143425583839417,0.0,0.0,0.0,0.022348999977111816,0.0,-0.022348999977111816,0.5834794044494629,0.5804498195648193,0.0030295848846435547,0.12378783524036407,0.12378783524036407,133.9366027712822
crack0099_01.png,-1.5374317169189453,141.82711791992188,141.1558074951172,0.6713104248046875,109.84334564208984,110.12769317626953,-0.2843475341796875,0.3343217670917511,0.3313928246498108,-0.0029289424419403076,0.20688700675964355,0.16065818071365356,-0.04622882604598999,0.27117449045181274,0.23964464664459229,-0.03152984380722046,0.5807343125343323,0.5810226798057556,-0.00028836727142333984,0.14137254655361176,0.14137254655361176,144.8488004207611
crack0099_02.png,-0.47388744354248047,125.57109832763672,126.09236907958984,-0.521270751953125,112.66511535644531,112.04789733886719,0.617218017578125,0.4213908910751343,0.4297890067100525,0.008398115634918213,0.021599292755126953,0.0,-0.021599292755126953,0.09926486015319824,0.09936290979385376,9.804964065551758e-05,0.5856170654296875,0.5858016014099121,-0.00018453598022460938,0.14018823206424713,0.14018823206424713,123.98034429550171
crack0099_03.png,1.3833041191101074,130.5395965576172,129.360595703125,1.1790008544921875,106.96479797363281,106.28787994384766,0.6769180297851562,0.36386382579803467,0.3632555902004242,-0.0006082355976104736,0.25822216272354126,0.25480127334594727,-0.003420889377593994,0.25801342725753784,0.2512460947036743,-0.006767332553863525,0.5813571810722351,0.5783814191818237,0.002975761890411377,0.11757619678974152,0.11757619678974152,131.40904796123505
crack0099_04.png,2.1269596099853514,122.25694274902344,121.1627197265625,1.0942230224609375,108.79786682128906,110.20431518554688,-1.4064483642578125,0.38471707701683044,0.39057788252830505,0.005860805511474609,0.16578751802444458,0.18838554620742798,0.0225980281829834,0.17485719919204712,0.19761335849761963,0.02275615930557251,0.5878623723983765,0.5822991132736206,0.005563259124755859,0.12485808879137039,0.12485808879137039,122.1413015127182
crack0099_05.png,2.2836771965026856,135.47911071777344,133.21839904785156,2.260711669921875,107.55851745605469,108.16678619384766,-0.6082687377929688,0.31189167499542236,0.3185475766658783,0.006655901670455933,0.24720025062561035,0.23387861251831055,-0.013321638107299805,0.19674259424209595,0.1823338270187378,-0.014408767223358154,0.5820107460021973,0.5753440856933594,0.006666660308837891,0.13598906993865967,0.13598906993865967,138.91568422317505
crack0099_06.png,2.833473873138428,127.67950439453125,125.28380584716797,2.3956985473632812,109.60934448242188,109.74266052246094,-0.1333160400390625,0.28682979941368103,0.29051950573921204,0.003689706325531006,0.0,0.0,0.0,0.002743661403656006,0.0,-0.002743661403656006,0.584186851978302,0.5792887210845947,0.004898130893707275,0.1218300461769104,0.1218300461769104,132.63934123516083
crack0099_07.png,3.277904224395752,123.70108032226562,120.8988037109375,2.802276611328125,113.66035461425781,112.59410095214844,1.066253662109375,0.29354608058929443,0.2935161888599396,-2.98917293548584e-05,0.0,0.0,0.0,0.0,0.03749191761016846,0.03749191761016846,0.5829488635063171,0.5816609263420105,0.0012879371643066406,0.12916797399520874,0.12916797399520874,128.00692522525787
crack0099_08.png,1.2552301406860351,132.3691864013672,133.33058166503906,-0.961395263671875,110.631103515625,110.43494415283203,0.19615936279296875,0.32683390378952026,0.3285483717918396,0.001714468002319336,0.25417816638946533,0.30111217498779297,0.04693400859832764,0.25092262029647827,0.2535175681114197,0.0025949478149414062,0.5861437916755676,0.5830526947975159,0.003091096878051758,0.11854355037212372,0.11854355037212372,136.68560147285461
crack0099_09.png,1.8311389923095702,134.97703552246094,134.27359008789062,0.7034454345703125,103.02568817138672,102.81029510498047,0.21539306640625,0.3423711955547333,0.35125645995140076,0.00888526439666748,0.29365599155426025,0.29988235235214233,0.00622636079788208,0.1408049464225769,0.16357403993606567,0.02276909351348877,0.5817455053329468,0.5797039866447449,0.0020415186882019043,0.09671176970005035,0.09671176970005035,137.35286128520966
crack0100_00.png,0.9006573677062988,92.18600463867188,91.99832153320312,0.18768310546875,103.77195739746094,103.40699768066406,0.364959716796875,0.26359981298446655,0.25472885370254517,-0.008870959281921387,0.4886823296546936,0.5190034508705139,0.030321121215820312,0.4627078175544739,0.4834241271018982,0.020716309547424316,0.5776662826538086,0.5760707259178162,0.0015955567359924316,0.15483541786670685,0.15483541786670685,99.91508316993713
crack0100_01.png,3.678284692764282,93.85090637207031,94.30595397949219,-0.455047607421875,103.55891418457031,103.77044677734375,-0.2115325927734375,0.21188268065452576,0.24398376047611237,0.03210107982158661,0.24205821752548218,0.2769109606742859,0.03485274314880371,0.28989505767822266,0.31857824325561523,0.028683185577392578,0.5876393914222717,0.5812456607818604,0.006393730640411377,0.15527501702308655,0.15527501702308655,104.87104499340057
crack0100_02.png,0.19736347198486337,91.75599670410156,92.16332244873047,-0.40732574462890625,102.05082702636719,101.85690307617188,0.1939239501953125,0.3174009919166565,0.2976343035697937,-0.019766688346862793,0.3423169255256653,0.39307135343551636,0.050754427909851074,0.4104449152946472,0.4416309595108032,0.031186044216156006,0.5803614258766174,0.5784044861793518,0.001956939697265625,0.15927311778068542,0.15927311778068542,97.31605839729309
crack0100_03.png,1.2600825309753418,94.7088851928711,94.6639404296875,0.04494476318359375,109.00529479980469,108.55268859863281,0.452606201171875,0.30962038040161133,0.2996995151042938,-0.009920865297317505,0.23108667135238647,0.2796373963356018,0.04855072498321533,0.3118688464164734,0.35431402921676636,0.04244518280029297,0.5778354406356812,0.5806920528411865,-0.002856612205505371,0.2163465917110443,0.2163465917110443,99.93212401866913
crack0100_04.png,2.729401445388794,98.42843627929688,99.1045150756836,-0.6760787963867188,112.08660888671875,111.91877746582031,0.1678314208984375,0.21011918783187866,0.2201874703168869,0.01006828248500824,0.2617341876029968,0.3237183690071106,0.06198418140411377,0.35592859983444214,0.4001125693321228,0.044183969497680664,0.5799654126167297,0.5786274671554565,0.0013379454612731934,0.15046752989292145,0.15046752989292145,109.3579409122467
crack0100_05.png,1.3176579475402832,77.04723358154297,77.88304901123047,-0.8358154296875,101.13392639160156,101.09356689453125,0.0403594970703125,0.2838757038116455,0.2907315492630005,0.0068558454513549805,0.34193915128707886,0.38147997856140137,0.03954082727432251,0.3953033685684204,0.4296068549156189,0.034303486347198486,0.5786505341529846,0.5784698128700256,0.00018072128295898438,0.16130411624908447,0.16130411624908447,83.57862043380737
crack0100_06.png,1.2467330932617187,105.59369659423828,105.51348114013672,0.0802154541015625,107.07723999023438,106.77830505371094,0.2989349365234375,0.3645098805427551,0.3527244031429291,-0.01178547739982605,0.30526745319366455,0.35401618480682373,0.04874873161315918,0.36692702770233154,0.38957250118255615,0.02264547348022461,0.5830526947975159,0.5820568799972534,0.0009958148002624512,0.2426871359348297,0.2426871359348297,107.71223247051239
crack0100_07.png,4.548874187469482,95.5306167602539,94.39774322509766,1.13287353515625,112.46382141113281,110.89305114746094,1.570770263671875,0.2120947539806366,0.2342408001422882,0.02214604616165161,0.31907737255096436,0.34089434146881104,0.02181696891784668,0.31497877836227417,0.35150671005249023,0.036527931690216064,0.5969358086585999,0.5933525562286377,0.003583252429962158,0.22981372475624084,0.22981372475624084,106.11592710018158
crack0100_08.png,3.6988233089447022,87.386962890625,86.82743835449219,0.5595245361328125,101.38438415527344,100.83294677734375,0.5514373779296875,0.2320736199617386,0.2529604136943817,0.020886793732643127,0.34527724981307983,0.3725232481956482,0.02724599838256836,0.4108276963233948,0.44185179471969604,0.03102409839630127,0.5855094194412231,0.5815609097480774,0.003948509693145752,0.15893781185150146,0.15893781185150146,96.6031602025032
crack0100_09.png,6.377160120010377,161.63511657714844,157.72459411621094,3.9105224609375,169.59976196289062,164.00250244140625,5.597259521484375,0.24468474090099335,0.2484428882598877,0.003758147358894348,0.41531258821487427,0.4099448323249817,-0.005367755889892578,0.39575815200805664,0.394247829914093,-0.001510322093963623,0.593152642250061,0.589607834815979,0.0035448074340820312,0.22592784464359283,0.22592784464359283,168.72487658262253
