image,score_new_minus_old,old_crack_epe_px,new_crack_epe_px,delta_crack_epe_px_positive_is_better,old_global_epe_px,new_global_epe_px,delta_global_epe_px_positive_is_better,old_warp_crack_dice,new_warp_crack_dice,delta_warp_crack_dice_positive_is_better,old_crack_edge_fidelity,new_crack_edge_fidelity,delta_crack_edge_fidelity_positive_is_better,old_global_edge_fidelity,new_global_edge_fidelity,delta_global_edge_fidelity_positive_is_better,old_folding_rate,new_folding_rate,delta_folding_rate_positive_is_better,old_crack_ratio,new_crack_ratio,joint_failure_score
crack0001_00.png,4.293063163757324,105.66323852539062,103.72444915771484,1.9387893676757812,113.63579559326172,111.49365234375,2.1421432495117188,0.20652776956558228,0.22411367297172546,0.01758590340614319,0.45848119258880615,0.4565349221229553,-0.00194627046585083,0.4401395320892334,0.44034314155578613,0.00020360946655273438,0.5880430340766907,0.5838331580162048,0.00420987606048584,0.20257893204689026,0.20257893204689026,115.82389903068542
crack0001_01.png,0.2721652507781982,121.74470520019531,120.9936752319336,0.7510299682617188,109.76347351074219,109.30009460449219,0.46337890625,0.25102272629737854,0.23676051199436188,-0.014262214303016663,0.3609089255332947,0.36927932500839233,0.008370399475097656,0.3607410192489624,0.37300002574920654,0.01225900650024414,0.5832449197769165,0.5796962976455688,0.0035486221313476562,0.22484156489372253,0.22484156489372253,130.4933562874794
crack0001_02.png,0.5924772262573242,104.85555267333984,104.33987426757812,0.5156784057617188,112.32374572753906,111.73767852783203,0.5860671997070312,0.2141866385936737,0.2121712565422058,-0.0020153820514678955,0.24806272983551025,0.24472719430923462,-0.0033355355262756348,0.3185124397277832,0.31899333000183105,0.00048089027404785156,0.5816878080368042,0.578262209892273,0.00342559814453125,0.1662106215953827,0.1662106215953827,115.1349503993988
crack0001_03.png,0.04204607009887695,104.08211517333984,104.47576904296875,-0.39365386962890625,111.99098205566406,112.85169219970703,-0.8607101440429688,0.2862520217895508,0.2833058536052704,-0.0029461681842803955,0.38623160123825073,0.40856701135635376,0.022335410118103027,0.38326144218444824,0.39563435316085815,0.012372910976409912,0.5839446187019348,0.5808880925178528,0.0030565261840820312,0.2581266462802887,0.2581266462802887,110.63837563991547
crack0001_04.png,3.582975149154663,99.0771484375,98.07361602783203,1.0035324096679688,110.77865600585938,109.65110778808594,1.1275482177734375,0.23122482001781464,0.2420472800731659,0.010822460055351257,0.36932092905044556,0.39598459005355835,0.026663661003112793,0.38738197088241577,0.4101026654243469,0.022720694541931152,0.5870511531829834,0.5821491479873657,0.004902005195617676,0.19837027788162231,0.19837027788162231,108.18393915891647
crack0001_05.png,2.0064541816711428,111.26863861083984,109.8438949584961,1.42474365234375,107.079833984375,106.60081481933594,0.4790191650390625,0.2900494933128357,0.2898433208465576,-0.00020617246627807617,0.40076637268066406,0.40899360179901123,0.008227229118347168,0.36676228046417236,0.37932002544403076,0.012557744979858398,0.5834640264511108,0.5815263390541077,0.0019376873970031738,0.2655094861984253,0.2655094861984253,116.50422859191895
crack0001_06.png,1.91099328994751,114.43550109863281,113.00740814208984,1.4280929565429688,111.62030029296875,110.99784851074219,0.6224517822265625,0.24393144249916077,0.2513969838619232,0.007465541362762451,0.4822233319282532,0.47511255741119385,-0.007110774517059326,0.48918378353118896,0.48155301809310913,-0.007630765438079834,0.5789542198181152,0.5809265375137329,-0.0019723176956176758,0.15343789756298065,0.15343789756298065,122.322629570961
crack0001_07.png,6.942294311523438,102.44496154785156,97.90674591064453,4.538215637207031,114.77352905273438,111.06063842773438,3.712890625,0.25706321001052856,0.2592039108276367,0.0021407008171081543,0.4493741989135742,0.4624180197715759,0.013043820858001709,0.40329819917678833,0.4168524742126465,0.013554275035858154,0.5908150672912598,0.5851672291755676,0.005647838115692139,0.24245218932628632,0.24245218932628632,108.38466382026672
crack0001_08.png,-0.295198917388916,111.23262023925781,110.9443359375,0.2882843017578125,110.44596862792969,110.31718444824219,0.1287841796875,0.328475683927536,0.31824836134910583,-0.010227322578430176,0.49985992908477783,0.502501904964447,0.0026419758796691895,0.478013813495636,0.4812557101249695,0.003241896629333496,0.5817685723304749,0.5798308253288269,0.0019377470016479492,0.16685649752616882,0.16685649752616882,115.26431930065155
crack0001_09.png,0.23703680038452146,99.00708770751953,98.4303207397461,0.5767669677734375,109.95968627929688,109.55854797363281,0.4011383056640625,0.2840663492679596,0.27205342054367065,-0.01201292872428894,0.4172787070274353,0.4262431859970093,0.008964478969573975,0.4403425455093384,0.45009005069732666,0.009747505187988281,0.5849558115005493,0.5823990702629089,0.002556741237640381,0.2565203905105591,0.2565203905105591,105.79373145103455
crack0002_00.png,0.7534770011901856,109.60624694824219,110.01034545898438,-0.4040985107421875,111.77290344238281,111.69956970214844,0.073333740234375,0.29048845171928406,0.30135661363601685,0.010868161916732788,0.20095455646514893,0.20953887701034546,0.008584320545196533,0.27838265895843506,0.27691149711608887,-0.0014711618423461914,0.5789849758148193,0.5810995697975159,-0.002114593982696533,0.10501857101917267,0.10501857101917267,115.62297189235687
crack0002_01.png,-2.1752704620361327,128.47738647460938,130.97987365722656,-2.5024871826171875,121.10457611083984,120.61161804199219,0.49295806884765625,0.2849651873111725,0.282130628824234,-0.0028345584869384766,0.26783114671707153,0.27219516038894653,0.004364013671875,0.3795938491821289,0.3858954906463623,0.0063016414642333984,0.5885428786277771,0.5839869379997253,0.004555940628051758,0.13827738165855408,0.13827738165855408,136.342507481575
crack0002_02.png,-1.1645306587219237,119.12749481201172,120.56373596191406,-1.4362411499023438,116.32662963867188,116.27903747558594,0.0475921630859375,0.3508658707141876,0.34926551580429077,-0.0016003549098968506,0.33029311895370483,0.33749234676361084,0.007199227809906006,0.35370439291000366,0.35832715034484863,0.004622757434844971,0.5856708884239197,0.5833525657653809,0.0023183226585388184,0.1288696974515915,0.1288696974515915,122.31651997566223
crack0002_03.png,-0.19538335800170903,117.77407836914062,118.57321166992188,-0.79913330078125,116.8481674194336,116.43685913085938,0.41130828857421875,0.30925971269607544,0.31115785241127014,0.0018981397151947021,0.3395535945892334,0.3427049517631531,0.0031513571739196777,0.4204553961753845,0.4204680323600769,1.2636184692382812e-05,0.5884236693382263,0.5843906402587891,0.004033029079437256,0.11817693710327148,0.11817693710327148,123.15500903129578
crack0002_04.png,-1.6445870399475098,134.51483154296875,135.6974334716797,-1.1826019287109375,122.57626342773438,121.9548110961914,0.6214523315429688,0.3178834915161133,0.3074319660663605,-0.010451525449752808,0.28582197427749634,0.28505080938339233,-0.0007711648941040039,0.3479851484298706,0.34833914041519165,0.0003539919853210449,0.5877624154090881,0.5838523507118225,0.003910064697265625,0.14195916056632996,0.14195916056632996,140.17071115970612
crack0002_05.png,-2.0520968437194824,131.68910217285156,133.0172576904297,-1.328155517578125,120.39642333984375,120.68843841552734,-0.29201507568359375,0.3333478569984436,0.3334311544895172,8.32974910736084e-05,0.41972726583480835,0.4040285348892212,-0.015698730945587158,0.4188668131828308,0.4129409193992615,-0.005925893783569336,0.5783660411834717,0.5780122876167297,0.00035375356674194336,0.11589434742927551,0.11589434742927551,135.48695015907288
crack0002_06.png,-0.36287269592285165,136.7834014892578,138.11376953125,-1.3303680419921875,126.66694641113281,124.93215942382812,1.7347869873046875,0.28244686126708984,0.2740747630596161,-0.008372098207473755,0.2694026231765747,0.2913946509361267,0.021992027759552002,0.3491280674934387,0.35601890087127686,0.006890833377838135,0.587339460849762,0.5857477784156799,0.0015916824340820312,0.1280955970287323,0.1280955970287323,144.49767816066742
crack0002_07.png,-6.266294860839844,106.34703826904297,111.33566284179688,-4.988624572753906,113.20604705810547,111.62422180175781,1.5818252563476562,0.35185301303863525,0.34262505173683167,-0.009227961301803589,0.3461790680885315,0.3125920295715332,-0.03358703851699829,0.35806113481521606,0.35893040895462036,0.0008692741394042969,0.5840330719947815,0.579750120639801,0.004282951354980469,0.09904506802558899,0.09904506802558899,111.64517033100128
crack0002_08.png,-1.5683829307556152,122.16400909423828,122.69071960449219,-0.5267105102539062,111.3262939453125,110.97447204589844,0.3518218994140625,0.38415390253067017,0.37639304995536804,-0.007760852575302124,0.3444180488586426,0.331510066986084,-0.012907981872558594,0.37925541400909424,0.37189847230911255,-0.0073569416999816895,0.5786851048469543,0.5798154473304749,-0.0011303424835205078,0.11995213478803635,0.11995213478803635,123.03639924526215
crack0002_09.png,-2.695427417755127,108.6417465209961,110.85546875,-2.2137222290039062,111.29193115234375,110.11746215820312,1.174468994140625,0.39845922589302063,0.3950824439525604,-0.003376781940460205,0.26715272665023804,0.24797362089157104,-0.019179105758666992,0.37083494663238525,0.36887258291244507,-0.0019623637199401855,0.5827873945236206,0.58064204454422,0.0021453499794006348,0.11696051806211472,0.11696051806211472,109.35515677928925
crack0003_00.png,0.679909133911133,118.1875991821289,118.76628112792969,-0.5786819458007812,115.69390869140625,113.12690734863281,2.5670013427734375,0.17169862985610962,0.1726333200931549,0.0009346902370452881,0.0,0.0,0.0,0.0,0.0,0.0,0.5877585411071777,0.5838331580162048,0.0039253830909729,0.11957511305809021,0.11957511305809021,131.68536400794983
crack0003_01.png,2.908482027053833,119.9112777709961,118.69480895996094,1.2164688110351562,117.27738952636719,115.50717163085938,1.7702178955078125,0.1893434375524521,0.19914156198501587,0.009798124432563782,0.0,0.0,0.0,0.0,0.0,0.0,0.5859169363975525,0.5809150338172913,0.0050019025802612305,0.09913885593414307,0.09913885593414307,131.3791145682335
crack0003_02.png,1.7015525341033935,96.06795501708984,95.04503631591797,1.022918701171875,108.521484375,108.12077331542969,0.4007110595703125,0.18241508305072784,0.18757957220077515,0.005164489150047302,0.0,0.0,0.0,0.0,0.028668999671936035,0.028668999671936035,0.5811265110969543,0.5784967541694641,0.0026297569274902344,0.10084910690784454,0.10084910690784454,107.85665112733841
crack0003_03.png,6.158661890029907,111.64811706542969,110.84121704101562,0.8069000244140625,107.67155456542969,106.72052001953125,0.9510345458984375,0.23256827890872955,0.2945486605167389,0.06198038160800934,0.0,0.0,0.0,0.0,0.0,0.0,0.5843329429626465,0.5840100049972534,0.0003229379653930664,0.10439929366111755,0.10439929366111755,120.66388803720474
crack0003_04.png,-0.9386030673980712,97.64442443847656,96.97915649414062,0.6652679443359375,110.42652893066406,110.13903045654297,0.28749847412109375,0.20654655992984772,0.18059894442558289,-0.02594761550426483,0.0,0.0,0.0,0.05263853073120117,0.04089885950088501,-0.011739671230316162,0.5893732905387878,0.5804498195648193,0.008923470973968506,0.09947497397661209,0.09947497397661209,110.05078542232513
crack0003_05.png,5.094567060470581,116.67757415771484,116.01329803466797,0.664276123046875,115.12132263183594,112.89666748046875,2.2246551513671875,0.24646033346652985,0.2881224751472473,0.04166214168071747,0.0,0.0,0.0,0.0,0.0,0.0,0.5974048376083374,0.5922183990478516,0.00518643856048584,0.1173633337020874,0.1173633337020874,125.45400959253311
crack0003_06.png,-3.872951126098633,109.8037338256836,110.364501953125,-0.5607681274414062,110.86479949951172,110.44886779785156,0.41593170166015625,0.18065506219863892,0.13583707809448242,-0.044817984104156494,0.0,0.0,0.0,0.0,0.0,0.0,0.5881237983703613,0.5854517221450806,0.0026720762252807617,0.09991790354251862,0.09991790354251862,125.4588451385498
crack0003_07.png,1.3791592597961424,97.00402069091797,94.49022674560547,2.5137939453125,108.55233764648438,108.52869415283203,0.02364349365234375,0.20986099541187286,0.1951734572649002,-0.014687538146972656,0.0,0.0,0.0,0.0,0.0,0.0,0.5854248404502869,0.5846520662307739,0.0007727742195129395,0.10389700531959534,0.10389700531959534,107.45370990037918
crack0003_08.png,5.407395076751709,105.22523498535156,99.3230972290039,5.902137756347656,113.04324340820312,111.58338928222656,1.4598541259765625,0.1890590339899063,0.1749161034822464,-0.014142930507659912,0.0,0.0,0.0,0.0,0.0,0.0,0.5880930423736572,0.5867742896080017,0.0013187527656555176,0.09292099624872208,0.09292099624872208,115.30292159318924
crack0003_09.png,5.690370273590088,113.22688293457031,107.19468688964844,6.032196044921875,115.81198120117188,112.1092758178711,3.7027053833007812,0.19681428372859955,0.17234204709529877,-0.02447223663330078,0.0,0.0,0.0,0.0,0.0,0.0,0.5817224383354187,0.5783506631851196,0.0033717751502990723,0.09756283462047577,0.09756283462047577,123.1391596198082
crack0004_00.png,-0.6295366287231445,108.44686126708984,107.3441390991211,1.10272216796875,106.02635955810547,105.1054916381836,0.920867919921875,0.3737088739871979,0.3132834732532501,-0.060425400733947754,0.0,0.06478315591812134,0.06478315591812134,0.16087043285369873,0.21690642833709717,0.05603599548339844,0.5882583856582642,0.5847058892250061,0.0035524964332580566,0.10235156863927841,0.10235156863927841,112.62882721424103
crack0004_01.png,-1.7161585807800295,109.30538177490234,109.66970825195312,-0.36432647705078125,105.44076538085938,105.34475708007812,0.09600830078125,0.2873452603816986,0.2600253224372864,-0.02731993794441223,0.26049453020095825,0.28388869762420654,0.02339416742324829,0.20565754175186157,0.2136666178703308,0.008009076118469238,0.5778239369392395,0.581334114074707,-0.0035101771354675293,0.13342131674289703,0.13342131674289703,117.13939023017883
crack0004_02.png,3.018678283691406,110.18058013916016,108.65819549560547,1.5223846435546875,106.05916595458984,105.5430908203125,0.5160751342773438,0.23944789171218872,0.2725455164909363,0.03309762477874756,0.14229166507720947,0.10847753286361694,-0.03381413221359253,0.2383318543434143,0.2531643509864807,0.014832496643066406,0.5810034871101379,0.581138014793396,-0.00013452768325805664,0.13177454471588135,0.13177454471588135,118.29803490638733
crack0004_03.png,-1.631919002532959,100.12274932861328,100.52690887451172,-0.4041595458984375,104.40242767333984,104.05424499511719,0.34818267822265625,0.32122841477394104,0.2993159592151642,-0.021912455558776855,0.17291229963302612,0.18064677715301514,0.007734477519989014,0.26601022481918335,0.2478928565979004,-0.01811736822128296,0.5840291976928711,0.582114577293396,0.0019146203994750977,0.11057727038860321,0.11057727038860321,105.72703945636749
crack0004_04.png,1.9516100406646728,124.28533935546875,123.59422302246094,0.6911163330078125,117.1619644165039,116.91175079345703,0.250213623046875,0.21283823251724243,0.1956060379743576,-0.017232194542884827,0.16429871320724487,0.2248936891555786,0.06059497594833374,0.23940658569335938,0.23482155799865723,-0.0045850276947021484,0.5913071632385254,0.5884275436401367,0.002879619598388672,0.1537206768989563,0.1537206768989563,135.8557054400444
crack0004_05.png,2.7428927421569824,111.2052230834961,110.36226654052734,0.84295654296875,109.2198486328125,108.35353088378906,0.8663177490234375,0.3354642689228058,0.34094130992889404,0.005477041006088257,0.3456066846847534,0.37192302942276,0.026316344738006592,0.36866259574890137,0.3734685182571411,0.004805922508239746,0.5794233083724976,0.5778585076332092,0.00156480073928833,0.15855690836906433,0.15855690836906433,113.83282101154327
crack0004_06.png,4.712118530273438,110.54896545410156,110.0745620727539,0.47440338134765625,111.30195617675781,109.60115814208984,1.7007980346679688,0.28146055340766907,0.30814704298973083,0.026686489582061768,0.16582441329956055,0.19731485843658447,0.031490445137023926,0.20211642980575562,0.24351811408996582,0.041401684284210205,0.586566686630249,0.5824952125549316,0.004071474075317383,0.15409721434116364,0.15409721434116364,116.88679802417755
crack0004_07.png,3.4440251350402833,100.50679779052734,98.09797668457031,2.4088211059570312,106.140625,105.27703094482422,0.8635940551757812,0.4053627848625183,0.4124796688556671,0.007116883993148804,0.0,0.0,0.0,0.17130202054977417,0.16679811477661133,-0.004503905773162842,0.5878854393959045,0.5848750472068787,0.003010392189025879,0.12383512407541275,0.12383512407541275,98.49603772163391
crack0004_08.png,4.423201942443848,106.94788360595703,105.92147064208984,1.0264129638671875,108.58170318603516,107.76610565185547,0.8155975341796875,0.3139309883117676,0.3163217008113861,0.0023907124996185303,0.15856653451919556,0.23039120435714722,0.07182466983795166,0.1552332043647766,0.19828885793685913,0.04305565357208252,0.5801883935928345,0.5800307393074036,0.0001576542854309082,0.17653876543045044,0.17653876543045044,110.80635356903076
crack0004_09.png,-0.7227106094360352,103.44292449951172,103.03524780273438,0.40767669677734375,102.37895202636719,103.32240295410156,-0.943450927734375,0.33235928416252136,0.3174590766429901,-0.01490020751953125,0.009915769100189209,0.017257750034332275,0.007341980934143066,0.04478490352630615,0.02211982011795044,-0.022665083408355713,0.5865013599395752,0.5828680992126465,0.003633260726928711,0.12279215455055237,0.12279215455055237,107.65159595012665
crack0005_00.png,5.4654443740844725,98.70452880859375,95.98401641845703,2.7205123901367188,105.40740966796875,103.4410171508789,1.9663925170898438,0.23652991652488708,0.2500312924385071,0.013501375913619995,0.5055127143859863,0.5215485095977783,0.016035795211791992,0.4152402877807617,0.43674129247665405,0.021501004695892334,0.5836870670318604,0.5777662396430969,0.005920827388763428,0.20253926515579224,0.20253926515579224,106.49996030330658
crack0005_01.png,-1.3458142280578613,100.43630981445312,99.79104614257812,0.645263671875,111.81614685058594,111.28834533691406,0.527801513671875,0.29065772891044617,0.27401474118232727,-0.016642987728118896,0.35006797313690186,0.33005988597869873,-0.020008087158203125,0.36227482557296753,0.3525093197822571,-0.00976550579071045,0.5852364301681519,0.5869973301887512,-0.0017609000205993652,0.21761998534202576,0.21761998534202576,107.15268671512604
crack0005_02.png,2.1022778511047364,92.99590301513672,91.11259460449219,1.8833084106445312,109.93478393554688,108.68586730957031,1.2489166259765625,0.23786035180091858,0.2349814474582672,-0.002878904342651367,0.370026171207428,0.3690035939216614,-0.0010225772857666016,0.3451685309410095,0.35224348306655884,0.007074952125549316,0.5879085063934326,0.5881430506706238,-0.0002345442771911621,0.25102299451828003,0.25102299451828003,101.48108398914337
crack0005_03.png,2.3633536815643312,96.32926940917969,95.47715759277344,0.85211181640625,107.4530258178711,107.01852416992188,0.43450164794921875,0.20278969407081604,0.21328236162662506,0.010492667555809021,0.4066762924194336,0.41773521900177,0.011058926582336426,0.34483176469802856,0.33608120679855347,-0.008750557899475098,0.5816878080368042,0.5802960395812988,0.001391768455505371,0.21311336755752563,0.21311336755752563,107.00334417819977
crack0005_04.png,3.307004690170288,92.19711303710938,90.59878540039062,1.59832763671875,101.19219970703125,100.19011688232422,1.0020828247070312,0.2126772403717041,0.22580237686634064,0.013125136494636536,0.4641444683074951,0.4634737968444824,-0.0006706714630126953,0.4234309792518616,0.42909473180770874,0.005663752555847168,0.5849635004997253,0.5778470039367676,0.007116496562957764,0.22032934427261353,0.22032934427261353,102.03585481643677
crack0005_05.png,2.41004638671875,101.77521514892578,100.29411315917969,1.4811019897460938,116.13263702392578,115.46461486816406,0.6680221557617188,0.2583965063095093,0.2586359977722168,0.00023949146270751953,0.44704848527908325,0.4599948525428772,0.012946367263793945,0.36908233165740967,0.3725726008415222,0.003490269184112549,0.5974471569061279,0.5943291187286377,0.0031180381774902344,0.24577471613883972,0.24577471613883972,109.4287600517273
crack0005_06.png,3.0865407466888426,92.1336898803711,90.86810302734375,1.2655868530273438,108.5715103149414,107.35585021972656,1.2156600952148438,0.21417295932769775,0.23008595407009125,0.015912994742393494,0.3831028938293457,0.3798844814300537,-0.003218412399291992,0.3368629813194275,0.3542996644973755,0.017436683177947998,0.5827835202217102,0.5780238509178162,0.004759669303894043,0.19751125574111938,0.19751125574111938,101.96185970306396
crack0005_07.png,2.625001049041748,94.0165023803711,91.29903411865234,2.71746826171875,111.72633361816406,109.72725677490234,1.9990768432617188,0.28541210293769836,0.27620890736579895,-0.009203195571899414,0.46811699867248535,0.4622255563735962,-0.00589144229888916,0.40741151571273804,0.40421080589294434,-0.003200709819793701,0.5833141207695007,0.581318736076355,0.001995384693145752,0.22634294629096985,0.22634294629096985,99.41779863834381
crack0005_08.png,1.2055301666259766,97.40171813964844,95.93647766113281,1.465240478515625,105.1917953491211,104.10960388183594,1.0821914672851562,0.23267525434494019,0.22787219285964966,-0.004803061485290527,0.45667773485183716,0.4488039016723633,-0.007873833179473877,0.3990126848220825,0.386211633682251,-0.012801051139831543,0.5828911662101746,0.5827258825302124,0.0001652836799621582,0.2256229817867279,0.2256229817867279,106.31241297721863
crack0005_09.png,2.808795118331909,94.0311279296875,93.29792022705078,0.7332077026367188,106.02122497558594,105.56855773925781,0.452667236328125,0.2049315720796585,0.2247987985610962,0.019867226481437683,0.2762659788131714,0.2784081697463989,0.002142190933227539,0.2820127010345459,0.28614574670791626,0.004133045673370361,0.5831333994865417,0.5776470303535461,0.0054863691329956055,0.20035973191261292,0.20035973191261292,104.6939657330513
crack0006_00.png,-0.05860338211059579,100.52764129638672,101.15099334716797,-0.62335205078125,108.8553237915039,109.45581817626953,-0.600494384765625,0.3433239758014679,0.3405541479587555,-0.0027698278427124023,0.2353559136390686,0.2608923316001892,0.025536417961120605,0.2672794461250305,0.29339903593063354,0.026119589805603027,0.5809150338172913,0.5807881355285645,0.00012689828872680664,0.15768983960151672,0.15768983960151672,103.64266979694366
crack0006_01.png,-5.3757288455963135,102.36233520507812,102.7181625366211,-0.35582733154296875,104.99849700927734,105.0306167602539,-0.0321197509765625,0.22919027507305145,0.17698952555656433,-0.05220074951648712,0.34543025493621826,0.3219680190086365,-0.023462235927581787,0.30493611097335815,0.24743187427520752,-0.057504236698150635,0.5783352255821228,0.5756478309631348,0.002687394618988037,0.16798068583011627,0.16798068583011627,115.05428636074066
crack0006_02.png,0.34658412933349614,93.9727554321289,92.7654037475586,1.2073516845703125,105.6591567993164,105.86809539794922,-0.2089385986328125,0.28261783719062805,0.28123268485069275,-0.0013851523399353027,0.26291221380233765,0.23893630504608154,-0.023975908756256104,0.24264425039291382,0.21478277444839478,-0.027861475944519043,0.5918031334877014,0.584486722946167,0.007316410541534424,0.14102491736412048,0.14102491736412048,100.16724383831024
crack0006_03.png,3.4833545684814453,93.60884094238281,93.55149841308594,0.057342529296875,105.64282989501953,105.88948822021484,-0.2466583251953125,0.3659975826740265,0.4023583233356476,0.036360740661621094,0.34201520681381226,0.35571128129959106,0.013696074485778809,0.30598586797714233,0.3186124563217163,0.012626588344573975,0.5798846483230591,0.5781853199005127,0.0016993284225463867,0.12309841066598892,0.12309841066598892,94.81570065021515
crack0006_04.png,-1.0483101844787597,92.79098510742188,92.8665771484375,-0.075592041015625,111.912353515625,112.31939697265625,-0.40704345703125,0.3722694516181946,0.3641204237937927,-0.008149027824401855,0.27786850929260254,0.27198517322540283,-0.005883336067199707,0.31680405139923096,0.30564624071121216,-0.011157810688018799,0.585644006729126,0.5837101340293884,0.0019338726997375488,0.16034792363643646,0.16034792363643646,94.40731596946716
crack0006_05.png,-2.6901570320129395,87.15403747558594,88.03553009033203,-0.8814926147460938,107.98128509521484,108.38337707519531,-0.40209197998046875,0.3019581735134125,0.2879267632961273,-0.014031410217285156,0.33333253860473633,0.3142250180244446,-0.019107520580291748,0.33769094944000244,0.31841498613357544,-0.019275963306427002,0.5901653170585632,0.5841906666755676,0.0059746503829956055,0.1692425012588501,0.1692425012588501,93.92579066753387
crack0006_06.png,0.6214939117431642,86.41867065429688,87.20990753173828,-0.7912368774414062,108.2747802734375,109.03327178955078,-0.7584915161132812,0.3149130642414093,0.33294203877449036,0.018028974533081055,0.303450345993042,0.3058549761772156,0.002404630184173584,0.3140876889228821,0.3217849135398865,0.0076972246170043945,0.5892003178596497,0.5847597122192383,0.004440605640411377,0.1729971468448639,0.1729971468448639,91.487517952919
crack0006_07.png,4.976232624053955,94.04801177978516,94.26641845703125,-0.21840667724609375,106.94597625732422,107.95467376708984,-1.008697509765625,0.2964613735675812,0.3483997583389282,0.051938384771347046,0.22380536794662476,0.25564855337142944,0.03184318542480469,0.31419891119003296,0.3267647624015808,0.012565851211547852,0.5842637419700623,0.5800307393074036,0.004233002662658691,0.11012320965528488,0.11012320965528488,99.74008238315582
crack0006_08.png,1.7353569984436035,94.25135040283203,93.52285766601562,0.7284927368164062,110.91709899902344,110.30128479003906,0.615814208984375,0.18445782363414764,0.1884719878435135,0.004014164209365845,0.17745870351791382,0.18547576665878296,0.00801706314086914,0.12219524383544922,0.11827224493026733,-0.003922998905181885,0.5900730490684509,0.5871049761772156,0.0029680728912353516,0.16916029155254364,0.16916029155254364,106.422556579113
crack0006_09.png,-0.05779857635498048,108.4366226196289,108.36542510986328,0.071197509765625,113.76947021484375,113.84573364257812,-0.076263427734375,0.3796759247779846,0.3792373836040497,-0.0004385411739349365,0.3802536129951477,0.3740432858467102,-0.0062103271484375,0.37625741958618164,0.38089263439178467,0.004635214805603027,0.5934256315231323,0.5888004899024963,0.004625141620635986,0.21978279948234558,0.21978279948234558,109.3838061094284
crack0007_00.png,4.31526665687561,109.28475189208984,106.91023254394531,2.3745193481445312,104.88170623779297,103.62599182128906,1.2557144165039062,0.2436809092760086,0.2552166283130646,0.01153571903705597,0.39567244052886963,0.40464097261428833,0.008968532085418701,0.24948936700820923,0.2649883031845093,0.015498936176300049,0.5898731350898743,0.585951566696167,0.003921568393707275,0.16673919558525085,0.16673919558525085,117.07156306505203
crack0007_01.png,1.3936603546142579,96.21192932128906,95.55854034423828,0.6533889770507812,102.36428833007812,101.24586486816406,1.1184234619140625,0.3003367781639099,0.2964852452278137,-0.0038515329360961914,0.33714473247528076,0.35321611166000366,0.0160713791847229,0.26383280754089355,0.2537025213241577,-0.01013028621673584,0.5795232653617859,0.5805690288543701,-0.0010457634925842285,0.17278946936130524,0.17278946936130524,101.31888127326965
crack0007_02.png,2.6592461585998537,99.63232421875,97.4214859008789,2.2108383178710938,106.75128173828125,105.74385070800781,1.0074310302734375,0.3200390636920929,0.30979761481285095,-0.010241448879241943,0.45525825023651123,0.4715905785560608,0.01633232831954956,0.3486972451210022,0.34665828943252563,-0.0020389556884765625,0.5886505246162415,0.5833640694618225,0.005286455154418945,0.17905372381210327,0.17905372381210327,103.48506915569305
crack0007_03.png,4.560469341278076,100.26787567138672,98.17219543457031,2.0956802368164062,102.8974380493164,102.35200500488281,0.5454330444335938,0.3242734968662262,0.33962562680244446,0.015352129936218262,0.4846187233924866,0.5051164031028748,0.020497679710388184,0.40639734268188477,0.4065290093421936,0.0001316666603088379,0.582099199295044,0.5771357417106628,0.0049634575843811035,0.1474006175994873,0.1474006175994873,103.0475937128067
crack0007_04.png,1.7307046890258788,108.97584533691406,107.49935150146484,1.4764938354492188,107.64688110351562,105.91411590576172,1.7327651977539062,0.2967125475406647,0.29615792632102966,-0.0005546212196350098,0.4529869556427002,0.4370992183685303,-0.015887737274169922,0.3614564538002014,0.3535439968109131,-0.00791245698928833,0.5877124071121216,0.5816878080368042,0.006024599075317383,0.19055411219596863,0.19055411219596863,113.97661912441254
crack0007_05.png,4.1955524444580075,108.32304382324219,106.37687683105469,1.9461669921875,108.47038269042969,107.99211120605469,0.478271484375,0.2500424087047577,0.2631828188896179,0.01314041018486023,0.30448561906814575,0.3214445114135742,0.016958892345428467,0.15997529029846191,0.17912167310714722,0.019146382808685303,0.593264102935791,0.5850518941879272,0.00821220874786377,0.20079153776168823,0.20079153776168823,116.07797992229462
crack0007_06.png,1.7497495651245116,117.40596771240234,116.3176498413086,1.08831787109375,108.57929992675781,108.43146514892578,0.14783477783203125,0.3097303807735443,0.31644123792648315,0.006710857152938843,0.45198214054107666,0.4497808814048767,-0.002201259136199951,0.36559051275253296,0.37010180950164795,0.00451129674911499,0.5826143622398376,0.5787773728370667,0.003836989402770996,0.18690380454063416,0.18690380454063416,121.58256042003632
crack0007_07.png,2.5208492279052734,110.59921264648438,108.72960662841797,1.8696060180664062,105.09503936767578,103.90702819824219,1.1880111694335938,0.2666512727737427,0.2627090811729431,-0.0039421916007995605,0.4021381139755249,0.4092254638671875,0.007087349891662598,0.33357685804367065,0.3408971428871155,0.007320284843444824,0.5958977341651917,0.5906997323036194,0.005198001861572266,0.23206445574760437,0.23206445574760437,117.73777413368225
crack0007_08.png,4.9300812721252445,96.24514770507812,94.62657928466797,1.6185684204101562,103.7332763671875,103.75447082519531,-0.0211944580078125,0.32742127776145935,0.34301236271858215,0.015591084957122803,0.3867585062980652,0.43340498208999634,0.04664647579193115,0.33312124013900757,0.3520358204841614,0.01891458034515381,0.5846366882324219,0.5794655680656433,0.0051711201667785645,0.12504097819328308,0.12504097819328308,99.17605435848236
crack0007_09.png,4.101168251037597,108.896484375,106.6590576171875,2.2374267578125,104.92443084716797,104.26732635498047,0.6571044921875,0.34036490321159363,0.34285834431648254,0.002493441104888916,0.35527896881103516,0.38788092136383057,0.03260195255279541,0.3089788556098938,0.3182397484779358,0.009260892868041992,0.585455596446991,0.5830219388008118,0.0024336576461791992,0.18638603389263153,0.18638603389263153,110.77410066127777
crack0008_00.png,5.313033866882324,103.8219985961914,101.79842376708984,2.0235748291015625,100.9458999633789,99.92753601074219,1.0183639526367188,0.27971792221069336,0.31417176127433777,0.03445383906364441,0.3562256097793579,0.3562104105949402,-1.519918441772461e-05,0.38082027435302734,0.3935908079147339,0.012770533561706543,0.5793156623840332,0.5761553049087524,0.0031603574752807617,0.14815375208854675,0.14815375208854675,109.19976234436035
crack0008_01.png,2.523933506011963,104.43468475341797,103.50264739990234,0.932037353515625,100.69978332519531,99.55489349365234,1.1448898315429688,0.2952268719673157,0.3003018796443939,0.005075007677078247,0.36181241273880005,0.3800647258758545,0.018252313137054443,0.3503747582435608,0.37009304761886597,0.019718289375305176,0.5780584216117859,0.5781122446060181,-5.3822994232177734e-05,0.16408318281173706,0.16408318281173706,109.37954354286194
crack0008_02.png,2.2189032554626467,109.41170501708984,108.52063751220703,0.8910675048828125,104.84671020507812,103.86514282226562,0.9815673828125,0.2811832129955292,0.29485398530960083,0.013670772314071655,0.4130929708480835,0.4047026038169861,-0.008390367031097412,0.3981321454048157,0.4102533459663391,0.012121200561523438,0.581626296043396,0.577197253704071,0.004429042339324951,0.15786784887313843,0.15786784887313843,115.36023032665253
crack0008_03.png,2.7400797843933105,113.2885513305664,111.63298797607422,1.6555633544921875,106.39681243896484,104.86294555664062,1.5338668823242188,0.26650992035865784,0.2755107283592224,0.009000808000564575,0.326362669467926,0.3129957318305969,-0.013366937637329102,0.34495091438293457,0.35077184438705444,0.005820930004119873,0.5921953320503235,0.5850557684898376,0.00713956356048584,0.2196296751499176,0.2196296751499176,120.15798771381378
crack0008_04.png,1.3750657081604003,123.42090606689453,122.54093933105469,0.8799667358398438,105.06367492675781,103.57058715820312,1.4930877685546875,0.26351484656333923,0.2677474915981293,0.004232645034790039,0.4681500792503357,0.4548014998435974,-0.013348579406738281,0.3977893590927124,0.38881105184555054,-0.008978307247161865,0.5774202346801758,0.5750903487205505,0.002329885959625244,0.20230171084403992,0.20230171084403992,130.2668412923813
crack0008_05.png,1.0871351242065428,119.45183563232422,117.54096984863281,1.9108657836914062,105.17316436767578,103.9654769897461,1.2076873779296875,0.2877492606639862,0.28124478459358215,-0.006504476070404053,0.3556661009788513,0.3325369954109192,-0.02312910556793213,0.4058394432067871,0.3998705744743347,-0.005968868732452393,0.5881891846656799,0.5847212672233582,0.0034679174423217773,0.13863840699195862,0.13863840699195862,125.14928305149078
crack0008_06.png,0.2201926231384279,119.74351501464844,117.54425811767578,2.1992568969726562,103.36164855957031,101.95077514648438,1.4108734130859375,0.2677828073501587,0.26922836899757385,0.0014455616474151611,0.2779308557510376,0.2104739546775818,-0.06745690107345581,0.3337816596031189,0.3089589476585388,-0.024822711944580078,0.5909727215766907,0.5899922847747803,0.0009804368019104004,0.16472041606903076,0.16472041606903076,126.21582698822021
crack0008_07.png,2.761935663223267,122.42374420166016,120.35888671875,2.0648574829101562,111.09271240234375,108.2934799194336,2.7992324829101562,0.22732262313365936,0.22851240634918213,0.0011897832155227661,0.4188386797904968,0.40231817960739136,-0.01652050018310547,0.43182313442230225,0.41893255710601807,-0.01289057731628418,0.5902883410453796,0.5867127776145935,0.003575563430786133,0.2001877725124359,0.2001877725124359,131.3634917140007
crack0008_08.png,1.1459846496582031,121.46163177490234,120.48758697509766,0.9740447998046875,102.4264907836914,102.14641571044922,0.2800750732421875,0.2621975243091583,0.26000529527664185,-0.0021922290325164795,0.5187692642211914,0.5210220813751221,0.002252817153930664,0.43229496479034424,0.45152217149734497,0.019227206707000732,0.58064204454422,0.5770126581192017,0.0036293864250183105,0.16731321811676025,0.16731321811676025,128.5999734401703
crack0008_09.png,3.703009510040283,114.07791900634766,112.05465698242188,2.0232620239257812,104.83690643310547,104.60194396972656,0.23496246337890625,0.28839999437332153,0.2971900701522827,0.008790075778961182,0.4393974542617798,0.4563094973564148,0.01691204309463501,0.445847749710083,0.45095980167388916,0.005112051963806152,0.5787235498428345,0.5735716819763184,0.005151867866516113,0.1539730280637741,0.1539730280637741,118.91123032569885
crack0009_00.png,3.1743118286132814,105.73719787597656,104.091552734375,1.6456451416015625,104.60552978515625,103.99383544921875,0.6116943359375,0.1939540058374405,0.1990535706281662,0.005099564790725708,0.47434312105178833,0.49669355154037476,0.022350430488586426,0.3293215036392212,0.3192982077598572,-0.010023295879364014,0.5843483209609985,0.5847981572151184,-0.00044983625411987305,0.15424567461013794,0.15424567461013794,116.66906124353409
crack0009_01.png,1.8880535125732423,112.49568939208984,111.13831329345703,1.3573760986328125,104.53437805175781,103.76813507080078,0.7662429809570312,0.2912982702255249,0.29095950722694397,-0.0003387629985809326,0.49060380458831787,0.4935986399650574,0.002994835376739502,0.35600656270980835,0.3589615225791931,0.0029549598693847656,0.5883583426475525,0.5850711464881897,0.003287196159362793,0.23164796829223633,0.23164796829223633,117.8937646150589
crack0009_02.png,3.0379787921905517,110.53795623779297,108.7294921875,1.8084640502929688,105.15592956542969,104.4947509765625,0.6611785888671875,0.21153050661087036,0.22885124385356903,0.01732073724269867,0.4260653257369995,0.4144003987312317,-0.011664927005767822,0.25889599323272705,0.2623399496078491,0.0034439563751220703,0.5898231267929077,0.5886735916137695,0.0011495351791381836,0.1622130274772644,0.1622130274772644,120.53481888771057
crack0009_03.png,1.2857084274291992,108.65303039550781,107.29845428466797,1.3545761108398438,106.82755279541016,106.55701446533203,0.270538330078125,0.21126727759838104,0.20980475842952728,-0.0014625191688537598,0.394059419631958,0.3847680687904358,-0.009291350841522217,0.30983638763427734,0.29332637786865234,-0.016510009765625,0.5933294892311096,0.5855401754379272,0.007789313793182373,0.18843068182468414,0.18843068182468414,119.12063640356064
crack0009_04.png,0.3232341766357423,106.80403137207031,106.13333129882812,0.6707000732421875,103.27900695800781,102.65104675292969,0.627960205078125,0.22434325516223907,0.20997865498065948,-0.01436460018157959,0.462679386138916,0.4743046760559082,0.011625289916992188,0.3379444479942322,0.355243980884552,0.017299532890319824,0.5855440497398376,0.583406388759613,0.0021376609802246094,0.18430732190608978,0.18430732190608978,117.29172402620316
crack0009_05.png,1.0493647575378418,106.86925506591797,105.56964874267578,1.2996063232421875,108.66943359375,108.1419677734375,0.5274658203125,0.26451346278190613,0.25666964054107666,-0.007843822240829468,0.5263378024101257,0.5286646485328674,0.0023268461227416992,0.3749436140060425,0.376468300819397,0.0015246868133544922,0.5875548124313354,0.5857247114181519,0.0018301010131835938,0.21499629318714142,0.21499629318714142,114.3214659690857
crack0009_06.png,3.0180994510650634,114.03636932373047,112.76280212402344,1.2735671997070312,113.02827453613281,111.92115783691406,1.10711669921875,0.19506119191646576,0.20480209589004517,0.009740903973579407,0.3720245361328125,0.38345855474472046,0.011434018611907959,0.2983051538467407,0.3188055157661438,0.020500361919403076,0.5960668921470642,0.5944405794143677,0.0016263127326965332,0.1847282499074936,0.1847282499074936,125.53858989477158
crack0009_07.png,1.6732194900512696,108.6963119506836,107.09455108642578,1.6017608642578125,104.54600524902344,103.63494873046875,0.9110565185546875,0.22579294443130493,0.21884027123451233,-0.0069526731967926025,0.48285460472106934,0.4886130690574646,0.005758464336395264,0.2978838086128235,0.2985118627548218,0.000628054141998291,0.5857439637184143,0.5849211812019348,0.0008227825164794922,0.1509304940700531,0.1509304940700531,118.19477379322052
crack0009_08.png,1.1670267581939697,102.53225708007812,101.26612091064453,1.2661361694335938,100.01896667480469,99.1328125,0.8861541748046875,0.24854707717895508,0.2452549785375595,-0.003292098641395569,0.5130928754806519,0.5059771537780762,-0.007115721702575684,0.3798407316207886,0.3706473112106323,-0.00919342041015625,0.5856555104255676,0.5832948684692383,0.0023606419563293457,0.19634543359279633,0.19634543359279633,110.61011070013046
crack0009_09.png,1.4603300094604492,111.85272216796875,111.385498046875,0.46722412109375,110.84727478027344,110.34403991699219,0.50323486328125,0.19233635067939758,0.19734594225883484,0.005009591579437256,0.46184462308883667,0.46641504764556885,0.004570424556732178,0.2928040027618408,0.2832515239715576,-0.009552478790283203,0.5866935849189758,0.5814878940582275,0.005205690860748291,0.1642390787601471,0.1642390787601471,123.54667246341705
crack0010_00.png,-0.6198165893554688,96.73687744140625,96.22027587890625,0.5166015625,105.94558715820312,106.9631118774414,-1.0175247192382812,0.41112565994262695,0.40511849522590637,-0.006007164716720581,0.07969814538955688,0.0769951343536377,-0.0027030110359191895,0.23178505897521973,0.22621208429336548,-0.005572974681854248,0.5812495350837708,0.5847674012184143,-0.0035178661346435547,0.09764929115772247,0.09764929115772247,95.56216299533844
crack0010_01.png,2.6575583457946776,93.75602722167969,92.84615325927734,0.9098739624023438,113.90721130371094,112.6134033203125,1.2938079833984375,0.39988404512405396,0.3957309126853943,-0.004153132438659668,0.20169013738632202,0.23655205965042114,0.03486192226409912,0.2853267788887024,0.2893788814544678,0.004052102565765381,0.587235689163208,0.5830373167991638,0.0041983723640441895,0.10672260820865631,0.10672260820865631,93.04666304588318
crack0010_02.png,1.4474005699157715,104.84545135498047,106.24555206298828,-1.4001007080078125,111.732177734375,109.22538757324219,2.5067901611328125,0.4400923550128937,0.43072664737701416,-0.009365707635879517,0.06296110153198242,0.12410587072372437,0.06114476919174194,0.15240943431854248,0.15776562690734863,0.005356192588806152,0.5869588851928711,0.5832526087760925,0.0037062764167785645,0.09935634583234787,0.09935634583234787,103.18025827407837
crack0010_03.png,1.0038001060485842,97.79913330078125,98.68711853027344,-0.8879852294921875,110.66871643066406,108.63681030273438,2.0319061279296875,0.37775298953056335,0.3814067244529724,0.0036537349224090576,0.0069615840911865234,0.023680806159973145,0.01671922206878662,0.18815475702285767,0.18883883953094482,0.0006840825080871582,0.5863322019577026,0.583383321762085,0.0029488801956176758,0.10766187310218811,0.10766187310218811,99.03123462200165
crack0010_04.png,1.1325673103332519,90.62483215332031,91.82034301757812,-1.1955108642578125,107.405517578125,106.46258544921875,0.94293212890625,0.44567129015922546,0.45617130398750305,0.010500013828277588,0.24670559167861938,0.2696530818939209,0.022947490215301514,0.30058205127716064,0.3058233857154846,0.005241334438323975,0.5837024450302124,0.578877329826355,0.004825115203857422,0.11525531858205795,0.11525531858205795,87.83040797710419
crack0010_05.png,0.7956130027770997,88.16815948486328,89.83741760253906,-1.6692581176757812,112.00617980957031,110.2112045288086,1.7949752807617188,0.40433061122894287,0.40856441855430603,0.004233807325363159,0.22592490911483765,0.25869566202163696,0.032770752906799316,0.26484012603759766,0.27369147539138794,0.008851349353790283,0.5868396759033203,0.5844060182571411,0.0024336576461791992,0.1024579256772995,0.1024579256772995,88.21653890609741
crack0010_06.png,-1.2276418685913084,89.92539978027344,92.3751449584961,-2.4497451782226562,107.87388610839844,108.05755615234375,-0.1836700439453125,0.38049188256263733,0.37913599610328674,-0.001355886459350586,0.0398174524307251,0.07639485597610474,0.03657740354537964,0.19522446393966675,0.2044847011566162,0.009260237216949463,0.5825759172439575,0.5840522646903992,-0.0014763474464416504,0.1039733812212944,0.1039733812212944,91.76420319080353
crack0010_07.png,0.7077342033386231,69.98240661621094,72.04316711425781,-2.060760498046875,107.54071807861328,107.5130386352539,0.027679443359375,0.3842097520828247,0.4193272888660431,0.035117536783218384,0.0,0.0,0.0,0.18445730209350586,0.16447335481643677,-0.019983947277069092,0.5792579650878906,0.5805574655532837,-0.0012995004653930664,0.09766608476638794,0.09766608476638794,71.18250036239624
crack0010_08.png,3.920341396331787,82.44329833984375,81.10603332519531,1.3372650146484375,110.27764892578125,108.80504608154297,1.4726028442382812,0.4556158483028412,0.4631779193878174,0.007562071084976196,0.20549416542053223,0.24147045612335205,0.035976290702819824,0.324998676776886,0.33375728130340576,0.008758604526519775,0.5837216377258301,0.5849711894989014,-0.001249551773071289,0.10851509869098663,0.10851509869098663,77.83656251430511
crack0010_09.png,1.8270007133483888,97.6343994140625,97.00790405273438,0.626495361328125,107.35281372070312,107.1432113647461,0.20960235595703125,0.3663620948791504,0.3677109479904175,0.0013488531112670898,0.0,0.025291919708251953,0.025291919708251953,0.0994306206703186,0.11876296997070312,0.01933234930038452,0.5793771743774414,0.5794501900672913,-7.301568984985352e-05,0.10994493961334229,0.10994493961334229,98.51743364334106
crack0011_00.png,2.8065775871276855,112.1806640625,110.63933563232422,1.5413284301757812,106.53401947021484,105.18775939941406,1.3462600708007812,0.30776551365852356,0.2997705638408661,-0.00799494981765747,0.3956308364868164,0.4237416982650757,0.028110861778259277,0.38079196214675903,0.40445584058761597,0.023663878440856934,0.584794282913208,0.5787466168403625,0.006047666072845459,0.23416699469089508,0.23416699469089508,116.81553733348846
crack0011_01.png,0.9073219299316406,106.71786499023438,104.45246887207031,2.2653961181640625,104.64926147460938,103.794921875,0.854339599609375,0.3614991307258606,0.34792810678482056,-0.013571023941040039,0.501208484172821,0.48406362533569336,-0.017144858837127686,0.4188382625579834,0.40656906366348267,-0.012269198894500732,0.5871280431747437,0.5853363871574402,0.0017916560173034668,0.19024324417114258,0.19024324417114258,108.19460225105286
crack0011_02.png,5.044322872161866,123.36585998535156,120.41858673095703,2.9472732543945312,105.47290802001953,104.51513671875,0.9577713012695312,0.30549800395965576,0.30537551641464233,-0.00012248754501342773,0.39740586280822754,0.44017255306243896,0.042766690254211426,0.3231591582298279,0.35775673389434814,0.034597575664520264,0.5743944644927979,0.5740676522254944,0.0003268122673034668,0.21566715836524963,0.21566715836524963,126.54547095298767
crack0011_03.png,4.351459312438965,117.81183624267578,116.19470977783203,1.61712646484375,105.52220153808594,105.29069519042969,0.23150634765625,0.2619391083717346,0.27375879883766174,0.011819690465927124,0.27138566970825195,0.3074881434440613,0.036102473735809326,0.17857611179351807,0.21666717529296875,0.038091063499450684,0.5914417505264282,0.5851403474807739,0.006301403045654297,0.19331002235412598,0.19331002235412598,124.94459652900696
crack0011_04.png,3.542596530914307,133.35836791992188,131.25265502929688,2.105712890625,107.25172424316406,105.56939697265625,1.6823272705078125,0.28035110235214233,0.28654325008392334,0.006192147731781006,0.4541139602661133,0.4570491909980774,0.0029352307319641113,0.3757960796356201,0.37241077423095703,-0.003385305404663086,0.5884082913398743,0.5846289992332458,0.003779292106628418,0.19496068358421326,0.19496068358421326,139.0207769870758
crack0011_05.png,12.744895648956298,107.29861450195312,104.37609100341797,2.9225234985351562,101.84383392333984,101.23965454101562,0.6041793823242188,0.32441166043281555,0.37842118740081787,0.05400952696800232,0.40117907524108887,0.5324352979660034,0.13125622272491455,0.2999100089073181,0.44723230600357056,0.14732229709625244,0.5753095149993896,0.5750672817230225,0.0002422332763671875,0.16335754096508026,0.16335754096508026,109.3850337266922
crack0011_06.png,4.294548988342285,122.47660827636719,120.76615905761719,1.71044921875,107.33621215820312,106.194091796875,1.142120361328125,0.24557217955589294,0.27256080508232117,0.026988625526428223,0.54679274559021,0.5411986112594604,-0.005594134330749512,0.494468092918396,0.4907267689704895,-0.003741323947906494,0.5819915533065796,0.5771933794021606,0.004798173904418945,0.17245766520500183,0.17245766520500183,130.1667150259018
crack0011_07.png,2.6792963981628417,109.65474700927734,106.83606719970703,2.8186798095703125,100.49137878417969,99.80826568603516,0.6831130981445312,0.27372080087661743,0.27058592438697815,-0.0031348764896392822,0.5536985397338867,0.5474188327789307,-0.006279706954956055,0.41650962829589844,0.42228156328201294,0.005771934986114502,0.5799692273139954,0.5777354836463928,0.002233743667602539,0.19714726507663727,0.19714726507663727,115.20902073383331
crack0011_08.png,4.6584272384643555,115.835693359375,113.29830169677734,2.5373916625976562,104.10295104980469,103.99053192138672,0.11241912841796875,0.3237731456756592,0.3346467912197113,0.010873645544052124,0.4373951554298401,0.46713435649871826,0.029739201068878174,0.4018239974975586,0.43788081407546997,0.03605681657791138,0.5859553813934326,0.5855401754379272,0.0004152059555053711,0.20495091378688812,0.20495091378688812,118.57882404327393
crack0011_09.png,4.9903489112854,110.66536712646484,108.65542602539062,2.0099411010742188,106.15127563476562,105.83131408691406,0.3199615478515625,0.3330717384815216,0.34990623593330383,0.016834497451782227,0.35208380222320557,0.3848465085029602,0.03276270627975464,0.3235741853713989,0.3596045970916748,0.03603041172027588,0.5871703028678894,0.5822914242744446,0.004878878593444824,0.2164498269557953,0.2164498269557953,113.16290438175201
crack0012_00.png,1.5965867042541504,113.61842346191406,112.43507385253906,1.183349609375,103.74589538574219,102.94679260253906,0.799102783203125,0.3336212635040283,0.33274805545806885,-0.0008732080459594727,0.49097490310668945,0.49078595638275146,-0.00018894672393798828,0.42955923080444336,0.4305257797241211,0.0009665489196777344,0.5907151103019714,0.586439847946167,0.004275262355804443,0.25187522172927856,0.25187522172927856,116.69046974182129
crack0012_01.png,0.5803109169006349,101.61380767822266,100.64615631103516,0.9676513671875,105.50875091552734,104.61524963378906,0.8935012817382812,0.3223872780799866,0.3124917149543762,-0.009895563125610352,0.5381136536598206,0.5374254584312439,-0.0006881952285766602,0.47332388162612915,0.47324949502944946,-7.43865966796875e-05,0.5845866799354553,0.5827258825302124,0.00186079740524292,0.26358863711357117,0.26358863711357117,105.76394629478455
crack0012_02.png,0.860623550415039,110.0158462524414,108.50030517578125,1.5155410766601562,104.3256607055664,103.12532043457031,1.2003402709960938,0.18927660584449768,0.17968794703483582,-0.009588658809661865,0.3720172047615051,0.3569357991218567,-0.015081405639648438,0.30057793855667114,0.3046380281448364,0.004060089588165283,0.5860130786895752,0.5801306962966919,0.005882382392883301,0.1418209969997406,0.1418209969997406,121.91732203960419
crack0012_03.png,0.19170961380004886,96.35873413085938,96.18401336669922,0.17472076416015625,102.43182373046875,101.80287170410156,0.6289520263671875,0.2166822850704193,0.21173280477523804,-0.004949480295181274,0.4802398085594177,0.48315513134002686,0.002915322780609131,0.4291068911552429,0.43449318408966064,0.005386292934417725,0.5818608403205872,0.5807420015335083,0.0011188387870788574,0.2448882907629013,0.2448882907629013,106.8418390750885
crack0012_04.png,0.8858539581298828,111.49365997314453,110.57471466064453,0.9189453125,101.61876678466797,100.73687744140625,0.8818893432617188,0.20930331945419312,0.2034761905670166,-0.005827128887176514,0.4791763424873352,0.47303372621536255,-0.006142616271972656,0.422194242477417,0.42502695322036743,0.0028327107429504395,0.5895386338233948,0.5813879370689392,0.008150696754455566,0.192421555519104,0.192421555519104,122.40716123580933
crack0012_05.png,7.173338174819946,112.66485595703125,109.68948364257812,2.975372314453125,108.6795883178711,105.68695831298828,2.9926300048828125,0.19201715290546417,0.22055289149284363,0.028535738587379456,0.4379594922065735,0.44624149799346924,0.008282005786895752,0.36534249782562256,0.3784131407737732,0.013070642948150635,0.5976316928863525,0.5879623293876648,0.009669363498687744,0.16087327897548676,0.16087327897548676,123.56140834093094
crack0012_06.png,2.3468410968780518,108.31678009033203,106.8327407836914,1.484039306640625,106.36888885498047,104.77655792236328,1.5923309326171875,0.22706489264965057,0.22469425201416016,-0.0023706406354904175,0.45562589168548584,0.45593321323394775,0.00030732154846191406,0.400951623916626,0.3951215147972107,-0.005830109119415283,0.5939907431602478,0.5839100480079651,0.010080695152282715,0.15036845207214355,0.15036845207214355,117.85273504257202
crack0012_07.png,2.4742503643035887,117.3683090209961,116.08657836914062,1.2817306518554688,110.86627197265625,109.79904174804688,1.067230224609375,0.1978617161512375,0.2117646336555481,0.013902917504310608,0.43942946195602417,0.42778855562210083,-0.01164090633392334,0.3619542121887207,0.3733134865760803,0.01135927438735962,0.583698570728302,0.5807228088378906,0.002975761890411377,0.17274045944213867,0.17274045944213867,128.2036835551262
crack0012_08.png,2.644858551025391,119.51683044433594,117.24867248535156,2.268157958984375,121.08258056640625,119.31251525878906,1.7700653076171875,0.30018267035484314,0.2929683327674866,-0.007214337587356567,0.4425608515739441,0.4456191062927246,0.0030582547187805176,0.4304350018501282,0.435519814491272,0.005084812641143799,0.5967666506767273,0.5936793684959412,0.003087282180786133,0.27050256729125977,0.27050256729125977,124.67531752586365
crack0012_09.png,1.9073238372802734,111.38362121582031,109.43423461914062,1.9493865966796875,105.3600082397461,103.60757446289062,1.7524337768554688,0.2411942034959793,0.23310734331607819,-0.008086860179901123,0.4759819507598877,0.47368741035461426,-0.0022945404052734375,0.4259226322174072,0.4283866882324219,0.0024640560150146484,0.5814263820648193,0.5815340280532837,-0.00010764598846435547,0.25514987111091614,0.25514987111091614,119.68384844064713
crack0013_00.png,0.055965137481689464,82.46930694580078,82.95258331298828,-0.4832763671875,106.49311828613281,106.32488250732422,0.16823577880859375,0.3784254193305969,0.37891241908073425,0.0004869997501373291,0.18535971641540527,0.19074422121047974,0.005384504795074463,0.42058658599853516,0.4269866347312927,0.006400048732757568,0.5859015583992004,0.5804613828659058,0.005440175533294678,0.10094471275806427,0.10094471275806427,83.44148230552673
crack0013_01.png,1.122060203552246,80.48342895507812,80.68749237060547,-0.20406341552734375,109.38957214355469,109.07560729980469,0.31396484375,0.3518015444278717,0.35282570123672485,0.0010241568088531494,0.23093068599700928,0.2599223256111145,0.028991639614105225,0.3669012188911438,0.3834190368652344,0.016517817974090576,0.5756170749664307,0.5766435861587524,-0.0010265111923217773,0.09691870957612991,0.09691870957612991,82.54311144351959
crack0013_02.png,1.2684988975524902,72.58300018310547,71.7972412109375,0.7857589721679688,103.17430114746094,102.98883056640625,0.1854705810546875,0.4088941812515259,0.4070858061313629,-0.0018083751201629639,0.2086670994758606,0.22340500354766846,0.014737904071807861,0.39084458351135254,0.38178396224975586,-0.00906062126159668,0.5820568799972534,0.5829642415046692,-0.0009073615074157715,0.10789728909730911,0.10789728909730911,71.08354198932648
crack0013_03.png,1.5540644645690918,110.6212387084961,110.42876434326172,0.192474365234375,110.80567932128906,110.30270385742188,0.5029754638671875,0.39056286215782166,0.3952717185020447,0.0047088563442230225,0.204015851020813,0.22177422046661377,0.01775836944580078,0.32265323400497437,0.3290783166885376,0.006425082683563232,0.5854325294494629,0.5835986137390137,0.0018339157104492188,0.1255423128604889,0.1255423128604889,110.50853097438812
crack0013_04.png,2.1309866905212402,76.67162322998047,75.78308868408203,0.8885345458984375,105.24703979492188,105.41458129882812,-0.16754150390625,0.379433274269104,0.41497716307640076,0.03554388880729675,0.07914900779724121,0.037010908126831055,-0.042138099670410156,0.3680276870727539,0.3343978524208069,-0.03362983465194702,0.5819377303123474,0.5781506896018982,0.0037870407104492188,0.09438194334506989,0.09438194334506989,76.7388687133789
crack0013_05.png,-2.4679947853088375,101.67411041259766,102.97181701660156,-1.2977066040039062,109.81352233886719,109.90067291259766,-0.08715057373046875,0.4559538960456848,0.41670694947242737,-0.039246946573257446,0.24057888984680176,0.28939908742904663,0.04882019758224487,0.39343327283859253,0.38328516483306885,-0.010148108005523682,0.5846520662307739,0.5833640694618225,0.001287996768951416,0.10202902555465698,0.10202902555465698,100.70662939548492
crack0013_06.png,2.457067680358887,81.2129898071289,81.45634460449219,-0.24335479736328125,109.88092041015625,109.68731689453125,0.193603515625,0.36712726950645447,0.382722944021225,0.015595674514770508,0.14884614944458008,0.18221431970596313,0.03336817026138306,0.34566807746887207,0.3484798073768616,0.002811729907989502,0.5891464948654175,0.5881314873695374,0.001015007495880127,0.1129446029663086,0.1129446029663086,82.87289083003998
crack0013_07.png,0.15911293029785156,88.68648529052734,88.55363464355469,0.13285064697265625,107.87353515625,107.59284973144531,0.2806854248046875,0.42642784118652344,0.42301061749458313,-0.0034172236919403076,0.1264479160308838,0.1300017237663269,0.0035538077354431152,0.39371293783187866,0.39575517177581787,0.002042233943939209,0.5886889696121216,0.5875586271286011,0.0011303424835205078,0.1018623486161232,0.1018623486161232,86.78698170185089
crack0013_08.png,0.7351161956787109,92.39899444580078,91.17127990722656,1.2277145385742188,111.35232543945312,111.11046600341797,0.24185943603515625,0.41046494245529175,0.4090142846107483,-0.001450657844543457,0.2647063732147217,0.2509787678718567,-0.01372760534286499,0.39878350496292114,0.3814131021499634,-0.017370402812957764,0.58942711353302,0.5875317454338074,0.0018953680992126465,0.09609287977218628,0.09609287977218628,90.82136464118958
crack0013_09.png,1.809750461578369,78.52002716064453,77.28861236572266,1.231414794921875,107.13317108154297,106.61378479003906,0.5193862915039062,0.4378703832626343,0.4268789291381836,-0.010991454124450684,0.1937274932861328,0.22238361835479736,0.02865612506866455,0.38454365730285645,0.3902280926704407,0.0056844353675842285,0.583690881729126,0.5810995697975159,0.0025913119316101074,0.10504218190908432,0.10504218190908432,75.63921928405762
crack0014_00.png,0.45388693809509295,116.56353759765625,114.35859680175781,2.2049407958984375,107.97256469726562,107.28495788574219,0.6876068115234375,0.20521660149097443,0.23875692486763,0.03354032337665558,0.40899401903152466,0.2865089178085327,-0.12248510122299194,0.31256598234176636,0.24176889657974243,-0.07079708576202393,0.5960015654563904,0.5912495255470276,0.004752039909362793,0.1702074408531189,0.1702074408531189,126.98813372850418
crack0014_01.png,3.0850836753845217,111.12774658203125,109.49911499023438,1.628631591796875,103.7425765991211,103.24799346923828,0.4945831298828125,0.2838780879974365,0.30510228872299194,0.02122420072555542,0.44431763887405396,0.4344688653945923,-0.00984877347946167,0.42914897203445435,0.4253350496292114,-0.00381392240524292,0.5800730586051941,0.5812072157859802,-0.0011341571807861328,0.19547829031944275,0.19547829031944275,116.52903413772583
crack0014_02.png,1.137391996383667,114.38799285888672,113.57413482666016,0.8138580322265625,102.4512939453125,101.91482543945312,0.536468505859375,0.24069789052009583,0.23830585181713104,-0.0023920387029647827,0.3983757495880127,0.4020657539367676,0.003690004348754883,0.3389500379562378,0.33885180950164795,-9.822845458984375e-05,0.5846020579338074,0.5807843208312988,0.003817737102508545,0.1943245232105255,0.1943245232105255,123.06679505109787
crack0014_03.png,0.7053772449493408,113.7725830078125,113.06272888183594,0.7098541259765625,104.22753143310547,103.55868530273438,0.6688461303710938,0.22459180653095245,0.2122933268547058,-0.012298479676246643,0.417638897895813,0.4336284399032593,0.01598954200744629,0.3495611548423767,0.34755492210388184,-0.002006232738494873,0.5878623723983765,0.586055338382721,0.0018070340156555176,0.20897427201271057,0.20897427201271057,124.19455122947693
crack0014_04.png,4.769195938110352,114.21636199951172,113.03630828857422,1.1800537109375,107.5377426147461,107.15789794921875,0.37984466552734375,0.25846067070961,0.29941919445991516,0.040958523750305176,0.15215814113616943,0.1523303985595703,0.0001722574234008789,0.06815850734710693,0.09053260087966919,0.022374093532562256,0.5914725065231323,0.5876317024230957,0.003840804100036621,0.1538362205028534,0.1538362205028534,121.77759516239166
crack0014_05.png,0.6170877456665039,110.71621704101562,110.5552749633789,0.16094207763671875,103.86602783203125,104.00326538085938,-0.137237548828125,0.21955913305282593,0.2204626500606537,0.0009035170078277588,0.4164717197418213,0.42805588245391846,0.011584162712097168,0.3581225872039795,0.3695531487464905,0.011430561542510986,0.5808419585227966,0.5814571380615234,-0.0006151795387268066,0.19275358319282532,0.19275358319282532,120.72048354148865
crack0014_06.png,2.1896920204162598,112.0876235961914,110.63195037841797,1.4556732177734375,104.0621566772461,102.91519165039062,1.1469650268554688,0.275373637676239,0.2641826570034027,-0.011190980672836304,0.21915674209594727,0.24425572156906128,0.025098979473114014,0.2173885703086853,0.25650250911712646,0.03911393880844116,0.5868743062019348,0.5827105045318604,0.004163801670074463,0.1463649570941925,0.1463649570941925,118.98379981517792
crack0014_07.png,0.41845912933349605,117.03416442871094,116.54938507080078,0.48477935791015625,103.81477355957031,103.28948211669922,0.5252914428710938,0.2660052478313446,0.2645827531814575,-0.001422494649887085,0.33367466926574707,0.32803624868392944,-0.005638420581817627,0.28223752975463867,0.2939232587814331,0.011685729026794434,0.5878546833992004,0.5862821936607361,0.0015724897384643555,0.17890013754367828,0.17890013754367828,124.43099689483643
crack0014_08.png,2.151452350616455,109.10871124267578,107.80084991455078,1.307861328125,100.8435287475586,100.01631927490234,0.82720947265625,0.2582859396934509,0.26498857140541077,0.006702631711959839,0.41115880012512207,0.4144850969314575,0.0033262968063354492,0.3490787148475647,0.3765154480934143,0.02743673324584961,0.5776124596595764,0.5815263390541077,-0.00391387939453125,0.20440971851348877,0.20440971851348877,116.21867775917053
crack0014_09.png,-0.6271560668945313,124.6392593383789,124.22438049316406,0.41487884521484375,109.76287078857422,109.32115936279297,0.44171142578125,0.30810150504112244,0.2951364815235138,-0.012965023517608643,0.32369714975357056,0.31363826990127563,-0.010058879852294922,0.23366570472717285,0.2351299524307251,0.001464247703552246,0.5897539258003235,0.5842329859733582,0.005520939826965332,0.16389895975589752,0.16389895975589752,130.3137880563736
crack0015_00.png,-0.22797183990478498,126.12068176269531,125.6720199584961,0.44866180419921875,111.70674133300781,109.51099395751953,2.1957473754882812,0.25902754068374634,0.25528791546821594,-0.0037396252155303955,0.19183576107025146,0.1588384509086609,-0.032997310161590576,0.13725590705871582,0.06939101219177246,-0.06786489486694336,0.5859284996986389,0.5843252539634705,0.001603245735168457,0.1625521183013916,0.1625521183013916,134.0162159204483
crack0015_01.png,0.8752228736877441,119.18348693847656,118.60260009765625,0.5808868408203125,109.66189575195312,109.32283782958984,0.33905792236328125,0.2816709280014038,0.2833207845687866,0.0016498565673828125,0.29270076751708984,0.29054689407348633,-0.0021538734436035156,0.3117249608039856,0.33288973569869995,0.021164774894714355,0.5864897966384888,0.5836678147315979,0.002821981906890869,0.1878308653831482,0.1878308653831482,125.45237970352173
crack0015_02.png,-0.5518742561340332,121.21238708496094,121.30061340332031,-0.088226318359375,108.49665069580078,108.89256286621094,-0.39591217041015625,0.2849334478378296,0.2845287322998047,-0.00040471553802490234,0.26467472314834595,0.2610008716583252,-0.003673851490020752,0.288196325302124,0.27862006425857544,-0.009576261043548584,0.5876240134239197,0.590772807598114,-0.003148794174194336,0.19222614169120789,0.19222614169120789,127.8156886100769
crack0015_03.png,1.0747219562530517,117.47135162353516,116.16770935058594,1.3036422729492188,109.21319580078125,108.1539535522461,1.0592422485351562,0.23789027333259583,0.23909394443035126,0.0012036710977554321,0.37134313583374023,0.3521474599838257,-0.01919567584991455,0.35442548990249634,0.33138054609298706,-0.023044943809509277,0.5918415784835815,0.5913686752319336,0.0004729032516479492,0.17165735363960266,0.17165735363960266,126.21977722644806
crack0015_04.png,9.092847681045532,119.53362274169922,118.67929077148438,0.8543319702148438,107.16902160644531,105.494384765625,1.6746368408203125,0.22914059460163116,0.2904842793941498,0.061343684792518616,0.16247200965881348,0.2229304313659668,0.06045842170715332,0.08919847011566162,0.22000688314437866,0.13080841302871704,0.5852787494659424,0.5792080163955688,0.006070733070373535,0.155663400888443,0.155663400888443,128.76917105913162
crack0015_05.png,3.6479513168334963,134.9419708251953,132.63746643066406,2.30450439453125,119.25949096679688,116.05769348144531,3.2017974853515625,0.25126194953918457,0.2546097934246063,0.003347843885421753,0.2638649344444275,0.25400078296661377,-0.00986415147781372,0.2701398730278015,0.2736019492149353,0.003462076187133789,0.5927066802978516,0.5879700183868408,0.004736661911010742,0.18564508855342865,0.18564508855342865,142.42226886749268
crack0015_06.png,3.9808865547180172,116.4039306640625,115.15174102783203,1.2521896362304688,114.39403533935547,113.48100280761719,0.9130325317382812,0.23216304183006287,0.2708019018173218,0.03863885998725891,0.35592228174209595,0.3351864814758301,-0.02073580026626587,0.25142818689346313,0.2665840983390808,0.015155911445617676,0.5876201391220093,0.5850749611854553,0.002545177936553955,0.2047463357448578,0.2047463357448578,125.35285890102386
crack0015_07.png,1.6079803466796876,114.71244049072266,113.22806549072266,1.484375,108.90486145019531,107.16686248779297,1.7379989624023438,0.31869786977767944,0.3055715560913086,-0.01312631368637085,0.3396475315093994,0.3467583656311035,0.0071108341217041016,0.36410343647003174,0.3531076908111572,-0.010995745658874512,0.5897616147994995,0.5849096775054932,0.004851937294006348,0.2306896448135376,0.2306896448135376,119.22642421722412
crack0015_08.png,0.3314499855041504,120.9310302734375,119.51795959472656,1.4130706787109375,107.9998779296875,106.62330627441406,1.3765716552734375,0.26855719089508057,0.2627013623714447,-0.005855828523635864,0.3005988597869873,0.2718464136123657,-0.028752446174621582,0.32886236906051636,0.2855839729309082,-0.043278396129608154,0.5871049761772156,0.5874471068382263,-0.0003421306610107422,0.1560850590467453,0.1560850590467453,127.9602974653244
crack0015_09.png,0.7125906944274902,127.673828125,126.92696380615234,0.7468643188476562,109.2468032836914,107.78199768066406,1.4648056030273438,0.2970845401287079,0.2990415394306183,0.0019569993019104004,0.3141140341758728,0.2955179214477539,-0.018596112728118896,0.3573761582374573,0.34217578172683716,-0.015200376510620117,0.5874471068382263,0.5882698893547058,-0.0008227825164794922,0.21089133620262146,0.21089133620262146,133.00611913204193
crack0016_00.png,3.1266199111938477,107.99296569824219,106.19703674316406,1.795928955078125,101.10777282714844,100.19142150878906,0.916351318359375,0.32295432686805725,0.3281136155128479,0.005159288644790649,0.5435822010040283,0.5523116588592529,0.00872945785522461,0.49141085147857666,0.4991205334663391,0.007709681987762451,0.5879200100898743,0.5828642845153809,0.005055725574493408,0.15900637209415436,0.15900637209415436,111.23454201221466
crack0016_01.png,3.121525287628174,104.87970733642578,103.84687805175781,1.0328292846679688,103.791259765625,103.15786743164062,0.633392333984375,0.3046776056289673,0.31971919536590576,0.015041589736938477,0.473060667514801,0.48471641540527344,0.011655747890472412,0.42558425664901733,0.4310958981513977,0.005511641502380371,0.5783237218856812,0.5741791725158691,0.004144549369812012,0.14610785245895386,0.14610785245895386,109.215585231781
crack0016_02.png,2.0745662689208983,107.44187927246094,105.67167663574219,1.77020263671875,101.90721130371094,101.17851257324219,0.72869873046875,0.36230868101119995,0.35924607515335083,-0.003062605857849121,0.47618454694747925,0.48082101345062256,0.0046364665031433105,0.4601181745529175,0.4688844680786133,0.0087662935256958,0.5907958745956421,0.588985025882721,0.0018108487129211426,0.21572068333625793,0.21572068333625793,108.6338484287262
crack0016_03.png,3.096357822418213,105.9261474609375,104.48375701904297,1.4423904418945312,107.24681091308594,106.11563873291016,1.1311721801757812,0.29888811707496643,0.30897238850593567,0.010084271430969238,0.430952787399292,0.4362042546272278,0.005251467227935791,0.4005500078201294,0.40253305435180664,0.001983046531677246,0.5895617008209229,0.5849442481994629,0.004617452621459961,0.16205313801765442,0.16205313801765442,110.85413324832916
crack0016_04.png,-1.420973300933838,109.97083282470703,108.56490325927734,1.4059295654296875,102.73314666748047,101.08710479736328,1.6460418701171875,0.35744398832321167,0.330089271068573,-0.027354717254638672,0.4402056932449341,0.40413737297058105,-0.03606832027435303,0.4055541753768921,0.3818434476852417,-0.02371072769165039,0.587031900882721,0.5833871364593506,0.0036447644233703613,0.14767709374427795,0.14767709374427795,112.94378781318665
crack0016_05.png,2.512894630432129,114.03425598144531,112.85271453857422,1.1815414428710938,102.7042465209961,101.81980895996094,0.8844375610351562,0.303707093000412,0.31575506925582886,0.01204797625541687,0.4882359504699707,0.48686474561691284,-0.0013712048530578613,0.44168901443481445,0.44874507188796997,0.007056057453155518,0.5884159803390503,0.5867012739181519,0.0017147064208984375,0.13956837356090546,0.13956837356090546,118.75769889354706
crack0016_06.png,-0.07554311752319343,173.26898193359375,173.04541015625,0.22357177734375,179.01470947265625,180.62142944335938,-1.606719970703125,0.2898537218570709,0.29058048129081726,0.0007267594337463379,0.4206621050834656,0.4181554913520813,-0.0025066137313842773,0.43683576583862305,0.4387490153312683,0.0019132494926452637,0.599361777305603,0.5897193551063538,0.009642422199249268,0.17489761114120483,0.17489761114120483,179.74044382572174
crack0016_07.png,2.9965487480163575,105.53067016601562,103.5847396850586,1.9459304809570312,104.00519561767578,102.89028930664062,1.1149063110351562,0.3335491418838501,0.34091663360595703,0.007367491722106934,0.5196148157119751,0.5175856351852417,-0.0020291805267333984,0.46931934356689453,0.47623711824417114,0.006917774677276611,0.587527871131897,0.5851172804832458,0.002410590648651123,0.15230026841163635,0.15230026841163635,108.04587125778198
crack0016_08.png,1.5078060150146484,109.7293472290039,108.40864562988281,1.3207015991210938,107.92092895507812,107.03648376464844,0.8844451904296875,0.342685729265213,0.3421664535999298,-0.0005192756652832031,0.45250582695007324,0.44535601139068604,-0.007149815559387207,0.43579989671707153,0.4365071654319763,0.0007072687149047852,0.5861014723777771,0.5820799469947815,0.0040215253829956055,0.16214808821678162,0.16214808821678162,111.98306810855865
crack0016_09.png,4.12373685836792,102.74420166015625,102.45598602294922,0.28821563720703125,102.59451293945312,101.63957977294922,0.9549331665039062,0.2971627414226532,0.3357085585594177,0.038545817136764526,0.5543996095657349,0.5582795143127441,0.0038799047470092773,0.49397796392440796,0.5010126233100891,0.007034659385681152,0.5847981572151184,0.5794309973716736,0.005367159843444824,0.15242375433444977,0.15242375433444977,108.16225564479828
crack0017_00.png,2.9554780960083007,102.59974670410156,100.18140411376953,2.4183425903320312,101.44956970214844,100.35031127929688,1.0992584228515625,0.22505207359790802,0.22459609806537628,-0.0004559755325317383,0.426205039024353,0.4210484027862549,-0.0051566362380981445,0.4098775386810303,0.4138834476470947,0.004005908966064453,0.5916262865066528,0.5831218957901001,0.008504390716552734,0.1544521152973175,0.1544521152973175,111.57986098527908
crack0017_01.png,2.536514139175415,107.76594543457031,105.12401580810547,2.6419296264648438,100.7986068725586,100.26460266113281,0.5340042114257812,0.2556248605251312,0.24905084073543549,-0.00657401978969574,0.40923261642456055,0.41353631019592285,0.004303693771362305,0.3744722008705139,0.38425779342651367,0.009785592555999756,0.5850250124931335,0.5841560959815979,0.0008689165115356445,0.12672239542007446,0.12672239542007446,114.9029306769371
crack0017_02.png,1.4372692108154297,103.96366119384766,103.22775268554688,0.7359085083007812,99.58760070800781,99.45370483398438,0.1338958740234375,0.28816133737564087,0.2931041419506073,0.004942804574966431,0.4014681577682495,0.4101805090904236,0.008712351322174072,0.4439201354980469,0.4511013627052307,0.007181227207183838,0.5843636989593506,0.5867666006088257,-0.0024029016494750977,0.22253568470478058,0.22253568470478058,109.77669072151184
crack0017_03.png,2.487294864654541,100.69035339355469,97.82453918457031,2.865814208984375,102.45671081542969,102.71560668945312,-0.2588958740234375,0.29141876101493835,0.2868295907974243,-0.004589170217514038,0.4007071256637573,0.40366119146347046,0.0029540657997131348,0.373376727104187,0.36737310886383057,-0.006003618240356445,0.5792118310928345,0.579861581325531,-0.0006497502326965332,0.14131730794906616,0.14131730794906616,105.24213409423828
crack0017_04.png,2.460970401763916,113.28811645507812,111.44035339355469,1.8477630615234375,101.93759155273438,101.29168701171875,0.645904541015625,0.3453722894191742,0.34650754928588867,0.0011352598667144775,0.4704514145851135,0.4775056838989258,0.007054269313812256,0.4894552230834961,0.49270349740982056,0.003248274326324463,0.5806459188461304,0.5810995697975159,-0.00045365095138549805,0.21408280730247498,0.21408280730247498,114.88588035106659
crack0017_05.png,1.3836147785186768,109.98004150390625,108.96888732910156,1.0111541748046875,102.54864501953125,102.33685302734375,0.2117919921875,0.22156745195388794,0.219480499625206,-0.002086952328681946,0.3934018611907959,0.40312379598617554,0.009721934795379639,0.37550485134124756,0.38215750455856323,0.006652653217315674,0.5868435502052307,0.5851979851722717,0.0016455650329589844,0.18766558170318604,0.18766558170318604,119.77937644720078
crack0017_06.png,4.468008136749267,109.40238952636719,106.88143157958984,2.5209579467773438,106.91264343261719,105.58060455322266,1.3320388793945312,0.2670087218284607,0.2791156470775604,0.012106925249099731,0.3752220869064331,0.38146597146987915,0.006243884563446045,0.40000849962234497,0.4018845558166504,0.00187605619430542,0.5889042615890503,0.584006130695343,0.004898130893707275,0.1863136887550354,0.1863136887550354,115.67755770683289
crack0017_07.png,0.0159717559814454,100.59619903564453,98.88453674316406,1.7116622924804688,104.71923065185547,104.12773895263672,0.59149169921875,0.36266079545021057,0.3389398157596588,-0.023720979690551758,0.39819473028182983,0.39482277631759644,-0.0033719539642333984,0.38398605585098267,0.38630425930023193,0.0023182034492492676,0.5807074308395386,0.5782006978988647,0.002506732940673828,0.23061805963516235,0.23061805963516235,102.63227617740631
crack0017_08.png,1.7637918472290037,109.87832641601562,108.36602020263672,1.5123062133789062,101.74993896484375,101.30973052978516,0.44020843505859375,0.28135448694229126,0.2913704216480255,0.010015934705734253,0.4342327117919922,0.41397517919540405,-0.020257532596588135,0.44443267583847046,0.42907023429870605,-0.015362441539764404,0.5857477784156799,0.5836370587348938,0.002110719680786133,0.2113173007965088,0.2113173007965088,115.6708152294159
crack0017_09.png,0.9560848712921142,131.5474853515625,129.37193298339844,2.1755523681640625,142.59353637695312,140.55654907226562,2.0369873046875,0.21946100890636444,0.1952090859413147,-0.024251922965049744,0.4228680729866028,0.41640543937683105,-0.0064626336097717285,0.39610475301742554,0.39014631509780884,-0.005958437919616699,0.5951364636421204,0.5910265445709229,0.00410991907119751,0.24188439548015594,0.24188439548015594,142.5526225566864
crack0018_00.png,-1.8123534202575684,91.13578033447266,91.3127212524414,-0.17694091796875,110.70191955566406,109.9363021850586,0.7656173706054688,0.3241569697856903,0.3015541434288025,-0.022602826356887817,0.32065486907958984,0.3179149627685547,-0.0027399063110351562,0.35741400718688965,0.3458019495010376,-0.01161205768585205,0.5762437582015991,0.5768396854400635,-0.0005959272384643555,0.14619851112365723,0.14619851112365723,96.20458960533142
crack0018_01.png,-0.9167963027954101,98.84856414794922,98.50035095214844,0.34821319580078125,104.56340026855469,104.90861511230469,-0.34521484375,0.25415903329849243,0.24030056595802307,-0.01385846734046936,0.3782843351364136,0.37823188304901123,-5.245208740234375e-05,0.4537440538406372,0.4564385414123535,0.0026944875717163086,0.5861207246780396,0.5865244269371033,-0.0004037022590637207,0.12442351132631302,0.12442351132631302,107.71740067005157
crack0018_02.png,4.5156251907348635,103.77970886230469,102.99019622802734,0.7895126342773438,112.44868469238281,111.38861083984375,1.0600738525390625,0.24765387177467346,0.25856778025627136,0.0109139084815979,0.2767898440361023,0.33113962411880493,0.05434978008270264,0.35285502672195435,0.3860960006713867,0.03324097394943237,0.5880699753761292,0.5816954970359802,0.006374478340148926,0.19186043739318848,0.19186043739318848,112.04851925373077
crack0018_03.png,2.019890022277832,95.3832778930664,94.89881896972656,0.48445892333984375,106.29878234863281,104.97724914550781,1.321533203125,0.22047404944896698,0.2108318954706192,-0.009642153978347778,0.25263363122940063,0.29192113876342773,0.0392875075340271,0.34993666410446167,0.3990525007247925,0.04911583662033081,0.5886697173118591,0.583502471446991,0.005167245864868164,0.1261560022830963,0.1261560022830963,106.0379233956337
crack0018_04.png,4.172477912902832,96.88459014892578,94.94290924072266,1.941680908203125,108.10826110839844,105.92254638671875,2.1857147216796875,0.22307956218719482,0.23352700471878052,0.010447442531585693,0.38128727674484253,0.3851048946380615,0.003817617893218994,0.42567169666290283,0.4440441131591797,0.018372416496276855,0.5918723344802856,0.5826720595359802,0.00920027494430542,0.12395729869604111,0.12395729869604111,106.20386934280396
crack0018_05.png,2.7747333526611326,97.35224914550781,95.68965911865234,1.6625900268554688,109.62560272216797,108.2034912109375,1.4221115112304688,0.2702557146549225,0.26787832379341125,-0.0023773908615112305,0.19450563192367554,0.2067490816116333,0.012243449687957764,0.3663778305053711,0.3682774305343628,0.0018996000289916992,0.5909996032714844,0.5849058032035828,0.006093800067901611,0.13639995455741882,0.13639995455741882,104.08823883533478
crack0018_06.png,2.3813095092773438,94.33330535888672,92.8440933227539,1.4892120361328125,103.53353881835938,103.18289184570312,0.35064697265625,0.29108795523643494,0.30313900113105774,0.012051045894622803,0.42906832695007324,0.42715704441070557,-0.0019112825393676758,0.4774741530418396,0.47371917963027954,-0.0037549734115600586,0.5761284232139587,0.5795232653617859,-0.0033948421478271484,0.1395157277584076,0.1395157277584076,99.30435264110565
crack0018_07.png,-1.5297996520996096,91.60295104980469,91.18258666992188,0.4203643798828125,105.22994995117188,104.55387878417969,0.6760711669921875,0.26331591606140137,0.2195059061050415,-0.04381000995635986,0.34732484817504883,0.3801605701446533,0.03283572196960449,0.41153472661972046,0.42660290002822876,0.0150681734085083,0.5810457468032837,0.5817762613296509,-0.0007305145263671875,0.1337127387523651,0.1337127387523651,101.49346494674683
crack0018_08.png,0.5615095615386962,98.16681671142578,98.35254669189453,-0.18572998046875,108.54852294921875,108.31665802001953,0.23186492919921875,0.244792178273201,0.2451486587524414,0.0003564804792404175,0.35235029458999634,0.36179816722869873,0.009447872638702393,0.4033491611480713,0.4088450074195862,0.005495846271514893,0.5947405099868774,0.5885390043258667,0.006201505661010742,0.18085625767707825,0.18085625767707825,107.3617714047432
crack0018_09.png,1.0709883689880373,99.1750717163086,97.54480743408203,1.6302642822265625,110.34101104736328,108.04814147949219,2.2928695678710938,0.31312456727027893,0.29144084453582764,-0.021683722734451294,0.4128408432006836,0.41693711280822754,0.004096269607543945,0.46633559465408325,0.4693969488143921,0.003061354160308838,0.5880968570709229,0.5857362747192383,0.0023605823516845703,0.18280339241027832,0.18280339241027832,104.39736318588257
crack0019_00.png,-2.0375165939331055,105.68771362304688,105.34666442871094,0.3410491943359375,111.47813415527344,111.64338684082031,-0.165252685546875,0.29753339290618896,0.27042263746261597,-0.027110755443572998,0.4624752402305603,0.4508535861968994,-0.011621654033660889,0.42024528980255127,0.40719419717788696,-0.013051092624664307,0.5984813570976257,0.5904498100280762,0.00803154706954956,0.19028222560882568,0.19028222560882568,113.23108506202698
crack0019_01.png,3.0488409042358398,102.81157684326172,101.65929412841797,1.15228271484375,101.17169952392578,99.80091094970703,1.37078857421875,0.3415893018245697,0.3429481089115143,0.00135880708694458,0.3370373249053955,0.3673030138015747,0.0302656888961792,0.3918464183807373,0.4009336233139038,0.009087204933166504,0.5840753316879272,0.5833525657653809,0.0007227659225463867,0.15745767951011658,0.15745767951011658,105.10309064388275
crack0019_02.png,1.5103750228881836,110.67667388916016,109.93921661376953,0.737457275390625,109.76813507080078,108.56143188476562,1.2067031860351562,0.4011363089084625,0.4028780162334442,0.0017417073249816895,0.2829774022102356,0.28648847341537476,0.00351107120513916,0.3449769616127014,0.340758740901947,-0.0042182207107543945,0.5904728770256042,0.5902114510536194,0.0002614259719848633,0.17946380376815796,0.17946380376815796,109.85868179798126
crack0019_03.png,0.7299714088439941,94.91954803466797,93.96748352050781,0.9520645141601562,104.291748046875,103.19784545898438,1.093902587890625,0.32295918464660645,0.30705830454826355,-0.015900880098342896,0.28341126441955566,0.2992907166481018,0.015879452228546143,0.36444973945617676,0.3674793839454651,0.00302964448928833,0.5853440761566162,0.5859131217002869,-0.0005690455436706543,0.15950024127960205,0.15950024127960205,99.45654237270355
crack0019_04.png,-1.3185863971710206,96.66410827636719,96.1846694946289,0.47943878173828125,109.41704559326172,108.60595703125,0.8110885620117188,0.24346764385700226,0.21231421828269958,-0.031153425574302673,0.23988384008407593,0.24210882186889648,0.0022249817848205566,0.3204306364059448,0.3093588948249817,-0.011071741580963135,0.5896924138069153,0.5826720595359802,0.007020354270935059,0.15188774466514587,0.15188774466514587,107.27323234081268
crack0019_05.png,2.2207710266113283,93.33053588867188,91.99091339111328,1.3396224975585938,110.69342803955078,108.8935317993164,1.799896240234375,0.3530970811843872,0.34233221411705017,-0.010764867067337036,0.15403121709823608,0.17544996738433838,0.021418750286102295,0.18275266885757446,0.1729934811592102,-0.009759187698364258,0.5917301177978516,0.5875893831253052,0.004140734672546387,0.13174039125442505,0.13174039125442505,95.78999650478363
crack0019_06.png,0.9084074020385742,120.34798431396484,119.28573608398438,1.0622482299804688,111.50492858886719,110.66309356689453,0.8418350219726562,0.26472583413124084,0.26522427797317505,0.0004984438419342041,0.44731253385543823,0.4323442578315735,-0.014968276023864746,0.40490806102752686,0.3885672092437744,-0.01634085178375244,0.5971318483352661,0.5954248309135437,0.0017070174217224121,0.15945516526699066,0.15945516526699066,127.8185840845108
crack0019_07.png,-0.7651960372924804,100.28594207763672,99.49861907958984,0.787322998046875,105.36988830566406,105.17538452148438,0.1945037841796875,0.31406140327453613,0.3031216263771057,-0.01093977689743042,0.1228780746459961,0.0971214771270752,-0.0257565975189209,0.24007701873779297,0.229508638381958,-0.010568380355834961,0.5864436626434326,0.5795655250549316,0.0068781375885009766,0.14532892405986786,0.14532892405986786,105.16272950172424
crack0019_08.png,3.745977783203125,107.00401306152344,105.52062225341797,1.4833908081054688,106.7135009765625,104.95269775390625,1.76080322265625,0.39341065287590027,0.3991456627845764,0.0057350099086761475,0.23340368270874023,0.2548465132713318,0.021442830562591553,0.3266565799713135,0.3432151675224304,0.016558587551116943,0.5900153517723083,0.5839715600013733,0.006043791770935059,0.19391176104545593,0.19391176104545593,106.25829255580902
crack0019_09.png,2.524281406402588,98.83956909179688,97.96583557128906,0.8737335205078125,104.76564025878906,103.90403747558594,0.861602783203125,0.35362857580184937,0.35915622115135193,0.0055276453495025635,0.06562960147857666,0.08568412065505981,0.020054519176483154,0.22903233766555786,0.2406570315361023,0.011624693870544434,0.5915570855140686,0.5900192260742188,0.0015378594398498535,0.15869075059890747,0.15869075059890747,100.84727120399475
crack0020_00.png,2.26863374710083,93.3045425415039,92.40155792236328,0.902984619140625,105.79130554199219,104.89453125,0.8967742919921875,0.23170769214630127,0.23781874775886536,0.006111055612564087,0.3628268837928772,0.3760896921157837,0.013262808322906494,0.4101865887641907,0.4258643388748169,0.01567775011062622,0.5835140347480774,0.5838254690170288,-0.000311434268951416,0.20758336782455444,0.20758336782455444,102.30360746383667
crack0020_01.png,2.8022593021392823,96.326416015625,94.81566619873047,1.5107498168945312,107.06533813476562,106.31343841552734,0.7518997192382812,0.21460175514221191,0.21456493437290192,-3.682076930999756e-05,0.38005542755126953,0.4020411968231201,0.021985769271850586,0.38186830282211304,0.3990609645843506,0.01719266176223755,0.5839177370071411,0.5810611248016357,0.002856612205505371,0.22322764992713928,0.22322764992713928,106.05385452508926
crack0020_02.png,3.3119189739227295,97.27226257324219,94.96019744873047,2.3120651245117188,104.23202514648438,103.16032409667969,1.0717010498046875,0.20876570045948029,0.2170429825782776,0.008277282118797302,0.5475088357925415,0.5433343648910522,-0.004174470901489258,0.42854589223861694,0.43735426664352417,0.008808374404907227,0.581153392791748,0.579254150390625,0.0018992424011230469,0.21587076783180237,0.21587076783180237,106.83642369508743
crack0020_03.png,-0.27907166481018064,100.16718292236328,99.90677642822266,0.260406494140625,105.9989013671875,105.79190063476562,0.207000732421875,0.21818125247955322,0.2125345915555954,-0.005646660923957825,0.3660006523132324,0.3585458993911743,-0.0074547529220581055,0.3504377603530884,0.347309947013855,-0.0031278133392333984,0.5833679437637329,0.580176830291748,0.0031911134719848633,0.24486911296844482,0.24486911296844482,110.61962193250656
crack0020_04.png,1.4616643905639648,98.47716522216797,97.3838119506836,1.093353271484375,103.12698364257812,102.29655456542969,0.8304290771484375,0.2697823643684387,0.2675149142742157,-0.0022674500942230225,0.43357259035110474,0.4372539520263672,0.003681361675262451,0.33764511346817017,0.33597785234451294,-0.0016672611236572266,0.5885390043258667,0.5867819786071777,0.0017570257186889648,0.21628917753696442,0.21628917753696442,105.42115390300751
crack0020_05.png,0.9365924835205078,95.50272369384766,95.51787567138672,-0.0151519775390625,106.22775268554688,105.52239990234375,0.705352783203125,0.1953444629907608,0.20100177824497223,0.005657315254211426,0.391978919506073,0.3924793601036072,0.0005004405975341797,0.3713405728340149,0.37251800298690796,0.0011774301528930664,0.5856478214263916,0.5807228088378906,0.0049250125885009766,0.1650812327861786,0.1650812327861786,107.2155447602272
crack0020_06.png,3.0430061340332033,99.12640380859375,97.36308288574219,1.7633209228515625,109.5072021484375,107.71585083007812,1.791351318359375,0.22123289108276367,0.21767231822013855,-0.003560572862625122,0.4221888780593872,0.44002455472946167,0.017835676670074463,0.3882516622543335,0.4044402241706848,0.01618856191635132,0.5838446617126465,0.5804805755615234,0.003364086151123047,0.2192775011062622,0.2192775011062622,108.53819072246552
crack0020_07.png,0.2788135051727295,86.55270385742188,86.1377182006836,0.41498565673828125,103.50337219238281,102.907958984375,0.5954132080078125,0.227165088057518,0.21183040738105774,-0.015334680676460266,0.38288813829421997,0.4011886715888977,0.018300533294677734,0.3559710383415222,0.3513332009315491,-0.0046378374099731445,0.5855709314346313,0.5825605392456055,0.003010392189025879,0.2295682430267334,0.2295682430267334,97.05822384357452
crack0020_08.png,1.5453640937805175,85.53884887695312,84.95027160644531,0.5885772705078125,103.28012084960938,102.33128356933594,0.9488372802734375,0.25005945563316345,0.24820396304130554,-0.0018554925918579102,0.3635867238044739,0.3800758123397827,0.016489088535308838,0.34314030408859253,0.3610634207725525,0.01792311668395996,0.5841253399848938,0.5824721455574036,0.0016531944274902344,0.22429610788822174,0.22429610788822174,93.71733605861664
crack0020_09.png,0.8110713005065917,95.87376403808594,94.9216537475586,0.9521102905273438,105.35304260253906,104.76419067382812,0.5888519287109375,0.2642137408256531,0.2630910575389862,-0.0011226832866668701,0.38763731718063354,0.38047969341278076,-0.007157623767852783,0.37764692306518555,0.3698526620864868,-0.0077942609786987305,0.5847904682159424,0.584801971912384,-1.150369644165039e-05,0.24879249930381775,0.24879249930381775,103.00432431697845
crack0021_00.png,0.568605899810791,93.48463439941406,92.34405517578125,1.1405792236328125,100.00718688964844,98.95661926269531,1.050567626953125,0.32963916659355164,0.3449905514717102,0.01535138487815857,0.11230188608169556,0.05822819471359253,-0.05407369136810303,0.23450583219528198,0.2021273374557495,-0.03237849473953247,0.5805343985557556,0.5819684863090515,-0.0014340877532958984,0.13109058141708374,0.13109058141708374,96.41473424434662
crack0021_01.png,0.9150027751922607,118.76725006103516,117.63835144042969,1.1288986206054688,108.93312072753906,107.81513977050781,1.11798095703125,0.22585822641849518,0.22917532920837402,0.003317102789878845,0.12714308500289917,0.09650760889053345,-0.030635476112365723,0.2172042727470398,0.19676148891448975,-0.02044278383255005,0.5881814956665039,0.5807074308395386,0.007474064826965332,0.0970100611448288,0.0970100611448288,128.17856699228287
crack0021_02.png,1.8172959327697753,110.68939971923828,110.66564178466797,0.0237579345703125,112.15351867675781,111.3572998046875,0.7962188720703125,0.2732633948326111,0.2721858620643616,-0.0010775327682495117,0.07603543996810913,0.11135280132293701,0.03531736135482788,0.2387235164642334,0.257099986076355,0.018376469612121582,0.5923029780387878,0.5885890126228333,0.00371396541595459,0.13712643086910248,0.13712643086910248,118.03848814964294
crack0021_03.png,2.2459638118743896,104.59158325195312,102.2284164428711,2.3631668090820312,114.41825103759766,109.87742614746094,4.540824890136719,0.22852079570293427,0.21619737148284912,-0.012323424220085144,0.2793939709663391,0.2473980188369751,-0.031995952129364014,0.262694776058197,0.25216561555862427,-0.010529160499572754,0.59295654296875,0.5846520662307739,0.008304476737976074,0.11184997856616974,0.11184997856616974,114.15641927719116
crack0021_04.png,1.0052513122558593,105.3456039428711,103.90699768066406,1.4386062622070312,105.61091613769531,105.65560913085938,-0.0446929931640625,0.28594785928726196,0.2819352447986603,-0.004012614488601685,0.1706814169883728,0.15679335594177246,-0.013888061046600342,0.14746934175491333,0.1574995517730713,0.010030210018157959,0.5961822271347046,0.5846558809280396,0.011526346206665039,0.11026939749717712,0.11026939749717712,111.55747520923615
crack0021_05.png,1.0944811820983886,96.37017822265625,96.12305450439453,0.24712371826171875,103.0765151977539,102.7763671875,0.30014801025390625,0.3384643495082855,0.32356590032577515,-0.014898449182510376,0.0,0.044992029666900635,0.044992029666900635,0.18362975120544434,0.2024480104446411,0.018818259239196777,0.5849788784980774,0.5819915533065796,0.0029873251914978027,0.10660408437252045,0.10660408437252045,100.23181748390198
crack0021_06.png,-0.8466101646423341,98.67496490478516,98.26055908203125,0.41440582275390625,101.27622985839844,101.00003051757812,0.2761993408203125,0.3189956843852997,0.31626853346824646,-0.0027271509170532227,0.20907104015350342,0.17631256580352783,-0.032758474349975586,0.32850921154022217,0.3184158205986023,-0.010093390941619873,0.5785620808601379,0.574636697769165,0.0039253830909729,0.11679533123970032,0.11679533123970032,102.63413321971893
crack0021_07.png,0.38669166564941404,103.36929321289062,102.51073455810547,0.8585586547851562,104.00506591796875,104.52433776855469,-0.5192718505859375,0.2650439739227295,0.26108109951019287,-0.003962874412536621,0.18799012899398804,0.18885821104049683,0.0008680820465087891,0.27801597118377686,0.25922340154647827,-0.018792569637298584,0.5823183655738831,0.5818646550178528,0.00045371055603027344,0.1144898533821106,0.1144898533821106,110.5678825378418
crack0021_08.png,1.9324424743652344,109.73554229736328,108.40997314453125,1.3255691528320312,103.23573303222656,103.07357788085938,0.1621551513671875,0.2944236993789673,0.30076631903648376,0.0063426196575164795,0.0,0.0,0.0,0.14088207483291626,0.15107882022857666,0.0101967453956604,0.5795232653617859,0.5786582231521606,0.0008650422096252441,0.13537797331809998,0.13537797331809998,114.58826637268066
crack0021_09.png,2.166815710067749,107.70881652832031,107.27979278564453,0.42902374267578125,114.25540161132812,113.80850219726562,0.4468994140625,0.22797046601772308,0.23319748044013977,0.005227014422416687,0.04674029350280762,0.07204407453536987,0.025303781032562256,0.0010987520217895508,0.060941219329833984,0.059842467308044434,0.5927873849868774,0.5895693898200989,0.0032179951667785645,0.10912487655878067,0.10912487655878067,117.52757209539413
crack0022_00.png,-0.5962337493896483,75.08230590820312,76.0711669921875,-0.988861083984375,118.10852813720703,118.42436218261719,-0.31583404541015625,0.07733987271785736,0.07843662798404694,0.0010967552661895752,0.0,0.0,0.0,0.0,0.0,0.0,0.5921030640602112,0.5813225507736206,0.010780513286590576,0.09779324382543564,0.09779324382543564,94.62046664953232
crack0022_01.png,8.405130434036256,87.38227081298828,80.54621887207031,6.836051940917969,130.0548858642578,127.36114501953125,2.6937408447265625,0.09393177181482315,0.09835221618413925,0.004420444369316101,0.0,0.0,0.0,0.0,0.0,0.0,0.5838677287101746,0.5804190635681152,0.003448665142059326,0.09776483476161957,0.09776483476161957,101.68304768204689
crack0022_02.png,1.9723132610321046,89.96403503417969,86.30804443359375,3.6559906005859375,127.63468933105469,127.50218200683594,0.13250732421875,0.12254300713539124,0.0958498865365982,-0.02669312059879303,0.0,0.0,0.0,0.0,0.0,0.0,0.5928835272789001,0.5829142928123474,0.009969234466552734,0.0901244580745697,0.0901244580745697,106.10038763284683
crack0022_03.png,3.132408118247986,78.9212875366211,76.67003631591797,2.251251220703125,133.67379760742188,130.6700439453125,3.003753662109375,0.09657328575849533,0.09181927144527435,-0.004754014313220978,0.0,0.0,0.0,0.0,0.0,0.0,0.583690881729126,0.5821914672851562,0.0014994144439697266,0.09369558840990067,0.09369558840990067,95.63414090871811
crack0022_04.png,4.572923159599304,70.18560028076172,66.85198974609375,3.3336105346679688,120.857666015625,118.78713989257812,2.070526123046875,0.0959286019206047,0.09770135581493378,0.001772753894329071,0.0,0.0,0.0,0.0,0.0,0.0,0.5839408040046692,0.5772087574005127,0.006732046604156494,0.1068890243768692,0.1068890243768692,86.12071105837822
crack0022_05.png,-0.4810034513473511,76.48930358886719,75.86669158935547,0.6226119995117188,122.51365661621094,121.893798828125,0.6198577880859375,0.12799200415611267,0.10904444009065628,-0.01894756406545639,0.0,0.0,0.0,0.0,0.0,0.0,0.5922183990478516,0.5881122350692749,0.00410616397857666,0.09852537512779236,0.09852537512779236,93.32406714558601
crack0022_06.png,-0.5563169717788696,94.43688201904297,95.4390869140625,-1.0022048950195312,120.12102508544922,118.85710144042969,1.2639236450195312,0.1181098148226738,0.11274249851703644,-0.00536731630563736,0.0,0.0,0.0,0.0,0.0,0.0,0.5971664786338806,0.5879238843917847,0.009242594242095947,0.08986804634332657,0.08986804634332657,112.06009370088577
crack0022_07.png,3.6488335609436042,103.99616241455078,101.86296081542969,2.1332015991210938,122.0462646484375,114.74871826171875,7.29754638671875,0.11954186856746674,0.09941206872463226,-0.020129799842834473,0.0,0.0,0.0,0.0,0.0,0.0,0.5920530557632446,0.5868781208992004,0.0051749348640441895,0.09941942989826202,0.09941942989826202,120.64695972204208
crack0022_08.png,1.6506935834884642,89.63523864746094,87.6975326538086,1.9377059936523438,129.0779266357422,126.67669677734375,2.4012298583984375,0.1054079532623291,0.08585413545370102,-0.019553817808628082,0.0,0.0,0.0,0.0,0.0,0.0,0.5945789813995361,0.5866589546203613,0.007920026779174805,0.10054288059473038,0.10054288059473038,107.29829677939415
crack0022_09.png,1.168934440612793,80.03121948242188,77.57999420166016,2.4512252807617188,122.37564086914062,123.17056274414062,-0.794921875,0.10494758188724518,0.09154598414897919,-0.013401597738265991,0.0,0.0,0.0,0.0,0.0,0.0,0.5842714309692383,0.5815762877464294,0.002695143222808838,0.10233398526906967,0.10233398526906967,96.6837050318718
crack0023_00.png,0.06086292266845705,121.03170776367188,120.58055114746094,0.4511566162109375,122.1102066040039,121.54176330566406,0.5684432983398438,0.15393413603305817,0.13684554398059845,-0.017088592052459717,0.14734822511672974,0.1632809042930603,0.015932679176330566,0.34665411710739136,0.33725690841674805,-0.00939720869064331,0.5918031334877014,0.589000403881073,0.002802729606628418,0.10234898328781128,0.10234898328781128,136.26752215623856
crack0023_01.png,5.219330644607544,125.21509552001953,120.59734344482422,4.6177520751953125,114.35497283935547,113.1847915649414,1.1701812744140625,0.24034655094146729,0.24064089357852936,0.00029434263706207275,0.0,0.0,0.0,0.23893707990646362,0.2183588743209839,-0.020578205585479736,0.591088056564331,0.58833909034729,0.0027489662170410156,0.11272838711738586,0.11272838711738586,132.12894868850708
crack0023_02.png,3.9665658950805662,99.9832534790039,98.53515625,1.4480972290039062,109.61211395263672,107.68611907958984,1.925994873046875,0.3195112645626068,0.34108150005340576,0.02157023549079895,0.0,0.0,0.0,0.2116672396659851,0.18157637119293213,-0.03009086847305298,0.5862975716590881,0.5857362747192383,0.0005612969398498535,0.15962162613868713,0.15962162613868713,103.54043185710907
crack0023_03.png,-0.5060183525085449,113.21414184570312,114.34204864501953,-1.1279067993164062,109.37762451171875,108.93959045410156,0.4380340576171875,0.2615671455860138,0.26655080914497375,0.004983663558959961,0.0,0.0,0.0,0.2795105576515198,0.30006229877471924,0.020551741123199463,0.5857747197151184,0.5845751762390137,0.0011995434761047363,0.11624127626419067,0.11624127626419067,121.51505529880524
crack0023_04.png,2.7897876262664796,123.04987335205078,121.52978515625,1.5200881958007812,111.63262176513672,111.67501831054688,-0.04239654541015625,0.21770362555980682,0.22620874643325806,0.008505120873451233,0.0,0.011745989322662354,0.011745989322662354,0.2863168716430664,0.29129916429519653,0.004982292652130127,0.5856901407241821,0.5822799205780029,0.0034102201461791992,0.11426049470901489,0.11426049470901489,132.65521734952927
crack0023_05.png,1.285756731033325,119.48709869384766,118.75558471679688,0.7315139770507812,109.42413330078125,108.02019500732422,1.4039382934570312,0.1678781807422638,0.1796436458826065,0.011765465140342712,0.09988898038864136,0.0763784646987915,-0.023510515689849854,0.27056169509887695,0.24559372663497925,-0.024967968463897705,0.5858516097068787,0.586055338382721,-0.00020372867584228516,0.10278402268886566,0.10278402268886566,132.49086439609528
crack0023_06.png,0.837981176376343,109.16558837890625,107.2389144897461,1.9266738891601562,113.24983215332031,111.69491577148438,1.5549163818359375,0.21240578591823578,0.20607849955558777,-0.00632728636264801,0.03274935483932495,0.0,-0.03274935483932495,0.23227369785308838,0.22119325399398804,-0.011080443859100342,0.5851172804832458,0.5824798345565796,0.0026374459266662598,0.10755792260169983,0.10755792260169983,119.24223268032074
crack0023_07.png,0.39888477325439453,115.24726104736328,113.79856872558594,1.4486923217773438,111.85739135742188,111.47164916992188,0.3857421875,0.2412380576133728,0.22447970509529114,-0.016758352518081665,0.0,0.0,0.0,0.1768054962158203,0.19002968072891235,0.013224184513092041,0.5890619158744812,0.5856478214263916,0.0034140944480895996,0.10235977917909622,0.10235977917909622,124.61660921573639
crack0023_08.png,-0.2004811286926269,116.679443359375,116.42919921875,0.250244140625,110.43623352050781,109.51228332519531,0.9239501953125,0.27233564853668213,0.2784680724143982,0.0061324238777160645,0.24425792694091797,0.2102820873260498,-0.033975839614868164,0.3221394419670105,0.31588315963745117,-0.006256282329559326,0.5836139917373657,0.5824106335639954,0.0012033581733703613,0.13949650526046753,0.13949650526046753,123.5587420463562
crack0023_09.png,2.892394685745239,121.06825256347656,119.47023010253906,1.5980224609375,110.49360656738281,109.22081756591797,1.2727890014648438,0.24946735799312592,0.25822770595550537,0.008760347962379456,0.0,0.0,0.0,0.24132293462753296,0.2303633689880371,-0.01095956563949585,0.5870703458786011,0.5849596261978149,0.002110719680786133,0.11315422505140305,0.11315422505140305,128.7840136885643
crack0024_00.png,2.833074712753296,141.9304656982422,139.66954040527344,2.26092529296875,121.64891052246094,121.86930847167969,-0.22039794921875,0.24119941890239716,0.24833834171295166,0.007138922810554504,0.0,0.0,0.0,0.017803192138671875,0.04353296756744385,0.025729775428771973,0.5917339324951172,0.589504063129425,0.0022298693656921387,0.13291366398334503,0.13291366398334503,149.99739521741867
crack0024_01.png,0.9366212844848633,121.64574432373047,122.00664520263672,-0.36090087890625,133.51316833496094,132.14401245117188,1.3691558837890625,0.3116976022720337,0.3182623088359833,0.006564706563949585,0.0,0.0,0.0,0.0,0.0,0.0,0.5972356796264648,0.5916185975074768,0.005617082118988037,0.11948484182357788,0.11948484182357788,127.01376581192017
crack0024_02.png,9.217426538467407,122.1065673828125,116.22509765625,5.8814697265625,118.155029296875,112.94155883789062,5.213470458984375,0.22606012225151062,0.24024279415607452,0.014182671904563904,0.0,0.0,0.0,0.0,0.0,0.0,0.5950518846511841,0.592153012752533,0.002898871898651123,0.13093602657318115,0.13093602657318115,129.40430057048798
crack0024_03.png,1.8098825454711918,138.8564453125,135.88888549804688,2.967559814453125,120.77485656738281,117.45620727539062,3.3186492919921875,0.21477675437927246,0.18350300192832947,-0.03127375245094299,0.0,0.0,0.0,0.0,0.0,0.0,0.5977470278739929,0.5973279476165771,0.0004190802574157715,0.11186271160840988,0.11186271160840988,150.2723664045334
crack0024_04.png,1.7103691577911375,158.43336486816406,157.33767700195312,1.0956878662109375,167.37757873535156,165.11215209960938,2.2654266357421875,0.22225864231586456,0.21664080023765564,-0.005617842078208923,0.0,0.0,0.0,0.0,0.0,0.0,0.5923298597335815,0.5883814096450806,0.0039484500885009766,0.125923290848732,0.125923290848732,168.58026731014252
crack0024_05.png,2.685111141204834,131.3019561767578,130.31163024902344,0.990325927734375,125.68510437011719,124.15847778320312,1.5266265869140625,0.2731019854545593,0.2845909893512726,0.011489003896713257,0.0,0.0,0.0,0.0,0.0,0.0,0.59697425365448,0.5928488969802856,0.004125356674194336,0.1307234913110733,0.1307234913110733,138.29964423179626
crack0024_06.png,3.50374174118042,123.90736389160156,121.78784942626953,2.1195144653320312,118.3051528930664,118.85237121582031,-0.5472183227539062,0.2223445624113083,0.24161456525325775,0.019270002841949463,0.0,0.0,0.0,0.12490934133529663,0.1508864164352417,0.02597707509994507,0.5866435766220093,0.5851057171821594,0.0015378594398498535,0.15798741579055786,0.15798741579055786,132.97267597913742
crack0024_07.png,3.0599334239959717,135.65341186523438,133.90394592285156,1.7494659423828125,117.26017761230469,115.29633331298828,1.9638442993164062,0.235599547624588,0.2399485558271408,0.004349008202552795,0.0,0.0,0.0,0.09850180149078369,0.11391502618789673,0.015413224697113037,0.5910149812698364,0.5865897536277771,0.004425227642059326,0.15042062103748322,0.15042062103748322,144.28330528736115
crack0024_08.png,-3.327314472198486,172.1279754638672,177.31321716308594,-5.18524169921875,175.0602569580078,170.58926391601562,4.4709930419921875,0.20447081327438354,0.2056128978729248,0.0011420845985412598,0.0,0.0,0.0,0.0642927885055542,0.0784909725189209,0.0141981840133667,0.5925797820091248,0.5931257009506226,-0.0005459189414978027,0.15024936199188232,0.15024936199188232,186.17737555503845
crack0024_09.png,3.8974014282226563,134.62062072753906,132.6936492919922,1.926971435546875,125.42204284667969,125.03421783447266,0.38782501220703125,0.25643622875213623,0.2789698541164398,0.02253362536430359,0.0,0.0,0.0,0.01368647813796997,0.002909064292907715,-0.010777413845062256,0.5865282416343689,0.5862129926681519,0.000315248966217041,0.1682913899421692,0.1682913899421692,141.7320909500122
crack0025_00.png,3.9860353469848633,122.749267578125,121.27576446533203,1.4735031127929688,115.05049896240234,113.77825927734375,1.2722396850585938,0.30293771624565125,0.3127690851688385,0.009831368923187256,0.318608820438385,0.3479912281036377,0.029382407665252686,0.29157423973083496,0.32369667291641235,0.03212243318557739,0.5839638710021973,0.582918107509613,0.0010457634925842285,0.19321534037590027,0.19321534037590027,127.19480788707733
crack0025_01.png,2.0814373016357424,112.10311126708984,110.14814758300781,1.9549636840820312,106.41048431396484,105.9596176147461,0.45086669921875,0.32284629344940186,0.31942513585090637,-0.0034211575984954834,0.4134442210197449,0.41998547315597534,0.006541252136230469,0.4383687973022461,0.44416284561157227,0.005794048309326172,0.5859784483909607,0.5870242118835449,-0.0010457634925842285,0.17178452014923096,0.17178452014923096,115.44108974933624
crack0025_02.png,2.3985734939575196,115.1122817993164,113.76150512695312,1.3507766723632812,114.27436065673828,112.82723236083984,1.4471282958984375,0.29323112964630127,0.2937134802341461,0.00048235058784484863,0.37514954805374146,0.3826097846031189,0.007460236549377441,0.31218963861465454,0.3278711438179016,0.01568150520324707,0.5962821841239929,0.5929834842681885,0.0032986998558044434,0.2132054567337036,0.2132054567337036,120.6943130493164
crack0025_03.png,2.5369144439697267,115.40039825439453,114.58384704589844,0.8165512084960938,106.33708190917969,105.47047424316406,0.866607666015625,0.28673699498176575,0.3098227083683014,0.023085713386535645,0.36748993396759033,0.3552578091621399,-0.01223212480545044,0.352092981338501,0.350727379322052,-0.0013656020164489746,0.5784236788749695,0.5780199766159058,0.0004037022590637207,0.2183837890625,0.2183837890625,120.92485010623932
crack0025_04.png,2.1385865211486816,115.706298828125,114.40679931640625,1.29949951171875,108.275390625,107.81632995605469,0.4590606689453125,0.38266852498054504,0.3867149353027344,0.004046410322189331,0.4529157280921936,0.4561537504196167,0.0032380223274230957,0.39829879999160767,0.39644110202789307,-0.0018576979637145996,0.5862975716590881,0.5812418460845947,0.005055725574493408,0.24001821875572205,0.24001821875572205,115.54834043979645
crack0025_05.png,3.343038034439087,117.86882781982422,115.62120819091797,2.24761962890625,114.87776184082031,113.33795166015625,1.5398101806640625,0.2116757482290268,0.209367573261261,-0.002308174967765808,0.4441048502922058,0.4591476321220398,0.015042781829833984,0.41380560398101807,0.41114288568496704,-0.0026627182960510254,0.5864706039428711,0.5849096775054932,0.0015609264373779297,0.16336816549301147,0.16336816549301147,127.64178776741028
crack0025_06.png,-0.8561733722686768,115.44386291503906,116.10733795166016,-0.6634750366210938,119.39814758300781,120.17476654052734,-0.7766189575195312,0.23447635769844055,0.22860868275165558,-0.005867674946784973,0.4526258111000061,0.4594513773918152,0.006825566291809082,0.3825911283493042,0.40156257152557373,0.01897144317626953,0.5965128540992737,0.5886543393135071,0.007858514785766602,0.20559129118919373,0.20559129118919373,125.91959363222122
crack0025_07.png,1.2180832862854003,98.83110809326172,98.50666046142578,0.3244476318359375,105.26741790771484,104.95799255371094,0.30942535400390625,0.35682690143585205,0.35586386919021606,-0.0009630322456359863,0.4300689101219177,0.4453515410423279,0.015282630920410156,0.44031280279159546,0.43976956605911255,-0.0005432367324829102,0.5901230573654175,0.5842329859733582,0.005890071392059326,0.19939856231212616,0.19939856231212616,100.92197442054749
crack0025_08.png,2.4267412185668946,107.90363311767578,106.78299713134766,1.120635986328125,107.93344116210938,106.94003295898438,0.993408203125,0.3667309880256653,0.37931352853775024,0.012582540512084961,0.46043121814727783,0.4545590877532959,-0.005872130393981934,0.44440990686416626,0.44515830278396606,0.0007483959197998047,0.5867819786071777,0.5833563804626465,0.00342559814453125,0.19730620086193085,0.19730620086193085,108.81073498725891
crack0025_09.png,2.7787742614746094,122.69874572753906,120.63327026367188,2.0654754638671875,102.65592193603516,102.28501892089844,0.37090301513671875,0.28228759765625,0.2891075909137726,0.006819993257522583,0.490622341632843,0.48307812213897705,-0.007544219493865967,0.35843920707702637,0.34505021572113037,-0.013388991355895996,0.5866589546203613,0.5786312818527222,0.00802767276763916,0.15856242179870605,0.15856242179870605,128.19511032104492
crack0026_00.png,-0.8871166229248046,93.17013549804688,95.59646606445312,-2.42633056640625,126.45578002929688,121.9803466796875,4.475433349609375,0.16942572593688965,0.1625632345676422,-0.0068624913692474365,0.0,0.0,0.0,0.0,0.0,0.0,0.5943521857261658,0.5869011878967285,0.007450997829437256,0.10572037100791931,0.10572037100791931,108.4035941362381
crack0026_01.png,-0.5075109004974365,89.34618377685547,91.13728332519531,-1.7910995483398438,123.75576782226562,121.06396484375,2.691802978515625,0.1820657104253769,0.181400865316391,-0.0006648451089859009,0.0,0.0,0.0,0.0,0.0,0.0,0.5959208011627197,0.589419424533844,0.006501376628875732,0.10066191852092743,0.10066191852092743,103.19451367855072
crack0026_02.png,-0.4730484962463378,79.8613510131836,80.7981948852539,-0.9368438720703125,123.12866973876953,121.5423583984375,1.5863113403320312,0.15498483180999756,0.1514820158481598,-0.0035028159618377686,0.0,0.0,0.0,0.0,0.0,0.0,0.5944482684135437,0.5917108654975891,0.00273740291595459,0.10061944276094437,0.10061944276094437,95.01878273487091
crack0026_03.png,4.620060157775879,100.75743103027344,96.36175537109375,4.3956756591796875,120.90328979492188,121.62574768066406,-0.7224578857421875,0.13850580155849457,0.14194710552692413,0.0034413039684295654,0.0,0.0,0.0,0.0,0.0,0.0,0.5953786969184875,0.58942711353302,0.005951583385467529,0.09839978814125061,0.09839978814125061,114.06439298391342
crack0026_04.png,-1.691051721572876,69.01193237304688,71.85174560546875,-2.839813232421875,119.31414794921875,116.94941711425781,2.3647308349609375,0.14831043779850006,0.15054064989089966,0.002230212092399597,0.0,0.0,0.0,0.0,0.0,0.0,0.596801221370697,0.5961899161338806,0.0006113052368164062,0.09744466841220856,0.09744466841220856,85.40526157617569
crack0026_05.png,-1.687625217437744,79.9647445678711,82.55768585205078,-2.5929412841796875,117.60240173339844,116.0743408203125,1.5280609130859375,0.16964463889598846,0.16978944838047028,0.00014480948448181152,0.0,0.0,0.0,0.0,0.0,0.0,0.5922337770462036,0.585171103477478,0.007062673568725586,0.10009300708770752,0.10009300708770752,94.77188795804977
crack0026_06.png,12.420579290390014,129.92263793945312,118.8885498046875,11.034088134765625,124.36814880371094,119.75089263916016,4.617256164550781,0.24152983725070953,0.23168396949768066,-0.00984586775302887,0.0,0.0,0.0,0.0,0.0,0.0,0.595028817653656,0.5868473649024963,0.008181452751159668,0.09782159328460693,0.09782159328460693,134.3057084083557
crack0026_07.png,2.061107063293457,82.65287780761719,82.69037628173828,-0.03749847412109375,123.79460144042969,121.89959716796875,1.8950042724609375,0.12973758578300476,0.14613759517669678,0.016400009393692017,0.0,0.0,0.0,0.0,0.0,0.0,0.5843175649642944,0.5836024880409241,0.0007150769233703613,0.1127258762717247,0.1127258762717247,98.26007449626923
crack0026_08.png,-3.537686586380005,66.5109634399414,66.90409851074219,-0.39313507080078125,121.36275482177734,123.8178939819336,-2.45513916015625,0.17895177006721497,0.1470416933298111,-0.03191007673740387,0.0,0.0,0.0,0.0,0.0,0.0,0.5919261574745178,0.5821684002876282,0.009757757186889648,0.09711403399705887,0.09711403399705887,81.56207567453384
crack0026_09.png,5.278019618988037,69.03884887695312,65.22200775146484,3.8168411254882812,132.4078826904297,127.80864715576172,4.599235534667969,0.16390717029571533,0.15577703714370728,-0.008130133152008057,0.0,0.0,0.0,0.0,0.0,0.0,0.5933563709259033,0.586558997631073,0.006797373294830322,0.09416142106056213,0.09416142106056213,81.51806092262268
crack0027_00.png,3.3204396247863768,118.19630432128906,117.79426574707031,0.40203857421875,105.26712799072266,105.0487060546875,0.21842193603515625,0.3248441815376282,0.3541232943534851,0.029279112815856934,0.2456263303756714,0.2510964870452881,0.005470156669616699,0.37483495473861694,0.3707456588745117,-0.004089295864105225,0.584690511226654,0.5779430866241455,0.006747424602508545,0.14353108406066895,0.14353108406066895,121.89225459098816
crack0027_01.png,2.3491411209106445,114.92555236816406,113.39677429199219,1.528778076171875,103.30625915527344,102.51936340332031,0.786895751953125,0.2733800709247589,0.29648929834365845,0.023109227418899536,0.3906111717224121,0.35214245319366455,-0.03846871852874756,0.4349825382232666,0.413418173789978,-0.021564364433288574,0.5858554244041443,0.5809650421142578,0.004890382289886475,0.13811570405960083,0.13811570405960083,121.19257605075836
crack0027_02.png,3.044096851348877,96.10795593261719,94.5252685546875,1.5826873779296875,102.97813415527344,102.36013793945312,0.6179962158203125,0.36031150817871094,0.37930306792259216,0.018991559743881226,0.43330883979797363,0.42657679319381714,-0.006732046604156494,0.44737595319747925,0.44483643770217896,-0.002539515495300293,0.5761091709136963,0.5770049691200256,-0.0008957982063293457,0.19102506339550018,0.19102506339550018,96.77812051773071
crack0027_03.png,2.350441074371338,116.5733413696289,114.78925323486328,1.784088134765625,108.92981719970703,107.29588317871094,1.6339340209960938,0.23871058225631714,0.2556883692741394,0.016977787017822266,0.28278523683547974,0.24581480026245117,-0.036970436573028564,0.4406203031539917,0.4328138828277588,-0.00780642032623291,0.5783737301826477,0.5775393843650818,0.000834345817565918,0.10246765613555908,0.10246765613555908,124.49361157417297
crack0027_04.png,2.4475088119506836,121.33090209960938,119.5279541015625,1.802947998046875,107.05673217773438,107.18315124511719,-0.1264190673828125,0.2308252900838852,0.24426884949207306,0.013443559408187866,0.40527135133743286,0.3886997699737549,-0.01657158136367798,0.44022029638290405,0.43856239318847656,-0.0016579031944274902,0.5896924138069153,0.5826297402381897,0.007062673568725586,0.14276111125946045,0.14276111125946045,130.16760724782944
crack0027_05.png,2.13289155960083,115.80535888671875,114.70635986328125,1.0989990234375,102.94026184082031,102.37429809570312,0.5659637451171875,0.3446285128593445,0.34671828150749207,0.002089768648147583,0.3254305124282837,0.34133100509643555,0.015900492668151855,0.44624894857406616,0.4479867219924927,0.0017377734184265137,0.5727720260620117,0.5726643800735474,0.00010764598846435547,0.10731207579374313,0.10731207579374313,117.4890296459198
crack0027_06.png,0.5511384010314941,110.45594787597656,109.83995056152344,0.615997314453125,104.14350891113281,103.47925567626953,0.6642532348632812,0.2999143898487091,0.30198508501052856,0.002070695161819458,0.44350916147232056,0.4321148991584778,-0.011394262313842773,0.4844248294830322,0.48197561502456665,-0.002449214458465576,0.5710073113441467,0.5720184445381165,-0.0010111331939697266,0.1259549856185913,0.1259549856185913,115.03382360935211
crack0027_07.png,2.701419448852539,108.5001449584961,106.97146606445312,1.5286788940429688,105.03067779541016,104.37803649902344,0.6526412963867188,0.2861604690551758,0.29952263832092285,0.01336216926574707,0.3224332928657532,0.3133222460746765,-0.00911104679107666,0.40220755338668823,0.3801434636116028,-0.02206408977508545,0.5829296708106995,0.5777508616447449,0.00517880916595459,0.1290547251701355,0.1290547251701355,113.88336420059204
crack0027_08.png,0.6814872741699218,115.12892150878906,114.82839965820312,0.3005218505859375,103.67607116699219,103.31755828857422,0.35851287841796875,0.3208429217338562,0.3214268386363983,0.0005839169025421143,0.35054266452789307,0.35284554958343506,0.002302885055541992,0.421616792678833,0.4233677387237549,0.001750946044921875,0.5819915533065796,0.5795232653617859,0.002468287944793701,0.1270390748977661,0.1270390748977661,119.0077474117279
crack0027_09.png,2.2340845108032226,104.66709899902344,103.62644958496094,1.0406494140625,102.27696228027344,101.7817611694336,0.49520111083984375,0.36158815026283264,0.3697332441806793,0.00814509391784668,0.4390168786048889,0.4469377398490906,0.00792086124420166,0.4477027654647827,0.4529532790184021,0.005250513553619385,0.5781660676002502,0.5774932503700256,0.0006728172302246094,0.22728751599788666,0.22728751599788666,105.57812798023224
crack0028_00.png,0.5721790313720703,92.58302307128906,91.67737579345703,0.9056472778320312,98.58646392822266,98.17256164550781,0.41390228271484375,0.5404877066612244,0.5100897550582886,-0.03039795160293579,0.0,0.0483701229095459,0.0483701229095459,0.33227211236953735,0.33636587858200073,0.004093766212463379,0.5790234804153442,0.579073429107666,-4.9948692321777344e-05,0.11024355888366699,0.11024355888366699,84.68775129318237
crack0028_01.png,1.5900170326232912,99.0823974609375,96.99911499023438,2.083282470703125,104.02668762207031,102.99755096435547,1.0291366577148438,0.45040127635002136,0.4377460479736328,-0.01265522837638855,0.0,0.0,0.0,0.0,0.07492506504058838,0.07492506504058838,0.5749673247337341,0.5722798705101013,0.0026874542236328125,0.10156865417957306,0.10156865417957306,94.77468633651733
crack0028_02.png,-1.4776732444763183,98.77289581298828,99.08158874511719,-0.30869293212890625,103.05856323242188,102.84033203125,0.218231201171875,0.5026547908782959,0.48703405261039734,-0.01562073826789856,0.0,0.0,0.0,0.27763253450393677,0.2839115858078003,0.006279051303863525,0.5789695978164673,0.5791349411010742,-0.0001653432846069336,0.11559105664491653,0.11559105664491653,92.87059676647186
crack0028_03.png,-0.2563446044921875,98.64539337158203,99.14276885986328,-0.49737548828125,106.17584228515625,105.34266662597656,0.8331756591796875,0.4259324073791504,0.4230108857154846,-0.0029215216636657715,0.0,0.0,0.0,0.2198401689529419,0.23055744171142578,0.010717272758483887,0.5854440331459045,0.5819069743156433,0.0035370588302612305,0.11039721220731735,0.11039721220731735,96.93118929862976
crack0028_04.png,0.7762985229492188,99.02556610107422,98.2511215209961,0.774444580078125,101.67102813720703,100.67066192626953,1.0003662109375,0.5039120316505432,0.4966265559196472,-0.007285475730895996,0.0,0.0,0.0,0.20635437965393066,0.21765810251235962,0.011303722858428955,0.5860745906829834,0.5814609527587891,0.004613637924194336,0.10411306470632553,0.10411306470632553,92.28373408317566
crack0028_05.png,2.149966239929199,102.39812469482422,100.88174438476562,1.5163803100585938,103.7708740234375,103.06942749023438,0.701446533203125,0.42486611008644104,0.44422492384910583,0.019358813762664795,0.02680516242980957,0.0,-0.02680516242980957,0.22570914030075073,0.1957884430885315,-0.02992069721221924,0.5742329955101013,0.5773202776908875,-0.003087282180786133,0.09631698578596115,0.09631698578596115,99.24077904224396
crack0028_06.png,-0.8691163063049316,97.7431640625,96.8434066772461,0.8997573852539062,99.17504119873047,98.90385437011719,0.27118682861328125,0.5503167510032654,0.5264788866043091,-0.0238378643989563,0.0,0.0,0.0,0.1886875033378601,0.20512795448303223,0.01644045114517212,0.5717800855636597,0.5710380673408508,0.0007420182228088379,0.10669681429862976,0.10669681429862976,88.57575559616089
crack0028_07.png,-0.23809289932250977,104.75733184814453,105.53467559814453,-0.77734375,107.12940216064453,105.91545104980469,1.2139511108398438,0.3509439527988434,0.3503345549106598,-0.0006093978881835938,0.0,0.0,0.0,0.028119921684265137,0.12309926748275757,0.09497934579849243,0.5821337699890137,0.5795732140541077,0.002560555934906006,0.09564971923828125,0.09564971923828125,107.41128122806549
crack0028_08.png,1.2844653129577637,106.18553161621094,105.13694763183594,1.048583984375,106.25924682617188,105.32113647460938,0.9381103515625,0.4669803977012634,0.43892180919647217,-0.02805858850479126,0.03322082757949829,0.08513498306274414,0.05191415548324585,0.25985509157180786,0.2852363586425781,0.025381267070770264,0.5704728960990906,0.5697539448738098,0.0007189512252807617,0.1146741434931755,0.1146741434931755,102.14484691619873
crack0028_09.png,-1.0921680450439453,97.84923553466797,97.81388854980469,0.03534698486328125,102.50594329833984,102.01927185058594,0.48667144775390625,0.4826199412345886,0.46452784538269043,-0.018092095851898193,0.0,0.0,0.0,0.2160048484802246,0.19526809453964233,-0.020736753940582275,0.5876855254173279,0.5845559239387512,0.00312960147857666,0.12011030316352844,0.12011030316352844,93.46731233596802
crack0029_00.png,3.5324151039123537,109.2492904663086,109.79544830322266,-0.5461578369140625,112.11083221435547,111.71531677246094,0.39551544189453125,0.2904185652732849,0.29938456416130066,0.008965998888015747,0.24638181924819946,0.3170241117477417,0.07064229249954224,0.26020675897598267,0.30943232774734497,0.049225568771362305,0.5934871435165405,0.5840522646903992,0.009434878826141357,0.19730636477470398,0.19730636477470398,115.83674120903015
crack0029_01.png,0.05389404296875,101.40625,100.24256896972656,1.1636810302734375,102.23359680175781,101.96412658691406,0.26947021484375,0.2920500636100769,0.2886475622653961,-0.003402501344680786,0.31587690114974976,0.2930768132209778,-0.022800087928771973,0.30087727308273315,0.2843664884567261,-0.01651078462600708,0.5777047276496887,0.5785390138626099,-0.0008342862129211426,0.2465083748102188,0.2465083748102188,106.64711630344391
crack0029_02.png,-1.3032401561737061,100.19011688232422,99.97279357910156,0.21732330322265625,104.91462707519531,105.214599609375,-0.2999725341796875,0.20983712375164032,0.1902845799922943,-0.01955254375934601,0.0,0.0,0.0,0.0,0.0,0.0,0.5841906666755676,0.5800999402999878,0.004090726375579834,0.20594516396522522,0.20594516396522522,112.03200709819794
crack0029_03.png,0.785188865661621,102.51184844970703,102.61976623535156,-0.10791778564453125,102.00981903076172,101.4937973022461,0.516021728515625,0.35033077001571655,0.3688357174396515,0.018504947423934937,0.17122536897659302,0.14968740940093994,-0.021537959575653076,0.25635826587677,0.23470979928970337,-0.02164846658706665,0.5823068022727966,0.5806112885475159,0.0016955137252807617,0.199369877576828,0.199369877576828,104.83823323249817
crack0029_04.png,8.118106746673584,105.95613098144531,105.7235336303711,0.23259735107421875,111.85972595214844,111.27522277832031,0.584503173828125,0.18418698012828827,0.2136441022157669,0.029457122087478638,0.12008386850357056,0.24765264987945557,0.127568781375885,0.05832463502883911,0.18751001358032227,0.12918537855148315,0.5914955735206604,0.5866858959197998,0.004809677600860596,0.1947961002588272,0.1947961002588272,118.44843643903732
crack0029_05.png,0.41089305877685545,100.8686752319336,100.53080749511719,0.33786773681640625,104.58419799804688,103.98572540283203,0.5984725952148438,0.3285861611366272,0.31307581067085266,-0.015510350465774536,0.3947579860687256,0.4174019694328308,0.022643983364105225,0.3869282603263855,0.40075618028640747,0.013827919960021973,0.5903306603431702,0.5861130356788635,0.004217624664306641,0.21188408136367798,0.21188408136367798,105.52841913700104
crack0029_06.png,3.9486188888549805,106.67720031738281,106.04407501220703,0.6331253051757812,107.65464782714844,106.69269561767578,0.9619522094726562,0.24707821011543274,0.253339022397995,0.006260812282562256,0.06914061307907104,0.12248581647872925,0.0533452033996582,0.07777464389801025,0.12168657779693604,0.04391193389892578,0.5919146537780762,0.5845136642456055,0.007400989532470703,0.15635430812835693,0.15635430812835693,115.212531208992
crack0029_07.png,7.453779697418213,93.40581512451172,92.8810806274414,0.5247344970703125,110.04492950439453,109.19413757324219,0.8507919311523438,0.16900435090065002,0.2104504406452179,0.04144608974456787,0.2568058371543884,0.3344718813896179,0.07766604423522949,0.16499942541122437,0.2699729800224304,0.10497355461120605,0.5928604602813721,0.5887004733085632,0.004159986972808838,0.19056645035743713,0.19056645035743713,106.71760523319244
crack0029_08.png,1.6386582374572753,106.15422821044922,106.5829086303711,-0.428680419921875,102.96581268310547,103.26274108886719,-0.29692840576171875,0.26887163519859314,0.26709064841270447,-0.0017809867858886719,0.2951914668083191,0.35218358039855957,0.05699211359024048,0.2241637110710144,0.2651525139808655,0.040988802909851074,0.5867012739181519,0.585478663444519,0.0012226104736328125,0.23122218251228333,0.23122218251228333,113.81118047237396
crack0029_09.png,5.455208492279053,95.71263885498047,96.3382568359375,-0.6256179809570312,105.70988464355469,105.69583892822266,0.01404571533203125,0.20145530998706818,0.20356996357440948,0.0021146535873413086,0.09164869785308838,0.23452067375183105,0.14287197589874268,0.07940804958343506,0.15793335437774658,0.07852530479431152,0.5880199670791626,0.5832410454750061,0.004778921604156494,0.17071771621704102,0.17071771621704102,107.4589279294014
crack0030_00.png,0.02549943923950193,183.7464141845703,184.5977783203125,-0.8513641357421875,116.73272705078125,116.64435577392578,0.08837127685546875,0.17227615416049957,0.1794993132352829,0.007223159074783325,0.2783706784248352,0.28138279914855957,0.0030121207237243652,0.2695547938346863,0.2890360355377197,0.019481241703033447,0.579727053642273,0.5761476159095764,0.003579437732696533,0.12978169322013855,0.12978169322013855,197.02460914850235
crack0030_01.png,-1.6887311935424805,183.3850555419922,184.3985595703125,-1.0135040283203125,124.87158203125,124.99449157714844,-0.1229095458984375,0.1982351541519165,0.18744513392448425,-0.010790020227432251,0.0,0.0,0.0,0.0,0.0,0.0,0.5927720069885254,0.5868435502052307,0.005928456783294678,0.12323646992444992,0.12323646992444992,196.3559798002243
crack0030_02.png,-1.952463483810425,193.30039978027344,195.14511108398438,-1.8447113037109375,130.830810546875,129.62969970703125,1.20111083984375,0.13383296132087708,0.12566350400447845,-0.00816945731639862,0.0,0.0,0.0,0.0,0.0,0.0,0.5844367742538452,0.5828027725219727,0.0016340017318725586,0.11551937460899353,0.11551937460899353,210.060416162014
crack0030_03.png,-0.11423950195312482,182.4549102783203,184.6644287109375,-2.2095184326171875,115.5049057006836,115.24908447265625,0.25582122802734375,0.20493902266025543,0.20145370066165924,-0.0034853219985961914,0.04465615749359131,0.10013186931610107,0.055475711822509766,0.21560156345367432,0.2564573287963867,0.0408557653427124,0.5763705968856812,0.5750519037246704,0.0013186931610107422,0.1327868402004242,0.1327868402004242,194.5272713303566
crack0030_04.png,0.5285602569580079,190.56600952148438,192.30555725097656,-1.7395477294921875,121.70465087890625,121.53071594238281,0.1739349365234375,0.21514242887496948,0.24262988567352295,0.027487456798553467,0.0,0.0,0.0,0.03679865598678589,0.07796120643615723,0.04116255044937134,0.5803114175796509,0.5803229808807373,-1.1563301086425781e-05,0.10515876114368439,0.10515876114368439,201.7401568889618
crack0030_05.png,0.027218770980834972,196.159912109375,196.6251678466797,-0.4652557373046875,122.5425796508789,121.73881530761719,0.8037643432617188,0.2106851041316986,0.2122877985239029,0.0016026943922042847,0.0,0.0,0.0,0.039772212505340576,0.03883707523345947,-0.0009351372718811035,0.5846174359321594,0.5835486054420471,0.0010688304901123047,0.12229064106941223,0.12229064106941223,207.1361311674118
crack0030_06.png,-2.4006911754608153,175.60206604003906,176.93338012695312,-1.3313140869140625,130.34671020507812,130.3706817626953,-0.0239715576171875,0.16257010400295258,0.16740134358406067,0.004831239581108093,0.042776405811309814,0.003531932830810547,-0.03924447298049927,0.0,0.0,0.0,0.5908304452896118,0.5877431631088257,0.003087282180786133,0.12786975502967834,0.12786975502967834,190.1467346549034
crack0030_07.png,0.4839912414550781,178.0928955078125,178.1953125,-0.1024169921875,114.66670227050781,114.62132263183594,0.045379638671875,0.20428872108459473,0.20831146836280823,0.004022747278213501,0.046184003353118896,0.05259096622467041,0.006406962871551514,0.24242985248565674,0.2592902183532715,0.016860365867614746,0.5832218527793884,0.5834679007530212,-0.0002460479736328125,0.13400495052337646,0.13400495052337646,189.22549676895142
crack0030_08.png,-2.2999839305877687,200.06015014648438,202.03053283691406,-1.9703826904296875,126.60066223144531,127.8055419921875,-1.2048797607421875,0.15830200910568237,0.16199035942554474,0.0036883503198623657,0.2777879238128662,0.2730012536048889,-0.004786670207977295,0.13645929098129272,0.15946578979492188,0.02300649881362915,0.5861284136772156,0.5849096775054932,0.0012187361717224121,0.12979012727737427,0.12979012727737427,214.9923574924469
crack0030_09.png,0.5676721572875977,178.94789123535156,178.9193878173828,0.02850341796875,115.8096923828125,115.59651184082031,0.2131805419921875,0.21334606409072876,0.2193811535835266,0.0060350894927978516,0.0,0.0,0.0,0.12598776817321777,0.13224422931671143,0.006256461143493652,0.5853940844535828,0.5861168503761292,-0.0007227659225463867,0.14239126443862915,0.14239126443862915,189.57754969596863
crack0031_00.png,5.790879201889038,103.3048095703125,101.18877410888672,2.1160354614257812,106.18702697753906,104.84878540039062,1.3382415771484375,0.23627100884914398,0.2529813051223755,0.016710296273231506,0.1617329716682434,0.20178377628326416,0.04005080461502075,0.15975314378738403,0.1990126371383667,0.039259493350982666,0.5899845957756042,0.584967315196991,0.005017280578613281,0.2508903443813324,0.2508903443813324,111.66991513967514
crack0031_01.png,0.7382470607757567,82.73444366455078,82.05033874511719,0.6841049194335938,104.00316619873047,102.9795913696289,1.0235748291015625,0.18130752444267273,0.16901512444019318,-0.012292400002479553,0.3407054543495178,0.3551047444343567,0.014399290084838867,0.24543356895446777,0.24494868516921997,-0.00048488378524780273,0.584502100944519,0.5831987857818604,0.0013033151626586914,0.20922335982322693,0.20922335982322693,95.63156777620316
crack0031_02.png,3.351374292373657,101.49002075195312,99.62715911865234,1.8628616333007812,105.33971405029297,104.24236297607422,1.09735107421875,0.22069396078586578,0.22915637493133545,0.008462414145469666,0.0041342973709106445,0.009350359439849854,0.005216062068939209,0.018756985664367676,0.020626068115234375,0.0018690824508666992,0.5853095054626465,0.5812110900878906,0.004098415374755859,0.26686638593673706,0.26686638593673706,110.72933250665665
crack0031_03.png,3.414992094039917,105.49178314208984,103.51602172851562,1.9757614135742188,104.99105834960938,104.04505157470703,0.9460067749023438,0.23581387102603912,0.2359675168991089,0.00015364587306976318,0.12448233366012573,0.14637815952301025,0.02189582586288452,0.07820141315460205,0.10324549674987793,0.02504408359527588,0.5878123641014099,0.5834947824478149,0.004317581653594971,0.2634718716144562,0.2634718716144562,113.86756473779678
crack0031_04.png,8.331077337265015,108.89079284667969,104.49327087402344,4.39752197265625,118.614013671875,115.35862731933594,3.2553863525390625,0.16420550644397736,0.16884106397628784,0.004635557532310486,0.2667783498764038,0.3164833188056946,0.04970496892929077,0.10735845565795898,0.19627827405929565,0.08891981840133667,0.5928796529769897,0.586070716381073,0.006808936595916748,0.15802283585071564,0.15802283585071564,120.55488759279251
crack0031_05.png,4.888782930374146,111.69180297851562,109.4757080078125,2.216094970703125,107.46524810791016,106.72625732421875,0.7389907836914062,0.16098979115486145,0.1713993400335312,0.010409548878669739,0.11665594577789307,0.156044602394104,0.03938865661621094,0.06411254405975342,0.09940564632415771,0.0352931022644043,0.5851057171821594,0.5858861804008484,-0.0007804632186889648,0.18495340645313263,0.18495340645313263,124.35981523990631
crack0031_06.png,3.3331578254699705,114.17964172363281,111.4881591796875,2.6914825439453125,111.22334289550781,109.79413604736328,1.4292068481445312,0.18004541099071503,0.1650669425725937,-0.014978468418121338,0.26365983486175537,0.2920525074005127,0.028392672538757324,0.18242686986923218,0.21658337116241455,0.03415650129318237,0.592176079750061,0.5888620018959045,0.003314077854156494,0.1704685240983963,0.1704685240983963,126.61692708730698
crack0031_07.png,4.120826482772827,105.45443725585938,104.62873840332031,0.8256988525390625,109.62248229980469,108.53060150146484,1.0918807983398438,0.1583767980337143,0.17165502905845642,0.013278231024742126,0.177340567111969,0.2185218334197998,0.04118126630783081,0.09821277856826782,0.167463481426239,0.06925070285797119,0.5887274146080017,0.5850057601928711,0.0037216544151306152,0.19216370582580566,0.19216370582580566,119.08807653188705
crack0031_08.png,4.73080472946167,104.51789093017578,100.38299560546875,4.134895324707031,114.97505187988281,112.10213470458984,2.8729171752929688,0.1835562139749527,0.18502436578273773,0.0014681518077850342,0.252984881401062,0.22986572980880737,-0.02311915159225464,0.19661343097686768,0.15205353498458862,-0.04455989599227905,0.5916416645050049,0.585290253162384,0.00635141134262085,0.16380174458026886,0.16380174458026886,115.1027370095253
crack0031_09.png,5.798018455505371,107.48472595214844,105.26057434082031,2.224151611328125,107.1485366821289,105.17191314697266,1.97662353515625,0.22273200750350952,0.24163591861724854,0.018903911113739014,0.21288591623306274,0.2415059208869934,0.028620004653930664,0.1657329797744751,0.21549147367477417,0.04975849390029907,0.5873779058456421,0.5842252969741821,0.003152608871459961,0.17623062431812286,0.17623062431812286,116.50384593009949
crack0032_00.png,1.7173965930938722,102.94013977050781,102.43619537353516,0.5039443969726562,105.28587341308594,105.14772033691406,0.138153076171875,0.21216361224651337,0.21889996528625488,0.006736353039741516,0.28150421380996704,0.293445348739624,0.011941134929656982,0.21715658903121948,0.2409690022468567,0.023812413215637207,0.5833871364593506,0.579846203327179,0.003540933132171631,0.16101855039596558,0.16101855039596558,113.2938362956047
crack0032_01.png,2.6556232929229737,102.14746856689453,101.22084045410156,0.9266281127929688,108.36946868896484,107.02259063720703,1.3468780517578125,0.2187335044145584,0.22089925408363342,0.002165749669075012,0.32927197217941284,0.35029059648513794,0.021018624305725098,0.15381842851638794,0.1941128373146057,0.04029440879821777,0.5889657735824585,0.5845597982406616,0.004405975341796875,0.14929404854774475,0.14929404854774475,112.11877518892288
crack0032_02.png,1.4338577270507813,92.60356903076172,91.90387725830078,0.6996917724609375,108.13227844238281,107.29583740234375,0.8364410400390625,0.1931229531764984,0.19063204526901245,-0.002490907907485962,0.5599420666694641,0.5658209323883057,0.005878865718841553,0.3876081705093384,0.4049091935157776,0.01730102300643921,0.5828335285186768,0.5737408399581909,0.00909268856048584,0.1570822298526764,0.1570822298526764,104.12914156913757
crack0032_03.png,-0.02320108413696287,106.24519348144531,105.50562286376953,0.7395706176757812,109.57608032226562,109.39212036132812,0.1839599609375,0.2544165253639221,0.24519434571266174,-0.009222179651260376,0.3365408182144165,0.3303700089454651,-0.006170809268951416,0.233123779296875,0.2306218147277832,-0.002501964569091797,0.5883775353431702,0.5846712589263916,0.0037062764167785645,0.19226929545402527,0.19226929545402527,114.69884884357452
crack0032_04.png,3.6652485847473146,100.85517883300781,99.43470001220703,1.4204788208007812,107.87715148925781,106.80288696289062,1.0742645263671875,0.299936443567276,0.3094802498817444,0.009543806314468384,0.3053164482116699,0.3292178511619568,0.023901402950286865,0.17415839433670044,0.20702087879180908,0.03286248445510864,0.5810649991035461,0.5786774158477783,0.0023875832557678223,0.20856119692325592,0.20856119692325592,105.39135277271271
crack0032_05.png,1.1663020610809327,95.06161499023438,93.520263671875,1.541351318359375,106.68644714355469,105.39251708984375,1.2939300537109375,0.23202474415302277,0.2264307737350464,-0.005593970417976379,0.4400653839111328,0.4274883270263672,-0.012577056884765625,0.26654499769210815,0.2666904330253601,0.00014543533325195312,0.5842906832695007,0.5828412175178528,0.0014494657516479492,0.16383399069309235,0.16383399069309235,104.07672023773193
crack0032_06.png,0.47535157203674316,99.37643432617188,98.01753997802734,1.3588943481445312,102.22026062011719,101.61002349853516,0.6102371215820312,0.2636508345603943,0.24019236862659454,-0.023458465933799744,0.3950684070587158,0.4098997712135315,0.014831364154815674,0.2941456437110901,0.3092959523200989,0.015150308609008789,0.5847404599189758,0.580845832824707,0.003894627094268799,0.19262754917144775,0.19262754917144775,107.67506343126297
crack0032_07.png,1.1182766914367677,101.85691833496094,100.38070678710938,1.4762115478515625,101.66273498535156,100.833740234375,0.8289947509765625,0.28001806139945984,0.2763679027557373,-0.003650158643722534,0.2856181263923645,0.27588003873825073,-0.00973808765411377,0.18768703937530518,0.187710702419281,2.3663043975830078e-05,0.5804767608642578,0.5806766748428345,-0.00019991397857666016,0.21477806568145752,0.21477806568145752,107.7638053894043
crack0032_08.png,1.2481887817382813,103.23309326171875,101.58704376220703,1.6460494995117188,107.71393585205078,107.00475311279297,0.7091827392578125,0.26407870650291443,0.2498651146888733,-0.014213591814041138,0.4739688038825989,0.4778375029563904,0.003868699073791504,0.36167556047439575,0.3733460307121277,0.011670470237731934,0.5845636129379272,0.5770434737205505,0.007520139217376709,0.16366873681545258,0.16366873681545258,110.80070614814758
crack0032_09.png,1.5855931282043456,107.56328582763672,106.12391662597656,1.4393692016601562,104.35907745361328,103.97480773925781,0.38426971435546875,0.28821995854377747,0.28133124113082886,-0.006888717412948608,0.3372655510902405,0.3488566279411316,0.011591076850891113,0.27350687980651855,0.26611918210983276,-0.007387697696685791,0.5860515236854553,0.5840522646903992,0.0019992589950561523,0.22406518459320068,0.22406518459320068,113.40578770637512
crack0033_00.png,3.002497911453247,153.2581787109375,150.02008056640625,3.23809814453125,108.23126983642578,107.90133666992188,0.32993316650390625,0.21755710244178772,0.20991362631320953,-0.007643476128578186,0.0,0.0,0.0,0.048470258712768555,0.07862597703933716,0.030155718326568604,0.5886005163192749,0.5825029015541077,0.006097614765167236,0.09418472647666931,0.09418472647666931,162.5883327126503
crack0033_01.png,3.1007346153259276,137.81886291503906,134.74281311035156,3.0760498046875,110.0247802734375,108.55152893066406,1.4732513427734375,0.18131765723228455,0.17214733362197876,-0.009170323610305786,0.0,0.0,0.0,0.23023509979248047,0.22690480947494507,-0.0033302903175354004,0.5900461077690125,0.5858208537101746,0.004225254058837891,0.10372082889080048,0.10372082889080048,149.55384230613708
crack0033_02.png,2.2183032512664793,163.40225219726562,161.79051208496094,1.6117401123046875,108.09649658203125,107.96730041503906,0.1291961669921875,0.2183627188205719,0.22552944719791412,0.007166728377342224,0.0,0.0,0.0,0.12515997886657715,0.13161271810531616,0.006452739238739014,0.5812956690788269,0.5817570090293884,-0.00046133995056152344,0.08771365880966187,0.08771365880966187,172.7648993730545
crack0033_03.png,4.128988552093506,137.5504913330078,133.94789123535156,3.60260009765625,107.37265014648438,106.29847717285156,1.0741729736328125,0.21934346854686737,0.22295154631137848,0.0036080777645111084,0.0,0.0,0.0,0.19635611772537231,0.19528108835220337,-0.0010750293731689453,0.5801422595977783,0.5849404335021973,-0.004798173904418945,0.1110895574092865,0.1110895574092865,145.98620051145554
crack0033_04.png,3.9391441822052,126.92395782470703,123.20850372314453,3.7154541015625,106.37458801269531,105.43644714355469,0.938140869140625,0.23441196978092194,0.23068350553512573,-0.0037284642457962036,0.0,0.0,0.0,0.1260785460472107,0.15101277828216553,0.024934232234954834,0.5867281556129456,0.5830603837966919,0.003667771816253662,0.10198361426591873,0.10198361426591873,134.69434666633606
crack0033_05.png,4.360259532928467,160.81271362304688,156.8533477783203,3.9593658447265625,114.74844360351562,113.59449768066406,1.1539459228515625,0.15180522203445435,0.151494562625885,-0.00031065940856933594,0.0,0.0,0.0,0.0,0.0,0.0,0.5834602117538452,0.5843560099601746,-0.0008957982063293457,0.08826491236686707,0.08826491236686707,173.11759734153748
crack0033_06.png,2.4706162929534914,150.05335998535156,148.29649353027344,1.756866455078125,113.48097229003906,111.78384399414062,1.6971282958984375,0.1554040163755417,0.15317395329475403,-0.0022300630807876587,0.0,0.0,0.0,0.1745586395263672,0.17590928077697754,0.0013506412506103516,0.5880469083786011,0.582714319229126,0.005332589149475098,0.09648236632347107,0.09648236632347107,163.5063658952713
crack0033_07.png,3.8077675819396974,152.1022186279297,148.6807861328125,3.4214324951171875,108.35000610351562,107.0390396118164,1.3109664916992188,0.18456704914569855,0.18372760713100433,-0.0008394420146942139,0.0,0.0,0.0,0.013045907020568848,0.03832930326461792,0.025283396244049072,0.5832871794700623,0.5850595831871033,-0.0017724037170410156,0.09586767107248306,0.09586767107248306,162.77022927999496
crack0033_08.png,2.532116413116455,150.6285858154297,149.5135955810547,1.114990234375,110.40788269042969,110.45796966552734,-0.05008697509765625,0.17439213395118713,0.1915646493434906,0.017172515392303467,0.0,0.0,0.0,0.07058018445968628,0.06719475984573364,-0.0033854246139526367,0.5815186500549316,0.5799346566200256,0.0015839934349060059,0.09181816875934601,0.09181816875934601,162.86830866336823
crack0033_09.png,2.349540185928345,146.21678161621094,144.21881103515625,1.9979705810546875,110.3791275024414,110.20753479003906,0.17159271240234375,0.1658300906419754,0.1684170961380005,0.0025870054960250854,0.0,0.0,0.0,0.0948636531829834,0.1122332215309143,0.017369568347930908,0.5847904682159424,0.5828911662101746,0.0018993020057678223,0.10215051472187042,0.10215051472187042,158.65960961580276
crack0034_00.png,0.6574333190917969,111.06927490234375,110.54058074951172,0.5286941528320312,105.10143280029297,104.81777954101562,0.28365325927734375,0.2823871672153473,0.2822956442832947,-9.15229320526123e-05,0.4443357586860657,0.4401564598083496,-0.0041792988777160645,0.4099615216255188,0.4107229709625244,0.0007614493370056152,0.5824375152587891,0.5776932239532471,0.004744291305541992,0.22250333428382874,0.22250333428382874,117.16468977928162
crack0034_01.png,2.171784496307373,96.70482635498047,96.32406616210938,0.38076019287109375,103.44546508789062,102.92080688476562,0.524658203125,0.2553219497203827,0.26691004633903503,0.011588096618652344,0.4841744303703308,0.500135064125061,0.015960633754730225,0.3707094192504883,0.3824688196182251,0.011759400367736816,0.577970027923584,0.5775778293609619,0.0003921985626220703,0.14429888129234314,0.14429888129234314,104.31393039226532
crack0034_02.png,3.484611415863037,99.86121368408203,98.98798370361328,0.87322998046875,102.40120697021484,101.71786499023438,0.6833419799804688,0.23555341362953186,0.2548428773880005,0.019289463758468628,0.4669485092163086,0.48106521368026733,0.01411670446395874,0.4167879819869995,0.4322274327278137,0.015439450740814209,0.5892579555511475,0.583502471446991,0.005755484104156494,0.14727440476417542,0.14727440476417542,108.86171209812164
crack0034_03.png,0.8952533721923828,121.5304183959961,120.84173583984375,0.6886825561523438,120.1215591430664,119.96717071533203,0.154388427734375,0.2706053555011749,0.27108675241470337,0.0004813969135284424,0.5074200630187988,0.5041607022285461,-0.0032593607902526855,0.46382975578308105,0.4647195339202881,0.0008897781372070312,0.5991464853286743,0.5932295322418213,0.005916953086853027,0.23594218492507935,0.23594218492507935,128.9156152009964
crack0034_04.png,0.8384693145751954,111.89783477783203,111.20616912841797,0.6916656494140625,105.59744262695312,105.22883605957031,0.3686065673828125,0.3026537597179413,0.2985452115535736,-0.004108548164367676,0.500612735748291,0.508660078048706,0.008047342300415039,0.4385491609573364,0.4388389587402344,0.0002897977828979492,0.5841829776763916,0.5840291976928711,0.0001537799835205078,0.18142712116241455,0.18142712116241455,117.00660836696625
crack0034_05.png,3.314033842086792,101.78390502929688,100.68416595458984,1.0997390747070312,102.6731185913086,101.86197662353516,0.8111419677734375,0.23961888253688812,0.2579217553138733,0.01830287277698517,0.37309473752975464,0.38488060235977173,0.01178586483001709,0.34375840425491333,0.36209845542907715,0.01834005117416382,0.5855824947357178,0.5867281556129456,-0.0011456608772277832,0.17116719484329224,0.17116719484329224,110.3260287642479
crack0034_06.png,2.850830554962158,100.55744171142578,99.84671020507812,0.7107315063476562,104.73818969726562,103.64474487304688,1.09344482421875,0.26758575439453125,0.27476006746292114,0.007174313068389893,0.44833433628082275,0.47516578435897827,0.026831448078155518,0.3703954219818115,0.39306432008743286,0.022668898105621338,0.584186851978302,0.5827988982200623,0.001387953758239746,0.16501128673553467,0.16501128673553467,107.51440477371216
crack0034_07.png,1.6820096015930175,107.34284973144531,107.04727935791016,0.29557037353515625,106.61111450195312,106.17095947265625,0.440155029296875,0.3071375787258148,0.3140607476234436,0.006923168897628784,0.44325190782546997,0.4562317132949829,0.01297980546951294,0.40641194581985474,0.4155769348144531,0.009164988994598389,0.587235689163208,0.5838024020195007,0.0034332871437072754,0.2507583498954773,0.2507583498954773,112.25623738765717
crack0034_08.png,2.380001449584961,105.30058288574219,104.4734878540039,0.8270950317382812,103.72515869140625,103.1640396118164,0.5611190795898438,0.28353434801101685,0.2989141345024109,0.015379786491394043,0.5357365608215332,0.5380461812019348,0.0023096203804016113,0.47579336166381836,0.47637253999710083,0.0005791783332824707,0.5851941704750061,0.5850518941879272,0.00014227628707885742,0.23043422400951385,0.23043422400951385,111.28274130821228
crack0034_09.png,1.5369415283203125,102.6318130493164,102.3505630493164,0.28125,104.94998168945312,103.71066284179688,1.23931884765625,0.3214090168476105,0.3323611617088318,0.010952144861221313,0.4870520234107971,0.4836008548736572,-0.0034511685371398926,0.42305469512939453,0.4263569712638855,0.003302276134490967,0.5848789215087891,0.5843329429626465,0.0005459785461425781,0.24353060126304626,0.24353060126304626,106.60180389881134
crack0035_00.png,1.029975414276123,110.1741714477539,109.57930755615234,0.5948638916015625,106.4345932006836,105.43838500976562,0.9962081909179688,0.30444633960723877,0.30483290553092957,0.0003865659236907959,0.5502135753631592,0.552466869354248,0.002253293991088867,0.3609924912452698,0.38420069217681885,0.023208200931549072,0.583383321762085,0.5854940414428711,-0.002110719680786133,0.16254298388957977,0.16254298388957977,115.02972078323364
crack0035_01.png,-0.1381031990051269,117.59510803222656,117.52781677246094,0.067291259765625,108.900634765625,108.35517883300781,0.5454559326171875,0.3480060398578644,0.34263068437576294,-0.00537535548210144,0.5188751220703125,0.5189518332481384,7.671117782592773e-05,0.4235372543334961,0.42123913764953613,-0.002298116683959961,0.5807381868362427,0.5806536078453064,8.45789909362793e-05,0.23117069900035858,0.23117069900035858,120.23314881324768
crack0035_02.png,1.4930684089660644,102.69049835205078,101.70398712158203,0.98651123046875,105.53534698486328,105.32179260253906,0.21355438232421875,0.3152502477169037,0.31931447982788086,0.004064232110977173,0.5109132528305054,0.5109332799911499,2.002716064453125e-05,0.4299071431159973,0.4363408088684082,0.006433665752410889,0.5799731016159058,0.577593207359314,0.002379894256591797,0.21095967292785645,0.21095967292785645,106.48115193843842
crack0035_03.png,-0.9857937812805175,118.34498596191406,118.4989013671875,-0.1539154052734375,106.1605224609375,105.63818359375,0.5223388671875,0.4285318851470947,0.42040178179740906,-0.008130103349685669,0.6119866371154785,0.6013845205307007,-0.010602116584777832,0.4748689532279968,0.4625638723373413,-0.012305080890655518,0.5779392719268799,0.5770972967147827,0.000841975212097168,0.15865503251552582,0.15865503251552582,116.31540763378143
crack0035_04.png,1.2290677070617675,114.13887786865234,113.56918334960938,0.5696945190429688,107.6090087890625,107.10186767578125,0.50714111328125,0.3459240794181824,0.35263001918792725,0.006705939769744873,0.559730589389801,0.5599538087844849,0.0002232193946838379,0.44716310501098633,0.45905762910842896,0.011894524097442627,0.5850096344947815,0.5872318148612976,-0.0022221803665161133,0.2175413817167282,0.2175413817167282,116.58785843849182
crack0035_05.png,-0.563060188293457,109.0947494506836,109.13713073730469,-0.04238128662109375,103.92050170898438,103.56651306152344,0.3539886474609375,0.4014289975166321,0.39428868889808655,-0.007140308618545532,0.5492539405822754,0.5432829856872559,-0.005970954895019531,0.4627642035484314,0.45788633823394775,-0.004877865314483643,0.5827566385269165,0.5790619254112244,0.0036947131156921387,0.23273316025733948,0.23273316025733948,108.76888430118561
crack0035_06.png,-0.18256149291992185,100.43824768066406,99.88993072509766,0.5483169555664062,104.349609375,104.68025207519531,-0.3306427001953125,0.3307892680168152,0.3205234408378601,-0.010265827178955078,0.5123838186264038,0.51499342918396,0.0026096105575561523,0.4665103554725647,0.4685453176498413,0.0020349621772766113,0.5833871364593506,0.5804306268692017,0.0029565095901489258,0.2784891426563263,0.2784891426563263,104.26816821098328
crack0035_07.png,-0.33515176773071287,105.994873046875,105.61139678955078,0.38347625732421875,101.72390747070312,102.220947265625,-0.497039794921875,0.37113162875175476,0.36247435212135315,-0.008657276630401611,0.5883171558380127,0.5882880687713623,-2.9087066650390625e-05,0.41776925325393677,0.4167529344558716,-0.0010163187980651855,0.5806074738502502,0.5762591361999512,0.004348337650299072,0.1590650975704193,0.1590650975704193,107.27897274494171
crack0035_08.png,-1.8514227867126465,106.0912857055664,106.01039123535156,0.08089447021484375,102.55794525146484,101.86248779296875,0.6954574584960938,0.45412665605545044,0.430507093667984,-0.02361956238746643,0.5566843152046204,0.5460119843482971,-0.010672330856323242,0.47637373208999634,0.4624660611152649,-0.013907670974731445,0.5815224647521973,0.5788735151290894,0.00264894962310791,0.20254111289978027,0.20254111289978027,103.48131144046783
crack0035_09.png,0.15195131301879883,99.77104187011719,99.74281311035156,0.028228759765625,103.0210952758789,102.034423828125,0.9866714477539062,0.46539267897605896,0.46352100372314453,-0.0018716752529144287,0.5530316233634949,0.5488978624343872,-0.004133760929107666,0.48749005794525146,0.48437613248825073,-0.0031139254570007324,0.5829988718032837,0.5818954110145569,0.0011034607887268066,0.210706889629364,0.210706889629364,95.26562213897705
crack0036_00.png,1.058518123626709,106.27800750732422,104.92278289794922,1.355224609375,107.0628890991211,106.95511627197266,0.1077728271484375,0.3305548429489136,0.32420507073402405,-0.006349772214889526,0.20404314994812012,0.2044064998626709,0.00036334991455078125,0.3415733575820923,0.33673274517059326,-0.0048406124114990234,0.5846866369247437,0.580845832824707,0.003840804100036621,0.118601493537426,0.118601493537426,109.53555643558502
crack0036_01.png,3.2171859741210938,106.54541778564453,105.41670227050781,1.1287155151367188,107.9479751586914,106.59032440185547,1.3576507568359375,0.3023446798324585,0.2970113158226013,-0.005333364009857178,0.05309498310089111,0.09870606660842896,0.04561108350753784,0.25822800397872925,0.26903581619262695,0.010807812213897705,0.5837255120277405,0.580034613609314,0.0036908984184265137,0.09613677859306335,0.09613677859306335,111.50940155982971
crack0036_02.png,7.154924297332764,110.00418090820312,107.33776092529297,2.6664199829101562,103.834228515625,103.09534454345703,0.7388839721679688,0.27009913325309753,0.32104620337486267,0.05094707012176514,0.0,0.0,0.0,0.21114444732666016,0.23350894451141357,0.022364497184753418,0.5816070437431335,0.5786774158477783,0.0029296278953552246,0.10459883511066437,0.10459883511066437,115.72930467128754
crack0036_03.png,2.369561958312988,95.9862289428711,94.57880401611328,1.4074249267578125,105.17369079589844,103.89665222167969,1.27703857421875,0.27979692816734314,0.2817309498786926,0.0019340217113494873,0.32555466890335083,0.32981324195861816,0.004258573055267334,0.441497266292572,0.44156402349472046,6.67572021484375e-05,0.5809034705162048,0.5777470469474792,0.003156423568725586,0.13393425941467285,0.13393425941467285,101.73083961009979
crack0036_04.png,0.5825652122497558,103.92820739746094,103.45610046386719,0.47210693359375,104.65179443359375,104.00289916992188,0.648895263671875,0.2902396321296692,0.2973920404911041,0.0071524083614349365,0.224889874458313,0.201401948928833,-0.02348792552947998,0.3563324809074402,0.36284661293029785,0.006514132022857666,0.583383321762085,0.5779277086257935,0.005455613136291504,0.11920495331287384,0.11920495331287384,109.61310887336731
crack0036_05.png,-1.5991456031799316,113.32014465332031,112.93141174316406,0.38873291015625,105.5087661743164,105.4069595336914,0.101806640625,0.2057892382144928,0.18471527099609375,-0.021073967218399048,0.20695126056671143,0.1995183229446411,-0.0074329376220703125,0.33988410234451294,0.3426981568336487,0.002814054489135742,0.5811803340911865,0.5823144912719727,-0.0011341571807861328,0.10994775593280792,0.10994775593280792,125.33544158935547
crack0036_06.png,1.033821201324463,122.03407287597656,121.43724060058594,0.596832275390625,110.62968444824219,110.39204406738281,0.237640380859375,0.2845280170440674,0.2787342965602875,-0.005793720483779907,0.318145215511322,0.3345900774002075,0.016444861888885498,0.36757099628448486,0.3836537003517151,0.016082704067230225,0.5934832692146301,0.5897923707962036,0.0036908984184265137,0.1479015052318573,0.1479015052318573,128.7509297132492
crack0036_07.png,1.5577592849731445,132.96678161621094,131.17544555664062,1.7913360595703125,104.75277709960938,104.07826232910156,0.6745147705078125,0.31611669063568115,0.3052355945110321,-0.010881096124649048,0.34821051359176636,0.35209017992019653,0.0038796663284301758,0.39990001916885376,0.39753735065460205,-0.002362668514251709,0.5955363512039185,0.5902383923530579,0.005297958850860596,0.11669644713401794,0.11669644713401794,137.5784319639206
crack0036_08.png,2.8468143463134767,107.9889907836914,106.43475341796875,1.5542373657226562,102.75482177734375,102.21247863769531,0.5423431396484375,0.2819921374320984,0.2944468855857849,0.012454748153686523,0.3865281343460083,0.38756000995635986,0.0010318756103515625,0.4223605990409851,0.42463183403015137,0.0022712349891662598,0.5791503190994263,0.5782006978988647,0.0009496212005615234,0.1513681560754776,0.1513681560754776,113.45835661888123
crack0036_09.png,2.1380412101745607,102.45732116699219,101.64884185791016,0.8084793090820312,104.08606719970703,102.90403747558594,1.1820297241210938,0.2509271204471588,0.2658790946006775,0.014951974153518677,0.36681991815567017,0.3556203842163086,-0.011199533939361572,0.4211219549179077,0.42921334505081177,0.008091390132904053,0.5837754607200623,0.5810611248016357,0.0027143359184265137,0.12368201464414597,0.12368201464414597,110.34847271442413
crack0037_00.png,-0.43830647468566886,112.2237319946289,111.34795379638672,0.8757781982421875,106.0574951171875,106.0409164428711,0.01657867431640625,0.2257869839668274,0.18661539256572723,-0.03917159140110016,0.11947548389434814,0.15700757503509521,0.03753209114074707,0.18344181776046753,0.2054119110107422,0.021970093250274658,0.5884890556335449,0.5806958675384521,0.0077931880950927734,0.10527747869491577,0.10527747869491577,124.12848156690598
crack0037_01.png,0.5977648258209228,125.12501525878906,125.08293914794922,0.04207611083984375,110.72038269042969,110.68217468261719,0.0382080078125,0.23783369362354279,0.23739278316497803,-0.0004409104585647583,0.30189746618270874,0.31227558851242065,0.010378122329711914,0.3121193051338196,0.31354641914367676,0.0014271140098571777,0.5869626998901367,0.5829488635063171,0.00401383638381958,0.14155736565589905,0.14155736565589905,134.33891820907593
crack0037_02.png,3.84514799118042,107.01964569091797,105.47981262207031,1.5398330688476562,100.03770446777344,100.41748046875,-0.3797760009765625,0.20408307015895844,0.20579175651073456,0.001708686351776123,0.0,0.0581478476524353,0.0581478476524353,0.2440396547317505,0.27166831493377686,0.027628660202026367,0.5815532207489014,0.5816878080368042,-0.00013458728790283203,0.1294323354959488,0.1294323354959488,117.2722572684288
crack0037_03.png,1.992815065383911,114.30442810058594,112.41667938232422,1.8877487182617188,105.1718521118164,104.31538391113281,0.8564682006835938,0.2417735904455185,0.23779404163360596,-0.003979548811912537,0.15313702821731567,0.15248990058898926,-0.000647127628326416,0.27083778381347656,0.27608853578567505,0.005250751972198486,0.585644006729126,0.5829758048057556,0.0026682019233703613,0.16702967882156372,0.16702967882156372,122.51867151260376
crack0037_04.png,2.1260429859161376,110.61701202392578,109.17272186279297,1.4442901611328125,103.72346496582031,104.04380798339844,-0.320343017578125,0.20489023625850677,0.22593644261360168,0.02104620635509491,0.13583576679229736,0.1115492582321167,-0.024286508560180664,0.3129372000694275,0.31846529245376587,0.005528092384338379,0.5813917517662048,0.5789504051208496,0.0024413466453552246,0.1507730484008789,0.1507730484008789,120.85712283849716
crack0037_05.png,0.7773520469665527,117.2575454711914,115.57588195800781,1.6816635131835938,109.71283721923828,109.19746398925781,0.5153732299804688,0.21714423596858978,0.20062796771526337,-0.016516268253326416,0.0,0.0,0.0,0.2002948522567749,0.20326560735702515,0.002970755100250244,0.593452513217926,0.5881814956665039,0.005271017551422119,0.1220109611749649,0.1220109611749649,128.11713618040085
crack0037_06.png,2.7301750659942625,100.94892883300781,100.57589721679688,0.3730316162109375,104.66874694824219,105.84822082519531,-1.179473876953125,0.1765679568052292,0.19380402565002441,0.017236068844795227,0.14404326677322388,0.17882579565048218,0.0347825288772583,0.21024763584136963,0.21694225072860718,0.006694614887237549,0.5817339420318604,0.5802652835845947,0.001468658447265625,0.12146870791912079,0.12146870791912079,113.437693297863
crack0037_07.png,1.9468041896820067,114.39918518066406,112.6921157836914,1.7070693969726562,101.388671875,101.44549560546875,-0.05682373046875,0.2217356264591217,0.2222183793783188,0.0004827529191970825,0.32115936279296875,0.3246946930885315,0.003535330295562744,0.31097865104675293,0.3135279417037964,0.002549290657043457,0.5795155763626099,0.5774548053741455,0.0020607709884643555,0.14769555628299713,0.14769555628299713,123.42213594913483
crack0037_08.png,9.985645484924316,132.8525390625,127.55133819580078,5.301200866699219,99.54041290283203,99.80121612548828,-0.26080322265625,0.1808866560459137,0.1849571168422699,0.004070460796356201,0.1973540186882019,0.3088899254798889,0.11153590679168701,0.2299414873123169,0.283750057220459,0.05380856990814209,0.5780546069145203,0.5780122876167297,4.2319297790527344e-05,0.11620599031448364,0.11620599031448364,142.47092354297638
crack0037_09.png,1.7001120567321777,120.42493438720703,119.83815002441406,0.5867843627929688,103.7416000366211,104.2511215209961,-0.509521484375,0.19167175889015198,0.19778522849082947,0.00611346960067749,0.2050754427909851,0.22177845239639282,0.016703009605407715,0.33633512258529663,0.32763350009918213,-0.008701622486114502,0.5891234278678894,0.5851249694824219,0.003998458385467529,0.11482194066047668,0.11482194066047668,132.196173787117
crack0038_00.png,1.8127337455749513,120.22676849365234,120.8511962890625,-0.6244277954101562,108.65679931640625,107.44324493408203,1.2135543823242188,0.4468833804130554,0.4698595404624939,0.022976160049438477,0.0,0.0,0.0,0.01740497350692749,0.05044698715209961,0.03304201364517212,0.5834486484527588,0.5806074738502502,0.002841174602508545,0.10755221545696259,0.10755221545696259,117.06392550468445
crack0038_01.png,1.7050329208374024,114.69590759277344,114.661865234375,0.0340423583984375,104.41091918945312,103.98056030273438,0.43035888671875,0.2966223955154419,0.312495619058609,0.015873223543167114,0.0,0.0,0.0,0.15238767862319946,0.1692022681236267,0.016814589500427246,0.5831142067909241,0.5773894786834717,0.005724728107452393,0.11243848502635956,0.11243848502635956,120.20611095428467
crack0038_02.png,0.3362408638000489,119.46101379394531,119.41265106201172,0.04836273193359375,106.90110778808594,105.77021789550781,1.130889892578125,0.46188369393348694,0.4581149220466614,-0.0037687718868255615,0.0,0.0,0.0,0.10018432140350342,0.14085614681243896,0.04067182540893555,0.583510160446167,0.5800845623016357,0.00342559814453125,0.13948309421539307,0.13948309421539307,115.29034352302551
crack0038_03.png,2.937927722930908,121.7596435546875,121.59251403808594,0.1671295166015625,109.02225494384766,108.40065002441406,0.6216049194335938,0.20739957690238953,0.23519721627235413,0.0277976393699646,0.0,0.0,0.0,0.28452712297439575,0.2648389935493469,-0.019688129425048828,0.5904498100280762,0.5829911828041077,0.007458627223968506,0.1170341819524765,0.1170341819524765,132.8500965833664
crack0038_04.png,1.7272570610046387,113.11827087402344,111.58439636230469,1.53387451171875,108.21004486083984,107.90785217285156,0.30219268798828125,0.4367435574531555,0.4358505606651306,-0.0008929967880249023,0.0,0.0,0.0,0.08789408206939697,0.08543306589126587,-0.0024610161781311035,0.5858554244041443,0.5822567939758301,0.003598630428314209,0.11476988345384598,0.11476988345384598,109.634516954422
crack0038_05.png,0.4261568069458008,106.841796875,106.38748168945312,0.454315185546875,105.35275268554688,105.1440200805664,0.20873260498046875,0.3703836500644684,0.3679710924625397,-0.002412557601928711,0.0,0.0,0.0,0.09333372116088867,0.11515218019485474,0.021818459033966064,0.583690881729126,0.5816570520401001,0.002033829689025879,0.11717191338539124,0.11717191338539124,107.88400900363922
crack0038_06.png,2.261472225189209,118.55262756347656,117.11609649658203,1.4365310668945312,114.17842864990234,112.47112274169922,1.707305908203125,0.3805989921092987,0.3816802501678467,0.0010812580585479736,0.0,0.0,0.0,0.0,0.0,0.0,0.5862476229667664,0.5848596692085266,0.001387953758239746,0.11296015977859497,0.11296015977859497,118.44832742214203
crack0038_07.png,3.102814292907715,117.79444885253906,116.1507568359375,1.6436920166015625,110.15107727050781,110.36692810058594,-0.215850830078125,0.4107269048690796,0.42716553807258606,0.01643863320350647,0.0,0.0,0.0,0.07781869173049927,0.06874525547027588,-0.009073436260223389,0.590388298034668,0.5846289992332458,0.005759298801422119,0.11079336702823639,0.11079336702823639,115.94452047348022
crack0038_08.png,-2.5702584266662596,119.12039184570312,120.1252670288086,-1.0048751831054688,109.95137023925781,110.14625549316406,-0.19488525390625,0.518294632434845,0.4992288649082184,-0.019065767526626587,0.0,0.0,0.0,0.15768903493881226,0.16608011722564697,0.008391082286834717,0.5865782499313354,0.5856324434280396,0.0009458065032958984,0.11951066553592682,0.11951066553592682,113.13222754001617
crack0038_09.png,-3.5837995529174806,120.46064758300781,121.30341339111328,-0.8427658081054688,107.89148712158203,107.6585693359375,0.23291778564453125,0.39092326164245605,0.35615894198417664,-0.03476431965827942,0.0,0.0,0.0,0.13032513856887817,0.12902653217315674,-0.0012986063957214355,0.5835294127464294,0.5848557949066162,-0.0013263821601867676,0.11498669534921646,0.11498669534921646,122.9067257642746
crack0039_00.png,2.7850905418395997,122.02859497070312,119.45335388183594,2.5752410888671875,107.73181915283203,106.14141082763672,1.5904083251953125,0.18781748414039612,0.17459207773208618,-0.013225406408309937,0.29472726583480835,0.30897849798202515,0.014251232147216797,0.3404673933982849,0.34664446115493774,0.006177067756652832,0.5876585841178894,0.5861168503761292,0.001541733741760254,0.13280394673347473,0.13280394673347473,133.77179312705994
crack0039_01.png,2.1942442893981933,111.67768859863281,110.89959716796875,0.7780914306640625,101.4390869140625,101.54073333740234,-0.10164642333984375,0.17487922310829163,0.18873023986816406,0.013851016759872437,0.3936539888381958,0.39497894048690796,0.0013249516487121582,0.4101119041442871,0.42256391048431396,0.012452006340026855,0.5839638710021973,0.5765705704689026,0.007393300533294678,0.13863733410835266,0.13863733410835266,124.15444433689117
crack0039_02.png,-4.0334320068359375,105.41858673095703,104.96641540527344,0.45217132568359375,102.77665710449219,102.13067626953125,0.6459808349609375,0.24853256344795227,0.20066678524017334,-0.04786577820777893,0.3227423429489136,0.3035302758216858,-0.019212067127227783,0.4079875349998474,0.41174226999282837,0.003754734992980957,0.5784928798675537,0.5821491479873657,-0.0036562681198120117,0.12235701829195023,0.12235701829195023,116.43845987319946
crack0039_03.png,-0.05972914695739728,137.03146362304688,136.594482421875,0.436981201171875,111.67056274414062,110.07002258300781,1.6005401611328125,0.1345568299293518,0.12314264476299286,-0.011414185166358948,0.2649027705192566,0.25753939151763916,-0.007363379001617432,0.2755856513977051,0.3113026022911072,0.0357169508934021,0.5790926814079285,0.5773240923881531,0.0017685890197753906,0.10853826999664307,0.10853826999664307,152.5881215929985
crack0039_04.png,-1.2838102340698243,124.88948822021484,123.97021484375,0.9192733764648438,108.81022644042969,109.12576293945312,-0.3155364990234375,0.15894009172916412,0.1408618837594986,-0.018078207969665527,0.16772055625915527,0.14709943532943726,-0.020621120929718018,0.26750320196151733,0.22608065605163574,-0.04142254590988159,0.581318736076355,0.5764629244804382,0.004855811595916748,0.1161927729845047,0.1161927729845047,139.2308879494667
crack0039_05.png,1.343183422088623,120.51631927490234,121.37251281738281,-0.8561935424804688,108.13230895996094,106.35960388183594,1.772705078125,0.22215215861797333,0.22662825882434845,0.004476100206375122,0.20544850826263428,0.23184674978256226,0.02639824151992798,0.27586090564727783,0.29682254791259766,0.020961642265319824,0.584786593914032,0.5828796625137329,0.0019069314002990723,0.11277500540018082,0.11277500540018082,131.00675028562546
crack0039_06.png,3.0670629739761353,133.14544677734375,131.94137573242188,1.204071044921875,105.62896728515625,104.8495101928711,0.7794570922851562,0.09098122268915176,0.10345439612865448,0.012473173439502716,0.21810638904571533,0.22864538431167603,0.010538995265960693,0.32946377992630005,0.3337652087211609,0.00430142879486084,0.5759592652320862,0.5726643800735474,0.0032948851585388184,0.10320296883583069,0.10320296883583069,150.12290850281715
crack0039_07.png,0.3384571075439453,134.4545135498047,134.3737335205078,0.080780029296875,107.91600799560547,108.81784057617188,-0.9018325805664062,0.08885934203863144,0.0894525870680809,0.0005932450294494629,0.25089436769485474,0.26134270429611206,0.010448336601257324,0.27086764574050903,0.22498804330825806,-0.04587960243225098,0.5795655250549316,0.5757400989532471,0.0038254261016845703,0.09413475543260574,0.09413475543260574,152.26518401503563
crack0039_08.png,1.4491025447845458,128.43418884277344,128.63348388671875,-0.1992950439453125,109.6971435546875,108.13577270507812,1.561370849609375,0.2000572383403778,0.1982635110616684,-0.0017937272787094116,0.15875428915023804,0.18897604942321777,0.030221760272979736,0.31286484003067017,0.34610623121261597,0.0332413911819458,0.5897731781005859,0.5908112525939941,-0.0010380744934082031,0.12097904086112976,0.12097904086112976,140.27047580480576
crack0039_09.png,2.3471302509307863,121.21175384521484,120.06915283203125,1.1426010131835938,115.14080810546875,113.95973205566406,1.1810760498046875,0.1716471165418625,0.17258131504058838,0.0009341984987258911,0.3269199728965759,0.34163546562194824,0.014715492725372314,0.37485313415527344,0.3782634735107422,0.00341033935546875,0.5799115896224976,0.5781930088996887,0.0017185807228088379,0.11194059997797012,0.11194059997797012,133.5380899310112
crack0040_00.png,4.840006351470947,99.99248504638672,94.98241424560547,5.01007080078125,113.79740905761719,114.12921142578125,-0.3318023681640625,0.26853227615356445,0.26730039715766907,-0.0012318789958953857,0.0,0.0,0.0,0.0,0.0,0.0,0.5789311528205872,0.5774009823799133,0.0015301704406738281,0.12604273855686188,0.12604273855686188,104.60667192935944
crack0040_01.png,3.057340383529663,129.39646911621094,126.8395004272461,2.5569686889648438,111.9571533203125,111.95642852783203,0.00072479248046875,0.22654077410697937,0.2317075878381729,0.0051668137311935425,0.0,0.0,0.0,0.15513455867767334,0.13132208585739136,-0.023812472820281982,0.5791695713996887,0.57700115442276,0.002168416976928711,0.11820685118436813,0.11820685118436813,137.6923211812973
crack0040_02.png,-0.9193543434143066,123.1898193359375,120.59410858154297,2.5957107543945312,114.71768951416016,112.41950225830078,2.298187255859375,0.32446327805519104,0.27084678411483765,-0.053616493940353394,0.0,0.0,0.0,0.0,0.0,0.0,0.5804921388626099,0.5841176509857178,-0.00362551212310791,0.11923162639141083,0.11923162639141083,129.0058629512787
crack0040_03.png,1.7160114288330077,116.60946655273438,114.07329559326172,2.5361709594726562,114.36256408691406,114.49705505371094,-0.134490966796875,0.2805291414260864,0.2717973589897156,-0.00873178243637085,0.0,0.0,0.0,0.0,0.0,0.0,0.580649733543396,0.5823452472686768,-0.0016955137252807617,0.10536836832761765,0.10536836832761765,122.32734942436218
crack0040_04.png,8.210511207580566,111.71194458007812,104.17684173583984,7.535102844238281,115.82586669921875,113.51236724853516,2.3134994506835938,0.2580549418926239,0.2552645206451416,-0.0027904212474823,0.0,0.0,0.0,0.013111412525177002,0.0,-0.013111412525177002,0.5765321254730225,0.5772010684013367,-0.000668942928314209,0.12367172539234161,0.12367172539234161,115.71656465530396
crack0040_05.png,0.3659663200378418,110.274658203125,108.2446517944336,2.0300064086914062,116.12894439697266,115.59507751464844,0.5338668823242188,0.322101891040802,0.29841291904449463,-0.023688971996307373,0.0,0.0,0.0,0.10373812913894653,0.08205622434616089,-0.021681904792785645,0.5802499055862427,0.5798116326332092,0.00043827295303344727,0.11376836895942688,0.11376836895942688,114.56487607955933
crack0040_06.png,2.963983631134033,100.41724395751953,97.18208312988281,3.2351608276367188,113.2585220336914,111.26806640625,1.9904556274414062,0.3365473449230194,0.3224402368068695,-0.014107108116149902,0.0,0.0,0.0,0.19715100526809692,0.19643950462341309,-0.0007115006446838379,0.5889158248901367,0.5873855948448181,0.0015302300453186035,0.11402051895856857,0.11402051895856857,103.00988233089447
crack0040_07.png,4.552388381958008,107.34446716308594,104.68952178955078,2.6549453735351562,113.70210266113281,113.1974105834961,0.5046920776367188,0.2857511043548584,0.30758005380630493,0.021828949451446533,0.0,0.0,0.0,0.030035972595214844,0.018831312656402588,-0.011204659938812256,0.5828680992126465,0.5841368436813354,-0.0012687444686889648,0.1198132261633873,0.1198132261633873,112.23740196228027
crack0040_08.png,3.602144718170166,121.36104583740234,119.91781616210938,1.4432296752929688,107.4930191040039,106.25003814697266,1.24298095703125,0.3166356086730957,0.3369457721710205,0.020310163497924805,0.0,0.0,0.0,0.11681747436523438,0.08030498027801514,-0.03651249408721924,0.5802575945854187,0.5793348550796509,0.0009227395057678223,0.10471250116825104,0.10471250116825104,124.85159826278687
crack0040_09.png,4.478066539764404,121.48701477050781,114.24543762207031,7.2415771484375,115.03146362304688,113.84136962890625,1.190093994140625,0.27991005778312683,0.23986169695854187,-0.04004836082458496,0.0,0.0,0.0,0.13476216793060303,0.06060779094696045,-0.07415437698364258,0.5775547623634338,0.5784467458724976,-0.0008919835090637207,0.12727394700050354,0.12727394700050354,126.61239421367645
crack0041_00.png,0.1794636726379395,122.14897918701172,123.04266357421875,-0.8936843872070312,105.3010482788086,105.10162353515625,0.19942474365234375,0.16089500486850739,0.1600162833929062,-0.0008787214756011963,0.3215494155883789,0.34358149766921997,0.022032082080841064,0.3019946217536926,0.32204949855804443,0.020054876804351807,0.5850173234939575,0.5804575085639954,0.004559814929962158,0.16117748618125916,0.16117748618125916,136.39553731679916
crack0041_01.png,-0.06576137542724614,120.88667297363281,121.19747161865234,-0.31079864501953125,112.288330078125,113.28788757324219,-0.9995574951171875,0.20483900606632233,0.21035577356815338,0.005516767501831055,0.4068247675895691,0.4094175100326538,0.002592742443084717,0.3565676808357239,0.36057865619659424,0.004010975360870361,0.5891464948654175,0.5866512656211853,0.0024952292442321777,0.18158859014511108,0.18158859014511108,132.31759172677994
crack0041_02.png,1.5034146308898926,120.69931030273438,121.0724105834961,-0.37310028076171875,107.54652404785156,107.38359832763672,0.16292572021484375,0.19636870920658112,0.19849754869937897,0.0021288394927978516,0.2945674657821655,0.33485907316207886,0.04029160737991333,0.39764028787612915,0.4137563109397888,0.016116023063659668,0.5799884796142578,0.579254150390625,0.0007343292236328125,0.1570153832435608,0.1570153832435608,132.30327707529068
crack0041_03.png,0.5567720413208008,123.22933959960938,122.9762191772461,0.25312042236328125,107.37664794921875,106.92861938476562,0.448028564453125,0.21601013839244843,0.2161315232515335,0.00012138485908508301,0.41180169582366943,0.41407400369644165,0.002272307872772217,0.3578917980194092,0.36457008123397827,0.006678283214569092,0.5795424580574036,0.5789465308189392,0.0005959272384643555,0.17578567564487457,0.17578567564487457,133.32386940717697
crack0041_04.png,2.3791496753692627,124.93110656738281,124.97720336914062,-0.0460968017578125,110.9301986694336,111.00519561767578,-0.0749969482421875,0.1601981222629547,0.18272171914577484,0.02252359688282013,0.3242756724357605,0.33861422538757324,0.014338552951812744,0.3906949758529663,0.3841703534126282,-0.006524622440338135,0.575124979019165,0.5731295943260193,0.001995384693145752,0.149347186088562,0.149347186088562,138.34726679325104
crack0041_05.png,2.454154443740845,122.39537048339844,120.17222595214844,2.22314453125,112.3184585571289,111.81292724609375,0.5055313110351562,0.17283637821674347,0.16811931133270264,-0.0047170668840408325,0.3525112271308899,0.3620731830596924,0.00956195592880249,0.3776852488517761,0.3752620220184326,-0.002423226833343506,0.5845213532447815,0.5839292407035828,0.0005921125411987305,0.1580473929643631,0.1580473929643631,134.57749366760254
crack0041_06.png,-0.0027469635009765847,121.39058685302734,121.73346710205078,-0.3428802490234375,109.91339111328125,109.61006164550781,0.3033294677734375,0.1757180243730545,0.17454729974269867,-0.001170724630355835,0.3138989806175232,0.31873083114624023,0.004831850528717041,0.29069435596466064,0.30596399307250977,0.015269637107849121,0.58465975522995,0.5816801190376282,0.0029796361923217773,0.13707032799720764,0.13707032799720764,134.47557920217514
crack0041_07.png,-1.2004581451416017,112.09785461425781,111.90535736083984,0.19249725341796875,107.4486312866211,106.90849304199219,0.5401382446289062,0.24737730622291565,0.23466596007347107,-0.01271134614944458,0.39894258975982666,0.38567405939102173,-0.013268530368804932,0.36645078659057617,0.3544885516166687,-0.01196223497390747,0.5775278806686401,0.5790619254112244,-0.0015340447425842285,0.1931370198726654,0.1931370198726654,121.08412539958954
crack0041_08.png,-0.36266999244689946,111.44111633300781,111.1393051147461,0.30181121826171875,103.61624145507812,103.28401184082031,0.3322296142578125,0.2251095175743103,0.21065522730350494,-0.014454290270805359,0.43445301055908203,0.4373488426208496,0.002895832061767578,0.39196425676345825,0.3972123861312866,0.005248129367828369,0.578292965888977,0.5722145438194275,0.0060784220695495605,0.20102760195732117,0.20102760195732117,121.78261572122574
crack0041_09.png,1.5559959888458252,122.31339263916016,122.61859893798828,-0.305206298828125,106.35873413085938,106.21534729003906,0.1433868408203125,0.17533279955387115,0.1842067837715149,0.008873984217643738,0.42640936374664307,0.4504357576370239,0.02402639389038086,0.40010881423950195,0.4193647503852844,0.01925593614578247,0.5865398049354553,0.583217978477478,0.003321826457977295,0.1569211184978485,0.1569211184978485,135.40762001276016
crack0042_00.png,2.8199178695678713,108.60751342773438,107.19352722167969,1.4139862060546875,113.11336517333984,113.2723159790039,-0.1589508056640625,0.32088974118232727,0.3388414680957794,0.01795172691345215,0.0,0.0,0.0,0.2900017499923706,0.28532153367996216,-0.004680216312408447,0.5830219388008118,0.5821875929832458,0.000834345817565918,0.12427066266536713,0.12427066266536713,111.96801340579987
crack0042_01.png,-1.053502655029297,119.84503173828125,119.88373565673828,-0.03870391845703125,109.76464080810547,109.52086639404297,0.2437744140625,0.37596651911735535,0.35954439640045166,-0.016422122716903687,0.0,0.0,0.0,0.27910077571868896,0.27699047327041626,-0.002110302448272705,0.588039219379425,0.5830026865005493,0.005036532878875732,0.11316028237342834,0.11316028237342834,121.81328868865967
crack0042_02.png,1.9272419929504394,122.2135009765625,120.7447509765625,1.46875,106.34605407714844,105.22154998779297,1.1245040893554688,0.315643846988678,0.3148604929447174,-0.0007833540439605713,0.0,0.0,0.0,0.27740007638931274,0.2816210389137268,0.0042209625244140625,0.5803383588790894,0.5785543918609619,0.0017839670181274414,0.10549889504909515,0.10549889504909515,125.80103075504303
crack0042_03.png,5.828503131866455,115.23040771484375,113.22286987304688,2.007537841796875,108.6170654296875,107.74006652832031,0.8769989013671875,0.388558566570282,0.43019014596939087,0.04163157939910889,0.0,0.0,0.0,0.3202747702598572,0.3331374526023865,0.012862682342529297,0.587228000164032,0.5837370157241821,0.0034909844398498535,0.11379143595695496,0.11379143595695496,114.40224480628967
crack0042_04.png,7.1080930709838865,105.74200439453125,105.5721206665039,0.16988372802734375,106.05120086669922,105.14910888671875,0.9020919799804688,0.2991279661655426,0.38031089305877686,0.08118292689323425,0.0,0.0,0.0,0.2384040355682373,0.26148509979248047,0.023081064224243164,0.581814706325531,0.5797462463378906,0.002068459987640381,0.09825006872415543,0.09825006872415543,110.98197281360626
crack0042_05.png,3.476980972290039,109.37052154541016,108.801513671875,0.5690078735351562,109.27320861816406,108.79088592529297,0.48232269287109375,0.46305838227272034,0.49606409668922424,0.033005714416503906,0.0,0.0,0.0,0.3367723822593689,0.36156362295150757,0.024791240692138672,0.5876240134239197,0.5857593417167664,0.0018646717071533203,0.10675480961799622,0.10675480961799622,104.80747520923615
crack0042_06.png,2.4746734619140627,117.87142944335938,118.34587097167969,-0.4744415283203125,109.60006713867188,108.4217758178711,1.1782913208007812,0.33997246623039246,0.34774214029312134,0.007769674062728882,0.08267158269882202,0.12711644172668457,0.04444485902786255,0.36499303579330444,0.383699893951416,0.018706858158111572,0.5857016444206238,0.5837408900260925,0.00196075439453125,0.1210491955280304,0.1210491955280304,121.13836801052094
crack0042_07.png,4.734081363677978,129.97898864746094,128.5890350341797,1.38995361328125,114.58171081542969,111.57475280761719,3.0069580078125,0.2894662320613861,0.3246228098869324,0.035156577825546265,0.020847737789154053,0.004752516746520996,-0.016095221042633057,0.30319100618362427,0.3232382535934448,0.020047247409820557,0.5853863954544067,0.586070716381073,-0.0006843209266662598,0.11739662289619446,0.11739662289619446,135.35886657238007
crack0042_08.png,2.4120820999145507,108.58103942871094,107.49727630615234,1.0837631225585938,109.90266418457031,109.29412841796875,0.6085357666015625,0.29965445399284363,0.31232380867004395,0.012669354677200317,0.0,0.0,0.0,0.30477404594421387,0.30869096517562866,0.003916919231414795,0.5795655250549316,0.577781617641449,0.001783907413482666,0.12742185592651367,0.12742185592651367,113.24251163005829
crack0042_09.png,0.4292080879211426,124.8796157836914,124.28922271728516,0.59039306640625,109.07180786132812,109.01703643798828,0.05477142333984375,0.29961347579956055,0.30498045682907104,0.005366981029510498,0.07729047536849976,0.060671985149383545,-0.01661849021911621,0.31373852491378784,0.3172234296798706,0.0034849047660827637,0.5788043141365051,0.577497124671936,0.0013071894645690918,0.13619425892829895,0.13619425892829895,129.75978326797485
crack0043_00.png,-2.821363472938538,94.43797302246094,95.12664794921875,-0.6886749267578125,106.85908508300781,110.68138885498047,-3.8223037719726562,0.13096466660499573,0.1028868779540062,-0.028077788650989532,0.186459481716156,0.2213117480278015,0.03485226631164551,0.04036682844161987,0.03632664680480957,-0.004040181636810303,0.5767243504524231,0.5705152153968811,0.006209135055541992,0.10275302827358246,0.10275302827358246,111.6780718266964
crack0043_01.png,-0.6712696313858033,78.75921630859375,76.3575210571289,2.4016952514648438,117.2637710571289,116.2497329711914,1.0140380859375,0.11324150860309601,0.07175201922655106,-0.04148948937654495,0.050037920475006104,0.04088902473449707,-0.009148895740509033,0.0,0.0,0.0,0.5772548913955688,0.5720915198326111,0.005163371562957764,0.10121063888072968,0.10121063888072968,96.34344318509102
crack0043_02.png,-1.654811215400696,83.84550476074219,81.42607116699219,2.41943359375,110.10885620117188,114.55504608154297,-4.446189880371094,0.12622201442718506,0.09763162583112717,-0.028590388596057892,0.1219015121459961,0.11772036552429199,-0.0041811466217041016,0.0,0.0,0.0,0.5821722149848938,0.5782045125961304,0.003967702388763428,0.10321442782878876,0.10321442782878876,100.06477901339531
crack0043_03.png,-2.289848470687866,99.52589416503906,96.29017639160156,3.2357177734375,106.57479858398438,112.05561828613281,-5.4808197021484375,0.13145478069782257,0.09885361790657043,-0.032601162791252136,0.21150898933410645,0.1893165111541748,-0.02219247817993164,0.15952366590499878,0.03525930643081665,-0.12426435947418213,0.579561710357666,0.5754978656768799,0.004063844680786133,0.10400072485208511,0.10400072485208511,115.15928661823273
crack0043_04.png,2.960604929924011,98.43988037109375,96.16867065429688,2.271209716796875,114.28956604003906,116.51924133300781,-2.22967529296875,0.10809540003538132,0.105524942278862,-0.0025704577565193176,0.11496835947036743,0.15731102228164673,0.0423426628112793,0.0,0.0,0.0,0.5796693563461304,0.5773394703865051,0.002329885959625244,0.11878247559070587,0.11878247559070587,114.15955322980881
crack0043_05.png,-4.631296014785766,105.73869323730469,105.74716186523438,-0.0084686279296875,111.72300720214844,115.801513671875,-4.0785064697265625,0.13763169944286346,0.08268490433692932,-0.05494679510593414,0.2986118197441101,0.32924461364746094,0.03063279390335083,0.23395520448684692,0.2050754427909851,-0.028879761695861816,0.5828258395195007,0.5783506631851196,0.0044751763343811035,0.11106685549020767,0.11106685549020767,124.0948668718338
crack0043_06.png,-2.4023799896240234,90.0862045288086,89.00634765625,1.0798568725585938,119.95394897460938,119.09487915039062,0.85906982421875,0.13906089961528778,0.08906726539134979,-0.04999363422393799,0.0,0.0,0.0,0.0,0.0,0.0,0.5787543058395386,0.5744136571884155,0.004340648651123047,0.0941099300980568,0.0941099300980568,107.35241240262985
crack0043_07.png,1.6872000217437744,90.0163345336914,88.75445556640625,1.2618789672851562,113.17281341552734,113.86814880371094,-0.6953353881835938,0.14068175852298737,0.11958584189414978,-0.021095916628837585,0.0045604705810546875,0.05958282947540283,0.055022358894348145,0.037925660610198975,0.023629307746887207,-0.014296352863311768,0.5825759172439575,0.5778200626373291,0.004755854606628418,0.10803796350955963,0.10803796350955963,105.51328122615814
crack0043_08.png,-3.066449213027954,86.94390106201172,88.07733154296875,-1.1334304809570312,109.102294921875,113.68904113769531,-4.5867462158203125,0.16683293879032135,0.14852339029312134,-0.018309548497200012,0.24724477529525757,0.2766346335411072,0.02938985824584961,0.20397084951400757,0.25323593616485596,0.04926508665084839,0.5787158608436584,0.573944628238678,0.004771232604980469,0.10570892691612244,0.10570892691612244,101.74784731864929
crack0043_09.png,-3.0018856883049008,102.81700134277344,104.21332550048828,-1.3963241577148438,114.054931640625,119.50077819824219,-5.4458465576171875,0.08325070142745972,0.057388756424188614,-0.025861945003271103,0.11249232292175293,0.17835110425949097,0.06585878133773804,0.0,0.0,0.0,0.5793117880821228,0.5791272521018982,0.00018453598022460938,0.11604486405849457,0.11604486405849457,123.24430955946445
crack0044_00.png,-1.2898860454559327,97.43318939208984,96.49742126464844,0.9357681274414062,106.8485107421875,106.47664642333984,0.37186431884765625,0.2547771632671356,0.23009707033634186,-0.024680092930793762,0.46355926990509033,0.44614309072494507,-0.017416179180145264,0.4083622097969055,0.3984304666519165,-0.009931743144989014,0.5865398049354553,0.5791234374046326,0.007416367530822754,0.25766119360923767,0.25766119360923767,106.62107330560684
crack0044_01.png,0.5718394279479981,100.22171783447266,99.11466217041016,1.1070556640625,104.15507507324219,103.86769104003906,0.287384033203125,0.2944822311401367,0.2924932837486267,-0.0019889473915100098,0.49971896409988403,0.4883807301521301,-0.011338233947753906,0.46789121627807617,0.4657382369041443,-0.0021529793739318848,0.5846481919288635,0.5855863094329834,-0.000938117504119873,0.19269351661205292,0.19269351661205292,105.54204535484314
crack0044_02.png,1.556498146057129,101.56905364990234,100.50334167480469,1.0657119750976562,105.99760437011719,105.33565521240234,0.6619491577148438,0.2381048947572708,0.24405469000339508,0.005949795246124268,0.550973653793335,0.5474462509155273,-0.003527402877807617,0.4588935375213623,0.4487285017967224,-0.010165035724639893,0.5759630799293518,0.5786851048469543,-0.002722024917602539,0.17710644006729126,0.17710644006729126,109.89730817079544
crack0044_03.png,-2.0689815044403077,92.02464294433594,90.90283203125,1.1218109130859375,101.05575561523438,100.5753173828125,0.480438232421875,0.21788457036018372,0.19053666293621063,-0.027347907423973083,0.3866959810256958,0.35303831100463867,-0.03365767002105713,0.41802090406417847,0.38673365116119385,-0.03128725290298462,0.5790272951126099,0.5752480030059814,0.003779292106628418,0.15981429815292358,0.15981429815292358,103.19262951612473
crack0044_04.png,3.169351100921631,122.81855010986328,120.93741607666016,1.881134033203125,111.66133117675781,110.90541076660156,0.75592041015625,0.24657964706420898,0.2726985514163971,0.02611890435218811,0.19390296936035156,0.15922564268112183,-0.034677326679229736,0.15878945589065552,0.15011364221572876,-0.008675813674926758,0.6005920767784119,0.5935063362121582,0.007085740566253662,0.1923048496246338,0.1923048496246338,131.10688734054565
crack0044_05.png,-0.06336002349853515,103.80548858642578,103.53244018554688,0.27304840087890625,104.65364837646484,105.29901123046875,-0.6453628540039062,0.2435498833656311,0.2432086169719696,-0.000341266393661499,0.42922645807266235,0.424984335899353,-0.004242122173309326,0.38373106718063354,0.3905465602874756,0.006815493106842041,0.5826681852340698,0.5797001123428345,0.0029680728912353516,0.24687610566616058,0.24687610566616058,112.38317477703094
crack0044_06.png,3.439169692993164,100.64896392822266,99.30962371826172,1.3393402099609375,109.71051025390625,109.31649780273438,0.394012451171875,0.26829734444618225,0.29339343309402466,0.025096088647842407,0.43815308809280396,0.43192213773727417,-0.006230950355529785,0.3880370259284973,0.4017214775085449,0.013684451580047607,0.5892348885536194,0.5846405029296875,0.004594385623931885,0.2074676901102066,0.2074676901102066,107.45084869861603
crack0044_07.png,2.14773907661438,99.57147216796875,97.979736328125,1.59173583984375,109.61522674560547,108.85173797607422,0.76348876953125,0.1967747062444687,0.20589801669120789,0.009123310446739197,0.4801981449127197,0.46644049882888794,-0.013757646083831787,0.4170330762863159,0.41519469022750854,-0.001838386058807373,0.587339460849762,0.5855632424354553,0.0017762184143066406,0.2580581307411194,0.2580581307411194,110.46270030736923
crack0044_08.png,1.5294783592224122,97.2403335571289,96.54133605957031,0.6989974975585938,107.40782928466797,107.1414566040039,0.2663726806640625,0.2713337242603302,0.2773198187351227,0.0059860944747924805,0.4793192744255066,0.4812777042388916,0.0019584298133850098,0.4137871265411377,0.41436415910720825,0.0005770325660705566,0.5882814526557922,0.5841137766838074,0.004167675971984863,0.2399924099445343,0.2399924099445343,104.14206945896149
crack0044_09.png,-0.43894052505493164,116.04998016357422,114.84949493408203,1.2004852294921875,117.07246398925781,116.35015106201172,0.7223129272460938,0.22270534932613373,0.20600681006908417,-0.01669853925704956,0.5256062746047974,0.5024592876434326,-0.023146986961364746,0.46794307231903076,0.44255805015563965,-0.025385022163391113,0.6014917492866516,0.5931564569473267,0.008335292339324951,0.2708546221256256,0.2708546221256256,127.14899891614914
crack0045_00.png,2.50049467086792,139.25282287597656,138.74688720703125,0.5059356689453125,115.72000122070312,113.9848403930664,1.7351608276367188,0.19881989061832428,0.21354569494724274,0.014725804328918457,0.12127619981765747,0.11964261531829834,-0.0016335844993591309,0.2981374263763428,0.29897183179855347,0.0008344054222106934,0.5828642845153809,0.5781699419021606,0.004694342613220215,0.11071042716503143,0.11071042716503143,150.38523298501968
crack0045_01.png,1.4472723007202148,119.81246185302734,120.80994415283203,-0.9974822998046875,110.79473876953125,109.84369659423828,0.9510421752929688,0.2516605257987976,0.2532368302345276,0.0015763044357299805,0.18392032384872437,0.22962337732315063,0.04570305347442627,0.30927449464797974,0.33156299591064453,0.022288501262664795,0.5839561820030212,0.5812034010887146,0.0027527809143066406,0.12907199561595917,0.12907199561595917,128.56981873512268
crack0045_02.png,0.3663199424743652,134.6944122314453,135.18214416503906,-0.48773193359375,113.8907470703125,113.26384735107422,0.6268997192382812,0.23080642521381378,0.23023726046085358,-0.0005691647529602051,0.11161822080612183,0.12328290939331055,0.01166468858718872,0.26963162422180176,0.27684497833251953,0.0072133541107177734,0.585282564163208,0.5807266235351562,0.004555940628051758,0.14874225854873657,0.14874225854873657,144.5353451371193
crack0045_03.png,0.9587831974029539,122.59869384765625,125.35143280029297,-2.7527389526367188,117.47665405273438,116.58230590820312,0.89434814453125,0.1969814896583557,0.20092473924160004,0.003943249583244324,0.1730731725692749,0.24522501230239868,0.07215183973312378,0.25075244903564453,0.31612420082092285,0.06537175178527832,0.588023841381073,0.5842176079750061,0.0038062334060668945,0.14713534712791443,0.14713534712791443,135.6771275997162
crack0045_04.png,1.3224438190460206,104.16765594482422,104.86264038085938,-0.6949844360351562,109.27102661132812,108.32759094238281,0.9434356689453125,0.1563836932182312,0.1699162870645523,0.013532593846321106,0.2635965943336487,0.27411866188049316,0.010522067546844482,0.2810869812965393,0.33388233184814453,0.052795350551605225,0.5868435502052307,0.5834294557571411,0.0034140944480895996,0.13998082280158997,0.13998082280158997,118.60586857795715
crack0045_05.png,1.2864852905273438,125.45781707763672,125.02645874023438,0.43135833740234375,108.0015640258789,107.05221557617188,0.9493484497070312,0.16514697670936584,0.1689065396785736,0.0037595629692077637,0.2494724988937378,0.25011640787124634,0.0006439089775085449,0.34113526344299316,0.34914737939834595,0.008012115955352783,0.58465975522995,0.5809381008148193,0.0037216544151306152,0.14807525277137756,0.14807525277137756,138.7197095155716
crack0045_06.png,-0.18848457336425783,115.67060089111328,116.1015853881836,-0.4309844970703125,108.03715515136719,107.59024047851562,0.4469146728515625,0.2678622603416443,0.26604604721069336,-0.0018162131309509277,0.2273128628730774,0.23197734355926514,0.004664480686187744,0.33668988943099976,0.3393407464027405,0.0026508569717407227,0.5818492770195007,0.5812879800796509,0.0005612969398498535,0.16703791916370392,0.16703791916370392,123.19730138778687
crack0045_07.png,0.9973410606384278,138.95364379882812,139.4234619140625,-0.469818115234375,113.16119384765625,112.45645141601562,0.704742431640625,0.24080845713615417,0.2458866834640503,0.005078226327896118,0.1910964846611023,0.20742279291152954,0.016326308250427246,0.28897494077682495,0.2918679118156433,0.0028929710388183594,0.5834448337554932,0.5802960395812988,0.003148794174194336,0.14006274938583374,0.14006274938583374,148.0778387784958
crack0045_08.png,-0.48531026840209956,120.5813217163086,119.62193298339844,0.9593887329101562,106.09784698486328,105.33705139160156,0.7607955932617188,0.19087330996990204,0.17764903604984283,-0.013224273920059204,0.3053787350654602,0.29053550958633423,-0.014843225479125977,0.3891429901123047,0.3885098695755005,-0.0006331205368041992,0.5751403570175171,0.5775740146636963,-0.0024336576461791992,0.14428144693374634,0.14428144693374634,132.5456457734108
crack0045_09.png,1.577699565887451,123.87438201904297,123.32801055908203,0.5463714599609375,115.4132080078125,112.97323608398438,2.439971923828125,0.1771715134382248,0.17129160463809967,-0.005879908800125122,0.12987160682678223,0.13700950145721436,0.007137894630432129,0.19914209842681885,0.20857447385787964,0.009432375431060791,0.5881622433662415,0.5821568369865417,0.006005406379699707,0.152633935213089,0.152633935213089,136.85018974542618
crack0046_00.png,7.16910605430603,74.96148681640625,67.31279754638672,7.648689270019531,117.17102813720703,117.05106353759766,0.119964599609375,0.17359447479248047,0.16630204021930695,-0.007292434573173523,0.0,0.0,0.0,0.0,0.0,0.0,0.5772895216941833,0.5758938789367676,0.0013956427574157715,0.10412738472223282,0.10412738472223282,84.2506006360054
crack0046_01.png,2.2931267738342287,71.78530883789062,69.64790344238281,2.1374053955078125,122.03663635253906,122.43907928466797,-0.40244293212890625,0.14868272840976715,0.15167836844921112,0.0029956400394439697,0.0,0.0,0.0,0.0,0.0,0.0,0.5831834077835083,0.5812572240829468,0.0019261837005615234,0.12165742367506027,0.12165742367506027,85.12297874689102
crack0046_02.png,2.1519471645355224,67.85759735107422,68.33895874023438,-0.48136138916015625,125.3709945678711,124.25769805908203,1.1132965087890625,0.15102791786193848,0.17822401225566864,0.027196094393730164,0.0,0.0,0.0,0.0,0.0,0.0,0.5787197351455688,0.5784121751785278,0.0003075599670410156,0.11497074365615845,0.11497074365615845,82.18539237976074
crack0046_03.png,3.609860563278198,88.61441040039062,85.61227416992188,3.00213623046875,119.21098327636719,120.78758239746094,-1.57659912109375,0.18828105926513672,0.20156528055667877,0.013284221291542053,0.0,0.0,0.0,0.0,0.0,0.0,0.5852864384651184,0.5808957815170288,0.0043906569480896,0.12271523475646973,0.12271523475646973,99.22793626785278
crack0046_04.png,0.9056689739227295,83.24674987792969,82.36396789550781,0.882781982421875,121.07347869873047,119.50067901611328,1.5727996826171875,0.1992553174495697,0.19112376868724823,-0.008131548762321472,0.0,0.0,0.0,0.0,0.0,0.0,0.5790465474128723,0.5779392719268799,0.0011072754859924316,0.10470691323280334,0.10470691323280334,94.49979466199875
crack0046_05.png,-0.4933817386627197,93.34517669677734,94.49282836914062,-1.1476516723632812,120.04048156738281,120.97019958496094,-0.929718017578125,0.1958596557378769,0.20779851078987122,0.011938855051994324,0.0,0.0,0.0,0.0,0.0,0.0,0.5827412605285645,0.5809650421142578,0.0017762184143066406,0.10732534527778625,0.10732534527778625,105.47707360982895
crack0046_06.png,2.637575721740723,67.46418762207031,71.0030746459961,-3.5388870239257812,132.6634521484375,119.3338851928711,13.329566955566406,0.1452275961637497,0.15191011130809784,0.0066825151443481445,0.0,0.0,0.0,0.0,0.0,0.0,0.5815109610557556,0.5737600922584534,0.007750868797302246,0.12525232136249542,0.12525232136249542,83.78041380643845
crack0046_07.png,5.343105459213257,78.88906860351562,77.31558990478516,1.5734786987304688,116.8097152709961,115.7804946899414,1.0292205810546875,0.19071167707443237,0.2318054586648941,0.04109378159046173,0.0,0.0,0.0,0.0,0.0,0.0,0.5855824947357178,0.5838215947151184,0.0017609000205993652,0.1058574765920639,0.1058574765920639,90.08292841911316
crack0046_08.png,6.465696096420288,69.32816314697266,63.25585174560547,6.0723114013671875,118.84735107421875,123.69697570800781,-4.8496246337890625,0.1637406051158905,0.1934635192155838,0.0297229140996933,0.0,0.0,0.0,0.0,0.0,0.0,0.5786197781562805,0.579734742641449,-0.001114964485168457,0.10992326587438583,0.10992326587438583,79.65696084499359
crack0046_09.png,-2.056691122055054,66.63951873779297,69.35487365722656,-2.7153549194335938,121.55462646484375,120.34724426269531,1.2073822021484375,0.21943511068820953,0.2230347990989685,0.003599688410758972,0.0,0.0,0.0,0.0,0.0,0.0,0.5763975381851196,0.5792041420936584,-0.0028066039085388184,0.11411724984645844,0.11411724984645844,77.99925523996353
crack0047_00.png,-1.4400195121765136,138.183349609375,138.6409912109375,-0.4576416015625,103.46924591064453,103.19761657714844,0.27162933349609375,0.2632475793361664,0.2603619694709778,-0.0028856098651885986,0.10843461751937866,0.09254330396652222,-0.015891313552856445,0.2951010465621948,0.29342204332351685,-0.0016790032386779785,0.5737062692642212,0.5793194770812988,-0.005613207817077637,0.1107284277677536,0.1107284277677536,145.96323132514954
crack0047_01.png,1.3858595848083497,149.96250915527344,149.83355712890625,0.1289520263671875,107.29373931884766,106.51719665527344,0.7765426635742188,0.2725040912628174,0.2763480842113495,0.0038439929485321045,0.22753500938415527,0.24733740091323853,0.019802391529083252,0.4329245090484619,0.430678129196167,-0.002246379852294922,0.5740484595298767,0.5778815746307373,-0.0038331151008605957,0.11977816373109818,0.11977816373109818,156.6630506515503
crack0047_02.png,1.4750499248504638,156.93771362304688,156.81143188476562,0.12628173828125,109.33991241455078,108.49079132080078,0.84912109375,0.2398323267698288,0.23882058262825012,-0.0010117441415786743,0.08932161331176758,0.1142086386680603,0.024887025356292725,0.3075500726699829,0.30738264322280884,-0.00016742944717407227,0.5821107029914856,0.5797462463378906,0.0023644566535949707,0.11401143670082092,0.11401143670082092,165.82976591587067
crack0047_03.png,1.6078020572662353,153.11297607421875,152.91827392578125,0.1947021484375,107.00236511230469,106.30921936035156,0.693145751953125,0.22381123900413513,0.22267265617847443,-0.0011385828256607056,0.1275060772895813,0.1566106081008911,0.029104530811309814,0.3427603840827942,0.3450857996940613,0.00232541561126709,0.5757362842559814,0.5741676092147827,0.0015686750411987305,0.10558788478374481,0.10558788478374481,162.6847169995308
crack0047_04.png,0.0008323669433594194,147.33877563476562,148.32168579101562,-0.98291015625,113.94767761230469,112.75055694580078,1.1971206665039062,0.26998746395111084,0.2733228802680969,0.003335416316986084,0.0,0.0,0.0,0.22318804264068604,0.22308111190795898,-0.00010693073272705078,0.5812149047851562,0.5752633810043335,0.005951523780822754,0.10666801035404205,0.10666801035404205,154.87957906723022
crack0047_05.png,-1.9315431594848633,155.76710510253906,157.0056610107422,-1.238555908203125,106.87838745117188,106.37228393554688,0.506103515625,0.24561156332492828,0.23367859423160553,-0.011932969093322754,0.0,0.0,0.0,0.2347211241722107,0.2248150110244751,-0.009906113147735596,0.5776662826538086,0.5761860609054565,0.0014802217483520508,0.09991727769374847,0.09991727769374847,165.47231870889664
crack0047_06.png,0.7782037258148193,158.73228454589844,158.99749755859375,-0.2652130126953125,109.36309814453125,109.0597152709961,0.30338287353515625,0.21183927357196808,0.2187044620513916,0.006865188479423523,0.12181645631790161,0.1325371265411377,0.010720670223236084,0.3609195947647095,0.36091190576553345,-7.68899917602539e-06,0.5791580080986023,0.5805574655532837,-0.0013994574546813965,0.10161793231964111,0.10161793231964111,169.37683326005936
crack0047_07.png,-0.009724807739257796,136.14984130859375,136.56703186035156,-0.4171905517578125,105.17312622070312,104.73837280273438,0.43475341796875,0.2858750522136688,0.28613218665122986,0.00025713443756103516,0.0,0.0,0.0,0.3040541410446167,0.30403614044189453,-1.800060272216797e-05,0.5853671431541443,0.58004230260849,0.005324840545654297,0.10719369351863861,0.10719369351863861,142.6206191778183
crack0047_08.png,-0.9748886585235597,154.4322967529297,155.68202209472656,-1.249725341796875,116.61526489257812,115.21746826171875,1.397796630859375,0.22113080322742462,0.20836836099624634,-0.012762442231178284,0.22516125440597534,0.24089550971984863,0.01573425531387329,0.3612821102142334,0.3632897734642029,0.0020076632499694824,0.5833525657653809,0.5806689858436584,0.002683579921722412,0.10761433839797974,0.10761433839797974,165.88916039466858
crack0047_09.png,0.2520575523376465,160.4130096435547,161.82284545898438,-1.4098358154296875,119.83842468261719,116.81512451171875,3.0233001708984375,0.18208657205104828,0.17581619322299957,-0.006270378828048706,0.212804913520813,0.23313438892364502,0.02032947540283203,0.3751283884048462,0.3665947914123535,-0.008533596992492676,0.5844137072563171,0.5808880925178528,0.0035256147384643555,0.10535380989313126,0.10535380989313126,173.94550424814224
crack0048_00.png,-0.6165677547454833,77.5483169555664,76.58869934082031,0.9596176147460938,114.30992126464844,114.87775421142578,-0.5678329467773438,0.17565390467643738,0.1530209332704544,-0.02263297140598297,0.0,0.008921384811401367,0.008921384811401367,0.10270458459854126,0.14145004749298096,0.0387454628944397,0.585463285446167,0.5828450322151184,0.002618253231048584,0.13731983304023743,0.13731983304023743,91.30578356981277
crack0048_01.png,2.141544055938721,72.94950103759766,72.15511322021484,0.7943878173828125,111.216552734375,109.88883972167969,1.3277130126953125,0.16064144670963287,0.16927947103977203,0.00863802433013916,0.0,0.0,0.0,0.06855630874633789,0.05756324529647827,-0.01099306344985962,0.5908227562904358,0.5876970291137695,0.0031257271766662598,0.11340188980102539,0.11340188980102539,86.54673057794571
crack0048_02.png,2.183507204055786,77.16072845458984,76.73904418945312,0.42168426513671875,112.93032836914062,112.4165267944336,0.5138015747070312,0.18446117639541626,0.1931099146604538,0.008648738265037537,0.011572062969207764,0.02943742275238037,0.017865359783172607,0.11498987674713135,0.1504858136177063,0.03549593687057495,0.5862821936607361,0.5825374722480774,0.0037447214126586914,0.1475643515586853,0.1475643515586853,89.33350348472595
crack0048_03.png,0.45117950439453125,70.82382202148438,69.90641021728516,0.9174118041992188,115.2331771850586,114.70884704589844,0.5243301391601562,0.1915934681892395,0.18892988562583923,-0.0026635825634002686,0.022892415523529053,0.008540809154510498,-0.014351606369018555,0.09425991773605347,0.08201658725738525,-0.012243330478668213,0.5945174694061279,0.5917378067970276,0.002779662609100342,0.1343851387500763,0.1343851387500763,82.81002175807953
crack0048_04.png,0.3008738040924072,69.94298553466797,70.66744995117188,-0.7244644165039062,112.54985046386719,111.88163757324219,0.668212890625,0.17290812730789185,0.17943300306797028,0.00652487576007843,0.0,0.0,0.0,0.07394784688949585,0.03294992446899414,-0.04099792242050171,0.5969088673591614,0.5910072922706604,0.0059015750885009766,0.11356669664382935,0.11356669664382935,83.80708479881287
crack0048_05.png,1.2835593223571777,68.48772430419922,68.9006118774414,-0.4128875732421875,120.8333740234375,120.72442626953125,0.10894775390625,0.15098309516906738,0.1669265329837799,0.015943437814712524,0.0,0.0,0.0,0.0,0.0,0.0,0.5992387533187866,0.58980393409729,0.009434819221496582,0.10281916707754135,0.10281916707754135,83.60473251342773
crack0048_06.png,-1.141812229156494,60.2076530456543,60.569454193115234,-0.3618011474609375,113.2404556274414,115.23887634277344,-1.9984207153320312,0.16082584857940674,0.16083139181137085,5.543231964111328e-06,0.0,0.0,0.0,0.04699915647506714,0.0386430025100708,-0.008356153964996338,0.5867512226104736,0.5862783789634705,0.00047284364700317383,0.13001374900341034,0.13001374900341034,74.2090516090393
crack0048_07.png,0.6952672481536866,75.91846466064453,75.24187469482422,0.6765899658203125,112.61832427978516,112.79747009277344,-0.17914581298828125,0.1648651361465454,0.16577325761318207,0.0009081214666366577,0.0,0.0,0.0,0.04330587387084961,0.09106934070587158,0.04776346683502197,0.5794002413749695,0.5789580941200256,0.00044214725494384766,0.11123140156269073,0.11123140156269073,88.86427116394043
crack0048_08.png,-0.7722497463226319,56.23744583129883,56.45626449584961,-0.21881866455078125,110.1944580078125,110.854736328125,-0.6602783203125,0.17321747541427612,0.16941837966442108,-0.0037990957498550415,0.0,0.0,0.0,0.04667317867279053,0.06384158134460449,0.017168402671813965,0.5868204236030579,0.586455225944519,0.00036519765853881836,0.11305082589387894,0.11305082589387894,69.65456932783127
crack0048_09.png,-0.637502908706665,75.6915054321289,76.58169555664062,-0.8901901245117188,107.78306579589844,107.36199951171875,0.4210662841796875,0.16990366578102112,0.1600511223077774,-0.009852543473243713,0.18453729152679443,0.20135849714279175,0.016821205615997314,0.28038084506988525,0.28786230087280273,0.0074814558029174805,0.5934909582138062,0.5885005593299866,0.00499039888381958,0.15551979839801788,0.15551979839801788,90.27317148447037
crack0049_00.png,-0.38267221450805655,84.4148941040039,85.68106842041016,-1.26617431640625,109.93608856201172,109.63729858398438,0.29878997802734375,0.3541121482849121,0.367439866065979,0.013327717781066895,0.24984663724899292,0.2415257692337036,-0.008320868015289307,0.23867815732955933,0.2193036675453186,-0.019374489784240723,0.5844598412513733,0.5836947560310364,0.0007650852203369141,0.11142250150442123,0.11142250150442123,87.17964601516724
crack0049_01.png,2.267189311981201,85.77197265625,85.9820785522461,-0.21010589599609375,109.55311584472656,108.99415588378906,0.5589599609375,0.3028607666492462,0.3124467432498932,0.009585976600646973,0.26759815216064453,0.3004014492034912,0.03280329704284668,0.2626819610595703,0.2828184962272644,0.020136535167694092,0.5809996128082275,0.5766320824623108,0.004367530345916748,0.13197965919971466,0.13197965919971466,90.94536411762238
crack0049_02.png,1.728724193572998,93.82697296142578,93.05107879638672,0.7758941650390625,113.77595520019531,113.49846649169922,0.27748870849609375,0.28651589155197144,0.29014015197753906,0.003624260425567627,0.255828857421875,0.2591186761856079,0.00328981876373291,0.24550968408584595,0.22675079107284546,-0.01875889301300049,0.5994656085968018,0.5889580845832825,0.010507524013519287,0.1097642108798027,0.1097642108798027,100.22669672966003
crack0049_03.png,-0.004060459136962846,69.63838958740234,69.80498504638672,-0.166595458984375,101.75410461425781,102.65281677246094,-0.898712158203125,0.3368920087814331,0.3409300446510315,0.004038035869598389,0.3227217197418213,0.32714253664016724,0.004420816898345947,0.2623329162597656,0.25785940885543823,-0.004473507404327393,0.5801153182983398,0.579561710357666,0.0005536079406738281,0.11725929379463196,0.11725929379463196,72.71277952194214
crack0049_04.png,4.1898540496826175,98.10433959960938,95.49469757080078,2.6096420288085938,115.29066467285156,114.03729248046875,1.2533721923828125,0.26793554425239563,0.2788809537887573,0.010945409536361694,0.24282407760620117,0.2449328899383545,0.0021088123321533203,0.22718870639801025,0.22704732418060303,-0.00014138221740722656,0.5961630344390869,0.5931910872459412,0.002971947193145752,0.13694436848163605,0.13694436848163605,104.56990730762482
crack0049_05.png,-0.011447143554687456,78.2277603149414,79.282958984375,-1.0551986694335938,107.62705993652344,107.49198913574219,0.13507080078125,0.2725902497768402,0.27422550320625305,0.0016352534294128418,0.22879093885421753,0.24282407760620117,0.014033138751983643,0.17617738246917725,0.20134395360946655,0.025166571140289307,0.5941637754440308,0.5867243409156799,0.00743943452835083,0.1096375361084938,0.1096375361084938,86.16649568080902
crack0049_06.png,1.118007755279541,87.45259857177734,86.82882690429688,0.6237716674804688,117.19590759277344,115.27129364013672,1.9246139526367188,0.2713492214679718,0.27830520272254944,0.006955981254577637,0.23394525051116943,0.21063631772994995,-0.023308932781219482,0.18107390403747559,0.1802789568901062,-0.0007949471473693848,0.5864590406417847,0.5839523077011108,0.002506732940673828,0.10785672068595886,0.10785672068595886,94.31812107563019
crack0049_07.png,4.940698051452637,87.84426879882812,87.55487060546875,0.289398193359375,116.48519897460938,115.12142944335938,1.36376953125,0.2557775378227234,0.2847079336643219,0.02893039584159851,0.22834980487823486,0.26962363719940186,0.04127383232116699,0.22244220972061157,0.24622124433517456,0.02377903461456299,0.5887274146080017,0.5852172374725342,0.0035101771354675293,0.11036068201065063,0.11036068201065063,95.9020140171051
crack0049_08.png,1.2877271652221678,77.26439666748047,80.06820678710938,-2.8038101196289062,109.80747985839844,108.93235778808594,0.8751220703125,0.35746029019355774,0.3892926275730133,0.031832337379455566,0.31705111265182495,0.3495802879333496,0.03252917528152466,0.2168102264404297,0.23188042640686035,0.015070199966430664,0.5845905542373657,0.5872471928596497,-0.0026566386222839355,0.10781364142894745,0.10781364142894745,80.70857203006744
crack0049_09.png,-2.0453963756561278,85.2050552368164,86.63310241699219,-1.4280471801757812,115.79097747802734,114.9388427734375,0.8521347045898438,0.2536622881889343,0.24562041461467743,-0.008041873574256897,0.13127678632736206,0.11721169948577881,-0.014065086841583252,0.14688611030578613,0.1578274369239807,0.01094132661819458,0.5869703888893127,0.5807766318321228,0.006193757057189941,0.1086392030119896,0.1086392030119896,94.66066950559616
crack0050_00.png,-0.9011280059814453,75.18370056152344,75.26606750488281,-0.082366943359375,103.38924407958984,103.66448211669922,-0.275238037109375,0.2271353304386139,0.2109147608280182,-0.016220569610595703,0.2698404788970947,0.276064395904541,0.006223917007446289,0.3431919813156128,0.3307116627693176,-0.012480318546295166,0.5835639834403992,0.5750634074211121,0.00850057601928711,0.1108076348900795,0.1108076348900795,85.912557721138
crack0050_01.png,4.714547824859619,63.003944396972656,62.23820495605469,0.7657394409179688,101.85416412353516,101.23007202148438,0.6240921020507812,0.15808774530887604,0.18691833317279816,0.02883058786392212,0.30810874700546265,0.340719997882843,0.03261125087738037,0.27497369050979614,0.2753719687461853,0.00039827823638916016,0.585478663444519,0.5832718014717102,0.002206861972808838,0.1152789369225502,0.1152789369225502,76.55495649576187
crack0050_02.png,1.2327625274658203,69.6331787109375,68.35433197021484,1.2788467407226562,106.60627746582031,105.73541259765625,0.8708648681640625,0.21974369883537292,0.21939948201179504,-0.00034421682357788086,0.09397399425506592,0.08517462015151978,-0.008799374103546143,0.15936493873596191,0.11901676654815674,-0.040348172187805176,0.5873894691467285,0.5877624154090881,-0.00037294626235961914,0.13868296146392822,0.13868296146392822,79.340283036232
crack0050_03.png,-3.0681018829345703,72.79762268066406,72.98860168457031,-0.19097900390625,104.04466247558594,104.19313049316406,-0.148468017578125,0.17695751786231995,0.16748443245887756,-0.009473085403442383,0.28692519664764404,0.23202157020568848,-0.054903626441955566,0.26637428998947144,0.21999317407608032,-0.04638111591339111,0.5856747627258301,0.5822683572769165,0.0034064054489135742,0.14475572109222412,0.14475572109222412,86.27103674411774
crack0050_04.png,0.5476819038391113,81.5320816040039,81.23304748535156,0.29903411865234375,105.76752471923828,105.97486877441406,-0.20734405517578125,0.20991039276123047,0.20722392201423645,-0.0026864707469940186,0.40317362546920776,0.4143640995025635,0.011190474033355713,0.2902126908302307,0.30601704120635986,0.01580435037612915,0.5886582136154175,0.5861861109733582,0.002472102642059326,0.13502147793769836,0.13502147793769836,92.49545776844025
crack0050_05.png,2.600162124633789,72.43537902832031,70.50767517089844,1.927703857421875,105.56291198730469,104.8554916381836,0.7074203491210938,0.16057837009429932,0.16900169849395752,0.008423328399658203,0.31356281042099,0.30245494842529297,-0.011107861995697021,0.3087922930717468,0.29197895526885986,-0.016813337802886963,0.5830026865005493,0.5790042281150818,0.003998458385467529,0.12250868231058121,0.12250868231058121,85.15693235397339
crack0050_06.png,0.11907396316528329,67.76129150390625,66.95759582519531,0.8036956787109375,110.13034057617188,109.00860595703125,1.121734619140625,0.22299066185951233,0.20433002710342407,-0.018660634756088257,0.2856978178024292,0.2884770631790161,0.002779245376586914,0.31471866369247437,0.3035917282104492,-0.011126935482025146,0.5906727910041809,0.5844636559486389,0.006209135055541992,0.15184777975082397,0.15184777975082397,78.72655367851257
crack0050_07.png,0.7807723999023437,66.79264068603516,65.88285827636719,0.9097824096679688,103.66987609863281,103.041015625,0.6288604736328125,0.1596122533082962,0.1686188131570816,0.0090065598487854,0.3560439944267273,0.3262717127799988,-0.029772281646728516,0.3272898197174072,0.31284862756729126,-0.014441192150115967,0.5798577666282654,0.5776124596595764,0.002245306968688965,0.1306588351726532,0.1306588351726532,79.95532494783401
crack0050_08.png,2.1572311401367186,76.48095703125,75.37629699707031,1.1046600341796875,104.3171615600586,103.43677520751953,0.8803863525390625,0.18296124041080475,0.18669380247592926,0.0037325620651245117,0.30633729696273804,0.3068286180496216,0.0004913210868835449,0.32072240114212036,0.3236865997314453,0.002964198589324951,0.5893656015396118,0.5798116326332092,0.009553968906402588,0.13882854580879211,0.13882854580879211,88.52557665109634
crack0050_09.png,4.859103107452393,66.29593658447266,65.36177062988281,0.9341659545898438,104.49505615234375,102.70858001708984,1.7864761352539062,0.1739463061094284,0.19905652105808258,0.025110214948654175,0.05556368827819824,0.08532512187957764,0.029761433601379395,0.07965648174285889,0.1068074107170105,0.02715092897415161,0.5824759602546692,0.5821991562843323,0.00027680397033691406,0.12091895937919617,0.12091895937919617,78.6911136507988
crack0051_00.png,-2.571609306335449,90.55107879638672,93.41802978515625,-2.8669509887695312,109.03520202636719,108.7366943359375,0.2985076904296875,0.3520699441432953,0.3660266697406769,0.013956725597381592,0.3538115620613098,0.32893556356430054,-0.024875998497009277,0.35520583391189575,0.3502005934715271,-0.005005240440368652,0.5826643705368042,0.5813033580780029,0.0013610124588012695,0.1594030112028122,0.1594030112028122,94.16693246364594
crack0051_01.png,0.37192668914794924,95.67756652832031,96.0213394165039,-0.34377288818359375,109.21658325195312,108.87232971191406,0.3442535400390625,0.3177434802055359,0.3278738260269165,0.010130345821380615,0.3986976742744446,0.3899957537651062,-0.008701920509338379,0.4144887328147888,0.4152300953865051,0.0007413625717163086,0.5842252969741821,0.581334114074707,0.0028911828994750977,0.17284634709358215,0.17284634709358215,100.15385603904724
crack0051_02.png,-0.9105584144592285,85.87218475341797,87.59080505371094,-1.7186203002929688,113.46516418457031,112.61506652832031,0.85009765625,0.30900251865386963,0.30792710185050964,-0.0010754168033599854,0.12601959705352783,0.13035154342651367,0.00433194637298584,0.16465449333190918,0.1808387041091919,0.016184210777282715,0.5914686918258667,0.5819492340087891,0.009519457817077637,0.14524365961551666,0.14524365961551666,91.91461646556854
crack0051_03.png,1.7301349639892578,97.81040954589844,97.8846435546875,-0.0742340087890625,103.96139526367188,104.29487609863281,-0.3334808349609375,0.31531721353530884,0.31812965869903564,0.0028124451637268066,0.22292554378509521,0.26199227571487427,0.03906673192977905,0.2558208703994751,0.2542790174484253,-0.0015418529510498047,0.5818262100219727,0.5780737996101379,0.003752410411834717,0.13314928114414215,0.13314928114414215,102.20154213905334
crack0051_04.png,1.6120144844055178,87.03035736083984,87.68364715576172,-0.653289794921875,105.81950378417969,104.4327392578125,1.3867645263671875,0.31669074296951294,0.32397234439849854,0.007281601428985596,0.15833377838134766,0.17768126726150513,0.01934748888015747,0.24620294570922852,0.26130491495132446,0.015101969242095947,0.5938485264778137,0.5849942564964294,0.008854269981384277,0.1553853452205658,0.1553853452205658,92.10949873924255
crack0051_05.png,-4.98080883026123,81.02278900146484,84.30839538574219,-3.2856063842773438,101.58485412597656,101.89077758789062,-0.3059234619140625,0.3280225396156311,0.3315421938896179,0.0035196542739868164,0.37617963552474976,0.3290005922317505,-0.04717904329299927,0.36483877897262573,0.3370055556297302,-0.027833223342895508,0.5867358446121216,0.5859169363975525,0.0008189082145690918,0.1448998749256134,0.1448998749256134,86.45367360115051
crack0051_06.png,-1.1309519767761231,85.99363708496094,87.05642700195312,-1.0627899169921875,109.01676940917969,108.33552551269531,0.681243896484375,0.33638104796409607,0.3255283832550049,-0.010852664709091187,0.37763357162475586,0.38443636894226074,0.006802797317504883,0.3649606704711914,0.36010390520095825,-0.004856765270233154,0.5842368602752686,0.5778508186340332,0.0063860416412353516,0.1549270749092102,0.1549270749092102,90.36280345916748
crack0051_07.png,4.730950450897216,134.93148803710938,131.77694702148438,3.154541015625,134.7410125732422,131.978271484375,2.7627410888671875,0.2576642632484436,0.271626353263855,0.013962090015411377,0.2405068278312683,0.2182101607322693,-0.022296667098999023,0.2989978790283203,0.30690836906433105,0.007910490036010742,0.591199517250061,0.5850442051887512,0.0061553120613098145,0.18831858038902283,0.18831858038902283,141.5423424243927
crack0051_08.png,-1.6748097419738768,93.16555786132812,93.88711547851562,-0.7215576171875,112.32906341552734,110.39607238769531,1.9329910278320312,0.40824413299560547,0.3569716215133667,-0.05127251148223877,0.0697556734085083,0.12503719329833984,0.05528151988983154,0.21582353115081787,0.20392340421676636,-0.011900126934051514,0.5863322019577026,0.5822299122810364,0.00410228967666626,0.17483831942081451,0.17483831942081451,95.56132745742798
crack0051_09.png,-1.286132526397705,98.44286346435547,100.36651611328125,-1.9236526489257812,109.42289733886719,108.62776947021484,0.7951278686523438,0.30153781175613403,0.3017945885658264,0.0002567768096923828,0.32243359088897705,0.3287994861602783,0.0063658952713012695,0.3465161919593811,0.3299233913421631,-0.016592800617218018,0.5826835632324219,0.5815762877464294,0.0011072754859924316,0.14525684714317322,0.14525684714317322,104.61976361274719
crack0052_00.png,-2.7377758979797364,129.2642059326172,128.43020629882812,0.8339996337890625,125.15498352050781,125.16515350341797,-0.01016998291015625,0.2370028793811798,0.18991521000862122,-0.047087669372558594,0.0,0.0,0.0,0.11091911792755127,0.13105309009552002,0.02013397216796875,0.589419424533844,0.5844367742538452,0.004982650279998779,0.1221269890666008,0.1221269890666008,141.02907049655914
crack0052_01.png,-2.9439508438110353,123.08386993408203,125.14795684814453,-2.0640869140625,126.32487487792969,128.45733642578125,-2.1324615478515625,0.1901547610759735,0.19979634881019592,0.009641587734222412,0.02646803855895996,0.0,-0.02646803855895996,0.2042902112007141,0.18327784538269043,-0.02101236581802368,0.5884006023406982,0.5818877220153809,0.006512880325317383,0.13129542768001556,0.13129542768001556,136.2426518201828
crack0052_02.png,-2.093744087219238,134.83193969726562,136.0636444091797,-1.2317047119140625,123.69599914550781,122.92568969726562,0.7703094482421875,0.2204800397157669,0.20328281819820404,-0.017197221517562866,0.0,0.0,0.0,0.0,0.0,0.0,0.5963475704193115,0.5912072062492371,0.005140364170074463,0.10013425350189209,0.10013425350189209,147.10472577810287
crack0052_03.png,4.413837337493897,147.49769592285156,142.63499450683594,4.862701416015625,144.25953674316406,145.94912719726562,-1.6895904541015625,0.25665411353111267,0.2572767436504364,0.0006226301193237305,0.0,0.0,0.0,0.0,0.016553103923797607,0.016553103923797607,0.5912302732467651,0.5868012309074402,0.004429042339324951,0.11207370460033417,0.11207370460033417,153.3163093328476
crack0052_04.png,3.467174005508423,137.70025634765625,133.83897399902344,3.8612823486328125,132.53770446777344,134.69403076171875,-2.1563262939453125,0.23849551379680634,0.24259185791015625,0.0040963441133499146,0.0,0.0,0.0,0.0,0.0,0.0,0.5954940319061279,0.5919761657714844,0.0035178661346435547,0.10266714543104172,0.10266714543104172,145.27964562177658
crack0052_05.png,-1.6417947769165036,129.44717407226562,129.10121154785156,0.3459625244140625,123.32537841796875,125.57321166992188,-2.247833251953125,0.22315016388893127,0.17829009890556335,-0.04486006498336792,0.04741889238357544,0.10294151306152344,0.055522620677948,0.12443453073501587,0.14743930101394653,0.023004770278930664,0.5879276990890503,0.5809457898139954,0.006981909275054932,0.11142157763242722,0.11142157763242722,142.0938948392868
crack0052_06.png,1.2905694484710692,137.84967041015625,135.04751586914062,2.802154541015625,121.3582992553711,124.48469543457031,-3.1263961791992188,0.20710794627666473,0.20015615224838257,-0.0069517940282821655,0.0,0.0,0.0,0.18088769912719727,0.135809063911438,-0.04507863521575928,0.5825451612472534,0.5751672387123108,0.007377922534942627,0.11059202998876572,0.11059202998876572,147.74103045463562
crack0052_07.png,-3.994097661972046,127.68603515625,130.44696044921875,-2.76092529296875,123.6774673461914,123.15859985351562,0.5188674926757812,0.21624872088432312,0.1961309164762497,-0.020117804408073425,0.0,0.0,0.0,0.09375828504562378,0.0649610161781311,-0.028797268867492676,0.5939023494720459,0.5896847248077393,0.004217624664306641,0.1146358922123909,0.1146358922123909,141.05473679304123
crack0052_08.png,-0.6311533451080322,135.7637939453125,138.59779357910156,-2.8339996337890625,124.3231201171875,126.33468627929688,-2.011566162109375,0.16327157616615295,0.20918293297290802,0.045911356806755066,0.018396735191345215,0.0,-0.018396735191345215,0.19112944602966309,0.12911701202392578,-0.062012434005737305,0.5904498100280762,0.5886889696121216,0.0017608404159545898,0.11571667343378067,0.11571667343378067,151.0024915933609
crack0052_09.png,7.135951852798462,132.0924835205078,124.75188446044922,7.340599060058594,128.56939697265625,126.86416625976562,1.705230712890625,0.20461435616016388,0.19247666001319885,-0.012137696146965027,0.0,0.0,0.0,0.10724455118179321,0.08578413724899292,-0.021460413932800293,0.5886274576187134,0.5865205526351929,0.002106904983520508,0.12004446983337402,0.12004446983337402,140.41868269443512
crack0053_00.png,0.7281353950500489,103.80823516845703,104.27656555175781,-0.46833038330078125,125.77134704589844,125.2506103515625,0.5207366943359375,0.2544511556625366,0.2594963014125824,0.005045145750045776,0.21064656972885132,0.22281920909881592,0.0121726393699646,0.23823678493499756,0.24773812294006348,0.009501338005065918,0.5900422930717468,0.5876009464263916,0.0024413466453552246,0.1913907825946808,0.1913907825946808,112.3770227432251
crack0053_01.png,-2.7709248542785643,83.71060943603516,84.83920288085938,-1.1285934448242188,115.4306411743164,114.1588134765625,1.2718276977539062,0.2984103560447693,0.29912638664245605,0.0007160305976867676,0.18289542198181152,0.12825584411621094,-0.054639577865600586,0.2698935866355896,0.2501182556152344,-0.019775331020355225,0.5903190970420837,0.5908881425857544,-0.0005690455436706543,0.13689425587654114,0.13689425587654114,90.00581049919128
crack0053_02.png,-0.256843376159668,105.44157409667969,106.1934814453125,-0.7519073486328125,125.71171569824219,124.55970764160156,1.152008056640625,0.2598479986190796,0.25548556447029114,-0.004362434148788452,0.3787990212440491,0.3836822509765625,0.004883229732513428,0.3619808554649353,0.3696596026420593,0.0076787471771240234,0.5905728340148926,0.5858746767044067,0.00469815731048584,0.17864513397216797,0.17864513397216797,114.11130726337433
crack0053_03.png,10.722025060653687,164.7080841064453,155.96351623535156,8.74456787109375,156.63320922851562,153.25169372558594,3.3815155029296875,0.2402273565530777,0.24231824278831482,0.0020908862352371216,0.13794654607772827,0.14579898118972778,0.007852435111999512,0.11628150939941406,0.11950784921646118,0.003226339817047119,0.5892271995544434,0.5856401324272156,0.003587067127227783,0.17171522974967957,0.17171522974967957,169.4912467598915
crack0053_04.png,-3.920003032684326,114.24989318847656,114.80943298339844,-0.559539794921875,120.92591857910156,120.91217041015625,0.0137481689453125,0.20160341262817383,0.20241281390190125,0.000809401273727417,0.2660101652145386,0.17604005336761475,-0.08997011184692383,0.25181806087493896,0.19182318449020386,-0.05999487638473511,0.5897501111030579,0.5855478644371033,0.00420224666595459,0.1452067792415619,0.1452067792415619,126.02346277236938
crack0053_05.png,3.684539031982422,168.2724609375,165.36756896972656,2.9048919677734375,149.26837158203125,147.1938934326172,2.0744781494140625,0.1799897849559784,0.1675843596458435,-0.012405425310134888,0.24454790353775024,0.25980061292648315,0.01525270938873291,0.09188008308410645,0.08763504028320312,-0.00424504280090332,0.5967589616775513,0.5884544253349304,0.00830453634262085,0.13138458132743835,0.13138458132743835,180.63531184196472
crack0053_06.png,-3.468915271759033,111.41131591796875,112.84190368652344,-1.4305877685546875,125.79257202148438,124.90362548828125,0.888946533203125,0.2722397446632385,0.2744121849536896,0.00217244029045105,0.299905002117157,0.23703503608703613,-0.06286996603012085,0.222439706325531,0.2075057029724121,-0.014934003353118896,0.5851364731788635,0.5864590406417847,-0.0013225674629211426,0.15551286935806274,0.15551286935806274,119.25058674812317
crack0053_07.png,-2.2894927978515627,101.80957794189453,102.57452392578125,-0.7649459838867188,118.59530639648438,119.2962646484375,-0.700958251953125,0.28198325634002686,0.28296828269958496,0.0009850263595581055,0.3675168752670288,0.33813363313674927,-0.02938324213027954,0.28348541259765625,0.2901262640953064,0.0066408514976501465,0.5850672721862793,0.5887581706047058,-0.0036908984184265137,0.1654158979654312,0.1654158979654312,108.82338237762451
crack0053_08.png,-2.7006906509399413,92.10897827148438,92.90618133544922,-0.7972030639648438,117.07763671875,117.59034729003906,-0.5127105712890625,0.25667011737823486,0.2559089660644531,-0.0007611513137817383,0.3823162317276001,0.336933970451355,-0.04538226127624512,0.3167422413825989,0.3035634756088257,-0.013178765773773193,0.5883583426475525,0.5839138627052307,0.004444479942321777,0.1532180905342102,0.1532180905342102,100.68737554550171
crack0053_09.png,1.0420570373535156,94.05168151855469,94.75385284423828,-0.7021713256835938,117.17817687988281,113.83818054199219,3.339996337890625,0.24448564648628235,0.23154816031455994,-0.012937486171722412,0.16715168952941895,0.20041805505752563,0.03326636552810669,0.23624789714813232,0.2411355972290039,0.004887700080871582,0.5927912592887878,0.5899769067764282,0.002814352512359619,0.1429348587989807,0.1429348587989807,104.2215279340744
crack0054_00.png,0.030376338958740257,94.10641479492188,94.17788696289062,-0.07147216796875,104.37876892089844,103.923583984375,0.4551849365234375,0.28680920600891113,0.2812546491622925,-0.005554556846618652,0.41475367546081543,0.41685986518859863,0.002106189727783203,0.42683762311935425,0.4339591860771179,0.007121562957763672,0.5789657831192017,0.5719684958457947,0.006997287273406982,0.1471952199935913,0.1471952199935913,100.42550325393677
crack0054_01.png,-1.061753749847412,101.10801696777344,100.70938873291016,0.39862823486328125,108.56114196777344,108.44151306152344,0.11962890625,0.2911109924316406,0.28228187561035156,-0.008829116821289062,0.41611331701278687,0.39734214544296265,-0.01877117156982422,0.4052603840827942,0.386971116065979,-0.018289268016815186,0.5772318243980408,0.5785082578659058,-0.0012764334678649902,0.21398842334747314,0.21398842334747314,107.11212062835693
crack0054_02.png,0.8397929191589355,88.27778625488281,87.35285186767578,0.9249343872070312,103.70079040527344,103.46286010742188,0.2379302978515625,0.19767968356609344,0.2005365937948227,0.002856910228729248,0.479087769985199,0.46587496995925903,-0.013212800025939941,0.42364829778671265,0.41290849447250366,-0.010739803314208984,0.5800307393074036,0.5770395994186401,0.0029911398887634277,0.17496246099472046,0.17496246099472046,99.15576761960983
crack0054_03.png,1.0824569702148437,88.53860473632812,88.02640533447266,0.5121994018554688,98.37197875976562,98.00643920898438,0.36553955078125,0.3038415014743805,0.2992671728134155,-0.004574328660964966,0.38648390769958496,0.4072139859199524,0.02073007822036743,0.4307434558868408,0.4457070231437683,0.01496356725692749,0.573840856552124,0.5748212337493896,-0.000980377197265625,0.1450170874595642,0.1450170874595642,93.31932401657104
crack0054_04.png,0.6971053600311279,100.5430908203125,100.25235748291016,0.29073333740234375,102.50579071044922,102.31161499023438,0.19417572021484375,0.21178239583969116,0.20842187106609344,-0.0033605247735977173,0.5088485479354858,0.5187199115753174,0.009871363639831543,0.4539276361465454,0.45437103509902954,0.00044339895248413086,0.586078405380249,0.581011176109314,0.005067229270935059,0.21593201160430908,0.21593201160430908,111.33554810285568
crack0054_05.png,0.19644703865051272,99.47321319580078,99.23587036132812,0.23734283447265625,107.12875366210938,106.9629898071289,0.16576385498046875,0.2295341193675995,0.22433267533779144,-0.005201444029808044,0.462154746055603,0.4628918766975403,0.0007371306419372559,0.447062611579895,0.445578396320343,-0.001484215259552002,0.5945020914077759,0.5875163674354553,0.006985723972320557,0.2081020176410675,0.2081020176410675,109.674664914608
crack0054_06.png,0.6787837982177735,91.00505828857422,90.37863159179688,0.6264266967773438,101.38018035888672,100.80933380126953,0.5708465576171875,0.1901373565196991,0.1847129762172699,-0.005424380302429199,0.3950425386428833,0.3974432945251465,0.0024007558822631836,0.38741248846054077,0.3952484726905823,0.007835984230041504,0.5852710604667664,0.5812225937843323,0.004048466682434082,0.15128196775913239,0.15128196775913239,103.01990878582001
crack0054_07.png,0.025216293334960893,85.7268295288086,85.8206787109375,-0.09384918212890625,99.03252410888672,98.48831176757812,0.5442123413085938,0.23958024382591248,0.23015838861465454,-0.009421855211257935,0.4141973853111267,0.4315444231033325,0.01734703779220581,0.37065935134887695,0.37724024057388306,0.0065808892250061035,0.5766551494598389,0.5776239633560181,-0.0009688138961791992,0.13269445300102234,0.13269445300102234,95.0692093372345
crack0054_08.png,-0.5520410537719727,97.24242401123047,97.70861053466797,-0.4661865234375,107.71453094482422,107.69469451904297,0.01983642578125,0.2954495847225189,0.29070746898651123,-0.00474211573600769,0.472301721572876,0.4783339500427246,0.006032228469848633,0.4302588701248169,0.43078911304473877,0.000530242919921875,0.5768166184425354,0.575709342956543,0.0011072754859924316,0.19405196607112885,0.19405196607112885,103.10573387145996
crack0054_09.png,-0.7052372932434081,94.84173583984375,94.49695587158203,0.34477996826171875,99.1529541015625,98.28108215332031,0.8718719482421875,0.21984940767288208,0.21124038100242615,-0.008609026670455933,0.4131971001625061,0.39582663774490356,-0.01737046241760254,0.3736960291862488,0.3683960437774658,-0.005299985408782959,0.5776470303535461,0.5780276656150818,-0.00038063526153564453,0.16122114658355713,0.16122114658355713,105.1160296201706
crack0055_00.png,-1.5804465293884278,104.11011505126953,103.78308868408203,0.3270263671875,113.691650390625,112.86713409423828,0.8245162963867188,0.2440267950296402,0.2149035483598709,-0.029123246669769287,0.0,0.0,0.0,0.0,0.0053043365478515625,0.0053043365478515625,0.578569769859314,0.5762552618980408,0.0023145079612731934,0.1481524407863617,0.1481524407863617,114.19517976045609
crack0055_01.png,-1.9727982997894289,96.99371337890625,98.74610137939453,-1.7523880004882812,114.53741455078125,114.5564956665039,-0.01908111572265625,0.2623816132545471,0.23427684605121613,-0.028104767203330994,0.00296783447265625,0.05120128393173218,0.04823344945907593,0.23448050022125244,0.2534380555152893,0.018957555294036865,0.5851364731788635,0.5824798345565796,0.0026566386222839355,0.15289011597633362,0.15289011597633362,107.21875554323196
crack0055_02.png,0.3451316833496094,116.69264221191406,116.9844970703125,-0.2918548583984375,102.73143768310547,102.71725463867188,0.01418304443359375,0.27455225586891174,0.25750622153282166,-0.017046034336090088,0.05790013074874878,0.10569500923156738,0.047794878482818604,0.24573278427124023,0.27074843645095825,0.025015652179718018,0.5809957981109619,0.5789157748222351,0.0020800232887268066,0.13135972619056702,0.13135972619056702,124.62802827358246
crack0055_03.png,-2.922262763977051,113.19271087646484,113.9488525390625,-0.7561416625976562,102.0672607421875,101.65445709228516,0.41280364990234375,0.31254491209983826,0.2844039797782898,-0.028140932321548462,0.0,0.0,0.0,0.1226041316986084,0.13043248653411865,0.007828354835510254,0.5752249360084534,0.5772241353988647,-0.001999199390411377,0.14517280459403992,0.14517280459403992,119.59550833702087
crack0055_04.png,-2.322785663604736,86.0581283569336,86.69597625732422,-0.637847900390625,114.59288787841797,113.77638244628906,0.8165054321289062,0.2948359549045563,0.2675982713699341,-0.027237683534622192,0.0,0.0,0.0,0.0,0.046320974826812744,0.046320974826812744,0.5823990702629089,0.5782122015953064,0.004186868667602539,0.12368130683898926,0.12368130683898926,93.61711883544922
crack0055_05.png,-5.076681470870971,109.88739013671875,112.43773651123047,-2.5503463745117188,113.26737976074219,112.99659729003906,0.270782470703125,0.2091526985168457,0.2076600342988968,-0.0014926642179489136,0.34823334217071533,0.28533709049224854,-0.0628962516784668,0.37287938594818115,0.3587477207183838,-0.014131665229797363,0.5719492435455322,0.5719338655471802,1.537799835205078e-05,0.11199603974819183,0.11199603974819183,121.58093100786209
crack0055_06.png,-1.1617720603942872,119.39700317382812,121.10054779052734,-1.7035446166992188,111.63688659667969,110.44444274902344,1.19244384765625,0.1202123761177063,0.11758553981781006,-0.0026268362998962402,0.20464098453521729,0.20505547523498535,0.0004144906997680664,0.24993854761123657,0.2520446181297302,0.0021060705184936523,0.5873894691467285,0.5809304118156433,0.006459057331085205,0.15917181968688965,0.15917181968688965,136.68922185897827
crack0055_07.png,1.6231269836425781,96.2099838256836,95.29816436767578,0.9118194580078125,104.5211181640625,104.43986511230469,0.0812530517578125,0.2707154154777527,0.27751845121383667,0.006803035736083984,0.0,0.0,0.0,0.1150522232055664,0.13391101360321045,0.018858790397644043,0.5768473744392395,0.5734832882881165,0.003364086151123047,0.12792518734931946,0.12792518734931946,102.5850441455841
crack0055_08.png,-2.622318410873413,85.58952331542969,86.64421081542969,-1.0546875,108.29359436035156,107.51808166503906,0.7755126953125,0.18415413796901703,0.1638796329498291,-0.020274505019187927,0.09349125623703003,0.08385330438613892,-0.009637951850891113,0.24040591716766357,0.2507532238960266,0.010347306728363037,0.5783121585845947,0.5750710964202881,0.0032410621643066406,0.13175874948501587,0.13175874948501587,99.41657543182373
crack0055_09.png,-1.2188780784606934,112.55770874023438,113.59075164794922,-1.0330429077148438,110.4538803100586,109.75799560546875,0.6958847045898438,0.21224968135356903,0.20313896238803864,-0.009110718965530396,0.0,0.0,0.0,0.10742014646530151,0.11091941595077515,0.003499269485473633,0.5886274576187134,0.5820107460021973,0.006616711616516113,0.19633886218070984,0.19633886218070984,124.43099075555801
crack0056_00.png,2.491006374359131,107.4874496459961,103.95701599121094,3.5304336547851562,117.88287353515625,117.94108581542969,-0.0582122802734375,0.38362935185432434,0.37036046385765076,-0.013268887996673584,0.0,0.0,0.0,0.07189011573791504,0.07082688808441162,-0.001063227653503418,0.585644006729126,0.5845097899436951,0.0011342167854309082,0.09969661384820938,0.09969661384820938,106.92636525630951
crack0056_01.png,-2.568306732177734,113.11270904541016,114.96488952636719,-1.8521804809570312,119.02864074707031,121.13858032226562,-2.1099395751953125,0.4274664521217346,0.4265001714229584,-0.0009662806987762451,0.0,0.0,0.0,0.059681057929992676,0.08395320177078247,0.024272143840789795,0.5860284566879272,0.5808996558189392,0.005128800868988037,0.09474453330039978,0.09474453330039978,111.88992726802826
crack0056_02.png,-0.6968502044677735,85.47081756591797,85.71976470947266,-0.2489471435546875,114.1142578125,115.80548095703125,-1.69122314453125,0.4312366545200348,0.43216395378112793,0.0009272992610931396,0.0,0.0,0.0,0.07611644268035889,0.036090970039367676,-0.04002547264099121,0.5887658596038818,0.5849058032035828,0.0038600564002990723,0.09475114941596985,0.09475114941596985,83.2717262506485
crack0056_03.png,0.026364707946777338,89.40243530273438,89.5815200805664,-0.17908477783203125,113.52987670898438,113.19882202148438,0.3310546875,0.45797479152679443,0.4585627615451813,0.0005879700183868408,0.0,0.0,0.0,0.015594899654388428,0.017373263835906982,0.0017783641815185547,0.5834755897521973,0.5828258395195007,0.0006497502326965332,0.10096940398216248,0.10096940398216248,85.35251379013062
crack0056_04.png,-0.08087043762207036,111.3232650756836,109.45977783203125,1.8634872436523438,115.87252807617188,115.8994140625,-0.026885986328125,0.42385175824165344,0.39830532670021057,-0.02554643154144287,0.0,0.0,0.0,0.040827810764312744,0.0342373251914978,-0.006590485572814941,0.5885890126228333,0.5858362317085266,0.0027527809143066406,0.10556571930646896,0.10556571930646896,110.03676235675812
crack0056_05.png,-0.8928389549255371,91.92141723632812,92.47657775878906,-0.5551605224609375,110.907958984375,110.59950256347656,0.3084564208984375,0.4337311387062073,0.42591673135757446,-0.007814407348632812,0.0,0.0,0.0,0.04899728298187256,0.05550271272659302,0.006505429744720459,0.5881084203720093,0.584006130695343,0.00410228967666626,0.0933544784784317,0.0933544784784317,90.1683304309845
crack0056_06.png,0.03904123306274415,95.31421661376953,94.96857452392578,0.34564208984375,113.57376098632812,113.53579711914062,0.0379638671875,0.433993935585022,0.4307578206062317,-0.003236114978790283,0.0,0.0,0.0,0.0,0.0,0.0,0.586432158946991,0.5880045890808105,-0.00157243013381958,0.09509885311126709,0.09509885311126709,92.81610989570618
crack0056_07.png,-4.672018909454346,112.72696685791016,117.54456329345703,-4.817596435546875,124.72756958007812,124.80529022216797,-0.07772064208984375,0.36783334612846375,0.36695438623428345,-0.0008789598941802979,0.0,0.0,0.0,0.07411646842956543,0.12668174505233765,0.05256527662277222,0.5882968306541443,0.582122266292572,0.006174564361572266,0.09341248124837875,0.09341248124837875,116.65037512779236
crack0056_08.png,2.0448138236999513,108.75545501708984,105.71389770507812,3.0415573120117188,117.58480834960938,117.21084594726562,0.37396240234375,0.4131537973880768,0.3987131714820862,-0.0144406259059906,0.0,0.0,0.0,0.0016251802444458008,0.004436373710632324,0.0028111934661865234,0.5895578861236572,0.5893348455429077,0.00022304058074951172,0.10211107134819031,0.10211107134819031,106.8942015171051
crack0056_09.png,-3.8635720252990726,97.1545181274414,98.86759948730469,-1.7130813598632812,118.40333557128906,122.02288818359375,-3.6195526123046875,0.4507039189338684,0.4396810233592987,-0.011022895574569702,0.0,0.0,0.0,0.0,0.0,0.0,0.5842560529708862,0.5797770023345947,0.004479050636291504,0.09165389835834503,0.09165389835834503,95.00043952465057
crack0057_00.png,0.7234412193298341,115.84607696533203,115.26371002197266,0.582366943359375,110.79685974121094,110.24008178710938,0.5567779541015625,0.11064060032367706,0.11457712948322296,0.0039365291595458984,0.23712104558944702,0.22391986846923828,-0.01320117712020874,0.2693006992340088,0.2586420774459839,-0.010658621788024902,0.5845097899436951,0.5812225937843323,0.003287196159362793,0.16707733273506165,0.16707733273506165,132.29684907197952
crack0057_01.png,1.0945408821105957,123.79844665527344,122.90205383300781,0.896392822265625,107.69879150390625,107.58706665039062,0.111724853515625,0.1168246641755104,0.11899582296609879,0.002171158790588379,0.2877628803253174,0.28606516122817993,-0.0016977190971374512,0.3104477524757385,0.30432718992233276,-0.006120562553405762,0.5758285522460938,0.574636697769165,0.001191854476928711,0.15566369891166687,0.15566369891166687,139.37391248345375
crack0057_02.png,-0.8421333789825439,138.99905395507812,140.4141387939453,-1.4150848388671875,107.49909973144531,106.3442611694336,1.1548385620117188,0.07970020174980164,0.08220438659191132,0.00250418484210968,0.35344159603118896,0.3554454445838928,0.0020038485527038574,0.3778040409088135,0.3894343376159668,0.01163029670715332,0.5775663256645203,0.5818031430244446,-0.004236817359924316,0.13833153247833252,0.13833153247833252,158.1967099905014
crack0057_03.png,0.04766979217529299,122.11288452148438,122.45893859863281,-0.3460540771484375,104.94819641113281,103.8818588256836,1.0663375854492188,0.10636965930461884,0.10646332800388336,9.366869926452637e-05,0.4367826581001282,0.4297427535057068,-0.007039904594421387,0.4232950210571289,0.42425405979156494,0.0009590387344360352,0.5820069313049316,0.5759746432304382,0.006032288074493408,0.1461758315563202,0.1461758315563202,139.18400925397873
crack0057_04.png,-0.03564331531524656,120.43680572509766,120.51563262939453,-0.078826904296875,100.96587371826172,100.83222961425781,0.13364410400390625,0.11210539937019348,0.10362046211957932,-0.008484937250614166,0.2651360034942627,0.27702009677886963,0.011884093284606934,0.2742266058921814,0.30714350938796997,0.032916903495788574,0.5746443867683411,0.569815456867218,0.004828929901123047,0.1261599212884903,0.1261599212884903,137.24476692080498
crack0057_05.png,2.774761962890625,140.15994262695312,139.41433715820312,0.74560546875,106.6699447631836,105.71063232421875,0.9593124389648438,0.08911837637424469,0.09366650879383087,0.004548132419586182,0.22484958171844482,0.2554934620857239,0.030643880367279053,0.29032546281814575,0.3078616261482239,0.017536163330078125,0.5744367837905884,0.5730411410331726,0.0013956427574157715,0.1532713770866394,0.1532713770866394,157.41750866174698
crack0057_06.png,-1.0403684377670288,141.89248657226562,141.1287384033203,0.7637481689453125,117.3470230102539,115.20732116699219,2.1397018432617188,0.08700405061244965,0.11377962678670883,0.026775576174259186,0.3130638003349304,0.19155943393707275,-0.12150436639785767,0.3130354881286621,0.24690234661102295,-0.06613314151763916,0.5832564234733582,0.5818031430244446,0.0014532804489135742,0.15897732973098755,0.15897732973098755,159.62062638998032
crack0057_07.png,-3.2142104864120484,128.6082305908203,130.1993865966797,-1.591156005859375,115.23694610595703,115.18363952636719,0.05330657958984375,0.11564768105745316,0.10405467450618744,-0.011593006551265717,0.2822384238243103,0.26677173376083374,-0.015466690063476562,0.29029470682144165,0.2912845015525818,0.0009897947311401367,0.5790964961051941,0.5815532207489014,-0.0024567246437072754,0.13903434574604034,0.13903434574604034,146.4226569533348
crack0057_08.png,-0.869020652770996,123.607666015625,124.51702117919922,-0.9093551635742188,104.559326171875,103.66795349121094,0.8913726806640625,0.08790720254182816,0.0838872566819191,-0.004019945859909058,0.3582231402397156,0.3601146936416626,0.0018915534019470215,0.3418942093849182,0.37687867879867554,0.034984469413757324,0.5820645689964294,0.5838215947151184,-0.0017570257186889648,0.14151480793952942,0.14151480793952942,142.3819719851017
crack0057_09.png,1.525377082824707,117.76361083984375,117.1650161743164,0.5985946655273438,103.11001586914062,102.58111572265625,0.528900146484375,0.16318181157112122,0.169569194316864,0.006387382745742798,0.23856163024902344,0.2437635064125061,0.005201876163482666,0.30367958545684814,0.31501978635787964,0.011340200901031494,0.5768627524375916,0.5769588351249695,-9.608268737792969e-05,0.1412540078163147,0.1412540078163147,130.75175821781158
crack0058_00.png,2.5870311737060545,124.96542358398438,124.44990539550781,0.5155181884765625,115.496337890625,113.77984619140625,1.71649169921875,0.3657791316509247,0.38243699073791504,0.016657859086990356,0.0,0.0,0.0,0.27954745292663574,0.2774714231491089,-0.0020760297775268555,0.5847135782241821,0.583406388759613,0.0013071894645690918,0.08855094760656357,0.08855094760656357,126.1494597196579
crack0058_01.png,-0.3117712974548339,167.66954040527344,170.79017639160156,-3.120635986328125,120.06796264648438,119.81536865234375,0.252593994140625,0.27129054069519043,0.30465778708457947,0.03336724638938904,0.0,0.0,0.0,0.19652903079986572,0.2191869616508484,0.022657930850982666,0.5833294987678528,0.5823683142662048,0.0009611845016479492,0.08720401674509048,0.08720401674509048,176.28560590744019
crack0058_02.png,-0.5438614845275879,142.24853515625,143.0311737060547,-0.7826385498046875,123.1856689453125,122.36255645751953,0.8231124877929688,0.3549499213695526,0.3525426387786865,-0.002407282590866089,0.0,0.0,0.0,0.2270108461380005,0.22111821174621582,-0.005892634391784668,0.583871603012085,0.581318736076355,0.0025528669357299805,0.0918157696723938,0.0918157696723938,144.84216022491455
crack0058_03.png,2.0061981201171877,153.5784454345703,153.5144500732422,0.063995361328125,120.52156829833984,119.54789733886719,0.9736709594726562,0.3082786798477173,0.32658252120018005,0.01830384135246277,0.0,0.0,0.0,0.19187211990356445,0.21778088808059692,0.02590876817703247,0.5840023159980774,0.5817916393280029,0.002210676670074463,0.09643399715423584,0.09643399715423584,158.4098196029663
crack0058_04.png,-0.4022537231445309,158.333740234375,161.3681182861328,-3.0343780517578125,124.99777221679688,122.48707580566406,2.5106964111328125,0.29314929246902466,0.31338396668434143,0.020234674215316772,0.0,0.0,0.0,0.2079440951347351,0.2137293815612793,0.0057852864265441895,0.5858323574066162,0.5856055617332458,0.00022679567337036133,0.09183710068464279,0.09183710068464279,165.69526600837708
crack0058_05.png,-0.9101095199584961,120.65031433105469,123.8615493774414,-3.2112350463867188,113.3623046875,110.3065414428711,3.0557632446289062,0.29440775513648987,0.3074931502342224,0.013085395097732544,0.0,0.0,0.0,0.3378363847732544,0.3296716809272766,-0.008164703845977783,0.588527500629425,0.5877277851104736,0.000799715518951416,0.08741968870162964,0.08741968870162964,128.13256657123566
crack0058_06.png,0.9516908645629882,167.9393768310547,168.62623596191406,-0.686859130859375,122.68045806884766,121.5133056640625,1.1671524047851562,0.33825933933258057,0.3514098823070526,0.013150542974472046,0.0,0.0,0.0,0.29159289598464966,0.28607767820358276,-0.0055152177810668945,0.5847404599189758,0.5817493200302124,0.0029911398887634277,0.09589288383722305,0.09589288383722305,171.37686443328857
crack0058_07.png,-0.8063318252563476,165.76206970214844,167.5823211669922,-1.82025146484375,121.98628234863281,120.95765686035156,1.02862548828125,0.2983693778514862,0.3043450713157654,0.005975693464279175,0.0,0.0,0.0,0.2664107084274292,0.2832314968109131,0.016820788383483887,0.5870857238769531,0.5839753746986389,0.003110349178314209,0.09714149683713913,0.09714149683713913,172.25346171855927
crack0058_08.png,0.4843443870544434,158.66746520996094,159.0399932861328,-0.372528076171875,118.61433410644531,118.1578140258789,0.45652008056640625,0.3271123170852661,0.3362153470516205,0.00910302996635437,0.0,0.0,0.0,0.25818365812301636,0.2628093957901001,0.00462573766708374,0.5817455053329468,0.5830949544906616,-0.0013494491577148438,0.09420793503522873,0.09420793503522873,162.55078840255737
crack0058_09.png,3.9593491554260254,157.52284240722656,154.92135620117188,2.6014862060546875,118.87632751464844,118.15306091308594,0.7232666015625,0.27011024951934814,0.2883560061454773,0.01824575662612915,0.009543120861053467,0.0,-0.009543120861053467,0.30042731761932373,0.3299497961997986,0.029522478580474854,0.5869742631912231,0.5872087478637695,-0.00023448467254638672,0.09076611697673798,0.09076611697673798,163.5038342475891
crack0059_00.png,0.27415542602539067,101.67777252197266,101.27935028076172,0.3984222412109375,104.91709899902344,104.63272094726562,0.2843780517578125,0.3144638240337372,0.30444785952568054,-0.01001596450805664,0.3869083523750305,0.39573413133621216,0.00882577896118164,0.32818615436553955,0.3275325298309326,-0.0006536245346069336,0.5780469179153442,0.5727912187576294,0.005255699157714844,0.1704489290714264,0.1704489290714264,106.33356654644012
crack0059_01.png,-0.13845939636230464,105.951904296875,104.93119049072266,1.0207138061523438,106.51567077636719,105.52168273925781,0.993988037109375,0.371477872133255,0.37464407086372375,0.00316619873046875,0.21315205097198486,0.1691461205482483,-0.04400593042373657,0.2303183674812317,0.22211754322052002,-0.00820082426071167,0.5757631659507751,0.577008843421936,-0.0012456774711608887,0.16093288362026215,0.16093288362026215,106.23322880268097
crack0059_02.png,5.500985193252563,95.8472900390625,94.5715103149414,1.2757797241210938,110.46359252929688,108.8140869140625,1.649505615234375,0.23850660026073456,0.2680741548538208,0.029567554593086243,0.2868507504463196,0.31089532375335693,0.024044573307037354,0.33128511905670166,0.36855369806289673,0.03726857900619507,0.5817570090293884,0.5758016109466553,0.005955398082733154,0.1872509866952896,0.1872509866952896,104.16928452253342
crack0059_03.png,1.5736191749572754,101.73139953613281,100.6603775024414,1.0710220336914062,113.20355224609375,112.10466003417969,1.0988922119140625,0.2336597442626953,0.23039865493774414,-0.003261089324951172,0.3189776539802551,0.3250112533569336,0.006033599376678467,0.30839604139328003,0.35022515058517456,0.04182910919189453,0.5837255120277405,0.5816609263420105,0.0020645856857299805,0.1497000753879547,0.1497000753879547,110.72098970413208
crack0059_04.png,-3.5150122165679933,108.52113342285156,111.31963348388672,-2.7985000610351562,109.923095703125,109.49978637695312,0.423309326171875,0.241994708776474,0.24105004966259003,-0.0009446591138839722,0.2884296774864197,0.2694764733314514,-0.01895320415496826,0.37171638011932373,0.34951919317245483,-0.022197186946868896,0.5838139057159424,0.5851172804832458,-0.0013033747673034668,0.17058447003364563,0.17058447003364563,118.86207169294357
crack0059_05.png,0.6664681434631348,103.24575805664062,102.49131774902344,0.7544403076171875,113.74264526367188,112.0057373046875,1.736907958984375,0.2552691102027893,0.2625540494918823,0.007284939289093018,0.21986639499664307,0.18198347091674805,-0.03788292407989502,0.26656800508499146,0.22981733083724976,-0.0367506742477417,0.576316773891449,0.5725721120834351,0.003744661808013916,0.13764458894729614,0.13764458894729614,110.60506224632263
crack0059_06.png,-2.018393611907959,99.18589782714844,99.51005554199219,-0.32415771484375,110.01128387451172,109.69613647460938,0.31514739990234375,0.29113486409187317,0.2884243428707123,-0.0027105212211608887,0.33798879384994507,0.2943692207336426,-0.04361957311630249,0.3566378951072693,0.3060591220855713,-0.050578773021698,0.5793271660804749,0.5757939219474792,0.0035332441329956055,0.18063582479953766,0.18063582479953766,105.21560275554657
crack0059_07.png,1.572540283203125,103.99818420410156,103.50047302246094,0.497711181640625,117.9358139038086,116.59552001953125,1.3402938842773438,0.2667897641658783,0.2825990617275238,0.015809297561645508,0.19169986248016357,0.1669631004333496,-0.024736762046813965,0.27607953548431396,0.2824077010154724,0.006328165531158447,0.5860669016838074,0.5794809460639954,0.006585955619812012,0.15005925297737122,0.15005925297737122,111.18461883068085
crack0059_08.png,2.4990607261657716,109.8382797241211,109.10602569580078,0.7322540283203125,116.8860092163086,115.89630126953125,0.9897079467773438,0.24455392360687256,0.2575114667415619,0.012957543134689331,0.292818546295166,0.29546719789505005,0.002648651599884033,0.3854629397392273,0.3676644563674927,-0.01779848337173462,0.5871511101722717,0.5814417600631714,0.005709350109100342,0.13844357430934906,0.13844357430934906,118.28496170043945
crack0059_09.png,-1.5513178825378418,101.7910385131836,102.59225463867188,-0.8012161254882812,115.23094940185547,115.19368743896484,0.037261962890625,0.26194581389427185,0.2624613642692566,0.0005155503749847412,0.23979568481445312,0.21624070405960083,-0.023554980754852295,0.31784093379974365,0.2973160743713379,-0.02052485942840576,0.5836255550384521,0.5802268385887146,0.003398716449737549,0.14365914463996887,0.14365914463996887,109.81991994380951
crack0060_00.png,-1.3921588897705077,118.4114761352539,118.02481842041016,0.38665771484375,111.42069244384766,111.05976104736328,0.360931396484375,0.3047274053096771,0.2856625020503998,-0.019064903259277344,0.08346080780029297,0.07010835409164429,-0.013352453708648682,0.19723212718963623,0.1724749207496643,-0.024757206439971924,0.5904229283332825,0.5870203971862793,0.003402531147003174,0.1227245032787323,0.1227245032787323,124.69531428813934
crack0060_01.png,-0.7308147430419922,105.38111877441406,105.2021484375,0.1789703369140625,107.13775634765625,107.06973266601562,0.068023681640625,0.25162044167518616,0.25149965286254883,-0.0001207888126373291,0.2061886191368103,0.1800987720489502,-0.026089847087860107,0.18843448162078857,0.1734483242034912,-0.014986157417297363,0.5874086618423462,0.584502100944519,0.0029065608978271484,0.12343297898769379,0.12343297898769379,113.69800090789795
crack0060_02.png,0.03034706115722674,113.15005493164062,112.4005126953125,0.749542236328125,109.68511962890625,107.74701690673828,1.9381027221679688,0.20198515057563782,0.1914571225643158,-0.010528028011322021,0.24899578094482422,0.22866934537887573,-0.020326435565948486,0.29970359802246094,0.26839858293533325,-0.031305015087127686,0.5901845693588257,0.5861629843711853,0.004021584987640381,0.10654997080564499,0.10654997080564499,124.89523923397064
crack0060_03.png,0.4326165199279785,114.61248779296875,114.4693832397461,0.14310455322265625,110.11817932128906,110.4053955078125,-0.2872161865234375,0.2629759907722473,0.26876699924468994,0.005791008472442627,0.16425639390945435,0.16006231307983398,-0.004194080829620361,0.2062426209449768,0.19730961322784424,-0.008933007717132568,0.5902575850486755,0.587535560131073,0.002722024917602539,0.13557150959968567,0.13557150959968567,122.3726794719696
crack0060_04.png,0.6762413501739504,112.08753967285156,110.86589813232422,1.2216415405273438,111.44798278808594,110.86062622070312,0.5873565673828125,0.2168951779603958,0.2283841371536255,0.011488959193229675,0.08334994316101074,0.037557005882263184,-0.04579293727874756,0.01958996057510376,0.0,-0.01958996057510376,0.5819146633148193,0.5786082148551941,0.003306448459625244,0.1090487539768219,0.1090487539768219,121.73959475755692
crack0060_05.png,0.7050088882446288,114.421142578125,112.74560546875,1.675537109375,105.0283203125,104.64889526367188,0.379425048828125,0.28457921743392944,0.27674663066864014,-0.007832586765289307,0.061241090297698975,0.04536557197570801,-0.015875518321990967,0.1755821704864502,0.16731661558151245,-0.008265554904937744,0.5880507230758667,0.5845674872398376,0.0034832358360290527,0.12135475128889084,0.12135475128889084,120.50060510635376
crack0060_06.png,0.7167470932006836,117.51004791259766,117.39656829833984,0.1134796142578125,111.4446029663086,112.45474243164062,-1.0101394653320312,0.2674671411514282,0.27423596382141113,0.00676882266998291,0.16895568370819092,0.1813930869102478,0.012437403202056885,0.24615293741226196,0.24767208099365234,0.0015191435813903809,0.5823798775672913,0.5831718444824219,-0.0007919669151306152,0.13528254628181458,0.13528254628181458,124.73215341567993
crack0060_07.png,1.0913168907165527,110.24018859863281,110.72478485107422,-0.48459625244140625,109.98849487304688,109.51359558105469,0.4748992919921875,0.2593609690666199,0.2745668292045593,0.015205860137939453,0.16205042600631714,0.16581076383590698,0.0037603378295898438,0.14607423543930054,0.15818434953689575,0.012110114097595215,0.5816839933395386,0.5812072157859802,0.0004767775535583496,0.12170270830392838,0.12170270830392838,118.18818831443787
crack0060_08.png,-0.5114130020141602,108.12140655517578,107.4242172241211,0.6971893310546875,107.22251892089844,106.816650390625,0.4058685302734375,0.2517104744911194,0.23953822255134583,-0.01217225193977356,0.28971564769744873,0.27626848220825195,-0.013447165489196777,0.29929620027542114,0.31348878145217896,0.014192581176757812,0.5882891416549683,0.5847712159156799,0.00351792573928833,0.13358506560325623,0.13358506560325623,116.93208420276642
crack0060_09.png,0.42119431495666504,112.19210815429688,111.60714721679688,0.5849609375,106.09910583496094,105.38968658447266,0.7094192504882812,0.23837706446647644,0.23808158934116364,-0.0002954751253128052,0.20130324363708496,0.18892574310302734,-0.012377500534057617,0.2200872302055359,0.1782638430595398,-0.041823387145996094,0.5840330719947815,0.5822529792785645,0.001780092716217041,0.11264131218194962,0.11264131218194962,120.97605520486832
crack0061_00.png,3.867322015762329,99.6610107421875,97.71241760253906,1.9485931396484375,111.3978271484375,110.28642272949219,1.1114044189453125,0.18679988384246826,0.19882069528102875,0.012020811438560486,0.4385286569595337,0.4485768675804138,0.010048210620880127,0.36410391330718994,0.3798385262489319,0.015734612941741943,0.5860899686813354,0.5833256244659424,0.0027643442153930664,0.1689995974302292,0.1689995974302292,110.9223198890686
crack0061_01.png,7.225682544708252,103.22659301757812,100.55241394042969,2.6741790771484375,112.93305969238281,111.41928100585938,1.5137786865234375,0.23637527227401733,0.2507994771003723,0.01442420482635498,0.09468251466751099,0.16202712059020996,0.06734460592269897,0.19726955890655518,0.23983871936798096,0.04256916046142578,0.5819915533065796,0.5795347690582275,0.0024567842483520508,0.11145859956741333,0.11145859956741333,110.98664927482605
crack0061_02.png,3.288801908493042,92.44183349609375,90.25218963623047,2.1896438598632812,110.2044677734375,108.13243865966797,2.0720291137695312,0.24857129156589508,0.23548075556755066,-0.013090535998344421,0.353405237197876,0.37849026918411255,0.025085031986236572,0.34753596782684326,0.34936535358428955,0.001829385757446289,0.5870972871780396,0.5792425870895386,0.007854700088500977,0.1438511610031128,0.1438511610031128,100.70205771923065
crack0061_03.png,5.013160324096679,88.41533660888672,85.10079193115234,3.314544677734375,109.79325103759766,107.82205963134766,1.97119140625,0.1861058920621872,0.20101888477802277,0.014912992715835571,0.18804031610488892,0.18159830570220947,-0.006442010402679443,0.22481995820999146,0.23158156871795654,0.006761610507965088,0.5824875235557556,0.5831180214881897,-0.000630497932434082,0.12008385360240936,0.12008385360240936,98.91643160581589
crack0061_04.png,2.341558885574341,99.07673645019531,97.34239959716797,1.7343368530273438,120.03531646728516,117.49590301513672,2.5394134521484375,0.2204129695892334,0.20782680809497833,-0.012586161494255066,0.32074683904647827,0.3359670639038086,0.015220224857330322,0.3331332802772522,0.340331494808197,0.007198214530944824,0.5873163938522339,0.5875778794288635,-0.00026148557662963867,0.16175615787506104,0.16175615787506104,109.24307471513748
crack0061_05.png,0.3973982334136963,75.31925201416016,74.95457458496094,0.36467742919921875,105.1029052734375,104.15880584716797,0.9440994262695312,0.179958775639534,0.1719675064086914,-0.00799126923084259,0.43480539321899414,0.4396812915802002,0.004875898361206055,0.30932438373565674,0.29703593254089355,-0.012288451194763184,0.5816839933395386,0.5792003273963928,0.002483665943145752,0.1358231008052826,0.1358231008052826,88.0862226486206
crack0061_06.png,-1.8274462699890135,87.22187805175781,88.56119537353516,-1.3393173217773438,106.52415466308594,105.87530517578125,0.6488494873046875,0.24705027043819427,0.2295505851507187,-0.017499685287475586,0.4371485710144043,0.45079952478408813,0.013650953769683838,0.3165271282196045,0.3228877782821655,0.006360650062561035,0.586447536945343,0.5837908387184143,0.002656698226928711,0.15266145765781403,0.15266145765781403,97.57640308141708
crack0061_07.png,-0.9719813346862793,95.80107116699219,95.70494079589844,0.09613037109375,113.23603820800781,112.8210678100586,0.41497039794921875,0.28374144434928894,0.27764302492141724,-0.006098419427871704,0.36860668659210205,0.3475019931793213,-0.02110469341278076,0.3447723388671875,0.3310864567756653,-0.013685882091522217,0.5857324004173279,0.5832833647727966,0.00244903564453125,0.1882626861333847,0.1882626861333847,102.5237205028534
crack0061_08.png,2.826694107055664,111.65690612792969,110.82569122314453,0.8312149047851562,112.82039642333984,111.32798767089844,1.4924087524414062,0.17181181907653809,0.17579463124275208,0.003982812166213989,0.3645896911621094,0.39076805114746094,0.026178359985351562,0.35399091243743896,0.38051658868789673,0.026525676250457764,0.585178792476654,0.584359884262085,0.0008189082145690918,0.12944373488426208,0.12944373488426208,124.33974123001099
crack0061_09.png,1.100870943069458,89.88616943359375,89.25497436523438,0.631195068359375,105.1348876953125,104.19721221923828,0.9376754760742188,0.12944826483726501,0.12526489794254303,-0.004183366894721985,0.38921040296554565,0.3941829204559326,0.004972517490386963,0.34372478723526,0.3459439277648926,0.0022191405296325684,0.5836101770401001,0.5778508186340332,0.0057593584060668945,0.14931327104568481,0.14931327104568481,105.39908510446548
crack0062_00.png,-0.7311941146850587,108.61480712890625,109.75520324707031,-1.1403961181640625,106.50309753417969,106.22544860839844,0.27764892578125,0.3215728998184204,0.32560643553733826,0.004033535718917847,0.5361547470092773,0.5383286476135254,0.002173900604248047,0.4879990816116333,0.5077007412910461,0.019701659679412842,0.5789849758148193,0.5817723870277405,-0.0027874112129211426,0.13484975695610046,0.13484975695610046,113.16152667999268
crack0062_01.png,0.35342845916748056,109.194091796875,110.56470489501953,-1.3706130981445312,109.84307098388672,108.30423736572266,1.5388336181640625,0.3715131878852844,0.37871360778808594,0.007200419902801514,0.48637473583221436,0.4942386746406555,0.007863938808441162,0.465490460395813,0.4754423499107361,0.009951889514923096,0.5859284996986389,0.5804805755615234,0.0054479241371154785,0.15323269367218018,0.15323269367218018,111.02574706077576
crack0062_02.png,0.6595458030700683,114.67208099365234,116.40973663330078,-1.7376556396484375,111.98039245605469,110.95635986328125,1.0240325927734375,0.37265491485595703,0.3908093571662903,0.018154442310333252,0.5501159429550171,0.5553076267242432,0.005191683769226074,0.4817516803741455,0.48658692836761475,0.004835247993469238,0.5876739621162415,0.5794848203659058,0.008189141750335693,0.1309087574481964,0.1309087574481964,116.6885724067688
crack0062_03.png,-0.6142609596252442,107.22057342529297,107.77582550048828,-0.5552520751953125,110.13562774658203,109.40628814697266,0.729339599609375,0.3154929578304291,0.3135118782520294,-0.001981079578399658,0.4581356644630432,0.45819276571273804,5.710124969482422e-05,0.4209073781967163,0.42257457971572876,0.0016672015190124512,0.5762014389038086,0.5810649991035461,-0.004863560199737549,0.15827657282352448,0.15827657282352448,111.9300867319107
crack0062_04.png,-0.847984218597412,114.78895568847656,116.14826202392578,-1.3593063354492188,113.77456665039062,112.66282653808594,1.1117401123046875,0.42597880959510803,0.42455118894577026,-0.0014276206493377686,0.47743022441864014,0.4821779727935791,0.004747748374938965,0.45390409231185913,0.46199870109558105,0.008094608783721924,0.5891579985618591,0.5893848538398743,-0.00022685527801513672,0.17064610123634338,0.17064610123634338,113.57093167304993
crack0062_05.png,0.2977750301361084,112.421142578125,113.83788299560547,-1.4167404174804688,111.2550048828125,110.73979187011719,0.5152130126953125,0.21589049696922302,0.22460855543613434,0.008718058466911316,0.4882727265357971,0.5081090927124023,0.019836366176605225,0.4349992275238037,0.45564496517181396,0.020645737648010254,0.5834448337554932,0.5830065608024597,0.00043827295303344727,0.12238278239965439,0.12238278239965439,123.51387631893158
crack0062_06.png,-0.5574455261230469,107.61421966552734,108.43058013916016,-0.8163604736328125,111.21409606933594,110.52470397949219,0.68939208984375,0.3134452998638153,0.312473863363266,-0.0009714365005493164,0.5056288242340088,0.5063778758049011,0.000749051570892334,0.49010229110717773,0.48826658725738525,-0.0018357038497924805,0.5877739191055298,0.5870011448860168,0.0007727742195129395,0.14846667647361755,0.14846667647361755,112.78492486476898
crack0062_07.png,-2.3345428466796876,113.91252899169922,115.30267333984375,-1.3901443481445312,116.24806213378906,116.16145324707031,0.08660888671875,0.32115238904953003,0.30524808168411255,-0.01590430736541748,0.4878215193748474,0.49460816383361816,0.006786644458770752,0.48845571279525757,0.49534326791763306,0.006887555122375488,0.5815417170524597,0.5809957981109619,0.0005459189414978027,0.17164647579193115,0.17164647579193115,119.55438494682312
crack0062_08.png,-2.1450690269470214,106.04566955566406,107.17855834960938,-1.1328887939453125,111.14456939697266,110.38694763183594,0.7576217651367188,0.3355240523815155,0.31865641474723816,-0.016867637634277344,0.4794420003890991,0.48120003938674927,0.0017580389976501465,0.45040804147720337,0.4564031958580017,0.00599515438079834,0.582902729511261,0.5838062167167664,-0.0009034872055053711,0.17673081159591675,0.17673081159591675,110.84497773647308
crack0062_09.png,-0.7011475563049316,113.91857147216797,113.39598083496094,0.5225906372070312,115.63361358642578,113.67991638183594,1.9536972045898438,0.3578265905380249,0.3349163234233856,-0.022910267114639282,0.4824502468109131,0.4754260182380676,-0.007024228572845459,0.4555901885032654,0.4630882143974304,0.007498025894165039,0.5832794904708862,0.5805651545524597,0.0027143359184265137,0.17180417478084564,0.17180417478084564,116.89347636699677
crack0063_00.png,1.1456217765808105,110.84619903564453,110.73403930664062,0.11215972900390625,109.271728515625,108.1307144165039,1.1410140991210938,0.30148860812187195,0.29997602105140686,-0.0015125870704650879,0.3053984045982361,0.31603336334228516,0.010634958744049072,0.26145803928375244,0.2644580006599426,0.0029999613761901855,0.5949365496635437,0.5881199240684509,0.0068166255950927734,0.15597298741340637,0.15597298741340637,116.58901989459991
crack0063_01.png,-1.542513370513916,100.01534271240234,97.94696044921875,2.0683822631835938,110.45417785644531,110.8953857421875,-0.4412078857421875,0.2902717888355255,0.243706613779068,-0.04656517505645752,0.3237724304199219,0.3260597586631775,0.0022873282432556152,0.20254731178283691,0.23424643278121948,0.03169912099838257,0.5916993618011475,0.5867166519165039,0.004982709884643555,0.1891382336616516,0.1891382336616516,108.02672922611237
crack0063_02.png,3.3479207515716554,110.85319519042969,110.03819274902344,0.81500244140625,113.23812866210938,112.39337921142578,0.8447494506835938,0.2117544710636139,0.23085011541843414,0.01909564435482025,0.2761468291282654,0.2908010482788086,0.014654219150543213,0.25201064348220825,0.25778084993362427,0.005770206451416016,0.583706259727478,0.5816763043403625,0.0020299553871154785,0.1389225423336029,0.1389225423336029,121.08867609500885
crack0063_03.png,2.4586867332458495,123.14816284179688,122.98924255371094,0.1589202880859375,111.10497283935547,111.51614379882812,-0.41117095947265625,0.2940039038658142,0.2976289987564087,0.0036250948905944824,0.0529593825340271,0.10228627920150757,0.04932689666748047,0.0,0.04293113946914673,0.04293113946914673,0.5881122350692749,0.58308345079422,0.005028784275054932,0.14864420890808105,0.14864420890808105,128.95295786857605
crack0063_04.png,2.4491810321807863,108.671875,108.0667495727539,0.6051254272460938,106.19635009765625,104.96675109863281,1.2295989990234375,0.24130724370479584,0.2476336658000946,0.006326422095298767,0.22105920314788818,0.2413005828857422,0.020241379737854004,0.14737707376480103,0.1488294005393982,0.001452326774597168,0.5874817371368408,0.5865705609321594,0.0009111762046813965,0.14880096912384033,0.14880096912384033,117.39014714956284
crack0063_05.png,1.6875240802764893,218.459716796875,217.31591796875,1.143798828125,189.76004028320312,188.6215057373047,1.1385345458984375,0.1253579556941986,0.12685208022594452,0.0014941245317459106,0.0,0.0,0.0,0.013331472873687744,0.0,-0.013331472873687744,0.5925874710083008,0.5933679342269897,-0.0007804632186889648,0.16991664469242096,0.16991664469242096,234.10105741024017
crack0063_06.png,1.9211499214172363,109.29623413085938,108.81743621826172,0.47879791259765625,110.50117492675781,110.39912414550781,0.10205078125,0.28859075903892517,0.29668742418289185,0.008096665143966675,0.27188950777053833,0.2909766435623169,0.019087135791778564,0.29150599241256714,0.3055883049964905,0.01408231258392334,0.5878085494041443,0.5880507230758667,-0.0002421736717224121,0.18904849886894226,0.18904849886894226,115.2634185552597
crack0063_07.png,-4.4350837707519535,142.6834716796875,146.7500457763672,-4.0665740966796875,135.93173217773438,136.82911682128906,-0.8973846435546875,0.34489744901657104,0.34230586886405945,-0.0025915801525115967,0.0,0.0,0.0,0.014696061611175537,0.03207743167877197,0.017381370067596436,0.5959438681602478,0.5909996032714844,0.004944264888763428,0.18813607096672058,0.18813607096672058,148.0161613225937
crack0063_08.png,2.9380849838256835,115.37942504882812,113.20980834960938,2.16961669921875,109.09165954589844,110.20301818847656,-1.111358642578125,0.26902493834495544,0.2689635753631592,-6.136298179626465e-05,0.23092901706695557,0.2527611255645752,0.02183210849761963,0.09878909587860107,0.1344042420387268,0.03561514616012573,0.5989927053451538,0.5903767943382263,0.00861591100692749,0.13706496357917786,0.13706496357917786,122.11651039123535
crack0063_09.png,3.0637661457061767,113.71540069580078,112.71577453613281,0.9996261596679688,109.3039321899414,108.19193267822266,1.11199951171875,0.17912086844444275,0.2048269659280777,0.02570609748363495,0.2950928211212158,0.2817842960357666,-0.013308525085449219,0.251644492149353,0.2402486801147461,-0.011395812034606934,0.5855863094329834,0.5832064747810364,0.0023798346519470215,0.1393287479877472,0.1393287479877472,125.89178788661957
crack0064_00.png,4.79780855178833,110.09351348876953,106.24178314208984,3.8517303466796875,105.95276641845703,105.75434875488281,0.19841766357421875,0.2833186984062195,0.29455628991127014,0.01123759150505066,0.0,0.0,0.0,0.0,0.0,0.0,0.579546332359314,0.5803537368774414,-0.0008074045181274414,0.1057000607252121,0.1057000607252121,114.38267588615417
crack0064_01.png,3.104585123062134,116.87340545654297,114.39710998535156,2.4762954711914062,103.23391723632812,103.24287414550781,-0.0089569091796875,0.20753365755081177,0.21270619332790375,0.00517253577709198,0.0,0.0,0.0,0.0033164024353027344,0.019505321979522705,0.01618891954421997,0.5809073448181152,0.5754556059837341,0.0054517388343811035,0.13111965358257294,0.13111965358257294,126.41953206062317
crack0064_02.png,0.012000799179077148,82.61934661865234,82.83534240722656,-0.21599578857421875,102.658447265625,102.22765350341797,0.43079376220703125,0.2387477606534958,0.23850178718566895,-0.00024597346782684326,0.0,0.0,0.0,0.0,0.0,0.0,0.58465975522995,0.5827758312225342,0.0018839240074157715,0.13528594374656677,0.13528594374656677,91.80362749099731
crack0064_03.png,3.6958163261413572,100.49639892578125,97.87705993652344,2.6193389892578125,108.28269958496094,107.74716186523438,0.5355377197265625,0.23420077562332153,0.24416205286979675,0.00996127724647522,0.0,0.0,0.0,0.0,0.0,0.0,0.5843445062637329,0.5827105045318604,0.0016340017318725586,0.12938076257705688,0.12938076257705688,108.50846314430237
crack0064_04.png,0.18175239562988277,108.11630249023438,106.59025573730469,1.5260467529296875,107.34776306152344,108.258056640625,-0.9102935791015625,0.22588150203227997,0.20957507193088531,-0.016306430101394653,0.0,0.0,0.0,0.0,0.0,0.0,0.5924952030181885,0.5843867659568787,0.008108437061309814,0.11533595621585846,0.11533595621585846,118.47858291864395
crack0064_05.png,3.2227084636688232,102.75527954101562,100.99286651611328,1.7624130249023438,104.1436996459961,103.54338073730469,0.6003189086914062,0.22918985784053802,0.2427368462085724,0.013546988368034363,0.0,0.0,0.0,0.0,0.0,0.0,0.5841099619865417,0.5806997418403625,0.0034102201461791992,0.1114705502986908,0.1114705502986908,111.48708003759384
crack0064_06.png,0.869234275817871,126.8420181274414,125.32984924316406,1.5121688842773438,104.03274536132812,104.29610443115234,-0.26335906982421875,0.2937125861644745,0.2869773209095001,-0.006735265254974365,0.0,0.0,0.0,0.0,0.0,0.0,0.5893656015396118,0.5893348455429077,3.075599670410156e-05,0.11630871891975403,0.11630871891975403,132.4419184923172
crack0064_07.png,3.607117509841919,91.70301055908203,90.656005859375,1.0470046997070312,106.94249725341797,106.4802474975586,0.462249755859375,0.17016887664794922,0.19764642417430878,0.027477547526359558,0.0,0.0,0.0,0.0,0.0,0.0,0.5845405459403992,0.5801153182983398,0.004425227642059326,0.10692232847213745,0.10692232847213745,104.35099744796753
crack0064_08.png,4.8308751583099365,105.7978515625,102.64049530029297,3.1573562622070312,102.1954345703125,102.02499389648438,0.170440673828125,0.21290896832942963,0.2289772629737854,0.016068294644355774,0.0,0.0,0.0,0.0,0.0,0.0,0.579750120639801,0.5717531442642212,0.007996976375579834,0.10253222286701202,0.10253222286701202,114.63464015722275
crack0064_09.png,2.2094993591308594,110.63360595703125,109.06842803955078,1.5651779174804688,104.26228332519531,103.89073181152344,0.371551513671875,0.2876138687133789,0.29117268323898315,0.003558814525604248,0.0,0.0,0.0,0.13909637928009033,0.11532610654830933,-0.023770272731781006,0.583398699760437,0.5781238079071045,0.0052748918533325195,0.10901565849781036,0.10901565849781036,115.93013286590576
crack0065_00.png,-3.8396084785461424,89.94609832763672,90.17191314697266,-0.2258148193359375,102.45742797851562,102.68794250488281,-0.2305145263671875,0.35157427191734314,0.3364437222480774,-0.015130549669265747,0.05801701545715332,0.0,-0.05801701545715332,0.28799915313720703,0.23463386297225952,-0.05336529016494751,0.5869819521903992,0.5867435336112976,0.0002384185791015625,0.16977302730083466,0.16977302730083466,93.35166049003601
crack0065_01.png,0.861512565612793,96.3995132446289,96.19037628173828,0.209136962890625,104.76715850830078,104.52666473388672,0.2404937744140625,0.14145953953266144,0.14799077808856964,0.006531238555908203,0.0,0.0,0.0,0.0,0.0,0.0,0.5859977006912231,0.585155725479126,0.000841975212097168,0.14008349180221558,0.14008349180221558,111.24728041887283
crack0065_02.png,-1.818437099456787,96.8488998413086,97.37843322753906,-0.5295333862304688,108.584716796875,107.984130859375,0.6005859375,0.29073163866996765,0.29231640696525574,0.001584768295288086,0.0965920090675354,0.053540825843811035,-0.043051183223724365,0.17294162511825562,0.13867157697677612,-0.03427004814147949,0.5850826501846313,0.5834294557571411,0.0016531944274902344,0.2562011480331421,0.2562011480331421,103.07307422161102
crack0065_03.png,1.8183375358581544,101.34146881103516,100.82003021240234,0.5214385986328125,107.20631408691406,107.02757263183594,0.178741455078125,0.15403030812740326,0.1670909970998764,0.013060688972473145,0.0,0.0,0.0,0.0,0.0,0.0,0.5853940844535828,0.5808804035186768,0.004513680934906006,0.15640142560005188,0.15640142560005188,115.25469440221786
crack0065_04.png,1.3901431083679199,100.6293716430664,100.38339233398438,0.24597930908203125,111.41725158691406,111.16234588623047,0.25490570068359375,0.27514761686325073,0.2851993441581726,0.010051727294921875,0.0,0.0,0.0,0.16612261533737183,0.1070665717124939,-0.05905604362487793,0.5874048471450806,0.581453263759613,0.005951583385467529,0.2003212720155716,0.2003212720155716,107.49371886253357
crack0065_05.png,-1.6870105743408204,96.22789764404297,97.36114501953125,-1.1332473754882812,104.35934448242188,104.36261749267578,-0.00327301025390625,0.30548369884490967,0.326385498046875,0.020901799201965332,0.0614050030708313,0.0,-0.0614050030708313,0.2328701615333557,0.14043492078781128,-0.09243524074554443,0.5838446617126465,0.5780546069145203,0.005790054798126221,0.1844850331544876,0.1844850331544876,101.81928586959839
crack0065_06.png,0.38901700973510744,95.35824584960938,95.22152709960938,0.13671875,107.65108489990234,106.64456176757812,1.0065231323242188,0.3096129894256592,0.3073938488960266,-0.0022191405296325684,0.0,0.0,0.0,0.11249107122421265,0.1273859143257141,0.014894843101501465,0.5872164368629456,0.5865359306335449,0.0006805062294006348,0.21376949548721313,0.21376949548721313,100.3349130153656
crack0065_07.png,1.395441722869873,104.52450561523438,104.24419403076172,0.28031158447265625,106.43302917480469,105.71078491210938,0.7222442626953125,0.24929460883140564,0.25878632068634033,0.009491711854934692,0.0,0.0,0.0,0.0,0.0,0.0,0.5783429145812988,0.5766705274581909,0.0016723871231079102,0.1386987268924713,0.1386987268924713,112.56038987636566
crack0065_08.png,1.0278100967407227,97.52345275878906,96.65059661865234,0.8728561401367188,105.24991607666016,104.81671905517578,0.433197021484375,0.2631378769874573,0.2618669271469116,-0.0012709498405456543,0.0,0.0,0.0,0.0,0.0,0.0,0.5830488204956055,0.5809650421142578,0.0020837783813476562,0.15920878946781158,0.15920878946781158,104.69696187973022
crack0065_09.png,1.4685361862182618,107.30448913574219,107.58650970458984,-0.28202056884765625,108.66239929199219,108.87240600585938,-0.2100067138671875,0.19490619003772736,0.21841295063495636,0.023506760597229004,0.0,0.0,0.0,0.0,0.0,0.0,0.5873664021492004,0.5885159373283386,-0.0011495351791381836,0.16055269539356232,0.16055269539356232,119.29176551103592
crack0066_00.png,-1.9178329467773434,132.36000061035156,134.65695190429688,-2.2969512939453125,120.44950103759766,117.57270812988281,2.8767929077148438,0.2501634359359741,0.23700979351997375,-0.013153642416000366,0.07664179801940918,0.07724237442016602,0.0006005764007568359,0.25455355644226074,0.2795843482017517,0.025030791759490967,0.5919492244720459,0.5855324864387512,0.006416738033294678,0.127351313829422,0.127351313829422,142.96585762500763
crack0066_01.png,0.5437016010284424,107.14410400390625,107.66212463378906,-0.5180206298828125,117.40040588378906,115.40580749511719,1.994598388671875,0.2338561862707138,0.2346201241016388,0.0007639378309249878,0.28051257133483887,0.2874079942703247,0.00689542293548584,0.372808039188385,0.3750980496406555,0.002290010452270508,0.5824183225631714,0.5842445492744446,-0.0018262267112731934,0.16142308712005615,0.16142308712005615,116.74152511358261
crack0066_02.png,-1.58301682472229,98.86210632324219,101.26264190673828,-2.4005355834960938,111.4644775390625,109.10318756103516,2.3612899780273438,0.2092881202697754,0.2064216583967209,-0.0028664618730545044,0.03357279300689697,0.03204387426376343,-0.001528918743133545,0.30854105949401855,0.3002995252609253,-0.008241534233093262,0.5891388058662415,0.5850518941879272,0.004086911678314209,0.12243487685918808,0.12243487685918808,111.24262684583664
crack0066_03.png,-1.7095762252807618,104.31791687011719,105.82963562011719,-1.51171875,109.36503601074219,108.29537963867188,1.0696563720703125,0.24685057997703552,0.23833337426185608,-0.008517205715179443,0.18402880430221558,0.1867581605911255,0.002729356288909912,0.35238683223724365,0.3599739074707031,0.007587075233459473,0.5804882645606995,0.5818262100219727,-0.0013379454612731934,0.1330152153968811,0.1330152153968811,114.04682219028473
crack0066_04.png,1.7123582363128662,137.37356567382812,136.67465209960938,0.69891357421875,116.58726501464844,115.78732299804688,0.7999420166015625,0.16487786173820496,0.17412234842777252,0.009244486689567566,0.29169416427612305,0.2854515314102173,-0.006242632865905762,0.35512906312942505,0.362454891204834,0.0073258280754089355,0.5885351896286011,0.5834448337554932,0.00509035587310791,0.1267601102590561,0.1267601102590561,150.6728447675705
crack0066_05.png,-2.0443859100341797,109.63286590576172,111.06138610839844,-1.4285202026367188,112.78915405273438,111.78558349609375,1.003570556640625,0.2738393545150757,0.26092132925987244,-0.012918025255203247,0.0,0.0,0.0,0.1759892702102661,0.14181524515151978,-0.03417402505874634,0.5784775018692017,0.5780737996101379,0.0004037022590637207,0.11652204394340515,0.11652204394340515,117.8309463262558
crack0066_06.png,-2.2687721729278563,101.6608657836914,103.67833709716797,-2.0174713134765625,112.50596618652344,109.53888702392578,2.9670791625976562,0.26094353199005127,0.24086381494998932,-0.02007971704006195,0.0,0.0,0.0,0.02077627182006836,0.06976044178009033,0.04898416996002197,0.5870357751846313,0.5828296542167664,0.00420612096786499,0.10958243161439896,0.10958243161439896,111.69920355081558
crack0066_07.png,1.5347710609436036,112.5383529663086,112.10807037353516,0.4302825927734375,119.61773681640625,117.8800048828125,1.73773193359375,0.244951531291008,0.24764685332775116,0.002695322036743164,0.0,0.0,0.0,0.13513845205307007,0.13151347637176514,-0.0036249756813049316,0.5912148952484131,0.5863706469535828,0.004844248294830322,0.12190040946006775,0.12190040946006775,121.27471560239792
crack0066_08.png,-1.942308473587036,109.61274719238281,111.69451904296875,-2.0817718505859375,111.49700164794922,109.71892547607422,1.778076171875,0.21862532198429108,0.2020423710346222,-0.016582950949668884,0.15917378664016724,0.1759001612663269,0.016726374626159668,0.33002156019210815,0.34008562564849854,0.01006406545639038,0.5850134491920471,0.5828680992126465,0.0021453499794006348,0.14106371998786926,0.14106371998786926,121.93162882328033
crack0066_09.png,-1.3461904048919677,108.25580596923828,109.5322494506836,-1.2764434814453125,114.41312408447266,113.03881072998047,1.3743133544921875,0.20070381462574005,0.18781766295433044,-0.012886151671409607,0.09124910831451416,0.09340697526931763,0.002157866954803467,0.283161997795105,0.28033339977264404,-0.0028285980224609375,0.5934832692146301,0.5853556394577026,0.00812762975692749,0.13129043579101562,0.13129043579101562,121.36429870128632
crack0067_00.png,0.1992915630340577,124.92138671875,123.66014099121094,1.2612457275390625,104.03016662597656,103.68312072753906,0.3470458984375,0.20314493775367737,0.17911233007907867,-0.024032607674598694,0.3045505881309509,0.32063186168670654,0.016081273555755615,0.4551611542701721,0.46089500188827515,0.005733847618103027,0.5866589546203613,0.5846943259239197,0.0019646286964416504,0.11632649600505829,0.11632649600505829,137.0103822350502
crack0067_01.png,2.404093027114868,113.31600189208984,113.13253784179688,0.18346405029296875,109.7418212890625,108.58589172363281,1.1559295654296875,0.24711884558200836,0.26769140362739563,0.020572558045387268,0.35755687952041626,0.3568810820579529,-0.0006757974624633789,0.4286145567893982,0.4429423213005066,0.014327764511108398,0.5890503525733948,0.5855632424354553,0.003487110137939453,0.15459060668945312,0.15459060668945312,121.95915323495865
crack0067_02.png,1.9924222946166994,113.66976165771484,111.83099365234375,1.8387680053710938,102.3018798828125,102.1693115234375,0.132568359375,0.3188687860965729,0.3306516408920288,0.011782854795455933,0.2601351737976074,0.23651307821273804,-0.023622095584869385,0.39923691749572754,0.3964155912399292,-0.00282132625579834,0.5810303688049316,0.578458309173584,0.0025720596313476562,0.1620991826057434,0.1620991826057434,116.85946524143219
crack0067_03.png,3.527289295196533,119.99671173095703,117.04067993164062,2.9560317993164062,104.88331604003906,103.57169342041016,1.3116226196289062,0.2503306567668915,0.23693546652793884,-0.013395190238952637,0.2520228624343872,0.27951323986053467,0.02749037742614746,0.39712995290756226,0.40598106384277344,0.008851110935211182,0.576993465423584,0.5765282511711121,0.00046521425247192383,0.12374517321586609,0.12374517321586609,127.38230645656586
crack0067_04.png,-1.0174046516418458,122.96627807617188,122.68553924560547,0.28073883056640625,104.73419189453125,104.24116516113281,0.4930267333984375,0.3248375654220581,0.2891978919506073,-0.035639673471450806,0.2039852738380432,0.23626983165740967,0.032284557819366455,0.3795453906059265,0.38901686668395996,0.009471476078033447,0.5857093334197998,0.5840983986854553,0.0016109347343444824,0.1310989260673523,0.1310989260673523,128.90240848064423
crack0067_05.png,1.4353301525115967,123.60572052001953,122.02168273925781,1.5840377807617188,106.59205627441406,106.8550796508789,-0.26302337646484375,0.23582138121128082,0.2335834801197052,-0.0022379010915756226,0.17952507734298706,0.1770002841949463,-0.0025247931480407715,0.33339041471481323,0.33080971240997314,-0.002580702304840088,0.5894771218299866,0.5835639834403992,0.005913138389587402,0.12368305027484894,0.12368305027484894,132.37777769565582
crack0067_06.png,5.138235664367675,140.13436889648438,137.44273376464844,2.6916351318359375,109.36517333984375,107.56568145751953,1.7994918823242188,0.15894941985607147,0.15752319991588593,-0.0014262199401855469,0.27788031101226807,0.3214038014411926,0.04352349042892456,0.40402716398239136,0.4159090518951416,0.011881887912750244,0.5865628719329834,0.5840638279914856,0.0024990439414978027,0.1147880107164383,0.1147880107164383,152.7996742129326
crack0067_07.png,-0.0006369590759276456,109.80020904541016,109.23107147216797,0.5691375732421875,102.07820892333984,101.27801513671875,0.8001937866210938,0.23129802942276,0.21006730198860168,-0.021230727434158325,0.27623021602630615,0.29418087005615234,0.01795065402984619,0.4207627773284912,0.42619597911834717,0.005433201789855957,0.5852210521697998,0.5829565525054932,0.0022644996643066406,0.12383198738098145,0.12383198738098145,120.32044422626495
crack0067_08.png,4.029293823242187,116.66581726074219,115.24425506591797,1.4215621948242188,101.48450469970703,100.78916931152344,0.6953353881835938,0.32542863488197327,0.3342991769313812,0.008870542049407959,0.18189680576324463,0.21996194124221802,0.03806513547897339,0.35704416036605835,0.3734194040298462,0.016375243663787842,0.5831757187843323,0.5807420015335083,0.0024337172508239746,0.16230374574661255,0.16230374574661255,119.75634682178497
crack0067_09.png,1.6214916229248046,126.53474426269531,125.11741638183594,1.417327880859375,102.21434020996094,101.53558349609375,0.6787567138671875,0.2602952718734741,0.2574044167995453,-0.002890855073928833,0.14162009954452515,0.14520317316055298,0.003583073616027832,0.3394707441329956,0.3465219736099243,0.007051229476928711,0.5792656540870667,0.578750491142273,0.0005151629447937012,0.10964419692754745,0.10964419692754745,133.55244147777557
crack0068_00.png,0.6318021774291993,113.67051696777344,113.21467590332031,0.455841064453125,109.71117401123047,109.04495239257812,0.6662216186523438,0.2617853581905365,0.2593522071838379,-0.0024331510066986084,0.4761139154434204,0.48210036754608154,0.005986452102661133,0.4344044327735901,0.43819165229797363,0.003787219524383545,0.5810073018074036,0.5843906402587891,-0.003383338451385498,0.17198505997657776,0.17198505997657776,121.25708961486816
crack0068_01.png,2.6064101696014403,109.90477752685547,108.66938018798828,1.2353973388671875,108.93672180175781,106.84983825683594,2.086883544921875,0.248554527759552,0.24445365369319916,-0.004100874066352844,0.4065254330635071,0.4215131402015686,0.014987707138061523,0.3807377219200134,0.3937481641769409,0.01301044225692749,0.5918569564819336,0.5852364301681519,0.006620526313781738,0.1656772494316101,0.1656772494316101,118.29413789510727
crack0068_02.png,-0.17778911590576174,109.57775115966797,109.8448486328125,-0.26709747314453125,105.37823486328125,104.75386047363281,0.6243743896484375,0.2693375051021576,0.26597490906715393,-0.003362596035003662,0.4695739150047302,0.4737182855606079,0.0041443705558776855,0.4542914032936096,0.4450732469558716,-0.009218156337738037,0.5870050191879272,0.5884352326393127,-0.001430213451385498,0.18394359946250916,0.18394359946250916,117.29021465778351
crack0068_03.png,1.6873356819152834,117.07814025878906,116.1512680053711,0.9268722534179688,110.28668212890625,108.44482421875,1.84185791015625,0.25355932116508484,0.25156933069229126,-0.001989990472793579,0.42766356468200684,0.4277075529098511,4.398822784423828e-05,0.4477907419204712,0.4440782070159912,-0.0037125349044799805,0.5921299457550049,0.5876009464263916,0.004528999328613281,0.1810351014137268,0.1810351014137268,125.2057421207428
crack0068_04.png,0.1829068183898926,122.78900909423828,123.19750213623047,-0.4084930419921875,105.90824890136719,105.28388977050781,0.624359130859375,0.2545659840106964,0.25371408462524414,-0.0008518993854522705,0.4108026623725891,0.4195291996002197,0.008726537227630615,0.4176274538040161,0.4127887487411499,-0.004838705062866211,0.5799423456192017,0.5784236788749695,0.0015186667442321777,0.1636948585510254,0.1636948585510254,130.9681043624878
crack0068_05.png,0.7816560745239258,139.3545684814453,138.85629272460938,0.4982757568359375,119.74247741699219,118.15141296386719,1.591064453125,0.226254403591156,0.21900317072868347,-0.007251232862472534,0.3322411775588989,0.33013206720352173,-0.0021091103553771973,0.3516048192977905,0.3464354872703552,-0.005169332027435303,0.5911072492599487,0.5833218097686768,0.007785439491271973,0.13876783847808838,0.13876783847808838,149.60953032970428
crack0068_06.png,-0.8758327484130859,137.9330291748047,137.2891845703125,0.6438446044921875,119.93374633789062,117.77898406982422,2.1547622680664062,0.23171868920326233,0.1997637152671814,-0.03195497393608093,0.4761156439781189,0.47573399543762207,-0.00038164854049682617,0.4609535336494446,0.44624197483062744,-0.014711558818817139,0.586251437664032,0.5814993977546692,0.004752039909362793,0.15039141476154327,0.15039141476154327,149.075341463089
crack0068_07.png,0.4953210830688477,128.6500244140625,128.28167724609375,0.36834716796875,117.44126892089844,115.72008514404297,1.7211837768554688,0.26002299785614014,0.25922074913978577,-0.0008022487163543701,0.40306782722473145,0.3901657462120056,-0.01290208101272583,0.37005823850631714,0.3599447011947632,-0.010113537311553955,0.5862476229667664,0.585778534412384,0.0004690885543823242,0.17055994272232056,0.17055994272232056,136.36251080036163
crack0068_08.png,2.0980386257171633,129.0155029296875,128.1831512451172,0.8323516845703125,114.77388763427734,113.11593627929688,1.6579513549804688,0.24681362509727478,0.24994145333766937,0.0031278282403945923,0.3610488772392273,0.36624574661254883,0.005196869373321533,0.3659476041793823,0.3631616234779358,-0.002785980701446533,0.5904959440231323,0.5868858098983765,0.0036101341247558594,0.17752787470817566,0.17752787470817566,137.41034734249115
crack0068_09.png,-1.1567395687103272,119.92912292480469,120.85567474365234,-0.9265518188476562,111.55848693847656,111.50228118896484,0.05620574951171875,0.22150041162967682,0.22162270545959473,0.00012229382991790771,0.4013926386833191,0.39325493574142456,-0.008137702941894531,0.37325483560562134,0.37122267484664917,-0.002032160758972168,0.5811418890953064,0.5795655250549316,0.0015763640403747559,0.1745554804801941,0.1745554804801941,130.34804970026016
crack0069_00.png,-2.8930988788604735,118.41081237792969,120.48619842529297,-2.0753860473632812,110.16653442382812,109.02635192871094,1.1401824951171875,0.2527380585670471,0.23516829311847687,-0.01756976544857025,0.0,0.0,0.0,0.245589017868042,0.227275550365448,-0.018313467502593994,0.593625545501709,0.5903306603431702,0.0032948851585388184,0.10762615501880646,0.10762615501880646,129.08342963457108
crack0069_01.png,-2.961889123916626,115.42667388916016,118.40557861328125,-2.9789047241210938,110.77325439453125,110.07240295410156,0.7008514404296875,0.21552500128746033,0.20486478507518768,-0.010660216212272644,0.15645629167556763,0.16854077577590942,0.012084484100341797,0.360639750957489,0.3769311308860779,0.016291379928588867,0.5837216377258301,0.5810688138008118,0.0026528239250183105,0.10248066484928131,0.10248066484928131,127.97310465574265
crack0069_02.png,-1.3390459537506103,133.36859130859375,134.87986755371094,-1.5112762451171875,107.70846557617188,106.33647918701172,1.3719863891601562,0.1951703280210495,0.19521313905715942,4.2811036109924316e-05,0.16374069452285767,0.15197646617889404,-0.011764228343963623,0.344295859336853,0.35960984230041504,0.015313982963562012,0.5812687277793884,0.5790042281150818,0.0022644996643066406,0.10698117315769196,0.10698117315769196,145.6647588610649
crack0069_03.png,-0.472373867034912,121.7640380859375,124.13695526123047,-2.3729171752929688,105.908447265625,105.07807922363281,0.8303680419921875,0.24455302953720093,0.25498199462890625,0.010428965091705322,0.10691595077514648,0.12325716018676758,0.016341209411621094,0.35901445150375366,0.3738836646080017,0.014869213104248047,0.580838143825531,0.5788273811340332,0.0020107626914978027,0.10339104384183884,0.10339104384183884,131.51084065437317
crack0069_04.png,0.2673220634460449,116.95256805419922,117.80660247802734,-0.854034423828125,104.50599670410156,103.72913360595703,0.7768630981445312,0.26392287015914917,0.2735922336578369,0.009669363498687744,0.0,0.0,0.0,0.25934886932373047,0.261189341545105,0.0018404722213745117,0.5793848633766174,0.578458309173584,0.0009265542030334473,0.09426037222146988,0.09426037222146988,124.71960759162903
crack0069_05.png,-1.9327119827270507,122.95467376708984,123.91010284423828,-0.9554290771484375,119.14073181152344,118.99441528320312,0.1463165283203125,0.2401331216096878,0.2256460040807724,-0.014487117528915405,0.30717724561691284,0.3115096092224121,0.004332363605499268,0.3502078652381897,0.34619414806365967,-0.004013717174530029,0.5821914672851562,0.5834448337554932,-0.001253366470336914,0.13773605227470398,0.13773605227470398,133.23142141103745
crack0069_06.png,-1.122020673751831,119.33000183105469,120.6220703125,-1.2920684814453125,105.36212158203125,105.19943237304688,0.162689208984375,0.15665729343891144,0.1566798985004425,2.2605061531066895e-05,0.18875277042388916,0.19213157892227173,0.0033788084983825684,0.3231881856918335,0.3279900550842285,0.0048018693923950195,0.5786927938461304,0.5794925093650818,-0.000799715518951416,0.12345391511917114,0.12345391511917114,133.75629884004593
crack0069_07.png,-0.6184961318969726,113.80597686767578,115.65082550048828,-1.8448486328125,110.706298828125,109.18283081054688,1.523468017578125,0.2121165543794632,0.2143414169549942,0.002224862575531006,0.16070979833602905,0.16624397039413452,0.005534172058105469,0.3240242004394531,0.34488892555236816,0.02086472511291504,0.5853556394577026,0.5799154043197632,0.005440235137939453,0.10851873457431793,0.10851873457431793,125.41563349962234
crack0069_08.png,0.05803160667419438,123.8859634399414,125.3707504272461,-1.4847869873046875,114.58381652832031,112.83985900878906,1.74395751953125,0.24333371222019196,0.23595568537712097,-0.007378026843070984,0.004658520221710205,0.0411798357963562,0.036521315574645996,0.33781421184539795,0.35263925790786743,0.014825046062469482,0.5783698558807373,0.5790042281150818,-0.0006343722343444824,0.09932678937911987,0.09932678937911987,133.63118493556976
crack0069_09.png,-0.5657907009124756,119.38475799560547,121.13048553466797,-1.7457275390625,111.48892211914062,110.59268951416016,0.8962326049804688,0.20354768633842468,0.2098759263753891,0.0063282400369644165,0.2116718888282776,0.2198014259338379,0.008129537105560303,0.29243022203445435,0.32062625885009766,0.02819603681564331,0.5851749181747437,0.5854248404502869,-0.0002499222755432129,0.11882707476615906,0.11882707476615906,131.4617542028427
crack0070_00.png,-1.3287084579467774,124.63742065429688,124.37519073486328,0.26222991943359375,112.8743896484375,113.49591064453125,-0.62152099609375,0.2546793520450592,0.23800596594810486,-0.016673386096954346,0.0,0.0,0.0,0.0,0.0,0.0,0.5824605822563171,0.5826720595359802,-0.00021147727966308594,0.0929703339934349,0.0929703339934349,133.532830119133
crack0070_01.png,-2.2348968505859377,123.30947875976562,121.43199157714844,1.8774871826171875,105.53852844238281,106.25947570800781,-0.720947265625,0.3203844726085663,0.27229028940200806,-0.04809418320655823,0.0,0.0,0.0,0.0,0.0,0.0,0.5834178924560547,0.5828296542167664,0.0005882382392883301,0.09318257868289948,0.09318257868289948,129.37003350257874
crack0070_02.png,-0.8444106578826904,119.65129852294922,117.06610870361328,2.5851898193359375,107.84072875976562,108.57917785644531,-0.7384490966796875,0.288485050201416,0.24692167341709137,-0.041563376784324646,0.0,0.0,0.0,0.0,0.0,0.0,0.5800115466117859,0.5752403140068054,0.004771232604980469,0.0891578197479248,0.0891578197479248,126.7438650727272
crack0070_03.png,-6.907741641998291,121.69331359863281,121.31361389160156,0.37969970703125,106.91448974609375,108.1544418334961,-1.2399520874023438,0.33618223667144775,0.24971842765808105,-0.0864638090133667,0.0,0.0,0.0,0.0,0.0,0.0,0.5815955400466919,0.5784544348716736,0.0031411051750183105,0.08928963541984558,0.08928963541984558,129.7841796875
crack0070_04.png,-3.208122730255127,121.30425262451172,121.12368774414062,0.18056488037109375,106.63241577148438,106.97512817382812,-0.34271240234375,0.35949641466140747,0.3180958926677704,-0.041400521993637085,0.0,0.0,0.0,0.0,0.0,0.0,0.5783775448799133,0.5768665671348572,0.0015109777450561523,0.09469710290431976,0.09469710290431976,125.26331841945648
crack0070_05.png,1.202483129501343,129.3740234375,126.27628326416016,3.0977401733398438,114.01830291748047,114.33560180664062,-0.31729888916015625,0.2133069783449173,0.18809625506401062,-0.025210723280906677,0.0,0.0,0.0,0.0,0.0,0.0,0.5869703888893127,0.5807573795318604,0.006213009357452393,0.08965452015399933,0.08965452015399933,140.01819360256195
crack0070_06.png,-0.9918575286865234,119.5290298461914,118.51177215576172,1.0172576904296875,107.97682189941406,108.22229766845703,-0.24547576904296875,0.4441346526145935,0.4179643392562866,-0.026170313358306885,0.0,0.0,0.0,0.0,0.0,0.0,0.5895886421203613,0.5850211381912231,0.004567503929138184,0.09480579942464828,0.09480579942464828,117.52608633041382
crack0070_07.png,-3.2485683441162108,112.97520446777344,114.72421264648438,-1.7490081787109375,106.52238464355469,106.91532897949219,-0.3929443359375,0.2775401473045349,0.2592148184776306,-0.018325328826904297,0.0,0.0,0.0,0.0,0.0,0.0,0.5813994407653809,0.5783083438873291,0.003091096878051758,0.08920380473136902,0.08920380473136902,121.5527970790863
crack0070_08.png,-0.2465510368347168,125.1269760131836,124.60040283203125,0.5265731811523438,107.2789306640625,107.55156707763672,-0.27263641357421875,0.2941244840621948,0.28329381346702576,-0.010830670595169067,0.0,0.0,0.0,0.0,0.0,0.0,0.5828412175178528,0.577781617641449,0.005059599876403809,0.09187768399715424,0.09187768399715424,131.1797093153
crack0070_09.png,0.9979325294494629,128.0879364013672,127.91498565673828,0.17295074462890625,109.62926483154297,109.11544036865234,0.513824462890625,0.2963307797908783,0.3024514615535736,0.0061206817626953125,0.0,0.0,0.0,0.0,0.0,0.0,0.5885890126228333,0.5853440761566162,0.003244936466217041,0.09104660898447037,0.09104660898447037,133.76517474651337
crack0071_00.png,6.548954629898072,130.54266357421875,126.55801391601562,3.984649658203125,119.68719482421875,117.38764190673828,2.2995529174804688,0.1768444925546646,0.19749665260314941,0.020652160048484802,0.0,0.0,0.0,0.0,0.0,0.0,0.5824682712554932,0.5826604962348938,-0.00019222497940063477,0.09117661416530609,0.09117661416530609,141.24608904123306
crack0071_01.png,4.395394039154053,139.9198455810547,138.6758575439453,1.243988037109375,125.14912414550781,120.09586334228516,5.053260803222656,0.16401395201683044,0.17705026268959045,0.01303631067276001,0.0,0.0,0.0,0.0,0.0,0.0,0.5884506106376648,0.5862706899642944,0.0021799206733703613,0.09329341351985931,0.09329341351985931,152.99503886699677
crack0071_02.png,3.9732587814331053,142.94639587402344,141.146484375,1.7999114990234375,120.56476593017578,117.39712524414062,3.1676406860351562,0.1063673198223114,0.11577171087265015,0.009404391050338745,0.0,0.0,0.0,0.0,0.0,0.0,0.5874279141426086,0.583579421043396,0.0038484930992126465,0.08960679918527603,0.08960679918527603,159.16151750087738
crack0071_03.png,3.951923274993897,155.65902709960938,154.08067321777344,1.5783538818359375,124.23957824707031,119.29041290283203,4.949165344238281,0.16067364811897278,0.16631445288658142,0.005640804767608643,0.0,0.0,0.0,0.0,0.0,0.0,0.58259516954422,0.5840291976928711,-0.001434028148651123,0.08884935826063156,0.08884935826063156,168.59059917926788
crack0071_04.png,3.355514574050904,140.25343322753906,138.52593994140625,1.7274932861328125,124.1083755493164,117.96858978271484,6.1397857666015625,0.19480276107788086,0.18322186172008514,-0.011580899357795715,0.0,0.0,0.0,0.0,0.0,0.0,0.5862168669700623,0.5837523937225342,0.002464473247528076,0.08938324451446533,0.08938324451446533,151.84504956007004
crack0071_05.png,0.009964609146118186,136.74867248535156,135.94610595703125,0.8025665283203125,115.10923767089844,114.77680969238281,0.332427978515625,0.2299325168132782,0.21890686452388763,-0.011025652289390564,0.0,0.0,0.0,0.0,0.0,0.0,0.5794463753700256,0.5805343985557556,-0.0010880231857299805,0.09053736925125122,0.09053736925125122,146.43435329198837
crack0071_06.png,5.181221652030945,157.28070068359375,155.52516174316406,1.7555389404296875,118.7123794555664,115.33638000488281,3.3759994506835938,0.07850506156682968,0.10224886238574982,0.023743800818920135,0.0,0.0,0.0,0.0,0.0,0.0,0.5922645330429077,0.5878700613975525,0.004394471645355225,0.08841351419687271,0.08841351419687271,175.38320884108543
crack0071_07.png,-1.4411011934280396,129.796630859375,132.38609313964844,-2.5894622802734375,121.77131652832031,118.13468933105469,3.636627197265625,0.12433601170778275,0.11961928009986877,-0.004716731607913971,0.0,0.0,0.0,0.0,0.0,0.0,0.5842137336730957,0.5824375152587891,0.0017762184143066406,0.09236839413642883,0.09236839413642883,147.28275454044342
crack0071_08.png,0.48144884109497066,136.7047119140625,135.52198791503906,1.1827239990234375,121.76231384277344,120.64234924316406,1.119964599609375,0.21702168881893158,0.2015428990125656,-0.015478789806365967,0.0,0.0,0.0,0.0,0.0,0.0,0.5859900116920471,0.5837639570236206,0.0022260546684265137,0.09277866780757904,0.09277866780757904,147.46037644147873
crack0071_09.png,2.8747743129730225,123.01927947998047,121.41936492919922,1.59991455078125,116.4817123413086,113.59648132324219,2.8852310180664062,0.224236860871315,0.22555804252624512,0.0013211816549301147,0.0,0.0,0.0,0.0,0.0,0.0,0.5797962546348572,0.5794194340705872,0.00037682056427001953,0.09516450762748718,0.09516450762748718,131.95696073770523
crack0072_00.png,2.2913310050964357,116.07379913330078,115.0064697265625,1.0673294067382812,109.41511535644531,108.97744750976562,0.4376678466796875,0.3004199266433716,0.30735066533088684,0.006930738687515259,0.5218652486801147,0.5275143384933472,0.005649089813232422,0.4815577268600464,0.48494577407836914,0.003388047218322754,0.5897693037986755,0.5830565094947815,0.006712794303894043,0.1973726600408554,0.1973726600408554,121.10571098327637
crack0072_01.png,2.075730323791504,111.70375061035156,109.57406616210938,2.1296844482421875,107.21929931640625,106.15423583984375,1.0650634765625,0.34898632764816284,0.33781319856643677,-0.011173129081726074,0.5431447625160217,0.5480974912643433,0.004952728748321533,0.49897390604019165,0.5029233694076538,0.003949463367462158,0.5890349745750427,0.5836409330368042,0.005394041538238525,0.18889354169368744,0.18889354169368744,113.93151545524597
crack0072_02.png,1.277303695678711,112.9918212890625,112.41148376464844,0.5803375244140625,105.98928833007812,105.29913330078125,0.690155029296875,0.28121206164360046,0.28913888335227966,0.0079268217086792,0.5367751121520996,0.5308365821838379,-0.005938529968261719,0.5083267688751221,0.5123580694198608,0.0040313005447387695,0.5839254260063171,0.5833179354667664,0.0006074905395507812,0.16502349078655243,0.16502349078655243,119.18594586849213
crack0072_03.png,2.986632204055786,111.32938385009766,109.2777099609375,2.0516738891601562,115.31370544433594,111.66610717773438,3.6475982666015625,0.25166210532188416,0.24379102885723114,-0.007871076464653015,0.5289500951766968,0.525704026222229,-0.0032460689544677734,0.46409958600997925,0.4694117307662964,0.005312144756317139,0.5863706469535828,0.5804844498634338,0.005886197090148926,0.15579535067081451,0.15579535067081451,119.13091105222702
crack0072_04.png,1.866412115097046,111.38338470458984,109.90494537353516,1.4784393310546875,103.48942565917969,102.41836547851562,1.0710601806640625,0.23839709162712097,0.24014319479465485,0.0017461031675338745,0.4992181658744812,0.49134284257888794,-0.007875323295593262,0.46868574619293213,0.46072834730148315,-0.007957398891448975,0.5842753052711487,0.5809034705162048,0.0033718347549438477,0.1598973125219345,0.1598973125219345,119.71135175228119
crack0072_05.png,2.4413360595703124,117.97484588623047,115.99159240722656,1.9832534790039062,101.78816223144531,101.02242279052734,0.7657394409179688,0.2715012729167938,0.27428001165390015,0.0027787387371063232,0.4793919324874878,0.47800207138061523,-0.0013898611068725586,0.467387318611145,0.47620677947998047,0.00881946086883545,0.5847712159156799,0.5851441621780396,-0.00037294626235961914,0.21360689401626587,0.21360689401626587,124.09890925884247
crack0072_06.png,4.2654242515563965,122.53207397460938,119.95831298828125,2.573760986328125,114.30584716796875,110.23480224609375,4.071044921875,0.2580750584602356,0.2600425183773041,0.0019674599170684814,0.5060398578643799,0.5046472549438477,-0.0013926029205322266,0.4771804213523865,0.48538434505462646,0.00820392370223999,0.5852518081665039,0.5862129926681519,-0.0009611845016479492,0.18629969656467438,0.18629969656467438,129.20920968055725
crack0072_07.png,2.916585159301758,131.5643310546875,130.3647003173828,1.1996307373046875,121.71509552001953,119.81521606445312,1.8998794555664062,0.24135065078735352,0.2500168979167938,0.008666247129440308,0.5389140844345093,0.538040280342102,-0.0008738040924072266,0.5212594270706177,0.5293573141098022,0.00809788703918457,0.6000538468360901,0.5925874710083008,0.007466375827789307,0.17512401938438416,0.17512401938438416,140.48563051223755
crack0072_08.png,-0.18943490982055655,104.94451904296875,104.58430480957031,0.3602142333984375,107.15164947509766,106.28286743164062,0.8687820434570312,0.3744809925556183,0.37886327505111694,0.004382282495498657,0.4808085560798645,0.44825392961502075,-0.03255462646484375,0.4906296133995056,0.4698675870895386,-0.02076202630996704,0.5837831497192383,0.582422137260437,0.0013610124588012695,0.1874488741159439,0.1874488741159439,105.64687836170197
crack0072_09.png,0.720023250579834,104.87369537353516,104.04084014892578,0.832855224609375,107.03441619873047,106.96115112304688,0.07326507568359375,0.33865877985954285,0.3345855474472046,-0.004073232412338257,0.5354515314102173,0.5338814854621887,-0.0015700459480285645,0.4913889765739441,0.48765408992767334,-0.003734886646270752,0.5928604602813721,0.5866973996162415,0.006163060665130615,0.1872614026069641,0.1872614026069641,108.09655332565308
crack0073_00.png,1.8559988021850584,100.32138061523438,98.82898712158203,1.4923934936523438,102.02346801757812,101.57025146484375,0.453216552734375,0.3653871715068817,0.37116020917892456,0.005773037672042847,0.4521062970161438,0.4442877173423767,-0.00781857967376709,0.48254168033599854,0.48164623975753784,-0.0008954405784606934,0.5815263390541077,0.5806958675384521,0.0008304715156555176,0.2245386391878128,0.2245386391878128,100.9130071401596
crack0073_01.png,1.6421871185302734,114.51117706298828,113.3287582397461,1.1824188232421875,112.62890625,111.39134216308594,1.2375640869140625,0.20968757569789886,0.210519477725029,0.000831902027130127,0.38217198848724365,0.37417495250701904,-0.00799703598022461,0.3177728056907654,0.3224727511405945,0.0046999454498291016,0.5902307033538818,0.584778904914856,0.005451798439025879,0.22010314464569092,0.22010314464569092,124.94794124364853
crack0073_02.png,-0.508864974975586,121.65245819091797,120.46588134765625,1.1865768432617188,107.58440399169922,107.77649688720703,-0.1920928955078125,0.17799913883209229,0.16632089018821716,-0.011678248643875122,0.3847799301147461,0.36648333072662354,-0.01829659938812256,0.3121115565299988,0.2936120629310608,-0.01849949359893799,0.5846943259239197,0.5835063457489014,0.0011879801750183105,0.13190746307373047,0.13190746307373047,134.46768939495087
crack0073_03.png,1.357168483734131,118.18978118896484,117.48887634277344,0.7009048461914062,106.6416015625,106.05746459960938,0.584136962890625,0.2499121129512787,0.2542646825313568,0.004352569580078125,0.4298858046531677,0.42648637294769287,-0.0033994317054748535,0.44989675283432007,0.44634658098220825,-0.0035501718521118164,0.5856785774230957,0.5804190635681152,0.005259513854980469,0.19915568828582764,0.19915568828582764,126.27174508571625
crack0073_04.png,0.07337684631347652,115.9188232421875,115.30720520019531,0.6116180419921875,108.94927978515625,109.74673461914062,-0.797454833984375,0.23466354608535767,0.22497320175170898,-0.009690344333648682,0.2984926700592041,0.3078474998474121,0.009354829788208008,0.23106694221496582,0.23324954509735107,0.002182602882385254,0.5909380912780762,0.5863937139511108,0.004544377326965332,0.16376402974128723,0.16376402974128723,125.75214576721191
crack0073_05.png,3.9229785919189455,123.15409088134766,121.12158203125,2.0325088500976562,105.54485321044922,104.49778747558594,1.0470657348632812,0.3061807155609131,0.3281501531600952,0.02196943759918213,0.4192386269569397,0.409576416015625,-0.009662210941314697,0.46239960193634033,0.46885204315185547,0.006452441215515137,0.5877277851104736,0.5852133631706238,0.0025144219398498535,0.15981093049049377,0.15981093049049377,127.27610492706299
crack0073_06.png,1.8046343803405762,113.51742553710938,112.36251831054688,1.1549072265625,106.18321228027344,105.7705078125,0.4127044677734375,0.2605384290218353,0.2581186592578888,-0.002419769763946533,0.34511685371398926,0.35972344875335693,0.014606595039367676,0.3532413840293884,0.3525708317756653,-0.0006705522537231445,0.5842868089675903,0.5819377303123474,0.00234907865524292,0.1777040809392929,0.1777040809392929,120.82432472705841
crack0073_07.png,0.7514030456542968,111.60526275634766,110.8336410522461,0.7716217041015625,104.13864135742188,104.3379135131836,-0.19927215576171875,0.21846474707126617,0.21734966337680817,-0.0011150836944580078,0.4372110962867737,0.4386140704154968,0.0014029741287231445,0.42154061794281006,0.4220956563949585,0.0005550384521484375,0.5892271995544434,0.5869127511978149,0.002314448356628418,0.15759572386741638,0.15759572386741638,121.74756008386612
crack0073_08.png,2.887806701660156,116.32485961914062,114.77986907958984,1.5449905395507812,101.97946166992188,100.807861328125,1.171600341796875,0.29652345180511475,0.30522021651268005,0.008696764707565308,0.27600276470184326,0.28271663188934326,0.0067138671875,0.3335558772087097,0.33473825454711914,0.0011823773384094238,0.5834947824478149,0.5857477784156799,-0.0022529959678649902,0.14721465110778809,0.14721465110778809,121.19086837768555
crack0073_09.png,2.6626749992370606,115.13784790039062,113.8397445678711,1.2981033325195312,98.07422637939453,97.43867492675781,0.6355514526367188,0.2630601227283478,0.27031466364860535,0.007254540920257568,0.35166579484939575,0.35867559909820557,0.0070098042488098145,0.39858055114746094,0.403814435005188,0.005233883857727051,0.5868166089057922,0.5805767178535461,0.006239891052246094,0.1392020434141159,0.1392020434141159,122.17785322666168
crack0074_00.png,0.05381097793579104,118.09093475341797,118.39030456542969,-0.29936981201171875,110.12532043457031,109.37693786621094,0.748382568359375,0.3049149215221405,0.3012365698814392,-0.003678351640701294,0.4846704602241516,0.4879634380340576,0.003292977809906006,0.39201951026916504,0.3968690037727356,0.004849493503570557,0.5872856378555298,0.5818762183189392,0.005409419536590576,0.21571511030197144,0.21571511030197144,123.65785098075867
crack0074_01.png,1.6943511009216308,107.69042205810547,107.12767791748047,0.562744140625,105.28810119628906,103.87809753417969,1.410003662109375,0.33121588826179504,0.33360299468040466,0.002387106418609619,0.32325321435928345,0.32747113704681396,0.004217922687530518,0.3557503819465637,0.3648620843887329,0.00911170244216919,0.5907227993011475,0.5855247974395752,0.005198001861572266,0.18947833776474,0.18947833776474,111.16500866413116
crack0074_02.png,0.9703731536865234,110.78709411621094,110.25941467285156,0.527679443359375,109.30455780029297,107.98894500732422,1.31561279296875,0.35016682744026184,0.355869323015213,0.005702495574951172,0.4025430679321289,0.38700777292251587,-0.015535295009613037,0.39930737018585205,0.39259183406829834,-0.006715536117553711,0.5877200961112976,0.5856785774230957,0.0020415186882019043,0.20457357168197632,0.20457357168197632,113.02204859256744
crack0074_03.png,4.388209438323974,109.23735046386719,108.17333221435547,1.0640182495117188,105.95369720458984,105.18558502197266,0.7681121826171875,0.2921161949634552,0.31061625480651855,0.018500059843063354,0.35175150632858276,0.3924972414970398,0.04074573516845703,0.33152782917022705,0.3666287660598755,0.03510093688964844,0.584486722946167,0.5868089199066162,-0.0023221969604492188,0.17842456698417664,0.17842456698417664,114.65072643756866
crack0074_04.png,0.7135313987731933,101.54859924316406,100.05144500732422,1.4971542358398438,103.64627838134766,102.23890686035156,1.4073715209960938,0.3088378310203552,0.3032587170600891,-0.005579113960266113,0.2684973478317261,0.24278485774993896,-0.02571249008178711,0.3592334985733032,0.35207802057266235,-0.007155478000640869,0.589434802532196,0.5862283706665039,0.0032064318656921387,0.18909123539924622,0.18909123539924622,106.18189120292664
crack0074_05.png,-1.2513343811035156,105.9866714477539,105.67240905761719,0.31426239013671875,113.98138427734375,113.22509002685547,0.7562942504882812,0.30430373549461365,0.3038669526576996,-0.0004367828369140625,0.3273332118988037,0.2814462184906006,-0.045886993408203125,0.2567460536956787,0.24919557571411133,-0.007550477981567383,0.5879392623901367,0.5878815650939941,5.7697296142578125e-05,0.13342323899269104,0.13342323899269104,111.11509358882904
crack0074_06.png,5.3546699523925785,102.99488830566406,100.2218017578125,2.7730865478515625,107.65465545654297,105.81938934326172,1.83526611328125,0.3185631036758423,0.33540600538253784,0.016842901706695557,0.3026546835899353,0.3177471160888672,0.015092432498931885,0.26379674673080444,0.2737712264060974,0.009974479675292969,0.5865897536277771,0.5891810655593872,-0.0025913119316101074,0.17109766602516174,0.17109766602516174,106.06180143356323
crack0074_07.png,1.324715518951416,100.02259826660156,99.14118957519531,0.88140869140625,104.28062438964844,103.03121948242188,1.2494049072265625,0.3892720639705658,0.38824453949928284,-0.001027524471282959,0.43323588371276855,0.42988109588623047,-0.003354787826538086,0.4310837984085083,0.4281134009361267,-0.002970397472381592,0.5871049761772156,0.583106517791748,0.003998458385467529,0.201755553483963,0.201755553483963,99.77142059803009
crack0074_08.png,2.9954545974731444,112.59307861328125,110.57244110107422,2.0206375122070312,112.97378540039062,111.32324981689453,1.6505355834960938,0.31516677141189575,0.31073153018951416,-0.004435241222381592,0.325655460357666,0.33838099241256714,0.012725532054901123,0.32588303089141846,0.334746778011322,0.008863747119903564,0.5925797820091248,0.5885697603225708,0.004010021686553955,0.18207916617393494,0.18207916617393494,116.64205932617188
crack0074_09.png,1.85588960647583,82.40729522705078,80.57988739013672,1.8274078369140625,107.15492248535156,105.66334533691406,1.4915771484375,0.2830989956855774,0.2749391496181488,-0.008159846067428589,0.38292139768600464,0.3827228546142578,-0.00019854307174682617,0.30263757705688477,0.3017345070838928,-0.0009030699729919434,0.585667073726654,0.5833525657653809,0.0023145079612731934,0.15298081934452057,0.15298081934452057,88.42392528057098
crack0075_00.png,3.2763849258422852,114.95036315917969,114.98686218261719,-0.0364990234375,105.96670532226562,105.29754638671875,0.669158935546875,0.3598097562789917,0.3952125608921051,0.0354028046131134,0.0,0.0,0.0,0.16475003957748413,0.1540113091468811,-0.010738730430603027,0.5836024880409241,0.578277587890625,0.005324900150299072,0.11406776309013367,0.11406776309013367,116.7241268157959
crack0075_01.png,0.4503486633300781,117.53938293457031,117.76122283935547,-0.22183990478515625,104.64817810058594,104.65089416503906,-0.002716064453125,0.3318932056427002,0.3381292223930359,0.006236016750335693,0.0,0.0,0.0,0.0,0.0,0.0,0.587527871131897,0.5831680297851562,0.004359841346740723,0.1139579713344574,0.1139579713344574,121.23782539367676
crack0075_02.png,3.1791726112365724,113.2643051147461,111.00797271728516,2.2563323974609375,107.27839660644531,106.67103576660156,0.60736083984375,0.43112531304359436,0.43639639019966125,0.0052710771560668945,0.0,0.0,0.0,0.19448226690292358,0.19065546989440918,-0.0038267970085144043,0.5867166519165039,0.5802614092826843,0.00645524263381958,0.11742189526557922,0.11742189526557922,109.73728621006012
crack0075_03.png,2.443447780609131,116.64969635009766,115.73426818847656,0.9154281616210938,111.06805419921875,108.87158203125,2.19647216796875,0.28864532709121704,0.3081813156604767,0.019535988569259644,0.09658336639404297,0.07047152519226074,-0.026111841201782227,0.17567801475524902,0.18017470836639404,0.0044966936111450195,0.5898308157920837,0.5865551829338074,0.003275632858276367,0.12712231278419495,0.12712231278419495,122.46649527549744
crack0075_04.png,-0.12295036315917973,114.7139892578125,113.84920501708984,0.8647842407226562,105.01577758789062,104.82781982421875,0.187957763671875,0.38907572627067566,0.3740379810333252,-0.015037745237350464,0.0,0.0,0.0,0.09634894132614136,0.08277595043182373,-0.013572990894317627,0.5844367742538452,0.5809342265129089,0.0035025477409362793,0.10492110997438431,0.10492110997438431,115.21678924560547
crack0075_05.png,1.2788383483886718,116.10874938964844,114.96566772460938,1.1430816650390625,104.94850158691406,104.13432312011719,0.814178466796875,0.357448011636734,0.3574211895465851,-2.682209014892578e-05,0.22320407629013062,0.21525341272354126,-0.007950663566589355,0.3178746700286865,0.33781564235687256,0.019940972328186035,0.5832333564758301,0.5799769163131714,0.0032564401626586914,0.15347734093666077,0.15347734093666077,117.421271443367
crack0075_06.png,2.5550510406494142,121.85638427734375,120.11664581298828,1.7397384643554688,106.82593536376953,106.02373504638672,0.8022003173828125,0.33346784114837646,0.3467753529548645,0.013307511806488037,0.0994110107421875,0.08088922500610352,-0.018521785736083984,0.28297561407089233,0.2811315059661865,-0.0018441081047058105,0.584667444229126,0.5803998708724976,0.004267573356628418,0.13118785619735718,0.13118785619735718,124.36514234542847
crack0075_07.png,4.988241481781006,109.09696960449219,105.87621307373047,3.2207565307617188,105.3058853149414,104.1560287475586,1.1498565673828125,0.39244234561920166,0.40774279832839966,0.015300452709197998,0.0,0.0,0.0,0.02119046449661255,0.018209755420684814,-0.0029807090759277344,0.5829949975013733,0.5809073448181152,0.0020876526832580566,0.11594834178686142,0.11594834178686142,107.25985050201416
crack0075_08.png,2.33311071395874,118.94351196289062,117.28781127929688,1.65570068359375,103.2281723022461,102.56127166748047,0.666900634765625,0.4014369547367096,0.4102022647857666,0.008765310049057007,0.13729417324066162,0.12867647409439087,-0.008617699146270752,0.3029850125312805,0.3056914210319519,0.0027064085006713867,0.5779315829277039,0.5765782594680786,0.0013533234596252441,0.14996811747550964,0.14996811747550964,117.14670765399933
crack0075_09.png,3.4890439987182615,115.25263977050781,113.28004455566406,1.97259521484375,106.15486907958984,105.47986602783203,0.6750030517578125,0.3739120066165924,0.4020959138870239,0.02818390727043152,0.02679443359375,0.0,-0.02679443359375,0.2547453045845032,0.23652249574661255,-0.018222808837890625,0.5794117450714111,0.5778239369392395,0.0015878081321716309,0.10911169648170471,0.10911169648170471,115.00809156894684
crack0076_00.png,3.473805236816407,93.76185607910156,93.2234878540039,0.5383682250976562,129.835693359375,122.13432312011719,7.7013702392578125,0.13012881577014923,0.15902455151081085,0.02889573574066162,0.1778581738471985,0.11694639921188354,-0.06091177463531494,0.026335179805755615,0.11346369981765747,0.08712852001190186,0.5894924998283386,0.5899999737739563,-0.0005074739456176758,0.10703563690185547,0.10703563690185547,109.28494197130203
crack0076_01.png,0.9467617034912109,87.67835998535156,87.27418518066406,0.4041748046875,107.03543090820312,108.3902359008789,-1.3548049926757812,0.2802097499370575,0.2887805998325348,0.008570849895477295,0.09159189462661743,0.09946757555007935,0.007875680923461914,0.10169953107833862,0.10022717714309692,-0.0014723539352416992,0.5883737206459045,0.5862783789634705,0.002095341682434082,0.10336180031299591,0.10336180031299591,94.19863641262054
crack0076_02.png,5.387173748016357,105.00972747802734,103.47496795654297,1.534759521484375,102.68121337890625,103.00631713867188,-0.325103759765625,0.13911856710910797,0.18189258873462677,0.0427740216255188,0.18627411127090454,0.1937207579612732,0.007446646690368652,0.11777722835540771,0.1709500551223755,0.05317282676696777,0.5919184684753418,0.5853517651557922,0.0065667033195495605,0.09635430574417114,0.09635430574417114,119.57197242975235
crack0076_03.png,2.899077606201172,117.46305847167969,116.54131317138672,0.9217453002929688,115.11396026611328,114.15875244140625,0.9552078247070312,0.1953047215938568,0.19536316394805908,5.844235420227051e-05,0.0,0.03571587800979614,0.03571587800979614,0.0,0.003236711025238037,0.003236711025238037,0.5987043380737305,0.5946558713912964,0.004048466682434082,0.0949261337518692,0.0949261337518692,129.232076048851
crack0076_04.png,-6.8104400634765625,170.7316131591797,178.4747314453125,-7.7431182861328125,208.48487854003906,210.16395568847656,-1.6790771484375,0.1449161022901535,0.16327445209026337,0.018358349800109863,0.0,0.0,0.0,0.0,0.0,0.0,0.5892156958580017,0.5858246684074402,0.0033910274505615234,0.11128204315900803,0.11128204315900803,189.47683399915695
crack0076_05.png,-0.9201129674911499,132.33770751953125,135.34547424316406,-3.0077667236328125,122.47119140625,119.97760009765625,2.49359130859375,0.12443757802248001,0.1332399696111679,0.008802391588687897,0.10632508993148804,0.11509144306182861,0.008766353130340576,0.11256545782089233,0.1569952368736267,0.044429779052734375,0.5914878845214844,0.5906035900115967,0.0008842945098876953,0.09628836810588837,0.09628836810588837,150.03485158085823
crack0076_06.png,-2.652696466445923,100.04025268554688,100.0718765258789,-0.03162384033203125,112.45295715332031,111.00770568847656,1.44525146484375,0.24970075488090515,0.2234262377023697,-0.02627451717853546,0.09026831388473511,0.06479495763778687,-0.025473356246948242,0.02642834186553955,0.0,-0.02642834186553955,0.5939792394638062,0.5959361791610718,-0.001956939697265625,0.09488722681999207,0.09488722681999207,110.48793751001358
crack0076_07.png,2.4588834762573244,105.3643569946289,105.16666412353516,0.19769287109375,129.6897430419922,122.49761962890625,7.1921234130859375,0.22354726493358612,0.2089347094297409,-0.014612555503845215,0.1662237048149109,0.17847329378128052,0.012249588966369629,0.08452785015106201,0.08541744947433472,0.0008895993232727051,0.5940753817558289,0.5924913287162781,0.0015840530395507812,0.09981957823038101,0.09981957823038101,116.49244326353073
crack0076_08.png,2.054460620880127,96.07382202148438,97.49061584472656,-1.4167938232421875,114.72013092041016,114.20504760742188,0.5150833129882812,0.252951443195343,0.2573813796043396,0.004429936408996582,0.17938321828842163,0.24908965826034546,0.06970643997192383,0.015315711498260498,0.0167466402053833,0.0014309287071228027,0.5915032625198364,0.5884390473365784,0.0030642151832580566,0.10019947588443756,0.10019947588443756,105.26526284217834
crack0076_09.png,-1.1343465328216553,92.02938079833984,92.06816101074219,-0.03878021240234375,109.13290405273438,110.08882141113281,-0.9559173583984375,0.22005340456962585,0.2064950317144394,-0.013558372855186462,0.17320221662521362,0.1804397702217102,0.007237553596496582,0.11112397909164429,0.14233964681625366,0.031215667724609375,0.586543619632721,0.584494411945343,0.0020492076873779297,0.0998496562242508,0.0998496562242508,103.12081378698349
crack0077_00.png,3.7014270782470704,129.191162109375,127.0055923461914,2.1855697631835938,103.7286605834961,103.09017181396484,0.63848876953125,0.1269790232181549,0.125654399394989,-0.0013246238231658936,0.23257791996002197,0.2619020938873291,0.02932417392730713,0.36966025829315186,0.3720983862876892,0.0024381279945373535,0.575897753238678,0.5710611343383789,0.004836618900299072,0.09440547227859497,0.09440547227859497,143.59502339363098
crack0077_01.png,2.29859881401062,125.0552749633789,123.841796875,1.2134780883789062,105.11970520019531,104.78207397460938,0.3376312255859375,0.17555774748325348,0.16480088233947754,-0.01075686514377594,0.23595881462097168,0.2790250778198242,0.04306626319885254,0.3360079526901245,0.3503350019454956,0.014327049255371094,0.5797693133354187,0.5775701403617859,0.0021991729736328125,0.10197828710079193,0.10197828710079193,137.75125551223755
crack0077_02.png,0.27745556831359863,129.99937438964844,131.1219482421875,-1.1225738525390625,110.36962890625,109.11016845703125,1.25946044921875,0.19582366943359375,0.20468531548976898,0.008861646056175232,0.0,0.0,0.0,0.11462849378585815,0.13066953420639038,0.016041040420532227,0.5860976576805115,0.5814148187637329,0.0046828389167785645,0.08671064674854279,0.08671064674854279,142.2551474571228
crack0077_03.png,2.2935176849365235,123.27495574951172,121.80793762207031,1.4670181274414062,109.5222396850586,107.01718139648438,2.5050582885742188,0.23389561474323273,0.23000510036945343,-0.003890514373779297,0.3041585087776184,0.30216503143310547,-0.0019934773445129395,0.35658109188079834,0.3634556531906128,0.006874561309814453,0.5873125791549683,0.581926167011261,0.005386412143707275,0.11632444709539413,0.11632444709539413,132.23364382982254
crack0077_04.png,1.865823793411255,137.2053985595703,136.42942810058594,0.775970458984375,106.43075561523438,104.67672729492188,1.7540283203125,0.18032900989055634,0.18112781643867493,0.0007988065481185913,0.0,0.0,0.0,0.23858994245529175,0.25982844829559326,0.021238505840301514,0.5927566289901733,0.5846481919288635,0.008108437061309814,0.09150942414999008,0.09150942414999008,149.70793789625168
crack0077_05.png,-1.8128432750701906,135.6409149169922,139.6000518798828,-3.959136962890625,109.68034362792969,108.42497253417969,1.25537109375,0.2198457419872284,0.23095162212848663,0.01110588014125824,0.014493763446807861,0.0290796160697937,0.01458585262298584,0.12780523300170898,0.20525455474853516,0.07744932174682617,0.5877431631088257,0.5834371447563171,0.004306018352508545,0.09232378005981445,0.09232378005981445,147.93946540355682
crack0077_06.png,4.820960760116577,131.2868194580078,131.3425750732422,-0.055755615234375,104.66987609863281,103.49899291992188,1.1708831787109375,0.20061975717544556,0.23399107158184052,0.03337131440639496,0.17158448696136475,0.2122597098350525,0.040675222873687744,0.2933342456817627,0.31388890743255615,0.020554661750793457,0.5861245393753052,0.5833333134651184,0.0027912259101867676,0.09345932304859161,0.09345932304859161,142.72249341011047
crack0077_07.png,4.919565963745117,143.66917419433594,142.11888122558594,1.55029296875,107.64623260498047,106.00279235839844,1.6434402465820312,0.21031276881694794,0.21047072112560272,0.00015795230865478516,0.16456782817840576,0.22774332761764526,0.0631754994392395,0.25088071823120117,0.2632087469100952,0.012328028678894043,0.5864667296409607,0.5821607112884521,0.004306018352508545,0.103543221950531,0.103543221950531,153.7339307665825
crack0077_08.png,2.1709039211273193,114.33975982666016,113.47538757324219,0.8643722534179688,103.61930084228516,103.50699615478516,0.1123046875,0.2409835159778595,0.24247519671916962,0.0014916807413101196,0.17846405506134033,0.2081589698791504,0.02969491481781006,0.2720683813095093,0.2968321442604065,0.024763762950897217,0.5799961686134338,0.5811342000961304,-0.0011380314826965332,0.11651606857776642,0.11651606857776642,122.69393074512482
crack0077_09.png,3.22784481048584,166.81710815429688,165.4663543701172,1.3507537841796875,107.61067962646484,107.35476684570312,0.25591278076171875,0.18252739310264587,0.17622783780097961,-0.00629955530166626,0.13916397094726562,0.1925210952758789,0.05335712432861328,0.3506544828414917,0.3610777258872986,0.010423243045806885,0.5884890556335449,0.5848789215087891,0.0036101341247558594,0.09343983978033066,0.09343983978033066,179.10762321949005
crack0078_00.png,-0.11345539093017576,98.50543975830078,98.27229309082031,0.23314666748046875,108.55391693115234,108.44918823242188,0.10472869873046875,0.45173752307891846,0.4422081410884857,-0.00952938199043274,0.0,0.0,0.0,0.0,0.0,0.0,0.5885967016220093,0.5792502760887146,0.009346425533294678,0.1053386777639389,0.1053386777639389,95.40024602413177
crack0078_01.png,-1.543454933166504,89.65328216552734,89.19436645507812,0.45891571044921875,107.85672760009766,108.53386688232422,-0.6771392822265625,0.46429067850112915,0.44225651025772095,-0.022034168243408203,0.0,0.0,0.0,0.0,0.0,0.0,0.5851979851722717,0.5844175219535828,0.0007804632186889648,0.11250545084476471,0.11250545084476471,86.29635310173035
crack0078_02.png,-0.9565232276916504,91.69217681884766,92.52812194824219,-0.8359451293945312,111.13243865966797,110.62435150146484,0.508087158203125,0.4699261784553528,0.46304112672805786,-0.006885051727294922,0.0,0.0,0.0,0.0,0.0,0.0,0.5862014889717102,0.5805267095565796,0.005674779415130615,0.11425267159938812,0.11425267159938812,87.77574133872986
crack0078_03.png,-1.2335707664489748,97.77031707763672,100.8101806640625,-3.0398635864257812,120.745361328125,120.54048156738281,0.2048797607421875,0.3914089500904083,0.4096202552318573,0.018211305141448975,0.0,0.0,0.0,0.0,0.0,0.0,0.5911265015602112,0.5844405889511108,0.006685912609100342,0.1041187196969986,0.1041187196969986,99.45077192783356
crack0078_04.png,1.2955409049987794,81.31774139404297,81.55393981933594,-0.23619842529296875,117.90351867675781,116.19611358642578,1.7074050903320312,0.43099093437194824,0.4379020631313324,0.006911128759384155,0.0,0.0,0.0,0.0,0.0,0.0,0.5855671167373657,0.5781699419021606,0.007397174835205078,0.10702013969421387,0.10702013969421387,78.99906921386719
crack0078_05.png,-2.303053283691406,93.59597778320312,95.06804656982422,-1.4720687866210938,119.0113296508789,117.74482727050781,1.2665023803710938,0.5430331230163574,0.5251868367195129,-0.017846286296844482,0.0,0.0,0.0,0.06896942853927612,0.07086396217346191,0.001894533634185791,0.5905036330223083,0.5882506966590881,0.002252936363220215,0.11311125755310059,0.11311125755310059,86.44094729423523
crack0078_06.png,0.7403889656066895,100.93865966796875,101.41529846191406,-0.4766387939453125,107.77995300292969,107.09904479980469,0.680908203125,0.4392627775669098,0.44803571701049805,0.008772939443588257,0.0,0.0,0.0,0.00031894445419311523,0.006754875183105469,0.0064359307289123535,0.5884275436401367,0.5823568105697632,0.006070733070373535,0.10800446569919586,0.10800446569919586,98.35831415653229
crack0078_07.png,1.1126238822937011,88.08164978027344,87.21176147460938,0.8698883056640625,107.12920379638672,107.35079193115234,-0.221588134765625,0.4006465971469879,0.4036007225513458,0.00295412540435791,0.0,0.0,0.0,0.16343051195144653,0.15392249822616577,-0.009508013725280762,0.5790196061134338,0.5766435861587524,0.0023760199546813965,0.10368189960718155,0.10368189960718155,86.76869404315948
crack0078_08.png,-2.4374566078186035,85.86656188964844,86.03255462646484,-0.16599273681640625,110.62108612060547,109.9971923828125,0.6238937377929688,0.47630736231803894,0.44248586893081665,-0.03382149338722229,0.0,0.0,0.0,0.0,0.0,0.0,0.5873932838439941,0.5827758312225342,0.004617452621459961,0.11764176934957504,0.11764176934957504,82.89613747596741
crack0078_09.png,-0.6345979690551757,97.74443054199219,99.49495697021484,-1.7505264282226562,115.34418487548828,115.41575622558594,-0.07157135009765625,0.4133251905441284,0.4280839264392853,0.01475873589515686,0.0,0.0,0.0,0.0,0.0,0.0,0.5795424580574036,0.5804460048675537,-0.0009035468101501465,0.1184007078409195,0.1184007078409195,97.03802251815796
crack0079_00.png,2.407503128051758,111.17155456542969,110.00827026367188,1.1632843017578125,109.31171417236328,107.22915649414062,2.0825576782226562,0.30200067162513733,0.3001164197921753,-0.0018842518329620361,0.0,0.0,0.0,0.0,0.0,0.0,0.5959169268608093,0.5818685293197632,0.014048397541046143,0.11766833066940308,0.11766833066940308,116.41960430145264
crack0079_01.png,2.6026827812194826,103.43023681640625,102.0445556640625,1.38568115234375,103.98246002197266,103.66686248779297,0.3155975341796875,0.3731233477592468,0.3863368630409241,0.013213515281677246,0.0,0.0,0.0,0.0,0.0,0.0,0.5790234804153442,0.5781814455986023,0.0008420348167419434,0.1287020593881607,0.1287020593881607,103.51093459129333
crack0079_02.png,2.9502437591552733,112.42924499511719,111.29144287109375,1.1378021240234375,125.50698852539062,123.53628540039062,1.970703125,0.2734927833080292,0.28265196084976196,0.009159177541732788,0.0,0.0,0.0,0.06778901815414429,0.043132662773132324,-0.024656355381011963,0.5904267430305481,0.5831410884857178,0.007285654544830322,0.12959221005439758,0.12959221005439758,119.06784665584564
crack0079_03.png,1.3039690017700196,107.73065185546875,107.12091827392578,0.6097335815429688,111.71858215332031,109.757080078125,1.9615020751953125,0.30264344811439514,0.301779180765152,-0.0008642673492431641,0.0,0.0,0.0,0.040884554386138916,0.043554067611694336,0.00266951322555542,0.5825067162513733,0.5830373167991638,-0.0005306005477905273,0.11826884746551514,0.11826884746551514,112.6405268907547
crack0079_04.png,3.5698742866516113,108.33689880371094,106.32514953613281,2.011749267578125,102.68131256103516,102.12722778320312,0.5540847778320312,0.34055325388908386,0.3549545109272003,0.014401257038116455,0.0,0.0,0.0,0.0,0.0,0.0,0.5762475728988647,0.5716378092765808,0.0046097636222839355,0.12117154896259308,0.12117154896259308,109.94773185253143
crack0079_05.png,2.2482409477233887,106.08414459228516,104.98535919189453,1.098785400390625,105.59552001953125,104.86332702636719,0.7321929931640625,0.3318227231502533,0.3441677689552307,0.012345045804977417,0.0,0.0,0.0,0.0,0.0,0.0,0.5738101005554199,0.5770857334136963,-0.003275632858276367,0.11443409323692322,0.11443409323692322,108.7088178396225
crack0079_06.png,3.876232624053955,107.52325439453125,105.40911865234375,2.1141357421875,109.12725830078125,108.21783447265625,0.909423828125,0.29946616291999817,0.3129967749118805,0.013530611991882324,0.0,0.0,0.0,0.0,0.0,0.0,0.5858784914016724,0.5779815316200256,0.007896959781646729,0.13142140209674835,0.13142140209674835,111.9333564043045
crack0079_07.png,-2.9355752944946287,73.9046859741211,75.45433807373047,-1.549652099609375,107.02104187011719,108.54534912109375,-1.5243072509765625,0.3516102433204651,0.3414483070373535,-0.010161936283111572,0.0,0.0,0.0,0.0,0.0,0.0,0.576505184173584,0.5755863189697266,0.0009188652038574219,0.119801826775074,0.119801826775074,77.25282096862793
crack0079_08.png,2.663057804107666,107.37061309814453,105.80052947998047,1.5700836181640625,111.47257232666016,110.35337829589844,1.1191940307617188,0.3288753926753998,0.3359823524951935,0.007106959819793701,0.0,0.0,0.0,0.07251971960067749,0.08637112379074097,0.013851404190063477,0.57857745885849,0.5766589641571045,0.001918494701385498,0.12669116258621216,0.12669116258621216,109.99614608287811
crack0079_09.png,3.9650473594665527,137.76162719726562,134.6455078125,3.116119384765625,150.21690368652344,149.4139862060547,0.80291748046875,0.26583123207092285,0.2717554271221161,0.005924195051193237,0.0,0.0,0.0,0.0,0.0,0.0,0.5919838547706604,0.5906382203102112,0.0013456344604492188,0.1260964274406433,0.1260964274406433,143.93304777145386
crack0080_00.png,1.3957472801208497,117.13758087158203,116.37004852294922,0.7675323486328125,106.75303649902344,105.38510131835938,1.3679351806640625,0.2529430091381073,0.2517118752002716,-0.0012311339378356934,0.35496121644973755,0.35143721103668213,-0.00352400541305542,0.22173058986663818,0.23554348945617676,0.013812899589538574,0.5878584980964661,0.579846203327179,0.00801229476928711,0.14699208736419678,0.14699208736419678,125.16544210910797
crack0080_01.png,2.6677608489990234,109.98046875,108.43302154541016,1.5474472045898438,105.68846130371094,105.14757537841797,0.5408859252929688,0.30348166823387146,0.30700719356536865,0.0035255253314971924,0.44009798765182495,0.45320838689804077,0.01311039924621582,0.25222712755203247,0.2666243314743042,0.014397203922271729,0.5872087478637695,0.5847712159156799,0.0024375319480895996,0.1518687754869461,0.1518687754869461,114.48619496822357
crack0080_02.png,-0.553957176208496,106.73799133300781,106.2398681640625,0.4981231689453125,102.61100006103516,102.29164123535156,0.31935882568359375,0.2878403663635254,0.2759406566619873,-0.011899709701538086,0.4754680395126343,0.4660463333129883,-0.009421706199645996,0.3009902238845825,0.2816961407661438,-0.01929408311843872,0.5878777503967285,0.5841522216796875,0.0037255287170410156,0.1693829447031021,0.1693829447031021,113.44760036468506
crack0080_03.png,2.2954365730285646,114.75457763671875,112.85411834716797,1.9004592895507812,108.83148956298828,107.91259765625,0.9188919067382812,0.3201538026332855,0.31558743119239807,-0.004566371440887451,0.4392716884613037,0.44734448194503784,0.00807279348373413,0.3121325373649597,0.3080979585647583,-0.004034578800201416,0.5877508521080017,0.5860053896903992,0.001745462417602539,0.1684994250535965,0.1684994250535965,118.37913620471954
crack0080_04.png,1.594207763671875,102.69892883300781,102.55596923828125,0.1429595947265625,100.437744140625,100.05917358398438,0.378570556640625,0.25049877166748047,0.25710350275039673,0.00660473108291626,0.3670418858528137,0.377327561378479,0.010285675525665283,0.22228628396987915,0.21561294794082642,-0.006673336029052734,0.5890580415725708,0.580057680606842,0.00900036096572876,0.16236761212348938,0.16236761212348938,111.15984439849854
crack0080_05.png,1.5357378005981446,96.3741683959961,96.44219207763672,-0.068023681640625,100.00187683105469,100.36965942382812,-0.3677825927734375,0.2891247570514679,0.3067712187767029,0.017646461725234985,0.46108466386795044,0.4699134826660156,0.008828818798065186,0.2812803387641907,0.30052512884140015,0.019244790077209473,0.5795040130615234,0.579853892326355,-0.00034987926483154297,0.1651114821434021,0.1651114821434021,102.25485050678253
crack0080_06.png,0.14042654037475588,115.5885009765625,115.02570343017578,0.5627975463867188,103.5903549194336,103.68940734863281,-0.09905242919921875,0.25724485516548157,0.2553699016571045,-0.0018749535083770752,0.3096827268600464,0.30167239904403687,-0.008010327816009521,0.21837013959884644,0.19192785024642944,-0.026442289352416992,0.5847674012184143,0.5825759172439575,0.002191483974456787,0.15667463839054108,0.15667463839054108,123.37560415267944
crack0080_07.png,0.7752065658569336,106.2393569946289,105.64237213134766,0.59698486328125,101.09608459472656,100.41195678710938,0.6841278076171875,0.3496076464653015,0.34740591049194336,-0.0022017359733581543,0.3963138461112976,0.3942407965660095,-0.002073049545288086,0.19691812992095947,0.2005244493484497,0.0036063194274902344,0.5823568105697632,0.5782660245895386,0.004090785980224609,0.150416299700737,0.150416299700737,108.3907823562622
crack0080_08.png,3.133194351196289,105.61376190185547,104.5879898071289,1.0257720947265625,105.3609848022461,104.84175109863281,0.5192337036132812,0.2919103503227234,0.30553242564201355,0.013622075319290161,0.28613221645355225,0.3052278757095337,0.019095659255981445,0.20330655574798584,0.20702844858169556,0.003721892833709717,0.5888543128967285,0.5877009034156799,0.001153409481048584,0.18797947466373444,0.18797947466373444,111.14042735099792
crack0080_09.png,-1.533531093597412,116.9179458618164,115.69335174560547,1.2245941162109375,105.5882568359375,105.08854675292969,0.4997100830078125,0.24827082455158234,0.24030469357967377,-0.00796613097190857,0.25121164321899414,0.19078689813613892,-0.060424745082855225,0.18825072050094604,0.17040085792541504,-0.017849862575531006,0.5889657735824585,0.586558997631073,0.002406775951385498,0.1369883120059967,0.1369883120059967,125.44599813222885
crack0081_00.png,1.5327524185180663,146.4228973388672,144.84512329101562,1.5777740478515625,104.35750579833984,103.27888488769531,1.0786209106445312,0.3236864507198334,0.3155275881290436,-0.008158862590789795,0.0,0.0,0.0,0.06477254629135132,0.073760986328125,0.008988440036773682,0.586732029914856,0.5823260545730591,0.004405975341796875,0.12015406787395477,0.12015406787395477,150.17163622379303
crack0081_01.png,1.9040592193603516,141.03533935546875,139.65220642089844,1.3831329345703125,103.410400390625,102.2090072631836,1.2013931274414062,0.3033028841018677,0.3025733530521393,-0.0007295310497283936,0.0,0.0,0.0,0.0,0.0058293938636779785,0.0058293938636779785,0.5827489495277405,0.5802806615829468,0.002468287944793701,0.1250830888748169,0.1250830888748169,145.49932968616486
crack0081_02.png,2.991238021850586,153.88327026367188,150.99618530273438,2.8870849609375,102.34814453125,102.21324157714844,0.1349029541015625,0.29281774163246155,0.29089996218681335,-0.0019177794456481934,0.0,0.0,0.0,0.036185264587402344,0.022335290908813477,-0.013849973678588867,0.5789888501167297,0.5738984942436218,0.00509035587310791,0.10489100217819214,0.10489100217819214,158.1452840566635
crack0081_03.png,3.6984434127807617,148.68191528320312,145.5873260498047,3.0945892333984375,104.54588317871094,104.43975830078125,0.1061248779296875,0.28253641724586487,0.28188085556030273,-0.0006555616855621338,0.018214046955108643,0.02932727336883545,0.011113226413726807,0.0539279580116272,0.0648687481880188,0.010940790176391602,0.584494411945343,0.5802614092826843,0.004233002662658691,0.11181730031967163,0.11181730031967163,153.60154581069946
crack0081_04.png,0.3820316314697266,134.35386657714844,133.91458129882812,0.4392852783203125,103.36717224121094,103.41400909423828,-0.04683685302734375,0.26634418964385986,0.2641114294528961,-0.002232760190963745,0.0,0.0,0.0,0.0,0.0,0.0,0.5831142067909241,0.5796116590499878,0.0035025477409362793,0.10387218743562698,0.10387218743562698,141.61210644245148
crack0081_05.png,4.013888835906982,144.4750213623047,140.8199005126953,3.655120849609375,104.95105743408203,104.24942016601562,0.7016372680664062,0.3006695806980133,0.3006771206855774,7.539987564086914e-06,0.0,0.0,0.0,0.0,0.0,0.0,0.5862937569618225,0.5843560099601746,0.0019377470016479492,0.11472532898187637,0.11472532898187637,148.0590363740921
crack0081_06.png,3.712338924407959,151.85507202148438,148.94969177246094,2.9053802490234375,105.70489501953125,104.45405578613281,1.2508392333984375,0.26179230213165283,0.264358252286911,0.0025659501552581787,0.0,0.0,0.0,0.0,0.0,0.0,0.5850634574890137,0.5825297832489014,0.0025336742401123047,0.11142060905694962,0.11142060905694962,158.09738206863403
crack0081_07.png,2.9728228569030763,149.56265258789062,146.2048797607422,3.3577728271484375,105.35037231445312,104.86952209472656,0.4808502197265625,0.2939927577972412,0.29110804200172424,-0.0028847157955169678,0.1241561770439148,0.10871517658233643,-0.01544100046157837,0.15245962142944336,0.15934693813323975,0.006887316703796387,0.5895847678184509,0.5828065872192383,0.0067781805992126465,0.12689070403575897,0.12689070403575897,154.000674366951
crack0081_08.png,2.7039676666259767,144.16758728027344,141.93365478515625,2.2339324951171875,104.13492584228516,103.26332092285156,0.8716049194335938,0.2903881072998047,0.2912134826183319,0.0008253753185272217,0.0,0.0,0.0,0.008389294147491455,0.0,-0.008389294147491455,0.5851172804832458,0.5837332010269165,0.0013840794563293457,0.1145155057311058,0.1145155057311058,149.0320258140564
crack0081_09.png,4.2295122146606445,143.2244873046875,140.19920349121094,3.0252838134765625,106.15193939208984,104.961181640625,1.1907577514648438,0.31435418128967285,0.3130759596824646,-0.001278221607208252,0.06150639057159424,0.07577884197235107,0.014272451400756836,0.11784738302230835,0.1261730194091797,0.008325636386871338,0.5893271565437317,0.5828450322151184,0.006482124328613281,0.13231217861175537,0.13231217861175537,146.5003740787506
crack0082_00.png,1.314601230621338,121.9231185913086,121.21224212646484,0.71087646484375,109.83743286132812,109.98213195800781,-0.1446990966796875,0.4319322407245636,0.43809711933135986,0.006164878606796265,0.3308943510055542,0.33858799934387207,0.007693648338317871,0.2264668345451355,0.22906219959259033,0.002595365047454834,0.5784006118774414,0.5818839073181152,-0.003483295440673828,0.15502309799194336,0.15502309799194336,118.92710220813751
crack0082_01.png,2.0719837188720707,121.44745635986328,119.84011840820312,1.6073379516601562,121.42264556884766,117.26785278320312,4.154792785644531,0.2877342998981476,0.3031568229198456,0.015422523021697998,0.3107331395149231,0.24740731716156006,-0.06332582235336304,0.13554829359054565,0.11300373077392578,-0.022544562816619873,0.5893579125404358,0.5868089199066162,0.00254899263381958,0.13221296668052673,0.13221296668052673,126.95404589176178
crack0082_02.png,1.3488860130310059,123.65531921386719,123.54925537109375,0.1060638427734375,111.2449722290039,109.56723022460938,1.6777420043945312,0.4410027265548706,0.443445086479187,0.0024423599243164062,0.4616435766220093,0.4675303101539612,0.005886733531951904,0.3225478529930115,0.31726986169815063,-0.00527799129486084,0.5858938694000244,0.5823721885681152,0.0035216808319091797,0.14177794754505157,0.14177794754505157,120.57787847518921
crack0082_03.png,-1.190928840637207,137.67274475097656,136.8928680419922,0.779876708984375,113.59596252441406,113.33993530273438,0.2560272216796875,0.38747426867485046,0.378754198551178,-0.008720070123672485,0.30454564094543457,0.26656824350357056,-0.037977397441864014,0.22225236892700195,0.2090083360671997,-0.013244032859802246,0.5825644135475159,0.5789772868156433,0.0035871267318725586,0.11471986770629883,0.11471986770629883,137.86013102531433
crack0082_04.png,2.410335922241211,117.94691467285156,117.08406829833984,0.8628463745117188,114.11708068847656,114.01639556884766,0.10068511962890625,0.4949966073036194,0.5137872099876404,0.018790602684020996,0.434572696685791,0.42766690254211426,-0.006905794143676758,0.35627347230911255,0.3554037809371948,-0.0008696913719177246,0.5986658930778503,0.5916609168052673,0.007004976272583008,0.1391661912202835,0.1391661912202835,111.76233077049255
crack0082_05.png,1.3280609130859375,148.86016845703125,148.91311645507812,-0.052947998046875,123.99455261230469,122.41561889648438,1.5789337158203125,0.29062941670417786,0.2988050878047943,0.008175671100616455,0.3566833734512329,0.356641948223114,-4.1425228118896484e-05,0.1141352653503418,0.1266099214553833,0.012474656105041504,0.5857170224189758,0.5832910537719727,0.002425968647003174,0.1271766722202301,0.1271766722202301,154.87755835056305
crack0082_06.png,2.5344499588012694,118.38385772705078,117.83817291259766,0.545684814453125,107.40653991699219,106.79159545898438,0.6149444580078125,0.41203001141548157,0.4126504361629486,0.000620424747467041,0.3841865062713623,0.4241277575492859,0.039941251277923584,0.20971304178237915,0.2477361559867859,0.03802311420440674,0.5837793350219727,0.5813917517662048,0.0023875832557678223,0.1341257095336914,0.1341257095336914,116.74038803577423
crack0082_07.png,1.0710768699645996,126.6941146850586,125.96475982666016,0.7293548583984375,115.77571868896484,114.86194610595703,0.9137725830078125,0.33700263500213623,0.344417005777359,0.007414370775222778,0.34863990545272827,0.32926416397094727,-0.019375741481781006,0.2852262258529663,0.27391868829727173,-0.01130753755569458,0.5960361361503601,0.5920838117599487,0.003952324390411377,0.15633755922317505,0.15633755922317505,129.9507246017456
crack0082_08.png,-0.8382122993469239,123.65343475341797,124.50225830078125,-0.8488235473632812,115.7726058959961,114.93065643310547,0.841949462890625,0.3311838209629059,0.3213281035423279,-0.009855717420578003,0.40985965728759766,0.4203057885169983,0.010446131229400635,0.23836028575897217,0.23396772146224976,-0.004392564296722412,0.5899961590766907,0.5888850688934326,0.0011110901832580566,0.13020670413970947,0.13020670413970947,128.39800667762756
crack0082_09.png,2.004851818084717,115.87429809570312,115.78072357177734,0.09357452392578125,111.68463134765625,110.37916564941406,1.3054656982421875,0.42571476101875305,0.4331131875514984,0.007398426532745361,0.38353556394577026,0.40065550804138184,0.017119944095611572,0.2501298785209656,0.266714870929718,0.01658499240875244,0.5840253829956055,0.5812149047851562,0.0028104782104492188,0.12393530458211899,0.12393530458211899,113.64564049243927
crack0083_00.png,2.193107032775879,96.14386749267578,95.09483337402344,1.0490341186523438,105.97618865966797,104.65472412109375,1.3214645385742188,0.37216269969940186,0.3668273091316223,-0.005335390567779541,0.3611583709716797,0.38459813594818115,0.023439764976501465,0.3231881856918335,0.3310093879699707,0.007821202278137207,0.5858631134033203,0.5832449197769165,0.0026181936264038086,0.23411314189434052,0.23411314189434052,97.04423642158508
crack0083_01.png,0.8045033454895019,94.17550659179688,93.12358093261719,1.0519256591796875,104.91603088378906,104.02413940429688,0.8918914794921875,0.44618719816207886,0.4455393850803375,-0.000647813081741333,0.3888012170791626,0.3728354573249817,-0.015965759754180908,0.32764768600463867,0.31816816329956055,-0.009479522705078125,0.5837639570236206,0.5816070437431335,0.0021569132804870605,0.19021782279014587,0.19021782279014587,90.2677389383316
crack0083_02.png,0.6856138229370117,100.06292724609375,99.2856674194336,0.7772598266601562,104.19224548339844,103.55388641357422,0.6383590698242188,0.3586392104625702,0.3508628308773041,-0.007776379585266113,0.45014429092407227,0.4591330289840698,0.008988738059997559,0.37524157762527466,0.37565821409225464,0.00041663646697998047,0.5850096344947815,0.5871203541755676,-0.002110719680786133,0.20598915219306946,0.20598915219306946,102.10734164714813
crack0083_03.png,3.5937173843383787,100.30139923095703,97.70044708251953,2.6009521484375,107.24490356445312,105.48221588134766,1.7626876831054688,0.3041844367980957,0.3033989369869232,-0.0007854998111724854,0.4738767743110657,0.4808407425880432,0.006963968276977539,0.2929469347000122,0.2882689833641052,-0.004677951335906982,0.5862898826599121,0.5844905972480774,0.0017992854118347168,0.15810513496398926,0.15810513496398926,104.24858224391937
crack0083_04.png,5.7995000839233395,97.10636138916016,95.6722183227539,1.43414306640625,103.81066131591797,102.2577133178711,1.552947998046875,0.2551043927669525,0.3141796886920929,0.05907529592514038,0.3883710503578186,0.35951119661331177,-0.028859853744506836,0.20168662071228027,0.24416548013687134,0.042478859424591064,0.5822567939758301,0.5779430866241455,0.00431370735168457,0.15646833181381226,0.15646833181381226,104.37329804897308
crack0083_05.png,-0.6254301071166992,96.5710678100586,96.17213439941406,0.39893341064453125,108.21922302246094,108.0617904663086,0.15743255615234375,0.31915512681007385,0.32139310240745544,0.002237975597381592,0.35954999923706055,0.32769840955734253,-0.03185158967971802,0.24598979949951172,0.24683737754821777,0.0008475780487060547,0.586251437664032,0.5860592126846313,0.00019222497940063477,0.16565732657909393,0.16565732657909393,100.67235100269318
crack0083_06.png,-0.7709846496582031,102.51937103271484,101.4172134399414,1.1021575927734375,104.62850952148438,104.29975891113281,0.3287506103515625,0.37833309173583984,0.355852872133255,-0.02248021960258484,0.40882688760757446,0.40078771114349365,-0.00803917646408081,0.2900974750518799,0.2829509377479553,-0.0071465373039245605,0.5874933004379272,0.5846097469329834,0.0028835535049438477,0.2267361581325531,0.2267361581325531,104.11685192584991
crack0083_07.png,4.119275188446045,104.26398468017578,103.16858673095703,1.09539794921875,107.1945571899414,105.97962951660156,1.2149276733398438,0.3439008295536041,0.3554874360561371,0.011586606502532959,0.4210456609725952,0.45733314752578735,0.03628748655319214,0.33356285095214844,0.3393034338951111,0.0057405829429626465,0.5838485360145569,0.579861581325531,0.003986954689025879,0.17946366965770721,0.17946366965770721,106.43617737293243
crack0083_08.png,0.3571736335754394,98.09688568115234,97.49246978759766,0.6044158935546875,102.15583038330078,101.7603530883789,0.395477294921875,0.3067692816257477,0.30057406425476074,-0.0061952173709869385,0.37414997816085815,0.3768851161003113,0.002735137939453125,0.31484824419021606,0.3135796785354614,-0.0012685656547546387,0.575101912021637,0.5755824446678162,-0.0004805326461791992,0.18124693632125854,0.18124693632125854,102.783531665802
crack0083_09.png,3.0750393867492676,96.30255126953125,94.70299530029297,1.5995559692382812,108.57156372070312,107.54449462890625,1.027069091796875,0.273529589176178,0.279603511095047,0.0060739219188690186,0.31255042552948,0.3237471580505371,0.011196732521057129,0.17655950784683228,0.18142741918563843,0.004867911338806152,0.5814993977546692,0.5782275795936584,0.003271818161010742,0.15730604529380798,0.15730604529380798,102.3509738445282
crack0084_00.png,-0.10647869110107422,106.24263000488281,106.71932220458984,-0.47669219970703125,116.45650482177734,114.77090454101562,1.6856002807617188,0.37262195348739624,0.3708662688732147,-0.0017556846141815186,0.3763010501861572,0.3722924590110779,-0.004008591175079346,0.32269716262817383,0.31597375869750977,-0.0067234039306640625,0.5869973301887512,0.5870780348777771,-8.07046890258789e-05,0.1696181297302246,0.1696181297302246,107.71212136745453
crack0084_01.png,1.7576264381408693,113.2740478515625,113.10126495361328,0.17278289794921875,122.25,119.62013244628906,2.6298675537109375,0.34168004989624023,0.34689971804618835,0.00521966814994812,0.31883537769317627,0.3219183683395386,0.0030829906463623047,0.3443272113800049,0.34417831897735596,-0.00014889240264892578,0.5851518511772156,0.5853517651557922,-0.00019991397857666016,0.22528910636901855,0.22528910636901855,116.10092401504517
crack0084_02.png,0.32900362014770507,120.14925384521484,119.88819885253906,0.26105499267578125,111.55256652832031,111.28306579589844,0.269500732421875,0.33555087447166443,0.335736483335495,0.0001856088638305664,0.2145169973373413,0.20675575733184814,-0.007761240005493164,0.20607054233551025,0.20961594581604004,0.003545403480529785,0.5870665311813354,0.5806728005409241,0.006393730640411377,0.1387006938457489,0.1387006938457489,123.3683351278305
crack0084_03.png,1.0646173000335692,136.94146728515625,135.59239196777344,1.3490753173828125,130.2350311279297,130.21884155273438,0.0161895751953125,0.2169792354106903,0.21276970207691193,-0.004209533333778381,0.0,0.0,0.0,0.0,0.0,0.0,0.5953518152236938,0.5942060947418213,0.0011457204818725586,0.2013077288866043,0.2013077288866043,147.31482011079788
crack0084_04.png,-0.1499832153320313,121.07431030273438,122.28645324707031,-1.2121429443359375,123.36421203613281,120.75773620605469,2.606475830078125,0.26803353428840637,0.26738426089286804,-0.0006492733955383301,0.0,0.0,0.0,0.05857682228088379,0.08802199363708496,0.029445171356201172,0.5902191400527954,0.5884313583374023,0.0017877817153930664,0.18330229818820953,0.18330229818820953,129.24609172344208
crack0084_05.png,2.043647575378418,109.34925079345703,109.5722885131836,-0.2230377197265625,119.83474731445312,118.39947509765625,1.435272216796875,0.3663666844367981,0.3715163469314575,0.005149662494659424,0.33889245986938477,0.36831241846084595,0.02941995859146118,0.2873866558074951,0.3134850263595581,0.02609837055206299,0.5903190970420837,0.587723970413208,0.0025951266288757324,0.18928062915802002,0.18928062915802002,111.09153246879578
crack0084_06.png,-0.5866734504699707,110.61530303955078,111.05303955078125,-0.43773651123046875,108.50381469726562,108.7796630859375,-0.275848388671875,0.3156357407569885,0.31325969099998474,-0.002376049757003784,0.19130229949951172,0.19435513019561768,0.003052830696105957,0.2041218876838684,0.22079718112945557,0.016675293445587158,0.5881314873695374,0.5873971581459045,0.0007343292236328125,0.19481316208839417,0.19481316208839417,115.56384932994843
crack0084_07.png,0.3933947563171387,111.87752532958984,111.80654907226562,0.07097625732421875,115.14985656738281,114.25985717773438,0.8899993896484375,0.25167468190193176,0.25882405042648315,0.007149368524551392,0.11760807037353516,0.09959012269973755,-0.018017947673797607,0.12545537948608398,0.12496274709701538,-0.0004926323890686035,0.590576708316803,0.5876970291137695,0.0028796792030334473,0.1542603224515915,0.1542603224515915,120.36462461948395
crack0084_08.png,-0.3688132286071777,115.72095489501953,116.26840209960938,-0.5474472045898438,114.07167053222656,114.06683349609375,0.0048370361328125,0.2797548174858093,0.280025839805603,0.00027102231979370117,0.0,0.0,0.0,0.0,0.0,0.0,0.591191828250885,0.5873163938522339,0.003875434398651123,0.1757432222366333,0.1757432222366333,122.8570625782013
crack0084_09.png,2.767433261871338,106.77202606201172,105.7083969116211,1.063629150390625,112.59781646728516,110.93778991699219,1.6600265502929688,0.2622276842594147,0.27236729860305786,0.010139614343643188,0.25664979219436646,0.26127350330352783,0.004623711109161377,0.24970173835754395,0.2696342468261719,0.01993250846862793,0.5878162384033203,0.5867243409156799,0.0010918974876403809,0.1875666081905365,0.1875666081905365,114.01919996738434
crack0085_00.png,5.202211380004883,99.06919860839844,96.82362365722656,2.245574951171875,101.39462280273438,100.2817611694336,1.1128616333007812,0.2692008912563324,0.2980647385120392,0.028863847255706787,0.0,0.0,0.0,0.0,0.0,0.0,0.5831564664840698,0.578096866607666,0.005059599876403809,0.12425938248634338,0.12425938248634338,105.12061631679535
crack0085_01.png,0.3195991516113281,117.01386260986328,117.95506286621094,-0.9412002563476562,107.43065643310547,106.17222595214844,1.2584304809570312,0.2893517315387726,0.2969895303249359,0.00763779878616333,0.0,0.0,0.0,0.028058111667633057,0.020217716693878174,-0.007840394973754883,0.5821260809898376,0.57846599817276,0.0036600828170776367,0.13767839968204498,0.13767839968204498,123.40840208530426
crack0085_02.png,3.2700833320617675,111.82363891601562,109.99561309814453,1.8280258178710938,104.57424926757812,103.7642593383789,0.8099899291992188,0.26520586013793945,0.274366170167923,0.00916031002998352,0.0,0.0,0.0,0.0,0.0,0.0,0.5844290852546692,0.5747981667518616,0.009630918502807617,0.12031131982803345,0.12031131982803345,118.37443780899048
crack0085_03.png,2.0457040786743166,87.19319915771484,86.27821350097656,0.9149856567382812,99.58111572265625,98.80439758300781,0.7767181396484375,0.3177200257778168,0.3241834044456482,0.006463378667831421,0.0,0.0,0.0,0.0,0.0,0.0,0.5793233513832092,0.5717493295669556,0.007574021816253662,0.12646670639514923,0.12646670639514923,90.84543883800507
crack0085_04.png,6.127306127548218,111.56986236572266,108.75764465332031,2.8122177124023438,108.12934875488281,106.3483657836914,1.7809829711914062,0.23354454338550568,0.2635638117790222,0.03001926839351654,0.0,0.0,0.0,0.00025784969329833984,0.0,-0.00025784969329833984,0.5868666172027588,0.5818377733230591,0.005028843879699707,0.13680513203144073,0.13680513203144073,119.6257455945015
crack0085_05.png,-0.22590799331665057,121.45311737060547,119.9530029296875,1.5001144409179688,113.74787902832031,111.16476440429688,2.5831146240234375,0.2665882110595703,0.2818772792816162,0.015289068222045898,0.1436011791229248,0.0370786190032959,-0.1065225601196289,0.07932823896408081,0.02274036407470703,-0.05658787488937378,0.592349112033844,0.5853863954544067,0.006962716579437256,0.1269611418247223,0.1269611418247223,128.40173196792603
crack0085_06.png,1.7443115234375002,109.51686096191406,107.90924072265625,1.6076202392578125,106.62236022949219,106.4675521850586,0.15480804443359375,0.2567249834537506,0.26404497027397156,0.007319986820220947,0.03268831968307495,0.01701486110687256,-0.015673458576202393,0.10388058423995972,0.08238029479980469,-0.02150028944015503,0.5802152752876282,0.5773125886917114,0.002902686595916748,0.12733697891235352,0.12733697891235352,116.51816284656525
crack0085_07.png,0.13056135177612305,89.93310546875,90.2258071899414,-0.29270172119140625,107.55014038085938,107.13353729248047,0.41660308837890625,0.34043610095977783,0.3435496687889099,0.00311356782913208,0.0,0.0,0.0,0.0,0.0,0.0,0.5753940939903259,0.5752056837081909,0.00018841028213500977,0.12995636463165283,0.12995636463165283,92.66905403137207
crack0085_08.png,3.4420358657836916,102.38172149658203,101.08733367919922,1.2943878173828125,102.88544464111328,102.41035461425781,0.47509002685546875,0.261417418718338,0.2865411639213562,0.02512374520301819,0.0,0.0,0.0,0.0,0.0,0.0,0.5756632089614868,0.5769703984260559,-0.0013071894645690918,0.12442027032375336,0.12442027032375336,109.12829840183258
crack0085_09.png,1.9572504997253417,112.33763885498047,111.5281982421875,0.8094406127929688,115.92909240722656,113.66802978515625,2.2610626220703125,0.2832188904285431,0.2951757311820984,0.011956840753555298,0.021346986293792725,0.0,-0.021346986293792725,0.0,0.0,0.0,0.5881353616714478,0.5846174359321594,0.00351792573928833,0.11754363775253296,0.11754363775253296,118.46519958972931
crack0086_00.png,-1.4995173454284667,62.821678161621094,63.40903854370117,-0.5873603820800781,113.7864761352539,114.42648315429688,-0.6400070190429688,0.1429779827594757,0.13091793656349182,-0.012060046195983887,0.0,0.0,0.0,0.0,0.0,0.0,0.5971549153327942,0.5894386768341064,0.007716238498687744,0.11596377193927765,0.11596377193927765,79.14647877216339
crack0086_01.png,3.2143866539001467,73.74515533447266,73.91242218017578,-0.167266845703125,117.4861831665039,118.65919494628906,-1.1730117797851562,0.16462251543998718,0.21021884679794312,0.04559633135795593,0.0,0.0,0.0,0.0,0.0,0.0,0.5960976481437683,0.5910188555717468,0.005078792572021484,0.11028584837913513,0.11028584837913513,87.79534375667572
crack0086_02.png,1.472491216659546,67.93315124511719,66.34868621826172,1.5844650268554688,126.0750503540039,123.95292663574219,2.1221237182617188,0.14311844110488892,0.12512777745723724,-0.017990663647651672,0.0,0.0,0.0,0.0,0.0,0.0,0.6007766127586365,0.5888158679008484,0.011960744857788086,0.12132826447486877,0.12132826447486877,83.66431659460068
crack0086_03.png,-0.4339620113372802,51.71632766723633,52.412471771240234,-0.6961441040039062,121.008544921875,120.08433532714844,0.9242095947265625,0.11689983308315277,0.11170369386672974,-0.005196139216423035,0.0,0.0,0.0,0.0,0.0,0.0,0.5928912162780762,0.5851864814758301,0.007704734802246094,0.11812801659107208,0.11812801659107208,69.07782673835754
crack0086_04.png,-3.654953193664551,65.43118286132812,66.81449890136719,-1.3833160400390625,119.61004638671875,120.8332748413086,-1.2232284545898438,0.1438552886247635,0.11920766532421112,-0.024647623300552368,0.0,0.0,0.0,0.0,0.0,0.0,0.5925605297088623,0.5878239274024963,0.004736602306365967,0.1139073371887207,0.1139073371887207,82.67280215024948
crack0086_05.png,0.4047271966934204,75.00425720214844,76.33943176269531,-1.335174560546875,113.3263168334961,111.94293212890625,1.3833847045898438,0.12108280509710312,0.13101652264595032,0.009933717548847198,0.0,0.0,0.0,0.0,0.0,0.0,0.5954363942146301,0.5856401324272156,0.00979626178741455,0.11843821406364441,0.11843821406364441,92.2243319451809
crack0086_06.png,2.6985351085662845,53.82472610473633,53.764827728271484,0.05989837646484375,122.54595947265625,117.95625305175781,4.5897064208984375,0.14520369470119476,0.15103203058242798,0.005828335881233215,0.0,0.0,0.0,0.0,0.0,0.0,0.5955209732055664,0.5871087908744812,0.008412182331085205,0.11391273140907288,0.11391273140907288,68.90339416265488
crack0086_07.png,0.5144712924957275,53.48903274536133,53.251800537109375,0.23723220825195312,118.90791320800781,118.45262908935547,0.45528411865234375,0.17963477969169617,0.17847667634487152,-0.001158103346824646,0.0,0.0,0.0,0.0,0.0,0.0,0.5921376347541809,0.5874432921409607,0.004694342613220215,0.11022907495498657,0.11022907495498657,66.3473214507103
crack0086_08.png,2.541546034812927,61.8326416015625,63.988800048828125,-2.156158447265625,120.57998657226562,117.75486755371094,2.8251190185546875,0.11876217275857925,0.15943822264671326,0.040676049888134,0.0,0.0,0.0,0.0,0.0,0.0,0.5929988622665405,0.5851595401763916,0.007839322090148926,0.11613498628139496,0.11613498628139496,79.50494495034218
crack0086_09.png,1.1135281562805177,63.13304138183594,64.9455337524414,-1.8124923706054688,127.04234313964844,122.47361755371094,4.5687255859375,0.17719759047031403,0.18808607757091522,0.010888487100601196,0.0,0.0,0.0,0.0,0.0,0.0,0.587543249130249,0.5818569660186768,0.005686283111572266,0.12163390219211578,0.12163390219211578,76.90916210412979
crack0087_00.png,1.7424509048461916,100.69495391845703,100.18849182128906,0.5064620971679688,110.98089599609375,109.36956024169922,1.6113357543945312,0.21362413465976715,0.21263404190540314,-0.0009900927543640137,0.3120824694633484,0.3260309100151062,0.013948440551757812,0.26151198148727417,0.26515430212020874,0.0036423206329345703,0.5838446617126465,0.581026554107666,0.0028181076049804688,0.18019600212574005,0.18019600212574005,111.03746682405472
crack0087_01.png,1.6309667110443116,116.16064453125,115.853271484375,0.307373046875,118.00654602050781,117.14546203613281,0.861083984375,0.24376900494098663,0.24818545579910278,0.00441645085811615,0.20353209972381592,0.21764421463012695,0.014112114906311035,0.17295175790786743,0.17548930644989014,0.002537548542022705,0.5828911662101746,0.5813571810722351,0.0015339851379394531,0.20457562804222107,0.20457562804222107,124.69646435976028
crack0087_02.png,1.1729220390319823,100.07429504394531,100.36145782470703,-0.28716278076171875,111.94332885742188,110.20510864257812,1.73822021484375,0.1682530790567398,0.16871540248394012,0.0004623234272003174,0.21616417169570923,0.23266011476516724,0.016495943069458008,0.10365182161331177,0.08210933208465576,-0.021542489528656006,0.5827873945236206,0.5810880661010742,0.0016993284225463867,0.15970993041992188,0.15970993041992188,113.43418747186661
crack0087_03.png,1.6194286346435547,118.83511352539062,116.08486938476562,2.750244140625,121.7532730102539,119.22416687011719,2.5291061401367188,0.24018095433712006,0.2264561802148819,-0.01372477412223816,0.22112929821014404,0.1938217282295227,-0.027307569980621338,0.12544327974319458,0.11770224571228027,-0.007741034030914307,0.5951210856437683,0.593925416469574,0.001195669174194336,0.18509790301322937,0.18509790301322937,127.67746406793594
crack0087_04.png,1.1541068077087402,101.02165222167969,100.4880599975586,0.5335922241210938,108.09419250488281,106.9398193359375,1.1543731689453125,0.2071010023355484,0.20739813148975372,0.00029712915420532227,0.36499321460723877,0.3666648864746094,0.0016716718673706055,0.23191845417022705,0.21088504791259766,-0.021033406257629395,0.5818954110145569,0.5801922082901001,0.0017032027244567871,0.17583203315734863,0.17583203315734863,111.60461241006851
crack0087_05.png,-1.151684617996216,105.1362075805664,105.56172180175781,-0.42551422119140625,104.10352325439453,104.20173645019531,-0.09821319580078125,0.18144182860851288,0.18314522504806519,0.0017033964395523071,0.12881839275360107,0.10425251722335815,-0.02456587553024292,0.0,0.0,0.0,0.5823721885681152,0.5783852338790894,0.003986954689025879,0.1729455590248108,0.1729455590248108,117.75734251737595
crack0087_06.png,0.15166988372802737,98.65924072265625,98.9486083984375,-0.28936767578125,107.18704223632812,106.56027221679688,0.62677001953125,0.2369067668914795,0.23421674966812134,-0.0026900172233581543,0.1135665774345398,0.1236010193824768,0.010034441947937012,0.0,0.01734870672225952,0.01734870672225952,0.588212251663208,0.5881084203720093,0.00010383129119873047,0.2013632357120514,0.2013632357120514,108.27940964698792
crack0087_07.png,0.7019747734069826,101.98494720458984,101.62635803222656,0.35858917236328125,111.77485656738281,108.83878326416016,2.9360733032226562,0.20510424673557281,0.20198513567447662,-0.0031191110610961914,0.20873868465423584,0.1924976110458374,-0.016241073608398438,0.05432140827178955,0.019859492778778076,-0.034461915493011475,0.5870011448860168,0.5852979421615601,0.0017032027244567871,0.17602619528770447,0.17602619528770447,113.16659027338028
crack0087_08.png,2.2650275230407715,93.89352416992188,92.56521606445312,1.32830810546875,116.06803894042969,113.28620910644531,2.781829833984375,0.18790125846862793,0.18579146265983582,-0.0021097958087921143,0.0,0.0,0.0,0.0,0.0,0.0,0.5847404599189758,0.5849211812019348,-0.00018072128295898438,0.18157833814620972,0.18157833814620972,105.47872960567474
crack0087_09.png,1.3481665134429932,98.43964385986328,97.79680633544922,0.6428375244140625,109.12278747558594,106.55939483642578,2.5633926391601562,0.2281344085931778,0.22973647713661194,0.001602068543434143,0.2712494134902954,0.25648826360702515,-0.014761149883270264,0.14476442337036133,0.11298584938049316,-0.031778573989868164,0.5852864384651184,0.5817301273345947,0.0035563111305236816,0.16820946335792542,0.16820946335792542,107.84161812067032
crack0088_00.png,-0.12392382621765136,139.5249481201172,139.48275756835938,0.0421905517578125,108.9899673461914,108.33108520507812,0.6588821411132812,0.1637600064277649,0.16234706342220306,-0.0014129430055618286,0.3264845609664917,0.31585443019866943,-0.010630130767822266,0.3759844899177551,0.36077332496643066,-0.015211164951324463,0.5829565525054932,0.5802422165870667,0.0027143359184265137,0.11789846420288086,0.11789846420288086,153.08129113912582
crack0088_01.png,-2.7851091623306274,171.88479614257812,172.74822998046875,-0.863433837890625,114.38858795166016,114.79893493652344,-0.41034698486328125,0.1079951599240303,0.10804003477096558,4.487484693527222e-05,0.1808009147644043,0.13430064916610718,-0.04650026559829712,0.2720649242401123,0.24151474237442017,-0.03055018186569214,0.5838446617126465,0.5813725590705872,0.002472102642059326,0.11391052603721619,0.11391052603721619,189.19058993458748
crack0088_02.png,-1.5565226316452025,156.805908203125,158.5294952392578,-1.7235870361328125,116.36863708496094,115.25636291503906,1.112274169921875,0.10823148488998413,0.11200956255197525,0.0037780776619911194,0.25139832496643066,0.23676913976669312,-0.014629185199737549,0.2865435481071472,0.2657107710838318,-0.02083277702331543,0.5817185640335083,0.5815916657447815,0.00012689828872680664,0.10531267523765564,0.10531267523765564,174.4425551891327
crack0088_03.png,-0.5384187698364258,144.2825164794922,144.898681640625,-0.6161651611328125,104.38929748535156,104.20569610595703,0.18360137939453125,0.15086045861244202,0.15364369750022888,0.0027832388877868652,0.2574926018714905,0.25336402654647827,-0.004128575325012207,0.3105025887489319,0.3058464527130127,-0.0046561360359191895,0.5792849063873291,0.5806151628494263,-0.001330256462097168,0.11034442484378815,0.11034442484378815,158.76357805728912
crack0088_04.png,-1.2752109050750733,160.93800354003906,161.22801208496094,-0.290008544921875,115.89691162109375,115.40286254882812,0.494049072265625,0.1393115222454071,0.13669650256633759,-0.002615019679069519,0.27487874031066895,0.24825066328048706,-0.026628077030181885,0.3252238631248474,0.29139018058776855,-0.03383368253707886,0.5813571810722351,0.5790696144104004,0.002287566661834717,0.10762590169906616,0.10762590169906616,176.13550490140915
crack0088_05.png,-1.379753541946411,143.67117309570312,144.35848999023438,-0.68731689453125,108.43114471435547,108.00650024414062,0.42464447021484375,0.21014873683452606,0.20648634433746338,-0.003662392497062683,0.2701762914657593,0.2577545642852783,-0.012421727180480957,0.23285150527954102,0.22214055061340332,-0.010710954666137695,0.5774433016777039,0.579254150390625,-0.0018108487129211426,0.13739588856697083,0.13739588856697083,154.79581689834595
crack0088_06.png,-0.7474266052246094,152.1571044921875,152.4073486328125,-0.250244140625,110.35873413085938,109.5938720703125,0.764862060546875,0.13355572521686554,0.1356465369462967,0.0020908117294311523,0.2581523060798645,0.23457682132720947,-0.02357548475265503,0.32520049810409546,0.3335795998573303,0.008379101753234863,0.574125349521637,0.5748096704483032,-0.0006843209266662598,0.12008249759674072,0.12008249759674072,167.2612698674202
crack0088_07.png,0.690450382232666,146.4805450439453,145.124267578125,1.3562774658203125,109.15213012695312,108.51510620117188,0.63702392578125,0.1482420563697815,0.14630714058876038,-0.0019349157810211182,0.2696739435195923,0.24899762868881226,-0.02067631483078003,0.3014593720436096,0.31530487537384033,0.013845503330230713,0.5830219388008118,0.5814917087554932,0.0015302300453186035,0.11201305687427521,0.11201305687427521,160.344855427742
crack0088_08.png,-2.056952786445618,153.1834259033203,152.75938415527344,0.424041748046875,116.72389221191406,115.3607177734375,1.3631744384765625,0.11876527220010757,0.1133013665676117,-0.00546390563249588,0.2618265151977539,0.19455641508102417,-0.06727010011672974,0.27183520793914795,0.20480740070343018,-0.06702780723571777,0.5857016444206238,0.5831603407859802,0.0025413036346435547,0.11023105680942535,0.11023105680942535,169.60138881206512
crack0088_09.png,-0.5958232879638672,134.6034698486328,135.2482452392578,-0.644775390625,106.65130615234375,106.41288757324219,0.2384185791015625,0.16874894499778748,0.16902607679367065,0.0002771317958831787,0.2471979856491089,0.24747872352600098,0.00028073787689208984,0.2919173836708069,0.28477537631988525,-0.007142007350921631,0.5785505771636963,0.580545961856842,-0.001995384693145752,0.13831950724124908,0.13831950724124908,148.02275931835175
crack0089_00.png,4.193152856826782,133.63050842285156,129.58328247070312,4.0472259521484375,104.0357666015625,103.57967376708984,0.45609283447265625,0.14959710836410522,0.15347005426883698,0.0038729459047317505,0.07095593214035034,0.059229254722595215,-0.011726677417755127,0.1465180516242981,0.12909972667694092,-0.017418324947357178,0.5801845192909241,0.5771164894104004,0.0030680298805236816,0.11920902132987976,0.11920902132987976,145.838449716568
crack0089_01.png,2.7773915767669677,124.12860870361328,122.0888671875,2.0397415161132812,104.848388671875,104.03729248046875,0.81109619140625,0.15832428634166718,0.16203874349594116,0.003714457154273987,0.0,0.0002447366714477539,0.0002447366714477539,0.09292352199554443,0.11483258008956909,0.021909058094024658,0.5862360596656799,0.583579421043396,0.0026566386222839355,0.12101596593856812,0.12101596593856812,137.0587231516838
crack0089_02.png,5.191790437698364,144.17161560058594,142.2769317626953,1.894683837890625,114.92608642578125,112.91072082519531,2.0153656005859375,0.11560149490833282,0.1314271092414856,0.01582561433315277,0.14832037687301636,0.17243415117263794,0.024113774299621582,0.15820813179016113,0.1774107813835144,0.01920264959335327,0.5966474413871765,0.5901384353637695,0.006509006023406982,0.11233345419168472,0.11233345419168472,160.15408164262772
crack0089_03.png,1.688794231414795,141.36361694335938,140.88450622558594,0.4791107177734375,109.6773681640625,107.66574096679688,2.011627197265625,0.13229602575302124,0.13356229662895203,0.0012662708759307861,0.0,0.0,0.0,0.05829262733459473,0.05883294343948364,0.000540316104888916,0.5967205166816711,0.589127242565155,0.007593274116516113,0.11471669375896454,0.11471669375896454,157.05512070655823
crack0089_04.png,3.2469402313232423,133.0809783935547,131.1854248046875,1.8955535888671875,108.01057434082031,107.53230285644531,0.478271484375,0.20024509727954865,0.20200704038143158,0.0017619431018829346,0.04787588119506836,0.07034355401992798,0.02246767282485962,0.22224342823028564,0.20233160257339478,-0.01991182565689087,0.593744695186615,0.5907343029975891,0.003010392189025879,0.14257200062274933,0.14257200062274933,143.86828356981277
crack0089_05.png,1.0500534534454347,127.14389038085938,125.60834503173828,1.5355453491210938,107.96719360351562,106.57560729980469,1.3915863037109375,0.1880803257226944,0.17692860960960388,-0.011151716113090515,0.13719671964645386,0.12828361988067627,-0.008913099765777588,0.18899548053741455,0.16696691513061523,-0.022028565406799316,0.5910303592681885,0.5858669877052307,0.005163371562957764,0.13272181153297424,0.13272181153297424,139.40161550045013
crack0089_06.png,-1.1929238557815554,139.6405487060547,138.6868438720703,0.953704833984375,109.38192749023438,107.32073974609375,2.061187744140625,0.12352504581212997,0.12717010080814362,0.0036450549960136414,0.12004190683364868,0.04121541976928711,-0.07882648706436157,0.11323153972625732,0.08006852865219116,-0.03316301107406616,0.5891388058662415,0.5918800234794617,-0.002741217613220215,0.11704903095960617,0.11704903095960617,155.42739447951317
crack0089_07.png,2.9090909004211425,123.00679016113281,121.44523620605469,1.561553955078125,104.24725341796875,103.76788330078125,0.4793701171875,0.1471836119890213,0.15000741183757782,0.0028237998485565186,0.0,0.023597002029418945,0.023597002029418945,0.07797271013259888,0.0728219747543335,-0.005150735378265381,0.578269898891449,0.5786197781562805,-0.00034987926483154297,0.11497150361537933,0.11497150361537933,136.5397875905037
crack0089_08.png,2.982728672027588,137.576416015625,135.3186798095703,2.2577362060546875,111.37638854980469,110.34034729003906,1.036041259765625,0.16230645775794983,0.18546420335769653,0.023157745599746704,0.20434308052062988,0.16624951362609863,-0.03809356689453125,0.22260165214538574,0.19654834270477295,-0.026053309440612793,0.5898962020874023,0.5903537273406982,-0.00045752525329589844,0.11780021339654922,0.11780021339654922,150.3233095407486
crack0089_09.png,1.7096923351287843,135.78167724609375,134.6527862548828,1.1288909912109375,111.82584381103516,109.90508270263672,1.9207611083984375,0.17131926119327545,0.16199731826782227,-0.009321942925453186,0.0733681321144104,0.08443325757980347,0.011065125465393066,0.08784282207489014,0.11223727464675903,0.024394452571868896,0.5857093334197998,0.5828181505203247,0.0028911828994750977,0.13972154259681702,0.13972154259681702,148.92576599121094
crack0090_00.png,1.848386859893799,106.12740325927734,104.65443420410156,1.4729690551757812,105.37802124023438,104.42825317382812,0.94976806640625,0.3127429485321045,0.30727019906044006,-0.005472749471664429,0.40132492780685425,0.4122158885002136,0.010890960693359375,0.3134841322898865,0.315721333026886,0.0022372007369995117,0.5846866369247437,0.5847443342208862,-5.7697296142578125e-05,0.21015268564224243,0.21015268564224243,110.3444801568985
crack0090_01.png,1.4225273132324219,111.30013275146484,110.04312133789062,1.2570114135742188,107.79902648925781,107.32482147216797,0.47420501708984375,0.2623004615306854,0.2567615211009979,-0.0055389404296875,0.2769462466239929,0.2854553461074829,0.00850909948348999,0.21333110332489014,0.20661967992782593,-0.006711423397064209,0.5910918712615967,0.589127242565155,0.0019646286964416504,0.1999601125717163,0.1999601125717163,118.90961062908173
crack0090_02.png,0.7949416160583498,101.83426666259766,100.10533142089844,1.7289352416992188,107.32836151123047,106.2701187133789,1.0582427978515625,0.2752370834350586,0.2671608626842499,-0.008076220750808716,0.4737018942832947,0.45485323667526245,-0.018848657608032227,0.326778769493103,0.26967430114746094,-0.05710446834564209,0.5770319104194641,0.5759630799293518,0.0010688304901123047,0.14174342155456543,0.14174342155456543,108.02142369747162
crack0090_03.png,0.6276991844177247,104.4407958984375,103.84941101074219,0.5913848876953125,108.10122680664062,107.78045654296875,0.320770263671875,0.21638286113739014,0.2181778848171234,0.0017950236797332764,0.46745944023132324,0.4612157940864563,-0.006243646144866943,0.3184366226196289,0.33036988973617554,0.01193326711654663,0.5861861109733582,0.5858323574066162,0.00035375356674194336,0.15598589181900024,0.15598589181900024,114.60957622528076
crack0090_04.png,0.7217816352844239,102.65856170654297,101.87325286865234,0.785308837890625,103.75614929199219,103.78977966308594,-0.03363037109375,0.27611711621284485,0.27247458696365356,-0.003642529249191284,0.3888293504714966,0.3945702910423279,0.005740940570831299,0.33893436193466187,0.33247822523117065,-0.006456136703491211,0.5844290852546692,0.5841368436813354,0.00029224157333374023,0.1893046796321869,0.1893046796321869,109.29459547996521
crack0090_05.png,2.9756306648254394,109.737060546875,107.31784057617188,2.419219970703125,109.56697082519531,107.7902603149414,1.7767105102539062,0.3251369297504425,0.32557225227355957,0.00043532252311706543,0.47359222173690796,0.4615406394004822,-0.012051582336425781,0.3827219009399414,0.38358229398727417,0.0008603930473327637,0.5926028490066528,0.5852787494659424,0.007324099540710449,0.2315509170293808,0.2315509170293808,112.723348736763
crack0090_06.png,10.488804054260253,115.96347045898438,111.10833740234375,4.855133056640625,112.88768768310547,109.33718872070312,3.5504989624023438,0.25402069091796875,0.2741555869579315,0.02013489603996277,0.30131351947784424,0.3644005060195923,0.06308698654174805,0.2420167326927185,0.2974334955215454,0.055416762828826904,0.5896847248077393,0.5877047181129456,0.001980006694793701,0.19032958149909973,0.19032958149909973,121.88205146789551
crack0090_07.png,0.9864272117614745,109.46414184570312,108.16262817382812,1.301513671875,107.48880004882812,106.0415267944336,1.4472732543945312,0.2520074248313904,0.24394384026527405,-0.008063584566116333,0.5029030442237854,0.49357765913009644,-0.009325385093688965,0.37453168630599976,0.361348032951355,-0.013183653354644775,0.5909842252731323,0.5878815650939941,0.0031026601791381836,0.1833900809288025,0.1833900809288025,117.81612360477448
crack0090_08.png,0.6779865741729738,114.71183013916016,113.44673919677734,1.2650909423828125,112.34121704101562,110.55795288085938,1.78326416015625,0.21217665076255798,0.18691407144069672,-0.025262579321861267,0.4750133156776428,0.4883415699005127,0.013328254222869873,0.30850011110305786,0.29416507482528687,-0.014335036277770996,0.5838485360145569,0.5791618824005127,0.0046866536140441895,0.18007920682430267,0.18007920682430267,126.21838182210922
crack0090_09.png,2.1097232341766357,110.51403045654297,110.3819580078125,0.13207244873046875,109.87098693847656,109.16555786132812,0.7054290771484375,0.2282206118106842,0.2371336668729782,0.008913055062294006,0.4369203448295593,0.4564792513847351,0.01955890655517578,0.37436115741729736,0.3943145275115967,0.019953370094299316,0.5936563014984131,0.5886543393135071,0.005001962184906006,0.16067180037498474,0.16067180037498474,120.5010095834732
crack0091_00.png,4.744644451141357,99.0771255493164,94.5055160522461,4.5716094970703125,109.33872985839844,110.11079406738281,-0.772064208984375,0.16425520181655884,0.16932496428489685,0.005069762468338013,0.0,0.0,0.0,0.006808757781982422,0.0,-0.006808757781982422,0.5863860249519348,0.584479033946991,0.0019069910049438477,0.1312180757522583,0.1312180757522583,110.39144968986511
crack0091_01.png,1.6884175300598145,115.20807647705078,114.06404876708984,1.1440277099609375,115.49275207519531,114.4073715209961,1.0853805541992188,0.19933120906352997,0.19723935425281525,-0.0020918548107147217,0.0,0.0,0.0,0.007182419300079346,0.026762425899505615,0.01958000659942627,0.5970434546470642,0.590103805065155,0.00693964958190918,0.13888120651245117,0.13888120651245117,126.68343955278397
crack0091_02.png,7.244504642486572,89.4332504272461,82.43444061279297,6.998809814453125,105.77726745605469,107.33636474609375,-1.5590972900390625,0.18921610713005066,0.20061719417572021,0.011401087045669556,0.0,0.0,0.0,0.07950270175933838,0.0,-0.07950270175933838,0.5867127776145935,0.5877816081047058,-0.0010688304901123047,0.13081780076026917,0.13081780076026917,98.09214341640472
crack0091_03.png,6.037481451034546,95.85453796386719,91.34796142578125,4.5065765380859375,108.64302062988281,108.86368560791016,-0.22066497802734375,0.1735531985759735,0.1925337165594101,0.018980517983436584,0.0,0.0,0.0,0.0,0.0,0.0,0.5879661440849304,0.5854479074478149,0.0025182366371154785,0.12887492775917053,0.12887492775917053,106.70670354366302
crack0091_04.png,8.319638442993163,87.84037780761719,81.49472045898438,6.3456573486328125,110.36408996582031,109.81816101074219,0.545928955078125,0.12646253407001495,0.14245803654193878,0.015995502471923828,0.0,0.0,0.0,0.0,0.0,0.0,0.5915878415107727,0.5796886086463928,0.011899232864379883,0.10681045800447464,0.10681045800447464,100.74331074953079
crack0091_05.png,2.2664033412933353,80.31385803222656,75.2521743774414,5.061683654785156,108.01204681396484,110.88713073730469,-2.8750839233398438,0.19307197630405426,0.22248631715774536,0.0294143408536911,0.2480098009109497,0.14714640378952026,-0.10086339712142944,0.2108691930770874,0.18686306476593018,-0.024006128311157227,0.5900999903678894,0.5891964435577393,0.0009035468101501465,0.13502013683319092,0.13502013683319092,89.8026972413063
crack0091_06.png,3.645436334609985,94.53363800048828,91.71041107177734,2.8232269287109375,112.12451171875,112.02682495117188,0.097686767578125,0.1503622978925705,0.15859821438789368,0.008235916495323181,0.0,0.0,0.0,0.0,0.0,0.0,0.5917147397994995,0.5886082053184509,0.003106534481048584,0.11342005431652069,0.11342005431652069,107.76887625455856
crack0091_07.png,5.225887727737427,101.9681625366211,97.16219329833984,4.80596923828125,112.18162536621094,112.08369445800781,0.097930908203125,0.15676578879356384,0.15784381330013275,0.0010780245065689087,0.0,0.0,0.0,0.0683438777923584,0.0,-0.0683438777923584,0.5960169434547424,0.5886543393135071,0.0073626041412353516,0.12179209291934967,0.12179209291934967,113.99990832805634
crack0091_08.png,3.6551651716232296,98.44055938720703,93.96495056152344,4.475608825683594,109.24361419677734,110.52128601074219,-1.2776718139648438,0.11979081481695175,0.1291974037885666,0.009406588971614838,0.033191144466400146,0.0,-0.033191144466400146,0.06279981136322021,0.0,-0.06279981136322021,0.5906612873077393,0.5840176939964294,0.0066435933113098145,0.1147662028670311,0.1147662028670311,112.6417575776577
crack0091_09.png,-2.3926385402679444,102.36881256103516,99.21720886230469,3.1516036987304688,116.38002014160156,116.99539184570312,-0.6153717041015625,0.14159688353538513,0.135519340634346,-0.0060775429010391235,0.31274092197418213,0.19379311800003052,-0.11894780397415161,0.3345237970352173,0.20016485452651978,-0.1343589425086975,0.5904306173324585,0.5917800664901733,-0.0013494491577148438,0.12350823730230331,0.12350823730230331,116.3330529332161
crack0092_00.png,0.8296586036682129,152.24253845214844,151.77520751953125,0.4673309326171875,109.495849609375,109.7384033203125,-0.2425537109375,0.12552785873413086,0.13037583231925964,0.004847973585128784,0.0,0.0,0.0,0.0,0.0,0.0,0.5840445756912231,0.5822567939758301,0.0017877817153930664,0.0933719202876091,0.0933719202876091,167.83898448944092
crack0092_01.png,-0.9778232097625732,133.43374633789062,134.95919799804688,-1.52545166015625,114.18216705322266,114.57501220703125,-0.39284515380859375,0.15804456174373627,0.16590067744255066,0.007856115698814392,0.0,0.0,0.0,0.1258007287979126,0.11430180072784424,-0.01149892807006836,0.577301025390625,0.5753940939903259,0.0019069314002990723,0.10524682700634003,0.10524682700634003,147.80583947896957
crack0092_02.png,-1.378127384185791,110.7170181274414,111.14825439453125,-0.43123626708984375,105.1954345703125,105.12077331542969,0.0746612548828125,0.19335559010505676,0.1768874228000641,-0.016468167304992676,0.1934518814086914,0.19874364137649536,0.005291759967803955,0.20401537418365479,0.191389799118042,-0.012625575065612793,0.5812994837760925,0.5780737996101379,0.00322568416595459,0.11939679831266403,0.11939679831266403,123.57137024402618
crack0092_03.png,-3.34207501411438,132.31719970703125,133.85997009277344,-1.5427703857421875,109.45976257324219,107.80076599121094,1.65899658203125,0.1990007609128952,0.18763503432273865,-0.011365726590156555,0.036872684955596924,0.0,-0.036872684955596924,0.1657348871231079,0.16253989934921265,-0.0031949877738952637,0.5750057697296143,0.5769742131233215,-0.0019684433937072754,0.10061173141002655,0.10061173141002655,144.9094513654709
crack0092_04.png,1.5485550880432128,136.68905639648438,135.98243713378906,0.7066192626953125,106.22252655029297,105.08390808105469,1.1386184692382812,0.16022643446922302,0.14810475707054138,-0.01212167739868164,0.08261334896087646,0.11553078889846802,0.03291743993759155,0.1972360610961914,0.18117552995681763,-0.01606053113937378,0.5843906402587891,0.5834025144577026,0.0009881258010864258,0.10241815447807312,0.10241815447807312,150.8250869512558
crack0092_05.png,1.4723602294921876,131.7174072265625,130.62109375,1.0963134765625,110.16023254394531,109.01087951660156,1.14935302734375,0.18069209158420563,0.18135766685009003,0.0006655752658843994,0.05989372730255127,0.05272549390792847,-0.007168233394622803,0.13139104843139648,0.08450978994369507,-0.046881258487701416,0.5838485360145569,0.5801038146018982,0.0037447214126586914,0.10477468371391296,0.10477468371391296,143.6816664338112
crack0092_06.png,1.5302807331085204,132.0669403076172,131.07383728027344,0.99310302734375,108.05972290039062,107.60560607910156,0.4541168212890625,0.15710921585559845,0.1586717665195465,0.001562550663948059,0.0,0.0,0.0,0.0,0.0,0.0,0.5864244699478149,0.5806612968444824,0.0057631731033325195,0.10373780131340027,0.10373780131340027,145.600814640522
crack0092_07.png,1.4995302200317382,135.99046325683594,134.42369079589844,1.5667724609375,107.16663360595703,106.55474090576172,0.6118927001953125,0.1525443196296692,0.14686039090156555,-0.005683928728103638,0.0,0.0,0.0,0.008750379085540771,0.0,-0.008750379085540771,0.5847058892250061,0.581138014793396,0.0035678744316101074,0.09909775853157043,0.09909775853157043,149.7836891412735
crack0092_08.png,2.209178400039673,132.97647094726562,131.11207580566406,1.8643951416015625,106.78929901123047,105.14469909667969,1.6445999145507812,0.1489994376897812,0.14394819736480713,-0.00505124032497406,0.0,0.0,0.0,0.009342491626739502,0.0,-0.009342491626739502,0.5831449627876282,0.5808688998222351,0.0022760629653930664,0.09907229244709015,0.09907229244709015,146.73318004608154
crack0092_09.png,4.112137317657471,142.74794006347656,140.4058380126953,2.34210205078125,110.5125732421875,108.7380142211914,1.7745590209960938,0.14560474455356598,0.14774666726589203,0.00214192271232605,0.11368411779403687,0.13017702102661133,0.016492903232574463,0.14400780200958252,0.1314728856086731,-0.012534916400909424,0.587347149848938,0.58161860704422,0.005728542804718018,0.12372035533189774,0.12372035533189774,156.3344903588295
crack0093_00.png,-0.7704409122467041,139.76307678222656,140.7445068359375,-0.9814300537109375,111.38638305664062,111.32998657226562,0.056396484375,0.20381923019886017,0.2055709958076477,0.0017517656087875366,0.0,0.0,0.0,0.0,0.0,0.0,0.5885736346244812,0.5873664021492004,0.0012072324752807617,0.11361034214496613,0.11361034214496613,151.56758338212967
crack0093_01.png,1.5370243072509766,111.97320556640625,110.52558135986328,1.4476242065429688,113.93567657470703,113.66690063476562,0.26877593994140625,0.27620309591293335,0.27485406398773193,-0.001349031925201416,0.0,0.0,0.0,0.0006285309791564941,0.0,-0.0006285309791564941,0.5913033485412598,0.5890580415725708,0.002245306968688965,0.138947993516922,0.138947993516922,118.41028356552124
crack0093_02.png,-0.0017854213714599276,131.49232482910156,131.88296508789062,-0.3906402587890625,111.9725112915039,110.79973602294922,1.1727752685546875,0.24426211416721344,0.244283527135849,2.1412968635559082e-05,0.0,0.0,0.0,0.0,0.0,0.0,0.5876893401145935,0.5897385478019714,-0.0020492076873779297,0.1110212653875351,0.1110212653875351,140.62146002054214
crack0093_03.png,-2.492824840545654,120.66559600830078,122.37948608398438,-1.7138900756835938,108.48298645019531,108.40050506591797,0.08248138427734375,0.21144482493400574,0.19928497076034546,-0.012159854173660278,0.0,0.0,0.0,0.0,0.0,0.0,0.5867589116096497,0.582737386226654,0.0040215253829956055,0.11460284888744354,0.11460284888744354,133.03579926490784
crack0093_04.png,-0.06910562515258789,125.19622039794922,126.34137725830078,-1.1451568603515625,108.37767791748047,106.98344421386719,1.3942337036132812,0.24181903898715973,0.24722008407115936,0.005401045083999634,0.0,0.0,0.0,0.0,0.0,0.0,0.5908458232879639,0.5886889696121216,0.002156853675842285,0.122516930103302,0.122516930103302,134.89348942041397
crack0093_05.png,-1.802372360229492,139.53634643554688,142.51031494140625,-2.973968505859375,105.04835510253906,103.9291763305664,1.1191787719726562,0.18530066311359406,0.1936499923467636,0.008349329233169556,0.0,0.0,0.0,0.0,0.0,0.0,0.5818300843238831,0.5804306268692017,0.0013994574546813965,0.10291575640439987,0.10291575640439987,153.17849427461624
crack0093_06.png,-1.0761654853820801,127.94717407226562,128.88975524902344,-0.9425811767578125,110.28433227539062,109.72772216796875,0.556610107421875,0.26090317964553833,0.25316122174263,-0.007741957902908325,0.0,0.0,0.0,0.0,0.0,0.0,0.5946174263954163,0.588039219379425,0.006578207015991211,0.11470794677734375,0.11470794677734375,137.01348841190338
crack0093_07.png,-0.1690967559814453,119.14959716796875,119.54300689697266,-0.39340972900390625,107.22683715820312,106.87583923339844,0.3509979248046875,0.22335496544837952,0.22549769282341003,0.0021427273750305176,0.0,0.0,0.0,0.0,0.0,0.0,0.5831795334815979,0.5853671431541443,-0.0021876096725463867,0.124961718916893,0.124961718916893,129.3596898317337
crack0093_08.png,-0.023929929733276345,124.97330474853516,125.76856231689453,-0.795257568359375,108.456298828125,107.83074951171875,0.62554931640625,0.23387862741947174,0.23871812224388123,0.004839494824409485,0.0,0.0,0.0,0.006909966468811035,0.007113158702850342,0.00020319223403930664,0.5866512656211853,0.5833025574684143,0.003348708152770996,0.11936266720294952,0.11936266720294952,134.80426651239395
crack0093_09.png,-1.2298587322235108,120.84056091308594,122.21709442138672,-1.3765335083007812,109.0938720703125,108.57536315917969,0.5185089111328125,0.23905284702777863,0.2369711697101593,-0.0020816773176193237,0.0,0.0,0.0,0.06930261850357056,0.05306553840637207,-0.016237080097198486,0.5914379358291626,0.5887928009033203,0.002645134925842285,0.12556594610214233,0.12556594610214233,130.96807491779327
crack0094_00.png,2.0903215408325195,107.5723648071289,106.61929321289062,0.9530715942382812,102.11323547363281,101.5784912109375,0.5347442626953125,0.3347237706184387,0.33674725890159607,0.0020234882831573486,0.0,0.01892530918121338,0.01892530918121338,0.07545453310012817,0.08594644069671631,0.010491907596588135,0.5823414325714111,0.5822299122810364,0.00011152029037475586,0.24298977851867676,0.24298977851867676,110.30606007575989
crack0094_01.png,2.5068578720092773,106.1325454711914,105.33263397216797,0.7999114990234375,104.9196548461914,104.33779907226562,0.5818557739257812,0.3260418772697449,0.324165403842926,-0.0018764734268188477,0.0489351749420166,0.08662891387939453,0.03769373893737793,0.013190805912017822,0.045118510723114014,0.03192770481109619,0.5791311264038086,0.5762168169021606,0.0029143095016479492,0.2201891988515854,0.2201891988515854,109.44791054725647
crack0094_02.png,0.33231773376464846,99.61890411376953,99.24101257324219,0.37789154052734375,100.87522888183594,100.42561340332031,0.449615478515625,0.3325698971748352,0.32901591062545776,-0.0035539865493774414,0.0,0.0,0.0,0.0,0.0,0.0,0.5864590406417847,0.5849865674972534,0.00147247314453125,0.23150649666786194,0.23150649666786194,103.14736533164978
crack0094_03.png,1.1596867561340332,99.13426208496094,98.2269515991211,0.9073104858398438,107.9209213256836,107.0925521850586,0.828369140625,0.3032798767089844,0.3092483878135681,0.00596851110458374,0.0870850682258606,0.0688638687133789,-0.01822119951248169,0.08202427625656128,0.06088566780090332,-0.02113860845565796,0.5862898826599121,0.5819799900054932,0.004309892654418945,0.20158261060714722,0.20158261060714722,103.93540954589844
crack0094_04.png,-1.3398845672607422,102.12309265136719,101.97677612304688,0.1463165283203125,107.14027404785156,106.56245422363281,0.57781982421875,0.3000553846359253,0.28828495740890503,-0.011770427227020264,0.029238760471343994,0.012295424938201904,-0.01694333553314209,0.03975564241409302,0.0,-0.03975564241409302,0.5817378163337708,0.584186851978302,-0.00244903564453125,0.2127951979637146,0.2127951979637146,108.12031102180481
crack0094_05.png,0.45560741424560547,99.54278564453125,99.00502014160156,0.5377655029296875,103.53309631347656,103.11172485351562,0.4213714599609375,0.3287748396396637,0.32778891921043396,-0.0009859204292297363,0.04046505689620972,0.038737475872039795,-0.0017275810241699219,0.038213253021240234,0.02602982521057129,-0.012183427810668945,0.5775355696678162,0.5801038146018982,-0.0025682449340820312,0.217094287276268,0.217094287276268,102.8107203245163
crack0094_06.png,-0.12816801071166983,102.95748901367188,102.24028778076172,0.7172012329101562,106.2374267578125,105.26507568359375,0.97235107421875,0.3207356631755829,0.3071496784687042,-0.013585984706878662,0.3072872757911682,0.3005911111831665,-0.006696164608001709,0.24917751550674438,0.2570825219154358,0.007905006408691406,0.587543249130249,0.5845328569412231,0.003010392189025879,0.24207808077335358,0.24207808077335358,107.6716376543045
crack0094_07.png,1.6771710395812989,97.6272201538086,96.99942779541016,0.6277923583984375,106.18865966796875,105.89783477783203,0.29082489013671875,0.32630425691604614,0.3386959135532379,0.012391656637191772,0.0,0.0,0.0,0.0,0.0,0.0,0.5842445492744446,0.5857016444206238,-0.0014570951461791992,0.21211686730384827,0.21211686730384827,101.16313433647156
crack0094_08.png,0.5344868659973144,100.69001770019531,99.927734375,0.7622833251953125,101.32167053222656,101.08929443359375,0.2323760986328125,0.28917479515075684,0.2823896110057831,-0.006785184144973755,0.0,0.0,0.0,0.0,0.0,0.0,0.588316023349762,0.5827643275260925,0.005551695823669434,0.18098509311676025,0.18098509311676025,106.89814031124115
crack0094_09.png,0.8197369575500488,110.09654998779297,108.8421859741211,1.254364013671875,105.07992553710938,104.3027572631836,0.7771682739257812,0.37097617983818054,0.36324918270111084,-0.007726997137069702,0.0,0.0,0.0,0.1020505428314209,0.11006999015808105,0.008019447326660156,0.5771164894104004,0.5802998542785645,-0.0031833648681640625,0.2097764015197754,0.2097764015197754,110.88641119003296
crack0095_00.png,3.7715487480163574,115.67867279052734,112.2883071899414,3.3903656005859375,102.93400573730469,102.07466888427734,0.8593368530273438,0.25561222434043884,0.2646290957927704,0.009016871452331543,0.058795928955078125,0.04044884443283081,-0.018347084522247314,0.18399637937545776,0.19257724285125732,0.00858086347579956,0.5899038910865784,0.5886543393135071,0.001249551773071289,0.14916115999221802,0.14916115999221802,122.24291217327118
crack0095_01.png,0.39782361984252934,113.61853790283203,112.7489242553711,0.8696136474609375,104.03799438476562,104.088623046875,-0.050628662109375,0.18514257669448853,0.17763957381248474,-0.007503002882003784,0.1388358473777771,0.1398736834526062,0.0010378360748291016,0.18110710382461548,0.18088698387145996,-0.00022011995315551758,0.5810841917991638,0.5784044861793518,0.0026797056198120117,0.1748906373977661,0.1748906373977661,125.76872432231903
crack0095_02.png,2.910060405731201,123.9411392211914,121.70758056640625,2.2335586547851562,105.4674072265625,104.97260284423828,0.49480438232421875,0.2571173906326294,0.25965169072151184,0.0025343000888824463,0.07534259557723999,0.07588708400726318,0.0005444884300231934,0.1483081579208374,0.15575581789016724,0.007447659969329834,0.5930757522583008,0.5867243409156799,0.00635141134262085,0.1623142808675766,0.1623142808675766,131.1203465461731
crack0095_03.png,3.415515184402466,99.69093322753906,97.78047943115234,1.9104537963867188,105.56724548339844,105.42648315429688,0.1407623291015625,0.1476452648639679,0.16240103542804718,0.014755770564079285,0.3600826859474182,0.36561745405197144,0.005534768104553223,0.3095390200614929,0.3099055290222168,0.00036650896072387695,0.5858631134033203,0.584690511226654,0.0011726021766662598,0.15745462477207184,0.15745462477207184,113.31151497364044
crack0095_04.png,-0.23785920143127437,103.57044219970703,103.85676574707031,-0.28632354736328125,108.83858489990234,108.40608215332031,0.43250274658203125,0.218014657497406,0.21453316509723663,-0.0034814924001693726,0.18574291467666626,0.1873164176940918,0.0015735030174255371,0.2442290186882019,0.25016987323760986,0.005940854549407959,0.590899646282196,0.588623583316803,0.0022760629653930664,0.1611804962158203,0.1611804962158203,114.47759991884232
crack0095_05.png,3.5080775737762453,110.63992309570312,108.63947296142578,2.0004501342773438,103.59210205078125,103.34547424316406,0.2466278076171875,0.22668898105621338,0.23896892368793488,0.012279942631721497,0.335030198097229,0.3477247357368469,0.01269453763961792,0.3035276532173157,0.32233649492263794,0.018808841705322266,0.5787389278411865,0.5807689428329468,-0.002030014991760254,0.17785540223121643,0.17785540223121643,119.26911687850952
crack0095_06.png,1.5117469787597657,112.144775390625,111.94429016113281,0.2004852294921875,103.00463104248047,103.13629150390625,-0.13166046142578125,0.1905970573425293,0.19440025091171265,0.0038031935691833496,0.30914050340652466,0.3353862166404724,0.026245713233947754,0.31426572799682617,0.3328167796134949,0.0185510516166687,0.5873587131500244,0.5871126651763916,0.0002460479736328125,0.16364479064941406,0.16364479064941406,124.10305786132812
crack0095_07.png,3.5424566745758055,106.48287200927734,105.52294921875,0.9599227905273438,101.42253112792969,100.51616668701172,0.9063644409179688,0.2439122051000595,0.26284870505332947,0.01893649995326996,0.3229973316192627,0.3397012948989868,0.01670396327972412,0.33161574602127075,0.32790112495422363,-0.003714621067047119,0.5842637419700623,0.5833410024642944,0.0009227395057678223,0.16008949279785156,0.16008949279785156,114.73872798681259
crack0095_08.png,5.5599054336547855,112.27727508544922,110.79782104492188,1.4794540405273438,104.87971496582031,104.55270385742188,0.3270111083984375,0.20157186686992645,0.23545251786708832,0.033880650997161865,0.23754572868347168,0.264803946018219,0.027258217334747314,0.23846226930618286,0.25605010986328125,0.01758784055709839,0.5833679437637329,0.5796462893486023,0.0037216544151306152,0.14435184001922607,0.14435184001922607,122.77795380353928
crack0095_09.png,4.13780460357666,106.64583587646484,104.72476959228516,1.9210662841796875,106.30827331542969,106.1663818359375,0.1418914794921875,0.24142488837242126,0.24651625752449036,0.005091369152069092,0.10145819187164307,0.14479440450668335,0.04333621263504028,0.10838949680328369,0.12482041120529175,0.016430914402008057,0.592971920967102,0.5924913287162781,0.0004805922508239746,0.1522151529788971,0.1522151529788971,114.9186862707138
crack0096_00.png,-0.45683174133300786,122.58136749267578,121.88594055175781,0.6954269409179688,103.79448699951172,103.83068084716797,-0.03619384765625,0.24459609389305115,0.243345707654953,-0.0012503862380981445,0.1355690360069275,0.10879480838775635,-0.026774227619171143,0.22234541177749634,0.2068069577217102,-0.015538454055786133,0.5829796195030212,0.5821491479873657,0.0008304715156555176,0.11308235675096512,0.11308235675096512,130.95209634304047
crack0096_01.png,1.5553313732147216,122.22582244873047,120.12610626220703,2.0997161865234375,103.72947692871094,103.75173950195312,-0.0222625732421875,0.19393323361873627,0.20690423250198364,0.012970998883247375,0.32767289876937866,0.2845030426979065,-0.04316985607147217,0.28511834144592285,0.30740630626678467,0.022287964820861816,0.588204562664032,0.5843636989593506,0.0038408637046813965,0.12043416500091553,0.12043416500091553,133.06815284490585
crack0096_02.png,2.317316150665283,138.36154174804688,135.1489715576172,3.2125701904296875,107.63778686523438,106.96328735351562,0.67449951171875,0.21098002791404724,0.22119662165641785,0.010216593742370605,0.23739075660705566,0.18420571088790894,-0.05318504571914673,0.17238259315490723,0.16452383995056152,-0.007858753204345703,0.5918146967887878,0.5881891846656799,0.00362551212310791,0.10235264897346497,0.10235264897346497,147.7690428495407
crack0096_03.png,5.422222042083741,108.2183837890625,104.4193115234375,3.799072265625,104.080810546875,104.18867492675781,-0.1078643798828125,0.24838155508041382,0.2565009295940399,0.008119374513626099,0.1233675479888916,0.1481364369392395,0.0247688889503479,0.1402251124382019,0.1982998251914978,0.0580747127532959,0.5816532373428345,0.5810034871101379,0.0006497502326965332,0.1398462951183319,0.1398462951183319,114.68208384513855
crack0096_04.png,3.0851782321929933,124.26941680908203,121.08939361572266,3.180023193359375,101.71470642089844,101.38272857666016,0.33197784423828125,0.2173917144536972,0.22442972660064697,0.007038012146949768,0.38936859369277954,0.3697400689125061,-0.019628524780273438,0.37352263927459717,0.3669896721839905,-0.0065329670906066895,0.5854325294494629,0.5855709314346313,-0.00013840198516845703,0.11757313460111618,0.11757313460111618,133.05873960256577
crack0096_05.png,1.4610487937927248,119.16976928710938,116.12397766113281,3.0457916259765625,103.38927459716797,102.71002197265625,0.6792526245117188,0.21615064144134521,0.21729916334152222,0.001148521900177002,0.15424925088882446,0.10110437870025635,-0.053144872188568115,0.14677608013153076,0.11374443769454956,-0.0330316424369812,0.5876739621162415,0.5832372307777405,0.0044367313385009766,0.12099703401327133,0.12099703401327133,128.18479347229004
crack0096_06.png,2.5269633293151856,110.45162200927734,108.06090545654297,2.390716552734375,99.20286560058594,99.38278198242188,-0.1799163818359375,0.22465044260025024,0.21950805187225342,-0.005142390727996826,0.0802798867225647,0.09518176317214966,0.014901876449584961,0.2436627745628357,0.24575573205947876,0.0020929574966430664,0.5820876359939575,0.5814993977546692,0.0005882382392883301,0.11445441842079163,0.11445441842079163,119.36928606033325
crack0096_07.png,2.685018014907837,101.10498046875,98.38675689697266,2.7182235717773438,99.67378234863281,99.77936553955078,-0.10558319091796875,0.24336718022823334,0.2435915172100067,0.00022433698177337646,0.0,0.0,0.0,0.06955504417419434,0.10096240043640137,0.03140735626220703,0.579365611076355,0.5795885920524597,-0.00022298097610473633,0.12113125622272491,0.12113125622272491,108.32738155126572
crack0096_08.png,2.317568874359131,117.21737670898438,114.85954284667969,2.3578338623046875,100.82041931152344,100.38105773925781,0.439361572265625,0.22161275148391724,0.2304387390613556,0.008825987577438354,0.07475292682647705,0.05067801475524902,-0.024074912071228027,0.17609137296676636,0.18970400094985962,0.013612627983093262,0.5839254260063171,0.582902729511261,0.0010226964950561523,0.10704079270362854,0.10704079270362854,126.09871172904968
crack0096_09.png,2.912808132171631,145.08753967285156,142.67031860351562,2.4172210693359375,105.33723449707031,104.81137084960938,0.5258636474609375,0.2003016322851181,0.20680297911167145,0.006501346826553345,0.2695311903953552,0.26075679063796997,-0.008774399757385254,0.26423341035842896,0.26640743017196655,0.0021740198135375977,0.5926797389984131,0.5897769927978516,0.0029027462005615234,0.11072103679180145,0.11072103679180145,155.56802076101303
crack0097_00.png,0.5619518280029296,96.02397155761719,96.76598358154297,-0.7420120239257812,110.60765838623047,109.85264587402344,0.7550125122070312,0.23520933091640472,0.24649004638195038,0.011280715465545654,0.0,0.0,0.0,0.0,0.0,0.0,0.57591313123703,0.5734255909919739,0.0024875402450561523,0.12712401151657104,0.12712401151657104,105.318942964077
crack0097_01.png,-0.9251763343811035,103.32404327392578,103.70238494873047,-0.3783416748046875,114.49618530273438,114.18251037597656,0.3136749267578125,0.28318488597869873,0.27295488119125366,-0.010230004787445068,0.0,0.0,0.0,0.009543359279632568,0.031313419342041016,0.021770060062408447,0.5886543393135071,0.5850019454956055,0.0036523938179016113,0.15482956171035767,0.15482956171035767,110.68209481239319
crack0097_02.png,0.25897474288940425,113.00174713134766,113.19248962402344,-0.19074249267578125,124.72911834716797,125.18775177001953,-0.4586334228515625,0.3444989025592804,0.34964343905448914,0.00514453649520874,0.0,0.0,0.0,0.16986167430877686,0.16121554374694824,-0.008646130561828613,0.5923798680305481,0.5868396759033203,0.005540192127227783,0.1635495126247406,0.1635495126247406,116.12237894535065
crack0097_03.png,2.1310803413391115,96.40097045898438,94.65274047851562,1.74822998046875,109.11454010009766,108.96110534667969,0.15343475341796875,0.26281458139419556,0.2643628418445587,0.0015482604503631592,0.0,0.0,0.0,0.017832934856414795,0.020397543907165527,0.0025646090507507324,0.595209538936615,0.590269148349762,0.004940390586853027,0.13589462637901306,0.13589462637901306,103.56636214256287
crack0097_04.png,-0.2234844207763671,107.75420379638672,107.5020751953125,0.25212860107421875,118.07547760009766,117.38350677490234,0.6919708251953125,0.28236153721809387,0.261565238237381,-0.02079629898071289,0.0,0.021613776683807373,0.021613776683807373,0.09056729078292847,0.13490456342697144,0.04433727264404297,0.5895540118217468,0.5883852243423462,0.0011687874794006348,0.14853793382644653,0.14853793382644653,115.51638567447662
crack0097_05.png,3.2873733043670654,101.64517211914062,100.66659545898438,0.97857666015625,113.94705963134766,113.00311279296875,0.9439468383789062,0.24233926832675934,0.2573734223842621,0.015034154057502747,0.057703256607055664,0.07500803470611572,0.01730477809906006,0.09922987222671509,0.10697978734970093,0.00774991512298584,0.5850250124931335,0.5841176509857178,0.0009073615074157715,0.14144274592399597,0.14144274592399597,110.01652818918228
crack0097_06.png,3.148872470855713,91.08644104003906,88.53845977783203,2.5479812622070312,118.77064514160156,118.66712951660156,0.103515625,0.23845353722572327,0.24436673521995544,0.005913197994232178,0.0,0.0,0.0,0.0,0.0,0.0,0.5914571285247803,0.5892964005470276,0.0021607279777526855,0.13290773332118988,0.13290773332118988,99.16352331638336
crack0097_07.png,2.3844953536987306,105.97367095947266,104.3772201538086,1.5964508056640625,112.19152069091797,111.82051849365234,0.371002197265625,0.2504165768623352,0.25496920943260193,0.004552632570266724,0.0,0.0,0.0,0.07625633478164673,0.08486723899841309,0.008610904216766357,0.5975432395935059,0.5906574130058289,0.006885826587677002,0.13762378692626953,0.13762378692626953,114.05218052864075
crack0097_08.png,1.6009385108947756,99.80504608154297,98.15263366699219,1.6524124145507812,109.38956451416016,107.36299896240234,2.0265655517578125,0.2990313768386841,0.2880917191505432,-0.01093965768814087,0.0,0.0,0.0,0.0,0.0,0.0,0.5829949975013733,0.5826681852340698,0.0003268122673034668,0.12692129611968994,0.12692129611968994,105.01313662528992
crack0097_09.png,1.3016371726989746,105.9725112915039,104.73628997802734,1.2362213134765625,117.31753540039062,118.14128112792969,-0.8237457275390625,0.2381308525800705,0.24010689556598663,0.0019760429859161377,0.0,0.0,0.0,0.08951282501220703,0.07077568769454956,-0.01873713731765747,0.5918415784835815,0.5859208106994629,0.005920767784118652,0.12709400057792664,0.12709400057792664,114.74021261930466
crack0098_00.png,2.0797375202178956,143.1886749267578,141.37843322753906,1.81024169921875,105.84981536865234,105.09806823730469,0.7517471313476562,0.18803241848945618,0.18499340116977692,-0.0030390173196792603,0.0,0.0,0.0,0.0,0.0,0.0,0.5893925428390503,0.5840945839881897,0.005297958850860596,0.09794633090496063,0.09794633090496063,154.75965172052383
crack0098_01.png,3.661525583267212,153.66073608398438,150.88662719726562,2.77410888671875,109.7710189819336,109.45159149169922,0.319427490234375,0.16219133138656616,0.16800947487354279,0.0058181434869766235,0.0,0.0,0.0,0.0,0.0,0.0,0.5839369297027588,0.5765820741653442,0.007354855537414551,0.0889417752623558,0.0889417752623558,165.89967894554138
crack0098_02.png,-0.2266022682189941,135.88291931152344,135.67172241210938,0.2111968994140625,110.5212631225586,109.91053771972656,0.6107254028320312,0.1783568263053894,0.1685985028743744,-0.009758323431015015,0.0,0.0,0.0,0.0,0.0,0.0,0.5915340185165405,0.5890696048736572,0.0024644136428833008,0.09667426347732544,0.09667426347732544,149.32277143001556
crack0098_03.png,3.919153022766113,150.6564178466797,149.15841674804688,1.4980010986328125,107.89912414550781,107.72937774658203,0.16974639892578125,0.18335182964801788,0.21079711616039276,0.027445286512374878,0.0,0.0,0.0,0.0,0.0,0.0,0.5869934558868408,0.5830526947975159,0.003940761089324951,0.09566058218479156,0.09566058218479156,162.38604575395584
crack0098_04.png,3.7461091041564942,139.70362854003906,136.7083740234375,2.9952545166015625,106.40795135498047,106.4822769165039,-0.0743255615234375,0.198890820145607,0.20747743546962738,0.008586615324020386,0.0,0.0,0.0,0.0,0.0,0.0,0.5818492770195007,0.5795078873634338,0.0023413896560668945,0.09055259823799133,0.09055259823799133,149.5465231537819
crack0098_05.png,2.1781004428863526,120.83501434326172,118.99221801757812,1.8427963256835938,104.58557891845703,104.6900405883789,-0.104461669921875,0.21277080476284027,0.21767473220825195,0.004903927445411682,0.0,0.0,0.0,0.0,0.0,0.0,0.5821914672851562,0.5825721025466919,-0.00038063526153564453,0.0969662219285965,0.0969662219285965,130.45025199651718
crack0098_06.png,0.3707548141479492,128.09107971191406,128.1479034423828,-0.05682373046875,111.53826904296875,111.6777114868164,-0.13944244384765625,0.18845108151435852,0.19069641828536987,0.0022453367710113525,0.0,0.0,0.0,0.0,0.0,0.0,0.5866320729255676,0.5790388584136963,0.007593214511871338,0.09429655969142914,0.09429655969142914,140.27770960330963
crack0098_07.png,2.072457504272461,131.4527130126953,130.81564331054688,0.6370697021484375,109.21261596679688,108.91181945800781,0.3007965087890625,0.19118748605251312,0.20577655732631683,0.014589071273803711,0.0,0.0,0.0,0.0,0.0,0.0,0.5806843638420105,0.576985776424408,0.003698587417602539,0.0941099226474762,0.0941099226474762,142.89030355215073
crack0098_08.png,-0.19841923713684084,142.5844268798828,142.72015380859375,-0.1357269287109375,109.78218841552734,110.46598815917969,-0.6837997436523438,0.18953536450862885,0.1902599036693573,0.0007245391607284546,0.0,0.0,0.0,0.0,0.0,0.0,0.5891887545585632,0.5853671431541443,0.0038216114044189453,0.0906386524438858,0.0906386524438858,154.84771865606308
crack0098_09.png,3.389611291885376,120.49815368652344,118.15115356445312,2.3470001220703125,108.23453521728516,107.87199401855469,0.36254119873046875,0.17296788096427917,0.18174834549427032,0.00878046452999115,0.0,0.0,0.0,0.0,0.0,0.0,0.5890619158744812,0.5841829776763916,0.0048789381980896,0.10516753047704697,0.10516753047704697,132.50905740261078
crack0099_00.png,4.468512773513794,126.33641815185547,123.2061996459961,3.130218505859375,110.14990997314453,110.19160461425781,-0.04169464111328125,0.24900387227535248,0.2628595232963562,0.013855651021003723,0.0,0.0,0.0,0.0014053583145141602,0.0,-0.0014053583145141602,0.5866128206253052,0.5804498195648193,0.00616300106048584,0.12378783524036407,0.12378783524036407,133.29558938741684
crack0099_01.png,-1.8574674606323243,141.96473693847656,141.1558074951172,0.808929443359375,110.04499816894531,110.12769317626953,-0.08269500732421875,0.3425033986568451,0.3313928246498108,-0.011110574007034302,0.20572328567504883,0.16065818071365356,-0.045065104961395264,0.2728724479675293,0.23964464664459229,-0.03322780132293701,0.5824759602546692,0.5810226798057556,0.0014532804489135742,0.14137254655361176,0.14137254655361176,144.975741147995
crack0099_02.png,0.7666346549987795,126.85889434814453,126.09236907958984,0.7665252685546875,113.30862426757812,112.04789733886719,1.2607269287109375,0.43497055768966675,0.4297890067100525,-0.005181550979614258,0.0,0.0,0.0,0.07796603441238403,0.09936290979385376,0.021396875381469727,0.5835601687431335,0.5858016014099121,-0.0022414326667785645,0.14018823206424713,0.14018823206424713,124.12035536766052
crack0099_03.png,2.551011848449707,131.60400390625,129.360595703125,2.243408203125,107.41755676269531,106.28787994384766,1.1296768188476562,0.35459402203559875,0.3632555902004242,0.00866156816482544,0.2778802514076233,0.25480127334594727,-0.023078978061676025,0.2618733048439026,0.2512460947036743,-0.010627210140228271,0.58053058385849,0.5783814191818237,0.0021491646766662598,0.11757619678974152,0.11757619678974152,132.42788183689117
crack0099_04.png,3.8172597885131836,122.89834594726562,121.1627197265625,1.735626220703125,109.75212097167969,110.20431518554688,-0.4521942138671875,0.3750641942024231,0.39057788252830505,0.015513688325881958,0.1640496850013733,0.18838554620742798,0.024335861206054688,0.16427791118621826,0.19761335849761963,0.03333544731140137,0.5834986567497253,0.5822991132736206,0.0011995434761047363,0.12485808879137039,0.12485808879137039,122.86662745475769
crack0099_05.png,2.7857508659362793,135.29574584960938,133.21839904785156,2.0773468017578125,108.17720031738281,108.16678619384766,0.01041412353515625,0.31197845935821533,0.3185475766658783,0.006569117307662964,0.2332017421722412,0.23387861251831055,0.0006768703460693359,0.18443948030471802,0.1823338270187378,-0.0021056532859802246,0.5791349411010742,0.5753440856933594,0.0037908554077148438,0.13598906993865967,0.13598906993865967,138.70376253128052
crack0099_06.png,2.457845401763916,126.340087890625,125.28380584716797,1.0562820434570312,110.4615478515625,109.74266052246094,0.7188873291015625,0.279164582490921,0.29051950573921204,0.011354923248291016,0.0,0.0,0.0,0.0,0.0,0.0,0.5844290852546692,0.5792887210845947,0.005140364170074463,0.1218300461769104,0.1218300461769104,132.439235329628
crack0099_07.png,3.4794036865234377,123.47268676757812,120.8988037109375,2.573883056640625,114.00093078613281,112.59410095214844,1.406829833984375,0.28869307041168213,0.2935161888599396,0.004823118448257446,0.0,0.0,0.0,0.0,0.03749191761016846,0.03749191761016846,0.5805844068527222,0.5816609263420105,-0.00107651948928833,0.12916797399520874,0.12916797399520874,128.1305980682373
crack0099_08.png,3.243317127227783,134.1038055419922,133.33058166503906,0.773223876953125,111.15031433105469,110.43494415283203,0.7153701782226562,0.3195100724697113,0.3285483717918396,0.009038299322128296,0.2698650360107422,0.30111217498779297,0.03124713897705078,0.25619155168533325,0.2535175681114197,-0.0026739835739135742,0.5883275866508484,0.5830526947975159,0.0052748918533325195,0.11854355037212372,0.11854355037212372,138.07969272136688
crack0099_09.png,2.5856268882751463,135.78099060058594,134.27359008789062,1.5074005126953125,103.51097106933594,102.81029510498047,0.7006759643554688,0.34634774923324585,0.35125645995140076,0.004908710718154907,0.2898123860359192,0.29988235235214233,0.010069966316223145,0.13373583555221558,0.16357403993606567,0.029838204383850098,0.5797654986381531,0.5797039866447449,6.151199340820312e-05,0.09671176970005035,0.09671176970005035,137.43704533576965
crack0100_00.png,2.60211238861084,92.42461395263672,91.99832153320312,0.42629241943359375,104.43977355957031,103.40699768066406,1.03277587890625,0.24029088020324707,0.25472885370254517,0.014437973499298096,0.5070873498916626,0.5190034508705139,0.011916100978851318,0.4739699363708496,0.4834241271018982,0.009454190731048584,0.5793464183807373,0.5760707259178162,0.0032756924629211426,0.15483541786670685,0.15483541786670685,100.96787166595459
crack0100_01.png,2.47989935874939,94.24480438232422,94.30595397949219,-0.06114959716796875,103.66329956054688,103.77044677734375,-0.107147216796875,0.21835657954216003,0.24398376047611237,0.02562718093395233,0.2660320997238159,0.2769109606742859,0.01087886095046997,0.29789024591445923,0.31857824325561523,0.020687997341156006,0.5837101340293884,0.5812456607818604,0.002464473247528076,0.15527501702308655,0.15527501702308655,104.52238976955414
crack0100_02.png,1.7965550422668457,92.82579040527344,92.16332244873047,0.6624679565429688,102.3871078491211,101.85690307617188,0.5302047729492188,0.3014030158519745,0.2976343035697937,-0.003768712282180786,0.3632834553718567,0.39307135343551636,0.029787898063659668,0.4221317768096924,0.4416309595108032,0.01949918270111084,0.5792041420936584,0.5784044861793518,0.0007996559143066406,0.15927311778068542,0.15927311778068542,97.80466389656067
crack0100_03.png,2.210573196411133,95.37018585205078,94.6639404296875,0.7062454223632812,109.595703125,108.55268859863281,1.0430145263671875,0.2970312237739563,0.2996995151042938,0.0026682913303375244,0.2570769786834717,0.2796373963356018,0.022560417652130127,0.33411532640457153,0.35431402921676636,0.020198702812194824,0.5799731016159058,0.5806920528411865,-0.0007189512252807617,0.2163465917110443,0.2163465917110443,100.42287182807922
crack0100_04.png,3.0693400382995604,99.14781951904297,99.1045150756836,0.043304443359375,112.69120788574219,111.91877746582031,0.772430419921875,0.2089347392320633,0.2201874703168869,0.011252731084823608,0.278139591217041,0.3237183690071106,0.04557877779006958,0.37035059928894043,0.4001125693321228,0.029761970043182373,0.5784698128700256,0.5786274671554565,-0.0001576542854309082,0.15046752989292145,0.15046752989292145,109.73518162965775
crack0100_05.png,0.6549822807312011,77.4036865234375,77.88304901123047,-0.47936248779296875,101.28282165527344,101.09356689453125,0.1892547607421875,0.2939078211784363,0.2907315492630005,-0.003176271915435791,0.3533134460449219,0.38147997856140137,0.028166532516479492,0.40178459882736206,0.4296068549156189,0.027822256088256836,0.5831218957901001,0.5784698128700256,0.004652082920074463,0.16130411624908447,0.16130411624908447,83.52435064315796
crack0100_06.png,-0.8654868125915527,105.49442291259766,105.51348114013672,-0.0190582275390625,106.9955825805664,106.77830505371094,0.21727752685546875,0.36867403984069824,0.3527244031429291,-0.015949636697769165,0.3452889323234558,0.35401618480682373,0.00872725248336792,0.39172834157943726,0.38957250118255615,-0.0021558403968811035,0.5818954110145569,0.5820568799972534,-0.0001614689826965332,0.2426871359348297,0.2426871359348297,107.62276303768158
crack0100_07.png,3.391639232635498,95.54682159423828,94.39774322509766,1.149078369140625,112.38909912109375,110.89305114746094,1.4960479736328125,0.22558808326721191,0.2342408001422882,0.008652716875076294,0.32078713178634644,0.34089434146881104,0.0201072096824646,0.3255128264427185,0.35150671005249023,0.02599388360977173,0.5970434546470642,0.5933525562286377,0.0036908984184265137,0.22981372475624084,0.22981372475624084,105.31873559951782
crack0100_08.png,0.8726748943328857,87.19678497314453,86.82743835449219,0.36934661865234375,101.28446197509766,100.83294677734375,0.45151519775390625,0.23999999463558197,0.2529604136943817,0.012960419058799744,0.39472436904907227,0.3725232481956482,-0.022201120853424072,0.4448118209838867,0.44185179471969604,-0.002960026264190674,0.5859092473983765,0.5815609097480774,0.004348337650299072,0.15893781185150146,0.15893781185150146,96.0484818816185
crack0100_09.png,3.999923086166382,159.98809814453125,157.72459411621094,2.2635040283203125,167.65467834472656,164.00250244140625,3.6521759033203125,0.2498418241739273,0.2484428882598877,-0.0013989359140396118,0.4059560298919678,0.4099448323249817,0.003988802433013916,0.3830249309539795,0.394247829914093,0.011222898960113525,0.5953056216239929,0.589607834815979,0.005697786808013916,0.22592784464359283,0.22592784464359283,167.76199769973755
